team,signal_date,season,z_oos,z_bucket,regime,rolling_spread,mu,sigma_eq,match_date,home_team,away_team,venue,home_goals,away_goals,result,days_gap,home_odds,draw_odds,away_odds,ah_line,ah_home_odds,ah_away_odds,over_odds,under_odds,margin_1x2,margin_ah,odds_1x2,won_1x2,odds_ou,won_ou,odds_ah,pnl_mult_ah,gross_pnl_1x2,gross_pnl_ou,gross_pnl_ah
Arsenal,2017-09-25 20:00:00,2017,1.732005016722408,Strong Long,Normal,0.6387912,-0.1898,0.4784,2017-10-01,Arsenal,Brighton,home,2,0,H,5,1.2,6.5,13.0,-1.75,1.94,1.93,1.55,2.43,0.0641,0.0336,1.2,True,1.55,False,1.94,1.0,0.19999999999999996,-1.0,0.94
Arsenal,2017-12-02 17:30:00,2017,1.6735647993311036,Strong Long,Normal,0.6108334,-0.1898,0.4784,2017-12-10,Southampton,Arsenal,away,1,1,D,7,4.0,3.75,1.95,0.25,2.19,1.71,1.8,2.02,0.0295,0.0414,1.95,False,1.8,False,1.71,-1.0,-1.0,-1.0,-1.0
Arsenal,2017-12-10 12:00:00,2017,1.785581939799331,Strong Long,Normal,0.6644224,-0.1898,0.4784,2017-12-13,West Ham,Arsenal,away,0,0,D,2,5.25,4.2,1.66,0.75,2.07,1.79,1.66,2.21,0.031,0.0418,1.66,False,1.66,False,1.79,-1.0,-1.0,-1.0,-1.0
Arsenal,2017-12-13 20:00:00,2017,2.1114180602006685,Strong Long,Normal,0.8203023999999999,-0.1898,0.4784,2017-12-16,Arsenal,Newcastle United,home,1,0,H,2,1.25,6.5,14.0,-1.75,1.9,1.96,1.46,2.71,0.0253,0.0365,1.25,True,1.46,False,1.9,-1.0,0.25,-1.0,-1.0
Arsenal,2017-12-16 15:00:00,2017,2.225498327759197,Strong Long,Normal,0.8748783999999998,-0.1898,0.4784,2017-12-22,Arsenal,Liverpool,home,3,3,D,5,2.54,3.6,2.79,-0.25,2.13,1.76,1.5,2.57,0.0299,0.0377,2.54,False,1.5,True,2.13,-1.0,-1.0,0.5,-1.0
Arsenal,2017-12-22 19:45:00,2017,1.6620158862876253,Strong Long,Normal,0.6053084,-0.1898,0.4784,2017-12-28,Crystal Palace,Arsenal,away,2,3,A,5,4.5,4.0,1.8,0.75,1.88,1.99,1.62,2.29,0.0278,0.0344,1.8,True,1.62,True,1.99,1.0,0.8,0.6200000000000001,0.99
Arsenal,2018-05-06 16:30:00,2017,-1.8386534280936453,Strong Short,Break,-1.0694118,-0.1898,0.4784,2018-05-09,Leicester,Arsenal,away,3,1,H,2,3.75,3.79,2.0,0.25,2.17,1.72,1.54,2.45,0.0305,0.0422,3.75,True,2.45,False,2.17,1.0,2.75,-1.0,1.17
Arsenal,2018-09-23 15:00:00,2018,-1.588209907640638,Strong Short,Break,-0.9023232,-0.1457,0.4764,2018-09-29,Arsenal,Watford,home,2,0,H,5,1.44,5.1,7.0,-1.0,1.75,2.13,1.44,2.73,0.0334,0.0409,7.0,False,2.73,True,2.13,-1.0,-1.0,1.73,-1.0
Arsenal,2018-09-29 14:00:00,2018,-1.9607413937867344,Strong Short,Break,-1.0797972000000002,-0.1457,0.4764,2018-10-07,Fulham,Arsenal,away,1,5,A,7,5.25,4.33,1.66,1.0,1.8,2.07,1.42,2.8,0.0238,0.0386,5.25,False,2.8,False,1.8,-1.0,-1.0,-1.0,-1.0
Arsenal,2018-10-07 11:00:00,2018,-3.072471032745592,Strong Short,Break,-1.6094252,-0.1457,0.4764,2018-10-22,Arsenal,Leicester,home,3,1,H,14,1.53,4.5,6.5,-1.0,1.85,2.01,1.47,2.62,0.0297,0.0381,6.5,False,2.62,False,2.01,-1.0,-1.0,-1.0,-1.0
Arsenal,2018-10-22 19:00:00,2018,-2.4400948782535687,Strong Short,Break,-1.3081612,-0.1457,0.4764,2018-10-28,Crystal Palace,Arsenal,away,2,2,D,5,4.75,4.1,1.75,1.0,1.64,2.32,1.6,2.33,0.0259,0.0408,4.75,False,2.33,False,1.64,1.0,-1.0,-1.0,0.6399999999999999
Arsenal,2018-10-28 12:30:00,2018,-2.465037363560034,Strong Short,Break,-1.3200438,-0.1457,0.4764,2018-11-03,Arsenal,Liverpool,home,1,1,D,5,3.9,3.9,1.95,0.25,2.2,1.71,1.53,2.52,0.0256,0.0393,1.95,False,2.52,True,1.71,-1.0,-1.0,1.52,-1.0
Arsenal,2018-11-03 17:30:00,2018,-1.7544303106633083,Strong Short,Break,-0.9815106,-0.1457,0.4764,2018-11-11,Arsenal,Wolverhampton Wanderers,home,1,1,D,7,1.66,4.2,5.25,-1.0,2.12,1.76,1.62,2.28,0.031,0.0399,5.25,False,2.28,True,1.76,1.0,-1.0,1.2799999999999998,0.76
Arsenal,2018-11-11 16:30:00,2018,-1.588505457598657,Strong Short,Break,-0.9024640000000002,-0.1457,0.4764,2018-11-25,Bournemouth,Arsenal,away,1,2,A,13,3.5,3.75,1.95,0.25,2.1,1.78,1.49,2.59,0.0652,0.038,3.5,False,2.59,False,2.1,-1.0,-1.0,-1.0,-1.0
Arsenal,2020-11-22 16:30:00,2020,1.9573199285075955,Strong Long,Normal,0.7353963999999998,-0.1407,0.4476,2020-11-29,Arsenal,Wolverhampton Wanderers,home,1,2,A,6,2.05,3.4,3.75,-0.25,1.81,2.05,2.31,1.62,0.0486,0.0403,2.05,False,2.31,True,1.81,-1.0,-1.0,1.31,-1.0
Arsenal,2020-11-29 19:15:00,2020,1.6356836461126,Strong Long,Normal,0.5914319999999998,-0.1407,0.4476,2020-12-06,Tottenham,Arsenal,away,2,0,H,6,1.95,3.6,3.8,-0.5,2.0,1.86,1.92,1.9,0.0538,0.0376,3.8,False,1.92,False,1.86,-1.0,-1.0,-1.0,-1.0
Arsenal,2020-12-06 16:30:00,2020,1.5712403932082213,Strong Long,Normal,0.5625871999999998,-0.1407,0.4476,2020-12-13,Arsenal,Burnley,home,0,1,A,6,1.53,4.2,6.25,-1.0,1.92,1.94,1.9,1.92,0.0517,0.0363,1.53,False,1.9,False,1.92,-1.0,-1.0,-1.0,-1.0
Arsenal,2020-12-13 19:15:00,2020,2.400350312779267,Strong Long,Normal,0.9336968,-0.1407,0.4476,2020-12-16,Arsenal,Southampton,home,1,1,D,2,2.25,3.5,3.1,-0.25,1.94,1.93,1.8,2.03,0.0527,0.0336,2.25,False,1.8,False,1.94,-1.0,-1.0,-1.0,-1.0
Arsenal,2020-12-16 18:00:00,2020,1.6276805183199283,Strong Long,Normal,0.5878497999999999,-0.1407,0.4476,2020-12-19,Everton,Arsenal,away,2,1,H,2,2.45,3.5,2.8,-0.25,2.08,1.8,1.84,1.98,0.051,0.0363,2.8,False,1.84,True,1.8,-1.0,-1.0,0.8400000000000001,-1.0
Arsenal,2021-09-18 14:00:00,2021,1.9076644235082996,Strong Long,Normal,0.7110367999999998,-0.1394,0.4458,2021-09-26,Arsenal,Tottenham,home,3,1,H,7,2.15,3.3,3.5,-0.25,1.95,1.94,2.07,1.79,0.0539,0.0283,2.15,True,2.07,True,1.95,1.0,1.15,1.0699999999999998,0.95
Arsenal,2022-04-09 14:00:00,2021,2.1160408254822785,Strong Long,Normal,0.8039309999999997,-0.1394,0.4458,2022-04-16,Southampton,Arsenal,away,1,0,H,6,3.8,3.6,1.95,0.5,1.92,1.96,1.88,1.95,0.0538,0.031,1.95,False,1.88,False,1.96,-1.0,-1.0,-1.0,-1.0
Arsenal,2022-04-16 14:00:00,2021,2.301491700314042,Strong Long,Normal,0.8866049999999998,-0.1394,0.4458,2022-04-20,Chelsea,Arsenal,away,2,4,A,3,1.83,3.6,4.33,-0.5,1.87,2.02,2.04,1.8,0.0552,0.0298,4.33,True,2.04,True,2.02,1.0,3.33,1.04,1.02
Arsenal,2023-03-19 14:00:00,2022,-1.9197601319509896,Strong Short,Break,-0.9133462,-0.0986,0.4244,2023-04-01,Arsenal,Leeds,home,4,1,H,12,1.29,6.0,9.0,-1.5,1.83,2.04,1.53,2.51,0.053,0.0366,9.0,False,2.51,False,2.04,-1.0,-1.0,-1.0,-1.0
Arsenal,2023-04-01 14:00:00,2022,-2.120786993402451,Strong Short,Break,-0.9986620000000002,-0.0986,0.4244,2023-04-09,Liverpool,Arsenal,away,2,2,D,7,2.88,3.6,2.38,0.25,1.79,2.08,1.64,2.28,0.0452,0.0394,2.88,False,2.28,False,1.79,1.0,-1.0,-1.0,0.79
Arsenal,2023-04-09 15:30:00,2022,-1.900655042412818,Strong Short,Break,-0.905238,-0.0986,0.4244,2023-04-16,West Ham,Arsenal,away,2,2,D,6,6.0,4.2,1.55,1.0,1.89,1.97,1.8,2.04,0.0499,0.0367,6.0,False,2.04,False,1.89,1.0,-1.0,-1.0,0.8899999999999999
Arsenal,2023-12-17 14:00:00,2023,1.8404664582832404,Strong Long,Normal,0.6410499999999997,-0.1244,0.4159,2023-12-23,Liverpool,Arsenal,away,1,1,D,5,2.38,3.6,2.8,-0.25,2.08,1.79,1.69,2.2,0.0551,0.0394,2.8,False,1.69,False,1.79,1.0,-1.0,-1.0,0.79
Arsenal,2023-12-28 20:15:00,2023,2.0854344794421733,Strong Long,Normal,0.7429321999999998,-0.1244,0.4159,2023-12-31,Fulham,Arsenal,away,2,1,H,2,5.25,4.5,1.55,1.0,1.9,1.97,1.76,2.1,0.0579,0.0339,1.55,False,1.76,True,1.97,-1.0,-1.0,0.76,-1.0
Arsenal,2024-01-20 12:30:00,2023,1.5448958884347197,Strong Long,Normal,0.5181221999999999,-0.1244,0.4159,2024-01-30,Nottingham Forest,Arsenal,away,1,2,A,9,7.5,5.0,1.4,1.25,2.02,1.85,1.65,2.29,0.0476,0.0356,1.4,True,1.65,True,1.85,-1.0,0.3999999999999999,0.6499999999999999,-1.0
Arsenal,2024-02-17 15:00:00,2023,-3.081327242125511,Strong Short,Break,-1.4059240000000002,-0.1244,0.4159,2024-02-24,Arsenal,Newcastle United,home,4,1,H,6,1.36,5.25,8.0,-1.5,2.04,1.84,1.48,2.67,0.0508,0.0337,8.0,False,2.67,False,1.84,-1.0,-1.0,-1.0,-1.0
Arsenal,2024-02-24 20:00:00,2023,-3.046852608800193,Strong Short,Break,-1.3915860000000002,-0.1244,0.4159,2024-03-04,Sheffield United,Arsenal,away,0,6,A,8,17.0,7.0,1.18,2.0,2.04,1.83,1.42,2.85,0.0491,0.0366,17.0,False,2.85,False,2.04,-1.0,-1.0,-1.0,-1.0
Arsenal,2024-03-04 20:00:00,2023,-4.450310170714115,Strong Short,Break,-1.9752840000000005,-0.1244,0.4159,2024-03-09,Arsenal,Brentford,home,2,1,H,4,1.22,7.0,11.0,-1.75,1.85,2.02,1.44,2.78,0.0534,0.0356,11.0,False,2.78,False,2.02,1.0,-1.0,-1.0,1.02
Arsenal,2024-03-31 16:30:00,2023,-3.366606395768214,Strong Short,Break,-1.5245716000000002,-0.1244,0.4159,2024-04-03,Arsenal,Luton,home,2,0,H,2,1.1,10.0,19.0,-2.5,1.84,2.02,1.26,3.86,0.0617,0.0385,19.0,False,3.86,True,2.02,0.5,-1.0,2.86,0.51
Arsenal,2024-04-03 18:30:00,2023,-2.434608319307527,Strong Short,Break,-1.1369536000000005,-0.1244,0.4159,2024-04-06,Brighton,Arsenal,away,0,3,A,2,5.0,4.33,1.62,1.0,1.81,2.06,1.63,2.32,0.0482,0.0379,5.0,False,2.32,False,1.81,-1.0,-1.0,-1.0,-1.0
Aston Villa,2019-08-10 17:30:00,2019,-1.7037644768856446,Strong Short,Normal,-0.42854832,-0.0084,0.2466,2019-08-17,Aston Villa,Bournemouth,home,1,2,A,6,2.3,3.4,3.1,-0.25,2.01,1.88,1.81,2.03,0.0515,0.0294,3.1,True,2.03,False,1.88,1.0,2.1,-1.0,0.8799999999999999
Aston Villa,2019-11-25 20:00:00,2019,1.5429075425790757,Strong Long,Break,0.372081,-0.0084,0.2466,2019-12-01,Manchester United,Aston Villa,away,2,2,D,5,1.45,4.5,7.0,-1.0,1.81,2.08,1.69,2.18,0.0547,0.0333,7.0,False,1.69,True,2.08,1.0,-1.0,0.69,1.08
Aston Villa,2020-06-17 17:00:00,2019,1.8801686942416869,Strong Long,Break,0.4552496,-0.0084,0.2466,2020-06-21,Aston Villa,Chelsea,home,1,2,A,3,6.0,4.5,1.5,1.0,2.03,1.85,1.59,2.38,0.0556,0.0332,6.0,False,1.59,True,2.03,0.0,-1.0,0.5900000000000001,0.0
Aston Villa,2020-06-21 15:15:00,2019,2.01210705596107,Strong Long,Break,0.4877855999999999,-0.0084,0.2466,2020-06-24,Newcastle United,Aston Villa,away,1,1,D,2,2.3,3.3,3.2,-0.25,2.01,1.87,2.09,1.76,0.0503,0.0323,3.2,False,2.09,False,1.87,1.0,-1.0,-1.0,0.8700000000000001
Aston Villa,2020-06-24 17:00:00,2019,2.431182481751825,Strong Long,Break,0.5911296,-0.0084,0.2466,2020-06-27,Aston Villa,Wolverhampton Wanderers,home,0,1,A,2,4.6,3.7,1.75,0.75,1.85,2.01,2.08,1.76,0.0591,0.0381,4.6,False,2.08,False,1.85,-1.0,-1.0,-1.0,-1.0
Aston Villa,2020-06-27 11:30:00,2019,2.375276561232765,Strong Long,Break,0.5773432,-0.0084,0.2466,2020-07-05,Liverpool,Aston Villa,away,2,0,H,7,1.33,5.5,8.5,-1.5,1.98,1.9,1.49,2.62,0.0513,0.0314,8.5,False,1.49,False,1.9,-0.5,-1.0,-1.0,-0.5
Aston Villa,2020-07-05 15:30:00,2019,2.389329278183292,Strong Long,Break,0.5808085999999999,-0.0084,0.2466,2020-07-09,Aston Villa,Manchester United,home,0,3,A,3,9.0,5.25,1.33,1.5,1.86,2.01,1.65,2.25,0.0535,0.0351,9.0,False,1.65,True,1.86,-1.0,-1.0,0.6499999999999999,-1.0
Aston Villa,2020-07-09 19:15:00,2019,2.0568905109489046,Strong Long,Break,0.4988292,-0.0084,0.2466,2020-07-12,Aston Villa,Crystal Palace,home,2,0,H,2,2.25,3.3,3.3,-0.25,1.97,1.91,2.01,1.82,0.0505,0.0312,2.25,True,2.01,False,1.97,1.0,1.25,-1.0,0.97
Aston Villa,2020-07-16 17:00:00,2019,1.583111111111111,Strong Long,Break,0.3819952,-0.0084,0.2466,2020-07-21,Aston Villa,Arsenal,home,1,0,H,4,3.3,3.6,2.1,0.25,2.02,1.85,1.66,2.25,0.057,0.0356,3.3,True,1.66,False,2.02,1.0,2.3,-1.0,1.02
Aston Villa,2020-10-04 18:15:00,2020,-4.730143089430894,Strong Short,Normal,-1.1057152,0.0579,0.246,2020-10-18,Leicester,Aston Villa,away,0,1,A,13,1.83,3.8,4.1,-0.5,1.9,1.99,1.63,2.3,0.0535,0.0288,1.83,False,2.3,True,1.9,-1.0,-1.0,1.2999999999999998,-1.0
Aston Villa,2020-10-18 18:15:00,2020,-4.486487804878049,Strong Short,Normal,-1.045776,0.0579,0.246,2020-10-23,Aston Villa,Leeds,home,0,3,A,4,2.05,3.75,3.3,-0.25,1.84,2.05,1.61,2.36,0.0575,0.0313,3.3,True,2.36,False,2.05,1.0,2.3,-1.0,1.0499999999999998
Aston Villa,2020-10-23 19:00:00,2020,-3.2526211382113823,Strong Short,Normal,-0.7422448,0.0579,0.246,2020-11-01,Aston Villa,Southampton,home,3,4,A,8,2.45,3.5,2.8,0.0,1.83,2.05,1.65,2.27,0.051,0.0343,2.8,True,2.27,False,2.05,1.0,1.7999999999999998,-1.0,1.0499999999999998
Aston Villa,2020-11-01 12:00:00,2020,-3.542637398373984,Strong Short,Normal,-0.8135888,0.0579,0.246,2020-11-08,Arsenal,Aston Villa,away,0,3,A,6,1.65,4.1,5.0,-0.75,1.89,1.99,1.68,2.22,0.05,0.0316,1.65,False,2.22,False,1.89,-1.0,-1.0,-1.0,-1.0
Aston Villa,2020-11-08 19:15:00,2020,-3.5805967479674794,Strong Short,Normal,-0.8229268,0.0579,0.246,2020-11-21,Aston Villa,Brighton,home,1,2,A,12,2.15,3.6,3.2,-0.25,1.9,1.98,1.75,2.09,0.0554,0.0314,3.2,True,2.09,False,1.98,1.0,2.2,-1.0,0.98
Aston Villa,2020-12-17 18:00:00,2020,2.38359349593496,Strong Long,Break,0.6442640000000001,0.0579,0.246,2020-12-20,West Bromwich Albion,Aston Villa,away,0,3,A,2,3.6,3.8,1.95,0.5,1.87,1.99,1.75,2.1,0.0538,0.0373,1.95,True,1.75,True,1.99,1.0,0.95,0.75,0.99
Aston Villa,2020-12-20 19:15:00,2020,2.8991300813008136,Strong Long,Break,0.771086,0.0579,0.246,2020-12-26,Aston Villa,Crystal Palace,home,3,0,H,5,1.9,3.75,3.8,-0.5,1.94,1.92,1.77,2.06,0.0561,0.0363,1.9,True,1.77,True,1.94,1.0,0.8999999999999999,0.77,0.94
Aston Villa,2020-12-26 15:00:00,2020,3.563357723577236,Strong Long,Break,0.934486,0.0579,0.246,2020-12-28,Chelsea,Aston Villa,away,1,1,D,1,1.61,4.2,5.0,-0.75,1.87,2.01,1.55,2.45,0.0592,0.0323,5.0,False,1.55,False,2.01,1.0,-1.0,-1.0,1.0099999999999998
Aston Villa,2020-12-28 17:30:00,2020,2.214047967479675,Strong Long,Break,0.6025558,0.0579,0.246,2021-01-01,Manchester United,Aston Villa,away,2,1,H,3,1.72,4.2,4.2,-0.75,1.95,1.93,1.54,2.48,0.0576,0.031,4.2,False,1.54,True,1.93,-1.0,-1.0,0.54,-1.0
Aston Villa,2021-01-23 20:00:00,2020,2.2700869918699187,Strong Long,Break,0.6163413999999999,0.0579,0.246,2021-01-27,Burnley,Aston Villa,away,3,2,H,3,3.8,3.5,1.95,0.5,1.87,2.0,1.9,1.92,0.0617,0.0348,1.95,False,1.9,True,2.0,-1.0,-1.0,0.8999999999999999,-1.0
Aston Villa,2021-01-27 18:00:00,2020,1.5587373983739838,Strong Long,Break,0.4413494,0.0579,0.246,2021-01-30,Southampton,Aston Villa,away,0,1,A,2,2.8,3.6,2.37,0.25,1.79,2.09,1.7,2.18,0.0569,0.0371,2.37,True,1.7,False,2.09,1.0,1.37,-1.0,1.0899999999999999
Aston Villa,2021-01-30 20:00:00,2020,1.6112975609756095,Strong Long,Break,0.4542792,0.0579,0.246,2021-02-03,Aston Villa,West Ham,home,1,3,A,3,2.2,3.4,3.25,-0.25,1.9,1.97,1.7,2.17,0.0564,0.0339,2.2,False,1.7,True,1.9,-1.0,-1.0,0.7,-1.0
Aston Villa,2021-03-03 18:00:00,2020,1.690139024390244,Strong Long,Break,0.4736742,0.0579,0.246,2021-03-06,Aston Villa,Wolverhampton Wanderers,home,0,0,D,2,2.37,3.25,3.1,-0.25,2.07,1.83,2.13,1.73,0.0522,0.0295,2.37,False,2.13,False,2.07,-1.0,-1.0,-1.0,-1.0
Aston Villa,2021-03-06 17:30:00,2020,2.306782926829269,Strong Long,Break,0.6253686,0.0579,0.246,2021-03-12,Newcastle United,Aston Villa,away,1,1,D,5,3.8,3.3,2.05,0.5,1.79,2.11,2.26,1.65,0.054,0.0326,2.05,False,2.26,False,2.11,-0.5,-1.0,-1.0,-0.5
Aston Villa,2021-03-12 20:00:00,2020,1.9853430894308943,Strong Long,Break,0.5462944000000001,0.0579,0.246,2021-03-21,Aston Villa,Tottenham,home,0,2,A,8,2.9,3.3,2.45,0.25,1.81,2.09,1.85,1.97,0.056,0.031,2.9,False,1.85,False,1.81,-1.0,-1.0,-1.0,-1.0
Aston Villa,2021-03-21 19:30:00,2020,1.7668723577235772,Strong Long,Break,0.4925506,0.0579,0.246,2021-04-04,Aston Villa,Fulham,home,3,1,H,13,2.25,3.3,3.3,-0.25,1.96,1.92,2.2,1.68,0.0505,0.031,2.25,True,2.2,True,1.96,1.0,1.25,1.2000000000000002,0.96
Aston Villa,2021-04-21 19:15:00,2020,-1.639439024390244,Strong Short,Normal,-0.345402,0.0579,0.246,2021-04-25,Aston Villa,West Bromwich Albion,home,2,2,D,3,1.85,3.6,4.2,-0.5,1.88,2.01,1.94,1.88,0.0564,0.0294,4.2,False,1.88,False,2.01,0.5,-1.0,-1.0,0.5049999999999999
Aston Villa,2021-05-01 19:00:00,2020,-1.5957772357723576,Strong Short,Normal,-0.3346612,0.0579,0.246,2021-05-09,Aston Villa,Manchester United,home,1,3,A,7,4.2,3.8,1.8,0.75,1.82,2.06,1.73,2.13,0.0568,0.0349,1.8,True,2.13,False,2.06,1.0,0.8,-1.0,1.06
Aston Villa,2021-08-14 14:00:00,2021,-1.5258652703085194,Strong Short,Normal,-0.4912881999999999,0.0478,0.3533,2021-08-21,Aston Villa,Newcastle United,home,2,0,H,6,1.8,3.75,4.33,-0.75,2.04,1.84,1.77,2.09,0.0532,0.0337,4.33,False,2.09,True,1.84,-1.0,-1.0,1.0899999999999999,-1.0
Aston Villa,2021-08-21 14:00:00,2021,-2.304079818850835,Strong Short,Normal,-0.7662314,0.0478,0.3533,2021-08-28,Aston Villa,Brentford,home,1,1,D,6,1.95,3.6,3.8,-0.5,2.0,1.88,1.97,1.88,0.0538,0.0319,3.8,False,1.88,True,1.88,0.5,-1.0,0.8799999999999999,0.43999999999999995
Aston Villa,2021-08-28 14:00:00,2021,-2.1902026606283607,Strong Short,Normal,-0.7259985999999999,0.0478,0.3533,2021-09-11,Chelsea,Aston Villa,away,3,0,H,13,1.28,5.5,11.0,-1.5,1.94,1.94,1.78,2.07,0.054,0.0309,1.28,True,2.07,False,1.94,1.0,0.28,-1.0,0.94
Aston Villa,2021-09-18 16:30:00,2021,-2.0010699122558733,Strong Short,Normal,-0.659178,0.0478,0.3533,2021-09-25,Manchester United,Aston Villa,away,0,1,A,6,1.36,5.25,8.0,-1.25,1.88,2.01,1.6,2.39,0.0508,0.0294,1.36,False,2.39,True,1.88,-1.0,-1.0,1.3900000000000001,-1.0
Aston Villa,2021-12-01 20:15:00,2021,-1.539498443249363,Strong Short,Normal,-0.4961048,0.0478,0.3533,2021-12-05,Aston Villa,Leicester,home,2,1,H,3,2.37,3.4,3.0,-0.25,2.03,1.86,1.87,1.97,0.0494,0.0302,3.0,False,1.97,False,1.86,-1.0,-1.0,-1.0,-1.0
Aston Villa,2021-12-11 15:00:00,2021,-1.672459099915086,Strong Short,Normal,-0.5430798,0.0478,0.3533,2021-12-14,Norwich,Aston Villa,away,0,2,A,2,3.3,3.3,2.25,0.25,1.92,1.95,2.14,1.74,0.0505,0.0337,3.3,False,1.74,True,1.92,-1.0,-1.0,0.74,-1.0
Aston Villa,2022-03-13 14:00:00,2021,-1.5448627228983864,Strong Short,Normal,-0.498,0.0478,0.3533,2022-03-19,Aston Villa,Arsenal,home,0,1,A,5,3.0,3.3,2.4,0.25,1.82,2.06,1.87,1.96,0.053,0.0349,2.4,True,1.96,True,2.06,1.0,1.4,0.96,1.06
Aston Villa,2022-03-19 12:30:00,2021,-1.9509340503821115,Strong Short,Normal,-0.6414650000000001,0.0478,0.3533,2022-04-02,Wolverhampton Wanderers,Aston Villa,away,2,1,H,13,3.0,3.1,2.55,0.0,2.1,1.79,2.38,1.6,0.0481,0.0348,3.0,True,1.6,False,2.1,1.0,2.0,-1.0,1.1
Aston Villa,2022-04-23 14:00:00,2021,1.7646006227002544,Strong Long,Break,0.6712333999999999,0.0478,0.3533,2022-04-30,Aston Villa,Norwich,home,2,0,H,6,1.4,4.5,9.0,-1.25,1.88,2.0,1.69,2.19,0.0476,0.0319,1.4,True,1.69,False,1.88,1.0,0.3999999999999999,-1.0,0.8799999999999999
Aston Villa,2022-04-30 14:00:00,2021,1.9106577979054624,Strong Long,Break,0.7228353999999999,0.0478,0.3533,2022-05-07,Burnley,Aston Villa,away,1,3,A,6,3.0,3.3,2.4,0.25,1.79,2.1,2.04,1.79,0.053,0.0348,2.4,True,2.04,True,2.1,1.0,1.4,1.04,1.1
Aston Villa,2022-10-16 13:00:00,2022,2.033557957308836,Strong Long,Break,0.7244198,-0.0282,0.3701,2022-10-20,Fulham,Aston Villa,away,3,0,H,3,2.9,3.3,2.5,0.0,2.06,1.81,1.94,1.88,0.0479,0.0379,2.5,False,1.94,True,1.81,-1.0,-1.0,0.94,-1.0
Aston Villa,2022-10-20 18:30:00,2022,2.807454201567144,Strong Long,Break,1.0108388,-0.0282,0.3701,2022-10-23,Aston Villa,Brentford,home,4,0,H,2,2.1,3.5,3.5,-0.25,1.83,2.04,1.9,1.92,0.0476,0.0366,2.1,True,1.9,True,1.83,1.0,1.1,0.8999999999999999,0.8300000000000001
Aston Villa,2022-10-23 13:00:00,2022,2.327864901378006,Strong Long,Break,0.8333427999999999,-0.0282,0.3701,2022-10-29,Newcastle United,Aston Villa,away,4,0,H,5,1.8,3.75,4.5,-0.75,2.06,1.81,1.91,1.9,0.0444,0.0379,4.5,False,1.91,True,1.81,-1.0,-1.0,0.9099999999999999,-1.0
Aston Villa,2023-01-01 14:00:00,2022,-1.592203728721967,Strong Short,Normal,-0.6174746,-0.0282,0.3701,2023-01-04,Aston Villa,Wolverhampton Wanderers,home,1,1,D,2,1.95,3.6,4.0,-0.5,1.97,1.9,2.05,1.78,0.0406,0.0339,4.0,False,1.78,True,1.9,0.5,-1.0,0.78,0.44999999999999996
Aston Villa,2023-01-04 20:00:00,2022,-1.721116995406647,Strong Short,Normal,-0.6651854,-0.0282,0.3701,2023-01-13,Aston Villa,Leeds,home,2,1,H,8,1.91,3.6,4.0,-0.5,1.94,1.94,1.79,2.06,0.0513,0.0309,4.0,False,2.06,False,1.94,-0.5,-1.0,-1.0,-0.5
Aston Villa,2023-02-18 12:30:00,2022,-1.588051877870846,Strong Short,Normal,-0.6159380000000001,-0.0282,0.3701,2023-02-25,Everton,Aston Villa,away,0,2,A,6,2.5,3.2,3.0,0.0,1.78,2.11,2.27,1.65,0.0458,0.0357,2.5,False,1.65,True,1.78,-1.0,-1.0,0.6499999999999999,-1.0
Aston Villa,2023-03-04 15:00:00,2022,-1.5120372872196708,Strong Short,Normal,-0.5878050000000001,-0.0282,0.3701,2023-03-12,West Ham,Aston Villa,away,1,1,D,7,2.2,3.3,3.4,-0.25,1.91,1.96,2.03,1.8,0.0517,0.0338,2.2,False,1.8,True,1.91,-1.0,-1.0,0.8,-1.0
Aston Villa,2023-04-15 11:30:00,2022,-1.7788035666036208,Strong Short,Normal,-0.6865352,-0.0282,0.3701,2023-04-22,Brentford,Aston Villa,away,1,1,D,6,2.5,3.25,2.88,0.0,1.82,2.05,1.97,1.85,0.0549,0.0373,2.5,False,1.85,True,1.82,0.0,-1.0,0.8500000000000001,0.0
Aston Villa,2023-04-22 14:00:00,2022,-1.6646290191840043,Strong Short,Normal,-0.6442791999999999,-0.0282,0.3701,2023-04-25,Aston Villa,Fulham,home,1,0,H,2,1.75,4.0,4.2,-0.75,2.02,1.85,1.81,2.03,0.0595,0.0356,4.2,False,2.03,True,1.85,-1.0,-1.0,1.0299999999999998,-1.0
Aston Villa,2023-08-12 16:30:00,2023,1.511869918699187,Strong Long,Break,0.563076,-0.0134,0.3813,2023-08-20,Aston Villa,Everton,home,4,0,H,7,1.7,4.0,4.5,-0.75,1.89,1.96,1.89,1.94,0.0605,0.0393,1.7,True,1.89,True,1.89,1.0,0.7,0.8899999999999999,0.8899999999999999
Aston Villa,2023-09-30 11:30:00,2023,-2.162683975872017,Strong Short,Normal,-0.8380314,-0.0134,0.3813,2023-10-08,Wolverhampton Wanderers,Aston Villa,away,1,1,D,7,3.5,3.4,2.1,0.25,2.0,1.84,1.8,2.04,0.056,0.0435,3.5,False,2.04,True,2.0,1.0,-1.0,1.04,1.0
Aston Villa,2023-10-08 13:00:00,2023,-1.6490359297141364,Strong Short,Normal,-0.6421774000000001,-0.0134,0.3813,2023-10-22,Aston Villa,West Ham,home,4,1,H,13,1.85,3.6,4.0,-0.5,1.89,1.97,1.58,2.39,0.0683,0.0367,4.0,False,2.39,False,1.97,-1.0,-1.0,-1.0,-1.0
Aston Villa,2023-10-22 15:30:00,2023,-2.841835824809861,Strong Short,Normal,-1.096992,-0.0134,0.3813,2023-10-29,Aston Villa,Luton,home,3,1,H,6,1.25,6.5,9.5,-1.75,1.97,1.88,1.51,2.59,0.0591,0.0395,9.5,False,2.59,False,1.88,-1.0,-1.0,-1.0,-1.0
Aston Villa,2023-10-29 14:00:00,2023,-2.4424862313139264,Strong Short,Normal,-0.94472,-0.0134,0.3813,2023-11-05,Nottingham Forest,Aston Villa,away,2,0,H,6,4.2,3.75,1.85,0.5,2.0,1.88,1.76,2.1,0.0453,0.0319,4.2,True,2.1,True,2.0,1.0,3.2,1.1,1.0
Aston Villa,2023-11-05 14:00:00,2023,-1.8149645948072384,Strong Short,Normal,-0.705446,-0.0134,0.3813,2023-11-12,Aston Villa,Fulham,home,3,1,H,6,1.57,4.2,5.5,-1.0,1.99,1.87,1.69,2.19,0.0569,0.0373,5.5,False,2.19,False,1.87,-1.0,-1.0,-1.0,-1.0
Aston Villa,2024-04-14 15:30:00,2023,-1.814952530815631,Strong Short,Normal,-0.7054414,-0.0134,0.3813,2024-04-21,Aston Villa,Bournemouth,home,3,1,H,6,1.85,4.0,3.6,-0.5,1.86,2.01,1.44,2.77,0.0683,0.0351,3.6,False,2.77,False,2.01,-1.0,-1.0,-1.0,-1.0
Aston Villa,2024-04-21 14:00:00,2023,-1.9641285077366903,Strong Short,Normal,-0.7623222000000001,-0.0134,0.3813,2024-04-27,Aston Villa,Chelsea,home,2,2,D,5,2.15,3.8,3.0,-0.25,1.9,1.95,1.44,2.77,0.0616,0.0391,3.0,False,2.77,False,1.95,1.0,-1.0,-1.0,0.95
Aston Villa,2024-04-27 19:00:00,2023,-2.3157954366640445,Strong Short,Normal,-0.8964128,-0.0134,0.3813,2024-05-05,Brighton,Aston Villa,away,1,0,H,7,2.75,3.75,2.45,0.0,2.04,1.82,1.48,2.63,0.0385,0.0396,2.75,True,2.63,True,2.04,1.0,1.75,1.63,1.04
Aston Villa,2024-05-05 13:00:00,2023,-2.3797998950957253,Strong Short,Normal,-0.9208177,-0.0134,0.3813,2024-05-13,Aston Villa,Liverpool,home,3,3,D,7,4.2,4.33,1.7,0.75,1.97,1.87,1.33,3.28,0.0573,0.0424,1.7,False,3.28,False,1.87,-1.0,-1.0,-1.0,-1.0
Aston Villa,2024-05-13 19:00:00,2023,-1.5651028061893526,Strong Short,Normal,-0.6101737,-0.0134,0.3813,2024-05-19,Crystal Palace,Aston Villa,away,5,0,H,5,1.85,4.33,3.6,-0.5,1.85,2.02,1.39,2.96,0.0493,0.0356,1.85,True,2.96,False,1.85,1.0,0.8500000000000001,-1.0,0.8500000000000001
Bournemouth,2017-11-04 15:00:00,2017,1.5006461232604376,Strong Long,Break,0.286895,-0.166,0.3018,2017-11-18,Bournemouth,Huddersfield,home,4,0,H,13,1.83,3.5,5.25,-0.5,1.82,2.07,2.16,1.69,0.0226,0.0325,1.83,True,2.16,True,1.82,1.0,0.8300000000000001,1.1600000000000001,0.8200000000000001
Bournemouth,2017-12-09 15:00:00,2017,-1.5531431411530807,Strong Short,Break,-0.6347385999999998,-0.166,0.3018,2017-12-13,Manchester United,Bournemouth,away,1,0,H,3,1.28,6.0,12.0,-1.75,2.05,1.8,1.63,2.27,0.0312,0.0434,1.28,True,2.27,True,2.05,-1.0,0.28,1.27,-1.0
Bournemouth,2018-01-20 15:00:00,2017,-1.5338098078197475,Strong Short,Break,-0.6289037999999999,-0.166,0.3018,2018-01-31,Chelsea,Bournemouth,away,0,3,A,10,1.28,6.5,11.0,-1.75,2.06,1.81,1.52,2.53,0.026,0.0379,1.28,False,2.53,False,2.06,-1.0,-1.0,-1.0,-1.0
Bournemouth,2018-01-31 19:45:00,2017,-2.478017892644135,Strong Short,Break,-0.9138658,-0.166,0.3018,2018-02-03,Bournemouth,Stoke,home,2,1,H,2,1.9,3.7,4.33,-0.25,1.64,2.32,1.83,1.99,0.0275,0.0408,4.33,False,1.99,False,2.32,-1.0,-1.0,-1.0,-1.0
Bournemouth,2018-02-03 15:00:00,2017,-2.139144466534128,Strong Short,Break,-0.8115937999999998,-0.166,0.3018,2018-02-11,Huddersfield,Bournemouth,away,4,1,H,7,3.25,3.2,2.25,0.25,1.83,2.03,2.27,1.63,0.0646,0.0391,3.25,True,1.63,False,1.83,1.0,2.25,-1.0,0.8300000000000001
Bournemouth,2018-02-11 12:00:00,2017,-2.039028495692511,Strong Short,Break,-0.7813787999999999,-0.166,0.3018,2018-02-24,Bournemouth,Newcastle United,home,2,2,D,12,2.1,3.5,3.79,-0.25,1.79,2.09,1.96,1.85,0.0258,0.0371,3.79,False,1.85,False,2.09,1.0,-1.0,-1.0,1.0899999999999999
Bournemouth,2018-02-24 15:00:00,2017,-1.7844393638170966,Strong Short,Break,-0.7045437999999998,-0.166,0.3018,2018-03-03,Leicester,Bournemouth,away,1,1,D,6,1.85,3.75,4.5,-0.75,2.09,1.79,1.76,2.08,0.0294,0.0371,1.85,False,2.08,True,2.09,-1.0,-1.0,1.08,-1.0
Bournemouth,2018-04-28 14:00:00,2017,1.840876739562624,Strong Long,Normal,0.3895766,-0.166,0.3018,2018-05-05,Bournemouth,Swansea,home,1,0,H,6,2.1,3.6,3.7,-0.25,1.81,2.07,1.86,1.96,0.0242,0.0356,2.1,True,1.86,False,1.81,1.0,1.1,-1.0,0.81
Bournemouth,2018-05-05 15:00:00,2017,2.226284294234593,Strong Long,Normal,0.5058926000000001,-0.166,0.3018,2018-05-13,Burnley,Bournemouth,away,1,2,A,7,2.14,3.5,3.6,-0.25,1.9,1.95,1.86,1.95,0.0308,0.0391,3.6,True,1.86,True,1.95,1.0,2.6,0.8600000000000001,0.95
Bournemouth,2018-08-11 17:00:00,2018,1.6402577805721474,Strong Long,Normal,0.3764660000000001,-0.1453,0.3181,2018-08-18,West Ham,Bournemouth,away,1,2,A,6,2.1,3.6,3.7,-0.25,1.79,2.08,1.78,2.04,0.0242,0.0394,3.7,True,1.78,True,2.08,1.0,2.7,0.78,1.08
Bournemouth,2019-03-02 15:00:00,2018,1.5646494812951903,Strong Long,Break,0.3524150000000001,-0.1453,0.3181,2019-03-09,Huddersfield,Bournemouth,away,0,2,A,6,3.4,3.3,2.35,0.25,1.92,1.95,2.22,1.67,0.0227,0.0337,2.35,True,2.22,False,1.95,1.0,1.35,-1.0,0.95
Bournemouth,2019-05-04 11:30:00,2018,1.5026595410248351,Strong Long,Normal,0.3326960000000001,-0.1453,0.3181,2019-05-12,Crystal Palace,Bournemouth,away,5,3,H,7,1.9,4.2,3.8,-1.0,2.52,1.54,1.54,2.45,0.0276,0.0462,3.8,False,1.54,True,1.54,-1.0,-1.0,0.54,-1.0
Bournemouth,2019-08-10 15:00:00,2019,2.2803887399463814,Strong Long,Normal,0.5849680000000002,-0.0955,0.2984,2019-08-17,Aston Villa,Bournemouth,away,1,2,A,6,2.3,3.4,3.1,-0.25,2.01,1.88,1.81,2.03,0.0515,0.0294,3.1,True,1.81,True,1.88,1.0,2.1,0.81,0.8799999999999999
Bournemouth,2019-09-20 19:00:00,2019,-1.8320402144772112,Strong Short,Break,-0.6421807999999999,-0.0955,0.2984,2019-09-28,Bournemouth,West Ham,home,2,2,D,7,2.5,3.5,2.75,-0.25,2.14,1.77,1.57,2.41,0.0494,0.0323,2.75,False,2.41,False,1.77,1.0,-1.0,-1.0,0.77
Bournemouth,2019-10-06 14:00:00,2019,-1.5087714477211789,Strong Short,Break,-0.5457173999999998,-0.0955,0.2984,2019-10-19,Bournemouth,Norwich,home,0,0,D,12,1.72,4.2,4.2,-0.75,1.9,1.98,1.41,2.94,0.0576,0.0314,4.2,False,2.94,True,1.98,1.0,-1.0,1.94,0.98
Bournemouth,2019-11-02 12:30:00,2019,2.630520777479893,Strong Long,Normal,0.6894474,-0.0955,0.2984,2019-11-09,Newcastle United,Bournemouth,away,2,1,H,6,2.55,3.25,2.8,0.0,1.87,2.01,2.07,1.77,0.057,0.0323,2.8,False,2.07,True,2.01,-1.0,-1.0,1.0699999999999998,-1.0
Bournemouth,2019-11-09 15:00:00,2019,3.0338250670241296,Strong Long,Normal,0.8097934000000002,-0.0955,0.2984,2019-11-23,Bournemouth,Wolverhampton Wanderers,home,1,2,A,13,2.75,3.3,2.6,0.0,2.01,1.86,2.02,1.81,0.0513,0.0351,2.75,False,2.02,True,2.01,-1.0,-1.0,1.02,-1.0
Bournemouth,2019-11-23 15:00:00,2019,2.4747245308311,Strong Long,Normal,0.6429578000000001,-0.0955,0.2984,2019-11-30,Tottenham,Bournemouth,away,3,2,H,6,1.36,5.5,7.5,-1.5,2.06,1.81,1.51,2.57,0.0504,0.0379,7.5,False,1.51,True,1.81,0.5,-1.0,0.51,0.405
Bournemouth,2020-01-01 17:30:00,2019,1.7425382037533517,Strong Long,Normal,0.4244734000000001,-0.0955,0.2984,2020-01-12,Bournemouth,Watford,home,0,3,A,10,2.6,3.3,2.7,0.0,1.88,1.98,1.89,1.93,0.058,0.037,2.6,False,1.89,True,1.88,-1.0,-1.0,0.8899999999999999,-1.0
Bournemouth,2020-01-12 14:00:00,2019,1.8180589812332444,Strong Long,Normal,0.4470088000000001,-0.0955,0.2984,2020-01-18,Norwich,Bournemouth,away,1,0,H,5,2.2,3.5,3.25,-0.25,1.93,1.94,1.79,2.04,0.048,0.0336,3.25,False,1.79,False,1.94,-1.0,-1.0,-1.0,-1.0
Bournemouth,2020-01-18 15:00:00,2019,2.099403485254692,Strong Long,Normal,0.530962,-0.0955,0.2984,2020-01-21,Bournemouth,Brighton,home,3,1,H,2,2.87,3.4,2.45,0.0,2.1,1.78,1.98,1.85,0.0507,0.038,2.87,True,1.98,True,2.1,1.0,1.87,0.98,1.1
Bournemouth,2020-02-22 15:00:00,2019,1.6825187667560324,Strong Long,Normal,0.4065636,-0.0955,0.2984,2020-02-29,Bournemouth,Chelsea,home,2,2,D,6,4.75,3.8,1.72,0.75,1.87,1.99,1.8,2.03,0.0551,0.0373,4.75,False,1.8,True,1.87,1.0,-1.0,0.8,0.8700000000000001
Bournemouth,2020-06-20 18:45:00,2019,1.709475201072386,Strong Long,Normal,0.4146074,-0.0955,0.2984,2020-06-24,Wolverhampton Wanderers,Bournemouth,away,1,0,H,3,1.55,4.0,6.0,-1.0,2.06,1.83,2.07,1.77,0.0618,0.0319,6.0,False,2.07,False,1.83,0.0,-1.0,-1.0,0.0
Bournemouth,2020-06-24 17:00:00,2019,1.7028203083109918,Strong Long,Normal,0.41262158,-0.0955,0.2984,2020-07-01,Bournemouth,Newcastle United,home,1,4,A,6,2.4,3.1,3.2,-0.25,2.05,1.83,2.38,1.59,0.0517,0.0343,2.4,False,2.38,True,2.05,-1.0,-1.0,1.38,-1.0
Bournemouth,2022-08-06 14:00:00,2022,-1.8413223767383051,Strong Short,Break,-0.6308943999999999,-0.0483,0.3164,2022-08-13,Manchester City,Bournemouth,away,4,0,H,6,1.06,13.0,29.0,-2.75,1.87,2.01,1.33,3.35,0.0548,0.0323,1.06,True,3.35,False,1.87,1.0,0.06000000000000005,-1.0,0.8700000000000001
Bournemouth,2023-01-21 15:00:00,2022,2.107575221238938,Strong Long,Normal,0.6185368,-0.0483,0.3164,2023-02-04,Brighton,Bournemouth,away,1,0,H,13,1.33,5.25,8.5,-1.5,2.03,1.86,1.71,2.18,0.06,0.0302,8.5,False,1.71,False,1.86,0.5,-1.0,-1.0,0.43000000000000005
Bournemouth,2023-02-04 15:00:00,2022,2.401651074589128,Strong Long,Normal,0.7115824000000002,-0.0483,0.3164,2023-02-11,Bournemouth,Newcastle United,home,1,1,D,6,6.5,4.0,1.53,1.0,1.88,1.99,2.02,1.83,0.0574,0.0344,6.5,False,2.02,False,1.88,1.0,-1.0,-1.0,0.8799999999999999
Bournemouth,2023-02-11 17:30:00,2022,2.1796289506953226,Strong Long,Normal,0.6413346000000001,-0.0483,0.3164,2023-02-18,Wolverhampton Wanderers,Bournemouth,away,0,1,A,6,1.67,3.6,6.0,-0.75,1.87,2.0,2.08,1.76,0.0432,0.0348,6.0,True,2.08,False,2.0,1.0,5.0,-1.0,1.0
Bournemouth,2023-02-18 15:00:00,2022,1.846960176991151,Strong Long,Normal,0.5360782000000002,-0.0483,0.3164,2023-02-25,Bournemouth,Manchester City,home,1,4,A,6,10.0,5.75,1.29,1.5,2.06,1.82,1.56,2.45,0.0491,0.0349,10.0,False,1.56,True,2.06,-1.0,-1.0,0.56,-1.0
Bournemouth,2023-02-25 17:30:00,2022,1.7306434892541087,Strong Long,Normal,0.4992756000000001,-0.0483,0.3164,2023-03-04,Arsenal,Bournemouth,away,3,2,H,6,1.22,7.0,12.0,-1.75,1.82,2.06,1.58,2.41,0.0459,0.0349,12.0,False,1.58,True,2.06,1.0,-1.0,0.5800000000000001,1.06
Bournemouth,2023-04-04 18:45:00,2022,1.820069532237674,Strong Long,Normal,0.5275700000000001,-0.0483,0.3164,2023-04-08,Leicester,Bournemouth,away,0,1,A,3,1.83,3.75,4.2,-0.5,1.88,1.99,1.85,1.97,0.0512,0.0344,4.2,True,1.85,False,1.99,1.0,3.2,-1.0,0.99
Bournemouth,2023-04-08 14:00:00,2022,2.566776232616941,Strong Long,Normal,0.7638280000000002,-0.0483,0.3164,2023-04-15,Tottenham,Bournemouth,away,2,3,A,6,1.45,4.5,7.0,-1.25,2.03,1.83,1.69,2.2,0.0547,0.0391,7.0,True,1.69,True,1.83,1.0,6.0,0.69,0.8300000000000001
Bournemouth,2023-04-23 13:00:00,2022,1.6687022756005057,Strong Long,Normal,0.4796774000000001,-0.0483,0.3164,2023-04-27,Southampton,Bournemouth,away,0,1,A,3,2.25,3.4,3.2,-0.25,1.98,1.87,2.01,1.82,0.0511,0.0398,3.2,True,2.01,False,1.87,1.0,2.2,-1.0,0.8700000000000001
Bournemouth,2023-08-19 14:00:00,2023,1.5724304960195965,Strong Long,Normal,0.4813558000000002,-0.0322,0.3266,2023-08-26,Bournemouth,Tottenham,home,0,2,A,6,3.8,3.75,1.91,0.5,1.93,1.94,1.55,2.47,0.0534,0.0336,3.8,False,1.55,False,1.93,-1.0,-1.0,-1.0,-1.0
Bournemouth,2023-08-26 11:30:00,2023,1.708107164727496,Strong Long,Normal,0.5256678000000001,-0.0322,0.3266,2023-09-02,Brentford,Bournemouth,away,2,2,D,6,1.73,3.8,4.75,-0.75,1.91,1.95,1.74,2.12,0.0517,0.0364,4.75,False,1.74,True,1.95,1.0,-1.0,0.74,0.95
Bournemouth,2023-09-17 13:00:00,2023,1.822909981628904,Strong Long,Normal,0.5631624000000001,-0.0322,0.3266,2023-09-24,Brighton,Bournemouth,away,3,1,H,6,1.36,5.25,7.5,-1.5,1.98,1.88,1.37,3.11,0.0591,0.037,7.5,False,1.37,True,1.88,-0.5,-1.0,0.3700000000000001,-0.5
Bournemouth,2023-09-24 13:00:00,2023,1.8716484996938152,Strong Long,Normal,0.5790804,-0.0322,0.3266,2023-09-30,Bournemouth,Arsenal,home,0,4,A,5,5.5,4.5,1.53,1.0,2.01,1.85,1.54,2.49,0.0576,0.0381,5.5,False,1.54,True,2.01,-1.0,-1.0,0.54,-1.0
Bournemouth,2023-09-30 14:00:00,2023,2.0294825474586653,Strong Long,Normal,0.6306290000000001,-0.0322,0.3266,2023-10-07,Everton,Bournemouth,away,3,0,H,6,1.91,3.6,3.8,-0.5,1.96,1.9,1.83,2.01,0.0645,0.0365,3.8,False,1.83,True,1.9,-1.0,-1.0,0.8300000000000001,-1.0
Bournemouth,2023-10-07 14:00:00,2023,2.334534598897734,Strong Long,Normal,0.730259,-0.0322,0.3266,2023-10-21,Bournemouth,Wolverhampton Wanderers,home,1,2,A,13,2.38,3.4,3.0,-0.25,2.06,1.8,1.82,2.02,0.0476,0.041,2.38,False,1.82,True,2.06,-1.0,-1.0,0.8200000000000001,-1.0
Bournemouth,2023-10-21 14:00:00,2023,2.278355786895285,Strong Long,Normal,0.7119110000000001,-0.0322,0.3266,2023-10-28,Bournemouth,Burnley,home,2,1,H,6,2.15,3.5,3.3,-0.25,1.84,2.02,1.8,2.05,0.0539,0.0385,2.15,True,1.8,True,1.84,1.0,1.15,0.8,0.8400000000000001
Bournemouth,2023-12-26 15:00:00,2023,-1.5588977342314756,Strong Short,Break,-0.5413359999999999,-0.0322,0.3266,2023-12-31,Tottenham,Bournemouth,away,3,1,H,4,1.75,4.2,4.0,-0.75,1.95,1.9,1.4,2.96,0.0595,0.0391,1.75,True,2.96,False,1.95,1.0,0.75,-1.0,0.95
Bournemouth,2024-02-10 15:00:00,2023,2.1484170238824256,Strong Long,Normal,0.6694730000000002,-0.0322,0.3266,2024-02-17,Newcastle United,Bournemouth,away,2,2,D,6,1.83,4.2,3.75,-0.5,1.85,2.02,1.47,2.68,0.0512,0.0356,3.75,False,1.47,True,2.02,0.5,-1.0,0.47,0.51
Bournemouth,2024-02-17 15:00:00,2023,1.841429883649725,Strong Long,Normal,0.5692110000000001,-0.0322,0.3266,2024-02-24,Bournemouth,Manchester City,home,0,1,A,6,7.0,5.25,1.4,1.25,1.97,1.88,1.49,2.64,0.0476,0.0395,7.0,False,1.49,False,1.97,1.0,-1.0,-1.0,0.97
Bournemouth,2024-02-24 17:30:00,2023,1.8973417023882428,Strong Long,Normal,0.5874718000000001,-0.0322,0.3266,2024-03-03,Burnley,Bournemouth,away,0,2,A,7,3.75,3.6,1.95,0.5,1.91,1.95,1.71,2.18,0.0573,0.0364,1.95,True,1.71,False,1.95,1.0,0.95,-1.0,0.95
Bournemouth,2024-03-09 15:00:00,2023,2.533202082057563,Strong Long,Normal,0.7951438000000002,-0.0322,0.3266,2024-03-13,Bournemouth,Luton,home,4,3,H,3,1.5,4.75,5.75,-1.25,2.03,1.83,1.47,2.71,0.0511,0.0391,1.5,True,1.47,True,2.03,-1.0,0.5,0.47,-1.0
Bournemouth,2024-04-24 18:45:00,2023,1.7925339865278629,Strong Long,Normal,0.5532416,-0.0322,0.3266,2024-04-28,Bournemouth,Brighton,home,3,0,H,3,2.25,3.8,2.9,-0.25,1.96,1.89,1.47,2.68,0.0524,0.0393,2.25,True,1.47,True,1.96,1.0,1.25,0.47,0.96
Bournemouth,2024-05-04 11:30:00,2023,1.8073668095529705,Strong Long,Normal,0.5580860000000001,-0.0322,0.3266,2024-05-11,Bournemouth,Brentford,home,1,2,A,6,1.95,4.0,3.5,-0.5,1.98,1.89,1.46,2.71,0.0485,0.0342,1.95,False,1.46,True,1.98,-1.0,-1.0,0.45999999999999996,-1.0
Bournemouth,2024-05-11 14:00:00,2023,1.6158052663808942,Strong Long,Normal,0.4955220000000001,-0.0322,0.3266,2024-05-19,Chelsea,Bournemouth,away,2,1,H,7,1.45,5.0,6.0,-1.25,1.88,1.97,1.27,3.71,0.0563,0.0395,6.0,False,1.27,True,1.97,1.0,-1.0,0.27,0.97
Brentford,2022-08-13 16:30:00,2022,-4.050744315915436,Strong Short,Break,-0.8675215999999999,0.148,0.2507,2022-08-20,Fulham,Brentford,away,3,2,H,6,2.45,3.4,2.9,-0.25,2.11,1.78,1.93,1.9,0.0471,0.0357,2.45,True,1.9,False,2.11,1.0,1.4500000000000002,-1.0,1.1099999999999999
Brentford,2022-08-20 14:00:00,2022,-4.919280414838452,Strong Short,Break,-1.0852636,0.148,0.2507,2022-08-27,Brentford,Everton,home,1,1,D,6,2.0,3.5,3.75,-0.5,2.05,1.84,2.04,1.8,0.0524,0.0313,3.75,False,1.8,True,1.84,0.5,-1.0,0.8,0.42000000000000004
Brentford,2022-08-27 14:00:00,2022,-2.9506725169525327,Strong Short,Break,-0.5917335999999999,0.148,0.2507,2022-08-30,Crystal Palace,Brentford,away,1,1,D,2,2.05,3.4,3.6,-0.5,2.08,1.8,2.09,1.77,0.0597,0.0363,2.05,False,1.77,True,2.08,-0.5,-1.0,0.77,-0.5
Brentford,2022-08-30 18:30:00,2022,-2.3339234144395693,Strong Short,Break,-0.4371145999999999,0.148,0.2507,2022-09-03,Brentford,Leeds,home,5,2,H,3,2.1,3.5,3.4,-0.25,1.88,1.99,1.75,2.1,0.056,0.0344,3.4,False,2.1,False,1.99,-1.0,-1.0,-1.0,-1.0
Brentford,2022-09-03 14:00:00,2022,-3.277335460710012,Strong Short,Break,-0.673628,0.148,0.2507,2022-09-18,Brentford,Arsenal,home,0,3,A,14,4.2,3.8,1.8,0.75,1.84,2.04,1.68,2.21,0.0568,0.0337,1.8,True,2.21,False,2.04,1.0,0.8,-1.0,1.04
Brentford,2022-10-19 18:30:00,2022,1.866302353410451,Strong Long,Normal,0.615882,0.148,0.2507,2022-10-23,Aston Villa,Brentford,away,4,0,H,3,2.1,3.5,3.5,-0.25,1.83,2.04,1.9,1.92,0.0476,0.0366,3.5,False,1.9,True,2.04,-1.0,-1.0,0.8999999999999999,-1.0
Brentford,2022-10-23 13:00:00,2022,2.236872756282409,Strong Long,Normal,0.708784,0.148,0.2507,2022-10-29,Brentford,Wolverhampton Wanderers,home,1,1,D,5,2.2,3.4,3.3,-0.25,1.88,1.98,1.96,1.86,0.0517,0.037,2.2,False,1.96,False,1.88,-1.0,-1.0,-1.0,-1.0
Brentford,2022-10-29 14:00:00,2022,1.635811727163941,Strong Long,Normal,0.558098,0.148,0.2507,2022-11-05,Nottingham Forest,Brentford,away,2,2,D,6,2.75,3.3,2.6,0.0,1.99,1.87,1.99,1.84,0.0513,0.0373,2.6,False,1.99,True,1.87,0.0,-1.0,0.99,0.0
Brentford,2023-01-22 14:00:00,2022,-1.918324690865577,Strong Short,Break,-0.3329240000000001,0.148,0.2507,2023-02-04,Brentford,Southampton,home,3,0,H,12,1.85,3.6,4.2,-0.5,1.89,1.99,1.99,1.84,0.0564,0.0316,4.2,False,1.84,False,1.99,-1.0,-1.0,-1.0,-1.0
Brentford,2023-02-04 15:00:00,2022,-2.6244754686876752,Strong Short,Break,-0.5099560000000001,0.148,0.2507,2023-02-11,Arsenal,Brentford,away,1,1,D,6,1.44,4.75,7.0,-1.25,1.97,1.91,1.73,2.14,0.0478,0.0312,1.44,False,2.14,True,1.97,-1.0,-1.0,1.1400000000000001,-1.0
Brentford,2023-04-01 14:00:00,2022,-1.535191862784205,Strong Short,Break,-0.2368726000000001,0.148,0.2507,2023-04-05,Manchester United,Brentford,away,1,0,H,3,1.65,4.0,5.0,-0.75,1.81,2.06,1.71,2.16,0.0561,0.0379,1.65,True,2.16,True,1.81,1.0,0.6499999999999999,1.1600000000000001,0.81
Brentford,2023-04-26 18:45:00,2022,1.763433585959314,Strong Long,Normal,0.5900928,0.148,0.2507,2023-04-29,Brentford,Nottingham Forest,home,2,1,H,2,1.65,3.8,5.5,-0.75,1.83,2.03,1.95,1.87,0.051,0.0391,1.65,True,1.95,True,1.83,1.0,0.6499999999999999,0.95,0.8300000000000001
Brentford,2023-05-20 11:30:00,2022,-1.564438771439969,Strong Short,Break,-0.2442048000000002,0.148,0.2507,2023-05-28,Brentford,Manchester City,home,1,0,H,7,3.8,4.0,1.83,0.5,2.01,1.86,1.61,2.33,0.0596,0.0351,1.83,False,2.33,True,1.86,-1.0,-1.0,1.33,-1.0
Brentford,2023-10-01 13:00:00,2023,1.5613951685058154,Strong Long,Normal,0.5972357999999999,0.0737,0.3353,2023-10-07,Manchester United,Brentford,away,2,1,H,5,1.67,4.2,4.75,-0.75,1.85,2.0,1.64,2.23,0.0474,0.0405,4.75,False,1.64,True,2.0,-1.0,-1.0,0.6399999999999999,-1.0
Brentford,2023-10-07 14:00:00,2023,1.607371309275276,Strong Long,Normal,0.6126516,0.0737,0.3353,2023-10-21,Brentford,Burnley,home,3,0,H,13,1.83,3.75,4.2,-0.5,1.84,2.04,1.92,1.92,0.0512,0.0337,1.83,True,1.92,True,1.84,1.0,0.8300000000000001,0.9199999999999999,0.8400000000000001
Brentford,2023-12-09 15:00:00,2023,2.307436922159261,Strong Long,Normal,0.8473836,0.0737,0.3353,2023-12-17,Brentford,Aston Villa,home,1,2,A,7,3.2,3.75,2.1,0.25,1.97,1.87,1.69,2.18,0.0554,0.0424,3.2,False,1.69,True,1.97,-1.0,-1.0,0.69,-1.0
Brentford,2024-04-03 18:30:00,2023,1.5969806143751863,Strong Long,Normal,0.6091675999999999,0.0737,0.3353,2024-04-06,Aston Villa,Brentford,away,3,3,D,2,1.7,4.0,4.75,-0.75,1.87,1.99,1.52,2.56,0.0488,0.0373,4.75,False,1.52,True,1.99,1.0,-1.0,0.52,0.99
Brentford,2024-04-27 16:30:00,2023,-1.6084670444378173,Strong Short,Break,-0.4656190000000001,0.0737,0.3353,2024-05-04,Brentford,Fulham,home,0,0,D,6,2.1,3.8,3.2,-0.25,1.84,2.02,1.59,2.38,0.0518,0.0385,3.2,False,2.38,True,2.02,1.0,-1.0,1.38,1.02
Brighton,2018-12-04 19:45:00,2018,-1.6694392045454547,Strong Short,Break,-0.5524426,0.0352,0.352,2018-12-08,Burnley,Brighton,away,1,0,H,3,2.9,3.2,2.75,0.25,1.65,2.31,2.41,1.57,0.021,0.039,2.9,True,1.57,True,1.65,1.0,1.9,0.5700000000000001,0.6499999999999999
Brighton,2019-03-02 15:00:00,2018,1.6754034090909091,Strong Long,Normal,0.624942,0.0352,0.352,2019-03-09,Crystal Palace,Brighton,away,1,2,A,6,1.83,3.6,5.0,-0.75,2.12,1.77,2.17,1.7,0.0242,0.0367,5.0,True,2.17,True,1.77,1.0,4.0,1.17,0.77
Brighton,2019-09-21 16:30:00,2019,3.316599797365755,Strong Long,Normal,1.0329452,0.0509,0.2961,2019-09-28,Chelsea,Brighton,away,2,0,H,6,1.4,4.75,8.0,-1.25,1.99,1.9,1.65,2.27,0.0498,0.0288,8.0,False,1.65,False,1.9,-1.0,-1.0,-1.0,-1.0
Brighton,2019-09-28 14:00:00,2019,2.7841127997298214,Strong Long,Normal,0.8752758,0.0509,0.2961,2019-10-05,Brighton,Tottenham,home,3,0,H,6,3.9,3.6,1.9,0.5,1.93,1.96,1.76,2.09,0.0605,0.0283,3.9,True,1.76,True,1.93,1.0,2.9,0.76,0.9299999999999999
Brighton,2019-10-05 12:30:00,2019,1.8401472475515024,Strong Long,Normal,0.5957676,0.0509,0.2961,2019-10-19,Aston Villa,Brighton,away,2,1,H,13,2.35,3.4,3.0,-0.25,2.04,1.85,1.82,2.01,0.053,0.0307,3.0,False,1.82,True,1.85,-1.0,-1.0,0.8200000000000001,-1.0
Brighton,2020-07-11 19:00:00,2019,1.7393677811550154,Strong Long,Normal,0.5659268,0.0509,0.2961,2020-07-16,Southampton,Brighton,away,1,1,D,4,2.15,3.3,3.5,-0.25,1.87,2.0,2.13,1.73,0.0539,0.0348,3.5,False,2.13,False,2.0,1.0,-1.0,-1.0,1.0
Brighton,2020-12-13 19:15:00,2020,2.4931597673622985,Strong Long,Normal,0.8446505999999999,0.1159,0.2923,2020-12-16,Fulham,Brighton,away,0,0,D,2,2.87,3.3,2.5,0.0,2.07,1.79,2.05,1.77,0.0515,0.0418,2.5,False,2.05,False,1.79,0.0,-1.0,-1.0,0.0
Brighton,2020-12-16 20:00:00,2020,1.7215114608279165,Strong Long,Normal,0.6190977999999999,0.1159,0.2923,2020-12-20,Brighton,Sheffield United,home,1,1,D,3,1.65,3.75,5.5,-0.75,1.9,1.96,2.22,1.67,0.0545,0.0365,1.65,False,2.22,False,1.9,-1.0,-1.0,-1.0,-1.0
Brighton,2020-12-20 12:00:00,2020,3.3640636332535068,Strong Long,Normal,1.0992158,0.1159,0.2923,2020-12-27,West Ham,Brighton,away,2,2,D,6,2.3,3.4,3.1,-0.25,2.04,1.84,1.94,1.88,0.0515,0.0337,3.1,False,1.94,True,1.84,1.0,-1.0,0.94,0.8400000000000001
Brighton,2020-12-27 14:15:00,2020,2.131282244269586,Strong Long,Normal,0.7388738,0.1159,0.2923,2020-12-29,Brighton,Arsenal,home,0,1,A,1,3.25,3.5,2.2,0.25,1.9,1.97,2.04,1.79,0.048,0.0339,3.25,False,2.04,False,1.9,-1.0,-1.0,-1.0,-1.0
Brighton,2020-12-29 18:00:00,2020,1.97090455011974,Strong Long,Normal,0.6919953999999999,0.1159,0.2923,2021-01-02,Brighton,Wolverhampton Wanderers,home,3,3,D,3,2.62,3.25,2.75,0.0,1.86,2.0,2.43,1.56,0.053,0.0376,2.62,False,2.43,True,1.86,0.0,-1.0,1.4300000000000002,0.0
Brighton,2021-01-27 19:30:00,2020,1.5431282928498118,Strong Long,Normal,0.5669564,0.1159,0.2923,2021-01-31,Brighton,Tottenham,home,1,0,H,3,3.2,3.4,2.25,0.25,1.85,2.03,2.04,1.8,0.0511,0.0332,3.2,True,2.04,False,1.85,1.0,2.2,-1.0,0.8500000000000001
Brighton,2021-01-31 19:15:00,2020,1.5256749914471437,Strong Long,Normal,0.5618548000000001,0.1159,0.2923,2021-02-03,Liverpool,Brighton,away,0,1,A,2,1.33,5.25,9.0,-1.5,2.05,1.81,1.63,2.3,0.0535,0.0403,9.0,True,1.63,False,1.81,1.0,8.0,-1.0,0.81
Brighton,2021-02-03 20:15:00,2020,2.0504577488881286,Strong Long,Normal,0.7152488,0.1159,0.2923,2021-02-06,Burnley,Brighton,away,1,1,D,2,3.6,3.1,2.2,0.25,1.98,1.89,2.43,1.57,0.0549,0.0342,2.2,False,2.43,False,1.89,-1.0,-1.0,-1.0,-1.0
Brighton,2021-02-06 15:00:00,2020,1.6642777967841256,Strong Long,Normal,0.6023683999999999,0.1159,0.2923,2021-02-13,Brighton,Aston Villa,home,0,0,D,6,2.7,3.5,2.5,0.0,2.0,1.86,1.78,2.06,0.0561,0.0376,2.7,False,1.78,False,2.0,0.0,-1.0,-1.0,0.0
Brighton,2021-02-13 20:00:00,2020,3.1614245638043106,Strong Long,Normal,1.0399844,0.1159,0.2923,2021-02-22,Brighton,Crystal Palace,home,1,2,A,8,1.7,3.5,5.5,-0.75,1.99,1.89,2.21,1.67,0.0558,0.0316,1.7,False,2.21,True,1.99,-1.0,-1.0,1.21,-1.0
Brighton,2021-02-22 20:00:00,2020,2.6829777625727,Strong Long,Normal,0.9001344,0.1159,0.2923,2021-02-27,West Bromwich Albion,Brighton,away,1,0,H,4,4.2,3.3,1.95,0.5,1.91,1.96,2.14,1.72,0.0539,0.0338,1.95,False,2.14,False,1.96,-1.0,-1.0,-1.0,-1.0
Brighton,2021-02-27 15:00:00,2020,4.289033185083818,Strong Long,Normal,1.3695844,0.1159,0.2923,2021-03-06,Brighton,Leicester,home,1,2,A,6,2.55,3.25,2.8,0.0,1.8,2.07,2.2,1.68,0.057,0.0386,2.55,False,2.2,True,1.8,-1.0,-1.0,1.2000000000000002,-1.0
Brighton,2021-03-06 20:00:00,2020,3.991352719808416,Strong Long,Normal,1.2825723999999998,0.1159,0.2923,2021-03-14,Southampton,Brighton,away,1,2,A,7,2.9,3.1,2.5,0.0,2.07,1.81,2.34,1.61,0.0674,0.0356,2.5,True,2.34,True,1.81,1.0,1.5,1.3399999999999999,0.81
Brighton,2021-03-14 12:00:00,2020,3.500955867259665,Strong Long,Normal,1.1392294,0.1159,0.2923,2021-03-20,Brighton,Newcastle United,home,3,0,H,5,1.66,3.5,6.0,-0.75,1.89,2.01,2.26,1.65,0.0548,0.0266,1.66,True,2.26,True,1.89,1.0,0.6599999999999999,1.2599999999999998,0.8899999999999999
Brighton,2021-04-12 19:15:00,2020,-1.643203557988368,Strong Short,Break,-0.3644084,0.1159,0.2923,2021-04-20,Chelsea,Brighton,away,0,0,D,7,1.57,4.0,6.0,-0.75,1.8,2.11,2.16,1.71,0.0536,0.0295,1.57,False,1.71,True,1.8,-1.0,-1.0,0.71,-1.0
Brighton,2021-05-01 14:00:00,2020,2.7651235032500856,Strong Long,Normal,0.9241456,0.1159,0.2923,2021-05-09,Wolverhampton Wanderers,Brighton,away,2,1,H,7,3.3,3.3,2.2,0.25,1.94,1.94,2.34,1.61,0.0606,0.0309,2.2,False,2.34,True,1.94,-1.0,-1.0,1.3399999999999999,-1.0
Brighton,2021-05-09 11:00:00,2020,1.9885241190557643,Strong Long,Normal,0.6971455999999999,0.1159,0.2923,2021-05-15,Brighton,West Ham,home,1,1,D,5,2.9,3.6,2.3,0.25,1.82,2.06,2.02,1.81,0.0574,0.0349,2.9,False,2.02,False,1.82,1.0,-1.0,-1.0,0.8200000000000001
Brighton,2021-08-14 14:00:00,2021,-1.9500659884520208,Strong Short,Break,-0.538839,0.1704,0.3637,2021-08-21,Brighton,Watford,home,2,0,H,6,1.7,3.5,5.75,-0.75,1.97,1.92,2.24,1.67,0.0479,0.0284,5.75,False,1.67,True,1.92,-1.0,-1.0,0.6699999999999999,-1.0
Brighton,2021-08-21 16:30:00,2021,-1.6733269177893864,Strong Short,Break,-0.4381889999999999,0.1704,0.3637,2021-08-28,Brighton,Everton,home,0,2,A,6,2.3,3.2,3.3,-0.25,2.0,1.88,2.23,1.68,0.0503,0.0319,3.3,True,1.68,True,1.88,1.0,2.3,0.6799999999999999,0.8799999999999999
Brighton,2021-12-04 15:00:00,2021,1.5479224635688753,Strong Long,Normal,0.7333794,0.1704,0.3637,2021-12-15,Brighton,Wolverhampton Wanderers,home,0,1,A,10,2.25,3.1,3.5,-0.25,1.99,1.89,2.52,1.54,0.0527,0.0316,2.25,False,2.52,False,1.99,-1.0,-1.0,-1.0,-1.0
Brighton,2021-12-15 19:30:00,2021,1.971320868847952,Strong Long,Normal,0.8873694000000001,0.1704,0.3637,2021-12-26,Brighton,Brentford,home,2,0,H,10,1.9,3.4,4.2,-0.5,1.95,1.93,2.19,1.69,0.0585,0.031,1.9,True,2.19,False,1.95,1.0,0.8999999999999999,-1.0,0.95
Brighton,2022-03-12 12:30:00,2021,1.5188523508386031,Strong Long,Normal,0.7228066,0.1704,0.3637,2022-03-16,Brighton,Tottenham,home,0,2,A,3,3.3,3.3,2.25,0.25,1.9,1.97,2.09,1.76,0.0505,0.0339,3.3,False,2.09,False,1.9,-1.0,-1.0,-1.0,-1.0
Brighton,2022-04-02 14:00:00,2021,2.4630481165795977,Strong Long,Normal,1.0662105999999998,0.1704,0.3637,2022-04-09,Arsenal,Brighton,away,1,2,A,6,1.61,3.8,5.75,-0.75,1.84,2.04,2.01,1.81,0.0582,0.0337,5.75,True,2.01,True,2.04,1.0,4.75,1.0099999999999998,1.04
Brighton,2022-10-22 14:00:00,2022,1.7229365509761383,Strong Long,Normal,0.8105189999999999,0.1751,0.3688,2022-10-29,Brighton,Chelsea,home,4,1,H,6,3.0,3.3,2.4,0.25,1.82,2.05,2.04,1.78,0.053,0.0373,3.0,True,2.04,True,1.82,1.0,2.0,1.04,0.8200000000000001
Brighton,2022-12-26 15:00:00,2022,-3.1214061822125814,Strong Short,Break,-0.9760746,0.1751,0.3688,2022-12-31,Brighton,Arsenal,home,2,4,A,4,3.4,3.5,2.1,0.25,2.04,1.83,1.84,2.0,0.056,0.0366,2.1,True,2.0,False,1.83,1.0,1.1,-1.0,0.8300000000000001
Brighton,2022-12-31 17:30:00,2022,-3.323141540130152,Strong Short,Break,-1.0504746,0.1751,0.3688,2023-01-03,Everton,Brighton,away,1,4,A,2,3.5,3.5,2.1,0.25,2.05,1.82,1.99,1.84,0.0476,0.0373,3.5,False,1.84,False,2.05,-1.0,-1.0,-1.0,-1.0
Brighton,2023-01-03 19:45:00,2022,-3.52579338394794,Strong Short,Break,-1.1252126000000002,0.1751,0.3688,2023-01-14,Brighton,Liverpool,home,3,0,H,10,3.4,3.6,2.1,0.25,2.02,1.85,1.58,2.4,0.0481,0.0356,2.1,False,2.4,False,1.85,-1.0,-1.0,-1.0,-1.0
Brighton,2023-01-14 15:00:00,2022,-3.240072125813449,Strong Short,Break,-1.0198386000000002,0.1751,0.3688,2023-01-21,Leicester,Brighton,away,2,2,D,6,3.6,3.5,2.05,0.5,1.81,2.07,1.83,2.01,0.0513,0.0356,3.6,False,2.01,False,1.81,0.5,-1.0,-1.0,0.405
Brighton,2023-01-21 15:00:00,2022,-3.1772722342733197,Strong Short,Break,-0.9966780000000002,0.1751,0.3688,2023-02-04,Brighton,Bournemouth,home,1,0,H,13,1.33,5.25,8.5,-1.5,2.03,1.86,1.71,2.18,0.06,0.0302,8.5,False,2.18,True,1.86,0.5,-1.0,1.1800000000000002,0.43000000000000005
Brighton,2023-02-18 15:00:00,2022,2.3809924078091105,Strong Long,Normal,1.05321,0.1751,0.3688,2023-03-04,Brighton,West Ham,home,4,0,H,13,1.8,3.6,4.5,-0.75,2.0,1.88,1.93,1.9,0.0556,0.0319,1.8,True,1.93,True,2.0,1.0,0.8,0.9299999999999999,1.0
Brighton,2023-03-04 15:00:00,2022,2.434848156182212,Strong Long,Normal,1.0730719999999998,0.1751,0.3688,2023-03-11,Leeds,Brighton,away,2,2,D,6,3.75,3.6,1.95,0.5,1.9,1.98,1.85,1.98,0.0573,0.0314,1.95,False,1.85,True,1.98,-0.5,-1.0,0.8500000000000001,-0.5
Brighton,2023-03-11 15:00:00,2022,2.201100867678958,Strong Long,Normal,0.9868659999999998,0.1751,0.3688,2023-03-15,Brighton,Crystal Palace,home,1,0,H,3,1.44,4.2,8.0,-1.25,2.04,1.84,1.89,1.92,0.0575,0.0337,1.44,True,1.89,False,2.04,-1.0,0.43999999999999995,-1.0,-1.0
Brighton,2023-04-26 18:30:00,2022,1.5754446854663766,Strong Long,Normal,0.7561239999999998,0.1751,0.3688,2023-04-29,Brighton,Wolverhampton Wanderers,home,6,0,H,2,1.5,4.33,6.5,-1.0,1.83,2.03,1.8,2.02,0.0515,0.0391,1.5,True,1.8,True,1.83,1.0,0.5,0.8,0.8300000000000001
Brighton,2023-09-16 14:00:00,2023,-1.8331789892954944,Strong Short,Break,-0.5681880000000001,0.1682,0.4017,2023-09-24,Brighton,Bournemouth,home,3,1,H,7,1.36,5.25,7.5,-1.5,1.98,1.88,1.37,3.11,0.0591,0.037,7.5,False,3.11,False,1.88,-0.5,-1.0,-1.0,-0.5
Brighton,2023-09-24 13:00:00,2023,-2.441667911376649,Strong Short,Break,-0.8126180000000002,0.1682,0.4017,2023-09-30,Aston Villa,Brighton,away,6,1,H,5,2.55,3.75,2.55,0.0,1.93,1.93,1.43,2.84,0.051,0.0363,2.55,True,2.84,False,1.93,1.0,1.5499999999999998,-1.0,0.9299999999999999
Brighton,2023-09-30 11:30:00,2023,-1.6587104804580537,Strong Short,Break,-0.4981040000000001,0.1682,0.4017,2023-10-08,Brighton,Liverpool,home,2,2,D,7,3.0,3.8,2.2,0.25,1.96,1.87,1.35,3.22,0.051,0.045,2.2,False,3.22,False,1.87,-1.0,-1.0,-1.0,-1.0
Brighton,2023-10-08 13:00:00,2023,-1.7296240975852633,Strong Short,Break,-0.5265900000000002,0.1682,0.4017,2023-10-21,Manchester City,Brighton,away,2,1,H,12,1.4,5.25,6.5,-1.25,1.84,2.02,1.37,3.09,0.0586,0.0385,1.4,True,3.09,False,1.84,-1.0,0.3999999999999999,-1.0,-1.0
Brighton,2023-12-03 14:00:00,2023,-1.951487677371173,Strong Short,Break,-0.6157126,0.1682,0.4017,2023-12-06,Brighton,Brentford,home,2,1,H,2,1.91,3.8,3.75,-0.5,1.92,1.94,1.63,2.32,0.0534,0.0363,3.75,False,2.32,False,1.94,-0.5,-1.0,-1.0,-0.5
Brighton,2023-12-06 19:30:00,2023,-2.339324371421459,Strong Short,Break,-0.7715066,0.1682,0.4017,2023-12-09,Brighton,Burnley,home,1,1,D,2,1.5,4.75,6.0,-1.0,1.79,2.08,1.59,2.4,0.0439,0.0394,6.0,False,2.4,True,2.08,1.0,-1.0,1.4,1.08
Brighton,2024-01-22 19:45:00,2023,1.7579805825242716,Strong Long,Normal,0.8743808,0.1682,0.4017,2024-01-30,Luton,Brighton,away,4,0,H,7,4.2,4.2,1.75,0.75,1.88,1.96,1.65,2.28,0.0476,0.0421,1.75,False,1.65,True,1.96,-1.0,-1.0,0.6499999999999999,-1.0
Brighton,2024-01-30 19:45:00,2023,1.932541697784416,Strong Long,Normal,0.944502,0.1682,0.4017,2024-02-03,Brighton,Crystal Palace,home,4,1,H,3,1.7,4.0,4.75,-0.75,1.89,1.96,1.73,2.14,0.0488,0.0393,1.7,True,1.73,True,1.89,1.0,0.7,0.73,0.8899999999999999
Brighton,2024-05-05 13:00:00,2023,1.5142942494398803,Strong Long,Normal,0.776492,0.1682,0.4017,2024-05-11,Newcastle United,Brighton,away,1,1,D,5,1.57,4.75,4.75,-1.0,1.92,1.94,1.33,3.32,0.058,0.0363,4.75,False,1.33,False,1.94,1.0,-1.0,-1.0,0.94
Brighton,2024-05-11 14:00:00,2023,1.7567866567089867,Strong Long,Normal,0.8739011999999999,0.1682,0.4017,2024-05-15,Brighton,Chelsea,home,1,2,A,3,3.3,4.0,1.95,0.5,1.86,2.01,1.4,2.98,0.0659,0.0351,3.3,False,1.4,True,1.86,-0.5,-1.0,0.3999999999999999,-0.5
Brighton,2024-05-15 18:45:00,2023,1.973259148618372,Strong Long,Normal,0.9608582,0.1682,0.4017,2024-05-19,Brighton,Manchester United,home,0,2,A,3,2.15,4.0,2.9,-0.25,1.91,1.94,1.32,3.38,0.0599,0.039,2.15,False,1.32,False,1.91,-1.0,-1.0,-1.0,-1.0
Burnley,2017-08-12 15:00:00,2017,-2.549451974646514,Strong Short,Break,-0.6208926,-0.098,0.2051,2017-08-19,Burnley,West Bromwich Albion,home,0,1,A,6,2.63,3.2,3.0,-0.25,2.19,1.74,2.46,1.54,0.0261,0.0313,3.0,True,1.54,True,1.74,1.0,2.0,0.54,0.74
Burnley,2017-09-16 15:00:00,2017,-2.0854890297415896,Strong Short,Break,-0.5257338,-0.098,0.2051,2017-09-23,Burnley,Huddersfield,home,0,0,D,6,2.15,3.25,3.9,-0.25,1.85,2.03,2.4,1.57,0.0292,0.0332,3.9,False,1.57,True,2.03,1.0,-1.0,0.5700000000000001,1.0299999999999998
Burnley,2017-12-23 17:30:00,2017,1.5701569965870306,Strong Long,Break,0.2240392,-0.098,0.2051,2017-12-26,Manchester United,Burnley,away,2,2,D,2,1.25,6.5,15.0,-1.75,1.98,1.89,1.75,2.09,0.0205,0.0342,15.0,False,1.75,True,1.89,1.0,-1.0,0.75,0.8899999999999999
Burnley,2018-01-01 15:00:00,2017,1.8244807411019013,Strong Long,Normal,0.276201,-0.098,0.2051,2018-01-13,Crystal Palace,Burnley,away,1,0,H,11,2.0,3.29,4.5,-0.25,1.71,2.21,2.38,1.59,0.0262,0.0373,4.5,False,2.38,False,2.21,-1.0,-1.0,-1.0,-1.0
Burnley,2018-01-20 15:00:00,2017,1.8156743052169677,Strong Long,Normal,0.2743948,-0.098,0.2051,2018-01-31,Newcastle United,Burnley,away,1,1,D,10,2.2,3.2,3.89,-0.25,1.82,2.05,2.58,1.5,0.0241,0.0373,3.89,False,2.58,False,2.05,1.0,-1.0,-1.0,1.0499999999999998
Burnley,2018-01-31 19:45:00,2017,3.221882008776207,Strong Long,Normal,0.5628080000000001,-0.098,0.2051,2018-02-03,Burnley,Manchester City,home,1,1,D,2,13.0,6.0,1.28,1.75,1.81,2.05,1.68,2.2,0.0248,0.0403,13.0,False,1.68,False,1.81,1.0,-1.0,-1.0,0.81
Burnley,2018-02-03 12:30:00,2017,1.8437649926864943,Strong Long,Normal,0.2801562,-0.098,0.2051,2018-02-10,Swansea,Burnley,away,1,0,H,6,2.37,3.0,3.25,-0.25,2.05,1.82,2.76,1.44,0.063,0.0373,3.25,False,2.76,False,1.82,-1.0,-1.0,-1.0,-1.0
Burnley,2018-02-10 15:00:00,2017,2.3608425158459285,Strong Long,Normal,0.3862088,-0.098,0.2051,2018-02-24,Burnley,Southampton,home,1,1,D,13,2.89,3.1,2.79,0.25,1.66,2.29,2.55,1.51,0.027,0.0391,2.89,False,2.55,False,1.66,1.0,-1.0,-1.0,0.6599999999999999
Burnley,2018-02-24 15:00:00,2017,1.7503412969283274,Strong Long,Normal,0.260995,-0.098,0.2051,2018-03-03,Burnley,Everton,home,2,1,H,6,2.5,3.1,3.29,-0.25,2.06,1.82,2.6,1.5,0.0265,0.0349,2.5,True,2.6,True,2.06,1.0,1.5,1.6,1.06
Burnley,2018-03-03 12:30:00,2017,1.523159434422233,Strong Long,Normal,0.2144,-0.098,0.2051,2018-03-10,West Ham,Burnley,away,0,3,A,6,2.29,3.2,3.6,-0.25,1.92,1.94,2.46,1.55,0.027,0.0363,3.6,True,2.46,True,1.94,1.0,2.6,1.46,0.94
Burnley,2018-04-07 14:00:00,2017,-1.6335056070209653,Strong Short,Break,-0.433032,-0.098,0.2051,2018-04-14,Burnley,Leicester,home,2,1,H,6,2.62,3.2,3.0,-0.25,2.2,1.71,2.35,1.59,0.0275,0.0393,3.0,False,1.59,False,1.71,-1.0,-1.0,-1.0,-1.0
Burnley,2018-04-14 14:00:00,2017,-2.825382740126768,Strong Short,Break,-0.677486,-0.098,0.2051,2018-04-19,Burnley,Chelsea,home,1,2,A,4,4.0,3.39,1.9,0.75,1.72,2.17,2.15,1.7,0.0713,0.0422,1.9,True,1.7,False,2.17,1.0,0.8999999999999999,-1.0,1.17
Burnley,2018-04-19 18:45:00,2017,-3.9112901023890783,Strong Short,Break,-0.9002055999999999,-0.098,0.2051,2018-04-22,Stoke,Burnley,away,1,1,D,2,2.29,3.29,3.5,-0.25,1.92,1.94,2.41,1.56,0.0263,0.0363,2.29,False,1.56,True,1.92,-1.0,-1.0,0.56,-1.0
Burnley,2018-04-22 12:30:00,2017,-1.7720409556313994,Strong Short,Break,-0.4614456,-0.098,0.2051,2018-04-28,Burnley,Brighton,home,0,0,D,5,2.25,3.2,3.7,-0.25,1.89,1.97,2.45,1.55,0.0272,0.0367,3.7,False,1.55,True,1.97,1.0,-1.0,0.55,0.97
Burnley,2018-08-12 15:30:00,2018,3.4010193050193047,Strong Long,Normal,0.789164,-0.0917,0.259,2018-08-19,Burnley,Watford,home,1,3,A,6,2.45,3.1,3.4,-0.25,2.02,1.86,2.59,1.49,0.0249,0.0327,2.45,False,2.59,True,2.02,-1.0,-1.0,1.5899999999999999,-1.0
Burnley,2018-08-19 15:30:00,2018,2.4585884169884173,Strong Long,Normal,0.5450744000000001,-0.0917,0.259,2018-08-26,Fulham,Burnley,away,4,2,H,6,2.0,3.4,4.33,-0.25,1.69,2.22,2.22,1.65,0.0251,0.0422,4.33,False,2.22,True,2.22,-1.0,-1.0,1.2200000000000002,-1.0
Burnley,2018-09-02 15:00:00,2018,1.6133220077220076,Strong Long,Normal,0.3261504,-0.0917,0.259,2018-09-16,Wolverhampton Wanderers,Burnley,away,1,0,H,13,1.75,3.6,5.75,-1.0,2.4,1.59,2.28,1.63,0.0231,0.0456,5.75,False,2.28,False,1.59,0.0,-1.0,-1.0,0.0
Burnley,2018-09-16 12:30:00,2018,1.6497729729729729,Strong Long,Normal,0.3355912,-0.0917,0.259,2018-09-22,Burnley,Bournemouth,home,4,0,H,5,3.0,3.4,2.5,0.25,1.73,2.17,2.02,1.8,0.0275,0.0389,3.0,True,2.02,True,1.73,1.0,2.0,1.02,0.73
Burnley,2018-09-30 15:00:00,2018,-1.744215444015444,Strong Short,Break,-0.5434518,-0.0917,0.259,2018-10-06,Burnley,Huddersfield,home,1,1,D,5,2.14,3.1,4.2,-0.25,1.78,2.11,2.55,1.51,0.028,0.0357,4.2,False,1.51,True,2.11,1.0,-1.0,0.51,1.1099999999999999
Burnley,2018-10-06 14:00:00,2018,-1.9107729729729728,Strong Short,Break,-0.5865902000000001,-0.0917,0.259,2018-10-20,Manchester City,Burnley,away,5,0,H,13,1.08,13.0,34.0,-3.0,2.03,1.84,1.28,3.66,0.0323,0.0361,1.08,True,3.66,False,2.03,1.0,0.08000000000000007,-1.0,1.0299999999999998
Burnley,2018-10-20 14:00:00,2018,-2.4737027027027025,Strong Short,Break,-0.732389,-0.0917,0.259,2018-10-28,Burnley,Chelsea,home,0,4,A,7,11.0,5.0,1.36,1.5,1.8,2.07,1.79,2.02,0.0262,0.0386,1.36,True,2.02,False,2.07,1.0,0.3600000000000001,-1.0,1.0699999999999998
Burnley,2018-10-28 12:30:00,2018,-2.426726640926641,Strong Short,Break,-0.7202222,-0.0917,0.259,2018-11-03,West Ham,Burnley,away,4,2,H,5,1.75,3.75,5.25,-1.0,2.35,1.63,2.01,1.81,0.0286,0.039,1.75,True,1.81,False,2.35,1.0,0.75,-1.0,1.35
Burnley,2018-11-03 15:00:00,2018,-1.9724069498069496,Strong Short,Break,-0.6025534,-0.0917,0.259,2018-11-10,Leicester,Burnley,away,0,0,D,6,1.5,4.33,8.0,-1.0,1.82,2.06,1.86,1.95,0.0226,0.0349,1.5,False,1.95,True,1.82,-1.0,-1.0,0.95,-1.0
Burnley,2018-12-08 15:00:00,2018,1.9265173745173745,Strong Long,Normal,0.407268,-0.0917,0.259,2018-12-15,Tottenham,Burnley,away,1,0,H,6,1.18,8.0,19.0,-2.0,1.85,2.0,1.43,2.77,0.0251,0.0405,19.0,False,1.43,False,2.0,1.0,-1.0,-1.0,1.0
Burnley,2018-12-15 15:00:00,2018,1.990457915057915,Strong Long,Normal,0.4238286,-0.0917,0.259,2018-12-22,Arsenal,Burnley,away,3,1,H,6,1.25,6.5,15.0,-1.5,1.68,2.24,1.46,2.67,0.0205,0.0417,15.0,False,1.46,True,2.24,-0.5,-1.0,0.45999999999999996,-0.5
Burnley,2018-12-22 12:30:00,2018,1.6333150579150577,Strong Long,Normal,0.3313286,-0.0917,0.259,2018-12-26,Burnley,Everton,home,1,5,A,3,4.33,3.5,1.95,0.75,1.72,2.2,2.03,1.8,0.0295,0.0359,4.33,False,2.03,True,1.72,-1.0,-1.0,1.0299999999999998,-1.0
Burnley,2018-12-26 15:00:00,2018,2.084267181467181,Strong Long,Normal,0.4481251999999999,-0.0917,0.259,2018-12-30,Burnley,West Ham,home,2,0,H,3,3.3,3.2,2.25,0.25,1.92,1.95,1.91,1.9,0.06,0.0337,3.3,True,1.91,False,1.92,1.0,2.3,-1.0,0.9199999999999999
Burnley,2018-12-30 14:15:00,2018,2.73349498069498,Strong Long,Normal,0.6162751999999999,-0.0917,0.259,2019-01-02,Huddersfield,Burnley,away,1,2,A,2,2.14,3.1,4.2,-0.25,1.82,2.07,2.45,1.55,0.028,0.0325,4.2,True,2.45,True,2.07,1.0,3.2,1.4500000000000002,1.0699999999999998
Burnley,2019-01-02 19:45:00,2018,2.618112741312741,Strong Long,Normal,0.5863911999999999,-0.0917,0.259,2019-01-12,Burnley,Fulham,home,2,1,H,9,2.4,3.3,3.25,-0.25,2.02,1.87,2.08,1.76,0.0274,0.0298,2.4,True,2.08,True,2.02,1.0,1.4,1.08,1.02
Burnley,2019-01-19 15:00:00,2018,2.8488424710424707,Strong Long,Normal,0.6461501999999999,-0.0917,0.259,2019-01-29,Manchester United,Burnley,away,2,2,D,9,1.28,6.0,12.0,-1.5,1.82,2.06,1.55,2.45,0.0312,0.0349,12.0,False,1.55,True,2.06,1.0,-1.0,0.55,1.06
Burnley,2019-03-02 15:00:00,2018,1.5648880308880309,Strong Long,Break,0.313606,-0.0917,0.259,2019-03-10,Liverpool,Burnley,away,4,2,H,7,1.16,8.5,21.0,-2.25,2.08,1.8,1.44,2.75,0.0273,0.0363,21.0,False,1.44,True,1.8,1.0,-1.0,0.43999999999999995,0.8
Burnley,2019-04-06 15:00:00,2018,-2.339184555984556,Strong Short,Break,-0.6975488000000001,-0.0917,0.259,2019-04-13,Burnley,Cardiff,home,2,0,H,6,1.9,3.6,4.5,-1.0,2.74,1.48,2.06,1.77,0.0263,0.0406,4.5,False,1.77,True,1.48,-1.0,-1.0,0.77,-1.0
Burnley,2019-04-13 15:00:00,2018,-2.3894857142857138,Strong Short,Break,-0.7105767999999999,-0.0917,0.259,2019-04-22,Chelsea,Burnley,away,2,2,D,8,1.25,6.25,15.0,-1.5,1.77,2.1,1.62,2.29,0.0267,0.0412,1.25,False,2.29,False,1.77,-1.0,-1.0,-1.0,-1.0
Burnley,2019-04-22 20:00:00,2018,-2.144530501930501,Strong Short,Break,-0.6471333999999999,-0.0917,0.259,2019-04-28,Burnley,Manchester City,home,0,1,A,5,23.0,9.0,1.14,2.0,2.2,1.71,1.41,2.88,0.0318,0.0393,1.14,True,2.88,True,1.71,-1.0,0.1399999999999999,1.88,-1.0
Burnley,2019-04-28 14:05:00,2018,-2.206383088803089,Strong Short,Break,-0.6631532200000001,-0.0917,0.259,2019-05-03,Everton,Burnley,away,2,0,H,4,1.66,4.0,5.75,-1.0,2.16,1.75,1.84,1.99,0.0263,0.0344,1.66,True,1.99,True,2.16,1.0,0.6599999999999999,0.99,1.1600000000000001
Burnley,2019-12-14 15:00:00,2019,1.7327768899815608,Strong Long,Normal,0.5045455999999999,-0.0593,0.3254,2019-12-21,Bournemouth,Burnley,away,0,1,A,6,2.4,3.4,2.9,-0.25,2.09,1.8,1.92,1.9,0.0556,0.034,2.9,True,1.92,False,1.8,1.0,1.9,-1.0,0.8
Burnley,2020-01-11 15:00:00,2019,1.5084935464044251,Strong Long,Normal,0.4315638,-0.0593,0.3254,2020-01-19,Burnley,Leicester,home,2,1,H,7,4.33,3.75,1.83,0.5,2.0,1.87,1.85,1.96,0.0441,0.0348,4.33,True,1.85,True,2.0,1.0,3.33,0.8500000000000001,1.0
Burnley,2020-01-19 14:00:00,2019,1.7325513214505228,Strong Long,Normal,0.5044722000000001,-0.0593,0.3254,2020-01-22,Manchester United,Burnley,away,0,2,A,2,1.36,4.75,9.0,-1.25,1.95,1.92,1.81,2.02,0.0569,0.0337,9.0,True,1.81,False,1.92,1.0,8.0,-1.0,0.9199999999999999
Burnley,2020-02-02 14:00:00,2019,1.7393060848186848,Strong Long,Normal,0.5066702000000001,-0.0593,0.3254,2020-02-15,Southampton,Burnley,away,1,2,A,12,1.75,3.8,4.75,-0.75,2.03,1.85,1.96,1.86,0.0451,0.0332,4.75,True,1.96,True,1.85,1.0,3.75,0.96,0.8500000000000001
Burnley,2020-06-25 17:00:00,2019,2.0538394591272278,Strong Long,Normal,0.6090193599999998,-0.0593,0.3254,2020-06-29,Crystal Palace,Burnley,away,0,1,A,3,2.25,3.2,3.4,-0.25,1.95,1.92,2.42,1.57,0.0511,0.0337,3.4,True,2.42,False,1.92,1.0,2.4,-1.0,0.9199999999999999
Burnley,2020-06-29 19:00:00,2019,1.5993563614013515,Strong Long,Normal,0.4611305599999999,-0.0593,0.3254,2020-07-05,Burnley,Sheffield United,home,1,1,D,5,2.9,3.0,2.7,0.0,1.99,1.89,2.65,1.49,0.0485,0.0316,2.9,False,2.65,False,1.99,0.0,-1.0,-1.0,0.0
Burnley,2020-11-23 17:30:00,2020,2.20741893158388,Strong Long,Normal,0.7046948,-0.0019,0.3201,2020-11-28,Manchester City,Burnley,away,5,0,H,4,1.16,7.5,16.0,-2.25,2.04,1.82,1.45,2.74,0.0579,0.0396,16.0,False,1.45,True,1.82,-1.0,-1.0,0.44999999999999996,-1.0
Burnley,2020-11-28 15:00:00,2020,1.7916469853170884,Strong Long,Normal,0.5716062,-0.0019,0.3201,2020-12-05,Burnley,Everton,home,1,1,D,6,4.0,3.5,1.9,0.5,1.91,1.95,2.01,1.81,0.062,0.0364,4.0,False,2.01,False,1.91,0.5,-1.0,-1.0,0.45499999999999996
Burnley,2021-01-21 20:00:00,2020,1.658282411746329,Strong Long,Normal,0.5289162,-0.0019,0.3201,2021-01-27,Burnley,Aston Villa,home,3,2,H,5,3.8,3.5,1.95,0.5,1.87,2.0,1.9,1.92,0.0617,0.0348,3.8,True,1.9,True,1.87,1.0,2.8,0.8999999999999999,0.8700000000000001
Burnley,2021-04-25 11:00:00,2020,-1.6846085598250549,Strong Short,Break,-0.5411432,-0.0019,0.3201,2021-05-03,Burnley,West Ham,home,1,2,A,7,3.1,3.6,2.2,0.25,1.91,1.96,1.9,1.92,0.0549,0.0338,2.2,True,1.92,False,1.96,1.0,1.2000000000000002,-1.0,0.96
Burnley,2021-08-14 14:00:00,2021,1.9861620591039084,Strong Long,Normal,0.6525451999999999,0.0275,0.3147,2021-08-21,Liverpool,Burnley,away,2,0,H,6,1.18,7.5,13.0,-2.0,2.07,1.81,1.54,2.5,0.0577,0.0356,13.0,False,1.54,False,1.81,0.0,-1.0,-1.0,0.0
Burnley,2021-08-21 11:30:00,2021,2.6421226564982523,Strong Long,Normal,0.858976,0.0275,0.3147,2021-08-29,Burnley,Leeds,home,1,1,D,7,3.1,3.5,2.25,0.25,1.87,2.01,1.77,2.09,0.0527,0.0323,3.1,False,1.77,False,1.87,1.0,-1.0,-1.0,0.8700000000000001
Burnley,2021-08-29 13:00:00,2021,2.1957546870034954,Strong Long,Normal,0.7185039999999999,0.0275,0.3147,2021-09-13,Everton,Burnley,away,3,1,H,14,1.7,3.75,5.0,-0.75,1.97,1.91,1.99,1.85,0.0549,0.0312,5.0,False,1.99,True,1.91,-1.0,-1.0,0.99,-1.0
Burnley,2021-09-13 19:00:00,2021,2.185307912297426,Strong Long,Normal,0.7152163999999999,0.0275,0.3147,2021-09-18,Burnley,Arsenal,home,0,1,A,4,3.8,3.6,1.95,0.5,1.86,2.03,2.03,1.82,0.0538,0.0302,3.8,False,2.03,False,1.86,-0.5,-1.0,-1.0,-0.5
Burnley,2021-09-18 14:00:00,2021,2.3232589768033045,Strong Long,Normal,0.7586295999999999,0.0275,0.3147,2021-09-25,Leicester,Burnley,away,2,2,D,6,1.57,4.0,6.0,-1.0,2.04,1.85,1.86,1.98,0.0536,0.0307,6.0,False,1.86,True,1.85,1.0,-1.0,0.8600000000000001,0.8500000000000001
Burnley,2021-11-20 15:00:00,2021,-1.8695856371147124,Strong Short,Break,-0.5608586,0.0275,0.3147,2021-12-01,Wolverhampton Wanderers,Burnley,away,0,0,D,10,1.85,3.5,4.33,-0.5,1.96,1.92,2.22,1.67,0.0572,0.031,1.85,False,1.67,True,1.96,-0.5,-1.0,0.6699999999999999,-0.5
Burnley,2021-12-01 19:30:00,2021,-2.429898951382269,Strong Short,Break,-0.7371892000000001,0.0275,0.3147,2021-12-04,Newcastle United,Burnley,away,1,0,H,2,2.3,3.3,3.2,-0.25,2.0,1.89,1.94,1.9,0.0503,0.0291,2.3,True,1.9,True,2.0,1.0,1.2999999999999998,0.8999999999999999,1.0
Burnley,2023-12-23 15:00:00,2023,-1.6037487654320983,Strong Short,Break,-0.4667146,0.0529,0.324,2023-12-26,Burnley,Liverpool,home,0,2,A,2,6.5,5.25,1.4,1.5,1.83,2.04,1.45,2.73,0.0586,0.0366,1.4,True,2.73,True,2.04,0.5,0.3999999999999999,1.73,0.52
Chelsea,2017-08-27 13:30:00,2017,-1.7564020598138237,Strong Short,Break,-1.2493073999999995,-0.3625,0.5049,2017-09-09,Leicester,Chelsea,away,1,2,A,12,4.75,3.9,1.8,0.75,1.83,2.06,1.86,1.96,0.0225,0.0319,4.75,False,1.96,False,1.83,-1.0,-1.0,-1.0,-1.0
Chelsea,2017-09-09 15:00:00,2017,-1.603389582095465,Strong Short,Break,-1.1720514000000002,-0.3625,0.5049,2017-09-17,Chelsea,Arsenal,home,0,0,D,7,1.8,4.0,4.5,-0.75,2.02,1.85,1.62,2.3,0.0278,0.0356,4.5,False,2.3,True,1.85,1.0,-1.0,1.2999999999999998,0.8500000000000001
Chelsea,2017-12-23 12:30:00,2017,1.620099029510794,Strong Long,Normal,0.455488,-0.3625,0.5049,2017-12-26,Chelsea,Brighton,home,2,0,H,2,1.19,7.5,17.0,-2.0,2.08,1.81,1.66,2.22,0.0325,0.0333,1.19,True,1.66,False,2.08,0.0,0.18999999999999995,-1.0,0.0
Chelsea,2017-12-26 15:00:00,2017,1.6563042186571597,Strong Long,Normal,0.4737680000000001,-0.3625,0.5049,2017-12-30,Chelsea,Stoke,home,5,0,H,3,1.16,8.5,19.0,-2.0,1.84,2.02,1.46,2.79,0.0323,0.0385,1.16,True,1.46,True,1.84,1.0,0.15999999999999992,0.45999999999999996,0.8400000000000001
Chelsea,2018-04-01 16:00:00,2017,1.619180431768667,Strong Long,Normal,0.4550242,-0.3625,0.5049,2018-04-08,Chelsea,West Ham,home,1,1,D,6,1.28,6.0,12.0,-1.75,1.99,1.86,1.58,2.39,0.0312,0.0401,1.28,False,1.58,False,1.99,-1.0,-1.0,-1.0,-1.0
Chelsea,2018-04-08 15:30:00,2017,2.308734798970093,Strong Long,Normal,0.8031801999999999,-0.3625,0.5049,2018-04-14,Southampton,Chelsea,away,2,3,A,5,4.5,3.75,1.85,0.5,2.03,1.84,2.0,1.82,0.0294,0.0361,1.85,True,2.0,True,1.84,0.5,0.8500000000000001,1.0,0.42000000000000004
Chelsea,2019-01-02 19:45:00,2018,1.6143314516129033,Strong Long,Normal,0.5607084,-0.24,0.496,2019-01-12,Chelsea,Newcastle United,home,2,1,H,9,1.22,7.0,15.0,-2.0,2.25,1.68,1.68,2.21,0.0292,0.0397,1.22,True,1.68,True,2.25,-1.0,0.21999999999999997,0.6799999999999999,-1.0
Chelsea,2019-04-14 16:30:00,2018,1.5130995967741936,Strong Long,Normal,0.5104974,-0.24,0.496,2019-04-22,Chelsea,Burnley,home,2,2,D,7,1.25,6.25,15.0,-1.5,1.77,2.1,1.62,2.29,0.0267,0.0412,1.25,False,1.62,True,1.77,-1.0,-1.0,0.6200000000000001,-1.0
Chelsea,2019-08-18 16:30:00,2019,1.7212672762066763,Strong Long,Normal,0.636712,-0.1728,0.4703,2019-08-24,Norwich,Chelsea,away,2,3,A,5,4.33,3.75,1.8,0.75,1.84,2.05,1.56,2.44,0.0532,0.0313,1.8,True,1.56,True,2.05,1.0,0.8,0.56,1.0499999999999998
Chelsea,2019-12-04 19:30:00,2019,2.0692681267276205,Strong Long,Normal,0.8003767999999999,-0.1728,0.4703,2019-12-07,Everton,Chelsea,away,3,1,H,2,3.5,3.75,2.0,0.5,1.86,2.02,1.69,2.18,0.0524,0.0327,2.0,False,1.69,True,2.02,-1.0,-1.0,0.69,-1.0
Chelsea,2019-12-07 12:30:00,2019,2.100826706357644,Strong Long,Normal,0.8152187999999999,-0.1728,0.4703,2019-12-14,Chelsea,Bournemouth,home,0,1,A,6,1.25,6.0,12.0,-1.75,1.85,2.02,1.4,2.94,0.05,0.0356,1.25,False,1.4,False,1.85,-1.0,-1.0,-1.0,-1.0
Chelsea,2019-12-14 15:00:00,2019,2.412185413565809,Strong Long,Normal,0.9616508,-0.1728,0.4703,2019-12-22,Tottenham,Chelsea,away,0,2,A,7,2.37,3.75,2.75,-0.25,2.06,1.81,1.59,2.37,0.0522,0.0379,2.75,True,1.59,False,1.81,1.0,1.75,-1.0,0.81
Chelsea,2019-12-22 16:30:00,2019,2.273238358494578,Strong Long,Normal,0.896304,-0.1728,0.4703,2019-12-26,Chelsea,Southampton,home,0,2,A,3,1.33,5.25,9.0,-1.5,1.99,1.87,1.49,2.62,0.0535,0.0373,1.33,False,1.49,False,1.99,-1.0,-1.0,-1.0,-1.0
Chelsea,2020-01-18 17:30:00,2019,1.5846451201360832,Strong Long,Normal,0.5724585999999999,-0.1728,0.4703,2020-01-21,Chelsea,Arsenal,home,2,2,D,2,1.72,3.9,4.5,-0.75,1.94,1.94,1.68,2.2,0.06,0.0309,1.72,False,1.68,True,1.94,-1.0,-1.0,0.6799999999999999,-1.0
Chelsea,2020-01-21 20:15:00,2019,1.808394641718052,Strong Long,Normal,0.677688,-0.1728,0.4703,2020-02-01,Leicester,Chelsea,away,2,2,D,10,2.5,3.6,2.7,0.0,1.87,1.99,1.69,2.18,0.0481,0.0373,2.7,False,1.69,True,1.99,0.0,-1.0,0.69,0.0
Chelsea,2020-02-17 20:00:00,2019,1.670426961513927,Strong Long,Normal,0.6128018,-0.1728,0.4703,2020-02-22,Chelsea,Tottenham,home,2,1,H,4,1.72,4.0,4.5,-0.75,1.95,1.93,1.81,2.02,0.0536,0.031,1.72,True,1.81,True,1.95,1.0,0.72,0.81,0.95
Chelsea,2020-02-22 12:30:00,2019,1.630282372953434,Strong Long,Normal,0.5939218,-0.1728,0.4703,2020-02-29,Bournemouth,Chelsea,away,2,2,D,6,4.75,3.8,1.72,0.75,1.87,1.99,1.8,2.03,0.0551,0.0373,1.72,False,1.8,True,1.99,-1.0,-1.0,0.8,-1.0
Chelsea,2020-10-31 15:00:00,2020,-1.749980912863071,Strong Short,Break,-0.9374908000000002,-0.094,0.482,2020-11-07,Chelsea,Sheffield United,home,4,1,H,6,1.36,5.0,8.5,-1.25,1.9,1.97,1.69,2.19,0.0529,0.0339,8.5,False,2.19,False,1.97,-1.0,-1.0,-1.0,-1.0
Chelsea,2020-11-07 17:30:00,2020,-1.9509103734439837,Strong Short,Break,-1.0343388,-0.094,0.482,2020-11-21,Newcastle United,Chelsea,away,0,2,A,13,6.5,4.75,1.45,1.0,2.08,1.81,1.66,2.24,0.054,0.0333,6.5,False,2.24,True,2.08,-1.0,-1.0,1.2400000000000002,-1.0
Chelsea,2020-12-15 18:00:00,2020,1.9637738589211615,Strong Long,Normal,0.8525389999999999,-0.094,0.482,2020-12-21,Chelsea,West Ham,home,3,0,H,5,1.44,5.0,6.25,-1.0,1.79,2.07,1.55,2.44,0.0544,0.0418,1.44,True,1.55,True,1.79,1.0,0.43999999999999995,0.55,0.79
Chelsea,2020-12-21 20:00:00,2020,1.7946203319502074,Strong Long,Normal,0.771007,-0.094,0.482,2020-12-26,Arsenal,Chelsea,away,3,1,H,4,4.0,3.6,1.9,0.5,1.94,1.91,1.91,1.91,0.0541,0.039,1.9,False,1.91,True,1.91,-1.0,-1.0,0.9099999999999999,-1.0
Chelsea,2020-12-26 17:30:00,2020,1.910547717842324,Strong Long,Normal,0.8268840000000001,-0.094,0.482,2020-12-28,Chelsea,Aston Villa,home,1,1,D,1,1.61,4.2,5.0,-0.75,1.87,2.01,1.55,2.45,0.0592,0.0323,1.61,False,1.55,False,1.87,-1.0,-1.0,-1.0,-1.0
Chelsea,2021-02-28 16:30:00,2020,1.5222697095435684,Strong Long,Normal,0.639734,-0.094,0.482,2021-03-04,Liverpool,Chelsea,away,0,1,A,3,2.25,3.6,3.0,-0.25,1.97,1.92,1.78,2.05,0.0556,0.0284,3.0,True,1.78,False,1.92,1.0,2.0,-1.0,0.9199999999999999
Chelsea,2021-04-03 11:30:00,2020,1.648030705394191,Strong Long,Normal,0.7003508,-0.094,0.482,2021-04-10,Crystal Palace,Chelsea,away,1,4,A,6,7.0,3.8,1.53,1.0,1.92,1.96,2.08,1.76,0.0596,0.031,1.53,True,2.08,True,1.96,1.0,0.53,1.08,0.96
Chelsea,2021-04-24 16:30:00,2020,1.735635684647303,Strong Long,Normal,0.7425763999999999,-0.094,0.482,2021-05-01,Chelsea,Fulham,home,2,0,H,6,1.44,4.4,7.5,-1.0,1.83,2.05,2.03,1.8,0.0551,0.0343,1.44,True,2.03,False,1.83,1.0,0.43999999999999995,-1.0,0.8300000000000001
Chelsea,2021-08-22 15:30:00,2021,1.9213153724247225,Strong Long,Normal,0.93838,-0.0315,0.5048,2021-08-28,Liverpool,Chelsea,away,1,1,D,5,2.45,3.3,2.9,0.0,1.79,2.12,2.02,1.83,0.056,0.0304,2.9,False,2.02,False,2.12,0.0,-1.0,-1.0,0.0
Chelsea,2021-10-23 11:30:00,2021,-1.5513557844690968,Strong Short,Break,-0.8146244000000001,-0.0315,0.5048,2021-10-30,Newcastle United,Chelsea,away,0,3,A,6,8.5,5.0,1.36,1.25,2.01,1.88,1.74,2.12,0.0529,0.0294,8.5,False,2.12,False,2.01,-1.0,-1.0,-1.0,-1.0
Chelsea,2021-10-30 14:00:00,2021,-1.718083201267829,Strong Short,Break,-0.8987884000000002,-0.0315,0.5048,2021-11-06,Chelsea,Burnley,home,1,1,D,6,1.25,6.0,12.0,-1.75,2.05,1.84,1.7,2.2,0.05,0.0313,12.0,False,2.2,True,1.84,1.0,-1.0,1.2000000000000002,0.8400000000000001
Chelsea,2023-01-21 12:30:00,2022,2.242228280773144,Strong Long,Normal,1.0480552,-0.054,0.4915,2023-02-03,Chelsea,Fulham,home,0,0,D,12,1.62,4.0,5.25,-1.0,2.09,1.8,1.88,1.95,0.0578,0.034,1.62,False,1.88,False,2.09,-1.0,-1.0,-1.0,-1.0
Chelsea,2023-02-03 20:00:00,2022,2.666098067141404,Strong Long,Normal,1.2563871999999998,-0.054,0.4915,2023-02-11,West Ham,Chelsea,away,1,1,D,7,3.3,3.3,2.25,0.25,1.93,1.94,2.24,1.67,0.0505,0.0336,2.25,False,2.24,False,1.94,-1.0,-1.0,-1.0,-1.0
Chelsea,2023-02-11 12:30:00,2022,2.424750762970498,Strong Long,Normal,1.1377649999999997,-0.054,0.4915,2023-02-18,Chelsea,Southampton,home,0,1,A,6,1.4,4.75,8.5,-1.25,1.88,1.99,1.93,1.9,0.0425,0.0344,1.4,False,1.93,False,1.88,-1.0,-1.0,-1.0,-1.0
Chelsea,2023-02-18 15:00:00,2022,2.5135076297049843,Strong Long,Normal,1.1813889999999998,-0.054,0.4915,2023-02-26,Tottenham,Chelsea,away,2,0,H,7,2.55,3.25,2.9,0.0,1.81,2.08,2.04,1.81,0.0447,0.0333,2.9,False,2.04,False,2.08,-1.0,-1.0,-1.0,-1.0
Chelsea,2023-02-26 13:30:00,2022,2.1604703967446595,Strong Long,Normal,1.0078712,-0.054,0.4915,2023-03-04,Chelsea,Leeds,home,1,0,H,5,1.62,4.0,5.5,-0.75,1.8,2.09,1.9,1.93,0.0491,0.034,1.62,True,1.9,False,1.8,1.0,0.6200000000000001,-1.0,0.8
Chelsea,2023-03-04 15:00:00,2022,1.7629648016276702,Strong Long,Normal,0.8124971999999998,-0.054,0.4915,2023-03-11,Leicester,Chelsea,away,1,3,A,6,3.75,3.5,1.95,0.5,1.87,2.01,1.98,1.85,0.0652,0.0323,1.95,True,1.98,True,2.01,1.0,0.95,0.98,1.0099999999999998
Chelsea,2023-04-04 19:00:00,2022,1.66922482197355,Strong Long,Normal,0.7664239999999998,-0.054,0.4915,2023-04-08,Wolverhampton Wanderers,Chelsea,away,1,0,H,3,4.2,3.5,1.91,0.5,1.92,1.94,2.16,1.7,0.0474,0.0363,1.91,False,2.16,False,1.94,-1.0,-1.0,-1.0,-1.0
Chelsea,2023-04-08 14:00:00,2022,1.6478649033570698,Strong Long,Normal,0.7559255999999998,-0.054,0.4915,2023-04-15,Chelsea,Brighton,home,1,2,A,6,2.63,3.4,2.63,0.0,1.92,1.93,1.91,1.91,0.0546,0.039,2.63,False,1.91,True,1.92,-1.0,-1.0,0.9099999999999999,-1.0
Chelsea,2023-04-15 14:00:00,2022,2.0419768056968457,Strong Long,Normal,0.9496315999999996,-0.054,0.4915,2023-04-26,Chelsea,Brentford,home,0,2,A,10,1.7,4.0,4.75,-0.75,1.9,1.96,1.95,1.87,0.0488,0.0365,1.7,False,1.95,False,1.9,-1.0,-1.0,-1.0,-1.0
Chelsea,2023-04-26 18:45:00,2022,2.5754335707019327,Strong Long,Normal,1.2118255999999998,-0.054,0.4915,2023-05-02,Arsenal,Chelsea,away,3,1,H,5,1.6,4.0,5.5,-1.0,1.98,1.89,1.75,2.1,0.0568,0.0342,5.5,False,1.75,True,1.89,-1.0,-1.0,0.75,-1.0
Chelsea,2023-05-02 19:00:00,2022,1.5194669379450656,Strong Long,Normal,0.6928179999999997,-0.054,0.4915,2023-05-06,Bournemouth,Chelsea,away,1,3,A,3,3.3,3.5,2.15,0.25,1.99,1.86,1.95,1.88,0.0539,0.0401,2.15,True,1.95,True,1.86,1.0,1.15,0.95,0.8600000000000001
Chelsea,2023-08-20 15:30:00,2023,1.7417208111833031,Strong Long,Normal,0.8802199999999998,-0.0044,0.5079,2023-08-25,Chelsea,Luton,home,3,0,H,4,1.29,5.5,11.0,-1.5,1.89,1.98,1.66,2.27,0.0479,0.0342,1.29,True,1.66,True,1.89,1.0,0.29000000000000004,0.6599999999999999,0.8899999999999999
Chelsea,2023-09-02 14:00:00,2023,2.079775546367395,Strong Long,Normal,1.051918,-0.0044,0.5079,2023-09-17,Bournemouth,Chelsea,away,0,0,D,14,4.33,3.75,1.8,0.75,1.85,1.99,1.64,2.3,0.0532,0.0431,1.8,False,1.64,False,1.99,-1.0,-1.0,-1.0,-1.0
Chelsea,2023-09-17 13:00:00,2023,2.228438669029336,Strong Long,Normal,1.127424,-0.0044,0.5079,2023-09-24,Chelsea,Aston Villa,home,0,1,A,6,1.91,3.75,3.8,-0.5,1.9,1.97,1.7,2.2,0.0534,0.0339,1.91,False,1.7,False,1.9,-1.0,-1.0,-1.0,-1.0
Chelsea,2023-09-24 13:00:00,2023,2.332624532388265,Strong Long,Normal,1.18034,-0.0044,0.5079,2023-10-02,Fulham,Chelsea,away,0,2,A,7,3.6,3.5,2.05,0.5,1.82,2.05,1.93,1.89,0.0513,0.0373,2.05,True,1.93,False,2.05,1.0,1.0499999999999998,-1.0,1.0499999999999998
Chelsea,2023-10-02 19:00:00,2023,2.0866902933648355,Strong Long,Normal,1.05543,-0.0044,0.5079,2023-10-07,Burnley,Chelsea,away,1,4,A,4,4.5,3.8,1.73,0.75,1.89,1.94,1.8,2.04,0.0634,0.0446,1.73,True,1.8,True,1.94,1.0,0.73,0.8,0.94
Chelsea,2023-12-27 19:30:00,2023,1.9753699547154948,Strong Long,Normal,0.9988903999999998,-0.0044,0.5079,2023-12-30,Luton,Chelsea,away,2,3,A,2,6.5,4.2,1.5,1.0,2.01,1.86,1.66,2.27,0.0586,0.0351,1.5,True,1.66,True,1.86,0.0,0.5,0.6599999999999999,0.0
Crystal Palace,2017-09-10 13:30:00,2017,2.2260433140266933,Strong Long,Normal,0.9133618,0.0294,0.3971,2017-09-16,Crystal Palace,Southampton,home,0,1,A,5,3.0,3.3,2.6,0.0,2.07,1.81,2.3,1.62,0.021,0.0356,3.0,False,2.3,False,2.07,-1.0,-1.0,-1.0,-1.0
Crystal Palace,2017-09-16 12:30:00,2017,3.0977783933518004,Strong Long,Normal,1.2595278,0.0294,0.3971,2017-09-23,Manchester City,Crystal Palace,away,5,0,H,6,1.14,10.0,21.0,-2.25,1.86,2.02,1.36,3.13,0.0248,0.0327,21.0,False,1.36,True,2.02,-1.0,-1.0,0.3600000000000001,-1.0
Crystal Palace,2017-09-23 15:00:00,2017,2.907440443213296,Strong Long,Normal,1.1839445999999998,0.0294,0.3971,2017-09-30,Manchester United,Crystal Palace,away,4,0,H,6,1.17,7.0,15.0,-2.0,1.89,1.98,1.58,2.36,0.0642,0.0342,15.0,False,1.58,True,1.98,-1.0,-1.0,0.5800000000000001,-1.0
Crystal Palace,2017-09-30 15:00:00,2017,2.6641551246537394,Strong Long,Normal,1.087336,0.0294,0.3971,2017-10-14,Crystal Palace,Chelsea,home,2,1,H,13,9.0,5.0,1.4,1.25,1.89,1.98,1.81,1.99,0.0254,0.0342,9.0,True,1.81,True,1.89,1.0,8.0,0.81,0.8899999999999999
Crystal Palace,2017-10-14 15:00:00,2017,2.0092969025434395,Strong Long,Normal,0.8272917999999999,0.0294,0.3971,2017-10-21,Newcastle United,Crystal Palace,away,1,0,H,6,2.0,3.5,4.2,-0.25,1.69,2.24,2.05,1.77,0.0238,0.0381,4.2,False,2.05,False,2.24,-1.0,-1.0,-1.0,-1.0
Crystal Palace,2017-12-09 15:00:00,2017,1.6982301687232433,Strong Long,Normal,0.7037671999999999,0.0294,0.3971,2017-12-12,Crystal Palace,Watford,home,2,1,H,2,2.29,3.5,3.25,-0.25,1.94,1.92,1.84,1.98,0.0301,0.0363,2.29,True,1.84,True,1.94,1.0,1.29,0.8400000000000001,0.94
Crystal Palace,2018-02-10 15:00:00,2017,1.501642911105515,Strong Long,Normal,0.6257024,0.0294,0.3971,2018-02-25,Crystal Palace,Tottenham,home,0,1,A,14,7.5,4.5,1.5,1.25,1.81,2.07,1.73,2.11,0.0222,0.0356,7.5,False,1.73,False,1.81,1.0,-1.0,-1.0,0.81
Crystal Palace,2018-05-05 12:30:00,2017,-2.1241677159405694,Strong Short,Break,-0.8141070000000001,0.0294,0.3971,2018-05-13,Crystal Palace,West Bromwich Albion,home,2,0,H,7,1.8,3.79,4.75,-0.75,1.94,1.91,1.75,2.07,0.0299,0.039,4.75,False,2.07,True,1.91,-1.0,-1.0,1.0699999999999998,-1.0
Crystal Palace,2018-08-11 17:00:00,2018,-1.7525424117377353,Strong Short,Break,-0.6544590000000001,0.11,0.4362,2018-08-20,Crystal Palace,Liverpool,home,0,2,A,8,7.0,5.0,1.44,1.25,1.93,1.94,1.55,2.43,0.0373,0.0336,1.44,True,2.43,True,1.94,1.0,0.43999999999999995,1.4300000000000002,0.94
Crystal Palace,2018-08-20 22:00:00,2018,-1.6671306740027514,Strong Short,Break,-0.6172024000000002,0.11,0.4362,2018-08-26,Watford,Crystal Palace,away,2,1,H,5,2.6,3.25,3.0,-0.25,2.16,1.73,2.13,1.71,0.0256,0.041,2.6,True,1.71,False,2.16,1.0,1.6,-1.0,1.1600000000000001
Crystal Palace,2018-12-22 15:00:00,2018,-1.605486932599725,Strong Short,Break,-0.5903134,0.11,0.4362,2018-12-26,Crystal Palace,Cardiff,home,0,0,D,3,1.66,4.0,5.75,-1.0,2.13,1.76,1.9,1.91,0.0263,0.0377,5.75,False,1.91,True,1.76,1.0,-1.0,0.9099999999999999,0.76
Crystal Palace,2019-03-30 15:00:00,2018,-1.5053030719853278,Strong Short,Break,-0.5466131999999999,0.11,0.4362,2019-04-03,Tottenham,Crystal Palace,away,2,0,H,3,1.45,5.0,7.5,-1.0,1.75,2.13,1.65,2.24,0.023,0.0409,1.45,True,2.24,True,1.75,1.0,0.44999999999999996,1.2400000000000002,0.75
Crystal Palace,2019-08-24 15:00:00,2019,-1.824828941285252,Strong Short,Break,-0.708121,0.0813,0.4326,2019-08-31,Crystal Palace,Aston Villa,home,1,0,H,6,2.15,3.3,3.5,-0.25,1.89,2.0,1.97,1.86,0.0539,0.0291,3.5,False,1.86,True,2.0,-1.0,-1.0,0.8600000000000001,-1.0
Crystal Palace,2020-12-06 12:00:00,2020,-1.9354055415617128,Strong Short,Break,-0.6781560000000001,0.0902,0.397,2020-12-13,Crystal Palace,Tottenham,home,1,1,D,6,4.5,3.9,1.72,0.75,1.88,1.98,1.9,1.91,0.06,0.037,1.72,False,1.91,True,1.98,-1.0,-1.0,0.9099999999999999,-1.0
Crystal Palace,2020-12-13 14:15:00,2020,-1.9144166246851388,Strong Short,Break,-0.6698234000000001,0.0902,0.397,2020-12-16,West Ham,Crystal Palace,away,1,1,D,2,2.05,3.4,3.6,-0.25,1.81,2.07,1.97,1.84,0.0597,0.0356,2.05,False,1.84,True,1.81,-1.0,-1.0,0.8400000000000001,-1.0
Crystal Palace,2021-01-26 18:00:00,2020,-1.5821226196473552,Strong Short,Break,-0.5379026800000001,0.0902,0.397,2021-01-30,Crystal Palace,Wolverhampton Wanderers,home,1,0,H,3,2.87,3.2,2.55,0.0,2.06,1.81,2.46,1.56,0.0531,0.0379,2.55,False,1.56,True,1.81,-1.0,-1.0,0.56,-1.0
Crystal Palace,2022-04-04 19:00:00,2021,-2.094873350923483,Strong Short,Break,-0.7470570000000001,0.0469,0.379,2022-04-10,Leicester,Crystal Palace,away,2,1,H,5,2.37,3.3,2.9,-0.25,2.07,1.82,1.95,1.88,0.0698,0.0325,2.37,True,1.88,False,2.07,1.0,1.37,-1.0,1.0699999999999998
Crystal Palace,2023-01-15 14:00:00,2022,1.5238463656387664,Strong Long,Normal,0.588961,0.0355,0.3632,2023-01-18,Crystal Palace,Manchester United,home,1,1,D,2,4.5,3.6,1.8,0.75,1.84,2.02,1.93,1.9,0.0556,0.0385,4.5,False,1.93,False,1.84,1.0,-1.0,-1.0,0.8400000000000001
Crystal Palace,2023-04-29 11:30:00,2022,-2.1036668502202645,Strong Short,Break,-0.7285518000000002,0.0355,0.3632,2023-05-06,Tottenham,Crystal Palace,away,1,0,H,6,1.8,3.8,4.2,-0.75,2.04,1.82,1.76,2.09,0.0568,0.0396,1.8,True,2.09,True,2.04,1.0,0.8,1.0899999999999999,1.04
Crystal Palace,2024-02-03 15:00:00,2023,-2.182015143017386,Strong Short,Break,-0.7484066,0.0297,0.3566,2024-02-12,Crystal Palace,Chelsea,home,1,3,A,8,4.2,3.8,1.85,0.5,2.03,1.84,1.83,2.0,0.0418,0.0361,1.85,True,2.0,False,1.84,1.0,0.8500000000000001,-1.0,0.8400000000000001
Crystal Palace,2024-02-12 20:00:00,2023,-2.315812675266405,Strong Short,Break,-0.7961188,0.0297,0.3566,2024-02-19,Everton,Crystal Palace,away,1,1,D,6,1.7,3.6,5.25,-0.75,1.92,1.91,2.16,1.7,0.0565,0.0444,1.7,False,1.7,True,1.92,-1.0,-1.0,0.7,-1.0
Crystal Palace,2024-02-19 20:00:00,2023,-1.6853499719573752,Strong Short,Break,-0.5712958,0.0297,0.3566,2024-02-24,Crystal Palace,Burnley,home,3,0,H,4,1.95,3.5,4.0,-0.5,2.0,1.87,2.12,1.74,0.0485,0.0348,4.0,False,1.74,False,1.87,-1.0,-1.0,-1.0,-1.0
Crystal Palace,2024-02-24 15:00:00,2023,-2.1743925967470554,Strong Short,Break,-0.7456884,0.0297,0.3566,2024-03-02,Tottenham,Crystal Palace,away,3,1,H,6,1.5,4.33,6.5,-1.25,2.04,1.81,1.52,2.48,0.0515,0.0427,1.5,True,2.48,False,2.04,1.0,0.5,-1.0,1.04
Crystal Palace,2024-03-02 15:00:00,2023,-1.547478968031408,Strong Short,Break,-0.5221310000000001,0.0297,0.3566,2024-03-09,Crystal Palace,Luton,home,1,1,D,6,1.75,3.8,4.2,-0.75,1.99,1.86,1.79,2.05,0.0727,0.0401,4.2,False,2.05,True,1.86,1.0,-1.0,1.0499999999999998,0.8600000000000001
Crystal Palace,2024-04-14 13:00:00,2023,1.5711727425687043,Strong Long,Normal,0.5899802,0.0297,0.3566,2024-04-21,Crystal Palace,West Ham,home,5,2,H,6,2.1,3.6,3.4,-0.25,1.84,2.01,1.79,2.04,0.0481,0.041,2.1,True,1.79,True,1.84,1.0,1.1,0.79,0.8400000000000001
Crystal Palace,2024-05-06 19:00:00,2023,-1.5396130117779026,Strong Short,Break,-0.5193260000000001,0.0297,0.3566,2024-05-11,Wolverhampton Wanderers,Crystal Palace,away,1,3,A,4,2.88,3.5,2.38,0.0,2.08,1.77,1.79,2.04,0.0531,0.0457,2.88,False,2.04,False,2.08,-1.0,-1.0,-1.0,-1.0
Crystal Palace,2024-05-11 14:00:00,2023,-2.444980370162648,Strong Short,Break,-0.8421800000000002,0.0297,0.3566,2024-05-19,Crystal Palace,Aston Villa,home,5,0,H,7,1.85,4.33,3.6,-0.5,1.85,2.02,1.39,2.96,0.0493,0.0356,3.6,False,2.96,False,2.02,-1.0,-1.0,-1.0,-1.0
Everton,2017-10-01 14:15:00,2017,1.921614550095724,Strong Long,Break,0.737151,-0.1662,0.4701,2017-10-15,Brighton,Everton,away,1,1,D,13,3.25,3.3,2.4,0.25,1.81,2.07,2.43,1.55,0.0274,0.0356,2.4,False,2.43,False,2.07,-1.0,-1.0,-1.0,-1.0
Everton,2017-10-15 13:30:00,2017,1.9762944054456495,Strong Long,Break,0.762856,-0.1662,0.4701,2017-10-22,Everton,Arsenal,home,2,5,A,6,3.79,3.6,2.04,0.25,2.16,1.73,1.81,2.01,0.0318,0.041,3.79,False,1.81,True,2.16,-1.0,-1.0,0.81,-1.0
Everton,2017-12-02 15:00:00,2017,-1.7738362050627527,Strong Short,Normal,-1.0000804,-0.1662,0.4701,2017-12-10,Liverpool,Everton,away,1,1,D,7,1.3,6.0,11.0,-1.75,1.99,1.86,1.48,2.62,0.0268,0.0401,1.3,False,2.62,True,1.99,-1.0,-1.0,1.62,-1.0
Everton,2017-12-10 14:15:00,2017,-1.6701914486279514,Strong Short,Normal,-0.951357,-0.1662,0.4701,2017-12-13,Newcastle United,Everton,away,0,1,A,2,2.39,3.29,3.25,-0.25,2.02,1.84,2.11,1.73,0.0301,0.0385,2.39,False,1.73,True,2.02,-1.0,-1.0,0.73,-1.0
Everton,2018-12-02 16:15:00,2018,1.6391239886289088,Strong Long,Break,0.6350714,-0.1145,0.4573,2018-12-05,Everton,Newcastle United,home,1,1,D,2,1.6,4.0,6.5,-1.0,2.01,1.85,1.95,1.86,0.0288,0.0381,1.6,False,1.95,False,2.01,-1.0,-1.0,-1.0,-1.0
Everton,2018-12-05 19:45:00,2018,1.829786573365406,Strong Long,Break,0.7222614,-0.1145,0.4573,2018-12-10,Everton,Watford,home,2,2,D,4,1.8,3.75,5.0,-1.0,2.39,1.61,1.89,1.92,0.0222,0.0395,1.8,False,1.89,True,2.39,-1.0,-1.0,0.8899999999999999,-1.0
Everton,2018-12-10 20:00:00,2018,1.888308331511044,Strong Long,Break,0.7490234000000001,-0.1145,0.4573,2018-12-15,Manchester City,Everton,away,3,1,H,4,1.22,7.5,13.0,-2.0,2.04,1.82,1.38,2.98,0.0299,0.0396,13.0,False,1.38,True,1.82,0.0,-1.0,0.3799999999999999,0.0
Everton,2018-12-15 12:30:00,2018,2.074388803848677,Strong Long,Break,0.8341179999999999,-0.1145,0.4573,2018-12-23,Everton,Tottenham,home,2,6,A,7,3.25,3.5,2.3,0.25,1.9,1.97,1.77,2.05,0.0282,0.0339,3.25,False,1.77,True,1.9,-1.0,-1.0,0.77,-1.0
Everton,2019-04-13 15:00:00,2018,1.578311830308332,Strong Long,Break,0.6072620000000001,-0.1145,0.4573,2019-04-21,Everton,Manchester United,home,4,0,H,7,3.25,3.5,2.3,0.25,1.89,1.98,1.86,1.95,0.0282,0.0342,3.25,True,1.86,True,1.89,1.0,2.25,0.8600000000000001,0.8899999999999999
Everton,2019-10-05 15:00:00,2019,1.511355360755226,Strong Long,Break,0.5842020000000001,-0.0882,0.4449,2019-10-19,Everton,West Ham,home,2,0,H,13,1.95,3.75,3.75,-0.5,1.97,1.91,1.72,2.14,0.0462,0.0312,1.95,True,1.72,False,1.97,1.0,0.95,-1.0,0.97
Everton,2019-10-19 12:30:00,2019,2.2957203866037315,Strong Long,Break,0.9331660000000002,-0.0882,0.4449,2019-10-26,Brighton,Everton,away,3,2,H,6,2.9,3.25,2.5,0.0,2.03,1.85,2.06,1.78,0.0525,0.0332,2.5,False,2.06,True,1.85,-1.0,-1.0,1.06,-1.0
Everton,2019-10-26 15:00:00,2019,1.6397617442121826,Strong Long,Break,0.6413300000000001,-0.0882,0.4449,2019-11-03,Everton,Tottenham,home,1,1,D,7,2.7,3.4,2.6,0.0,1.98,1.89,1.74,2.11,0.0491,0.0342,2.7,False,1.74,False,1.98,0.0,-1.0,-1.0,0.0
Everton,2020-01-18 15:00:00,2019,1.605291975724882,Strong Long,Break,0.6259944,-0.0882,0.4449,2020-01-21,Everton,Newcastle United,home,2,2,D,2,1.55,4.1,6.0,-1.0,2.07,1.81,1.95,1.87,0.0557,0.0356,1.55,False,1.95,True,2.07,-1.0,-1.0,0.95,-1.0
Everton,2020-06-21 18:00:00,2019,1.5144562823106318,Strong Long,Break,0.5855816,-0.0882,0.4449,2020-06-24,Norwich,Everton,away,0,1,A,2,3.9,3.6,1.9,0.5,1.94,1.93,1.82,2.01,0.0605,0.0336,1.9,True,1.82,False,1.93,0.5,0.8999999999999999,-1.0,0.46499999999999997
Everton,2021-01-12 20:15:00,2020,-1.594449644413856,Strong Short,Normal,-0.7120205999999999,-0.017,0.4359,2021-01-27,Everton,Leicester,home,1,1,D,14,2.8,3.3,2.55,0.0,2.01,1.86,2.03,1.8,0.0523,0.0351,2.55,False,1.8,True,1.86,0.0,-1.0,0.8,0.0
Everton,2021-01-27 20:15:00,2020,-1.6127469603119975,Strong Short,Normal,-0.7199963999999999,-0.017,0.4359,2021-01-30,Everton,Newcastle United,home,0,2,A,2,1.55,4.0,6.5,-1.0,2.05,1.83,1.99,1.84,0.049,0.0343,6.5,True,1.84,True,1.83,1.0,5.5,0.8400000000000001,0.8300000000000001
Everton,2021-04-05 17:00:00,2020,1.567578343656802,Strong Long,Break,0.6663074,-0.017,0.4359,2021-04-12,Brighton,Everton,away,0,0,D,6,2.25,3.3,3.3,-0.25,1.96,1.92,2.21,1.68,0.0505,0.031,3.3,False,2.21,False,1.92,1.0,-1.0,-1.0,0.9199999999999999
Everton,2021-04-12 19:15:00,2020,1.5151566873136042,Strong Long,Break,0.6434568,-0.017,0.4359,2021-04-16,Everton,Tottenham,home,2,2,D,3,3.4,3.5,2.1,0.25,2.01,1.88,1.87,1.96,0.056,0.0294,3.4,False,1.87,True,2.01,1.0,-1.0,0.8700000000000001,1.0099999999999998
Everton,2023-02-25 15:00:00,2022,1.893444936086529,Strong Long,Break,0.7720534,0.0018,0.4068,2023-03-01,Arsenal,Everton,away,4,0,H,3,1.36,4.75,10.0,-1.25,1.82,2.07,1.82,2.02,0.0458,0.0325,10.0,False,1.82,True,2.07,-1.0,-1.0,0.8200000000000001,-1.0
Everton,2023-03-01 20:00:00,2022,2.5410231071779745,Strong Long,Break,1.0354882,0.0018,0.4068,2023-03-05,Nottingham Forest,Everton,away,2,2,D,3,2.7,3.0,2.88,0.0,1.85,2.02,2.47,1.54,0.0509,0.0356,2.88,False,2.47,True,2.02,0.0,-1.0,1.4700000000000002,0.0
Everton,2023-03-05 14:00:00,2022,1.8610132743362835,Strong Long,Break,0.7588602000000001,0.0018,0.4068,2023-03-11,Everton,Brentford,home,1,0,H,5,2.7,3.25,2.7,0.0,1.92,1.96,2.25,1.66,0.0484,0.031,2.7,True,2.25,False,1.92,1.0,1.7000000000000002,-1.0,0.9199999999999999
Everton,2023-03-11 15:00:00,2022,2.0152212389380533,Strong Long,Break,0.8215920000000001,0.0018,0.4068,2023-03-18,Chelsea,Everton,away,2,2,D,6,1.5,4.2,7.5,-1.0,1.84,2.03,2.08,1.76,0.0381,0.0361,7.5,False,2.08,True,2.03,1.0,-1.0,1.08,1.0299999999999998
Everton,2023-05-01 19:00:00,2022,1.809244346116028,Strong Long,Break,0.7378006000000001,0.0018,0.4068,2023-05-08,Brighton,Everton,away,1,5,A,6,1.33,5.25,9.0,-1.5,2.0,1.87,1.59,2.38,0.0535,0.0348,9.0,True,1.59,True,1.87,1.0,8.0,0.5900000000000001,0.8700000000000001
Everton,2023-08-20 13:00:00,2023,2.8528574926542603,Strong Long,Break,1.219307,0.0542,0.4084,2023-08-26,Everton,Wolverhampton Wanderers,home,0,1,A,5,2.3,3.3,3.2,-0.25,1.98,1.87,2.12,1.74,0.0503,0.0398,2.3,False,2.12,False,1.98,-1.0,-1.0,-1.0,-1.0
Everton,2023-08-26 14:00:00,2023,3.2015107737512243,Strong Long,Break,1.361697,0.0542,0.4084,2023-09-02,Sheffield United,Everton,away,2,2,D,6,2.9,3.25,2.5,0.0,2.11,1.78,2.26,1.66,0.0525,0.0357,2.5,False,2.26,True,1.78,0.0,-1.0,1.2599999999999998,0.0
Everton,2023-09-02 11:30:00,2023,2.843503917727718,Strong Long,Break,1.215487,0.0542,0.4084,2023-09-17,Everton,Arsenal,home,0,1,A,14,6.0,4.5,1.5,1.0,2.02,1.85,1.65,2.27,0.0556,0.0356,6.0,False,1.65,False,2.02,0.0,-1.0,-1.0,0.0
Everton,2023-09-17 15:30:00,2023,2.9188418217433885,Strong Long,Break,1.246255,0.0542,0.4084,2023-09-23,Brentford,Everton,away,1,3,A,5,1.8,3.8,4.2,-0.75,2.03,1.83,1.92,1.92,0.0568,0.0391,4.2,True,1.92,True,1.83,1.0,3.2,0.9199999999999999,0.8300000000000001
Everton,2023-09-30 14:00:00,2023,2.3592262487757103,Strong Long,Break,1.017708,0.0542,0.4084,2023-10-07,Everton,Bournemouth,home,3,0,H,6,1.91,3.6,3.8,-0.5,1.96,1.9,1.83,2.01,0.0645,0.0365,1.91,True,1.83,True,1.96,1.0,0.9099999999999999,0.8300000000000001,0.96
Everton,2023-10-07 14:00:00,2023,1.5104995102840355,Strong Long,Break,0.6710880000000001,0.0542,0.4084,2023-10-21,Liverpool,Everton,away,2,0,H,13,1.33,5.75,7.5,-1.5,1.95,1.91,1.41,2.92,0.0591,0.0364,7.5,False,1.41,False,1.91,-0.5,-1.0,-1.0,-0.5
Everton,2024-01-30 19:45:00,2023,2.6139035259549463,Strong Long,Break,1.1217182,0.0542,0.4084,2024-02-03,Everton,Tottenham,home,2,2,D,3,3.0,3.6,2.25,0.25,1.84,2.01,1.64,2.29,0.0556,0.041,3.0,False,1.64,True,1.84,1.0,-1.0,0.6399999999999999,0.8400000000000001
Everton,2024-02-03 12:30:00,2023,2.7485558276199806,Strong Long,Break,1.1767102,0.0542,0.4084,2024-02-10,Manchester City,Everton,away,2,0,H,6,1.18,8.0,13.0,-2.0,2.01,1.86,1.44,2.78,0.0494,0.0351,13.0,False,1.44,False,1.86,0.0,-1.0,-1.0,0.0
Everton,2024-02-10 12:30:00,2023,2.727391283055828,Strong Long,Break,1.1680666,0.0542,0.4084,2024-02-19,Everton,Crystal Palace,home,1,1,D,8,1.7,3.6,5.25,-0.75,1.92,1.91,2.16,1.7,0.0565,0.0444,1.7,False,2.16,False,1.92,-1.0,-1.0,-1.0,-1.0
Everton,2024-02-19 20:00:00,2023,3.1809853085210578,Strong Long,Break,1.3533144,0.0542,0.4084,2024-02-24,Brighton,Everton,away,1,1,D,4,1.83,3.8,4.2,-0.5,1.83,2.05,1.67,2.24,0.0477,0.0343,4.2,False,1.67,False,2.05,0.5,-1.0,-1.0,0.5249999999999999
Everton,2024-02-24 15:00:00,2023,2.3239897159647405,Strong Long,Break,1.0033174,0.0542,0.4084,2024-03-02,Everton,West Ham,home,1,3,A,6,2.05,3.6,3.5,-0.25,1.8,2.06,1.87,1.95,0.0513,0.041,2.05,False,1.87,True,1.8,-1.0,-1.0,0.8700000000000001,-1.0
Everton,2024-03-02 15:00:00,2023,1.975106268364349,Strong Long,Break,0.8608334000000001,0.0542,0.4084,2024-03-09,Manchester United,Everton,away,2,0,H,6,1.83,3.6,4.0,-0.5,1.85,2.03,1.68,2.23,0.0742,0.0332,4.0,False,1.68,False,2.03,-1.0,-1.0,-1.0,-1.0
Everton,2024-03-30 15:00:00,2023,2.124125857002938,Strong Long,Break,0.921693,0.0542,0.4084,2024-04-02,Newcastle United,Everton,away,1,1,D,2,2.0,3.75,3.5,-0.5,2.01,1.87,1.67,2.24,0.0524,0.0323,3.5,False,1.67,False,1.87,0.5,-1.0,-1.0,0.43500000000000005
Everton,2024-04-02 18:30:00,2023,1.7580435847208622,Strong Long,Break,0.7721850000000001,0.0542,0.4084,2024-04-06,Everton,Burnley,home,1,0,H,3,1.65,4.0,5.25,-0.75,1.84,2.02,1.78,2.06,0.0465,0.0385,1.65,True,1.78,False,1.84,1.0,0.6499999999999999,-1.0,0.8400000000000001
Everton,2024-04-06 14:00:00,2023,1.9408001958863863,Strong Long,Break,0.8468228000000002,0.0542,0.4084,2024-04-15,Chelsea,Everton,away,6,0,H,8,1.7,4.2,4.5,-0.75,1.88,1.97,1.54,2.48,0.0486,0.0395,4.5,False,1.54,True,1.97,-1.0,-1.0,0.54,-1.0
Fulham,2020-09-19 14:00:00,2020,-1.688892650701899,Strong Short,Normal,-0.1434498,0.2656,0.2422,2020-09-28,Fulham,Aston Villa,home,0,3,A,8,2.9,3.25,2.5,0.0,2.07,1.8,2.07,1.76,0.0525,0.0386,2.5,True,1.76,False,1.8,1.0,1.5,-1.0,0.8
Fulham,2022-08-30 18:30:00,2022,-2.1568541089566016,Strong Short,Break,-0.1494745999999999,0.3177,0.2166,2022-09-03,Tottenham,Fulham,away,2,1,H,3,1.5,4.5,6.5,-1.25,2.05,1.83,1.62,2.32,0.0427,0.0343,1.5,True,2.32,False,2.05,-1.0,0.5,-1.0,-1.0
Fulham,2022-09-03 14:00:00,2022,-2.05220406278855,Strong Short,Break,-0.1268073999999999,0.3177,0.2166,2022-09-16,Nottingham Forest,Fulham,away,2,3,A,12,2.75,3.3,2.62,0.0,2.0,1.86,1.88,1.94,0.0483,0.0376,2.75,False,1.94,False,2.0,-1.0,-1.0,-1.0,-1.0
Fulham,2022-09-16 19:00:00,2022,-4.580855955678671,Strong Short,Break,-0.6745134,0.3177,0.2166,2022-10-01,Fulham,Newcastle United,home,1,4,A,14,3.0,3.4,2.37,0.25,1.84,2.03,1.88,1.94,0.0494,0.0361,2.37,True,1.94,False,2.03,1.0,1.37,-1.0,1.0299999999999998
Fulham,2022-10-01 14:00:00,2022,-4.779968605724839,Strong Short,Break,-0.7176412,0.3177,0.2166,2022-10-09,West Ham,Fulham,away,3,1,H,7,1.72,3.8,4.75,-0.75,1.99,1.89,1.8,2.04,0.0551,0.0316,1.72,True,2.04,False,1.99,1.0,0.72,-1.0,0.99
Fulham,2022-10-09 13:00:00,2022,-5.127299168975069,Strong Short,Break,-0.7928729999999999,0.3177,0.2166,2022-10-15,Fulham,Bournemouth,home,2,2,D,5,1.85,3.75,4.0,-0.5,1.89,1.98,1.9,1.92,0.0572,0.0342,4.0,False,1.92,False,1.98,0.5,-1.0,-1.0,0.49
Fulham,2022-10-15 14:00:00,2022,-4.622728531855955,Strong Short,Break,-0.6835829999999999,0.3177,0.2166,2022-10-20,Fulham,Aston Villa,home,3,0,H,4,2.9,3.3,2.5,0.0,2.06,1.81,1.94,1.88,0.0479,0.0379,2.5,False,1.88,False,1.81,-1.0,-1.0,-1.0,-1.0
Fulham,2022-10-20 18:30:00,2022,-4.151404432132964,Strong Short,Break,-0.5814942,0.3177,0.2166,2022-10-23,Leeds,Fulham,away,2,3,A,2,2.05,3.5,3.6,-0.5,2.05,1.83,1.73,2.13,0.0513,0.0343,2.05,False,2.13,False,2.05,-1.0,-1.0,-1.0,-1.0
Fulham,2022-10-23 13:00:00,2022,-3.112143120960296,Strong Short,Break,-0.3563902,0.3177,0.2166,2022-10-29,Fulham,Everton,home,0,0,D,5,2.37,3.4,3.0,-0.25,2.02,1.85,1.84,1.97,0.0494,0.0356,3.0,False,1.97,True,1.85,1.0,-1.0,0.97,0.8500000000000001
Fulham,2023-01-12 19:00:00,2022,-2.4448790397045244,Strong Short,Normal,-0.2118608,0.3177,0.2166,2023-01-15,Newcastle United,Fulham,away,1,0,H,2,1.5,4.33,6.5,-1.0,1.86,2.01,1.74,2.12,0.0515,0.0351,1.5,True,2.12,True,1.86,0.0,0.5,1.12,0.0
Fulham,2023-01-15 14:00:00,2022,-2.179235457063712,Strong Short,Normal,-0.1543224,0.3177,0.2166,2023-01-23,Fulham,Tottenham,home,0,1,A,7,3.3,3.6,2.1,0.25,2.0,1.86,1.73,2.13,0.057,0.0376,2.1,True,2.13,True,1.86,1.0,1.1,1.13,0.8600000000000001
Fulham,2023-03-06 20:00:00,2022,-2.387314866112649,Strong Short,Break,-0.1993923999999999,0.3177,0.2166,2023-03-12,Fulham,Arsenal,home,0,3,A,5,6.0,4.0,1.57,1.0,1.86,2.02,1.81,2.02,0.0536,0.0327,1.57,True,2.02,False,2.02,1.0,0.5700000000000001,-1.0,1.02
Fulham,2023-04-01 14:00:00,2022,-2.360548476454293,Strong Short,Break,-0.1935947999999999,0.3177,0.2166,2023-04-08,Fulham,West Ham,home,0,1,A,6,2.8,3.25,2.63,0.0,1.96,1.89,2.17,1.7,0.0451,0.0393,2.63,True,1.7,True,1.89,1.0,1.63,0.7,0.8899999999999999
Fulham,2023-04-15 14:00:00,2022,-2.1377719298245608,Strong Short,Break,-0.1453413999999999,0.3177,0.2166,2023-04-22,Fulham,Leeds,home,2,1,H,6,2.3,3.4,3.1,-0.25,2.05,1.82,1.88,1.94,0.0515,0.0373,3.1,False,1.94,False,1.82,-1.0,-1.0,-1.0,-1.0
Fulham,2023-04-22 11:30:00,2022,-2.3572363804247454,Strong Short,Break,-0.1928773999999999,0.3177,0.2166,2023-04-25,Aston Villa,Fulham,away,1,0,H,2,1.75,4.0,4.2,-0.75,2.02,1.85,1.81,2.03,0.0595,0.0356,1.75,True,2.03,True,2.02,1.0,0.75,1.0299999999999998,1.02
Fulham,2023-04-25 18:45:00,2022,-2.8544256694367496,Strong Short,Break,-0.3005685999999999,0.3177,0.2166,2023-04-30,Fulham,Manchester City,home,1,2,A,4,12.0,6.0,1.25,1.75,1.92,1.93,1.54,2.48,0.05,0.039,1.25,True,2.48,False,1.93,-1.0,0.25,-1.0,-1.0
Fulham,2023-04-30 13:00:00,2022,-3.0106915974145885,Strong Short,Break,-0.3344157999999999,0.3177,0.2166,2023-05-03,Liverpool,Fulham,away,1,0,H,2,1.25,5.75,11.0,-1.75,1.91,1.95,1.44,2.78,0.0648,0.0364,1.25,True,2.78,True,1.91,-1.0,0.25,1.7799999999999998,-1.0
Fulham,2023-05-03 19:00:00,2022,-2.7488254847645424,Strong Short,Break,-0.2776955999999999,0.3177,0.2166,2023-05-08,Fulham,Leicester,home,5,3,H,4,2.63,3.5,2.6,0.0,1.96,1.9,1.83,2.01,0.0506,0.0365,2.6,False,2.01,False,1.9,-1.0,-1.0,-1.0,-1.0
Fulham,2023-05-08 14:00:00,2022,-4.75190027700831,Strong Short,Break,-0.7115615999999999,0.3177,0.2166,2023-05-13,Southampton,Fulham,away,0,2,A,4,2.75,3.3,2.5,0.0,2.04,1.82,1.88,1.94,0.0667,0.0396,2.75,False,1.94,True,2.04,-1.0,-1.0,0.94,-1.0
Fulham,2023-05-13 14:00:00,2022,-4.905898430286242,Strong Short,Break,-0.7449176,0.3177,0.2166,2023-05-20,Fulham,Crystal Palace,home,2,2,D,6,2.45,3.4,2.9,-0.25,2.08,1.79,2.02,1.82,0.0471,0.0394,2.9,False,1.82,False,1.79,1.0,-1.0,-1.0,0.79
Fulham,2023-05-20 14:00:00,2022,-5.0210175438596485,Strong Short,Break,-0.7698523999999999,0.3177,0.2166,2023-05-28,Manchester United,Fulham,away,2,1,H,7,1.5,4.33,6.0,-1.0,1.84,2.01,1.49,2.63,0.0643,0.041,1.5,True,2.63,False,1.84,0.0,0.5,-1.0,0.0
Fulham,2023-08-12 14:00:00,2023,-1.8350440967283077,Strong Short,Break,-0.511618,0.1334,0.3515,2023-08-19,Fulham,Brentford,home,0,3,A,6,2.7,3.3,2.63,0.0,1.96,1.9,1.93,1.9,0.0536,0.0365,2.63,True,1.9,False,1.9,1.0,1.63,-1.0,0.8999999999999999
Fulham,2023-12-06 19:30:00,2023,-2.1285661450924613,Strong Short,Break,-0.6147910000000001,0.1334,0.3515,2023-12-10,Fulham,West Ham,home,5,0,H,3,2.38,3.5,2.9,-0.25,2.05,1.81,1.85,1.98,0.0507,0.0403,2.9,False,1.98,False,1.81,-1.0,-1.0,-1.0,-1.0
Fulham,2023-12-10 14:00:00,2023,-4.401118065433855,Strong Short,Break,-1.413593,0.1334,0.3515,2023-12-16,Newcastle United,Fulham,away,3,0,H,5,1.8,3.8,4.0,-0.5,1.87,2.01,1.72,2.16,0.0687,0.0323,1.8,True,2.16,False,1.87,1.0,0.8,-1.0,0.8700000000000001
Fulham,2023-12-16 15:00:00,2023,-3.933239260312945,Strong Short,Break,-1.2491336,0.1334,0.3515,2023-12-23,Fulham,Burnley,home,0,2,A,6,1.67,3.75,5.25,-0.75,1.89,1.96,1.87,1.97,0.0559,0.0393,5.25,True,1.97,True,1.96,1.0,4.25,0.97,0.96
Fulham,2023-12-23 15:00:00,2023,-2.8576261735419632,Strong Short,Break,-0.8710556,0.1334,0.3515,2023-12-26,Bournemouth,Fulham,away,3,0,H,2,2.15,3.6,3.2,-0.25,1.91,1.94,1.76,2.08,0.0554,0.039,2.15,True,2.08,False,1.91,1.0,1.15,-1.0,0.9099999999999999
Fulham,2023-12-26 15:00:00,2023,-1.8252990042674253,Strong Short,Break,-0.5081926,0.1334,0.3515,2023-12-31,Fulham,Arsenal,home,2,1,H,4,5.25,4.5,1.55,1.0,1.9,1.97,1.76,2.1,0.0579,0.0339,1.55,False,2.1,False,1.97,-1.0,-1.0,-1.0,-1.0
Fulham,2024-01-30 19:45:00,2023,2.0708119487908965,Strong Long,Normal,0.8612904,0.1334,0.3515,2024-02-03,Burnley,Fulham,away,2,2,D,3,2.9,3.4,2.38,0.25,1.79,2.06,1.93,1.9,0.0591,0.0441,2.38,False,1.93,True,2.06,-1.0,-1.0,0.9299999999999999,-1.0
Fulham,2024-03-02 15:00:00,2023,-2.6747311522048363,Strong Short,Break,-0.8067679999999999,0.1334,0.3515,2024-03-09,Wolverhampton Wanderers,Fulham,away,2,1,H,6,2.5,3.4,2.75,0.0,1.83,2.04,1.9,1.94,0.0578,0.0366,2.5,True,1.94,False,1.83,1.0,1.5,-1.0,0.8300000000000001
Fulham,2024-03-30 15:00:00,2023,-2.068864864864865,Strong Short,Break,-0.5938060000000001,0.1334,0.3515,2024-04-02,Nottingham Forest,Fulham,away,3,1,H,2,2.7,3.4,2.63,0.0,1.98,1.89,1.81,2.03,0.0447,0.0342,2.7,True,2.03,False,1.98,1.0,1.7000000000000002,-1.0,0.98
Fulham,2024-04-02 18:30:00,2023,-1.5541906116642958,Strong Short,Break,-0.412898,0.1334,0.3515,2024-04-06,Fulham,Newcastle United,home,0,1,A,3,2.38,3.8,2.8,-0.25,2.07,1.81,1.48,2.65,0.0405,0.0356,2.8,True,2.65,True,1.81,1.0,1.7999999999999998,1.65,0.81
Fulham,2024-05-04 14:00:00,2023,1.974687908961593,Strong Long,Normal,0.8275027999999999,0.1334,0.3515,2024-05-11,Fulham,Manchester City,home,0,4,A,6,13.0,7.0,1.2,2.0,1.84,2.02,1.34,3.18,0.0531,0.0385,13.0,False,1.34,True,1.84,-1.0,-1.0,0.3400000000000001,-1.0
Fulham,2024-05-11 11:30:00,2023,1.550255761024182,Strong Long,Normal,0.6783148999999999,0.1334,0.3515,2024-05-19,Luton,Fulham,away,2,4,A,7,2.9,3.9,2.2,0.25,1.89,1.95,1.44,2.76,0.0558,0.0419,2.2,True,1.44,True,1.95,1.0,1.2000000000000002,0.43999999999999995,0.95
Leicester,2017-12-09 17:30:00,2017,-1.6298481534090907,Strong Short,Break,-0.6935478599999999,-0.0051,0.4224,2017-12-13,Southampton,Leicester,away,1,4,A,3,2.1,3.39,3.89,-0.25,1.77,2.1,2.04,1.79,0.0282,0.0412,2.1,False,1.79,False,1.77,-1.0,-1.0,-1.0,-1.0
Leicester,2017-12-13 19:45:00,2017,-2.5063896780303025,Strong Short,Break,-1.063799,-0.0051,0.4224,2017-12-16,Leicester,Crystal Palace,home,0,3,A,2,1.89,3.6,4.5,-0.75,2.12,1.76,1.92,1.91,0.0291,0.0399,4.5,True,1.91,False,1.76,1.0,3.5,-1.0,0.76
Leicester,2017-12-16 12:30:00,2017,-1.8887807765151512,Strong Short,Break,-0.8029209999999999,-0.0051,0.4224,2017-12-23,Leicester,Manchester United,home,2,2,D,6,4.5,3.6,1.9,0.75,1.76,2.12,1.93,1.89,0.0263,0.0399,1.9,False,1.89,False,2.12,-1.0,-1.0,-1.0,-1.0
Leicester,2017-12-23 19:45:00,2017,-1.5857149621212117,Strong Short,Break,-0.6749059999999998,-0.0051,0.4224,2017-12-26,Watford,Leicester,away,2,1,H,2,2.54,3.5,2.87,-0.25,2.17,1.73,1.76,2.08,0.0278,0.0389,2.54,True,2.08,False,2.17,1.0,1.54,-1.0,1.17
Leicester,2017-12-26 15:00:00,2017,-1.616482007575757,Strong Short,Break,-0.6879019999999998,-0.0051,0.4224,2017-12-30,Liverpool,Leicester,away,2,1,H,3,1.3,6.0,11.0,-1.75,2.03,1.83,1.4,2.93,0.0268,0.0391,1.3,True,2.93,False,2.03,-1.0,0.30000000000000004,-1.0,-1.0
Leicester,2018-03-03 15:00:00,2017,1.5970246212121215,Strong Long,Normal,0.6694832000000002,-0.0051,0.4224,2018-03-10,West Bromwich Albion,Leicester,away,1,4,A,6,3.0,3.25,2.6,0.25,1.75,2.14,2.2,1.68,0.0256,0.0387,2.6,True,2.2,True,2.14,1.0,1.6,1.2000000000000002,1.1400000000000001
Leicester,2018-08-18 17:00:00,2018,-1.923746485700436,Strong Short,Break,-0.8351377999999998,-0.0414,0.4126,2018-08-25,Southampton,Leicester,away,1,2,A,6,2.45,3.2,3.25,-0.25,2.05,1.83,2.27,1.63,0.0284,0.0343,2.45,False,1.63,False,2.05,-1.0,-1.0,-1.0,-1.0
Leicester,2018-08-25 17:00:00,2018,-2.8320368395540463,Strong Short,Break,-1.2098983999999997,-0.0414,0.4126,2018-09-01,Leicester,Liverpool,home,1,2,A,6,7.5,5.0,1.44,1.0,2.25,1.67,1.65,2.25,0.0278,0.0432,1.44,True,2.25,False,1.67,0.0,0.43999999999999995,-1.0,0.0
Leicester,2018-09-01 11:30:00,2018,-2.452392147358216,Strong Short,Break,-1.053257,-0.0414,0.4126,2018-09-15,Bournemouth,Leicester,away,4,2,H,13,2.45,3.5,3.0,-0.25,2.06,1.82,1.88,1.94,0.0272,0.0349,2.45,True,1.94,False,2.06,1.0,1.4500000000000002,-1.0,1.06
Leicester,2018-09-22 14:00:00,2018,-2.1531483276781387,Strong Short,Break,-0.929789,-0.0414,0.4126,2018-09-29,Newcastle United,Leicester,away,0,2,A,6,2.6,3.3,3.0,-0.25,2.17,1.73,2.2,1.68,0.021,0.0389,2.6,False,1.68,True,2.17,-1.0,-1.0,0.6799999999999999,-1.0
Leicester,2018-09-29 14:00:00,2018,-1.6099747939893354,Strong Short,Break,-0.7056755999999998,-0.0414,0.4126,2018-10-06,Leicester,Everton,home,1,2,A,6,2.2,3.4,3.6,-0.25,1.87,2.01,1.89,1.92,0.0264,0.0323,3.6,True,1.92,False,2.01,1.0,2.6,-1.0,1.0099999999999998
Leicester,2018-11-10 15:00:00,2018,1.8854246243334951,Strong Long,Normal,0.7365262000000001,-0.0414,0.4126,2018-11-24,Brighton,Leicester,away,1,1,D,13,2.9,3.4,2.6,0.25,1.68,2.25,2.28,1.63,0.0236,0.0397,2.6,False,2.28,False,2.25,-1.0,-1.0,-1.0,-1.0
Leicester,2018-11-24 15:00:00,2018,1.895356761997092,Strong Long,Normal,0.7406242000000001,-0.0414,0.4126,2018-12-01,Leicester,Watford,home,2,0,H,6,2.25,3.3,3.6,-0.25,1.93,1.94,1.98,1.83,0.0253,0.0336,2.25,True,1.98,False,1.93,1.0,1.25,-1.0,0.9299999999999999
Leicester,2018-12-01 15:00:00,2018,1.6457634512845374,Strong Long,Normal,0.6376420000000002,-0.0414,0.4126,2018-12-05,Fulham,Leicester,away,1,1,D,3,3.0,3.5,2.45,0.25,1.81,2.08,1.79,2.03,0.0272,0.0333,2.45,False,1.79,False,2.08,-1.0,-1.0,-1.0,-1.0
Leicester,2019-02-26 19:45:00,2018,1.757109549200194,Strong Long,Normal,0.6835834000000001,-0.0414,0.4126,2019-03-03,Watford,Leicester,away,2,1,H,4,2.55,3.3,3.0,-0.25,2.11,1.78,1.95,1.87,0.0285,0.0357,3.0,False,1.95,True,1.78,-1.0,-1.0,0.95,-1.0
Leicester,2019-03-03 12:00:00,2018,1.5959282598158022,Strong Long,Normal,0.6170800000000001,-0.0414,0.4126,2019-03-09,Leicester,Fulham,home,3,1,H,5,1.57,4.5,6.0,-1.0,2.0,1.86,1.69,2.19,0.0258,0.0376,1.57,True,1.69,True,2.0,1.0,0.5700000000000001,0.69,1.0
Leicester,2019-09-29 15:30:00,2019,-2.4680091954022987,Strong Short,Break,-1.097284,-0.0237,0.435,2019-10-05,Liverpool,Leicester,away,2,1,H,5,1.44,4.75,7.0,-1.25,2.03,1.85,1.61,2.34,0.0478,0.0332,1.44,True,2.34,False,2.03,-1.0,0.43999999999999995,-1.0,-1.0
Leicester,2019-10-05 15:00:00,2019,-2.2871670344827586,Strong Short,Break,-1.01861766,-0.0237,0.435,2019-10-19,Leicester,Burnley,home,2,1,H,13,1.57,4.0,6.0,-1.0,1.99,1.89,1.94,1.89,0.0536,0.0316,6.0,False,1.89,False,1.89,0.0,-1.0,-1.0,0.0
Leicester,2019-10-19 15:00:00,2019,-2.4750107126436784,Strong Short,Break,-1.10032966,-0.0237,0.435,2019-10-25,Southampton,Leicester,away,0,9,A,5,3.1,3.4,2.3,0.25,1.86,2.02,2.01,1.83,0.0515,0.0327,3.1,False,1.83,False,1.86,-1.0,-1.0,-1.0,-1.0
Leicester,2019-10-25 20:00:00,2019,-4.810036459770116,Strong Short,Break,-2.11606586,-0.0237,0.435,2019-11-03,Crystal Palace,Leicester,away,0,2,A,8,3.5,3.4,2.1,0.25,2.02,1.86,2.05,1.78,0.056,0.0327,3.5,False,1.78,True,2.02,-1.0,-1.0,0.78,-1.0
Leicester,2019-11-03 14:00:00,2019,-4.950888413793105,Strong Short,Break,-2.1773364600000003,-0.0237,0.435,2019-11-09,Leicester,Arsenal,home,2,0,H,5,2.0,3.75,3.5,-0.5,1.98,1.89,1.57,2.42,0.0524,0.0342,3.5,False,2.42,True,1.89,-1.0,-1.0,1.42,-1.0
Leicester,2019-11-09 17:30:00,2019,-3.780235540229885,Strong Short,Break,-1.66810246,-0.0237,0.435,2019-11-23,Brighton,Leicester,away,0,2,A,13,3.75,3.5,2.0,0.25,2.13,1.76,1.89,1.93,0.0524,0.0377,3.75,False,1.93,True,2.13,-1.0,-1.0,0.9299999999999999,-1.0
Leicester,2019-11-23 15:00:00,2019,-2.671748505747126,Strong Short,Break,-1.1859106,-0.0237,0.435,2019-12-01,Leicester,Everton,home,2,1,H,7,1.61,4.0,5.25,-0.75,1.81,2.08,1.81,2.02,0.0616,0.0333,5.25,False,2.02,False,2.08,-1.0,-1.0,-1.0,-1.0
Leicester,2019-12-01 16:30:00,2019,-2.0214588505747124,Strong Short,Break,-0.9030346,-0.0237,0.435,2019-12-04,Leicester,Watford,home,2,0,H,2,1.33,5.5,8.0,-1.5,2.08,1.79,1.63,2.3,0.0587,0.0394,8.0,False,2.3,True,1.79,-0.5,-1.0,1.2999999999999998,-0.5
Leicester,2020-09-13 13:00:00,2020,1.509273194856578,Strong Long,Normal,0.7259376000000001,-0.037,0.5055,2020-09-20,Leicester,Burnley,home,4,2,H,6,1.61,4.0,5.5,-0.75,1.8,2.09,1.95,1.88,0.0529,0.034,1.61,True,1.95,True,1.8,1.0,0.6100000000000001,0.95,0.8
Leicester,2020-10-04 11:00:00,2020,-1.5010583580613253,Strong Short,Break,-0.7957849999999999,-0.037,0.5055,2020-10-18,Leicester,Aston Villa,home,0,1,A,13,1.83,3.8,4.1,-0.5,1.9,1.99,1.63,2.3,0.0535,0.0288,4.1,True,2.3,True,1.99,1.0,3.0999999999999996,1.2999999999999998,0.99
Leicester,2020-10-18 18:15:00,2020,-1.5339260138476751,Strong Short,Break,-0.8123995999999998,-0.037,0.5055,2020-10-25,Arsenal,Leicester,away,0,1,A,6,1.9,3.75,3.8,-0.5,1.93,1.95,1.74,2.12,0.0561,0.031,1.9,False,2.12,True,1.93,-1.0,-1.0,1.12,-1.0
Leicester,2020-10-25 19:15:00,2020,-1.6208253214638968,Strong Short,Break,-0.8563271999999997,-0.037,0.5055,2020-11-02,Leeds,Leicester,away,1,4,A,7,2.5,3.6,2.62,0.0,1.9,1.97,1.75,2.1,0.0595,0.0339,2.5,False,2.1,False,1.9,-1.0,-1.0,-1.0,-1.0
Leicester,2021-12-26 15:00:00,2021,-1.906549894736842,Strong Short,Break,-0.9850112,-0.0794,0.475,2021-12-28,Leicester,Liverpool,home,1,0,H,1,8.0,5.5,1.33,1.5,1.95,1.93,1.32,3.41,0.0587,0.031,1.33,False,3.41,True,1.93,-1.0,-1.0,2.41,-1.0
Leicester,2022-05-19 19:00:00,2021,-1.6710441263157894,Strong Short,Break,-0.8731459599999999,-0.0794,0.475,2022-05-22,Leicester,Southampton,home,4,1,H,2,1.85,4.0,3.8,-0.5,1.87,2.01,1.58,2.39,0.0537,0.0323,3.8,False,2.39,False,2.01,-1.0,-1.0,-1.0,-1.0
Leicester,2022-08-07 13:00:00,2022,-2.426041525791071,Strong Short,Break,-1.24767556,-0.1283,0.4614,2022-08-13,Arsenal,Leicester,away,4,2,H,5,1.53,4.33,5.75,-1.0,1.91,1.96,1.69,2.21,0.0585,0.0338,1.53,True,2.21,False,1.91,1.0,0.53,-1.0,0.9099999999999999
Leicester,2022-08-13 14:00:00,2022,-2.8074463805808407,Strong Short,Break,-1.42365576,-0.1283,0.4614,2022-08-20,Leicester,Southampton,home,1,2,A,6,1.83,4.0,4.0,-0.5,1.84,2.04,1.63,2.29,0.0464,0.0337,4.0,True,2.29,False,2.04,1.0,3.0,-1.0,1.04
Leicester,2022-08-20 14:00:00,2022,-1.95353307325531,Strong Short,Break,-1.02966016,-0.1283,0.4614,2022-08-27,Chelsea,Leicester,away,2,1,H,6,1.4,5.0,7.0,-1.25,1.92,1.95,1.64,2.28,0.0571,0.0337,1.4,True,2.28,False,1.92,-1.0,0.3999999999999999,-1.0,-1.0
Leicester,2022-10-23 13:00:00,2022,-2.301603814477677,Strong Short,Break,-1.19026,-0.1283,0.4614,2022-10-29,Leicester,Manchester City,home,0,1,A,5,10.0,6.5,1.25,1.75,1.85,2.01,1.44,2.75,0.0538,0.0381,1.25,True,2.75,True,2.01,-1.0,0.25,1.75,-1.0
Leicester,2023-03-18 15:00:00,2022,2.389187819679237,Strong Long,Normal,0.97407126,-0.1283,0.4614,2023-04-01,Crystal Palace,Leicester,away,2,1,H,13,2.5,3.25,2.9,0.0,1.79,2.08,2.17,1.7,0.0525,0.0394,2.9,False,2.17,True,2.08,-1.0,-1.0,1.17,-1.0
Leicester,2023-04-25 19:00:00,2022,1.6156098829648895,Strong Long,Normal,0.6171424000000001,-0.1283,0.4614,2023-05-01,Leicester,Everton,home,2,2,D,5,2.0,3.5,3.75,-0.5,2.03,1.84,2.02,1.8,0.0524,0.0361,2.0,False,2.02,True,2.03,-0.5,-1.0,1.02,-0.5
Leicester,2023-05-01 19:00:00,2022,2.3322388383181623,Strong Long,Normal,0.947795,-0.1283,0.4614,2023-05-08,Fulham,Leicester,away,5,3,H,6,2.63,3.5,2.6,0.0,1.96,1.9,1.83,2.01,0.0506,0.0365,2.6,False,1.83,True,1.9,-1.0,-1.0,0.8300000000000001,-1.0
Leicester,2023-05-08 14:00:00,2022,1.9827351538794973,Strong Long,Normal,0.7865340000000002,-0.1283,0.4614,2023-05-15,Leicester,Liverpool,home,0,3,A,6,5.25,4.33,1.57,1.0,1.92,1.94,1.49,2.63,0.0584,0.0363,5.25,False,1.49,True,1.92,-1.0,-1.0,0.49,-1.0
Leicester,2023-05-15 19:00:00,2022,1.8095994798439536,Strong Long,Normal,0.7066492000000002,-0.1283,0.4614,2023-05-22,Newcastle United,Leicester,away,0,0,D,6,1.36,5.5,7.0,-1.5,2.0,1.86,1.51,2.57,0.06,0.0376,7.0,False,1.51,False,1.86,1.0,-1.0,-1.0,0.8600000000000001
Leicester,2023-05-22 19:00:00,2022,1.5558574772431732,Strong Long,Normal,0.5895726400000001,-0.1283,0.4614,2023-05-28,Leicester,West Ham,home,2,1,H,5,1.91,3.8,3.6,-0.5,1.93,1.92,1.68,2.21,0.0645,0.039,1.91,True,1.68,True,1.93,0.5,0.9099999999999999,0.6799999999999999,0.46499999999999997
Liverpool,2017-09-16 15:00:00,2017,1.94224,Strong Long,Normal,0.5555412000000001,-0.3039,0.4425,2017-09-23,Leicester,Liverpool,away,2,3,A,6,4.1,3.9,1.91,0.75,1.78,2.11,1.69,2.18,0.0239,0.0357,1.91,True,1.69,True,2.11,1.0,0.9099999999999999,0.69,1.1099999999999999
Liverpool,2017-09-23 17:30:00,2017,1.6319710734463275,Strong Long,Normal,0.4182472,-0.3039,0.4425,2017-10-01,Newcastle United,Liverpool,away,1,1,D,7,5.0,3.8,1.67,0.75,1.96,1.91,1.68,2.18,0.062,0.0338,1.67,False,1.68,False,1.91,-1.0,-1.0,-1.0,-1.0
Liverpool,2017-10-14 12:30:00,2017,2.2023710734463275,Strong Long,Normal,0.6706492000000001,-0.3039,0.4425,2017-10-22,Tottenham,Liverpool,away,4,1,H,7,2.25,3.5,3.39,-0.25,1.88,1.99,1.66,2.23,0.0251,0.0344,3.39,False,1.66,True,1.99,-1.0,-1.0,0.6599999999999999,-1.0
Liverpool,2017-10-22 16:00:00,2017,1.751562033898305,Strong Long,Normal,0.4711662,-0.3039,0.4425,2017-10-28,Liverpool,Huddersfield,home,3,0,H,5,1.25,6.75,13.0,-2.0,2.16,1.73,1.48,2.61,0.0251,0.041,1.25,True,1.48,True,2.16,1.0,0.25,0.48,1.1600000000000001
Liverpool,2017-12-02 15:00:00,2017,-1.66034802259887,Strong Short,Break,-1.038604,-0.3039,0.4425,2017-12-10,Liverpool,Everton,home,1,1,D,7,1.3,6.0,11.0,-1.75,1.99,1.86,1.48,2.62,0.0268,0.0401,11.0,False,2.62,True,1.86,1.0,-1.0,1.62,0.8600000000000001
Liverpool,2018-01-14 16:00:00,2017,-1.8755480225988697,Strong Short,Break,-1.13383,-0.3039,0.4425,2018-01-22,Swansea,Liverpool,away,1,0,H,7,12.0,5.75,1.3,1.5,1.95,1.92,1.66,2.21,0.0265,0.0337,12.0,True,2.21,True,1.95,1.0,11.0,1.21,0.95
Liverpool,2018-04-28 11:30:00,2017,1.6195575141242935,Strong Long,Normal,0.4127542,-0.3039,0.4425,2018-05-06,Chelsea,Liverpool,away,1,0,H,7,2.25,3.6,3.29,-0.25,1.93,1.93,1.71,2.13,0.0262,0.0363,3.29,False,1.71,False,1.93,-1.0,-1.0,-1.0,-1.0
Liverpool,2018-05-06 16:30:00,2017,1.9389392090395483,Strong Long,Normal,0.5540806,-0.3039,0.4425,2018-05-13,Liverpool,Brighton,home,4,0,H,6,1.19,8.0,15.0,-2.0,1.88,1.97,1.41,2.86,0.032,0.0395,1.19,True,1.41,True,1.88,1.0,0.18999999999999995,0.4099999999999999,0.8799999999999999
Liverpool,2018-08-12 15:30:00,2018,1.5032457454050374,Strong Long,Normal,0.4073804,-0.2551,0.4407,2018-08-20,Crystal Palace,Liverpool,away,0,2,A,7,7.0,5.0,1.44,1.25,1.93,1.94,1.55,2.43,0.0373,0.0336,1.44,True,1.55,False,1.94,1.0,0.43999999999999995,-1.0,0.94
Liverpool,2018-08-20 22:00:00,2018,2.039905604719764,Strong Long,Normal,0.6438864,-0.2551,0.4407,2018-08-25,Liverpool,Brighton,home,1,0,H,4,1.16,8.5,19.0,-2.25,1.96,1.91,1.41,2.85,0.0323,0.0338,1.16,True,1.41,False,1.96,-1.0,0.15999999999999992,-1.0,-1.0
Liverpool,2018-09-15 11:30:00,2018,1.58521896982074,Strong Long,Normal,0.443506,-0.2551,0.4407,2018-09-22,Liverpool,Southampton,home,3,0,H,6,1.2,7.5,17.0,-2.0,1.96,1.9,1.49,2.59,0.0255,0.0365,1.2,True,1.49,True,1.96,1.0,0.19999999999999996,0.49,0.96
Liverpool,2019-08-09 20:00:00,2019,-1.584429983128465,Strong Short,Break,-0.91388,-0.2565,0.4149,2019-08-17,Southampton,Liverpool,away,1,2,A,7,6.5,4.75,1.44,1.25,1.84,2.04,1.64,2.28,0.0588,0.0337,6.5,False,2.28,False,1.84,1.0,-1.0,-1.0,0.8400000000000001
Liverpool,2019-08-17 15:00:00,2019,-2.0201108700891783,Strong Short,Break,-1.094644,-0.2565,0.4149,2019-08-24,Liverpool,Arsenal,home,3,1,H,6,1.5,4.6,6.0,-1.25,2.03,1.86,1.44,2.79,0.0507,0.0302,6.0,False,2.79,False,1.86,-1.0,-1.0,-1.0,-1.0
Liverpool,2019-08-31 17:30:00,2019,-1.5772330682092068,Strong Short,Break,-0.910894,-0.2565,0.4149,2019-09-14,Liverpool,Newcastle United,home,3,1,H,13,1.14,8.5,17.0,-2.25,2.01,1.87,1.42,2.89,0.0537,0.0323,17.0,False,2.89,False,1.87,1.0,-1.0,-1.0,0.8700000000000001
Liverpool,2019-10-27 16:30:00,2019,1.5679055194022655,Strong Long,Normal,0.394024,-0.2565,0.4149,2019-11-02,Aston Villa,Liverpool,away,1,2,A,5,9.0,5.0,1.33,1.5,1.89,2.0,1.47,2.71,0.063,0.0291,1.33,True,1.47,True,2.0,-0.5,0.33000000000000007,0.47,-0.5
Liverpool,2019-11-02 15:00:00,2019,2.222622318630996,Strong Long,Normal,0.665666,-0.2565,0.4149,2019-11-10,Liverpool,Manchester City,home,3,1,H,7,2.5,3.6,2.62,0.0,1.89,1.99,1.63,2.3,0.0595,0.0316,2.5,True,1.63,True,1.89,1.0,1.5,0.6299999999999999,0.8899999999999999
Liverpool,2019-12-04 20:15:00,2019,-1.721937816341287,Strong Short,Break,-0.970932,-0.2565,0.4149,2019-12-07,Bournemouth,Liverpool,away,0,3,A,2,7.0,5.25,1.4,1.25,1.96,1.92,1.5,2.59,0.0476,0.031,7.0,False,2.59,False,1.96,-1.0,-1.0,-1.0,-1.0
Liverpool,2019-12-07 15:00:00,2019,-1.8876548565919504,Strong Short,Break,-1.0396880000000002,-0.2565,0.4149,2019-12-14,Liverpool,Watford,home,2,0,H,6,1.16,7.5,17.0,-2.0,1.84,2.03,1.39,3.01,0.0542,0.0361,17.0,False,3.01,True,2.03,0.0,-1.0,2.01,0.0
Liverpool,2020-01-19 16:30:00,2019,1.611067727163172,Strong Long,Normal,0.411932,-0.2565,0.4149,2020-01-23,Wolverhampton Wanderers,Liverpool,away,1,2,A,3,5.75,3.8,1.61,0.75,2.07,1.81,1.8,2.02,0.0582,0.0356,1.61,True,1.8,True,1.81,1.0,0.6100000000000001,0.8,0.81
Liverpool,2020-01-23 20:00:00,2019,1.5245456736563026,Strong Long,Normal,0.376034,-0.2565,0.4149,2020-01-29,West Ham,Liverpool,away,0,2,A,5,8.5,5.5,1.33,1.5,1.9,1.96,1.56,2.44,0.0513,0.0365,1.33,True,1.56,False,1.96,0.5,0.33000000000000007,-1.0,0.48
Liverpool,2020-01-29 19:45:00,2019,1.5766160520607375,Strong Long,Normal,0.397638,-0.2565,0.4149,2020-02-01,Liverpool,Southampton,home,4,0,H,2,1.25,6.0,12.0,-1.5,1.84,2.02,1.53,2.49,0.05,0.0385,1.25,True,1.53,True,1.84,1.0,0.25,0.53,0.8400000000000001
Liverpool,2020-07-15 19:15:00,2019,1.5434254037117376,Strong Long,Break,0.3838671999999999,-0.2565,0.4149,2020-07-22,Liverpool,Chelsea,home,5,3,H,6,2.0,3.75,3.5,-0.5,2.05,1.82,1.6,2.34,0.0524,0.0373,2.0,True,1.6,True,2.05,1.0,1.0,0.6000000000000001,1.0499999999999998
Liverpool,2020-09-20 15:30:00,2020,-1.904208323645664,Strong Short,Break,-1.0701,-0.2511,0.4301,2020-09-28,Liverpool,Arsenal,home,3,1,H,7,1.45,4.75,6.5,-1.0,1.78,2.1,1.54,2.48,0.054,0.038,6.5,False,2.48,False,2.1,-1.0,-1.0,-1.0,-1.0
Liverpool,2020-09-28 19:15:00,2020,-2.5947268077191348,Strong Short,Break,-1.367092,-0.2511,0.4301,2020-10-04,Aston Villa,Liverpool,away,7,2,H,5,10.0,5.5,1.3,1.5,1.93,1.95,1.53,2.5,0.051,0.031,10.0,True,2.5,False,1.93,1.0,9.0,-1.0,0.9299999999999999
Liverpool,2020-12-19 12:30:00,2020,-2.770318530574285,Strong Short,Break,-1.442614,-0.2511,0.4301,2020-12-27,Liverpool,West Bromwich Albion,home,1,1,D,7,1.11,10.0,19.0,-2.5,2.02,1.84,1.36,3.13,0.0535,0.0385,19.0,False,3.13,True,1.84,1.0,-1.0,2.13,0.8400000000000001
Liverpool,2020-12-27 16:30:00,2020,-2.224510578935132,Strong Short,Break,-1.207862,-0.2511,0.4301,2020-12-30,Newcastle United,Liverpool,away,0,0,D,2,12.0,6.0,1.25,1.5,2.05,1.83,1.5,2.6,0.05,0.0343,12.0,False,2.6,True,2.05,1.0,-1.0,1.6,1.0499999999999998
Liverpool,2021-01-21 20:00:00,2020,3.37315973029528,Strong Long,Normal,1.199696,-0.2511,0.4301,2021-01-28,Tottenham,Liverpool,away,1,3,A,6,3.2,3.6,2.2,0.25,1.95,1.92,1.8,2.04,0.0448,0.0337,2.2,True,1.8,True,1.92,1.0,1.2000000000000002,0.8,0.9199999999999999
Liverpool,2021-01-28 20:00:00,2020,2.970058126017205,Strong Long,Normal,1.026322,-0.2511,0.4301,2021-01-31,West Ham,Liverpool,away,1,3,A,2,4.33,4.0,1.75,0.75,1.88,1.99,1.65,2.27,0.0524,0.0344,1.75,True,1.65,True,1.99,1.0,0.75,0.6499999999999999,0.99
Liverpool,2021-01-31 16:30:00,2020,1.9180330155777725,Strong Long,Normal,0.573846,-0.2511,0.4301,2021-02-03,Liverpool,Brighton,home,0,1,A,2,1.33,5.25,9.0,-1.5,2.05,1.81,1.63,2.3,0.0535,0.0403,1.33,False,1.63,False,2.05,-1.0,-1.0,-1.0,-1.0
Liverpool,2021-02-03 20:15:00,2020,1.7892908625900954,Strong Long,Normal,0.518474,-0.2511,0.4301,2021-02-07,Liverpool,Manchester City,home,1,4,A,3,3.4,3.6,2.05,0.25,2.04,1.84,1.7,2.17,0.0597,0.0337,3.4,False,1.7,True,2.04,-1.0,-1.0,0.7,-1.0
Liverpool,2021-02-20 17:30:00,2020,1.7715694024645432,Strong Long,Normal,0.510852,-0.2511,0.4301,2021-02-28,Sheffield United,Liverpool,away,0,2,A,7,8.0,5.0,1.36,1.25,1.94,1.94,1.66,2.24,0.0603,0.0309,1.36,True,1.66,False,1.94,1.0,0.3600000000000001,-1.0,0.94
Liverpool,2021-02-28 19:15:00,2020,2.584133922343641,Strong Long,Normal,0.8603359999999999,-0.2511,0.4301,2021-03-04,Liverpool,Chelsea,home,0,1,A,3,2.25,3.6,3.0,-0.25,1.97,1.92,1.78,2.05,0.0556,0.0284,2.25,False,1.78,False,1.97,-1.0,-1.0,-1.0,-1.0
Liverpool,2021-03-04 20:15:00,2020,2.1897391304347824,Strong Long,Normal,0.6907068,-0.2511,0.4301,2021-03-07,Liverpool,Fulham,home,0,1,A,2,1.36,5.0,8.5,-1.25,1.88,2.01,1.69,2.18,0.0529,0.0294,1.36,False,1.69,False,1.88,-1.0,-1.0,-1.0,-1.0
Liverpool,2021-03-07 14:00:00,2020,2.433628458498024,Strong Long,Normal,0.7956036,-0.2511,0.4301,2021-03-15,Wolverhampton Wanderers,Liverpool,away,0,1,A,7,4.75,3.75,1.72,0.75,1.9,1.98,1.96,1.86,0.0586,0.0314,1.72,True,1.96,False,1.98,1.0,0.72,-1.0,0.98
Liverpool,2021-04-24 11:30:00,2020,1.5538014415252264,Strong Long,Normal,0.4171899999999999,-0.2511,0.4301,2021-05-08,Liverpool,Southampton,home,2,0,H,13,1.25,6.0,11.0,-1.75,2.04,1.85,1.47,2.69,0.0576,0.0307,1.25,True,1.47,False,2.04,1.0,0.25,-1.0,1.04
Liverpool,2021-05-08 19:15:00,2020,1.6507416879795396,Strong Long,Normal,0.4588839999999999,-0.2511,0.4301,2021-05-13,Manchester United,Liverpool,away,2,4,A,4,3.0,3.75,2.2,0.25,1.97,1.9,1.69,2.19,0.0545,0.0339,2.2,True,1.69,True,1.9,1.0,1.2000000000000002,0.69,0.8999999999999999
Liverpool,2021-10-30 14:00:00,2021,-1.5697764606265878,Strong Short,Break,-0.9384624,-0.1969,0.4724,2021-11-07,West Ham,Liverpool,away,3,2,H,7,4.75,4.0,1.7,0.75,1.96,1.92,1.49,2.63,0.0488,0.031,4.75,True,2.63,False,1.96,1.0,3.75,-1.0,0.96
Liverpool,2021-12-28 20:00:00,2021,2.6820533446232013,Strong Long,Normal,1.070102,-0.1969,0.4724,2022-01-02,Chelsea,Liverpool,away,2,2,D,4,3.1,3.5,2.25,0.25,1.88,1.99,1.79,2.05,0.0527,0.0344,2.25,False,1.79,True,1.99,-1.0,-1.0,0.79,-1.0
Liverpool,2022-01-02 16:30:00,2021,1.9901185436071125,Strong Long,Normal,0.7432319999999999,-0.1969,0.4724,2022-01-16,Liverpool,Brentford,home,3,0,H,13,1.3,5.5,10.0,-1.5,1.9,1.98,1.65,2.26,0.051,0.0314,1.3,True,1.65,True,1.9,1.0,0.30000000000000004,0.6499999999999999,0.8999999999999999
Liverpool,2022-10-09 15:30:00,2022,-1.796331639135959,Strong Short,Break,-1.0151278,-0.1669,0.4722,2022-10-16,Liverpool,Manchester City,home,1,0,H,6,3.6,4.0,1.9,0.5,1.97,1.91,1.46,2.7,0.0541,0.0312,1.9,False,2.7,True,1.91,-1.0,-1.0,1.7000000000000002,-1.0
Liverpool,2022-10-29 18:45:00,2022,2.0948415925455315,Strong Long,Normal,0.8222842,-0.1669,0.4722,2022-11-06,Tottenham,Liverpool,away,1,2,A,7,3.3,3.6,2.1,0.25,1.99,1.87,1.68,2.19,0.057,0.0373,2.1,True,1.68,True,1.87,1.0,1.1,0.6799999999999999,0.8700000000000001
Liverpool,2022-11-06 16:30:00,2022,2.391465480728505,Strong Long,Normal,0.96235,-0.1669,0.4722,2022-11-12,Liverpool,Southampton,home,3,1,H,5,1.25,6.5,11.0,-1.75,1.86,2.01,1.41,2.91,0.0448,0.0351,1.25,True,1.41,True,1.86,1.0,0.25,0.4099999999999999,0.8600000000000001
Liverpool,2022-12-26 17:30:00,2022,1.5491359593392626,Strong Long,Normal,0.5646019999999999,-0.1669,0.4722,2022-12-30,Liverpool,Leicester,home,2,1,H,3,1.29,6.0,9.5,-1.75,2.01,1.86,1.44,2.8,0.0471,0.0351,1.29,True,1.44,True,2.01,-1.0,0.29000000000000004,0.43999999999999995,-1.0
Liverpool,2023-01-21 12:30:00,2022,2.143354510800508,Strong Long,Normal,0.8451919999999999,-0.1669,0.4722,2023-02-04,Wolverhampton Wanderers,Liverpool,away,3,0,H,13,4.0,3.8,1.85,0.5,1.99,1.89,1.79,2.05,0.0537,0.0316,1.85,False,1.79,True,1.89,-1.0,-1.0,0.79,-1.0
Liverpool,2023-02-04 15:00:00,2022,2.4800720033883947,Strong Long,Normal,1.00419,-0.1669,0.4722,2023-02-13,Liverpool,Everton,home,2,0,H,8,1.5,4.33,6.5,-1.0,1.87,2.0,1.78,2.06,0.0515,0.0348,1.5,True,1.78,False,1.87,1.0,0.5,-1.0,0.8700000000000001
Liverpool,2023-02-13 20:00:00,2022,2.568288860652266,Strong Long,Normal,1.0458459999999998,-0.1669,0.4722,2023-02-18,Newcastle United,Liverpool,away,0,2,A,4,2.5,3.5,2.7,0.0,1.88,2.01,1.79,2.04,0.0561,0.0294,2.7,True,1.79,False,2.01,1.0,1.7000000000000002,-1.0,1.0099999999999998
Liverpool,2023-02-18 17:30:00,2022,2.1705252011859377,Strong Long,Normal,0.8580219999999998,-0.1669,0.4722,2023-02-25,Crystal Palace,Liverpool,away,0,0,D,6,4.75,3.8,1.73,0.75,1.92,1.96,1.82,2.02,0.0517,0.031,1.73,False,1.82,False,1.96,-1.0,-1.0,-1.0,-1.0
Liverpool,2023-02-25 19:45:00,2022,2.197081745023295,Strong Long,Normal,0.870562,-0.1669,0.4722,2023-03-01,Liverpool,Wolverhampton Wanderers,home,2,0,H,3,1.5,4.75,6.0,-1.0,1.8,2.08,1.73,2.14,0.0439,0.0363,1.5,True,1.73,False,1.8,1.0,0.5,-1.0,0.8
Liverpool,2023-03-01 20:00:00,2022,1.9432316814908928,Strong Long,Normal,0.7506939999999999,-0.1669,0.4722,2023-03-05,Liverpool,Manchester United,home,7,0,H,3,2.38,3.6,2.88,-0.25,2.08,1.81,1.65,2.27,0.0452,0.0333,2.38,True,1.65,True,2.08,1.0,1.38,0.6499999999999999,1.08
Liverpool,2024-04-07 14:30:00,2023,2.2197072164948453,Strong Long,Normal,0.9482579999999998,-0.1283,0.485,2024-04-14,Liverpool,Crystal Palace,home,0,1,A,6,1.22,7.0,12.0,-2.0,1.96,1.89,1.39,3.0,0.0459,0.0393,1.22,False,1.39,False,1.96,-1.0,-1.0,-1.0,-1.0
Liverpool,2024-04-14 13:00:00,2023,3.3423381443298967,Strong Long,Normal,1.4927339999999998,-0.1283,0.485,2024-04-21,Fulham,Liverpool,away,1,3,A,6,5.25,4.5,1.57,1.0,1.95,1.9,1.41,2.91,0.0496,0.0391,1.57,True,1.41,True,1.9,1.0,0.5700000000000001,0.4099999999999999,0.8999999999999999
Liverpool,2024-04-21 15:30:00,2023,2.010185567010309,Strong Long,Normal,0.8466399999999998,-0.1283,0.485,2024-04-24,Everton,Liverpool,away,2,0,H,2,7.0,5.0,1.4,1.25,1.95,1.9,1.51,2.56,0.0571,0.0391,1.4,False,1.51,False,1.9,-1.0,-1.0,-1.0,-1.0
Liverpool,2024-04-24 19:00:00,2023,2.2823752577319585,Strong Long,Normal,0.978652,-0.1283,0.485,2024-04-27,West Ham,Liverpool,away,2,2,D,2,5.5,5.0,1.5,1.0,2.1,1.78,1.37,3.1,0.0485,0.038,1.5,False,1.37,True,1.78,-1.0,-1.0,0.3700000000000001,-1.0
Liverpool,2024-04-27 11:30:00,2023,2.6020701030927835,Strong Long,Normal,1.1337039999999998,-0.1283,0.485,2024-05-05,Liverpool,Tottenham,home,4,2,H,7,1.5,5.75,5.0,-1.25,1.94,1.91,1.26,3.82,0.0406,0.039,1.5,True,1.26,True,1.94,1.0,0.5,0.26,0.94
Manchester City,2017-08-12 17:30:00,2017,-2.2683379711611438,Strong Short,Normal,-0.919974,-0.0233,0.3953,2017-08-21,Manchester City,Everton,home,1,1,D,8,1.33,5.75,10.0,-1.5,1.87,2.0,1.61,2.33,0.0258,0.0348,10.0,False,2.33,True,2.0,1.0,-1.0,1.33,1.0
Manchester City,2017-09-09 12:30:00,2017,-1.869739438401215,Strong Short,Normal,-0.7624080000000002,-0.0233,0.3953,2017-09-16,Watford,Manchester City,away,0,6,A,6,9.0,6.0,1.33,1.5,1.9,1.98,1.5,2.57,0.0297,0.0314,9.0,False,2.57,False,1.9,-1.0,-1.0,-1.0,-1.0
Manchester City,2017-09-16 15:00:00,2017,-2.0076853023020496,Strong Short,Normal,-0.8169380000000002,-0.0233,0.3953,2017-09-23,Manchester City,Crystal Palace,home,5,0,H,6,1.14,10.0,21.0,-2.25,1.86,2.02,1.36,3.13,0.0248,0.0327,21.0,False,3.13,False,2.02,-1.0,-1.0,-1.0,-1.0
Manchester City,2017-09-23 15:00:00,2017,-1.5736250948646604,Strong Short,Normal,-0.6453540000000002,-0.0233,0.3953,2017-09-30,Chelsea,Manchester City,away,0,1,A,6,2.75,3.3,2.5,0.0,2.04,1.84,1.7,2.15,0.0667,0.0337,2.75,False,2.15,True,2.04,-1.0,-1.0,1.15,-1.0
Manchester City,2017-09-30 17:30:00,2017,-1.528838856564635,Strong Short,Normal,-0.6276500000000002,-0.0233,0.3953,2017-10-14,Manchester City,Stoke,home,7,2,H,13,1.14,9.5,21.0,-2.5,2.06,1.82,1.31,3.39,0.0301,0.0349,21.0,False,3.39,False,1.82,-1.0,-1.0,-1.0,-1.0
Manchester City,2017-10-14 15:00:00,2017,-2.698775613458133,Strong Short,Normal,-1.0901260000000002,-0.0233,0.3953,2017-10-21,Manchester City,Burnley,home,3,0,H,6,1.11,12.0,26.0,-2.75,2.0,1.87,1.27,3.66,0.0227,0.0348,26.0,False,3.66,False,1.87,-1.0,-1.0,-1.0,-1.0
Manchester City,2018-03-31 17:30:00,2017,-2.4559514292942075,Strong Short,Normal,-0.9941376000000002,-0.0233,0.3953,2018-04-07,Manchester City,Manchester United,home,2,3,A,6,1.89,3.79,4.2,-0.5,1.86,2.01,1.84,1.98,0.031,0.0351,4.2,True,1.98,False,2.01,1.0,3.2,-1.0,1.0099999999999998
Manchester City,2018-05-09 20:00:00,2017,-1.5795901846698712,Strong Short,Normal,-0.6477120000000001,-0.0233,0.3953,2018-05-13,Southampton,Manchester City,away,0,1,A,3,9.0,5.0,1.39,1.25,1.95,1.91,1.52,2.49,0.0305,0.0364,9.0,False,2.49,True,1.95,1.0,-1.0,1.4900000000000002,0.95
Manchester City,2018-10-07 15:30:00,2018,1.5941987730061349,Strong Long,Break,0.4902359999999999,-0.1594,0.4075,2018-10-20,Manchester City,Burnley,home,5,0,H,12,1.08,13.0,34.0,-3.0,2.03,1.84,1.28,3.66,0.0323,0.0361,1.08,True,1.28,True,2.03,1.0,0.08000000000000007,0.28,1.0299999999999998
Manchester City,2018-11-24 15:00:00,2018,-1.9791263803680992,Strong Short,Normal,-0.9658940000000004,-0.1594,0.4075,2018-12-01,Manchester City,Bournemouth,home,3,1,H,6,1.11,11.0,26.0,-2.5,1.83,2.03,1.25,3.86,0.0303,0.0391,26.0,False,3.86,False,2.03,0.5,-1.0,-1.0,0.5149999999999999
Manchester City,2018-12-01 15:00:00,2018,-1.8074453987730064,Strong Short,Normal,-0.8959340000000001,-0.1594,0.4075,2018-12-04,Watford,Manchester City,away,1,2,A,2,11.0,6.0,1.3,1.5,2.02,1.84,1.5,2.58,0.0268,0.0385,11.0,False,2.58,False,2.02,0.5,-1.0,-1.0,0.51
Manchester City,2018-12-04 20:00:00,2018,-2.011887116564418,Strong Short,Normal,-0.9792440000000002,-0.1594,0.4075,2018-12-08,Chelsea,Manchester City,away,2,0,H,3,4.0,3.8,1.95,0.75,1.7,2.24,1.69,2.17,0.026,0.0347,4.0,True,2.17,True,1.7,1.0,3.0,1.17,0.7
Manchester City,2019-03-30 12:30:00,2018,1.5627042944785274,Strong Long,Break,0.4774019999999998,-0.1594,0.4075,2019-04-03,Manchester City,Cardiff,home,2,0,H,3,1.06,17.0,34.0,-3.0,1.81,2.05,1.22,4.15,0.0316,0.0403,1.06,True,1.22,False,1.81,-1.0,0.06000000000000005,-1.0,-1.0
Manchester City,2019-04-03 19:45:00,2018,3.2789987730061347,Strong Long,Break,1.1767919999999998,-0.1594,0.4075,2019-04-14,Crystal Palace,Manchester City,away,1,3,A,10,11.0,6.0,1.3,1.5,1.94,1.93,1.6,2.34,0.0268,0.0336,1.3,True,1.6,True,1.93,0.5,0.30000000000000004,0.6000000000000001,0.46499999999999997
Manchester City,2019-04-14 14:05:00,2018,1.8973791411042944,Strong Long,Break,0.6137819999999998,-0.1594,0.4075,2019-04-20,Manchester City,Tottenham,home,1,0,H,5,1.3,6.0,11.0,-1.5,1.76,2.13,1.43,2.8,0.0268,0.0377,1.3,True,1.43,False,1.76,-0.5,0.30000000000000004,-1.0,-0.5
Manchester City,2019-04-20 12:30:00,2018,2.1264343558282204,Strong Long,Break,0.7071219999999998,-0.1594,0.4075,2019-04-24,Manchester United,Manchester City,away,0,2,A,3,7.5,5.0,1.44,1.5,1.68,2.24,1.52,2.54,0.0278,0.0417,1.44,True,1.52,False,2.24,0.5,0.43999999999999995,-1.0,0.6200000000000001
Manchester City,2019-04-28 14:05:00,2018,1.5409084662576682,Strong Long,Break,0.4685201999999998,-0.1594,0.4075,2019-05-06,Manchester City,Leicester,home,1,0,H,7,1.12,8.5,17.0,-2.0,1.75,2.12,1.31,3.42,0.0693,0.0431,1.12,True,1.31,False,1.75,-1.0,0.1200000000000001,-1.0,-1.0
Manchester City,2019-08-31 15:00:00,2019,-1.6224892086330942,Strong Short,Normal,-0.7912780000000003,-0.1147,0.417,2019-09-14,Norwich,Manchester City,away,3,2,H,13,15.0,9.0,1.14,2.5,1.86,2.02,1.23,4.15,0.055,0.0327,15.0,True,4.15,False,1.86,1.0,14.0,-1.0,0.8600000000000001
Manchester City,2019-10-19 17:30:00,2019,1.5810215827338128,Strong Long,Break,0.5445859999999999,-0.1147,0.417,2019-10-26,Manchester City,Aston Villa,home,3,0,H,6,1.08,11.0,26.0,-3.0,2.04,1.83,1.21,4.45,0.0553,0.0366,1.08,True,1.21,True,2.04,0.0,0.08000000000000007,0.20999999999999996,0.0
Manchester City,2019-10-26 12:30:00,2019,1.5070071942446042,Strong Long,Break,0.5137219999999999,-0.1147,0.417,2019-11-02,Manchester City,Southampton,home,2,1,H,6,1.07,13.0,23.0,-3.0,2.07,1.81,1.22,4.27,0.055,0.0356,1.07,True,1.22,True,2.07,-1.0,0.07000000000000006,0.21999999999999997,-1.0
Manchester City,2019-11-02 15:00:00,2019,2.816757793764988,Strong Long,Break,1.059888,-0.1147,0.417,2019-11-10,Liverpool,Manchester City,away,3,1,H,7,2.5,3.6,2.62,0.0,1.89,1.99,1.63,2.3,0.0595,0.0316,2.62,False,1.63,True,1.99,-1.0,-1.0,0.6299999999999999,-1.0
Manchester City,2019-11-10 16:30:00,2019,2.99557793764988,Strong Long,Break,1.134456,-0.1147,0.417,2019-11-23,Manchester City,Chelsea,home,2,1,H,12,1.44,5.0,6.5,-1.25,1.93,1.94,1.4,2.92,0.0483,0.0336,1.44,True,1.4,True,1.93,-1.0,0.43999999999999995,0.3999999999999999,-1.0
Manchester City,2019-11-23 17:30:00,2019,1.8527098321342923,Strong Long,Break,0.6578799999999999,-0.1147,0.417,2019-11-30,Newcastle United,Manchester City,away,2,2,D,6,13.0,8.0,1.16,2.0,1.98,1.9,1.44,2.79,0.064,0.0314,1.16,False,1.44,True,1.9,-1.0,-1.0,0.43999999999999995,-1.0
Manchester City,2020-02-19 19:30:00,2019,1.947294964028777,Strong Long,Break,0.697322,-0.1147,0.417,2020-02-22,Leicester,Manchester City,away,0,1,A,2,4.5,4.2,1.7,0.75,1.94,1.93,1.54,2.47,0.0486,0.0336,1.7,True,1.54,False,1.93,1.0,0.7,-1.0,0.9299999999999999
Manchester City,2020-02-22 17:30:00,2019,3.7104508393285367,Strong Long,Break,1.4325579999999998,-0.1147,0.417,2020-03-08,Manchester United,Manchester City,away,2,0,H,14,5.0,4.33,1.6,0.75,2.07,1.8,1.66,2.22,0.0559,0.0386,1.6,False,1.66,False,1.8,-1.0,-1.0,-1.0,-1.0
Manchester City,2020-06-17 19:15:00,2019,2.739985131894484,Strong Long,Break,1.0278737999999998,-0.1147,0.417,2020-06-22,Manchester City,Burnley,home,5,0,H,4,1.12,9.0,15.0,-2.5,2.04,1.84,1.32,3.35,0.0706,0.0337,1.12,True,1.32,True,2.04,1.0,0.1200000000000001,0.32000000000000006,1.04
Manchester City,2020-09-27 15:30:00,2020,-1.6776700717235389,Strong Short,Normal,-0.8687960000000002,-0.0969,0.4601,2020-10-03,Leeds,Manchester City,away,1,1,D,5,7.5,5.25,1.36,1.5,1.87,2.01,1.37,3.11,0.0591,0.0323,7.5,False,3.11,True,1.87,1.0,-1.0,2.11,0.8700000000000001
Manchester City,2020-11-21 17:30:00,2020,1.7177726581178,Strong Long,Break,0.6934471999999998,-0.0969,0.4601,2020-11-28,Manchester City,Burnley,home,5,0,H,6,1.16,7.5,16.0,-2.25,2.04,1.82,1.45,2.74,0.0579,0.0396,1.16,True,1.45,True,2.04,1.0,0.15999999999999992,0.44999999999999996,1.04
Manchester City,2020-12-15 20:00:00,2020,1.5399217561399687,Strong Long,Break,0.6116179999999997,-0.0969,0.4601,2020-12-19,Southampton,Manchester City,away,0,1,A,3,7.0,4.5,1.44,1.25,1.83,2.05,1.57,2.43,0.0595,0.0343,1.44,True,1.57,False,2.05,-1.0,0.43999999999999995,-1.0,-1.0
Manchester City,2020-12-26 20:00:00,2020,2.5949967398391656,Strong Long,Break,1.097058,-0.0969,0.4601,2021-01-03,Chelsea,Manchester City,away,1,3,A,7,3.0,3.7,2.2,0.25,1.89,1.96,1.72,2.12,0.0581,0.0393,2.2,True,1.72,True,1.96,1.0,1.2000000000000002,0.72,0.96
Manchester City,2021-01-03 16:30:00,2020,2.1243816561617037,Strong Long,Break,0.8805279999999996,-0.0969,0.4601,2021-01-13,Manchester City,Brighton,home,1,0,H,9,1.14,8.5,16.0,-2.0,1.92,1.95,1.48,2.64,0.0573,0.0337,1.14,True,1.48,False,1.92,-1.0,0.1399999999999999,-1.0,-1.0
Manchester City,2021-01-13 18:00:00,2020,2.39571832210389,Strong Long,Break,1.0053699999999997,-0.0969,0.4601,2021-01-17,Manchester City,Crystal Palace,home,4,0,H,3,1.14,8.5,17.0,-2.0,1.87,2.0,1.49,2.62,0.0537,0.0348,1.14,True,1.49,True,1.87,1.0,0.1399999999999999,0.49,0.8700000000000001
Manchester City,2021-08-21 14:00:00,2021,-2.3701179498177143,Strong Short,Normal,-1.2045860000000002,-0.0994,0.4663,2021-08-28,Manchester City,Arsenal,home,5,0,H,6,1.25,6.0,12.0,-1.75,2.0,1.88,1.57,2.45,0.05,0.0319,12.0,False,2.45,False,1.88,-1.0,-1.0,-1.0,-1.0
Manchester City,2021-08-28 11:30:00,2021,-1.5141325327042678,Strong Short,Normal,-0.8054400000000002,-0.0994,0.4663,2021-09-11,Leicester,Manchester City,away,0,1,A,13,6.0,4.0,1.57,1.0,1.85,2.04,1.74,2.14,0.0536,0.0307,6.0,False,2.14,True,1.85,0.0,-1.0,1.1400000000000001,0.0
Manchester City,2021-12-29 20:15:00,2021,-1.5857516620201593,Strong Short,Normal,-0.8388360000000002,-0.0994,0.4663,2022-01-01,Arsenal,Manchester City,away,1,2,A,2,5.75,4.75,1.5,1.0,2.01,1.87,1.58,2.4,0.0511,0.0323,5.75,False,2.4,False,2.01,0.0,-1.0,-1.0,0.0
Manchester City,2022-01-01 12:30:00,2021,-2.46626635213382,Strong Short,Normal,-1.2494200000000002,-0.0994,0.4663,2022-01-15,Manchester City,Chelsea,home,1,0,H,13,1.65,4.0,5.0,-0.75,1.93,1.95,1.83,2.01,0.0561,0.031,5.0,False,2.01,True,1.95,-1.0,-1.0,1.0099999999999998,-1.0
Manchester City,2022-04-30 16:30:00,2021,-1.8501822860819213,Strong Short,Normal,-0.96214,-0.0994,0.4663,2022-05-08,Manchester City,Newcastle United,home,5,0,H,7,1.16,7.0,17.0,-2.0,1.86,2.03,1.48,2.68,0.0637,0.0302,17.0,False,2.68,False,2.03,-1.0,-1.0,-1.0,-1.0
Manchester City,2022-05-08 15:30:00,2021,-2.092065194081064,Strong Short,Normal,-1.0749300000000002,-0.0994,0.4663,2022-05-11,Wolverhampton Wanderers,Manchester City,away,1,5,A,2,11.0,6.0,1.25,1.75,1.88,1.99,1.66,2.24,0.0576,0.0344,11.0,False,2.24,False,1.88,-1.0,-1.0,-1.0,-1.0
Manchester City,2022-05-11 19:15:00,2021,-2.500999356637358,Strong Short,Normal,-1.265616,-0.0994,0.4663,2022-05-15,West Ham,Manchester City,away,2,2,D,3,7.5,5.0,1.4,1.5,1.81,2.06,1.54,2.47,0.0476,0.0379,7.5,False,2.47,False,1.81,1.0,-1.0,-1.0,0.81
Manchester City,2022-05-15 13:00:00,2021,-1.8066866823933092,Strong Short,Normal,-0.9418580000000002,-0.0994,0.4663,2022-05-22,Manchester City,Aston Villa,home,3,2,H,6,1.16,8.0,17.0,-2.0,1.82,2.07,1.43,2.81,0.0459,0.0325,17.0,False,2.81,False,2.07,1.0,-1.0,-1.0,1.0699999999999998
Manchester City,2022-08-31 18:30:00,2022,-1.808724803734352,Strong Short,Normal,-0.965052,-0.1126,0.4713,2022-09-03,Aston Villa,Manchester City,away,1,1,D,2,8.0,5.5,1.33,1.5,1.93,1.95,1.52,2.54,0.0587,0.031,8.0,False,2.54,True,1.93,1.0,-1.0,1.54,0.9299999999999999
Manchester City,2022-09-03 16:30:00,2022,-1.6669722045406323,Strong Short,Normal,-0.898244,-0.1126,0.4713,2022-09-17,Wolverhampton Wanderers,Manchester City,away,0,3,A,13,9.5,5.0,1.33,1.5,1.92,1.95,1.58,2.39,0.0571,0.0337,9.5,False,2.39,False,1.92,-1.0,-1.0,-1.0,-1.0
Manchester City,2022-10-02 13:00:00,2022,-2.91001485253554,Strong Short,Normal,-1.48409,-0.1126,0.4713,2022-10-08,Manchester City,Southampton,home,4,0,H,5,1.11,10.0,17.0,-2.5,1.88,2.0,1.25,3.9,0.0597,0.0319,17.0,False,3.9,False,2.0,-1.0,-1.0,-1.0,-1.0
Manchester City,2022-10-08 14:00:00,2022,-2.7614640356460862,Strong Short,Normal,-1.4140780000000004,-0.1126,0.4713,2022-10-16,Liverpool,Manchester City,away,1,0,H,7,3.6,4.0,1.9,0.5,1.97,1.91,1.46,2.7,0.0541,0.0312,3.6,True,2.7,True,1.97,1.0,2.6,1.7000000000000002,0.97
Manchester City,2022-10-22 14:00:00,2022,-2.330798642053894,Strong Short,Normal,-1.2111054000000003,-0.1126,0.4713,2022-10-29,Leicester,Manchester City,away,0,1,A,6,10.0,6.5,1.25,1.75,1.85,2.01,1.44,2.75,0.0538,0.0381,10.0,False,2.75,True,1.85,1.0,-1.0,1.75,0.8500000000000001
Manchester City,2022-10-29 11:30:00,2022,-1.787778485041375,Strong Short,Normal,-0.95518,-0.1126,0.4713,2022-11-05,Manchester City,Fulham,home,2,1,H,6,1.11,9.5,19.0,-2.5,1.96,1.91,1.27,3.79,0.0588,0.0338,19.0,False,3.79,False,1.91,1.0,-1.0,-1.0,0.9099999999999999
Manchester City,2022-12-31 15:00:00,2022,1.6087277742414596,Strong Long,Break,0.6455933999999999,-0.1126,0.4713,2023-01-05,Chelsea,Manchester City,away,0,1,A,4,5.0,4.0,1.67,0.75,2.03,1.83,1.79,2.04,0.0488,0.0391,1.67,True,1.79,False,1.83,1.0,0.6699999999999999,-1.0,0.8300000000000001
Manchester City,2023-01-05 20:00:00,2022,2.039830256736685,Strong Long,Break,0.8487719999999997,-0.1126,0.4713,2023-01-14,Manchester United,Manchester City,away,2,1,H,8,4.2,3.6,1.85,0.5,2.04,1.83,1.7,2.19,0.0564,0.0366,1.85,False,1.7,True,1.83,-1.0,-1.0,0.7,-1.0
Manchester City,2023-01-14 12:30:00,2022,1.7612942923827706,Strong Long,Break,0.7174979999999997,-0.1126,0.4713,2023-01-19,Manchester City,Tottenham,home,4,2,H,4,1.36,5.0,8.5,-1.5,2.0,1.88,1.53,2.51,0.0529,0.0319,1.36,True,1.53,True,2.0,0.5,0.3600000000000001,0.53,0.5
Manchester City,2023-04-26 19:00:00,2022,-1.509645660937832,Strong Short,Normal,-0.8240960000000002,-0.1126,0.4713,2023-04-30,Fulham,Manchester City,away,1,2,A,3,12.0,6.0,1.25,1.75,1.92,1.93,1.54,2.48,0.05,0.039,12.0,False,2.48,False,1.92,1.0,-1.0,-1.0,0.9199999999999999
Manchester City,2023-04-30 13:00:00,2022,-1.8767239550180352,Strong Short,Normal,-0.9971,-0.1126,0.4713,2023-05-03,Manchester City,West Ham,home,3,0,H,2,1.2,7.0,13.0,-2.0,1.98,1.87,1.45,2.76,0.0531,0.0398,13.0,False,2.76,False,1.87,-1.0,-1.0,-1.0,-1.0
Manchester City,2023-08-27 13:00:00,2023,1.744028064382996,Strong Long,Break,0.7180559999999998,-0.1271,0.4846,2023-09-02,Manchester City,Fulham,home,5,1,H,5,1.17,8.0,15.0,-2.25,1.98,1.87,1.4,2.95,0.0464,0.0398,1.17,True,1.4,True,1.98,1.0,0.16999999999999993,0.3999999999999999,0.98
Manchester City,2024-03-03 15:30:00,2023,1.6418035493190255,Strong Long,Break,0.6685179999999997,-0.1271,0.4846,2024-03-10,Liverpool,Manchester City,away,1,1,D,6,3.0,3.75,2.2,0.25,1.88,1.95,1.5,2.59,0.0545,0.0447,2.2,False,1.5,False,1.95,-1.0,-1.0,-1.0,-1.0
Manchester City,2024-03-31 16:30:00,2023,1.7351341312422612,Strong Long,Break,0.7137459999999998,-0.1271,0.4846,2024-04-03,Manchester City,Aston Villa,home,4,1,H,2,1.3,6.0,8.0,-1.5,1.84,2.04,1.41,2.95,0.0609,0.0337,1.3,True,1.41,True,1.84,1.0,0.30000000000000004,0.4099999999999999,0.8400000000000001
Manchester City,2024-04-28 15:30:00,2023,-1.9579310771770544,Strong Short,Normal,-1.0759134000000004,-0.1271,0.4846,2024-05-04,Manchester City,Wolverhampton Wanderers,home,5,1,H,5,1.08,12.0,21.0,-2.5,1.86,2.0,1.3,3.52,0.0569,0.0376,21.0,False,3.52,False,2.0,-1.0,-1.0,-1.0,-1.0
Manchester City,2024-05-04 16:30:00,2023,-2.103048699958729,Strong Short,Normal,-1.1462374,-0.1271,0.4846,2024-05-11,Fulham,Manchester City,away,0,4,A,6,13.0,7.0,1.2,2.0,1.84,2.02,1.34,3.18,0.0531,0.0385,13.0,False,3.18,False,1.84,-1.0,-1.0,-1.0,-1.0
Manchester City,2024-05-11 11:30:00,2023,-1.7364081716879902,Strong Short,Normal,-0.9685634,-0.1271,0.4846,2024-05-14,Tottenham,Manchester City,away,0,2,A,2,6.5,6.0,1.36,1.5,1.93,1.94,1.27,3.79,0.0558,0.0336,6.5,False,3.79,True,1.93,-0.5,-1.0,2.79,-0.5
Manchester United,2017-12-02 17:30:00,2017,-1.7917281354193382,Strong Short,Break,-0.6894948,0.0091,0.3899,2017-12-10,Manchester United,Manchester City,home,1,2,A,7,3.39,3.5,2.25,0.25,1.94,1.92,1.83,1.98,0.0251,0.0363,2.25,True,1.98,False,1.92,1.0,1.25,-1.0,0.9199999999999999
Manchester United,2017-12-10 16:30:00,2017,-1.9640933572710948,Strong Short,Break,-0.7566999999999999,0.0091,0.3899,2017-12-13,Manchester United,Bournemouth,home,1,0,H,2,1.28,6.0,12.0,-1.75,2.05,1.8,1.63,2.27,0.0312,0.0434,12.0,False,2.27,True,1.8,1.0,-1.0,1.27,0.8
Manchester United,2017-12-17 14:15:00,2017,-1.9314213901000252,Strong Short,Break,-0.7439612,0.0091,0.3899,2017-12-23,Leicester,Manchester United,away,2,2,D,5,4.5,3.6,1.9,0.75,1.76,2.12,1.93,1.89,0.0263,0.0399,4.5,False,1.89,False,1.76,1.0,-1.0,-1.0,0.76
Manchester United,2018-04-07 16:30:00,2017,-2.711048473967684,Strong Short,Break,-1.0479378,0.0091,0.3899,2018-04-15,Manchester United,West Bromwich Albion,home,0,1,A,7,1.18,8.0,19.0,-2.0,2.08,1.79,1.66,2.23,0.0251,0.0394,19.0,True,2.23,True,1.79,1.0,18.0,1.23,0.79
Manchester United,2018-04-15 15:00:00,2017,-2.0240066683765066,Strong Short,Break,-0.7800602,0.0091,0.3899,2018-04-18,Bournemouth,Manchester United,away,0,2,A,2,5.0,3.89,1.75,0.75,1.94,1.92,1.74,2.1,0.0285,0.0363,5.0,False,2.1,True,1.94,-1.0,-1.0,1.1,-1.0
Manchester United,2018-12-22 17:30:00,2018,-2.5764862829478203,Strong Short,Break,-1.0441375999999998,-0.0862,0.3718,2018-12-26,Manchester United,Huddersfield,home,3,1,H,3,1.25,6.5,15.0,-1.5,1.7,2.21,1.65,2.25,0.0205,0.0407,15.0,False,2.25,False,2.21,-0.5,-1.0,-1.0,-0.5
Manchester United,2018-12-26 15:00:00,2018,-2.633679935449166,Strong Short,Break,-1.0654022,-0.0862,0.3718,2018-12-30,Manchester United,Bournemouth,home,4,1,H,3,1.33,4.75,10.0,-1.5,2.01,1.86,1.54,2.49,0.0624,0.0351,10.0,False,2.49,False,1.86,-1.0,-1.0,-1.0,-1.0
Manchester United,2018-12-30 16:30:00,2018,-2.58959709521248,Strong Short,Break,-1.0490122,-0.0862,0.3718,2019-01-02,Newcastle United,Manchester United,away,0,2,A,2,6.0,4.2,1.61,1.0,1.91,1.95,1.64,2.27,0.0259,0.0364,6.0,False,2.27,True,1.91,-1.0,-1.0,1.27,-1.0
Manchester United,2019-01-02 20:00:00,2018,-1.771436793975255,Strong Short,Break,-0.7448201999999999,-0.0862,0.3718,2019-01-13,Tottenham,Manchester United,away,0,1,A,10,2.05,3.7,3.75,-0.25,1.78,2.1,1.63,2.28,0.0247,0.038,2.05,False,2.28,True,1.78,-1.0,-1.0,1.2799999999999998,-1.0
Manchester United,2019-01-13 16:30:00,2018,-1.6102060247444858,Strong Short,Break,-0.6848745999999999,-0.0862,0.3718,2019-01-19,Manchester United,Brighton,home,2,1,H,5,1.3,5.75,12.0,-1.5,1.93,1.94,1.68,2.2,0.0265,0.0336,12.0,False,2.2,False,1.94,0.5,-1.0,-1.0,0.47
Manchester United,2019-02-03 14:05:00,2018,1.8480726196880044,Strong Long,Normal,0.6009134000000002,-0.0862,0.3718,2019-02-09,Fulham,Manchester United,away,0,3,A,5,5.5,4.4,1.61,1.0,1.84,2.02,1.6,2.34,0.0302,0.0385,1.61,True,1.6,True,2.02,1.0,0.6100000000000001,0.6000000000000001,1.02
Manchester United,2019-04-13 17:30:00,2018,2.1590640129101666,Strong Long,Normal,0.7165400000000001,-0.0862,0.3718,2019-04-21,Everton,Manchester United,away,4,0,H,7,3.25,3.5,2.3,0.25,1.89,1.98,1.86,1.95,0.0282,0.0342,2.3,False,1.86,True,1.98,-1.0,-1.0,0.8600000000000001,-1.0
Manchester United,2019-04-21 13:30:00,2018,2.569941904249597,Strong Long,Normal,0.8693044000000001,-0.0862,0.3718,2019-04-24,Manchester United,Manchester City,home,0,2,A,2,7.5,5.0,1.44,1.5,1.68,2.24,1.52,2.54,0.0278,0.0417,7.5,False,1.52,False,1.68,-0.5,-1.0,-1.0,-0.5
Manchester United,2019-04-24 20:00:00,2018,1.5716681011296398,Strong Long,Normal,0.4981462000000001,-0.0862,0.3718,2019-04-28,Manchester United,Chelsea,home,1,1,D,3,2.7,3.5,2.7,-0.25,2.31,1.66,1.85,1.97,0.0265,0.0353,2.7,False,1.85,False,2.31,-1.0,-1.0,-1.0,-1.0
Manchester United,2019-04-28 16:30:00,2018,1.6492958579881658,Strong Long,Normal,0.5270082000000001,-0.0862,0.3718,2019-05-05,Huddersfield,Manchester United,away,1,1,D,6,11.0,6.0,1.3,1.5,1.93,1.93,1.67,2.22,0.0268,0.0363,1.3,False,1.67,False,1.93,-1.0,-1.0,-1.0,-1.0
Manchester United,2019-05-05 13:00:00,2018,1.5643146853146856,Strong Long,Normal,0.4954122000000002,-0.0862,0.3718,2019-05-12,Manchester United,Cardiff,home,0,2,A,6,1.28,6.5,11.0,-2.0,2.32,1.64,1.39,2.95,0.026,0.0408,1.28,False,1.39,False,2.32,-1.0,-1.0,-1.0,-1.0
Manchester United,2019-09-22 13:00:00,2019,1.8702462813947816,Strong Long,Normal,0.7321880000000001,-0.0348,0.4101,2019-09-30,Manchester United,Arsenal,home,1,1,D,7,2.37,3.5,2.9,-0.25,2.05,1.84,1.63,2.28,0.0525,0.0313,2.37,False,1.63,False,2.05,-1.0,-1.0,-1.0,-1.0
Manchester United,2019-09-30 19:00:00,2019,1.86545720555962,Strong Long,Normal,0.7302240000000001,-0.0348,0.4101,2019-10-06,Newcastle United,Manchester United,away,1,0,H,5,4.5,3.5,1.85,0.5,1.98,1.9,2.16,1.71,0.0485,0.0314,1.85,False,2.16,False,1.9,-1.0,-1.0,-1.0,-1.0
Manchester United,2019-10-06 16:30:00,2019,1.7355347476225311,Strong Long,Normal,0.6769428000000002,-0.0348,0.4101,2019-10-20,Manchester United,Liverpool,home,1,1,D,13,5.25,3.8,1.65,0.75,1.98,1.9,1.76,2.08,0.0597,0.0314,5.25,False,1.76,False,1.98,1.0,-1.0,-1.0,0.98
Manchester United,2019-10-27 16:30:00,2019,1.8820512070226771,Strong Long,Normal,0.7370292,-0.0348,0.4101,2019-11-02,Bournemouth,Manchester United,away,1,0,H,5,3.25,3.6,2.15,0.25,1.99,1.89,1.84,1.99,0.0506,0.0316,2.15,False,1.84,False,1.89,-1.0,-1.0,-1.0,-1.0
Manchester United,2019-11-02 12:30:00,2019,1.5713313825896122,Strong Long,Normal,0.609603,-0.0348,0.4101,2019-11-10,Manchester United,Brighton,home,3,1,H,7,1.6,3.75,6.5,-0.75,1.89,1.99,2.02,1.82,0.0455,0.0316,1.6,True,2.02,True,1.89,1.0,0.6000000000000001,1.02,0.8899999999999999
Manchester United,2019-11-10 14:00:00,2019,1.8246793465008535,Strong Long,Normal,0.713501,-0.0348,0.4101,2019-11-24,Sheffield United,Manchester United,away,3,3,D,13,3.5,3.4,2.1,0.25,2.0,1.87,2.18,1.69,0.056,0.0348,2.1,False,2.18,True,1.87,-1.0,-1.0,1.1800000000000002,-1.0
Manchester United,2020-07-04 14:00:00,2019,-1.7706949524506217,Strong Short,Break,-0.7609619999999999,-0.0348,0.4101,2020-07-09,Aston Villa,Manchester United,away,0,3,A,4,9.0,5.25,1.33,1.5,1.86,2.01,1.65,2.25,0.0535,0.0351,9.0,False,2.25,False,1.86,-1.0,-1.0,-1.0,-1.0
Manchester United,2020-07-09 19:15:00,2019,-1.7090465740063396,Strong Short,Break,-0.7356799999999999,-0.0348,0.4101,2020-07-13,Manchester United,Southampton,home,2,2,D,3,1.3,5.5,10.0,-1.5,1.93,1.94,1.61,2.33,0.051,0.0336,10.0,False,2.33,False,1.94,1.0,-1.0,-1.0,0.94
Manchester United,2020-07-13 19:00:00,2019,-2.328295537673737,Strong Short,Break,-0.9896339999999996,-0.0348,0.4101,2020-07-16,Crystal Palace,Manchester United,away,0,2,A,2,9.5,4.75,1.36,1.5,1.85,2.03,1.77,2.08,0.0511,0.0332,9.5,False,2.08,True,1.85,-0.5,-1.0,1.08,-0.5
Manchester United,2020-07-16 19:15:00,2019,-2.297629846378932,Strong Short,Break,-0.977058,-0.0348,0.4101,2020-07-22,Manchester United,West Ham,home,1,1,D,5,1.22,6.5,11.0,-1.75,1.92,1.96,1.47,2.68,0.0644,0.031,11.0,False,2.68,True,1.96,1.0,-1.0,1.6800000000000002,0.96
Manchester United,2020-10-17 19:00:00,2020,-1.745417063870352,Strong Short,Break,-0.7651769999999998,-0.0328,0.4196,2020-10-24,Manchester United,Chelsea,home,0,0,D,6,2.37,3.6,2.8,-0.25,2.07,1.82,1.62,2.32,0.0569,0.0325,2.8,False,2.32,True,1.82,1.0,-1.0,1.3199999999999998,0.8200000000000001
Manchester United,2020-12-20 16:30:00,2020,-1.6290433746425164,Strong Short,Break,-0.7163465999999998,-0.0328,0.4196,2020-12-26,Leicester,Manchester United,away,2,2,D,5,2.9,3.6,2.3,0.25,1.86,2.0,1.68,2.2,0.0574,0.0376,2.9,False,2.2,False,1.86,1.0,-1.0,-1.0,0.8600000000000001
Manchester United,2021-02-06 20:00:00,2020,-1.856711153479504,Strong Short,Break,-0.8118759999999998,-0.0328,0.4196,2021-02-14,West Bromwich Albion,Manchester United,away,1,1,D,7,10.0,5.5,1.3,1.5,1.96,1.91,1.54,2.48,0.051,0.0338,10.0,False,2.48,True,1.96,1.0,-1.0,1.48,0.96
Manchester United,2021-02-14 14:00:00,2020,-1.980698284080076,Strong Short,Break,-0.8639009999999999,-0.0328,0.4196,2021-02-21,Manchester United,Newcastle United,home,3,1,H,6,1.28,5.5,10.0,-1.5,1.86,2.02,1.56,2.43,0.0631,0.0327,10.0,False,2.43,False,2.02,-0.5,-1.0,-1.0,-0.5
Manchester United,2021-02-21 19:00:00,2020,-2.584845090562441,Strong Short,Break,-1.117401,-0.0328,0.4196,2021-02-28,Chelsea,Manchester United,away,0,0,D,6,2.15,3.4,3.4,-0.25,1.95,1.92,1.93,1.89,0.0534,0.0337,2.15,False,1.89,True,1.95,-1.0,-1.0,0.8899999999999999,-1.0
Manchester United,2021-02-28 16:30:00,2020,-3.1347878932316493,Strong Short,Break,-1.3481569999999998,-0.0328,0.4196,2021-03-03,Crystal Palace,Manchester United,away,0,0,D,2,8.0,4.75,1.4,1.25,1.86,2.02,1.77,2.07,0.0498,0.0327,8.0,False,2.07,True,1.86,1.0,-1.0,1.0699999999999998,0.8600000000000001
Manchester United,2021-08-14 11:30:00,2021,-1.9277798251830849,Strong Short,Break,-0.8913291999999998,-0.0753,0.4233,2021-08-22,Southampton,Manchester United,away,1,1,D,7,5.5,4.2,1.57,1.0,1.84,2.04,1.72,2.16,0.0569,0.0337,5.5,False,2.16,True,1.84,1.0,-1.0,1.1600000000000001,0.8400000000000001
Manchester United,2022-02-15 20:15:00,2021,1.781270966217813,Strong Long,Normal,0.6787120000000002,-0.0753,0.4233,2022-02-20,Leeds,Manchester United,away,2,4,A,4,3.9,3.8,1.85,0.5,1.97,1.91,1.63,2.3,0.0601,0.0312,1.85,True,1.63,True,1.91,1.0,0.8500000000000001,0.6299999999999999,0.9099999999999999
Manchester United,2022-02-20 14:00:00,2021,1.5687975431136314,Strong Long,Normal,0.5887720000000002,-0.0753,0.4233,2022-02-26,Manchester United,Watford,home,0,0,D,5,1.3,5.5,9.5,-1.5,1.98,1.9,1.64,2.28,0.0563,0.0314,1.3,False,1.64,False,1.98,-1.0,-1.0,-1.0,-1.0
Manchester United,2022-02-26 15:00:00,2021,2.351221356012285,Strong Long,Normal,0.9199720000000002,-0.0753,0.4233,2022-03-06,Manchester City,Manchester United,away,4,1,H,7,1.4,4.75,7.5,-1.25,1.89,1.98,1.6,2.35,0.0581,0.0342,7.5,False,1.6,True,1.98,-1.0,-1.0,0.6000000000000001,-1.0
Manchester United,2022-03-06 16:30:00,2021,1.655691944247579,Strong Long,Normal,0.6255544000000002,-0.0753,0.4233,2022-03-12,Manchester United,Tottenham,home,3,2,H,5,2.2,3.4,3.25,-0.25,1.89,1.99,1.74,2.13,0.0564,0.0316,2.2,True,1.74,True,1.89,1.0,1.2000000000000002,0.74,0.8899999999999999
Manchester United,2022-08-22 19:00:00,2022,1.6099628109152386,Strong Long,Normal,0.6094856000000003,-0.0572,0.4141,2022-08-27,Southampton,Manchester United,away,0,1,A,4,4.2,4.0,1.8,0.75,1.86,2.01,1.59,2.39,0.0437,0.0351,1.8,True,1.59,False,2.01,1.0,0.8,-1.0,1.0099999999999998
Manchester United,2023-04-05 19:00:00,2022,1.815846413909684,Strong Long,Normal,0.6947420000000002,-0.0572,0.4141,2023-04-08,Manchester United,Everton,home,2,0,H,2,1.5,4.33,6.5,-1.0,1.82,2.04,1.83,1.99,0.0515,0.0396,1.5,True,1.83,False,1.82,1.0,0.5,-1.0,0.8200000000000001
Manchester United,2023-04-08 11:30:00,2022,2.3660275295822277,Strong Long,Normal,0.9225720000000004,-0.0572,0.4141,2023-04-16,Nottingham Forest,Manchester United,away,0,2,A,7,5.5,4.0,1.62,0.75,1.97,1.88,1.78,2.05,0.0491,0.0395,1.62,True,1.78,False,1.88,1.0,0.6200000000000001,-1.0,0.8799999999999999
Manchester United,2023-04-16 15:30:00,2022,2.6074803187635847,Strong Long,Normal,1.0225576000000005,-0.0572,0.4141,2023-04-27,Tottenham,Manchester United,away,2,2,D,10,2.8,3.6,2.4,0.0,2.05,1.81,1.65,2.25,0.0516,0.0403,2.4,False,1.65,True,1.81,0.0,-1.0,0.6499999999999999,0.0
Manchester United,2023-04-27 19:15:00,2022,2.150667471625212,Strong Long,Normal,0.8333914000000003,-0.0572,0.4141,2023-04-30,Manchester United,Aston Villa,home,1,0,H,2,1.73,3.9,4.6,-0.75,1.99,1.86,1.66,2.24,0.0518,0.0401,1.73,True,1.66,False,1.99,1.0,0.73,-1.0,0.99
Manchester United,2023-04-30 13:00:00,2022,2.136889640183531,Strong Long,Normal,0.8276860000000003,-0.0572,0.4141,2023-05-04,Brighton,Manchester United,away,1,0,H,3,1.95,3.5,3.75,-0.5,2.01,1.85,1.56,2.45,0.0652,0.0381,3.75,False,1.56,False,1.85,-0.5,-1.0,-1.0,-0.5
Manchester United,2023-05-04 19:00:00,2022,2.7051340255976823,Strong Long,Normal,1.0629960000000005,-0.0572,0.4141,2023-05-07,West Ham,Manchester United,away,1,0,H,2,3.4,3.75,2.05,0.25,2.06,1.8,1.67,2.23,0.0486,0.041,2.05,False,1.67,False,1.8,-1.0,-1.0,-1.0,-1.0
Manchester United,2023-05-07 18:00:00,2022,2.1296305240280136,Strong Long,Normal,0.8246800000000004,-0.0572,0.4141,2023-05-13,Manchester United,Wolverhampton Wanderers,home,2,0,H,5,1.36,5.0,7.5,-1.5,2.06,1.8,1.65,2.25,0.0686,0.041,1.36,True,1.65,False,2.06,0.5,0.3600000000000001,-1.0,0.53
Manchester United,2023-05-13 14:00:00,2022,2.015508331320937,Strong Long,Normal,0.7774220000000003,-0.0572,0.4141,2023-05-20,Bournemouth,Manchester United,away,0,1,A,6,6.0,4.75,1.5,1.0,2.09,1.79,1.55,2.46,0.0439,0.0371,1.5,True,1.55,False,1.79,0.0,0.5,-1.0,0.0
Manchester United,2023-05-20 14:00:00,2022,2.379067858005313,Strong Long,Normal,0.9279720000000002,-0.0572,0.4141,2023-05-25,Manchester United,Chelsea,home,4,1,H,4,1.6,4.33,5.0,-1.0,2.03,1.84,1.6,2.38,0.0559,0.0361,1.6,True,1.6,True,2.03,1.0,0.6000000000000001,0.6000000000000001,1.0299999999999998
Manchester United,2023-05-25 19:00:00,2022,2.676923448442406,Strong Long,Normal,1.0513140000000003,-0.0572,0.4141,2023-05-28,Manchester United,Fulham,home,2,1,H,2,1.5,4.33,6.0,-1.0,1.84,2.01,1.49,2.63,0.0643,0.041,1.5,True,1.49,True,1.84,0.0,0.5,0.49,0.0
Manchester United,2023-08-14 19:00:00,2023,2.01032768361582,Strong Long,Normal,0.8919700000000003,0.0024,0.4425,2023-08-19,Tottenham,Manchester United,away,2,0,H,4,2.8,3.6,2.38,0.25,1.81,2.05,1.57,2.44,0.0551,0.0403,2.38,False,1.57,False,2.05,-1.0,-1.0,-1.0,-1.0
Manchester United,2023-08-19 16:30:00,2023,2.618174011299436,Strong Long,Normal,1.1609420000000004,0.0024,0.4425,2023-08-26,Manchester United,Nottingham Forest,home,3,2,H,6,1.3,6.0,8.0,-1.5,1.88,1.98,1.52,2.56,0.0609,0.037,1.3,True,1.52,True,1.88,-0.5,0.30000000000000004,0.52,-0.5
Manchester United,2023-08-26 14:00:00,2023,2.3064000000000013,Strong Long,Normal,1.0229820000000005,0.0024,0.4425,2023-09-03,Arsenal,Manchester United,away,3,1,H,7,1.75,3.8,4.5,-0.75,1.97,1.89,1.55,2.47,0.0568,0.0367,4.5,False,1.55,True,1.89,-1.0,-1.0,0.55,-1.0
Manchester United,2023-09-03 15:30:00,2023,1.874218757062148,Strong Long,Normal,0.8317418000000003,0.0024,0.4425,2023-09-16,Manchester United,Brighton,home,1,3,A,12,2.15,4.0,2.88,-0.25,1.94,1.91,1.42,2.87,0.0623,0.039,2.15,False,1.42,True,1.94,-1.0,-1.0,0.41999999999999993,-1.0
Manchester United,2023-12-09 15:00:00,2023,1.978537401129944,Strong Long,Normal,0.8779028000000002,0.0024,0.4425,2023-12-17,Liverpool,Manchester United,away,0,0,D,7,1.3,6.0,8.0,-1.5,1.82,2.06,1.32,3.39,0.0609,0.0349,8.0,False,1.32,False,2.06,1.0,-1.0,-1.0,1.06
Manchester United,2023-12-23 12:30:00,2023,2.226592090395481,Strong Long,Normal,0.9876670000000004,0.0024,0.4425,2023-12-26,Manchester United,Aston Villa,home,3,2,H,2,2.6,3.5,2.6,0.0,1.96,1.93,1.63,2.33,0.0549,0.0283,2.6,True,1.63,True,1.96,1.0,1.6,0.6299999999999999,0.96
Manchester United,2024-02-04 14:00:00,2023,-2.730681129943502,Strong Short,Break,-1.2059263999999996,0.0024,0.4425,2024-02-11,Aston Villa,Manchester United,away,1,2,A,6,2.15,3.75,3.1,-0.25,1.89,1.95,1.55,2.46,0.0544,0.0419,2.15,False,2.46,False,1.89,-1.0,-1.0,-1.0,-1.0
Manchester United,2024-02-11 16:30:00,2023,-1.716050621468926,Strong Short,Break,-0.7569523999999997,0.0024,0.4425,2024-02-18,Luton,Manchester United,away,1,2,A,6,4.0,4.0,1.8,0.75,1.84,1.99,1.58,2.41,0.0556,0.046,4.0,False,2.41,False,1.84,-1.0,-1.0,-1.0,-1.0
Manchester United,2024-04-24 19:00:00,2023,-1.6294761581920894,Strong Short,Break,-0.7186431999999996,0.0024,0.4425,2024-04-27,Manchester United,Burnley,home,1,1,D,2,1.5,4.75,5.5,-1.25,2.05,1.82,1.36,3.15,0.059,0.0373,5.5,False,3.15,True,1.82,1.0,-1.0,2.15,0.8200000000000001
Newcastle United,2017-09-24 16:00:00,2017,1.7691504307488408,Strong Long,Normal,0.5591944000000002,-0.2417,0.4527,2017-10-01,Newcastle United,Liverpool,home,1,1,D,6,5.0,3.8,1.67,0.75,1.96,1.91,1.68,2.18,0.062,0.0338,5.0,False,1.68,False,1.96,1.0,-1.0,-1.0,0.96
Newcastle United,2018-01-20 17:30:00,2017,1.646645460569914,Strong Long,Break,0.5037364,-0.2417,0.4527,2018-01-31,Newcastle United,Burnley,home,1,1,D,10,2.2,3.2,3.89,-0.25,1.82,2.05,2.58,1.5,0.0241,0.0373,2.2,False,2.58,False,1.82,-1.0,-1.0,-1.0,-1.0
Newcastle United,2018-01-31 19:45:00,2017,2.2422032250938813,Strong Long,Break,0.7733454,-0.2417,0.4527,2018-02-04,Crystal Palace,Newcastle United,away,1,1,D,3,2.04,3.39,4.2,-0.25,1.73,2.15,2.14,1.71,0.0233,0.0432,4.2,False,2.14,False,2.15,1.0,-1.0,-1.0,1.15
Newcastle United,2018-02-04 14:15:00,2017,2.0830254031367352,Strong Long,Break,0.7012856,-0.2417,0.4527,2018-02-11,Newcastle United,Manchester United,home,1,0,H,6,5.5,3.75,1.61,0.75,2.03,1.84,2.0,1.81,0.0696,0.0361,5.5,True,2.0,False,2.03,1.0,4.5,-1.0,1.0299999999999998
Newcastle United,2018-02-24 15:00:00,2017,2.1116297768941905,Strong Long,Break,0.7142348000000001,-0.2417,0.4527,2018-03-03,Liverpool,Newcastle United,away,2,0,H,6,1.22,7.0,15.0,-2.0,1.96,1.9,1.41,2.86,0.0292,0.0365,15.0,False,1.41,False,1.9,0.0,-1.0,-1.0,0.0
Newcastle United,2018-03-03 17:30:00,2017,2.227955820631765,Strong Long,Break,0.7668956,-0.2417,0.4527,2018-03-10,Newcastle United,Southampton,home,3,0,H,6,2.79,3.2,2.79,-0.25,2.3,1.65,2.27,1.64,0.0293,0.0408,2.79,True,2.27,True,2.3,1.0,1.79,1.27,1.2999999999999998
Newcastle United,2019-08-11 14:00:00,2019,-2.429343155638896,Strong Short,Normal,-0.9389738,-0.0321,0.3733,2019-08-17,Norwich,Newcastle United,away,3,1,H,5,2.25,3.3,3.3,-0.25,1.92,1.97,1.95,1.88,0.0505,0.0284,2.25,True,1.88,False,1.92,1.0,1.25,-1.0,0.9199999999999999
Newcastle United,2019-08-17 15:00:00,2019,-1.5238521296544332,Strong Short,Normal,-0.600954,-0.0321,0.3733,2019-08-25,Tottenham,Newcastle United,away,0,1,A,7,1.2,6.5,14.0,-1.75,1.95,1.93,1.55,2.47,0.0586,0.031,1.2,False,2.47,True,1.95,-1.0,-1.0,1.4700000000000002,-1.0
Newcastle United,2019-12-05 19:30:00,2019,-1.6807463166354135,Strong Short,Normal,-0.6595226,-0.0321,0.3733,2019-12-08,Newcastle United,Southampton,home,2,1,H,2,2.5,3.2,2.9,0.0,1.84,2.03,2.12,1.73,0.0573,0.0361,2.9,False,1.73,False,2.03,-1.0,-1.0,-1.0,-1.0
Newcastle United,2019-12-08 14:00:00,2019,-1.5882898473077949,Strong Short,Normal,-0.6250085999999999,-0.0321,0.3733,2019-12-14,Burnley,Newcastle United,away,1,0,H,5,1.95,3.4,4.0,-0.5,1.94,1.92,2.11,1.74,0.0569,0.0363,1.95,True,1.74,True,1.94,0.5,0.95,0.74,0.47
Newcastle United,2019-12-21 15:00:00,2019,-1.7098071256362175,Strong Short,Normal,-0.670371,-0.0321,0.3733,2019-12-26,Manchester United,Newcastle United,away,4,1,H,4,1.33,5.25,9.0,-1.5,2.03,1.84,1.72,2.13,0.0535,0.0361,1.33,True,2.13,False,2.03,1.0,0.33000000000000007,-1.0,1.0299999999999998
Newcastle United,2020-06-21 13:00:00,2019,2.0487891776051432,Strong Long,Break,0.732713,-0.0321,0.3733,2020-06-24,Newcastle United,Aston Villa,home,1,1,D,2,2.3,3.3,3.2,-0.25,2.01,1.87,2.09,1.76,0.0503,0.0323,2.3,False,2.09,False,2.01,-1.0,-1.0,-1.0,-1.0
Newcastle United,2020-07-08 17:00:00,2019,-1.6522914545941598,Strong Short,Normal,-0.6489003999999999,-0.0321,0.3733,2020-07-11,Watford,Newcastle United,away,2,1,H,2,1.8,3.6,4.5,-0.75,2.08,1.81,2.06,1.78,0.0556,0.0333,1.8,True,1.78,False,2.08,1.0,0.8,-1.0,1.08
Newcastle United,2021-04-04 13:05:00,2020,1.526941847826087,Strong Long,Normal,0.5363146000000001,-0.0256,0.368,2021-04-11,Burnley,Newcastle United,away,1,2,A,6,2.3,3.1,3.4,-0.25,1.99,1.89,2.39,1.59,0.0515,0.0316,3.4,True,2.39,True,1.89,1.0,2.4,1.3900000000000001,0.8899999999999999
Newcastle United,2021-11-20 15:00:00,2021,-1.6718167053364266,Strong Short,Normal,-0.6127423999999999,-0.0363,0.3448,2021-11-27,Arsenal,Newcastle United,away,2,0,H,6,1.44,4.75,7.0,-1.25,2.04,1.85,1.62,2.33,0.0478,0.0307,1.44,True,2.33,True,2.04,1.0,0.43999999999999995,1.33,1.04
Newcastle United,2022-09-03 14:00:00,2022,1.9152673082893512,Strong Long,Break,0.5761076,-0.0408,0.3221,2022-09-17,Newcastle United,Bournemouth,home,1,1,D,13,1.44,4.4,7.5,-1.25,2.05,1.82,1.82,2.01,0.0551,0.0373,1.44,False,1.82,False,2.05,-1.0,-1.0,-1.0,-1.0
Newcastle United,2022-09-17 14:00:00,2022,2.1410530891027637,Strong Long,Break,0.6488332000000001,-0.0408,0.3221,2022-10-01,Fulham,Newcastle United,away,1,4,A,13,3.0,3.4,2.37,0.25,1.84,2.03,1.88,1.94,0.0494,0.0361,2.37,True,1.88,True,2.03,1.0,1.37,0.8799999999999999,1.0299999999999998
Newcastle United,2022-10-01 14:00:00,2022,3.047156783607575,Strong Long,Break,0.9406892,-0.0408,0.3221,2022-10-08,Newcastle United,Brentford,home,5,1,H,6,1.83,3.8,4.2,-0.75,2.02,1.87,1.77,2.08,0.0477,0.0298,1.83,True,1.77,True,2.02,1.0,0.8300000000000001,0.77,1.02
Newcastle United,2022-10-16 13:00:00,2022,1.592511642347097,Strong Long,Break,0.472148,-0.0408,0.3221,2022-10-19,Newcastle United,Everton,home,1,0,H,2,1.6,3.8,5.75,-1.0,2.11,1.78,1.88,1.94,0.0621,0.0357,1.6,True,1.88,False,2.11,0.0,0.6000000000000001,-1.0,0.0
Newcastle United,2022-12-26 15:00:00,2022,-2.442465072958708,Strong Short,Normal,-0.8275179999999999,-0.0408,0.3221,2022-12-31,Newcastle United,Leeds,home,0,0,D,4,1.45,4.5,7.0,-1.25,2.01,1.87,1.64,2.29,0.0547,0.0323,7.0,False,2.29,True,1.87,1.0,-1.0,1.29,0.8700000000000001
Newcastle United,2023-01-15 14:00:00,2022,2.507583359205217,Strong Long,Break,0.7668926000000003,-0.0408,0.3221,2023-01-21,Crystal Palace,Newcastle United,away,0,0,D,5,4.4,3.5,1.85,0.5,2.0,1.88,2.14,1.73,0.0535,0.0319,1.85,False,2.14,False,1.88,-0.5,-1.0,-1.0,-0.5
Newcastle United,2023-01-21 17:30:00,2022,3.1805048121701347,Strong Long,Break,0.9836406000000004,-0.0408,0.3221,2023-02-04,Newcastle United,West Ham,home,1,1,D,13,1.6,3.8,6.0,-0.75,1.78,2.11,2.06,1.78,0.0548,0.0357,1.6,False,2.06,False,1.78,-1.0,-1.0,-1.0,-1.0
Newcastle United,2023-02-04 17:30:00,2022,4.090166407947843,Strong Long,Break,1.2766426000000002,-0.0408,0.3221,2023-02-11,Bournemouth,Newcastle United,away,1,1,D,6,6.5,4.0,1.53,1.0,1.88,1.99,2.02,1.83,0.0574,0.0344,1.53,False,2.02,False,1.99,-1.0,-1.0,-1.0,-1.0
Newcastle United,2023-02-11 17:30:00,2022,2.699337472834524,Strong Long,Break,0.8286566000000002,-0.0408,0.3221,2023-02-18,Newcastle United,Liverpool,home,0,2,A,6,2.5,3.5,2.7,0.0,1.88,2.01,1.79,2.04,0.0561,0.0294,2.5,False,1.79,False,1.88,-1.0,-1.0,-1.0,-1.0
Newcastle United,2023-02-18 17:30:00,2022,3.1892455759081035,Strong Long,Break,0.9864560000000002,-0.0408,0.3221,2023-03-04,Manchester City,Newcastle United,away,2,0,H,13,1.45,4.5,7.0,-1.25,2.06,1.82,1.71,2.17,0.0547,0.0349,7.0,False,1.71,False,1.82,-1.0,-1.0,-1.0,-1.0
Newcastle United,2023-03-04 12:30:00,2022,2.8149823036324126,Strong Long,Break,0.8659058000000002,-0.0408,0.3221,2023-03-12,Newcastle United,Wolverhampton Wanderers,home,2,1,H,7,1.65,3.75,5.5,-0.75,1.86,2.01,2.15,1.72,0.0545,0.0351,1.65,True,2.15,True,1.86,1.0,0.6499999999999999,1.15,0.8600000000000001
Newcastle United,2023-03-12 16:30:00,2022,2.2011542999068623,Strong Long,Break,0.6681918000000003,-0.0408,0.3221,2023-03-17,Nottingham Forest,Newcastle United,away,1,2,A,4,5.5,3.8,1.62,0.75,2.02,1.86,2.04,1.8,0.0623,0.0327,1.62,True,2.04,True,1.86,1.0,0.6200000000000001,1.04,0.8600000000000001
Newcastle United,2023-04-02 15:30:00,2022,2.855938528407328,Strong Long,Break,0.8790978000000003,-0.0408,0.3221,2023-04-05,West Ham,Newcastle United,away,1,5,A,2,3.6,3.25,2.15,0.25,2.03,1.83,2.14,1.73,0.0506,0.0391,2.15,True,2.14,True,1.83,1.0,1.15,1.1400000000000001,0.8300000000000001
Newcastle United,2023-04-23 13:00:00,2022,-1.9805613163613776,Strong Short,Normal,-0.6787387999999996,-0.0408,0.3221,2023-04-27,Everton,Newcastle United,away,1,4,A,3,4.75,3.6,1.73,0.75,1.87,1.98,2.04,1.79,0.0663,0.0398,4.75,False,1.79,False,1.87,-1.0,-1.0,-1.0,-1.0
Newcastle United,2023-04-27 18:45:00,2022,-3.512967401428128,Strong Short,Normal,-1.1723267999999998,-0.0408,0.3221,2023-04-30,Newcastle United,Southampton,home,3,1,H,2,1.3,5.25,10.0,-1.5,1.93,1.91,1.71,2.15,0.0597,0.0417,10.0,False,2.15,False,1.91,-0.5,-1.0,-1.0,-0.5
Newcastle United,2023-04-30 13:00:00,2022,-1.604454517230673,Strong Short,Normal,-0.5575947999999997,-0.0408,0.3221,2023-05-07,Newcastle United,Arsenal,home,0,2,A,6,2.45,3.75,2.63,0.0,1.84,2.04,1.64,2.29,0.0551,0.0337,2.63,True,2.29,True,2.04,1.0,1.63,1.29,1.04
Newcastle United,2023-05-22 19:00:00,2022,3.108643278484944,Strong Long,Break,0.9604940000000004,-0.0408,0.3221,2023-05-28,Chelsea,Newcastle United,away,1,1,D,5,2.9,3.5,2.38,0.25,1.81,2.04,1.7,2.19,0.0507,0.0427,2.38,False,1.7,False,2.04,-1.0,-1.0,-1.0,-1.0
Newcastle United,2023-12-16 15:00:00,2023,1.6842041884816763,Strong Long,Break,0.6485660000000003,0.0052,0.382,2023-12-23,Luton,Newcastle United,away,1,0,H,6,4.75,4.2,1.65,0.75,2.04,1.81,1.77,2.06,0.0547,0.0427,1.65,False,1.77,False,1.81,-1.0,-1.0,-1.0,-1.0
Newcastle United,2023-12-23 15:00:00,2023,3.3923769633507863,Strong Long,Break,1.3010880000000005,0.0052,0.382,2023-12-26,Newcastle United,Nottingham Forest,home,1,3,A,2,1.5,4.33,5.75,-1.0,1.86,2.0,1.78,2.02,0.0715,0.0376,1.5,False,1.78,True,1.86,-1.0,-1.0,0.78,-1.0
Newcastle United,2023-12-26 12:30:00,2023,3.334340314136126,Strong Long,Break,1.2789180000000002,0.0052,0.382,2024-01-01,Liverpool,Newcastle United,away,4,2,H,5,1.45,4.5,7.0,-1.25,1.95,1.9,1.45,2.78,0.0547,0.0391,7.0,False,1.45,True,1.9,-1.0,-1.0,0.44999999999999996,-1.0
Newcastle United,2024-01-01 19:00:00,2023,2.085824083769634,Strong Long,Break,0.8019848000000002,0.0052,0.382,2024-01-13,Newcastle United,Manchester City,home,2,3,A,11,5.5,4.33,1.55,1.0,1.92,1.94,1.61,2.35,0.0579,0.0363,5.5,False,1.61,True,1.92,0.0,-1.0,0.6100000000000001,0.0
Newcastle United,2024-02-10 17:30:00,2023,-2.969288481675392,Strong Short,Normal,-1.1290681999999996,0.0052,0.382,2024-02-17,Newcastle United,Bournemouth,home,2,2,D,6,1.83,4.2,3.75,-0.5,1.85,2.02,1.47,2.68,0.0512,0.0356,3.75,False,2.68,False,2.02,0.5,-1.0,-1.0,0.51
Newcastle United,2024-02-17 15:00:00,2023,-2.1979397905759157,Strong Short,Normal,-0.8344129999999996,0.0052,0.382,2024-02-24,Arsenal,Newcastle United,away,4,1,H,6,1.36,5.25,8.0,-1.5,2.04,1.84,1.48,2.67,0.0508,0.0337,1.36,True,2.67,False,2.04,1.0,0.3600000000000001,-1.0,1.04
Newcastle United,2024-02-24 20:00:00,2023,-2.2078910994764387,Strong Short,Normal,-0.8382143999999997,0.0052,0.382,2024-03-02,Newcastle United,Wolverhampton Wanderers,home,3,0,H,6,1.91,4.0,3.6,-0.5,1.89,1.98,1.59,2.39,0.0513,0.0342,3.6,False,2.39,False,1.98,-1.0,-1.0,-1.0,-1.0
Newcastle United,2024-03-02 15:00:00,2023,-2.2013204188481668,Strong Short,Normal,-0.8357043999999997,0.0052,0.382,2024-03-11,Chelsea,Newcastle United,away,3,2,H,8,1.91,4.0,3.6,-0.5,1.95,1.92,1.46,2.71,0.0513,0.0337,1.91,True,2.71,False,1.95,0.5,0.9099999999999999,-1.0,0.475
Southampton,2017-08-12 15:00:00,2017,2.22495592948718,Strong Long,Normal,1.2032980000000002,0.0926,0.4992,2017-08-19,Southampton,West Ham,home,3,2,H,6,1.75,3.8,5.25,-0.75,1.91,1.96,1.84,1.98,0.0251,0.0338,1.75,True,1.84,True,1.91,1.0,0.75,0.8400000000000001,0.9099999999999999
Southampton,2017-08-26 15:00:00,2017,1.8884298878205128,Strong Long,Normal,1.0353042,0.0926,0.4992,2017-09-09,Southampton,Watford,home,0,2,A,13,1.65,4.0,6.0,-0.75,1.84,2.05,1.97,1.85,0.0227,0.0313,1.65,False,1.97,False,1.84,-1.0,-1.0,-1.0,-1.0
Southampton,2018-10-07 13:15:00,2018,1.5128900876601488,Strong Long,Normal,0.7616848000000003,0.0886,0.4449,2018-10-20,Bournemouth,Southampton,away,0,0,D,12,2.04,3.7,3.75,-0.25,1.76,2.14,1.79,2.03,0.0271,0.0355,3.75,False,1.79,False,2.14,1.0,-1.0,-1.0,1.1400000000000001
Southampton,2018-10-27 14:00:00,2018,1.7153908743537878,Strong Long,Normal,0.8517774000000002,0.0886,0.4449,2018-11-04,Manchester City,Southampton,away,6,1,H,7,1.11,11.0,29.0,-2.5,1.94,1.93,1.3,3.45,0.0263,0.0336,29.0,False,1.3,True,1.93,-1.0,-1.0,0.30000000000000004,-1.0
Southampton,2018-11-04 15:00:00,2018,1.9420454034614525,Strong Long,Normal,0.9526160000000002,0.0886,0.4449,2018-11-10,Southampton,Watford,home,1,1,D,5,2.5,3.3,3.1,-0.25,2.12,1.78,2.06,1.77,0.0256,0.0335,2.5,False,2.06,False,2.12,-1.0,-1.0,-1.0,-1.0
Southampton,2018-11-10 15:00:00,2018,1.7273827826477868,Strong Long,Normal,0.8571126000000003,0.0886,0.4449,2018-11-24,Fulham,Southampton,away,3,2,H,13,2.62,3.5,2.8,-0.25,2.23,1.69,1.89,1.91,0.0245,0.0401,2.8,False,1.89,True,1.69,-1.0,-1.0,0.8899999999999999,-1.0
Southampton,2020-10-25 14:00:00,2020,-2.1985340545856893,Strong Short,Break,-0.7804437999999998,0.1137,0.4067,2020-11-01,Aston Villa,Southampton,away,3,4,A,6,2.45,3.5,2.8,0.0,1.83,2.05,1.65,2.27,0.051,0.0343,2.45,False,2.27,False,1.83,-1.0,-1.0,-1.0,-1.0
Southampton,2020-11-01 12:00:00,2020,-3.808443078436192,Strong Short,Break,-1.4351937999999995,0.1137,0.4067,2020-11-06,Southampton,Newcastle United,home,2,0,H,4,2.0,3.6,3.7,-0.5,2.03,1.84,1.83,2.0,0.048,0.0361,3.7,False,2.0,True,1.84,-1.0,-1.0,1.0,-1.0
Southampton,2020-11-23 20:00:00,2020,-3.607500368822226,Strong Short,Break,-1.3534703999999995,0.1137,0.4067,2020-11-29,Southampton,Manchester United,home,2,3,A,5,4.0,3.5,1.95,0.5,1.86,2.0,1.81,2.01,0.0485,0.0376,1.95,True,2.01,False,2.0,0.5,0.95,-1.0,0.5
Southampton,2020-11-29 14:00:00,2020,-3.570469141873616,Strong Short,Break,-1.3384097999999998,0.1137,0.4067,2020-12-07,Brighton,Southampton,away,1,2,A,7,2.45,3.4,2.9,0.0,1.82,2.04,1.94,1.88,0.0471,0.0396,2.45,False,1.88,False,1.82,-1.0,-1.0,-1.0,-1.0
Southampton,2020-12-07 20:00:00,2020,-3.272214900417998,Strong Short,Break,-1.2171097999999998,0.1137,0.4067,2020-12-13,Southampton,Sheffield United,home,3,0,H,5,1.7,3.75,5.0,-0.75,1.94,1.93,1.99,1.83,0.0549,0.0336,5.0,False,1.83,False,1.93,-1.0,-1.0,-1.0,-1.0
Southampton,2020-12-13 12:00:00,2020,-2.1527656749446766,Strong Short,Break,-0.7618297999999999,0.1137,0.4067,2020-12-16,Arsenal,Southampton,away,1,1,D,2,2.25,3.5,3.1,-0.25,1.94,1.93,1.8,2.03,0.0527,0.0336,2.25,False,2.03,True,1.94,-1.0,-1.0,1.0299999999999998,-1.0
Southampton,2020-12-16 18:00:00,2020,-1.598483894762724,Strong Short,Break,-0.5364033999999999,0.1137,0.4067,2020-12-19,Southampton,Manchester City,home,0,1,A,2,7.0,4.5,1.44,1.25,1.83,2.05,1.57,2.43,0.0595,0.0343,1.44,True,2.43,True,2.05,-1.0,0.43999999999999995,1.4300000000000002,-1.0
Southampton,2021-10-02 14:00:00,2021,1.636124721603564,Strong Long,Normal,0.8158200000000002,0.0812,0.449,2021-10-16,Southampton,Leeds,home,1,0,H,13,2.3,3.5,3.0,-0.25,2.07,1.83,1.72,2.17,0.0538,0.0295,2.3,True,1.72,False,2.07,1.0,1.2999999999999998,-1.0,1.0699999999999998
Southampton,2022-01-11 21:45:00,2021,-2.6619461024498885,Strong Short,Break,-1.1140138,0.0812,0.449,2022-01-15,Wolverhampton Wanderers,Southampton,away,3,1,H,3,2.25,3.2,3.4,-0.25,1.97,1.9,2.4,1.59,0.0511,0.0339,2.25,True,1.59,False,1.97,1.0,1.25,-1.0,0.97
Southampton,2022-01-15 15:00:00,2021,-2.9224962138084627,Strong Short,Break,-1.2310008,0.0812,0.449,2022-01-22,Southampton,Manchester City,home,1,1,D,6,10.0,6.5,1.25,1.75,1.87,2.01,1.47,2.67,0.0538,0.0323,1.25,False,2.67,True,2.01,-1.0,-1.0,1.67,-1.0
Southampton,2022-02-09 19:45:00,2021,-2.141410690423162,Strong Short,Break,-0.8802933999999997,0.0812,0.449,2022-02-12,Manchester United,Southampton,away,1,1,D,2,1.6,4.0,5.5,-1.0,2.05,1.84,1.69,2.2,0.0568,0.0313,1.6,False,2.2,True,2.05,-1.0,-1.0,1.2000000000000002,-1.0
Southampton,2022-02-12 12:30:00,2021,-1.996937193763919,Strong Short,Break,-0.8154247999999997,0.0812,0.449,2022-02-19,Southampton,Everton,home,2,0,H,6,2.1,3.5,3.5,-0.5,2.08,1.82,1.8,2.04,0.0476,0.0302,3.5,False,2.04,True,1.82,-1.0,-1.0,1.04,-1.0
Southampton,2022-04-02 14:00:00,2021,1.840213808463252,Strong Long,Normal,0.9074560000000002,0.0812,0.449,2022-04-09,Southampton,Chelsea,home,0,6,A,6,3.8,3.6,1.95,0.5,1.95,1.93,1.94,1.9,0.0538,0.031,3.8,False,1.94,True,1.95,-1.0,-1.0,0.94,-1.0
Southampton,2022-04-09 14:00:00,2021,1.6068489977728289,Strong Long,Normal,0.8026752000000001,0.0812,0.449,2022-04-16,Southampton,Arsenal,home,1,0,H,6,3.8,3.6,1.95,0.5,1.92,1.96,1.88,1.95,0.0538,0.031,3.8,True,1.88,False,1.92,1.0,2.8,-1.0,0.9199999999999999
Tottenham,2017-08-13 13:30:00,2017,-1.6942074137561605,Strong Short,Break,-1.1116866,-0.321,0.4667,2017-08-20,Tottenham,Chelsea,home,1,2,A,6,2.1,3.6,3.75,-0.5,2.07,1.83,1.9,1.92,0.0206,0.0295,3.75,True,1.92,False,1.83,1.0,2.75,-1.0,0.8300000000000001
Tottenham,2017-08-20 16:00:00,2017,-2.005643882579816,Strong Short,Break,-1.257034,-0.321,0.4667,2017-08-27,Tottenham,Burnley,home,1,1,D,6,1.25,6.5,15.0,-1.75,1.94,1.95,1.66,2.23,0.0205,0.0283,15.0,False,2.23,True,1.95,1.0,-1.0,1.23,0.95
Tottenham,2017-11-28 19:45:00,2017,2.4409106492393406,Strong Long,Normal,0.8181730000000002,-0.321,0.4667,2017-12-02,Watford,Tottenham,away,1,1,D,3,5.0,4.0,1.72,0.75,1.99,1.89,1.69,2.18,0.0314,0.0316,1.72,False,1.69,False,1.89,-1.0,-1.0,-1.0,-1.0
Tottenham,2017-12-02 15:00:00,2017,1.884551960574245,Strong Long,Normal,0.5585204,-0.321,0.4667,2017-12-09,Tottenham,Stoke,home,5,1,H,6,1.28,6.5,11.0,-1.75,2.0,1.86,1.51,2.54,0.026,0.0376,1.28,True,1.51,True,2.0,1.0,0.28,0.51,1.0
Tottenham,2018-02-10 12:30:00,2017,1.8497750160702804,Strong Long,Normal,0.5422899999999999,-0.321,0.4667,2018-02-25,Crystal Palace,Tottenham,away,0,1,A,14,7.5,4.5,1.5,1.25,1.81,2.07,1.73,2.11,0.0222,0.0356,1.5,True,1.73,False,2.07,-1.0,0.5,-1.0,-1.0
Tottenham,2018-02-25 00:00:00,2017,2.037081637025927,Strong Long,Normal,0.629706,-0.321,0.4667,2018-03-03,Tottenham,Huddersfield,home,2,0,H,6,1.19,7.5,17.0,-2.0,1.92,1.94,1.57,2.41,0.0325,0.0363,1.19,True,1.57,False,1.92,0.0,0.18999999999999995,-1.0,0.0
Tottenham,2018-03-03 15:00:00,2017,1.7505635311763446,Strong Long,Normal,0.495988,-0.321,0.4667,2018-03-11,Bournemouth,Tottenham,away,1,4,A,7,6.5,4.5,1.55,1.0,2.03,1.83,1.61,2.33,0.0212,0.0391,1.55,True,1.61,True,1.83,1.0,0.55,0.6100000000000001,0.8300000000000001
Tottenham,2018-10-29 19:00:00,2018,1.6839615220179562,Strong Long,Normal,0.5331572,-0.2546,0.4678,2018-11-03,Wolverhampton Wanderers,Tottenham,away,2,3,A,4,3.1,3.4,2.45,0.25,1.81,2.08,1.95,1.86,0.0249,0.0333,2.45,True,1.95,True,2.08,1.0,1.4500000000000002,0.95,1.08
Tottenham,2018-12-23 16:00:00,2018,-2.0002659256092348,Strong Short,Break,-1.1903244,-0.2546,0.4678,2018-12-26,Tottenham,Bournemouth,home,5,0,H,2,1.36,5.5,9.0,-1.5,1.96,1.91,1.48,2.62,0.0282,0.0338,9.0,False,2.62,False,1.91,-1.0,-1.0,-1.0,-1.0
Tottenham,2018-12-26 15:00:00,2018,-2.794635314236854,Strong Short,Break,-1.5619304,-0.2546,0.4678,2018-12-29,Tottenham,Wolverhampton Wanderers,home,1,3,A,2,1.33,5.0,8.5,-1.5,2.1,1.78,1.68,2.2,0.0695,0.038,8.5,True,2.2,False,1.78,1.0,7.5,-1.0,0.78
Tottenham,2018-12-29 15:00:00,2018,-2.5632184694313804,Strong Short,Break,-1.4536735999999997,-0.2546,0.4678,2019-01-01,Cardiff,Tottenham,away,0,3,A,2,7.5,4.5,1.5,1.0,2.12,1.77,1.67,2.21,0.0222,0.0367,7.5,False,2.21,False,2.12,-1.0,-1.0,-1.0,-1.0
Tottenham,2019-01-01 17:30:00,2018,-2.7920119709277467,Strong Short,Break,-1.5607031999999998,-0.2546,0.4678,2019-01-13,Tottenham,Manchester United,home,0,1,A,11,2.05,3.7,3.75,-0.25,1.78,2.1,1.63,2.28,0.0247,0.038,3.75,True,2.28,True,2.1,1.0,2.75,1.2799999999999998,1.1
Tottenham,2019-01-13 16:30:00,2018,-2.33996408721676,Strong Short,Break,-1.3492352,-0.2546,0.4678,2019-01-20,Fulham,Tottenham,away,1,2,A,6,5.25,3.8,1.75,1.0,1.65,2.3,1.87,1.94,0.0251,0.0408,5.25,False,1.94,False,1.65,0.0,-1.0,-1.0,0.0
Tottenham,2019-04-03 19:45:00,2018,1.562269773407439,Strong Long,Normal,0.4762298,-0.2546,0.4678,2019-04-13,Tottenham,Huddersfield,home,4,0,H,9,1.22,7.0,15.0,-2.0,2.05,1.81,1.47,2.66,0.0292,0.0403,1.22,True,1.47,True,2.05,1.0,0.21999999999999997,0.47,1.0499999999999998
Tottenham,2019-12-15 14:00:00,2019,-1.5364738731551657,Strong Short,Break,-0.986588,-0.2162,0.5014,2019-12-22,Tottenham,Chelsea,home,0,2,A,6,2.37,3.75,2.75,-0.25,2.06,1.81,1.59,2.37,0.0522,0.0379,2.75,True,2.37,True,1.81,1.0,1.75,1.37,0.81
Tottenham,2020-01-18 12:30:00,2019,1.547726366174711,Strong Long,Normal,0.5598299999999999,-0.2162,0.5014,2020-01-22,Tottenham,Norwich,home,2,1,H,3,1.4,5.0,7.5,-1.25,1.91,1.95,1.54,2.49,0.0476,0.0364,1.4,True,1.54,True,1.91,-1.0,0.3999999999999999,0.54,-1.0
Tottenham,2020-01-22 19:30:00,2019,2.0249381731152774,Strong Long,Normal,0.7991039999999999,-0.2162,0.5014,2020-02-02,Tottenham,Manchester City,home,2,0,H,10,5.5,4.6,1.53,1.0,1.96,1.9,1.49,2.61,0.0528,0.0365,5.5,True,1.49,False,1.96,1.0,4.5,-1.0,0.96
Tottenham,2020-09-20 11:00:00,2020,-1.9929515126398676,Strong Short,Break,-1.2139984,-0.2522,0.4826,2020-09-27,Tottenham,Newcastle United,home,1,1,D,6,1.45,4.5,7.0,-1.25,2.07,1.81,1.75,2.1,0.0547,0.0356,7.0,False,2.1,True,1.81,1.0,-1.0,1.1,0.81
Tottenham,2021-01-13 20:00:00,2020,1.5762374637380852,Strong Long,Normal,0.5084921999999998,-0.2522,0.4826,2021-01-17,Sheffield United,Tottenham,away,1,3,A,3,6.25,3.75,1.6,0.75,2.03,1.84,2.04,1.79,0.0517,0.0361,1.6,True,2.04,True,1.84,1.0,0.6000000000000001,1.04,0.8400000000000001
Tottenham,2021-12-02 19:30:00,2021,1.8878713347921223,Strong Long,Normal,0.6043571999999998,-0.2584,0.457,2021-12-05,Tottenham,Norwich,home,3,0,H,2,1.36,5.0,8.5,-1.25,1.95,1.93,1.84,2.0,0.0529,0.031,1.36,True,1.84,True,1.95,1.0,0.3600000000000001,0.8400000000000001,0.95
Tottenham,2022-01-19 19:30:00,2021,2.584266958424508,Strong Long,Normal,0.92261,-0.2584,0.457,2022-01-23,Chelsea,Tottenham,away,2,0,H,3,1.61,4.2,5.0,-0.75,1.89,1.98,1.91,1.92,0.0592,0.0342,5.0,False,1.91,False,1.98,-1.0,-1.0,-1.0,-1.0
Tottenham,2022-02-09 19:45:00,2021,2.34462932166302,Strong Long,Normal,0.8130955999999999,-0.2584,0.457,2022-02-13,Tottenham,Wolverhampton Wanderers,home,0,2,A,3,1.7,3.6,5.5,-0.75,1.88,2.0,2.18,1.71,0.0478,0.0319,1.7,False,2.18,False,1.88,-1.0,-1.0,-1.0,-1.0
Tottenham,2022-02-13 14:00:00,2021,1.9196958424507653,Strong Long,Normal,0.6189009999999999,-0.2584,0.457,2022-02-19,Manchester City,Tottenham,away,2,3,A,5,1.28,6.0,10.0,-1.5,1.86,2.02,1.6,2.36,0.0479,0.0327,10.0,True,1.6,True,2.02,1.0,9.0,0.6000000000000001,1.02
Tottenham,2022-04-09 16:30:00,2021,-1.7035663019693654,Strong Short,Break,-1.0369298,-0.2584,0.457,2022-04-16,Tottenham,Brighton,home,0,1,A,6,1.53,4.0,6.5,-1.0,1.93,1.94,1.87,1.95,0.0574,0.0336,6.5,True,1.95,True,1.94,1.0,5.5,0.95,0.94
Tottenham,2024-04-13 11:30:00,2023,1.591326750448833,Strong Long,Normal,0.4724952,-0.2366,0.4456,2024-04-28,Tottenham,Arsenal,home,2,3,A,14,4.2,4.2,1.75,0.75,1.86,1.98,1.48,2.63,0.0476,0.0427,4.2,False,1.48,True,1.86,-1.0,-1.0,0.48,-1.0
Tottenham,2024-05-11 14:00:00,2023,1.7819775583482944,Strong Long,Normal,0.5574492,-0.2366,0.4456,2024-05-14,Tottenham,Manchester City,home,0,2,A,2,6.5,6.0,1.36,1.5,1.93,1.94,1.27,3.79,0.0558,0.0336,6.5,False,1.27,False,1.93,-0.5,-1.0,-1.0,-0.5
Tottenham,2024-05-14 19:00:00,2023,2.278052064631957,Strong Long,Normal,0.7785,-0.2366,0.4456,2024-05-19,Sheffield United,Tottenham,away,0,3,A,4,7.0,6.0,1.33,1.5,2.0,1.85,1.22,4.14,0.0614,0.0405,1.33,True,1.22,True,1.85,1.0,0.33000000000000007,0.21999999999999997,0.8500000000000001
Watford,2017-12-02 15:00:00,2017,-1.6329654045219286,Strong Short,Normal,-0.5990616,0.0004,0.3671,2017-12-09,Burnley,Watford,away,1,0,H,6,2.6,3.25,3.0,-0.25,2.13,1.76,2.27,1.64,0.0256,0.0377,2.6,True,1.64,True,2.13,1.0,1.6,0.6399999999999999,1.13
Watford,2018-05-05 15:00:00,2017,1.878187414873332,Strong Long,Break,0.6898826,0.0004,0.3671,2018-05-13,Manchester United,Watford,away,1,0,H,7,1.39,5.25,8.5,-1.5,2.08,1.79,1.56,2.4,0.0275,0.0394,8.5,False,1.56,False,1.79,0.5,-1.0,-1.0,0.395
Watford,2018-08-11 17:00:00,2018,1.581754244604317,Strong Long,Break,0.5708596,0.0212,0.3475,2018-08-19,Burnley,Watford,away,1,3,A,7,2.45,3.1,3.4,-0.25,2.02,1.86,2.59,1.49,0.0249,0.0327,3.4,True,2.59,True,1.86,1.0,2.4,1.5899999999999999,0.8600000000000001
Watford,2018-09-02 15:00:00,2018,-2.020502446043165,Strong Short,Normal,-0.6809246,0.0212,0.3475,2018-09-15,Watford,Manchester United,home,1,2,A,12,4.33,3.6,1.95,0.25,2.27,1.67,1.99,1.83,0.0215,0.0393,1.95,True,1.83,False,1.67,1.0,0.95,-1.0,0.6699999999999999
Watford,2018-09-15 16:30:00,2018,-2.2962192805755395,Strong Short,Normal,-0.7767362,0.0212,0.3475,2018-09-22,Fulham,Watford,away,1,1,D,6,2.54,3.5,2.9,-0.25,2.12,1.77,1.76,2.06,0.0242,0.0367,2.54,False,2.06,True,2.12,-1.0,-1.0,1.06,-1.0
Watford,2018-09-22 11:30:00,2018,-1.5263717985611511,Strong Short,Normal,-0.5092142000000001,0.0212,0.3475,2018-09-29,Arsenal,Watford,away,2,0,H,6,1.44,5.1,7.0,-1.0,1.75,2.13,1.44,2.73,0.0334,0.0409,1.44,True,2.73,True,1.75,1.0,0.43999999999999995,1.73,0.75
Watford,2018-10-06 14:00:00,2018,1.7107389928057557,Strong Long,Break,0.6156818,0.0212,0.3475,2018-10-20,Wolverhampton Wanderers,Watford,away,0,2,A,13,1.75,3.75,5.25,-1.0,2.37,1.61,2.04,1.78,0.0286,0.0431,5.25,True,2.04,False,1.61,1.0,4.25,-1.0,0.6100000000000001
Watford,2018-10-20 14:00:00,2018,2.0641726618705034,Strong Long,Break,0.7384999999999998,0.0212,0.3475,2018-10-27,Watford,Huddersfield,home,3,0,H,6,1.75,3.75,5.25,-1.0,2.38,1.61,2.18,1.69,0.0286,0.0413,1.75,True,2.18,True,2.38,1.0,0.75,1.1800000000000002,1.38
Watford,2018-10-27 14:00:00,2018,1.5582676258992805,Strong Long,Break,0.5626979999999998,0.0212,0.3475,2018-11-03,Newcastle United,Watford,away,1,0,H,6,2.75,3.25,2.8,-0.25,2.29,1.66,2.23,1.66,0.0285,0.0391,2.8,False,2.23,False,1.66,-1.0,-1.0,-1.0,-1.0
Watford,2018-11-03 15:00:00,2018,2.584955395683453,Strong Long,Break,0.9194719999999998,0.0212,0.3475,2018-11-10,Southampton,Watford,away,1,1,D,6,2.5,3.3,3.1,-0.25,2.12,1.78,2.06,1.77,0.0256,0.0335,3.1,False,2.06,False,1.78,1.0,-1.0,-1.0,0.78
Watford,2018-12-01 15:00:00,2018,2.1201507913669064,Strong Long,Break,0.7579523999999999,0.0212,0.3475,2018-12-04,Watford,Manchester City,home,1,2,A,2,11.0,6.0,1.3,1.5,2.02,1.84,1.5,2.58,0.0268,0.0385,11.0,False,1.5,True,2.02,0.5,-1.0,0.5,0.51
Watford,2018-12-04 20:00:00,2018,2.911966618705036,Strong Long,Break,1.0331084,0.0212,0.3475,2018-12-10,Everton,Watford,away,2,2,D,5,1.8,3.75,5.0,-1.0,2.39,1.61,1.89,1.92,0.0222,0.0395,5.0,False,1.89,True,1.61,1.0,-1.0,0.8899999999999999,0.6100000000000001
Watford,2019-01-02 19:45:00,2018,-1.6399102158273386,Strong Short,Normal,-0.5486688000000002,0.0212,0.3475,2019-01-12,Crystal Palace,Watford,away,1,2,A,9,2.25,3.4,3.5,-0.25,1.92,1.96,2.09,1.75,0.0243,0.031,2.25,False,1.75,False,1.92,-1.0,-1.0,-1.0,-1.0
Watford,2019-04-02 19:45:00,2018,-1.5872224460431663,Strong Short,Normal,-0.5303598000000003,0.0212,0.3475,2019-04-15,Watford,Arsenal,home,0,1,A,12,3.2,3.75,2.25,0.25,1.95,1.92,1.57,2.4,0.0236,0.0337,2.25,True,2.4,True,1.92,1.0,1.25,1.4,0.9199999999999999
Watford,2019-08-10 15:00:00,2019,1.7153248511099073,Strong Long,Break,0.6359409999999998,0.0023,0.3694,2019-08-17,Everton,Watford,away,1,0,H,6,1.72,3.8,4.75,-0.75,1.94,1.95,1.79,2.05,0.0551,0.0283,4.75,False,1.79,False,1.95,-1.0,-1.0,-1.0,-1.0
Watford,2019-08-17 15:00:00,2019,2.202742284786139,Strong Long,Break,0.8159929999999997,0.0023,0.3694,2019-08-24,Watford,West Ham,home,1,3,A,6,2.05,3.5,3.5,-0.25,1.84,2.05,1.73,2.13,0.0592,0.0313,2.05,False,1.73,True,1.84,-1.0,-1.0,0.73,-1.0
Watford,2019-08-24 15:00:00,2019,2.959313481321061,Strong Long,Break,1.0954704,0.0023,0.3694,2019-08-31,Newcastle United,Watford,away,1,1,D,6,2.5,3.25,2.87,0.0,1.88,2.01,2.08,1.77,0.0561,0.0294,2.87,False,2.08,False,2.01,0.0,-1.0,-1.0,0.0
Watford,2019-08-31 15:00:00,2019,2.328885760693016,Strong Long,Break,0.8625903999999999,0.0023,0.3694,2019-09-15,Watford,Arsenal,home,2,2,D,14,3.6,3.6,2.0,0.5,1.87,2.02,1.57,2.41,0.0556,0.0298,3.6,False,1.57,True,1.87,0.5,-1.0,0.5700000000000001,0.43500000000000005
Watford,2019-09-15 15:30:00,2019,2.200152680021656,Strong Long,Break,0.8150363999999998,0.0023,0.3694,2019-09-21,Manchester City,Watford,away,8,0,H,5,1.1,11.0,21.0,-2.5,1.95,1.94,1.25,3.91,0.0476,0.0283,21.0,False,1.25,True,1.94,-1.0,-1.0,0.25,-1.0
Watford,2019-09-21 14:00:00,2019,2.024027070925825,Strong Long,Break,0.7499755999999997,0.0023,0.3694,2019-09-28,Wolverhampton Wanderers,Watford,away,2,0,H,6,1.85,3.4,4.5,-0.5,1.88,2.0,1.99,1.84,0.0569,0.0319,4.5,False,1.99,False,2.0,-1.0,-1.0,-1.0,-1.0
Watford,2019-09-28 14:00:00,2019,1.9662902003248504,Strong Long,Break,0.7286475999999997,0.0023,0.3694,2019-10-05,Watford,Sheffield United,home,0,0,D,6,2.05,3.4,3.6,-0.25,1.84,2.05,2.0,1.84,0.0597,0.0313,2.05,False,2.0,False,1.84,-1.0,-1.0,-1.0,-1.0
Watford,2019-10-05 15:00:00,2019,2.047340552246886,Strong Long,Break,0.7585875999999997,0.0023,0.3694,2019-10-19,Tottenham,Watford,away,1,1,D,13,1.4,5.0,7.5,-1.25,1.92,1.96,1.53,2.52,0.0476,0.031,7.5,False,1.53,False,1.96,1.0,-1.0,-1.0,0.96
Watford,2019-10-19 15:00:00,2019,1.9065993502977796,Strong Long,Break,0.7065977999999997,0.0023,0.3694,2019-10-26,Watford,Bournemouth,home,0,0,D,6,2.15,3.6,3.25,-0.25,1.9,1.98,1.69,2.18,0.0506,0.0314,2.15,False,1.69,False,1.9,-1.0,-1.0,-1.0,-1.0
Watford,2019-10-26 15:00:00,2019,1.8214953979426087,Strong Long,Break,0.6751603999999998,0.0023,0.3694,2019-11-02,Watford,Chelsea,home,1,2,A,6,5.0,4.33,1.61,1.0,1.78,2.11,1.63,2.29,0.0521,0.0357,5.0,False,1.63,True,1.78,0.0,-1.0,0.6299999999999999,0.0
Watford,2019-11-02 17:30:00,2019,1.8917076340010817,Strong Long,Break,0.7010967999999996,0.0023,0.3694,2019-11-08,Norwich,Watford,away,0,2,A,5,2.7,3.5,2.55,0.0,1.97,1.91,1.69,2.21,0.0482,0.0312,2.55,True,1.69,False,1.91,1.0,1.5499999999999998,-1.0,0.9099999999999999
Watford,2019-12-14 12:30:00,2019,1.7204125609095824,Strong Long,Break,0.6378203999999997,0.0023,0.3694,2019-12-22,Watford,Manchester United,home,2,0,H,7,4.33,4.0,1.75,0.75,1.83,2.04,1.85,1.97,0.0524,0.0366,4.33,True,1.85,False,1.83,1.0,3.33,-1.0,0.8300000000000001
Watford,2022-02-08 19:45:00,2021,1.5667838467512292,Strong Long,Break,0.6750485999999998,0.0698,0.3863,2022-02-12,Watford,Brighton,home,0,2,A,3,3.5,3.3,2.05,0.25,2.06,1.83,2.32,1.63,0.0765,0.0319,3.5,False,2.32,False,2.06,-1.0,-1.0,-1.0,-1.0
Watford,2022-02-12 15:00:00,2021,1.6855852964017597,Strong Long,Break,0.7209415999999997,0.0698,0.3863,2022-02-19,Aston Villa,Watford,away,0,1,A,6,1.65,3.6,5.75,-0.75,1.86,2.03,1.97,1.87,0.0578,0.0302,5.75,True,1.97,False,2.03,1.0,4.75,-1.0,1.0299999999999998
Watford,2022-02-19 15:00:00,2021,1.8534755371472944,Strong Long,Break,0.7857975999999998,0.0698,0.3863,2022-02-23,Watford,Crystal Palace,home,1,4,A,3,3.1,3.3,2.3,0.25,1.83,2.04,2.2,1.69,0.0604,0.0366,3.1,False,2.2,True,1.83,-1.0,-1.0,1.2000000000000002,-1.0
Watford,2022-02-23 19:30:00,2021,1.5496236085943562,Strong Long,Break,0.6684195999999998,0.0698,0.3863,2022-02-26,Manchester United,Watford,away,0,0,D,2,1.3,5.5,9.5,-1.5,1.98,1.9,1.64,2.28,0.0563,0.0314,9.5,False,1.64,False,1.9,1.0,-1.0,-1.0,0.8999999999999999
West Ham,2017-08-13 16:00:00,2017,1.5842621359223303,Strong Long,Normal,0.6402160000000001,-0.0125,0.412,2017-08-19,Southampton,West Ham,away,3,2,H,5,1.75,3.8,5.25,-0.75,1.91,1.96,1.84,1.98,0.0251,0.0338,5.25,False,1.84,True,1.96,-1.0,-1.0,0.8400000000000001,-1.0
West Ham,2018-01-13 15:00:00,2017,-2.467657281553398,Strong Short,Break,-1.0291747999999998,-0.0125,0.412,2018-01-20,West Ham,Bournemouth,home,1,1,D,6,2.0,3.6,4.0,-0.25,1.73,2.18,1.87,1.95,0.0278,0.0368,4.0,False,1.95,True,2.18,1.0,-1.0,0.95,1.1800000000000002
West Ham,2018-01-20 15:00:00,2017,-2.632093689320389,Strong Short,Break,-1.0969226,-0.0125,0.412,2018-01-30,West Ham,Crystal Palace,home,1,1,D,9,3.1,3.25,2.54,0.25,1.76,2.13,2.14,1.71,0.024,0.0377,2.54,False,1.71,True,2.13,-1.0,-1.0,0.71,-1.0
West Ham,2018-01-30 19:45:00,2017,-2.0299771844660195,Strong Short,Break,-0.8488505999999999,-0.0125,0.412,2018-02-03,Brighton,West Ham,away,3,1,H,3,2.35,3.0,3.7,-0.25,1.94,1.92,2.56,1.51,0.0291,0.0363,2.35,True,1.51,False,1.94,1.0,1.35,-1.0,0.94
West Ham,2018-02-03 15:00:00,2017,-1.8433990291262132,Strong Short,Break,-0.7719803999999999,-0.0125,0.412,2018-02-10,West Ham,Watford,home,2,0,H,6,2.5,3.29,2.79,-0.25,2.13,1.76,1.98,1.84,0.0624,0.0377,2.79,False,1.84,True,1.76,-1.0,-1.0,0.8400000000000001,-1.0
West Ham,2018-02-10 15:00:00,2017,-1.736283980582524,Strong Short,Break,-0.7278489999999997,-0.0125,0.412,2018-02-24,Liverpool,West Ham,away,4,1,H,13,1.22,7.5,13.0,-1.75,1.81,2.06,1.43,2.79,0.0299,0.0379,1.22,True,2.79,False,1.81,1.0,0.21999999999999997,-1.0,0.81
West Ham,2018-04-29 13:15:00,2017,-1.7115058252427182,Strong Short,Break,-0.7176403999999998,-0.0125,0.412,2018-05-05,Leicester,West Ham,away,0,2,A,5,2.25,3.5,3.39,-0.25,1.92,1.95,1.89,1.92,0.0251,0.0337,2.25,False,1.92,True,1.92,-1.0,-1.0,0.9199999999999999,-1.0
West Ham,2018-12-15 17:30:00,2018,-1.513051353402479,Strong Short,Break,-0.7358091999999998,-0.1377,0.3953,2018-12-22,West Ham,Watford,home,0,2,A,6,2.37,3.5,3.1,-0.25,2.01,1.87,1.74,2.09,0.0302,0.0323,3.1,True,2.09,True,1.87,1.0,2.1,1.0899999999999999,0.8700000000000001
West Ham,2019-09-16 19:00:00,2019,1.689546158098397,Strong Long,Normal,0.4816778000000001,-0.1296,0.3618,2019-09-22,West Ham,Manchester United,home,2,0,H,5,3.1,3.6,2.2,0.25,1.96,1.93,1.69,2.2,0.0549,0.0283,3.1,True,1.69,False,1.96,1.0,2.1,-1.0,0.96
West Ham,2020-07-08 17:00:00,2019,1.6887451630735215,Strong Long,Normal,0.4813880000000001,-0.1296,0.3618,2020-07-11,Norwich,West Ham,away,0,4,A,2,3.75,3.75,1.95,0.5,1.88,2.0,1.83,2.01,0.0462,0.0319,1.95,True,1.83,True,2.0,1.0,0.95,0.8300000000000001,1.0
West Ham,2020-10-24 11:30:00,2020,-1.503943506115317,Strong Short,Break,-0.6166541999999998,-0.1002,0.3434,2020-10-31,Liverpool,West Ham,away,2,1,H,6,1.36,5.25,7.5,-1.5,2.05,1.82,1.4,2.95,0.0591,0.0373,1.36,True,2.95,False,2.05,-0.5,0.3600000000000001,-1.0,-0.5
West Ham,2020-10-31 17:30:00,2020,-2.549209668025626,Strong Short,Break,-0.9755986,-0.1002,0.3434,2020-11-07,West Ham,Fulham,home,1,0,H,6,1.83,3.75,4.2,-0.75,2.09,1.79,1.82,2.0,0.0512,0.0371,4.2,False,2.0,True,1.79,-1.0,-1.0,1.0,-1.0
West Ham,2020-11-07 20:00:00,2020,-1.7518246942341291,Strong Short,Break,-0.7017765999999999,-0.1002,0.3434,2020-11-22,Sheffield United,West Ham,away,0,1,A,14,3.0,3.25,2.4,0.25,1.8,2.08,2.11,1.74,0.0577,0.0363,3.0,False,1.74,True,1.8,-1.0,-1.0,0.74,-1.0
West Ham,2021-01-26 18:00:00,2020,1.737268491555038,Strong Long,Normal,0.4963780000000001,-0.1002,0.3434,2021-01-31,West Ham,Liverpool,home,1,3,A,4,4.33,4.0,1.75,0.75,1.88,1.99,1.65,2.27,0.0524,0.0344,4.33,False,1.65,True,1.88,-1.0,-1.0,0.6499999999999999,-1.0
West Ham,2021-04-17 11:30:00,2020,-1.6543640069889338,Strong Short,Break,-0.6683085999999998,-0.1002,0.3434,2021-04-24,West Ham,Chelsea,home,0,1,A,6,4.75,3.6,1.75,0.75,1.87,2.0,2.0,1.84,0.0597,0.0348,1.75,True,1.84,True,2.0,1.0,0.75,0.8400000000000001,1.0
West Ham,2021-04-24 16:30:00,2020,-1.768874199184624,Strong Short,Break,-0.7076313999999998,-0.1002,0.3434,2021-05-03,Burnley,West Ham,away,1,2,A,8,3.1,3.6,2.2,0.25,1.91,1.96,1.9,1.92,0.0549,0.0338,3.1,False,1.92,False,1.91,-1.0,-1.0,-1.0,-1.0
West Ham,2021-05-15 19:00:00,2020,1.9109627256843331,Strong Long,Normal,0.5560246000000001,-0.1002,0.3434,2021-05-19,West Bromwich Albion,West Ham,away,1,3,A,3,5.0,4.33,1.6,1.0,1.84,2.04,1.62,2.33,0.0559,0.0337,1.6,True,1.62,True,2.04,1.0,0.6000000000000001,0.6200000000000001,1.04
West Ham,2021-05-19 19:15:00,2020,2.2036243447874204,Strong Long,Normal,0.6565246000000002,-0.1002,0.3434,2021-05-23,West Ham,Southampton,home,3,0,H,3,1.65,4.0,5.0,-0.75,1.92,1.96,1.63,2.31,0.0561,0.031,1.65,True,1.63,True,1.92,1.0,0.6499999999999999,0.6299999999999999,0.9199999999999999
West Ham,2021-08-28 14:00:00,2021,-1.8753377407300944,Strong Short,Break,-0.7407299999999999,-0.0883,0.3479,2021-09-11,Southampton,West Ham,away,0,0,D,13,2.9,3.5,2.4,0.0,2.09,1.8,1.72,2.15,0.0472,0.034,2.9,False,2.15,True,2.09,0.0,-1.0,1.15,0.0
West Ham,2021-09-11 14:00:00,2021,-1.7859459614831843,Strong Short,Break,-0.7096305999999999,-0.0883,0.3479,2021-09-19,West Ham,Manchester United,home,1,2,A,7,4.33,4.0,1.75,0.75,1.88,2.0,1.69,2.21,0.0524,0.0319,1.75,True,2.21,False,2.0,1.0,0.75,-1.0,1.0
West Ham,2021-10-17 13:00:00,2021,1.854870365047428,Strong Long,Normal,0.5570094,-0.0883,0.3479,2021-10-24,West Ham,Tottenham,home,1,0,H,6,2.3,3.5,3.0,-0.25,2.04,1.86,1.78,2.08,0.0538,0.0278,2.3,True,1.78,False,2.04,1.0,1.2999999999999998,-1.0,1.04
West Ham,2021-10-24 13:00:00,2021,1.860201207243461,Strong Long,Normal,0.558864,-0.0883,0.3479,2021-10-31,Aston Villa,West Ham,away,1,4,A,6,2.8,3.5,2.45,0.0,2.06,1.83,1.81,2.03,0.051,0.0319,2.45,True,1.81,True,1.83,1.0,1.4500000000000002,0.81,0.8300000000000001
West Ham,2021-12-01 19:30:00,2021,-1.65951480310434,Strong Short,Break,-0.6656451999999999,-0.0883,0.3479,2021-12-04,West Ham,Chelsea,home,3,2,H,2,4.75,3.6,1.75,0.75,1.81,2.08,2.06,1.8,0.0597,0.0333,1.75,False,1.8,False,2.08,-1.0,-1.0,-1.0,-1.0
West Ham,2022-08-31 18:45:00,2022,2.033140088105727,Strong Long,Normal,0.5916842000000001,-0.1006,0.3405,2022-09-03,Chelsea,West Ham,away,2,1,H,2,1.55,4.5,5.5,-1.0,1.9,1.97,1.74,2.12,0.0492,0.0339,5.5,False,1.74,True,1.97,0.0,-1.0,0.74,0.0
West Ham,2022-09-03 14:00:00,2022,2.134997356828194,Strong Long,Normal,0.6263666000000001,-0.1006,0.3405,2022-09-18,Everton,West Ham,away,1,0,H,14,2.9,3.25,2.5,0.25,1.76,2.13,2.03,1.8,0.0525,0.0377,2.5,False,2.03,False,2.13,-1.0,-1.0,-1.0,-1.0
West Ham,2022-10-19 18:30:00,2022,2.248582085168869,Strong Long,Normal,0.6650422,-0.1006,0.3405,2022-10-24,West Ham,Bournemouth,home,2,0,H,4,1.55,4.0,6.0,-1.0,1.97,1.89,1.93,1.89,0.0618,0.0367,1.55,True,1.93,False,1.97,1.0,0.55,-1.0,0.97
West Ham,2022-10-24 19:00:00,2022,1.8502261380323053,Strong Long,Normal,0.529402,-0.1006,0.3405,2022-10-30,Manchester United,West Ham,away,1,0,H,5,1.66,4.0,4.8,-0.75,1.9,1.97,1.81,2.01,0.0607,0.0339,4.8,False,1.81,False,1.97,-1.0,-1.0,-1.0,-1.0
West Ham,2022-10-30 16:15:00,2022,3.002055800293685,Strong Long,Normal,0.9216,-0.1006,0.3405,2022-11-06,West Ham,Crystal Palace,home,1,2,A,6,1.9,3.4,4.2,-0.5,1.94,1.93,2.1,1.75,0.0585,0.0336,1.9,False,2.1,True,1.94,-1.0,-1.0,1.1,-1.0
West Ham,2022-11-06 14:00:00,2022,2.271259324522761,Strong Long,Normal,0.6727638,-0.1006,0.3405,2022-11-12,West Ham,Leicester,home,0,2,A,5,2.05,3.4,3.75,-0.25,1.8,2.07,1.93,1.89,0.0486,0.0386,2.05,False,1.93,False,1.8,-1.0,-1.0,-1.0,-1.0
West Ham,2022-12-30 19:45:00,2022,1.5171453744493393,Strong Long,Normal,0.4159880000000001,-0.1006,0.3405,2023-01-04,Leeds,West Ham,away,2,2,D,4,2.6,3.5,2.6,0.0,1.92,1.94,1.79,2.04,0.0549,0.0363,2.6,False,1.79,True,1.94,0.0,-1.0,0.79,0.0
West Ham,2024-02-04 14:00:00,2023,1.5795602512849805,Strong Long,Normal,0.4995620000000002,-0.0536,0.3502,2024-02-11,West Ham,Arsenal,home,0,6,A,6,6.0,4.33,1.53,1.0,1.94,1.91,1.67,2.22,0.0512,0.039,6.0,False,1.67,True,1.94,-1.0,-1.0,0.6699999999999999,-1.0
West Ham,2024-02-11 14:00:00,2023,1.918769274700172,Strong Long,Normal,0.6183530000000002,-0.0536,0.3502,2024-02-17,Nottingham Forest,West Ham,away,2,0,H,5,2.38,3.5,2.9,-0.25,2.08,1.79,1.85,1.99,0.0507,0.0394,2.9,False,1.85,False,1.79,-1.0,-1.0,-1.0,-1.0
West Ham,2024-02-17 15:00:00,2023,1.6543009708737868,Strong Long,Normal,0.5257362000000002,-0.0536,0.3502,2024-02-26,West Ham,Brentford,home,4,2,H,8,2.5,3.5,2.75,0.0,1.86,2.0,1.72,2.12,0.0494,0.0376,2.5,True,1.72,True,1.86,1.0,1.5,0.72,0.8600000000000001
West Ham,2024-03-30 12:30:00,2023,-2.4481873215305536,Strong Short,Break,-0.9109552,-0.0536,0.3502,2024-04-02,West Ham,Tottenham,home,1,1,D,2,3.3,4.2,1.95,0.5,1.86,2.01,1.35,3.26,0.0539,0.0351,1.95,False,3.26,True,2.01,-0.5,-1.0,2.26,-0.5
Wolverhampton Wanderers,2021-01-02 17:30:00,2020,-1.5433850381679388,Strong Short,Break,-0.3773586,0.1281,0.3275,2021-01-12,Wolverhampton Wanderers,Everton,home,1,2,A,9,2.45,3.1,3.1,-0.25,2.13,1.78,2.39,1.59,0.0533,0.0313,3.1,True,1.59,False,1.78,1.0,2.1,-1.0,0.78
Wolverhampton Wanderers,2021-08-22 13:00:00,2021,2.277779128672746,Strong Long,Normal,0.7794504,0.105,0.2961,2021-08-29,Wolverhampton Wanderers,Manchester United,home,0,1,A,6,5.0,3.5,1.75,0.75,1.81,2.07,2.01,1.83,0.0571,0.0356,5.0,False,2.01,False,1.81,-1.0,-1.0,-1.0,-1.0
Wolverhampton Wanderers,2021-08-29 15:30:00,2021,2.753084768659237,Strong Long,Normal,0.9201884,0.105,0.2961,2021-09-11,Watford,Wolverhampton Wanderers,away,0,2,A,12,3.4,3.2,2.25,0.25,1.89,1.99,2.3,1.64,0.0511,0.0316,2.25,True,2.3,False,1.99,1.0,1.25,-1.0,0.99
Wolverhampton Wanderers,2021-09-11 14:00:00,2021,2.951459642012834,Strong Long,Normal,0.9789272,0.105,0.2961,2021-09-18,Wolverhampton Wanderers,Brentford,home,0,2,A,6,1.83,3.25,5.0,-0.5,1.9,1.99,2.49,1.56,0.0541,0.0288,1.83,False,2.49,False,1.9,-1.0,-1.0,-1.0,-1.0
Wolverhampton Wanderers,2021-09-18 11:30:00,2021,3.844336372847012,Strong Long,Normal,1.243308,0.105,0.2961,2021-09-26,Southampton,Wolverhampton Wanderers,away,0,1,A,7,2.62,3.2,2.8,0.0,1.88,2.01,2.12,1.75,0.0513,0.0294,2.8,True,2.12,False,2.01,1.0,1.7999999999999998,-1.0,1.0099999999999998
Wolverhampton Wanderers,2021-09-26 13:00:00,2021,2.887019925700777,Strong Long,Normal,0.9598466,0.105,0.2961,2021-10-02,Wolverhampton Wanderers,Newcastle United,home,2,1,H,5,1.61,4.2,5.25,-0.75,1.9,1.99,1.93,1.91,0.0497,0.0288,1.61,True,1.93,True,1.9,1.0,0.6100000000000001,0.9299999999999999,0.8999999999999999
Wolverhampton Wanderers,2021-11-01 20:00:00,2021,-1.8292894292468764,Strong Short,Break,-0.4366526,0.105,0.2961,2021-11-06,Crystal Palace,Wolverhampton Wanderers,away,2,0,H,4,2.45,3.2,3.0,-0.25,2.13,1.78,2.37,1.61,0.054,0.0313,2.45,True,1.61,True,2.13,1.0,1.4500000000000002,0.6100000000000001,1.13
Wolverhampton Wanderers,2021-11-06 15:00:00,2021,-1.5967146234380276,Strong Short,Break,-0.3677872,0.105,0.2961,2021-11-20,Wolverhampton Wanderers,West Ham,home,1,0,H,13,3.0,3.25,2.4,0.25,1.79,2.11,2.06,1.79,0.0577,0.0326,2.4,False,1.79,True,2.11,-1.0,-1.0,0.79,-1.0
Wolverhampton Wanderers,2022-02-13 14:00:00,2021,-1.7933637284701114,Strong Short,Break,-0.4260149999999999,0.105,0.2961,2022-02-20,Wolverhampton Wanderers,Leicester,home,2,1,H,6,2.25,3.3,3.25,-0.25,1.96,1.92,2.15,1.72,0.0552,0.031,3.25,False,1.72,False,1.92,-1.0,-1.0,-1.0,-1.0
Wolverhampton Wanderers,2022-02-20 16:30:00,2021,-2.717475852752448,Strong Short,Break,-0.6996445999999998,0.105,0.2961,2022-02-24,Arsenal,Wolverhampton Wanderers,away,2,1,H,3,1.65,3.8,5.5,-0.75,1.85,2.03,2.23,1.67,0.051,0.0332,1.65,True,1.67,False,1.85,1.0,0.6499999999999999,-1.0,0.8500000000000001
Wolverhampton Wanderers,2022-02-24 19:45:00,2021,-2.1702485646740968,Strong Short,Break,-0.5376106,0.105,0.2961,2022-02-27,West Ham,Wolverhampton Wanderers,away,1,0,H,2,2.05,3.3,3.8,-0.5,2.11,1.79,2.29,1.64,0.054,0.0326,2.05,True,1.64,True,2.11,0.5,1.0499999999999998,0.6399999999999999,0.5549999999999999
Wolverhampton Wanderers,2022-03-10 19:30:00,2021,-1.884248564674097,Strong Short,Break,-0.452926,0.105,0.2961,2022-03-13,Everton,Wolverhampton Wanderers,away,0,1,A,2,2.3,3.2,3.3,-0.25,1.97,1.9,2.3,1.63,0.0503,0.0339,2.3,False,1.63,True,1.97,-1.0,-1.0,0.6299999999999999,-1.0
Wolverhampton Wanderers,2022-03-18 20:00:00,2021,-1.6338142519419117,Strong Short,Break,-0.3787724,0.105,0.2961,2022-04-02,Wolverhampton Wanderers,Aston Villa,home,2,1,H,14,3.0,3.1,2.55,0.0,2.1,1.79,2.38,1.6,0.0481,0.0348,2.55,False,1.6,False,1.79,-1.0,-1.0,-1.0,-1.0
Wolverhampton Wanderers,2022-04-02 14:00:00,2021,-2.4919756838905776,Strong Short,Break,-0.6328739999999999,0.105,0.2961,2022-04-08,Newcastle United,Wolverhampton Wanderers,away,1,0,H,5,2.25,3.1,3.4,-0.25,1.96,1.92,2.4,1.59,0.0611,0.031,2.25,True,1.59,True,1.96,1.0,1.25,0.5900000000000001,0.96
Wolverhampton Wanderers,2022-08-31 18:30:00,2022,1.734024291497976,Strong Long,Normal,0.6855256000000001,0.0859,0.3458,2022-09-03,Wolverhampton Wanderers,Southampton,home,1,0,H,2,2.2,3.4,3.25,-0.25,1.91,1.96,2.02,1.81,0.0564,0.0338,2.2,True,2.02,False,1.91,1.0,1.2000000000000002,-1.0,0.9099999999999999
Wolverhampton Wanderers,2022-09-03 14:00:00,2022,1.733561596298439,Strong Long,Normal,0.6853656000000001,0.0859,0.3458,2022-09-17,Wolverhampton Wanderers,Manchester City,home,0,3,A,13,9.5,5.0,1.33,1.5,1.92,1.95,1.58,2.39,0.0571,0.0337,9.5,False,1.58,True,1.92,-1.0,-1.0,0.5800000000000001,-1.0
Wolverhampton Wanderers,2022-10-08 14:00:00,2022,1.6418635049161368,Strong Long,Normal,0.6536564,0.0859,0.3458,2022-10-15,Wolverhampton Wanderers,Nottingham Forest,home,1,0,H,6,1.7,3.75,5.0,-0.75,1.93,1.94,2.02,1.82,0.0549,0.0336,1.7,True,2.02,False,1.93,1.0,0.7,-1.0,0.9299999999999999
Wolverhampton Wanderers,2022-10-23 13:00:00,2022,1.5004650086755351,Strong Long,Normal,0.6047608,0.0859,0.3458,2022-10-29,Brentford,Wolverhampton Wanderers,away,1,1,D,5,2.2,3.4,3.3,-0.25,1.88,1.98,1.96,1.86,0.0517,0.037,3.3,False,1.96,False,1.98,1.0,-1.0,-1.0,0.98
Wolverhampton Wanderers,2023-04-25 18:30:00,2022,-2.1867773279352227,Strong Short,Break,-0.6702876,0.0859,0.3458,2023-04-29,Brighton,Wolverhampton Wanderers,away,6,0,H,3,1.5,4.33,6.5,-1.0,1.83,2.03,1.8,2.02,0.0515,0.0391,1.5,True,2.02,False,1.83,1.0,0.5,-1.0,0.8300000000000001
Wolverhampton Wanderers,2023-08-19 14:00:00,2023,2.2815487089201887,Strong Long,Normal,0.8713518000000002,0.0938,0.3408,2023-08-26,Everton,Wolverhampton Wanderers,away,0,1,A,6,2.3,3.3,3.2,-0.25,1.98,1.87,2.12,1.74,0.0503,0.0398,3.2,True,2.12,False,1.87,1.0,2.2,-1.0,0.8700000000000001
Wolverhampton Wanderers,2023-08-26 14:00:00,2023,2.359888497652583,Strong Long,Normal,0.8980500000000002,0.0938,0.3408,2023-09-03,Crystal Palace,Wolverhampton Wanderers,away,3,2,H,7,1.91,3.3,4.33,-0.5,1.95,1.91,2.23,1.68,0.0575,0.0364,4.33,False,2.23,True,1.91,-0.5,-1.0,1.23,-0.5
Wolverhampton Wanderers,2023-09-03 13:00:00,2023,1.6846244131455406,Strong Long,Normal,0.6679200000000002,0.0938,0.3408,2023-09-16,Wolverhampton Wanderers,Liverpool,home,1,3,A,12,6.0,5.0,1.45,1.25,1.9,1.96,1.48,2.66,0.0563,0.0365,6.0,False,1.48,True,1.9,-1.0,-1.0,0.48,-1.0
Wolverhampton Wanderers,2023-09-30 14:00:00,2023,-1.7322816901408449,Strong Short,Break,-0.4965615999999999,0.0938,0.3408,2023-10-08,Wolverhampton Wanderers,Aston Villa,home,1,1,D,7,3.5,3.4,2.1,0.25,2.0,1.84,1.8,2.04,0.056,0.0435,2.1,False,2.04,True,1.84,-1.0,-1.0,1.04,-1.0
Wolverhampton Wanderers,2023-10-08 13:00:00,2023,-1.5209906103286377,Strong Short,Break,-0.4245535999999998,0.0938,0.3408,2023-10-21,Bournemouth,Wolverhampton Wanderers,away,1,2,A,12,2.38,3.4,3.0,-0.25,2.06,1.8,1.82,2.02,0.0476,0.041,2.38,False,2.02,False,2.06,-1.0,-1.0,-1.0,-1.0
Wolverhampton Wanderers,2024-02-01 20:15:00,2023,-1.623174882629108,Strong Short,Break,-0.4593779999999999,0.0938,0.3408,2024-02-04,Chelsea,Wolverhampton Wanderers,away,2,4,A,2,1.62,4.0,5.5,-1.0,2.05,1.82,1.69,2.19,0.0491,0.0373,1.62,False,2.19,False,2.05,-1.0,-1.0,-1.0,-1.0
Wolverhampton Wanderers,2024-02-04 14:00:00,2023,-2.3604401408450704,Strong Short,Break,-0.710638,0.0938,0.3408,2024-02-10,Wolverhampton Wanderers,Brentford,home,0,2,A,5,2.1,3.6,3.4,-0.25,1.82,2.04,1.76,2.09,0.0481,0.0396,3.4,True,2.09,True,2.04,1.0,2.4,1.0899999999999999,1.04
