season_start,date,home_team,away_team,home_goals,away_goals,result,home_odds,draw_odds,away_odds,over_odds,under_odds,ah_line,ah_home_odds,ah_away_odds,margin_1x2,margin_ah,margin_ou
2016,2016-08-13,Burnley,Swansea,0,1,A,2.4,3.3,3.25,2.3,1.61,-0.25,2.06,1.81,0.0274,0.0379,0.0559
2016,2016-08-13,Crystal Palace,West Bromwich Albion,0,1,A,2.0,3.3,4.5,2.5,1.52,-0.5,2.0,1.85,0.0253,0.0405,0.0579
2016,2016-08-13,Everton,Tottenham,1,1,D,3.2,3.4,2.4,2.05,1.77,0.25,1.85,2.0,0.0233,0.0405,0.0528
2016,2016-08-13,Hull,Leicester,2,1,H,4.5,3.6,1.91,2.19,1.67,0.25,2.26,1.67,0.0236,0.0413,0.0554
2016,2016-08-13,Manchester City,Sunderland,2,1,H,1.25,6.5,15.0,1.53,2.48,-1.5,1.73,2.14,0.0205,0.0453,0.0568
2016,2016-08-13,Middlesbrough,Stoke,1,1,D,2.38,3.2,3.4,2.46,1.53,-0.25,1.93,1.92,0.0268,0.039,0.0601
2016,2016-08-13,Southampton,Watford,1,1,D,1.8,3.75,5.0,2.06,1.75,-0.75,2.07,1.8,0.0222,0.0386,0.0569
2016,2016-08-14,Arsenal,Liverpool,3,4,A,2.4,3.5,3.1,1.81,1.99,-0.5,2.31,1.64,0.025,0.0427,0.055
2016,2016-08-14,Bournemouth,Manchester United,1,3,A,4.75,3.6,1.85,2.05,1.76,0.75,1.76,2.11,0.0288,0.0421,0.056
2016,2016-08-15,Chelsea,West Ham,2,1,H,1.65,4.0,6.0,1.8,2.01,-1.0,2.1,1.76,0.0227,0.0444,0.0531
2016,2016-08-19,Manchester United,Southampton,2,0,H,1.53,4.2,7.5,1.94,1.86,-1.0,1.92,1.94,0.025,0.0363,0.0531
2016,2016-08-20,Burnley,Liverpool,2,0,H,6.5,4.2,1.57,1.86,1.93,1.0,1.91,1.94,0.0289,0.039,0.0558
2016,2016-08-20,Leicester,Arsenal,0,0,D,2.88,3.6,2.5,1.69,2.16,0.25,1.78,2.1,0.025,0.038,0.0547
2016,2016-08-20,Stoke,Manchester City,1,4,A,5.5,3.8,1.73,1.76,2.05,1.0,1.69,2.22,0.023,0.0422,0.056
2016,2016-08-20,Swansea,Hull,0,2,A,1.8,3.6,5.25,2.23,1.64,-1.0,2.45,1.57,0.0238,0.0451,0.0582
2016,2016-08-20,Tottenham,Crystal Palace,1,0,H,1.45,4.75,8.0,1.77,2.04,-1.0,1.72,2.17,0.0252,0.0422,0.0552
2016,2016-08-20,Watford,Chelsea,1,2,A,5.5,3.8,1.73,2.08,1.74,0.75,1.93,1.93,0.023,0.0363,0.0555
2016,2016-08-20,West Bromwich Albion,Everton,1,2,A,3.0,3.25,2.6,2.38,1.57,0.25,1.72,2.17,0.0256,0.0422,0.0571
2016,2016-08-21,Sunderland,Middlesbrough,1,2,A,2.55,3.2,3.1,2.38,1.57,-0.25,2.14,1.75,0.0272,0.0387,0.0571
2016,2016-08-21,West Ham,Bournemouth,1,0,H,1.95,3.75,4.0,1.78,2.02,-0.5,1.94,1.91,0.0295,0.039,0.0568
2016,2016-08-27,Chelsea,Burnley,3,0,H,1.25,5.5,15.0,1.72,2.09,-2.0,2.33,1.62,0.0485,0.0465,0.0599
2016,2016-08-27,Crystal Palace,Bournemouth,1,1,D,2.3,3.2,3.3,2.16,1.68,-0.25,1.94,1.88,0.0503,0.0474,0.0582
2016,2016-08-27,Everton,Stoke,1,0,H,1.73,3.6,5.25,1.96,1.82,-1.0,2.3,1.64,0.0463,0.0445,0.0597
2016,2016-08-27,Hull,Manchester United,0,1,A,8.0,4.1,1.44,1.98,1.81,1.0,2.12,1.75,0.0633,0.0431,0.0575
2016,2016-08-27,Leicester,Swansea,2,1,H,1.73,3.6,5.25,2.07,1.74,-1.0,2.31,1.63,0.0463,0.0464,0.0578
2016,2016-08-27,Southampton,Sunderland,1,1,D,1.57,3.6,6.5,2.08,1.73,-1.0,2.04,1.81,0.0686,0.0427,0.0588
2016,2016-08-27,Tottenham,Liverpool,1,1,D,2.38,3.4,3.0,1.75,2.05,-0.25,2.01,1.84,0.0476,0.041,0.0592
2016,2016-08-27,Watford,Arsenal,1,3,A,5.0,3.75,1.73,1.91,1.87,1.0,1.67,2.24,0.0447,0.0452,0.0583
2016,2016-08-28,Manchester City,West Ham,3,1,H,1.25,6.0,11.0,1.49,2.57,-1.5,1.77,2.08,0.0576,0.0457,0.0602
2016,2016-08-28,West Bromwich Albion,Middlesbrough,0,0,D,2.6,3.1,2.9,2.57,1.49,-0.25,2.15,1.73,0.052,0.0432,0.0602
2016,2016-09-10,Arsenal,Southampton,2,1,H,1.57,4.2,6.5,1.79,2.02,-1.0,1.95,1.9,0.0289,0.0391,0.0537
2016,2016-09-10,Bournemouth,West Bromwich Albion,1,0,H,2.05,3.25,4.33,2.38,1.56,-0.5,2.0,1.85,0.0264,0.0405,0.0612
2016,2016-09-10,Burnley,Hull,1,1,D,2.45,3.1,3.4,2.41,1.55,-0.25,2.02,1.84,0.0249,0.0385,0.0601
2016,2016-09-10,Liverpool,Leicester,4,1,H,1.7,4.0,5.5,1.75,2.07,-1.0,2.09,1.77,0.0201,0.0434,0.0545
2016,2016-09-10,Manchester United,Manchester City,1,2,A,2.38,3.25,3.4,2.09,1.73,-0.25,1.97,1.88,0.022,0.0395,0.0565
2016,2016-09-10,Middlesbrough,Crystal Palace,1,2,A,2.3,3.2,3.6,2.48,1.52,-0.25,1.92,1.93,0.0251,0.039,0.0611
2016,2016-09-10,Stoke,Tottenham,0,4,A,4.6,3.75,1.85,1.94,1.85,0.75,1.78,2.08,0.0246,0.0426,0.056
2016,2016-09-10,West Ham,Watford,2,4,A,1.91,3.6,4.5,1.99,1.81,-0.75,2.13,1.74,0.0236,0.0442,0.055
2016,2016-09-11,Swansea,Chelsea,2,2,D,5.75,4.0,1.67,1.82,1.98,1.0,1.77,2.09,0.0227,0.0434,0.0545
2016,2016-09-12,Sunderland,Everton,0,3,A,3.8,3.5,2.1,1.97,1.81,0.5,1.78,2.07,0.0251,0.0449,0.0601
2016,2016-09-16,Chelsea,Liverpool,1,2,A,2.25,3.5,3.4,1.73,2.1,-0.25,1.93,1.93,0.0243,0.0363,0.0542
2016,2016-09-17,Everton,Middlesbrough,3,1,H,1.67,3.8,6.0,1.99,1.81,-1.0,2.14,1.73,0.0286,0.0453,0.055
2016,2016-09-17,Hull,Arsenal,1,4,A,6.0,4.2,1.6,1.87,1.92,1.0,1.85,2.0,0.0298,0.0405,0.0556
2016,2016-09-17,Leicester,Burnley,3,0,H,1.5,4.33,8.0,1.85,1.94,-1.0,1.75,2.12,0.0226,0.0431,0.056
2016,2016-09-17,Manchester City,Bournemouth,4,0,H,1.29,6.0,12.0,1.48,2.59,-2.0,2.34,1.62,0.0252,0.0446,0.0618
2016,2016-09-17,West Bromwich Albion,West Ham,4,2,H,2.8,3.2,2.8,2.21,1.66,-0.25,2.29,1.64,0.0268,0.0464,0.0549
2016,2016-09-18,Crystal Palace,Stoke,4,1,H,2.0,3.5,4.2,2.14,1.69,-0.25,1.73,2.15,0.0238,0.0432,0.059
2016,2016-09-18,Southampton,Swansea,1,0,H,1.7,3.8,5.75,2.01,1.79,-1.0,2.19,1.7,0.0253,0.0449,0.0562
2016,2016-09-18,Tottenham,Sunderland,1,0,H,1.33,5.5,11.0,1.66,2.2,-1.5,1.96,1.89,0.0246,0.0393,0.057
2016,2016-09-18,Watford,Manchester United,3,1,H,6.0,4.2,1.62,1.88,1.91,1.0,1.77,2.09,0.022,0.0434,0.0555
2016,2016-09-24,Arsenal,Chelsea,3,0,H,2.4,3.5,3.1,1.76,2.06,-0.25,2.0,1.86,0.025,0.0376,0.0536
2016,2016-09-24,Bournemouth,Everton,1,0,H,3.6,3.5,2.15,1.91,1.88,0.5,1.78,2.09,0.0286,0.0403,0.0555
2016,2016-09-24,Liverpool,Hull,5,1,H,1.22,7.0,15.0,1.54,2.44,-2.0,2.02,1.84,0.0292,0.0385,0.0592
2016,2016-09-24,Manchester United,Leicester,4,1,H,1.73,3.9,5.25,1.86,1.94,-1.0,2.23,1.68,0.0249,0.0437,0.0531
2016,2016-09-24,Middlesbrough,Tottenham,1,2,A,3.75,3.5,2.1,2.12,1.71,0.25,2.06,1.81,0.0286,0.0379,0.0565
2016,2016-09-24,Stoke,West Bromwich Albion,1,1,D,2.38,3.3,3.3,2.15,1.7,-0.25,1.96,1.91,0.0262,0.0338,0.0534
2016,2016-09-24,Sunderland,Crystal Palace,2,3,A,2.88,3.25,2.7,2.09,1.73,0.0,1.98,1.87,0.0253,0.0398,0.0565
2016,2016-09-24,Swansea,Manchester City,1,3,A,9.0,5.5,1.36,1.58,2.35,1.5,1.82,2.04,0.0282,0.0396,0.0584
2016,2016-09-25,West Ham,Southampton,0,3,A,2.8,3.3,2.75,1.93,1.87,0.0,1.97,1.87,0.0238,0.0424,0.0529
2016,2016-09-26,Burnley,Watford,2,0,H,2.9,3.2,2.7,2.22,1.65,0.0,2.05,1.8,0.0277,0.0434,0.0565
2016,2016-09-30,Everton,Crystal Palace,1,1,D,1.73,4.0,5.0,1.77,2.05,-1.0,2.24,1.68,0.028,0.0417,0.0528
2016,2016-10-01,Hull,Chelsea,0,2,A,7.5,4.5,1.5,1.72,2.11,1.0,2.09,1.77,0.0222,0.0434,0.0553
2016,2016-10-01,Sunderland,West Bromwich Albion,1,1,D,2.5,3.25,3.2,2.25,1.64,-0.25,2.05,1.81,0.0202,0.0403,0.0542
2016,2016-10-01,Swansea,Liverpool,1,2,A,8.0,4.75,1.45,1.55,2.42,1.0,2.24,1.67,0.0252,0.0452,0.0584
2016,2016-10-01,Watford,Bournemouth,2,2,D,2.38,3.3,3.3,2.0,1.81,-0.25,2.0,1.86,0.0262,0.0376,0.0525
2016,2016-10-01,West Ham,Middlesbrough,1,1,D,2.25,3.4,3.5,2.09,1.74,-0.25,1.88,1.97,0.0243,0.0395,0.0532
2016,2016-10-02,Burnley,Arsenal,0,1,A,9.0,5.0,1.4,1.71,2.13,1.5,1.79,2.06,0.0254,0.0441,0.0543
2016,2016-10-02,Leicester,Southampton,0,0,D,2.25,3.4,3.5,2.08,1.74,-0.25,1.87,1.98,0.0243,0.0398,0.0555
2016,2016-10-02,Manchester United,Stoke,1,1,D,1.33,5.75,10.0,1.66,2.22,-1.5,2.0,1.86,0.0258,0.0376,0.0529
2016,2016-10-02,Tottenham,Manchester City,2,0,H,3.0,3.5,2.5,1.74,2.09,0.25,1.79,2.09,0.019,0.0371,0.0532
2016,2016-10-15,Arsenal,Swansea,3,2,H,1.29,6.5,11.0,1.51,2.56,-2.0,2.28,1.65,0.0199,0.0447,0.0529
2016,2016-10-15,Bournemouth,Hull,6,1,H,1.85,3.5,5.0,2.02,1.8,-1.0,2.5,1.55,0.0263,0.0452,0.0506
2016,2016-10-15,Chelsea,Leicester,3,0,H,1.57,4.5,6.0,1.69,2.17,-1.0,1.95,1.89,0.0258,0.0419,0.0525
2016,2016-10-15,Crystal Palace,West Ham,0,1,A,2.15,3.5,3.6,1.83,1.99,-0.5,2.07,1.79,0.0286,0.0418,0.049
2016,2016-10-15,Manchester City,Everton,1,1,D,1.5,4.75,7.0,1.54,2.48,-1.5,2.34,1.63,0.0201,0.0408,0.0526
2016,2016-10-15,Stoke,Sunderland,2,0,H,2.0,3.6,4.0,2.02,1.79,-0.75,2.26,1.66,0.0278,0.0449,0.0537
2016,2016-10-15,West Bromwich Albion,Tottenham,1,1,D,5.5,3.8,1.73,2.04,1.78,0.75,1.95,1.9,0.023,0.0391,0.052
2016,2016-10-16,Middlesbrough,Watford,0,1,A,2.25,3.3,3.6,2.29,1.63,-0.25,1.91,1.94,0.0253,0.039,0.0502
2016,2016-10-16,Southampton,Burnley,3,1,H,1.4,4.8,9.5,1.89,1.92,-1.5,2.12,1.75,0.0279,0.0431,0.0499
2016,2016-10-17,Liverpool,Manchester United,0,0,D,2.2,3.5,3.5,1.77,2.04,-0.5,2.13,1.74,0.026,0.0442,0.0552
2016,2016-10-22,Arsenal,Middlesbrough,0,0,D,1.25,6.5,15.0,1.63,2.25,-2.0,2.3,1.64,0.0205,0.0445,0.0579
2016,2016-10-22,Bournemouth,Tottenham,0,0,D,4.2,3.6,1.95,1.8,2.01,0.5,1.91,1.94,0.0287,0.039,0.0531
2016,2016-10-22,Burnley,Everton,2,1,H,6.0,3.8,1.67,2.07,1.74,1.0,1.71,2.17,0.0286,0.0456,0.0578
2016,2016-10-22,Hull,Stoke,0,2,A,3.1,3.3,2.5,2.04,1.77,0.25,1.78,2.09,0.0256,0.0403,0.0552
2016,2016-10-22,Leicester,Crystal Palace,3,1,H,2.05,3.5,3.9,1.99,1.81,-0.5,2.02,1.83,0.0299,0.0415,0.055
2016,2016-10-22,Liverpool,West Bromwich Albion,2,1,H,1.29,6.0,13.0,1.62,2.26,-1.5,1.82,2.04,0.0188,0.0396,0.0598
2016,2016-10-22,Swansea,Watford,0,0,D,2.38,3.3,3.3,1.93,1.86,-0.25,1.95,1.9,0.0262,0.0391,0.0558
2016,2016-10-22,West Ham,Sunderland,1,0,H,1.67,4.0,5.75,1.8,2.01,-1.0,2.17,1.71,0.0227,0.0456,0.0531
2016,2016-10-23,Chelsea,Manchester United,4,0,H,2.15,3.4,3.8,2.07,1.75,-0.25,1.87,1.98,0.0224,0.0398,0.0545
2016,2016-10-23,Manchester City,Southampton,1,1,D,1.5,4.5,7.5,1.66,2.2,-1.0,1.77,2.08,0.0222,0.0457,0.057
2016,2016-10-29,Crystal Palace,Liverpool,2,4,A,5.25,4.0,1.7,1.75,2.07,1.0,1.66,2.27,0.0287,0.0429,0.0545
2016,2016-10-29,Manchester United,Burnley,0,0,D,1.2,7.0,19.0,1.71,2.12,-2.0,2.05,1.8,0.0288,0.0434,0.0565
2016,2016-10-29,Middlesbrough,Bournemouth,2,0,H,2.5,3.2,3.2,2.25,1.64,-0.25,2.1,1.77,0.025,0.0412,0.0542
2016,2016-10-29,Sunderland,Arsenal,1,4,A,9.0,5.0,1.4,1.59,2.33,1.0,2.35,1.61,0.0254,0.0466,0.0581
2016,2016-10-29,Tottenham,Leicester,1,1,D,1.62,4.2,6.0,1.81,1.98,-1.0,2.07,1.79,0.022,0.0418,0.0575
2016,2016-10-29,Watford,Hull,1,0,H,1.75,3.75,5.25,2.06,1.76,-1.0,2.34,1.62,0.0286,0.0446,0.0536
2016,2016-10-29,West Bromwich Albion,Manchester City,0,4,A,8.0,4.75,1.44,1.79,2.01,1.0,2.12,1.74,0.03,0.0464,0.0562
2016,2016-10-30,Everton,West Ham,2,0,H,1.8,3.8,4.75,1.7,2.14,-1.0,2.38,1.6,0.0292,0.0452,0.0555
2016,2016-10-30,Southampton,Chelsea,0,2,A,3.2,3.4,2.4,1.99,1.82,0.25,1.82,2.04,0.0233,0.0396,0.052
2016,2016-10-31,Stoke,Swansea,3,1,H,2.05,3.6,3.8,1.86,1.93,-0.75,2.36,1.61,0.0287,0.0448,0.0558
2016,2016-11-05,Bournemouth,Sunderland,1,2,A,1.65,4.2,5.5,1.77,2.04,-1.0,2.03,1.82,0.026,0.0421,0.0552
2016,2016-11-05,Burnley,Crystal Palace,3,2,H,3.3,3.3,2.38,2.17,1.68,0.25,1.92,1.94,0.0262,0.0363,0.0561
2016,2016-11-05,Chelsea,Everton,5,0,H,1.53,4.33,7.0,1.68,2.18,-1.0,1.91,1.94,0.0274,0.039,0.054
2016,2016-11-05,Manchester City,Middlesbrough,1,1,D,1.22,7.0,15.0,1.49,2.56,-2.0,2.0,1.85,0.0292,0.0405,0.0618
2016,2016-11-05,West Ham,Stoke,1,1,D,2.0,3.6,4.0,1.73,2.1,-0.5,1.97,1.87,0.0278,0.0424,0.0542
2016,2016-11-06,Arsenal,Tottenham,1,1,D,1.95,3.6,4.2,1.76,2.06,-0.25,1.67,2.25,0.0287,0.0432,0.0536
2016,2016-11-06,Hull,Southampton,2,1,H,5.75,3.8,1.7,2.1,1.73,1.0,1.68,2.24,0.0253,0.0417,0.0542
2016,2016-11-06,Leicester,West Bromwich Albion,1,2,A,1.8,3.6,5.25,2.14,1.7,-1.0,2.46,1.57,0.0238,0.0434,0.0555
2016,2016-11-06,Liverpool,Watford,6,1,H,1.29,6.0,12.0,1.54,2.44,-2.0,2.31,1.63,0.0252,0.0464,0.0592
2016,2016-11-06,Swansea,Manchester United,1,3,A,5.0,4.0,1.73,1.79,2.02,1.0,1.64,2.31,0.028,0.0427,0.0537
2016,2016-11-19,Crystal Palace,Manchester City,1,2,A,6.5,4.5,1.53,1.58,2.36,1.0,1.99,1.85,0.0297,0.0431,0.0566
2016,2016-11-19,Everton,Swansea,1,1,D,1.6,4.33,6.0,1.69,2.17,-1.0,1.96,1.89,0.0226,0.0393,0.0525
2016,2016-11-19,Manchester United,Arsenal,1,1,D,2.6,3.4,2.9,2.0,1.81,-0.25,2.14,1.74,0.0236,0.042,0.0525
2016,2016-11-19,Southampton,Liverpool,0,0,D,3.4,3.6,2.2,1.84,1.97,0.25,1.94,1.91,0.0264,0.039,0.0511
2016,2016-11-19,Stoke,Bournemouth,0,1,A,2.3,3.4,3.4,1.88,1.92,-0.25,1.91,1.95,0.023,0.0364,0.0527
2016,2016-11-19,Sunderland,Hull,3,0,H,2.15,3.4,3.8,2.17,1.69,-0.25,1.79,2.08,0.0224,0.0394,0.0525
2016,2016-11-19,Tottenham,West Ham,3,2,H,1.5,4.5,7.5,1.71,2.13,-1.0,1.78,2.09,0.0222,0.0403,0.0543
2016,2016-11-19,Watford,Leicester,2,1,H,2.8,3.3,2.75,2.07,1.75,0.25,1.68,2.24,0.0238,0.0417,0.0545
2016,2016-11-20,Middlesbrough,Chelsea,0,1,A,7.0,4.0,1.57,1.93,1.88,1.0,1.9,1.94,0.0298,0.0418,0.05
2016,2016-11-21,West Bromwich Albion,Burnley,4,0,H,1.95,3.4,4.5,2.34,1.58,-0.25,1.63,2.32,0.0292,0.0445,0.0603
2016,2016-11-26,Burnley,Manchester City,1,2,A,9.0,6.0,1.33,1.48,2.58,1.5,2.06,1.78,0.0297,0.0472,0.0633
2016,2016-11-26,Chelsea,Tottenham,2,1,H,1.75,3.8,5.25,1.8,2.01,-1.0,2.35,1.61,0.0251,0.0466,0.0531
2016,2016-11-26,Hull,West Bromwich Albion,1,1,D,3.1,3.2,2.6,2.32,1.6,0.25,1.78,2.08,0.0197,0.0426,0.056
2016,2016-11-26,Leicester,Middlesbrough,2,2,D,1.91,3.6,4.5,2.07,1.75,-0.5,1.87,1.97,0.0236,0.0424,0.0545
2016,2016-11-26,Liverpool,Sunderland,2,0,H,1.17,8.5,19.0,1.34,3.18,-2.0,1.72,2.15,0.025,0.0465,0.0607
2016,2016-11-26,Swansea,Crystal Palace,5,4,H,2.63,3.4,2.88,1.89,1.91,0.0,1.86,1.98,0.0216,0.0427,0.0527
2016,2016-11-27,Arsenal,Bournemouth,3,1,H,1.4,5.0,9.0,1.57,2.39,-1.0,1.64,2.28,0.0254,0.0484,0.0554
2016,2016-11-27,Manchester United,West Ham,1,1,D,1.45,4.75,8.0,1.71,2.12,-1.0,1.76,2.09,0.0252,0.0467,0.0565
2016,2016-11-27,Southampton,Everton,1,0,H,2.2,3.4,3.6,2.1,1.73,-0.25,1.83,2.04,0.0264,0.0366,0.0542
2016,2016-11-27,Watford,Stoke,0,1,A,2.4,3.3,3.3,2.0,1.81,-0.25,2.03,1.83,0.0227,0.0391,0.0525
2016,2016-12-03,Crystal Palace,Southampton,3,0,H,3.5,3.3,2.3,2.03,1.79,0.25,1.94,1.91,0.0235,0.039,0.0513
2016,2016-12-03,Manchester City,Chelsea,1,3,A,2.15,3.6,3.6,1.76,2.07,-0.25,1.83,2.03,0.0207,0.0391,0.0513
2016,2016-12-03,Stoke,Burnley,2,0,H,1.62,4.0,6.5,1.88,1.93,-1.0,2.05,1.81,0.0211,0.0403,0.05
2016,2016-12-03,Sunderland,Leicester,2,1,H,3.4,3.4,2.3,1.93,1.88,0.25,1.91,1.95,0.023,0.0364,0.05
2016,2016-12-03,Tottenham,Swansea,5,0,H,1.36,5.5,9.0,1.53,2.46,-1.5,1.97,1.88,0.0282,0.0395,0.0601
2016,2016-12-03,West Bromwich Albion,Watford,3,1,H,2.2,3.3,3.75,2.23,1.65,-0.25,1.83,2.03,0.0242,0.0391,0.0545
2016,2016-12-03,West Ham,Arsenal,1,5,A,4.75,4.2,1.75,1.64,2.24,1.0,1.68,2.23,0.0201,0.0437,0.0562
2016,2016-12-04,Bournemouth,Liverpool,4,3,H,5.0,4.0,1.75,1.63,2.27,1.0,1.62,2.34,0.0214,0.0446,0.054
2016,2016-12-04,Everton,Manchester United,1,1,D,3.6,3.5,2.15,2.01,1.81,0.25,2.04,1.81,0.0286,0.0427,0.05
2016,2016-12-05,Middlesbrough,Hull,1,0,H,1.83,3.5,5.25,2.3,1.61,-1.0,2.47,1.56,0.0226,0.0459,0.0559
2016,2016-12-10,Arsenal,Stoke,3,1,H,1.35,5.5,9.5,1.51,2.53,-1.5,1.99,1.86,0.0278,0.0401,0.0575
2016,2016-12-10,Burnley,Bournemouth,3,2,H,3.5,3.5,2.2,1.99,1.82,0.25,1.96,1.9,0.026,0.0365,0.052
2016,2016-12-10,Hull,Crystal Palace,3,3,D,3.5,3.3,2.3,2.07,1.75,0.25,1.92,1.94,0.0235,0.0363,0.0545
2016,2016-12-10,Leicester,Manchester City,4,2,H,5.25,4.0,1.7,1.66,2.21,1.0,1.71,2.17,0.0287,0.0456,0.0549
2016,2016-12-10,Swansea,Sunderland,3,0,H,2.15,3.5,3.6,1.84,1.97,-0.25,1.83,2.05,0.0286,0.0343,0.0511
2016,2016-12-10,Watford,Everton,3,2,H,3.1,3.4,2.45,2.03,1.79,0.25,1.8,2.07,0.0249,0.0386,0.0513
2016,2016-12-11,Chelsea,West Bromwich Albion,1,0,H,1.25,6.25,15.0,1.65,2.22,-1.5,1.82,2.04,0.0267,0.0396,0.0565
2016,2016-12-11,Liverpool,West Ham,2,2,D,1.3,6.0,11.0,1.42,2.8,-1.5,1.77,2.1,0.0268,0.0412,0.0614
2016,2016-12-11,Manchester United,Tottenham,1,0,H,2.2,3.4,3.6,2.07,1.75,-0.25,1.87,1.99,0.0264,0.0373,0.0545
2016,2016-12-11,Southampton,Middlesbrough,1,0,H,1.7,3.7,6.0,2.3,1.61,-1.0,2.25,1.67,0.0252,0.0432,0.0559
2016,2016-12-13,Bournemouth,Leicester,1,0,H,2.4,3.4,3.2,1.79,2.02,-0.25,2.05,1.82,0.0233,0.0373,0.0537
2016,2016-12-13,Everton,Arsenal,2,1,H,4.2,3.75,1.91,1.73,2.11,0.5,1.96,1.89,0.0283,0.0393,0.052
2016,2016-12-14,Crystal Palace,Manchester United,1,2,A,5.25,4.0,1.7,1.83,1.98,1.0,1.71,2.17,0.0287,0.0456,0.0515
2016,2016-12-14,Manchester City,Watford,2,0,H,1.29,6.5,11.0,1.41,2.87,-1.5,1.67,2.24,0.0199,0.0452,0.0577
2016,2016-12-14,Middlesbrough,Liverpool,0,3,A,6.0,4.33,1.6,1.8,2.01,1.0,1.88,1.96,0.0226,0.0421,0.0531
2016,2016-12-14,Stoke,Southampton,0,0,D,3.1,3.3,2.5,2.25,1.64,0.25,1.83,2.03,0.0256,0.0391,0.0542
2016,2016-12-14,Sunderland,Chelsea,0,1,A,10.0,5.75,1.33,1.59,2.34,1.5,1.9,1.95,0.0258,0.0391,0.0563
2016,2016-12-14,Tottenham,Hull,3,0,H,1.22,7.0,15.0,1.54,2.45,-2.0,2.11,1.75,0.0292,0.0454,0.0575
2016,2016-12-14,West Bromwich Albion,Swansea,3,1,H,2.05,3.5,4.0,1.99,1.82,-0.5,2.03,1.83,0.0235,0.0391,0.052
2016,2016-12-14,West Ham,Burnley,1,0,H,1.67,4.0,5.75,1.81,2.0,-1.0,2.08,1.77,0.0227,0.0457,0.0525
2016,2016-12-17,Crystal Palace,Chelsea,0,1,A,6.5,4.2,1.57,1.68,2.19,1.0,1.83,2.02,0.0289,0.0415,0.0519
2016,2016-12-17,Middlesbrough,Swansea,3,0,H,2.1,3.4,4.0,2.12,1.72,-0.5,2.04,1.84,0.0203,0.0337,0.0531
2016,2016-12-17,Stoke,Leicester,2,2,D,2.6,3.4,2.9,1.99,1.82,0.0,1.81,2.05,0.0236,0.0403,0.052
2016,2016-12-17,Sunderland,Watford,1,0,H,2.63,3.3,2.9,2.08,1.74,0.0,1.82,2.04,0.0281,0.0396,0.0555
2016,2016-12-17,West Bromwich Albion,Manchester United,0,2,A,5.75,3.8,1.7,2.11,1.72,1.0,1.64,2.29,0.0253,0.0464,0.0553
2016,2016-12-17,West Ham,Hull,1,0,H,1.62,4.1,6.0,1.82,1.99,-1.0,2.11,1.76,0.0279,0.0421,0.052
2016,2016-12-18,Bournemouth,Southampton,1,3,A,3.0,3.3,2.6,2.23,1.65,0.0,2.03,1.83,0.021,0.0391,0.0545
2016,2016-12-18,Manchester City,Arsenal,2,1,H,2.15,3.6,3.5,1.64,2.25,-0.25,1.82,2.05,0.0286,0.0373,0.0542
2016,2016-12-18,Tottenham,Burnley,2,1,H,1.22,7.0,15.0,1.51,2.54,-2.0,2.0,1.85,0.0292,0.0405,0.056
2016,2016-12-19,Everton,Liverpool,0,1,A,4.2,3.6,1.95,1.73,2.1,0.5,1.98,1.88,0.0287,0.037,0.0542
2016,2016-12-26,Arsenal,West Bromwich Albion,1,0,H,1.33,5.5,8.5,1.6,2.32,-1.5,1.96,1.88,0.0513,0.0421,0.056
2016,2016-12-26,Burnley,Middlesbrough,1,0,H,2.9,3.1,2.6,2.48,1.53,0.0,2.05,1.81,0.052,0.0403,0.0568
2016,2016-12-26,Chelsea,Bournemouth,3,0,H,1.36,5.0,8.5,1.66,2.22,-1.5,2.14,1.73,0.0529,0.0453,0.0529
2016,2016-12-26,Hull,Manchester City,0,3,A,10.0,5.5,1.3,1.51,2.54,1.5,1.94,1.9,0.051,0.0418,0.056
2016,2016-12-26,Leicester,Everton,0,2,A,2.5,3.3,2.9,1.93,1.88,-0.25,2.14,1.74,0.0479,0.042,0.05
2016,2016-12-26,Manchester United,Sunderland,3,1,H,1.22,6.5,13.0,1.6,2.32,-2.0,2.06,1.8,0.0504,0.041,0.056
2016,2016-12-26,Swansea,West Ham,1,4,A,2.63,3.2,2.8,1.77,2.05,0.0,1.88,1.96,0.0499,0.0421,0.0528
2016,2016-12-26,Watford,Crystal Palace,1,1,D,2.5,3.3,2.9,2.03,1.79,-0.25,2.11,1.77,0.0479,0.0389,0.0513
2016,2016-12-27,Liverpool,Stoke,4,1,H,1.3,5.5,10.0,1.5,2.54,-1.5,1.78,2.06,0.051,0.0472,0.0604
2016,2016-12-28,Southampton,Tottenham,1,4,A,2.8,3.25,2.6,2.13,1.7,0.0,2.03,1.81,0.0495,0.0451,0.0577
2016,2016-12-30,Hull,Everton,2,2,D,4.33,3.5,1.95,2.02,1.8,0.5,1.89,1.96,0.0295,0.0393,0.0506
2016,2016-12-31,Burnley,Sunderland,4,1,H,2.4,3.25,3.3,2.25,1.64,-0.25,2.0,1.86,0.0274,0.0376,0.0542
2016,2016-12-31,Chelsea,Stoke,4,2,H,1.25,6.5,14.0,1.63,2.27,-1.5,1.82,2.03,0.0253,0.0421,0.054
2016,2016-12-31,Leicester,West Ham,1,0,H,2.1,3.6,3.7,1.83,1.98,-0.5,2.03,1.83,0.0242,0.0391,0.0515
2016,2016-12-31,Liverpool,Manchester City,1,0,H,2.35,3.6,3.1,1.63,2.28,-0.25,2.01,1.86,0.0259,0.0351,0.0521
2016,2016-12-31,Manchester United,Middlesbrough,2,1,H,1.25,6.0,16.0,1.89,1.91,-1.5,1.79,2.06,0.0292,0.0441,0.0527
2016,2016-12-31,Southampton,West Bromwich Albion,1,2,A,1.75,3.7,5.5,2.33,1.6,-1.0,2.42,1.58,0.0235,0.0461,0.0542
2016,2016-12-31,Swansea,Bournemouth,0,3,A,2.9,3.4,2.6,1.76,2.06,0.0,2.02,1.83,0.0236,0.0415,0.0536
2016,2017-01-01,Arsenal,Crystal Palace,2,0,H,1.29,5.5,9.5,1.53,2.48,-1.5,1.92,1.93,0.0623,0.039,0.0568
2016,2017-01-01,Watford,Tottenham,1,4,A,5.5,3.75,1.62,1.95,1.85,1.0,1.7,2.2,0.0658,0.0428,0.0534
2016,2017-01-02,Everton,Southampton,3,0,H,2.2,3.4,3.6,2.16,1.69,-0.25,1.91,1.96,0.0264,0.0338,0.0547
2016,2017-01-02,Manchester City,Burnley,2,1,H,1.17,8.5,19.0,1.42,2.83,-2.0,1.71,2.18,0.025,0.0435,0.0576
2016,2017-01-02,Middlesbrough,Leicester,0,0,D,2.75,3.2,2.88,2.46,1.55,0.0,1.88,1.97,0.0234,0.0395,0.0517
2016,2017-01-02,Sunderland,Liverpool,2,2,D,11.0,5.5,1.33,1.62,2.29,1.5,1.88,1.97,0.0246,0.0395,0.054
2016,2017-01-02,West Bromwich Albion,Hull,3,1,H,1.75,3.7,5.5,2.21,1.66,-1.0,2.41,1.59,0.0235,0.0439,0.0549
2016,2017-01-02,West Ham,Manchester United,0,2,A,6.0,4.0,1.65,1.81,2.01,1.0,1.76,2.1,0.0227,0.0444,0.05
2016,2017-01-03,Bournemouth,Arsenal,3,3,D,4.33,3.4,1.85,1.75,2.07,0.75,1.82,2.04,0.0656,0.0396,0.0545
2016,2017-01-03,Crystal Palace,Swansea,1,2,A,1.75,3.5,4.75,1.96,1.84,-1.0,2.42,1.58,0.0677,0.0461,0.0537
2016,2017-01-03,Stoke,Watford,2,0,H,1.8,3.5,4.5,2.1,1.73,-0.5,1.86,1.99,0.0635,0.0401,0.0542
2016,2017-01-04,Tottenham,Chelsea,2,0,H,2.63,3.25,2.63,1.92,1.89,0.0,1.95,1.9,0.0681,0.0391,0.0499
2016,2017-01-14,Burnley,Southampton,1,0,H,3.6,3.4,2.2,2.33,1.6,0.25,2.01,1.86,0.0264,0.0351,0.0542
2016,2017-01-14,Hull,Bournemouth,3,1,H,3.3,3.5,2.3,1.85,1.95,0.25,1.93,1.94,0.0235,0.0336,0.0534
2016,2017-01-14,Leicester,Chelsea,0,3,A,6.0,4.1,1.62,1.88,1.93,1.0,1.75,2.12,0.0279,0.0431,0.05
2016,2017-01-14,Sunderland,Stoke,1,3,A,3.1,3.3,2.5,1.96,1.85,0.25,1.8,2.08,0.0256,0.0363,0.0507
2016,2017-01-14,Swansea,Arsenal,0,4,A,7.0,4.75,1.5,1.56,2.41,1.0,2.06,1.81,0.0201,0.0379,0.056
2016,2017-01-14,Tottenham,West Bromwich Albion,4,0,H,1.33,5.5,11.0,1.81,1.99,-1.5,1.94,1.91,0.0246,0.039,0.055
2016,2017-01-14,Watford,Middlesbrough,0,0,D,2.5,3.2,3.2,2.55,1.51,-0.25,2.09,1.79,0.025,0.0371,0.0544
2016,2017-01-14,West Ham,Crystal Palace,3,0,H,2.38,3.4,3.2,1.97,1.84,-0.25,2.03,1.84,0.0268,0.0361,0.0511
2016,2017-01-15,Everton,Manchester City,4,0,H,4.5,4.0,1.8,1.74,2.08,1.0,1.56,2.47,0.0278,0.0459,0.0555
2016,2017-01-15,Manchester United,Liverpool,1,1,D,2.15,3.4,3.75,1.95,1.86,-0.25,1.82,2.06,0.0259,0.0349,0.0505
2016,2017-01-21,Bournemouth,Watford,2,2,D,1.83,3.75,4.75,1.95,1.85,-0.5,1.83,2.06,0.0236,0.0319,0.0534
2016,2017-01-21,Crystal Palace,Everton,0,1,A,3.25,3.4,2.38,1.99,1.82,0.25,1.85,2.02,0.022,0.0356,0.052
2016,2017-01-21,Liverpool,Swansea,2,3,A,1.22,7.0,15.0,1.41,2.85,-2.0,2.01,1.85,0.0292,0.0381,0.0601
2016,2017-01-21,Manchester City,Tottenham,2,2,D,2.15,3.5,3.6,1.8,2.01,-0.25,1.82,2.06,0.0286,0.0349,0.0531
2016,2017-01-21,Middlesbrough,West Ham,1,3,A,2.5,3.2,3.25,2.32,1.6,-0.25,2.06,1.82,0.0202,0.0349,0.056
2016,2017-01-21,Stoke,Manchester United,1,1,D,6.0,4.2,1.6,1.91,1.9,1.0,1.77,2.1,0.0298,0.0412,0.0499
2016,2017-01-21,West Bromwich Albion,Sunderland,2,0,H,1.7,3.8,5.75,2.0,1.81,-1.0,2.2,1.7,0.0253,0.0428,0.0525
2016,2017-01-22,Arsenal,Burnley,2,1,H,1.2,7.5,17.0,1.47,2.63,-2.0,1.94,1.91,0.0255,0.039,0.0605
2016,2017-01-22,Chelsea,Hull,2,0,H,1.18,8.0,19.0,1.52,2.52,-2.0,1.86,2.0,0.0251,0.0376,0.0547
2016,2017-01-22,Southampton,Leicester,3,0,H,1.83,3.5,5.25,2.27,1.63,-0.5,1.82,2.07,0.0226,0.0325,0.054
2016,2017-01-31,Arsenal,Watford,1,2,A,1.22,7.0,15.0,1.51,2.54,-2.0,2.12,1.75,0.0292,0.0431,0.056
2016,2017-01-31,Bournemouth,Crystal Palace,0,2,A,2.05,3.5,3.9,1.88,1.93,-0.25,1.78,2.1,0.0299,0.038,0.05
2016,2017-01-31,Burnley,Leicester,1,0,H,2.9,3.25,2.7,2.21,1.67,0.0,1.99,1.87,0.0229,0.0373,0.0513
2016,2017-01-31,Liverpool,Chelsea,1,1,D,2.65,3.25,2.9,2.02,1.8,0.0,1.83,2.04,0.0299,0.0366,0.0506
2016,2017-01-31,Middlesbrough,West Bromwich Albion,1,1,D,2.7,3.1,3.0,2.67,1.47,0.0,1.83,2.03,0.0263,0.0391,0.0548
2016,2017-01-31,Sunderland,Tottenham,0,0,D,9.5,5.25,1.36,1.58,2.36,1.5,1.88,1.97,0.031,0.0395,0.0566
2016,2017-01-31,Swansea,Southampton,2,1,H,3.4,3.4,2.3,2.05,1.78,0.25,1.88,1.98,0.023,0.037,0.0496
2016,2017-02-01,Manchester United,Hull,0,0,D,1.2,7.5,17.0,2.29,1.61,-2.0,1.87,1.98,0.0255,0.0398,0.0578
2016,2017-02-01,Stoke,Everton,1,1,D,2.88,3.4,2.63,2.0,1.81,0.0,2.0,1.86,0.0216,0.0376,0.0525
2016,2017-02-01,West Ham,Manchester City,0,4,A,6.0,4.5,1.57,1.57,2.39,1.0,1.95,1.91,0.0258,0.0364,0.0554
2016,2017-02-04,Chelsea,Arsenal,3,1,H,1.95,3.6,4.2,1.87,1.93,-0.5,1.92,1.95,0.0287,0.0337,0.0529
2016,2017-02-04,Crystal Palace,Sunderland,0,4,A,1.7,3.9,5.5,1.97,1.83,-1.0,2.21,1.69,0.0265,0.0442,0.0541
2016,2017-02-04,Everton,Bournemouth,6,3,H,1.7,4.0,5.25,1.8,2.01,-0.5,1.7,2.23,0.0287,0.0367,0.0531
2016,2017-02-04,Hull,Liverpool,2,0,H,8.0,4.75,1.45,1.72,2.12,1.0,2.14,1.75,0.0252,0.0387,0.0531
2016,2017-02-04,Southampton,West Ham,1,3,A,1.85,3.75,4.5,1.99,1.82,-0.5,1.83,2.05,0.0294,0.0343,0.052
2016,2017-02-04,Tottenham,Middlesbrough,1,0,H,1.29,6.0,13.0,1.76,2.06,-1.5,1.81,2.05,0.0188,0.0403,0.0536
2016,2017-02-04,Watford,Burnley,2,1,H,2.15,3.3,3.9,2.36,1.59,-0.25,1.79,2.1,0.0246,0.0348,0.0527
2016,2017-02-04,West Bromwich Albion,Stoke,1,0,H,2.3,3.25,3.5,2.24,1.65,-0.25,1.95,1.92,0.0282,0.0337,0.0525
2016,2017-02-05,Leicester,Manchester United,0,3,A,5.75,4.0,1.65,2.05,1.77,1.0,1.71,2.19,0.03,0.0414,0.0528
2016,2017-02-05,Manchester City,Swansea,2,1,H,1.22,7.0,15.0,1.39,2.94,-2.0,1.97,1.89,0.0292,0.0367,0.0596
2016,2017-02-11,Arsenal,Hull,2,0,H,1.29,6.0,13.0,1.51,2.56,-1.5,1.76,2.12,0.0188,0.0399,0.0529
2016,2017-02-11,Liverpool,Tottenham,2,0,H,2.3,3.4,3.4,1.91,1.91,-0.25,1.9,1.97,0.023,0.0339,0.0471
2016,2017-02-11,Manchester United,Watford,2,0,H,1.25,6.5,14.0,1.66,2.22,-1.5,1.73,2.16,0.0253,0.041,0.0529
2016,2017-02-11,Middlesbrough,Everton,0,0,D,3.9,3.3,2.15,2.31,1.62,0.25,2.04,1.83,0.0246,0.0366,0.0502
2016,2017-02-11,Stoke,Crystal Palace,1,0,H,2.15,3.3,3.9,2.07,1.77,-0.25,1.81,2.08,0.0246,0.0333,0.0481
2016,2017-02-11,Sunderland,Southampton,0,4,A,3.9,3.4,2.1,2.06,1.76,0.5,1.84,2.04,0.0267,0.0337,0.0536
2016,2017-02-11,West Ham,West Bromwich Albion,2,2,D,2.25,3.3,3.6,2.05,1.78,-0.25,1.9,1.97,0.0253,0.0339,0.0496
2016,2017-02-12,Burnley,Chelsea,1,1,D,9.0,5.0,1.4,1.91,1.9,1.0,2.25,1.68,0.0254,0.0397,0.0499
2016,2017-02-12,Swansea,Leicester,2,0,H,2.4,3.3,3.25,2.01,1.81,-0.25,2.03,1.85,0.0274,0.0332,0.05
2016,2017-02-13,Bournemouth,Manchester City,0,2,A,7.5,5.0,1.44,1.52,2.52,1.5,1.69,2.22,0.0278,0.0422,0.0547
2016,2017-02-25,Chelsea,Swansea,3,1,H,1.25,6.5,15.0,1.61,2.31,-1.75,1.92,1.94,0.0205,0.0363,0.054
2016,2017-02-25,Crystal Palace,Middlesbrough,1,0,H,2.1,3.2,4.2,2.68,1.46,-0.25,1.76,2.13,0.0268,0.0377,0.0581
2016,2017-02-25,Everton,Sunderland,2,0,H,1.4,5.25,8.5,1.63,2.27,-1.25,1.86,2.0,0.0224,0.0376,0.054
2016,2017-02-25,Hull,Burnley,1,1,D,2.15,3.3,3.9,2.3,1.62,-0.25,1.83,2.05,0.0246,0.0343,0.0521
2016,2017-02-25,Watford,West Ham,1,1,D,2.63,3.3,2.9,2.0,1.82,-0.25,2.16,1.73,0.0281,0.041,0.0495
2016,2017-02-25,West Bromwich Albion,Bournemouth,2,1,H,2.1,3.4,4.0,2.01,1.81,-0.5,2.05,1.83,0.0203,0.0343,0.05
2016,2017-02-26,Tottenham,Stoke,4,0,H,1.44,5.0,7.5,1.65,2.23,-1.5,2.16,1.72,0.0278,0.0444,0.0545
2016,2017-02-27,Leicester,Liverpool,3,1,H,5.5,4.2,1.65,1.76,2.06,1.0,1.82,2.03,0.026,0.0421,0.0536
2016,2017-03-04,Leicester,Hull,3,1,H,1.85,3.6,4.75,2.05,1.77,-0.5,1.84,2.05,0.0288,0.0313,0.0528
2016,2017-03-04,Liverpool,Arsenal,3,1,H,2.15,3.6,3.6,1.71,2.14,-0.25,1.82,2.06,0.0207,0.0349,0.0521
2016,2017-03-04,Manchester United,Bournemouth,1,1,D,1.25,6.5,15.0,1.57,2.4,-1.75,1.93,1.93,0.0205,0.0363,0.0536
2016,2017-03-04,Stoke,Middlesbrough,2,0,H,1.95,3.4,4.5,2.38,1.58,-0.5,1.93,1.94,0.0292,0.0336,0.0531
2016,2017-03-04,Swansea,Burnley,3,2,H,2.0,3.5,4.2,2.16,1.69,-0.5,2.01,1.86,0.0238,0.0351,0.0547
2016,2017-03-04,Watford,Southampton,3,4,A,3.6,3.4,2.2,2.25,1.65,0.25,1.98,1.88,0.0264,0.037,0.0505
2016,2017-03-04,West Bromwich Albion,Crystal Palace,0,2,A,2.2,3.3,3.8,2.37,1.58,-0.25,1.86,2.01,0.0207,0.0351,0.0549
2016,2017-03-05,Sunderland,Manchester City,0,2,A,11.0,6.5,1.29,1.46,2.71,1.5,2.11,1.76,0.0199,0.0421,0.0539
2016,2017-03-05,Tottenham,Everton,3,2,H,1.67,4.2,5.25,1.76,2.07,-1.0,2.07,1.8,0.0274,0.0386,0.0513
2016,2017-03-06,West Ham,Chelsea,1,2,A,6.0,4.1,1.62,1.83,1.98,1.0,1.8,2.06,0.0279,0.041,0.0515
2016,2017-03-08,Manchester City,Stoke,0,0,D,1.25,6.5,15.0,1.44,2.74,-1.75,1.81,2.06,0.0205,0.0379,0.0594
2016,2017-03-11,Bournemouth,West Ham,3,2,H,2.6,3.5,2.8,1.72,2.12,-0.25,2.22,1.7,0.0275,0.0387,0.0531
2016,2017-03-11,Everton,West Bromwich Albion,3,0,H,1.67,3.8,6.0,2.02,1.79,-0.5,1.64,2.34,0.0286,0.0371,0.0537
2016,2017-03-11,Hull,Swansea,2,1,H,2.55,3.3,3.0,2.04,1.78,-0.25,2.13,1.76,0.0285,0.0377,0.052
2016,2017-03-12,Liverpool,Burnley,2,1,H,1.25,6.5,14.0,1.54,2.45,-1.5,1.69,2.22,0.0253,0.0422,0.0575
2016,2017-03-18,Bournemouth,Swansea,2,0,H,2.15,3.5,3.6,1.72,2.11,-0.25,1.85,2.02,0.0286,0.0356,0.0553
2016,2017-03-18,Crystal Palace,Watford,1,0,H,1.91,3.5,4.75,2.16,1.69,-0.5,1.91,1.95,0.0198,0.0364,0.0547
2016,2017-03-18,Everton,Hull,4,0,H,1.53,4.33,7.0,1.8,2.01,-1.0,1.84,2.01,0.0274,0.041,0.0531
2016,2017-03-18,Stoke,Chelsea,1,2,A,6.5,4.0,1.62,2.01,1.81,1.0,1.81,2.05,0.0211,0.0403,0.05
2016,2017-03-18,Sunderland,Burnley,0,0,D,2.55,3.3,3.0,2.15,1.7,0.0,1.79,2.08,0.0285,0.0394,0.0534
2016,2017-03-18,West Bromwich Albion,Arsenal,3,1,H,5.25,4.0,1.73,1.78,2.03,0.75,1.96,1.9,0.0185,0.0365,0.0544
2016,2017-03-18,West Ham,Leicester,2,3,A,2.3,3.5,3.3,1.8,2.01,-0.25,1.98,1.88,0.0235,0.037,0.0531
2016,2017-03-19,Manchester City,Liverpool,1,1,D,2.0,3.75,3.8,1.65,2.22,-0.5,1.95,1.91,0.0298,0.0364,0.0565
2016,2017-03-19,Middlesbrough,Manchester United,1,3,A,6.0,3.7,1.7,2.18,1.68,1.0,1.68,2.24,0.0252,0.0417,0.054
2016,2017-03-19,Tottenham,Southampton,2,1,H,1.73,3.8,5.5,1.88,1.92,-1.0,2.23,1.68,0.023,0.0437,0.0527
2016,2017-04-01,Burnley,Tottenham,0,2,A,5.75,3.8,1.7,2.01,1.8,1.0,1.69,2.22,0.0253,0.0422,0.0531
2016,2017-04-01,Chelsea,Crystal Palace,1,2,A,1.3,5.75,12.0,1.81,2.0,-1.5,1.9,1.96,0.0265,0.0365,0.0525
2016,2017-04-01,Hull,West Ham,2,1,H,2.45,3.4,3.1,1.83,1.97,-0.25,2.1,1.79,0.0249,0.0348,0.0541
2016,2017-04-01,Leicester,Stoke,2,0,H,2.05,3.5,4.0,1.96,1.84,-0.5,2.04,1.84,0.0235,0.0337,0.0537
2016,2017-04-01,Liverpool,Everton,3,1,H,1.73,3.9,5.25,1.73,2.1,-0.75,1.89,1.98,0.0249,0.0342,0.0542
2016,2017-04-01,Manchester United,West Bromwich Albion,0,0,D,1.36,5.0,11.0,1.85,1.95,-1.5,2.1,1.77,0.0262,0.0412,0.0534
2016,2017-04-01,Southampton,Bournemouth,0,0,D,1.65,4.0,6.0,1.73,2.1,-1.0,2.1,1.78,0.0227,0.038,0.0542
2016,2017-04-01,Watford,Sunderland,1,0,H,1.85,3.6,4.75,2.04,1.77,-0.5,1.83,2.05,0.0288,0.0343,0.0552
2016,2017-04-02,Arsenal,Manchester City,2,2,D,3.1,3.75,2.3,1.58,2.36,0.25,1.91,1.95,0.024,0.0364,0.0566
2016,2017-04-02,Swansea,Middlesbrough,0,0,D,2.0,3.4,4.33,2.17,1.68,-0.5,1.94,1.93,0.0251,0.0336,0.0561
2016,2017-04-04,Burnley,Stoke,1,0,H,2.5,3.1,3.3,2.36,1.59,-0.25,2.08,1.81,0.0256,0.0333,0.0527
2016,2017-04-04,Leicester,Sunderland,2,0,H,1.45,4.5,8.5,1.76,2.06,-1.5,2.31,1.64,0.0295,0.0427,0.0536
2016,2017-04-04,Manchester United,Everton,1,1,D,1.57,4.2,6.5,1.88,1.93,-1.0,1.96,1.89,0.0289,0.0393,0.05
2016,2017-04-04,Watford,West Bromwich Albion,2,0,H,2.5,3.2,3.2,2.31,1.61,-0.25,2.1,1.79,0.025,0.0348,0.054
2016,2017-04-05,Arsenal,West Ham,3,0,H,1.4,5.25,8.0,1.42,2.8,-1.5,2.03,1.82,0.0298,0.0421,0.0614
2016,2017-04-05,Chelsea,Manchester City,2,1,H,2.4,3.5,3.1,1.74,2.09,-0.25,2.03,1.84,0.025,0.0361,0.0532
2016,2017-04-05,Hull,Middlesbrough,4,2,H,2.05,3.3,4.2,2.36,1.59,-0.5,2.03,1.84,0.0289,0.0361,0.0527
2016,2017-04-05,Liverpool,Bournemouth,2,2,D,1.36,5.25,9.5,1.48,2.63,-1.5,2.07,1.79,0.031,0.0418,0.0559
2016,2017-04-05,Southampton,Crystal Palace,3,1,H,1.83,3.7,4.75,2.05,1.76,-0.5,1.81,2.06,0.0272,0.0379,0.056
2016,2017-04-05,Swansea,Tottenham,1,3,A,5.0,4.0,1.73,1.82,1.98,1.0,1.67,2.25,0.028,0.0432,0.0545
2016,2017-04-08,Bournemouth,Chelsea,1,3,A,6.5,4.0,1.6,1.8,2.01,1.0,1.87,1.99,0.0288,0.0373,0.0531
2016,2017-04-08,Manchester City,Hull,3,1,H,1.2,7.5,17.0,1.4,2.91,-2.0,1.91,1.95,0.0255,0.0364,0.0579
2016,2017-04-08,Middlesbrough,Burnley,0,0,D,2.45,3.1,3.4,2.42,1.55,-0.25,2.04,1.84,0.0249,0.0337,0.0584
2016,2017-04-08,Stoke,Liverpool,1,2,A,4.0,3.75,1.95,1.85,1.97,0.5,1.93,1.94,0.0295,0.0336,0.0482
2016,2017-04-08,Tottenham,Watford,4,0,H,1.25,6.5,15.0,1.58,2.38,-1.75,1.9,1.97,0.0205,0.0339,0.0531
2016,2017-04-08,West Bromwich Albion,Southampton,0,1,A,3.0,3.3,2.55,2.23,1.65,0.25,1.77,2.12,0.0285,0.0367,0.0545
2016,2017-04-08,West Ham,Swansea,1,0,H,2.1,3.6,3.7,1.79,2.02,-0.25,1.79,2.09,0.0242,0.0371,0.0537
2016,2017-04-09,Everton,Leicester,4,2,H,1.75,3.9,5.0,1.79,2.02,-0.75,1.93,1.94,0.0278,0.0336,0.0537
2016,2017-04-09,Sunderland,Manchester United,0,3,A,10.0,5.25,1.36,1.75,2.08,1.5,1.87,1.99,0.0258,0.0373,0.0522
2016,2017-04-10,Crystal Palace,Arsenal,3,0,H,4.5,3.9,1.83,1.64,2.25,0.75,1.83,2.05,0.0251,0.0343,0.0542
2016,2017-04-15,Crystal Palace,Leicester,2,2,D,1.73,3.6,4.75,1.96,1.85,-0.75,1.99,1.88,0.0663,0.0344,0.0507
2016,2017-04-15,Everton,Burnley,3,1,H,1.4,4.5,8.0,1.83,1.98,-1.0,1.71,2.18,0.0615,0.0435,0.0515
2016,2017-04-15,Southampton,Manchester City,0,3,A,4.33,4.0,1.73,1.64,2.25,0.75,1.87,2.0,0.059,0.0348,0.0542
2016,2017-04-15,Stoke,Hull,3,1,H,1.95,3.3,4.0,2.08,1.75,-0.5,1.96,1.93,0.0659,0.0283,0.0522
2016,2017-04-15,Sunderland,West Ham,2,2,D,3.3,3.25,2.2,1.8,2.01,0.25,1.91,1.96,0.0653,0.0338,0.0531
2016,2017-04-15,Tottenham,Bournemouth,4,0,H,1.25,6.0,10.0,1.42,2.8,-1.75,1.92,1.95,0.0667,0.0337,0.0614
2016,2017-04-15,Watford,Swansea,1,0,H,2.4,3.3,2.9,2.07,1.75,-0.25,2.11,1.79,0.0645,0.0326,0.0545
2016,2017-04-16,Manchester United,Chelsea,2,0,H,2.55,3.2,2.8,2.24,1.65,0.0,1.82,2.04,0.0618,0.0396,0.0525
2016,2017-04-16,West Bromwich Albion,Liverpool,0,1,A,4.0,3.8,1.8,1.92,1.89,0.5,2.0,1.87,0.0687,0.0348,0.0499
2016,2017-04-17,Middlesbrough,Arsenal,1,2,A,7.0,4.0,1.5,1.71,2.12,1.0,1.96,1.9,0.0595,0.0365,0.0565
2016,2017-04-22,Bournemouth,Middlesbrough,4,0,H,1.85,3.75,4.5,1.86,1.94,-0.5,1.86,2.01,0.0294,0.0351,0.0531
2016,2017-04-22,Hull,Watford,2,0,H,1.91,3.7,4.33,1.99,1.83,-0.5,1.9,1.98,0.0248,0.0314,0.049
2016,2017-04-22,Swansea,Stoke,2,0,H,2.2,3.4,3.6,2.06,1.75,-0.25,1.86,2.01,0.0264,0.0351,0.0569
2016,2017-04-22,West Ham,Everton,0,0,D,3.3,3.6,2.25,1.69,2.15,0.25,1.93,1.93,0.0253,0.0363,0.0568
2016,2017-04-23,Burnley,Manchester United,0,2,A,5.75,4.0,1.67,2.15,1.7,1.0,1.69,2.22,0.0227,0.0422,0.0534
2016,2017-04-23,Liverpool,Crystal Palace,1,2,A,1.5,4.75,7.0,1.64,2.26,-1.0,1.78,2.09,0.0201,0.0403,0.0522
2016,2017-04-25,Chelsea,Southampton,4,2,H,1.45,4.6,8.5,1.78,2.04,-1.5,2.32,1.64,0.0247,0.0408,0.052
2016,2017-04-26,Arsenal,Leicester,1,0,H,1.6,4.5,5.75,1.45,2.71,-1.0,1.98,1.89,0.0211,0.0342,0.0587
2016,2017-04-26,Crystal Palace,Tottenham,0,1,A,5.5,4.2,1.65,1.62,2.28,1.0,1.79,2.08,0.026,0.0394,0.0559
2016,2017-04-26,Middlesbrough,Sunderland,1,0,H,2.3,3.4,3.4,2.04,1.78,-0.25,1.92,1.96,0.023,0.031,0.052
2016,2017-04-27,Manchester City,Manchester United,0,0,D,1.91,3.75,4.2,1.8,2.01,-0.5,1.86,2.02,0.0283,0.0327,0.0531
2016,2017-04-29,Crystal Palace,Burnley,0,2,A,1.75,3.5,4.75,2.09,1.74,-0.5,1.79,2.1,0.0677,0.0348,0.0532
2016,2017-04-29,Southampton,Hull,0,0,D,1.6,3.75,5.75,1.79,2.02,-1.0,2.14,1.74,0.0656,0.042,0.0537
2016,2017-04-29,Stoke,West Ham,0,0,D,2.0,3.5,3.6,1.87,1.94,-0.5,2.07,1.81,0.0635,0.0356,0.0502
2016,2017-04-29,Sunderland,Bournemouth,0,1,A,3.0,3.4,2.3,1.72,2.11,0.25,1.83,2.05,0.0622,0.0343,0.0553
2016,2017-04-29,West Bromwich Albion,Leicester,0,1,A,2.4,3.5,2.75,2.0,1.8,-0.25,2.14,1.75,0.066,0.0387,0.0556
2016,2017-04-30,Everton,Chelsea,0,3,A,3.5,3.6,2.0,1.83,1.98,0.25,2.13,1.75,0.0635,0.0409,0.0515
2016,2017-04-30,Manchester United,Swansea,1,1,D,1.36,4.75,8.0,1.78,2.03,-1.5,2.14,1.74,0.0708,0.042,0.0544
2016,2017-04-30,Middlesbrough,Manchester City,2,2,D,13.0,5.25,1.25,1.5,2.55,1.5,2.07,1.79,0.0674,0.0418,0.0588
2016,2017-04-30,Tottenham,Arsenal,2,0,H,1.85,3.75,4.0,1.54,2.44,-0.5,1.87,2.01,0.0572,0.0323,0.0592
2016,2017-05-01,Watford,Liverpool,0,1,A,5.75,4.5,1.5,1.67,2.17,1.0,1.95,1.91,0.0628,0.0364,0.0596
2016,2017-05-05,West Ham,Tottenham,1,0,H,8.5,5.25,1.4,1.61,2.33,1.5,1.85,2.01,0.0224,0.0381,0.0503
2016,2017-05-06,Bournemouth,Stoke,2,2,D,2.25,3.6,3.3,1.73,2.11,-0.25,1.91,1.97,0.0253,0.0312,0.052
2016,2017-05-06,Burnley,West Bromwich Albion,2,2,D,2.25,3.3,3.6,2.44,1.55,-0.25,1.93,1.94,0.0253,0.0336,0.055
2016,2017-05-06,Hull,Sunderland,0,2,A,1.44,4.75,8.0,1.77,2.05,-1.0,1.74,2.16,0.03,0.0377,0.0528
2016,2017-05-06,Leicester,Watford,3,0,H,1.57,4.2,6.5,1.81,2.0,-1.0,1.99,1.88,0.0289,0.0344,0.0525
2016,2017-05-06,Manchester City,Crystal Palace,5,0,H,1.29,6.5,11.0,1.35,3.15,-1.75,1.93,1.93,0.0199,0.0363,0.0582
2016,2017-05-06,Swansea,Everton,1,0,H,2.8,3.5,2.63,1.86,1.95,0.25,1.7,2.23,0.0231,0.0367,0.0505
2016,2017-05-07,Arsenal,Manchester United,2,0,H,1.91,3.7,4.33,1.85,1.95,-0.5,1.92,1.97,0.0248,0.0284,0.0534
2016,2017-05-07,Liverpool,Southampton,0,0,D,1.62,4.2,6.0,1.66,2.21,-1.0,2.0,1.87,0.022,0.0348,0.0549
2016,2017-05-08,Chelsea,Middlesbrough,3,0,H,1.17,9.0,19.0,1.49,2.59,-2.0,1.77,2.19,0.0184,0.0216,0.0572
2016,2017-05-10,Southampton,Arsenal,0,2,A,3.6,3.8,2.05,1.68,2.17,0.5,1.84,2.04,0.0287,0.0337,0.0561
2016,2017-05-12,Everton,Watford,1,0,H,1.5,4.5,7.5,1.72,2.12,-1.25,1.99,1.88,0.0222,0.0344,0.0531
2016,2017-05-12,West Bromwich Albion,Chelsea,0,1,A,10.0,5.25,1.36,1.83,1.99,1.25,2.02,1.85,0.0258,0.0356,0.049
2016,2017-05-13,Bournemouth,Burnley,2,1,H,1.91,3.75,4.2,1.76,2.06,-0.5,1.91,1.97,0.0283,0.0312,0.0536
2016,2017-05-13,Manchester City,Leicester,2,1,H,1.25,7.0,12.0,1.35,3.17,-2.0,1.95,1.9,0.0262,0.0391,0.0562
2016,2017-05-13,Middlesbrough,Southampton,1,2,A,4.0,3.6,2.0,1.96,1.85,0.5,1.89,1.98,0.0278,0.0342,0.0507
2016,2017-05-13,Stoke,Arsenal,1,4,A,4.75,4.1,1.75,1.6,2.33,0.75,1.91,1.95,0.0259,0.0364,0.0542
2016,2017-05-13,Sunderland,Swansea,0,2,A,4.2,3.8,1.91,1.85,1.96,0.5,1.96,1.91,0.0248,0.0338,0.0507
2016,2017-05-14,Crystal Palace,Hull,4,0,H,2.1,3.6,3.75,1.95,1.86,-0.5,2.06,1.83,0.0206,0.0319,0.0505
2016,2017-05-14,Tottenham,Manchester United,2,1,H,1.73,3.9,5.25,1.93,1.87,-0.75,1.88,1.98,0.0249,0.037,0.0529
2016,2017-05-14,West Ham,Liverpool,0,4,A,5.25,4.0,1.7,1.81,2.0,0.75,2.03,1.84,0.0287,0.0361,0.0525
2016,2017-05-15,Chelsea,Watford,4,3,H,1.25,6.75,13.0,1.46,2.69,-1.75,1.82,2.06,0.0251,0.0349,0.0567
2016,2017-05-16,Arsenal,Sunderland,2,0,H,1.09,13.0,29.0,1.25,3.87,-2.75,1.93,1.95,0.0288,0.031,0.0584
2016,2017-05-16,Manchester City,West Bromwich Albion,3,1,H,1.14,9.0,23.0,1.32,3.37,-2.5,1.95,1.92,0.0318,0.0337,0.0543
2016,2017-05-17,Southampton,Manchester United,0,0,D,2.75,3.3,2.8,2.06,1.76,0.0,1.91,1.95,0.0238,0.0364,0.0536
2016,2017-05-18,Leicester,Tottenham,1,6,A,4.5,3.8,1.85,1.73,2.11,0.5,2.03,1.84,0.0259,0.0361,0.052
2016,2017-05-21,Arsenal,Everton,3,1,H,1.45,5.0,7.5,1.45,2.71,-1.25,1.84,2.02,0.023,0.0385,0.0587
2016,2017-05-21,Burnley,West Ham,1,2,A,2.45,3.5,3.0,1.81,2.0,-0.25,2.03,1.85,0.0272,0.0332,0.0525
2016,2017-05-21,Chelsea,Sunderland,5,1,H,1.14,9.0,23.0,1.41,2.83,-2.25,1.95,1.92,0.0318,0.0337,0.0626
2016,2017-05-21,Hull,Tottenham,1,7,A,7.0,4.75,1.5,1.6,2.32,1.0,2.01,1.85,0.0201,0.0381,0.056
2016,2017-05-21,Leicester,Bournemouth,1,1,D,2.0,3.6,4.0,1.64,2.23,-0.5,1.89,1.98,0.0278,0.0342,0.0582
2016,2017-05-21,Liverpool,Middlesbrough,3,0,H,1.14,9.0,23.0,1.44,2.73,-2.5,1.97,1.9,0.0318,0.0339,0.0607
2016,2017-05-21,Manchester United,Crystal Palace,2,0,H,2.5,3.3,3.1,1.99,1.81,-0.25,2.11,1.79,0.0256,0.0326,0.055
2016,2017-05-21,Southampton,Stoke,0,1,A,1.8,3.8,4.75,1.8,2.01,-0.75,1.98,1.88,0.0292,0.037,0.0531
2016,2017-05-21,Swansea,West Bromwich Albion,2,1,H,2.1,3.5,3.75,1.83,1.98,-0.5,2.06,1.82,0.0286,0.0349,0.0515
2016,2017-05-21,Watford,Manchester City,0,5,A,11.0,6.0,1.3,1.42,2.8,1.75,1.94,1.93,0.0268,0.0336,0.0614
2017,2017-08-11,Arsenal,Leicester,4,3,H,1.53,4.5,6.5,1.61,2.32,-1.0,1.85,2.02,0.0297,0.0356,0.0522
2017,2017-08-12,Brighton,Manchester City,0,2,A,11.0,5.5,1.33,1.63,2.27,1.5,1.91,1.96,0.0246,0.0338,0.054
2017,2017-08-12,Chelsea,Burnley,2,3,A,1.25,6.5,15.0,1.66,2.23,-1.75,1.97,1.9,0.0205,0.0339,0.0508
2017,2017-08-12,Crystal Palace,Huddersfield,0,3,A,1.83,3.6,5.0,2.11,1.72,-0.75,2.05,1.83,0.0242,0.0343,0.0553
2017,2017-08-12,Everton,Stoke,1,0,H,1.7,3.8,5.75,2.08,1.76,-0.75,1.9,1.98,0.0253,0.0314,0.049
2017,2017-08-12,Southampton,Swansea,0,0,D,1.62,4.0,6.5,2.08,1.75,-0.75,1.78,2.1,0.0211,0.038,0.0522
2017,2017-08-12,Watford,Liverpool,3,3,D,6.0,4.2,1.62,1.82,1.99,1.0,1.84,2.04,0.022,0.0337,0.052
2017,2017-08-12,West Bromwich Albion,Bournemouth,1,0,H,2.4,3.3,3.3,2.16,1.7,-0.25,2.08,1.81,0.0227,0.0333,0.0512
2017,2017-08-13,Manchester United,West Ham,4,0,H,1.3,5.75,12.0,1.7,2.16,-1.5,1.96,1.92,0.0265,0.031,0.0512
2017,2017-08-13,Newcastle United,Tottenham,0,2,A,5.5,4.0,1.7,1.81,2.01,0.75,2.0,1.87,0.0201,0.0348,0.05
2017,2017-08-19,Bournemouth,Watford,0,2,A,2.0,3.6,4.0,1.82,2.01,-0.5,1.96,1.93,0.0278,0.0283,0.047
2017,2017-08-19,Burnley,West Bromwich Albion,0,1,A,2.63,3.2,3.0,2.46,1.54,-0.25,2.19,1.74,0.0261,0.0313,0.0559
2017,2017-08-19,Leicester,Brighton,2,0,H,1.73,3.8,5.5,1.96,1.86,-0.75,1.94,1.93,0.023,0.0336,0.0478
2017,2017-08-19,Liverpool,Crystal Palace,1,0,H,1.36,5.25,9.5,1.57,2.4,-1.5,2.07,1.82,0.031,0.0325,0.0536
2017,2017-08-19,Southampton,West Ham,3,2,H,1.75,3.8,5.25,1.84,1.98,-0.75,1.91,1.96,0.0251,0.0338,0.0485
2017,2017-08-19,Stoke,Arsenal,1,0,H,4.5,3.8,1.85,1.8,2.03,0.5,2.06,1.83,0.0259,0.0319,0.0482
2017,2017-08-19,Swansea,Manchester United,0,4,A,11.0,5.0,1.36,1.9,1.93,1.25,2.11,1.78,0.0262,0.0357,0.0445
2017,2017-08-20,Huddersfield,Newcastle United,1,0,H,2.5,3.25,3.2,2.22,1.67,-0.25,2.08,1.81,0.0202,0.0333,0.0493
2017,2017-08-20,Tottenham,Chelsea,1,2,A,2.1,3.6,3.75,1.9,1.92,-0.5,2.07,1.83,0.0206,0.0295,0.0471
2017,2017-08-21,Manchester City,Everton,1,1,D,1.33,5.75,10.0,1.61,2.33,-1.5,1.87,2.0,0.0258,0.0348,0.0503
2017,2017-08-26,Bournemouth,Manchester City,1,2,A,11.0,6.0,1.3,1.49,2.59,1.5,2.01,1.88,0.0268,0.0294,0.0572
2017,2017-08-26,Crystal Palace,Swansea,0,2,A,1.95,3.5,4.33,2.15,1.71,-0.25,1.69,2.28,0.0295,0.0303,0.0499
2017,2017-08-26,Huddersfield,Southampton,0,0,D,3.9,3.4,2.1,2.19,1.68,0.25,2.12,1.78,0.0267,0.0335,0.0519
2017,2017-08-26,Manchester United,Leicester,2,0,H,1.33,5.5,11.0,1.65,2.25,-1.5,1.99,1.9,0.0246,0.0288,0.0505
2017,2017-08-26,Newcastle United,West Ham,3,0,H,2.3,3.4,3.4,1.94,1.88,-0.25,1.97,1.92,0.023,0.0284,0.0474
2017,2017-08-26,Watford,Brighton,0,0,D,1.91,3.4,4.0,2.21,1.67,-0.5,1.97,1.93,0.0677,0.0257,0.0513
2017,2017-08-27,Chelsea,Everton,2,0,H,1.45,4.5,8.5,1.92,1.9,-1.25,2.07,1.82,0.0295,0.0325,0.0471
2017,2017-08-27,Liverpool,Arsenal,4,0,H,2.15,3.7,3.5,1.58,2.38,-0.25,1.86,2.03,0.0211,0.0302,0.0531
2017,2017-08-27,Tottenham,Burnley,1,1,D,1.25,6.5,15.0,1.66,2.23,-1.75,1.94,1.95,0.0205,0.0283,0.0508
2017,2017-08-27,West Bromwich Albion,Stoke,1,1,D,2.4,3.1,3.5,2.59,1.5,-0.25,2.01,1.88,0.025,0.0294,0.0528
2017,2017-09-09,Arsenal,Bournemouth,3,0,H,1.36,5.5,9.0,1.4,2.89,-1.25,1.76,2.15,0.0282,0.0333,0.0603
2017,2017-09-09,Brighton,West Bromwich Albion,3,1,H,2.7,3.1,3.0,2.6,1.49,-0.25,2.22,1.71,0.0263,0.0352,0.0558
2017,2017-09-09,Everton,Tottenham,0,3,A,3.8,3.5,2.1,2.04,1.79,0.25,2.12,1.79,0.0251,0.0304,0.0489
2017,2017-09-09,Leicester,Chelsea,1,2,A,4.75,3.9,1.8,1.86,1.96,0.75,1.83,2.06,0.0225,0.0319,0.0478
2017,2017-09-09,Manchester City,Liverpool,5,0,H,1.85,4.0,4.2,1.53,2.51,-0.5,1.87,2.02,0.0286,0.0298,0.052
2017,2017-09-09,Southampton,Watford,0,2,A,1.65,4.0,6.0,1.97,1.85,-0.75,1.84,2.05,0.0227,0.0313,0.0482
2017,2017-09-09,Stoke,Manchester United,2,2,D,7.5,4.5,1.5,1.88,1.94,1.0,2.05,1.84,0.0222,0.0313,0.0474
2017,2017-09-10,Burnley,Crystal Palace,1,0,H,2.3,3.25,3.5,2.35,1.59,-0.25,1.98,1.9,0.0282,0.0314,0.0545
2017,2017-09-10,Swansea,Newcastle United,0,1,A,2.4,3.25,3.3,2.17,1.7,-0.25,2.03,1.86,0.0274,0.0302,0.0491
2017,2017-09-11,West Ham,Huddersfield,2,0,H,1.95,3.5,4.5,1.99,1.83,-0.5,1.92,1.96,0.0208,0.031,0.049
2017,2017-09-15,Bournemouth,Brighton,2,1,H,2.15,3.4,3.8,2.06,1.77,-0.25,1.83,2.05,0.0224,0.0343,0.0504
2017,2017-09-16,Crystal Palace,Southampton,0,1,A,3.0,3.3,2.6,2.3,1.62,0.0,2.07,1.81,0.021,0.0356,0.0521
2017,2017-09-16,Huddersfield,Leicester,1,1,D,3.5,3.4,2.25,2.05,1.77,0.25,1.94,1.93,0.0243,0.0336,0.0528
2017,2017-09-16,Liverpool,Burnley,1,1,D,1.29,6.0,13.0,1.55,2.44,-1.75,1.94,1.92,0.0188,0.0363,0.055
2017,2017-09-16,Newcastle United,Stoke,2,1,H,2.38,3.25,3.4,2.17,1.69,-0.25,1.99,1.88,0.022,0.0344,0.0525
2017,2017-09-16,Tottenham,Swansea,0,0,D,1.22,7.0,15.0,1.54,2.46,-1.75,1.86,2.02,0.0292,0.0327,0.0559
2017,2017-09-16,Watford,Manchester City,0,6,A,9.0,6.0,1.33,1.5,2.57,1.5,1.9,1.98,0.0297,0.0314,0.0558
2017,2017-09-16,West Bromwich Albion,West Ham,0,0,D,2.38,3.25,3.4,2.2,1.68,-0.25,1.99,1.89,0.022,0.0316,0.0498
2017,2017-09-17,Chelsea,Arsenal,0,0,D,1.8,4.0,4.5,1.62,2.3,-0.75,2.02,1.85,0.0278,0.0356,0.0521
2017,2017-09-17,Manchester United,Everton,4,0,H,1.36,5.25,10.0,1.76,2.07,-1.25,1.75,2.15,0.0258,0.0365,0.0513
2017,2017-09-23,Burnley,Huddersfield,0,0,D,2.15,3.25,3.9,2.4,1.57,-0.25,1.85,2.03,0.0292,0.0332,0.0536
2017,2017-09-23,Everton,Bournemouth,2,1,H,1.65,4.0,5.75,1.85,1.96,-0.75,1.88,2.0,0.03,0.0319,0.0507
2017,2017-09-23,Leicester,Liverpool,2,3,A,4.1,3.9,1.91,1.69,2.18,0.75,1.78,2.11,0.0239,0.0357,0.0504
2017,2017-09-23,Manchester City,Crystal Palace,5,0,H,1.14,10.0,21.0,1.36,3.13,-2.25,1.86,2.02,0.0248,0.0327,0.0548
2017,2017-09-23,Southampton,Manchester United,0,1,A,5.5,3.8,1.73,2.03,1.78,0.75,1.91,1.96,0.023,0.0338,0.0544
2017,2017-09-23,Stoke,Chelsea,0,4,A,6.0,4.1,1.62,1.78,2.05,0.75,2.13,1.77,0.0279,0.0345,0.0496
2017,2017-09-23,Swansea,Watford,1,2,A,2.4,3.3,3.25,2.09,1.75,-0.25,2.01,1.87,0.0274,0.0323,0.0499
2017,2017-09-23,West Ham,Tottenham,2,3,A,6.0,4.33,1.6,1.69,2.18,1.0,1.86,2.01,0.0226,0.0351,0.0504
2017,2017-09-24,Brighton,Newcastle United,1,0,H,2.8,3.1,2.9,2.4,1.57,-0.25,2.3,1.66,0.0246,0.0372,0.0536
2017,2017-09-25,Arsenal,West Bromwich Albion,2,0,H,1.33,5.5,11.0,1.64,2.25,-1.5,2.0,1.88,0.0246,0.0319,0.0542
2017,2017-09-30,Bournemouth,Leicester,0,0,D,2.8,3.25,2.5,1.81,2.01,0.0,2.02,1.85,0.0648,0.0356,0.05
2017,2017-09-30,Chelsea,Manchester City,0,1,A,2.75,3.3,2.5,1.7,2.15,0.0,2.04,1.84,0.0667,0.0337,0.0534
2017,2017-09-30,Huddersfield,Tottenham,0,4,A,8.5,4.75,1.36,1.74,2.1,1.25,1.98,1.9,0.0635,0.0314,0.0509
2017,2017-09-30,Manchester United,Crystal Palace,4,0,H,1.17,7.0,15.0,1.58,2.36,-2.0,1.89,1.98,0.0642,0.0342,0.0566
2017,2017-09-30,Stoke,Southampton,2,1,H,2.88,3.2,2.45,2.17,1.69,0.25,1.75,2.14,0.0679,0.0387,0.0525
2017,2017-09-30,West Bromwich Albion,Watford,2,2,D,2.15,3.2,3.5,2.44,1.55,-0.25,1.92,1.96,0.0633,0.031,0.055
2017,2017-09-30,West Ham,Swansea,1,0,H,1.8,3.5,4.5,2.01,1.81,-0.5,1.87,2.0,0.0635,0.0348,0.05
2017,2017-10-01,Arsenal,Brighton,2,0,H,1.2,6.5,13.0,1.55,2.43,-1.75,1.94,1.93,0.0641,0.0336,0.0567
2017,2017-10-01,Everton,Burnley,0,1,A,1.67,3.6,5.75,2.08,1.75,-0.75,1.86,2.01,0.0505,0.0351,0.0522
2017,2017-10-01,Newcastle United,Liverpool,1,1,D,5.0,3.8,1.67,1.68,2.18,0.75,1.96,1.91,0.062,0.0338,0.054
2017,2017-10-14,Burnley,West Ham,1,1,D,2.75,3.25,2.8,2.22,1.65,-0.25,2.29,1.66,0.0285,0.0391,0.0565
2017,2017-10-14,Crystal Palace,Chelsea,2,1,H,9.0,5.0,1.4,1.81,1.99,1.25,1.89,1.98,0.0254,0.0342,0.055
2017,2017-10-14,Liverpool,Manchester United,0,0,D,2.8,3.25,2.8,1.9,1.91,0.0,1.93,1.94,0.022,0.0336,0.0499
2017,2017-10-14,Manchester City,Stoke,7,2,H,1.14,9.5,21.0,1.31,3.39,-2.5,2.06,1.82,0.0301,0.0349,0.0583
2017,2017-10-14,Swansea,Huddersfield,2,0,H,2.2,3.25,3.75,2.52,1.51,-0.25,1.84,2.04,0.0289,0.0337,0.0591
2017,2017-10-14,Tottenham,Bournemouth,1,0,H,1.2,8.0,15.0,1.38,2.96,-2.0,1.97,1.89,0.025,0.0367,0.0625
2017,2017-10-14,Watford,Arsenal,2,1,H,5.25,4.33,1.65,1.55,2.41,0.75,2.12,1.77,0.0275,0.0367,0.0601
2017,2017-10-15,Brighton,Everton,1,1,D,3.25,3.3,2.4,2.43,1.55,0.25,1.81,2.07,0.0274,0.0356,0.0567
2017,2017-10-15,Southampton,Newcastle United,2,2,D,1.91,3.6,4.5,2.11,1.72,-0.5,1.85,2.03,0.0236,0.0332,0.0553
2017,2017-10-16,Leicester,West Bromwich Albion,1,1,D,2.05,3.4,4.2,2.1,1.73,-0.25,1.71,2.19,0.02,0.0414,0.0542
2017,2017-10-20,West Ham,Brighton,0,3,A,1.83,3.5,5.25,2.24,1.65,-0.75,2.06,1.81,0.0226,0.0379,0.0525
2017,2017-10-21,Chelsea,Watford,4,2,H,1.36,5.25,10.0,1.6,2.32,-1.25,1.85,2.03,0.0258,0.0332,0.056
2017,2017-10-21,Huddersfield,Manchester United,2,1,H,11.0,5.0,1.36,1.95,1.86,1.25,2.05,1.83,0.0262,0.0343,0.0505
2017,2017-10-21,Manchester City,Burnley,3,0,H,1.11,12.0,26.0,1.27,3.66,-2.75,2.0,1.87,0.0227,0.0348,0.0606
2017,2017-10-21,Newcastle United,Crystal Palace,1,0,H,2.0,3.5,4.2,2.05,1.77,-0.25,1.69,2.24,0.0238,0.0381,0.0528
2017,2017-10-21,Southampton,West Bromwich Albion,1,0,H,1.85,3.39,5.25,2.37,1.58,-0.75,2.06,1.81,0.026,0.0379,0.0549
2017,2017-10-21,Stoke,Bournemouth,1,2,A,2.14,3.5,3.6,1.94,1.87,-0.25,1.85,2.03,0.0308,0.0332,0.0502
2017,2017-10-21,Swansea,Leicester,1,2,A,2.79,3.25,2.75,2.11,1.72,0.0,1.97,1.9,0.0298,0.0339,0.0553
2017,2017-10-22,Everton,Arsenal,2,5,A,3.79,3.6,2.04,1.81,2.01,0.25,2.16,1.73,0.0318,0.041,0.05
2017,2017-10-22,Tottenham,Liverpool,4,1,H,2.25,3.5,3.39,1.66,2.23,-0.25,1.88,1.99,0.0251,0.0344,0.0508
2017,2017-10-28,Arsenal,Swansea,2,1,H,1.25,7.0,12.0,1.41,2.83,-2.0,2.01,1.85,0.0262,0.0381,0.0626
2017,2017-10-28,Bournemouth,Chelsea,0,1,A,6.0,4.2,1.61,1.63,2.26,1.0,1.82,2.07,0.0259,0.0325,0.056
2017,2017-10-28,Crystal Palace,West Ham,2,2,D,2.39,3.29,3.29,2.08,1.75,-0.25,2.02,1.86,0.0263,0.0327,0.0522
2017,2017-10-28,Liverpool,Huddersfield,3,0,H,1.25,6.75,13.0,1.48,2.61,-2.0,2.16,1.73,0.0251,0.041,0.0588
2017,2017-10-28,Manchester United,Tottenham,1,0,H,2.14,3.39,3.79,2.15,1.7,-0.25,1.87,2.01,0.0261,0.0323,0.0534
2017,2017-10-28,Watford,Stoke,0,1,A,2.04,3.6,3.79,1.91,1.91,-0.25,1.74,2.16,0.0318,0.0377,0.0471
2017,2017-10-28,West Bromwich Albion,Manchester City,2,3,A,11.0,6.5,1.28,1.53,2.48,1.75,1.93,1.94,0.026,0.0336,0.0568
2017,2017-10-29,Brighton,Southampton,1,1,D,3.29,3.2,2.45,2.44,1.54,0.25,1.83,2.06,0.0246,0.0319,0.0592
2017,2017-10-29,Leicester,Everton,2,0,H,2.14,3.39,3.75,1.94,1.86,-0.25,1.84,2.04,0.0289,0.0337,0.0531
2017,2017-10-30,Burnley,Newcastle United,1,0,H,2.89,3.2,2.7,2.3,1.6,0.0,2.04,1.83,0.0289,0.0366,0.0598
2017,2017-11-04,Huddersfield,West Bromwich Albion,1,0,H,2.79,3.0,3.0,2.75,1.44,-0.25,2.29,1.66,0.0251,0.0391,0.0581
2017,2017-11-04,Newcastle United,Bournemouth,0,1,A,2.0,3.5,4.2,2.01,1.8,-0.5,1.98,1.91,0.0238,0.0286,0.0531
2017,2017-11-04,Southampton,Burnley,0,1,A,1.66,3.75,6.5,2.28,1.63,-0.75,1.84,2.05,0.0229,0.0313,0.0521
2017,2017-11-04,Stoke,Leicester,2,2,D,2.7,3.29,2.87,2.0,1.81,0.0,1.91,1.96,0.0228,0.0338,0.0525
2017,2017-11-04,Swansea,Brighton,0,1,A,2.39,3.2,3.39,2.42,1.56,-0.25,2.03,1.86,0.0259,0.0302,0.0542
2017,2017-11-04,West Ham,Liverpool,1,4,A,5.25,4.33,1.66,1.63,2.28,1.0,1.79,2.08,0.0238,0.0394,0.0521
2017,2017-11-05,Chelsea,Manchester United,1,0,H,2.5,3.2,3.2,2.28,1.62,-0.25,2.11,1.79,0.025,0.0326,0.0559
2017,2017-11-05,Everton,Watford,3,2,H,2.2,3.39,3.6,2.02,1.8,-0.25,1.85,2.03,0.0273,0.0332,0.0506
2017,2017-11-05,Manchester City,Arsenal,3,1,H,1.39,5.5,7.5,1.36,3.1,-1.25,1.87,2.0,0.0346,0.0348,0.0579
2017,2017-11-05,Tottenham,Crystal Palace,1,0,H,1.28,6.0,12.0,1.47,2.63,-1.5,1.84,2.04,0.0312,0.0337,0.0605
2017,2017-11-18,Arsenal,Tottenham,2,0,H,2.5,3.6,2.89,1.62,2.27,-0.25,2.11,1.78,0.0238,0.0357,0.0578
2017,2017-11-18,Bournemouth,Huddersfield,4,0,H,1.83,3.5,5.25,2.16,1.69,-0.5,1.82,2.07,0.0226,0.0325,0.0547
2017,2017-11-18,Burnley,Swansea,2,0,H,2.14,3.2,4.0,2.55,1.5,-0.25,1.78,2.1,0.0298,0.038,0.0588
2017,2017-11-18,Crystal Palace,Everton,2,2,D,2.39,3.25,3.29,2.18,1.68,-0.25,2.0,1.87,0.0301,0.0348,0.054
2017,2017-11-18,Leicester,Manchester City,0,2,A,9.5,5.75,1.33,1.41,2.82,1.5,1.94,1.93,0.0311,0.0336,0.0638
2017,2017-11-18,Liverpool,Southampton,3,0,H,1.39,5.0,9.0,1.65,2.24,-1.25,1.87,2.0,0.0305,0.0348,0.0525
2017,2017-11-18,Manchester United,Newcastle United,4,1,H,1.28,5.75,13.0,1.84,1.98,-1.5,1.9,1.98,0.0321,0.0314,0.0485
2017,2017-11-18,West Bromwich Albion,Chelsea,0,4,A,6.5,4.0,1.61,2.05,1.77,1.0,1.82,2.06,0.025,0.0349,0.0528
2017,2017-11-19,Watford,West Ham,2,0,H,2.1,3.5,3.75,1.89,1.91,-0.25,1.81,2.08,0.0286,0.0333,0.0527
2017,2017-11-20,Brighton,Stoke,2,2,D,2.39,3.2,3.39,2.39,1.57,-0.25,2.02,1.85,0.0259,0.0356,0.0554
2017,2017-11-24,West Ham,Leicester,1,1,D,2.7,3.39,2.75,1.98,1.83,0.25,1.66,2.31,0.029,0.0353,0.0515
2017,2017-11-25,Crystal Palace,Stoke,2,1,H,2.04,3.5,4.0,2.03,1.79,-0.25,1.75,2.15,0.0259,0.0365,0.0513
2017,2017-11-25,Liverpool,Chelsea,1,1,D,2.14,3.6,3.5,1.69,2.17,-0.25,1.83,2.06,0.0308,0.0319,0.0525
2017,2017-11-25,Manchester United,Brighton,1,0,H,1.19,7.0,19.0,1.67,2.2,-2.0,2.05,1.83,0.0358,0.0343,0.0533
2017,2017-11-25,Newcastle United,Watford,0,3,A,2.2,3.5,3.5,2.01,1.81,-0.25,1.87,2.01,0.026,0.0323,0.05
2017,2017-11-25,Swansea,Bournemouth,0,0,D,2.79,3.25,2.79,2.18,1.68,-0.25,2.34,1.64,0.0245,0.0371,0.054
2017,2017-11-25,Tottenham,West Bromwich Albion,1,1,D,1.25,6.0,16.0,1.69,2.16,-1.75,2.0,1.88,0.0292,0.0319,0.0547
2017,2017-11-26,Burnley,Arsenal,0,1,A,6.5,4.5,1.53,1.72,2.12,1.0,1.9,1.97,0.0297,0.0339,0.0531
2017,2017-11-26,Huddersfield,Manchester City,1,2,A,17.0,8.0,1.18,1.46,2.65,2.0,2.0,1.87,0.0313,0.0348,0.0623
2017,2017-11-26,Southampton,Everton,4,1,H,1.9,3.39,4.75,2.25,1.64,-0.75,2.15,1.75,0.0318,0.0365,0.0542
2017,2017-11-28,Brighton,Crystal Palace,0,0,D,2.7,3.1,3.0,2.44,1.55,-0.25,2.24,1.69,0.0263,0.0381,0.055
2017,2017-11-28,Leicester,Tottenham,2,1,H,5.0,3.89,1.75,1.77,2.05,0.75,1.92,1.96,0.0285,0.031,0.0528
2017,2017-11-28,Watford,Manchester United,2,4,A,5.25,3.89,1.72,1.81,2.01,0.75,1.99,1.88,0.0289,0.0344,0.05
2017,2017-11-28,West Bromwich Albion,Newcastle United,2,2,D,2.37,3.1,3.5,2.41,1.56,-0.25,1.99,1.9,0.0302,0.0288,0.056
2017,2017-11-29,Arsenal,Huddersfield,5,0,H,1.19,7.5,17.0,1.49,2.56,-2.0,2.04,1.83,0.0325,0.0366,0.0618
2017,2017-11-29,Bournemouth,Burnley,1,2,A,2.0,3.39,4.33,2.19,1.67,-0.25,1.69,2.23,0.0259,0.0401,0.0554
2017,2017-11-29,Chelsea,Swansea,1,0,H,1.18,8.0,17.0,1.53,2.45,-2.0,1.97,1.9,0.0313,0.0339,0.0618
2017,2017-11-29,Everton,West Ham,4,0,H,2.37,3.29,3.29,2.02,1.79,-0.25,1.97,1.91,0.0298,0.0312,0.0537
2017,2017-11-29,Manchester City,Southampton,2,1,H,1.19,8.0,15.0,1.41,2.87,-2.0,1.88,1.98,0.032,0.037,0.0577
2017,2017-11-29,Stoke,Liverpool,0,3,A,6.5,4.5,1.55,1.57,2.38,1.0,2.02,1.85,0.0212,0.0356,0.0571
2017,2017-12-02,Arsenal,Manchester United,1,3,A,2.5,3.39,3.0,1.93,1.89,-0.25,2.1,1.8,0.0283,0.0317,0.0472
2017,2017-12-02,Brighton,Liverpool,1,5,A,7.5,4.5,1.5,1.77,2.05,1.0,2.09,1.8,0.0222,0.034,0.0528
2017,2017-12-02,Chelsea,Newcastle United,3,1,H,1.25,6.5,15.0,1.61,2.32,-1.75,2.0,1.88,0.0205,0.0319,0.0522
2017,2017-12-02,Everton,Huddersfield,2,0,H,1.72,3.79,5.5,2.04,1.79,-0.75,1.91,1.97,0.0271,0.0312,0.0489
2017,2017-12-02,Leicester,Burnley,1,0,H,1.83,3.6,5.0,2.16,1.7,-0.75,2.08,1.81,0.0242,0.0333,0.0512
2017,2017-12-02,Stoke,Swansea,2,1,H,1.95,3.39,4.5,2.19,1.68,-0.5,1.93,1.96,0.03,0.0283,0.0519
2017,2017-12-02,Watford,Tottenham,1,1,D,5.0,4.0,1.72,1.69,2.18,0.75,1.99,1.89,0.0314,0.0316,0.0504
2017,2017-12-02,West Bromwich Albion,Crystal Palace,0,0,D,2.5,3.2,3.2,2.39,1.57,-0.25,2.1,1.8,0.025,0.0317,0.0554
2017,2017-12-03,Bournemouth,Southampton,1,1,D,2.89,3.25,2.39,2.16,1.69,0.25,1.78,2.13,0.0721,0.0313,0.0547
2017,2017-12-03,Manchester City,West Ham,2,1,H,1.08,11.0,21.0,1.24,3.88,-2.75,1.96,1.92,0.0645,0.031,0.0642
2017,2017-12-09,Burnley,Watford,1,0,H,2.6,3.25,3.0,2.27,1.64,-0.25,2.13,1.76,0.0256,0.0377,0.0503
2017,2017-12-09,Crystal Palace,Bournemouth,2,2,D,2.04,3.5,4.0,2.08,1.75,-0.25,1.73,2.16,0.0259,0.041,0.0522
2017,2017-12-09,Huddersfield,Brighton,2,0,H,2.7,3.1,3.0,2.78,1.43,-0.25,2.19,1.71,0.0263,0.0414,0.059
2017,2017-12-09,Newcastle United,Leicester,2,3,A,2.62,3.29,2.89,2.0,1.82,-0.25,2.19,1.71,0.0317,0.0414,0.0495
2017,2017-12-09,Swansea,West Bromwich Albion,1,0,H,2.7,3.1,3.0,2.63,1.48,-0.25,2.22,1.69,0.0263,0.0422,0.0559
2017,2017-12-09,Tottenham,Stoke,5,1,H,1.28,6.5,11.0,1.51,2.54,-1.75,2.0,1.86,0.026,0.0376,0.056
2017,2017-12-09,West Ham,Chelsea,1,0,H,7.5,4.5,1.5,1.8,2.02,1.0,2.09,1.78,0.0222,0.0403,0.0506
2017,2017-12-10,Liverpool,Everton,1,1,D,1.3,6.0,11.0,1.48,2.62,-1.75,1.99,1.86,0.0268,0.0401,0.0574
2017,2017-12-10,Manchester United,Manchester City,1,2,A,3.39,3.5,2.25,1.83,1.98,0.25,1.94,1.92,0.0251,0.0363,0.0515
2017,2017-12-10,Southampton,Arsenal,1,1,D,4.0,3.75,1.95,1.8,2.02,0.25,2.19,1.71,0.0295,0.0414,0.0506
2017,2017-12-12,Burnley,Stoke,1,0,H,2.29,3.2,3.6,2.38,1.58,-0.25,1.91,1.95,0.027,0.0364,0.0531
2017,2017-12-12,Crystal Palace,Watford,2,1,H,2.29,3.5,3.25,1.84,1.98,-0.25,1.94,1.92,0.0301,0.0363,0.0485
2017,2017-12-12,Huddersfield,Chelsea,1,3,A,9.0,4.5,1.44,1.95,1.88,1.25,1.83,2.03,0.0278,0.0391,0.0447
2017,2017-12-13,Liverpool,West Bromwich Albion,0,0,D,1.22,7.0,15.0,1.52,2.53,-2.0,2.05,1.81,0.0292,0.0403,0.0532
2017,2017-12-13,Manchester United,Bournemouth,1,0,H,1.28,6.0,12.0,1.63,2.27,-1.75,2.05,1.8,0.0312,0.0434,0.054
2017,2017-12-13,Newcastle United,Everton,0,1,A,2.39,3.29,3.25,2.11,1.73,-0.25,2.02,1.84,0.0301,0.0385,0.052
2017,2017-12-13,Southampton,Leicester,1,4,A,2.1,3.39,3.89,2.04,1.79,-0.25,1.77,2.1,0.0282,0.0412,0.0489
2017,2017-12-13,Swansea,Manchester City,0,4,A,15.0,6.5,1.25,1.49,2.6,2.0,1.72,2.15,0.0205,0.0465,0.0558
2017,2017-12-13,Tottenham,Brighton,2,0,H,1.25,6.5,15.0,1.62,2.29,-1.75,1.89,1.97,0.0205,0.0367,0.054
2017,2017-12-13,West Ham,Arsenal,0,0,D,5.25,4.2,1.66,1.66,2.21,0.75,2.07,1.79,0.031,0.0418,0.0549
2017,2017-12-16,Arsenal,Newcastle United,1,0,H,1.25,6.5,14.0,1.46,2.71,-1.75,1.9,1.96,0.0253,0.0365,0.0539
2017,2017-12-16,Brighton,Burnley,0,0,D,2.62,3.0,3.2,2.8,1.44,-0.25,2.13,1.77,0.0275,0.0345,0.0516
2017,2017-12-16,Chelsea,Southampton,1,0,H,1.39,5.0,9.0,1.72,2.13,-1.25,1.87,1.99,0.0305,0.0373,0.0509
2017,2017-12-16,Leicester,Crystal Palace,0,3,A,1.89,3.6,4.5,1.92,1.91,-0.75,2.12,1.76,0.0291,0.0399,0.0444
2017,2017-12-16,Manchester City,Tottenham,4,1,H,1.55,4.59,6.0,1.54,2.48,-1.0,1.89,1.97,0.0297,0.0367,0.0526
2017,2017-12-16,Stoke,West Ham,0,3,A,2.29,3.29,3.5,2.08,1.75,-0.25,1.94,1.93,0.0263,0.0336,0.0522
2017,2017-12-16,Watford,Huddersfield,1,4,A,1.8,3.75,5.0,2.03,1.8,-0.75,1.98,1.88,0.0222,0.037,0.0482
2017,2017-12-17,Bournemouth,Liverpool,0,4,A,6.5,4.5,1.53,1.57,2.41,1.0,2.08,1.8,0.0297,0.0363,0.0519
2017,2017-12-17,West Bromwich Albion,Manchester United,1,2,A,6.5,4.0,1.6,2.07,1.76,0.75,2.12,1.77,0.0288,0.0367,0.0513
2017,2017-12-18,Everton,Swansea,3,1,H,1.72,3.75,5.5,2.25,1.64,-0.75,1.98,1.89,0.0299,0.0342,0.0542
2017,2017-12-22,Arsenal,Liverpool,3,3,D,2.54,3.6,2.79,1.5,2.57,-0.25,2.13,1.76,0.0299,0.0377,0.0558
2017,2017-12-23,Brighton,Watford,1,0,H,2.62,3.2,3.0,2.23,1.66,-0.25,2.22,1.7,0.0275,0.0387,0.0508
2017,2017-12-23,Burnley,Tottenham,0,3,A,7.0,4.2,1.55,2.03,1.79,1.0,1.96,1.91,0.0261,0.0338,0.0513
2017,2017-12-23,Everton,Chelsea,0,0,D,6.0,3.89,1.66,2.05,1.78,0.75,2.04,1.83,0.0261,0.0366,0.0496
2017,2017-12-23,Leicester,Manchester United,2,2,D,4.5,3.6,1.9,1.93,1.89,0.75,1.76,2.12,0.0263,0.0399,0.0472
2017,2017-12-23,Manchester City,Bournemouth,4,0,H,1.12,11.0,23.0,1.23,4.07,-2.75,1.93,1.94,0.0272,0.0336,0.0587
2017,2017-12-23,Southampton,Huddersfield,1,1,D,1.61,3.89,6.5,2.07,1.76,-1.0,2.04,1.83,0.032,0.0366,0.0513
2017,2017-12-23,Stoke,West Bromwich Albion,3,1,H,2.29,3.25,3.5,2.34,1.6,-0.25,1.95,1.92,0.0301,0.0337,0.0524
2017,2017-12-23,Swansea,Crystal Palace,1,1,D,3.29,3.2,2.45,2.37,1.58,0.25,1.84,2.03,0.0246,0.0361,0.0549
2017,2017-12-23,West Ham,Newcastle United,2,3,A,2.1,3.39,3.89,2.15,1.71,-0.25,1.8,2.08,0.0282,0.0363,0.0499
2017,2017-12-26,Bournemouth,West Ham,3,3,D,2.79,3.29,2.75,2.11,1.74,0.25,1.65,2.3,0.026,0.0408,0.0486
2017,2017-12-26,Chelsea,Brighton,2,0,H,1.19,7.5,17.0,1.66,2.22,-2.0,2.08,1.81,0.0325,0.0333,0.0529
2017,2017-12-26,Huddersfield,Stoke,1,1,D,2.5,3.2,3.2,2.3,1.62,-0.25,2.1,1.8,0.025,0.0317,0.0521
2017,2017-12-26,Liverpool,Swansea,5,0,H,1.16,9.0,19.0,1.4,2.92,-2.25,1.97,1.9,0.0258,0.0339,0.0568
2017,2017-12-26,Manchester United,Burnley,2,2,D,1.25,6.5,15.0,1.75,2.09,-1.75,1.98,1.89,0.0205,0.0342,0.0499
2017,2017-12-26,Tottenham,Southampton,5,2,H,1.36,5.25,10.0,1.69,2.18,-1.5,2.06,1.82,0.0258,0.0349,0.0504
2017,2017-12-26,Watford,Leicester,2,1,H,2.54,3.5,2.87,1.76,2.08,-0.25,2.17,1.73,0.0278,0.0389,0.049
2017,2017-12-26,West Bromwich Albion,Everton,0,0,D,2.54,3.2,3.1,2.49,1.54,-0.25,2.09,1.8,0.0288,0.034,0.051
2017,2017-12-27,Newcastle United,Manchester City,0,1,A,13.0,6.75,1.25,1.44,2.76,2.0,1.83,2.05,0.0251,0.0343,0.0568
2017,2017-12-28,Crystal Palace,Arsenal,2,3,A,4.5,4.0,1.8,1.62,2.29,0.75,1.88,1.99,0.0278,0.0344,0.054
2017,2017-12-30,Bournemouth,Everton,2,1,H,2.37,3.29,3.29,2.11,1.73,-0.25,1.99,1.88,0.0298,0.0344,0.052
2017,2017-12-30,Chelsea,Stoke,5,0,H,1.16,8.5,19.0,1.46,2.79,-2.0,1.84,2.02,0.0323,0.0385,0.0434
2017,2017-12-30,Huddersfield,Burnley,0,0,D,2.37,3.1,3.5,2.72,1.45,-0.25,1.96,1.9,0.0302,0.0365,0.0573
2017,2017-12-30,Liverpool,Leicester,2,1,H,1.3,6.0,11.0,1.4,2.93,-1.75,2.03,1.83,0.0268,0.0391,0.0556
2017,2017-12-30,Manchester United,Southampton,0,0,D,1.36,5.5,9.0,1.75,2.09,-1.25,1.81,2.06,0.0282,0.0379,0.0499
2017,2017-12-30,Newcastle United,Brighton,0,0,D,2.14,3.2,4.0,2.45,1.55,-0.25,1.8,2.08,0.0298,0.0363,0.0533
2017,2017-12-30,Watford,Swansea,1,2,A,1.66,3.79,6.0,2.06,1.77,-0.75,1.9,1.96,0.0329,0.0365,0.0504
2017,2017-12-31,Crystal Palace,Manchester City,0,0,D,11.0,6.5,1.28,1.4,2.87,2.0,1.69,2.22,0.026,0.0422,0.0627
2017,2017-12-31,West Bromwich Albion,Arsenal,1,1,D,5.0,4.0,1.72,1.82,2.0,0.75,1.96,1.9,0.0314,0.0365,0.0495
2017,2018-01-01,Brighton,Bournemouth,2,2,D,2.37,3.2,3.39,2.46,1.55,-0.25,2.03,1.85,0.0294,0.0332,0.0517
2017,2018-01-01,Burnley,Liverpool,1,2,A,7.5,4.5,1.5,1.8,2.02,1.0,2.04,1.82,0.0222,0.0396,0.0506
2017,2018-01-01,Everton,Manchester United,0,2,A,5.5,3.5,1.8,2.29,1.63,0.75,1.85,2.02,0.0231,0.0356,0.0502
2017,2018-01-01,Leicester,Huddersfield,3,0,H,1.66,3.79,6.0,2.0,1.82,-0.75,1.82,2.06,0.0329,0.0349,0.0495
2017,2018-01-01,Stoke,Newcastle United,0,1,A,2.29,3.29,3.5,2.07,1.77,-0.25,1.97,1.9,0.0263,0.0339,0.0481
2017,2018-01-02,Manchester City,Watford,3,1,H,1.12,8.5,19.0,1.33,3.29,-2.0,1.74,2.16,0.0631,0.0377,0.0558
2017,2018-01-02,Southampton,Crystal Palace,1,2,A,1.9,3.39,4.0,2.02,1.8,-0.75,2.28,1.66,0.0713,0.041,0.0506
2017,2018-01-02,Swansea,Tottenham,0,2,A,12.0,4.75,1.3,1.75,2.08,1.5,1.89,1.99,0.0631,0.0316,0.0522
2017,2018-01-02,West Ham,West Bromwich Albion,2,1,H,1.9,3.39,4.09,2.36,1.59,-0.5,1.95,1.93,0.0658,0.031,0.0527
2017,2018-01-03,Arsenal,Chelsea,2,2,D,2.6,3.39,2.6,1.65,2.24,-0.25,2.29,1.66,0.0642,0.0391,0.0525
2017,2018-01-04,Tottenham,West Ham,1,1,D,1.25,6.0,10.0,1.55,2.43,-1.75,2.05,1.81,0.0667,0.0403,0.0567
2017,2018-01-13,Chelsea,Leicester,0,0,D,1.3,5.75,12.0,1.55,2.44,-1.5,1.83,2.04,0.0265,0.0366,0.055
2017,2018-01-13,Crystal Palace,Burnley,1,0,H,2.0,3.29,4.5,2.38,1.59,-0.25,1.71,2.21,0.0262,0.0373,0.0491
2017,2018-01-13,Huddersfield,West Ham,1,4,A,2.62,3.1,3.1,2.48,1.54,-0.25,2.22,1.7,0.0268,0.0387,0.0526
2017,2018-01-13,Newcastle United,Swansea,1,1,D,1.95,3.39,4.5,2.35,1.6,-0.75,2.24,1.68,0.03,0.0417,0.0505
2017,2018-01-13,Tottenham,Everton,4,0,H,1.28,6.0,13.0,1.7,2.17,-1.5,1.85,2.02,0.0248,0.0356,0.0491
2017,2018-01-13,Watford,Southampton,2,2,D,2.5,3.39,3.0,1.94,1.88,-0.25,2.11,1.77,0.0283,0.0389,0.0474
2017,2018-01-13,West Bromwich Albion,Brighton,2,0,H,2.14,3.0,4.33,2.91,1.4,-0.25,1.78,2.11,0.0316,0.0357,0.0579
2017,2018-01-14,Bournemouth,Arsenal,2,1,H,4.75,4.2,1.75,1.51,2.54,0.75,1.93,1.93,0.0201,0.0363,0.056
2017,2018-01-14,Liverpool,Manchester City,4,3,H,3.1,3.75,2.29,1.52,2.51,0.25,1.87,1.99,0.0259,0.0373,0.0563
2017,2018-01-15,Manchester United,Stoke,3,0,H,1.22,7.0,15.0,1.5,2.56,-1.75,1.84,2.03,0.0292,0.0361,0.0573
2017,2018-01-20,Arsenal,Crystal Palace,4,1,H,1.5,4.75,7.0,1.59,2.36,-1.0,1.8,2.08,0.0201,0.0363,0.0527
2017,2018-01-20,Brighton,Chelsea,0,4,A,6.5,3.89,1.61,2.19,1.68,0.75,2.07,1.81,0.032,0.0356,0.0519
2017,2018-01-20,Burnley,Manchester United,0,1,A,7.5,3.89,1.57,2.18,1.69,1.0,1.81,2.06,0.0273,0.0379,0.0504
2017,2018-01-20,Everton,West Bromwich Albion,1,1,D,2.14,3.2,4.0,2.52,1.52,-0.25,1.83,2.04,0.0298,0.0366,0.0547
2017,2018-01-20,Leicester,Watford,2,0,H,1.85,3.89,4.33,1.74,2.1,-0.75,2.07,1.8,0.0286,0.0386,0.0509
2017,2018-01-20,Manchester City,Newcastle United,3,1,H,1.12,10.0,26.0,1.3,3.5,-2.5,2.0,1.86,0.0313,0.0376,0.0549
2017,2018-01-20,Stoke,Huddersfield,2,0,H,2.04,3.39,4.09,2.21,1.67,-0.25,1.72,2.17,0.0297,0.0422,0.0513
2017,2018-01-20,West Ham,Bournemouth,1,1,D,2.0,3.6,4.0,1.87,1.95,-0.25,1.73,2.18,0.0278,0.0368,0.0476
2017,2018-01-21,Southampton,Tottenham,1,1,D,5.75,4.09,1.64,1.81,2.02,0.75,2.04,1.83,0.0282,0.0366,0.0475
2017,2018-01-22,Swansea,Liverpool,1,0,H,12.0,5.75,1.3,1.66,2.21,1.5,1.95,1.92,0.0265,0.0337,0.0549
2017,2018-01-30,Huddersfield,Liverpool,0,3,A,12.0,5.75,1.3,1.68,2.2,1.5,1.96,1.9,0.0265,0.0365,0.0498
2017,2018-01-30,Swansea,Arsenal,3,1,H,7.0,4.59,1.5,1.76,2.08,1.25,1.79,2.08,0.0274,0.0394,0.049
2017,2018-01-30,West Ham,Crystal Palace,1,1,D,3.1,3.25,2.54,2.14,1.71,0.25,1.76,2.13,0.024,0.0377,0.0521
2017,2018-01-31,Chelsea,Bournemouth,0,3,A,1.28,6.5,11.0,1.52,2.53,-1.75,2.06,1.81,0.026,0.0379,0.0532
2017,2018-01-31,Everton,Leicester,2,1,H,3.0,3.2,2.62,2.22,1.66,0.25,1.74,2.15,0.0275,0.0398,0.0529
2017,2018-01-31,Manchester City,West Bromwich Albion,3,0,H,1.14,10.0,21.0,1.44,2.75,-2.25,2.02,1.83,0.0248,0.0415,0.0581
2017,2018-01-31,Newcastle United,Burnley,1,1,D,2.2,3.2,3.89,2.58,1.5,-0.25,1.82,2.05,0.0241,0.0373,0.0543
2017,2018-01-31,Southampton,Brighton,1,1,D,1.75,3.5,6.0,2.36,1.59,-0.75,1.99,1.86,0.0238,0.0401,0.0527
2017,2018-01-31,Stoke,Watford,0,0,D,2.25,3.5,3.39,1.84,1.98,-0.25,1.9,1.96,0.0251,0.0365,0.0485
2017,2018-01-31,Tottenham,Manchester United,2,0,H,2.35,3.29,3.39,1.92,1.9,-0.25,1.94,1.92,0.0245,0.0363,0.0471
2017,2018-02-03,Arsenal,Everton,5,1,H,1.3,5.75,12.0,1.57,2.4,-1.75,2.11,1.77,0.0265,0.0389,0.0536
2017,2018-02-03,Bournemouth,Stoke,2,1,H,1.9,3.7,4.33,1.83,1.99,-0.25,1.64,2.32,0.0275,0.0408,0.049
2017,2018-02-03,Brighton,West Ham,3,1,H,2.35,3.0,3.7,2.56,1.51,-0.25,1.94,1.92,0.0291,0.0363,0.0529
2017,2018-02-03,Burnley,Manchester City,1,1,D,13.0,6.0,1.28,1.68,2.2,1.75,1.81,2.05,0.0248,0.0403,0.0498
2017,2018-02-03,Leicester,Swansea,1,1,D,1.8,3.6,5.25,2.08,1.75,-0.75,2.0,1.85,0.0238,0.0405,0.0522
2017,2018-02-03,Manchester United,Huddersfield,2,0,H,1.16,8.5,19.0,1.57,2.39,-2.0,1.85,2.01,0.0323,0.0381,0.0554
2017,2018-02-03,West Bromwich Albion,Southampton,2,3,A,2.54,3.2,3.1,2.33,1.6,-0.25,2.15,1.73,0.0288,0.0432,0.0542
2017,2018-02-04,Crystal Palace,Newcastle United,1,1,D,2.04,3.39,4.2,2.14,1.71,-0.25,1.73,2.15,0.0233,0.0432,0.0521
2017,2018-02-04,Liverpool,Tottenham,2,2,D,2.1,3.75,3.6,1.59,2.36,-0.25,1.79,2.07,0.0206,0.0418,0.0527
2017,2018-02-05,Watford,Chelsea,4,1,H,6.25,4.0,1.61,1.85,1.96,1.0,1.8,2.07,0.0311,0.0386,0.0507
2017,2018-02-10,Everton,Crystal Palace,3,1,H,2.25,3.25,3.2,2.25,1.65,-0.25,1.89,1.97,0.0646,0.0367,0.0505
2017,2018-02-10,Manchester City,Leicester,5,1,H,1.19,6.5,13.0,1.38,2.99,-2.0,1.95,1.91,0.0711,0.0364,0.0591
2017,2018-02-10,Stoke,Brighton,1,1,D,2.2,3.2,3.39,2.35,1.59,-0.25,1.85,2.01,0.062,0.0381,0.0545
2017,2018-02-10,Swansea,Burnley,1,0,H,2.37,3.0,3.25,2.76,1.44,-0.25,2.05,1.82,0.063,0.0373,0.0568
2017,2018-02-10,Tottenham,Arsenal,1,0,H,2.0,3.6,3.5,1.5,2.57,-0.25,1.74,2.15,0.0635,0.0398,0.0558
2017,2018-02-10,West Ham,Watford,2,0,H,2.5,3.29,2.79,1.98,1.84,-0.25,2.13,1.76,0.0624,0.0377,0.0485
2017,2018-02-11,Huddersfield,Bournemouth,4,1,H,3.25,3.2,2.25,2.27,1.63,0.25,1.83,2.03,0.0646,0.0391,0.054
2017,2018-02-11,Newcastle United,Manchester United,1,0,H,5.5,3.75,1.61,2.0,1.81,0.75,2.03,1.84,0.0696,0.0361,0.0525
2017,2018-02-11,Southampton,Liverpool,0,2,A,4.2,3.79,1.8,1.69,2.18,0.75,1.86,2.0,0.0575,0.0376,0.0504
2017,2018-02-12,Chelsea,West Bromwich Albion,3,0,H,1.36,4.75,8.0,1.73,2.1,-1.25,1.87,1.98,0.0708,0.0398,0.0542
2017,2018-02-24,Bournemouth,Newcastle United,2,2,D,2.1,3.5,3.79,1.96,1.85,-0.25,1.79,2.09,0.0258,0.0371,0.0507
2017,2018-02-24,Brighton,Swansea,4,1,H,2.14,3.25,4.0,2.58,1.5,-0.25,1.77,2.11,0.025,0.0389,0.0543
2017,2018-02-24,Burnley,Southampton,1,1,D,2.89,3.1,2.79,2.55,1.51,0.25,1.66,2.29,0.027,0.0391,0.0544
2017,2018-02-24,Leicester,Stoke,1,1,D,1.72,3.89,5.25,1.89,1.93,-0.75,1.9,1.96,0.0289,0.0365,0.0472
2017,2018-02-24,Liverpool,West Ham,4,1,H,1.22,7.5,13.0,1.43,2.79,-1.75,1.81,2.06,0.0299,0.0379,0.0577
2017,2018-02-24,Watford,Everton,1,0,H,2.25,3.39,3.5,2.05,1.77,-0.25,1.89,1.97,0.0251,0.0367,0.0528
2017,2018-02-24,West Bromwich Albion,Huddersfield,1,2,A,1.95,3.29,4.75,2.49,1.53,-0.75,2.25,1.67,0.0273,0.0432,0.0552
2017,2018-02-25,Crystal Palace,Tottenham,0,1,A,7.5,4.5,1.5,1.73,2.11,1.25,1.81,2.07,0.0222,0.0356,0.052
2017,2018-02-25,Manchester United,Chelsea,2,1,H,2.29,3.25,3.5,2.09,1.74,-0.25,1.94,1.93,0.0301,0.0336,0.0532
2017,2018-03-01,Arsenal,Manchester City,0,3,A,4.5,4.0,1.72,1.49,2.6,0.75,1.89,1.97,0.0536,0.0367,0.0558
2017,2018-03-03,Burnley,Everton,2,1,H,2.5,3.1,3.29,2.6,1.5,-0.25,2.06,1.82,0.0265,0.0349,0.0513
2017,2018-03-03,Leicester,Bournemouth,1,1,D,1.85,3.75,4.5,1.76,2.08,-0.75,2.09,1.79,0.0294,0.0371,0.049
2017,2018-03-03,Liverpool,Newcastle United,2,0,H,1.22,7.0,15.0,1.41,2.86,-2.0,1.96,1.9,0.0292,0.0365,0.0589
2017,2018-03-03,Southampton,Stoke,0,0,D,1.75,3.75,5.25,2.0,1.82,-0.75,1.93,1.93,0.0286,0.0363,0.0495
2017,2018-03-03,Swansea,West Ham,4,1,H,2.6,3.25,3.0,2.28,1.64,-0.25,2.17,1.73,0.0256,0.0389,0.0484
2017,2018-03-03,Tottenham,Huddersfield,2,0,H,1.19,7.5,17.0,1.57,2.41,-2.0,1.92,1.94,0.0325,0.0363,0.0519
2017,2018-03-03,Watford,West Bromwich Albion,1,0,H,2.14,3.29,3.89,2.18,1.69,-0.25,1.82,2.06,0.0283,0.0349,0.0504
2017,2018-03-04,Brighton,Arsenal,2,1,H,4.2,3.79,1.9,1.78,2.04,0.75,1.7,2.21,0.0283,0.0407,0.052
2017,2018-03-04,Manchester City,Chelsea,1,0,H,1.61,4.2,6.0,1.69,2.19,-1.0,2.0,1.87,0.0259,0.0348,0.0483
2017,2018-03-05,Crystal Palace,Manchester United,2,3,A,7.0,4.0,1.57,1.99,1.82,1.0,1.91,1.95,0.0298,0.0364,0.052
2017,2018-03-10,Chelsea,Crystal Palace,2,1,H,1.3,5.75,12.0,1.7,2.18,-1.5,1.88,1.99,0.0265,0.0344,0.047
2017,2018-03-10,Everton,Brighton,2,0,H,2.2,3.2,3.89,2.32,1.61,-0.25,1.86,1.99,0.0241,0.0401,0.0522
2017,2018-03-10,Huddersfield,Swansea,0,0,D,2.54,3.1,3.2,2.52,1.53,-0.25,2.08,1.79,0.0288,0.0394,0.0504
2017,2018-03-10,Manchester United,Liverpool,2,1,H,2.75,3.39,2.75,1.91,1.92,-0.25,2.31,1.65,0.0223,0.039,0.0444
2017,2018-03-10,Newcastle United,Southampton,3,0,H,2.79,3.2,2.79,2.27,1.64,-0.25,2.3,1.65,0.0293,0.0408,0.0503
2017,2018-03-10,West Bromwich Albion,Leicester,1,4,A,3.0,3.25,2.6,2.2,1.68,0.25,1.75,2.14,0.0256,0.0387,0.0498
2017,2018-03-10,West Ham,Burnley,0,3,A,2.29,3.2,3.6,2.46,1.55,-0.25,1.92,1.94,0.027,0.0363,0.0517
2017,2018-03-11,Arsenal,Watford,3,0,H,1.44,5.0,7.5,1.51,2.54,-1.0,1.74,2.16,0.0278,0.0377,0.056
2017,2018-03-11,Bournemouth,Tottenham,1,4,A,6.5,4.5,1.55,1.61,2.33,1.0,2.03,1.83,0.0212,0.0391,0.0503
2017,2018-03-12,Stoke,Manchester City,0,2,A,15.0,6.5,1.25,1.49,2.58,2.0,1.8,2.06,0.0205,0.041,0.0587
2017,2018-03-17,Bournemouth,West Bromwich Albion,2,1,H,1.83,3.6,5.0,1.95,1.87,-0.75,2.09,1.78,0.0242,0.0403,0.0476
2017,2018-03-17,Huddersfield,Crystal Palace,0,2,A,3.0,3.1,2.7,2.32,1.61,0.25,1.69,2.23,0.0263,0.0401,0.0522
2017,2018-03-17,Liverpool,Watford,5,0,H,1.19,8.0,15.0,1.41,2.89,-2.0,1.84,2.03,0.032,0.0361,0.0552
2017,2018-03-17,Stoke,Everton,1,2,A,2.5,3.29,3.1,2.16,1.7,-0.25,2.09,1.79,0.0265,0.0371,0.0512
2017,2018-03-31,Brighton,Leicester,0,2,A,2.7,3.2,2.62,2.26,1.64,-0.25,2.32,1.65,0.0645,0.0371,0.0522
2017,2018-03-31,Crystal Palace,Liverpool,1,2,A,7.0,4.33,1.44,1.57,2.4,1.25,1.78,2.11,0.0682,0.0357,0.0536
2017,2018-03-31,Everton,Manchester City,1,3,A,9.0,5.0,1.33,1.62,2.29,1.5,1.85,2.01,0.063,0.0381,0.054
2017,2018-03-31,Manchester United,Swansea,2,0,H,1.25,6.0,10.0,1.77,2.05,-1.75,2.07,1.81,0.0667,0.0356,0.0528
2017,2018-03-31,Newcastle United,Huddersfield,1,0,H,1.75,3.39,5.0,2.23,1.66,-0.75,1.98,1.88,0.0664,0.037,0.0508
2017,2018-03-31,Watford,Bournemouth,2,2,D,2.29,3.29,3.1,1.83,1.98,-0.25,1.99,1.87,0.0632,0.0373,0.0515
2017,2018-03-31,West Bromwich Albion,Burnley,1,2,A,2.5,3.0,3.1,2.6,1.5,-0.25,2.18,1.73,0.0559,0.0368,0.0513
2017,2018-03-31,West Ham,Southampton,3,0,H,2.7,3.25,2.6,2.18,1.69,0.25,1.7,2.23,0.0627,0.0367,0.0504
2017,2018-04-01,Arsenal,Stoke,3,0,H,1.28,5.5,10.0,1.48,2.62,-1.5,1.85,2.0,0.0631,0.0405,0.0574
2017,2018-04-01,Chelsea,Tottenham,1,3,A,2.29,3.29,3.1,2.01,1.8,-0.25,2.01,1.84,0.0632,0.041,0.0531
2017,2018-04-07,Bournemouth,Crystal Palace,2,2,D,2.5,3.39,3.0,1.83,1.98,-0.25,2.1,1.78,0.0283,0.038,0.0515
2017,2018-04-07,Brighton,Huddersfield,1,1,D,1.85,3.5,5.0,2.4,1.58,-0.5,1.85,2.02,0.0263,0.0356,0.0496
2017,2018-04-07,Everton,Liverpool,0,0,D,4.2,3.75,1.9,1.84,1.97,0.75,1.73,2.18,0.0311,0.0368,0.0511
2017,2018-04-07,Leicester,Newcastle United,1,2,A,1.95,3.6,4.2,2.04,1.78,-0.5,1.94,1.93,0.0287,0.0336,0.052
2017,2018-04-07,Manchester City,Manchester United,2,3,A,1.89,3.79,4.2,1.84,1.98,-0.5,1.86,2.01,0.031,0.0351,0.0485
2017,2018-04-07,Stoke,Tottenham,1,2,A,11.0,5.5,1.33,1.63,2.28,1.5,1.94,1.92,0.0246,0.0363,0.0521
2017,2018-04-07,Watford,Burnley,1,2,A,2.39,3.2,3.39,2.36,1.59,-0.25,1.96,1.89,0.0259,0.0393,0.0527
2017,2018-04-07,West Bromwich Albion,Swansea,1,1,D,2.37,3.2,3.39,2.35,1.59,-0.25,1.98,1.88,0.0294,0.037,0.0545
2017,2018-04-08,Arsenal,Southampton,3,2,H,1.57,4.5,6.0,1.64,2.26,-1.0,1.91,1.95,0.0258,0.0364,0.0522
2017,2018-04-08,Chelsea,West Ham,1,1,D,1.28,6.0,12.0,1.58,2.39,-1.75,1.99,1.86,0.0312,0.0401,0.0513
2017,2018-04-14,Burnley,Leicester,2,1,H,2.62,3.2,3.0,2.35,1.59,-0.25,2.2,1.71,0.0275,0.0393,0.0545
2017,2018-04-14,Crystal Palace,Brighton,3,2,H,1.9,3.5,4.75,2.28,1.63,-0.5,1.86,2.01,0.0226,0.0351,0.0521
2017,2018-04-14,Huddersfield,Watford,1,0,H,2.62,3.25,3.0,2.26,1.64,0.25,1.59,2.43,0.0227,0.0405,0.0522
2017,2018-04-14,Liverpool,Bournemouth,3,0,H,1.25,7.0,12.0,1.38,3.02,-1.75,1.8,2.08,0.0262,0.0363,0.0558
2017,2018-04-14,Southampton,Chelsea,2,3,A,4.5,3.75,1.85,2.0,1.82,0.5,2.03,1.84,0.0294,0.0361,0.0495
2017,2018-04-14,Swansea,Everton,1,1,D,2.54,3.25,3.1,2.34,1.6,-0.25,2.13,1.76,0.024,0.0377,0.0524
2017,2018-04-14,Tottenham,Manchester City,1,3,A,2.62,3.6,2.7,1.67,2.22,-0.25,2.27,1.67,0.0298,0.0393,0.0493
2017,2018-04-15,Manchester United,West Bromwich Albion,0,1,A,1.18,8.0,19.0,1.66,2.23,-2.0,2.08,1.79,0.0251,0.0394,0.0508
2017,2018-04-15,Newcastle United,Arsenal,2,1,H,3.29,3.6,2.25,1.7,2.16,0.25,1.94,1.92,0.0262,0.0363,0.0512
2017,2018-04-16,West Ham,Stoke,1,1,D,2.0,3.6,4.0,2.06,1.76,-0.5,1.99,1.88,0.0278,0.0344,0.0536
2017,2018-04-17,Brighton,Tottenham,1,1,D,6.5,4.33,1.55,1.74,2.1,1.0,1.96,1.91,0.03,0.0338,0.0509
2017,2018-04-18,Bournemouth,Manchester United,0,2,A,5.0,3.89,1.75,1.74,2.1,0.75,1.94,1.92,0.0285,0.0363,0.0509
2017,2018-04-19,Burnley,Chelsea,1,2,A,4.0,3.39,1.9,2.15,1.7,0.75,1.72,2.17,0.0713,0.0422,0.0534
2017,2018-04-19,Leicester,Southampton,0,0,D,2.25,3.29,3.2,1.92,1.89,-0.25,2.02,1.84,0.0609,0.0385,0.0499
2017,2018-04-21,Watford,Crystal Palace,0,0,D,2.89,3.39,2.54,1.97,1.84,0.25,1.75,2.13,0.0347,0.0409,0.0511
2017,2018-04-21,West Bromwich Albion,Liverpool,2,2,D,7.5,4.5,1.5,1.81,2.01,1.0,2.04,1.83,0.0222,0.0366,0.05
2017,2018-04-22,Arsenal,West Ham,4,1,H,1.55,4.59,6.0,1.5,2.57,-1.0,1.83,2.04,0.0297,0.0366,0.0558
2017,2018-04-22,Manchester City,Swansea,5,0,H,1.14,9.0,23.0,1.4,2.89,-2.25,1.8,2.07,0.0318,0.0386,0.0603
2017,2018-04-22,Stoke,Burnley,1,1,D,2.29,3.29,3.5,2.41,1.56,-0.25,1.92,1.94,0.0263,0.0363,0.056
2017,2018-04-23,Everton,Newcastle United,1,0,H,2.29,3.39,3.39,2.23,1.65,-0.25,1.94,1.91,0.0267,0.039,0.0545
2017,2018-04-28,Burnley,Brighton,0,0,D,2.25,3.2,3.7,2.45,1.55,-0.25,1.89,1.97,0.0272,0.0367,0.0533
2017,2018-04-28,Crystal Palace,Leicester,5,0,H,2.04,3.6,3.79,1.85,1.97,-0.25,1.77,2.12,0.0318,0.0367,0.0482
2017,2018-04-28,Huddersfield,Everton,0,2,A,2.62,3.1,3.1,2.52,1.52,-0.25,2.15,1.74,0.0268,0.0398,0.0547
2017,2018-04-28,Liverpool,Stoke,0,0,D,1.33,5.75,10.0,1.51,2.53,-1.5,1.87,2.0,0.0258,0.0348,0.0575
2017,2018-04-28,Newcastle United,West Bromwich Albion,0,1,A,1.85,3.6,4.75,2.15,1.7,-0.75,2.12,1.76,0.0288,0.0399,0.0534
2017,2018-04-28,Southampton,Bournemouth,2,1,H,1.72,4.0,5.0,1.73,2.12,-0.75,1.89,1.97,0.0314,0.0367,0.0497
2017,2018-04-28,Swansea,Chelsea,0,1,A,7.0,4.33,1.53,1.93,1.88,1.0,2.05,1.82,0.0274,0.0373,0.05
2017,2018-04-29,Manchester United,Arsenal,2,1,H,1.44,4.75,8.0,1.64,2.24,-1.25,1.93,1.92,0.03,0.039,0.0562
2017,2018-04-29,West Ham,Manchester City,1,4,A,10.0,5.75,1.33,1.51,2.53,1.5,2.0,1.87,0.0258,0.0348,0.0575
2017,2018-04-30,Tottenham,Watford,2,0,H,1.16,8.5,21.0,1.43,2.78,-2.25,1.96,1.88,0.0273,0.0421,0.059
2017,2018-05-04,Brighton,Manchester United,1,0,H,4.75,3.6,1.85,1.97,1.85,0.5,2.03,1.85,0.0288,0.0332,0.0482
2017,2018-05-05,Bournemouth,Swansea,1,0,H,2.1,3.6,3.7,1.86,1.96,-0.25,1.81,2.07,0.0242,0.0356,0.0478
2017,2018-05-05,Everton,Southampton,1,1,D,2.89,3.29,2.62,2.15,1.7,0.25,1.72,2.18,0.0317,0.0401,0.0534
2017,2018-05-05,Leicester,West Ham,0,2,A,2.25,3.5,3.39,1.89,1.92,-0.25,1.92,1.95,0.0251,0.0337,0.0499
2017,2018-05-05,Stoke,Crystal Palace,1,2,A,2.7,3.39,2.79,1.9,1.91,-0.25,2.26,1.67,0.0238,0.0413,0.0499
2017,2018-05-05,Watford,Newcastle United,2,1,H,2.37,3.39,3.2,2.07,1.75,-0.25,2.02,1.85,0.0294,0.0356,0.0545
2017,2018-05-05,West Bromwich Albion,Tottenham,1,0,H,8.0,4.75,1.44,1.7,2.15,1.25,1.88,1.99,0.03,0.0344,0.0534
2017,2018-05-06,Arsenal,Burnley,5,0,H,1.57,4.2,6.5,1.7,2.14,-1.0,1.93,1.93,0.0289,0.0363,0.0555
2017,2018-05-06,Chelsea,Liverpool,1,0,H,2.25,3.6,3.29,1.71,2.13,-0.25,1.93,1.93,0.0262,0.0363,0.0543
2017,2018-05-06,Manchester City,Huddersfield,0,0,D,1.08,13.0,34.0,1.32,3.32,-2.75,1.92,1.94,0.0323,0.0363,0.0588
2017,2018-05-08,Swansea,Southampton,0,1,A,3.1,3.25,2.54,2.3,1.62,0.25,1.78,2.11,0.024,0.0357,0.0521
2017,2018-05-09,Chelsea,Huddersfield,1,1,D,1.16,8.5,19.0,1.56,2.43,-2.0,1.95,1.9,0.0323,0.0391,0.0525
2017,2018-05-09,Leicester,Arsenal,3,1,H,3.75,3.79,2.0,1.54,2.45,0.25,2.17,1.72,0.0305,0.0422,0.0575
2017,2018-05-09,Manchester City,Brighton,3,1,H,1.12,10.0,27.0,1.36,3.08,-2.25,1.82,2.04,0.0299,0.0396,0.06
2017,2018-05-09,Tottenham,Newcastle United,1,0,H,1.18,8.5,17.0,1.39,2.92,-2.0,1.87,1.99,0.0239,0.0373,0.0619
2017,2018-05-10,West Ham,Manchester United,0,0,D,4.75,3.79,1.8,1.81,2.01,0.75,1.83,2.03,0.0299,0.0391,0.05
2017,2018-05-13,Burnley,Bournemouth,1,2,A,2.14,3.5,3.6,1.86,1.95,-0.25,1.9,1.95,0.0308,0.0391,0.0505
2017,2018-05-13,Crystal Palace,West Bromwich Albion,2,0,H,1.8,3.79,4.75,1.75,2.07,-0.75,1.94,1.91,0.0299,0.039,0.0545
2017,2018-05-13,Huddersfield,Arsenal,0,1,A,6.0,4.33,1.6,1.5,2.55,1.0,1.94,1.92,0.0226,0.0363,0.0588
2017,2018-05-13,Liverpool,Brighton,4,0,H,1.19,8.0,15.0,1.41,2.86,-2.0,1.88,1.97,0.032,0.0395,0.0589
2017,2018-05-13,Manchester United,Watford,1,0,H,1.39,5.25,8.5,1.56,2.4,-1.5,2.08,1.79,0.0275,0.0394,0.0577
2017,2018-05-13,Newcastle United,Chelsea,3,0,H,6.5,4.2,1.6,1.8,2.01,1.0,1.83,2.03,0.0169,0.0391,0.0531
2017,2018-05-13,Southampton,Manchester City,0,1,A,9.0,5.0,1.39,1.52,2.49,1.25,1.95,1.91,0.0305,0.0364,0.0595
2017,2018-05-13,Swansea,Stoke,1,2,A,1.9,3.79,4.2,1.76,2.06,-0.5,1.88,1.98,0.0283,0.037,0.0536
2017,2018-05-13,Tottenham,Leicester,5,4,H,1.33,6.0,9.0,1.41,2.84,-1.5,1.86,2.0,0.0297,0.0376,0.0613
2017,2018-05-13,West Ham,Everton,3,1,H,2.45,3.5,3.0,1.84,1.97,-0.25,2.03,1.84,0.0272,0.0361,0.0511
2018,2018-08-10,Manchester United,Leicester,2,1,H,1.57,3.9,7.5,2.03,1.79,-0.75,1.7,2.21,0.0267,0.0407,0.0513
2018,2018-08-11,Bournemouth,Cardiff,2,0,H,1.9,3.6,4.5,1.98,1.83,-0.75,2.13,1.75,0.0263,0.0409,0.0515
2018,2018-08-11,Fulham,Crystal Palace,0,2,A,2.5,3.4,3.0,1.95,1.87,-0.25,2.11,1.77,0.0275,0.0389,0.0476
2018,2018-08-11,Huddersfield,Chelsea,0,3,A,6.5,4.0,1.61,1.98,1.84,1.0,1.8,2.06,0.025,0.041,0.0485
2018,2018-08-11,Newcastle United,Tottenham,1,2,A,3.9,3.5,2.04,2.01,1.81,0.25,2.12,1.76,0.0323,0.0399,0.05
2018,2018-08-11,Watford,Brighton,2,0,H,2.37,3.2,3.4,2.35,1.59,-0.25,2.01,1.86,0.0286,0.0351,0.0545
2018,2018-08-11,Wolverhampton Wanderers,Everton,2,2,D,2.37,3.3,3.3,2.09,1.75,-0.25,1.98,1.88,0.028,0.037,0.0499
2018,2018-08-12,Arsenal,Manchester City,0,2,A,4.0,3.8,1.95,1.55,2.42,0.75,1.74,2.15,0.026,0.0398,0.0584
2018,2018-08-12,Liverpool,West Ham,4,0,H,1.25,6.5,14.0,1.44,2.72,-1.75,1.9,1.97,0.0253,0.0339,0.0621
2018,2018-08-12,Southampton,Burnley,0,0,D,1.85,3.5,5.0,2.34,1.6,-0.75,2.11,1.76,0.0263,0.0421,0.0524
2018,2018-08-18,Cardiff,Newcastle United,0,0,D,3.25,3.1,2.54,2.48,1.53,0.25,1.78,2.11,0.024,0.0357,0.0568
2018,2018-08-18,Chelsea,Arsenal,3,2,H,1.8,4.0,4.5,1.68,2.17,-0.75,2.03,1.84,0.0278,0.0361,0.0561
2018,2018-08-18,Everton,Southampton,2,1,H,1.9,3.5,4.75,2.15,1.7,-0.75,2.16,1.73,0.0226,0.041,0.0534
2018,2018-08-18,Leicester,Wolverhampton Wanderers,2,0,H,2.04,3.5,3.9,2.03,1.78,-0.25,1.76,2.13,0.0323,0.0377,0.0544
2018,2018-08-18,Tottenham,Fulham,3,1,H,1.28,6.0,12.0,1.51,2.54,-1.75,2.0,1.86,0.0312,0.0376,0.056
2018,2018-08-18,West Ham,Bournemouth,1,2,A,2.1,3.6,3.7,1.78,2.04,-0.25,1.79,2.08,0.0242,0.0394,0.052
2018,2018-08-19,Brighton,Manchester United,3,2,H,5.5,3.6,1.75,2.26,1.64,1.0,1.58,2.44,0.031,0.0427,0.0522
2018,2018-08-19,Burnley,Watford,1,3,A,2.45,3.1,3.4,2.59,1.49,-0.25,2.02,1.86,0.0249,0.0327,0.0572
2018,2018-08-19,Manchester City,Huddersfield,6,1,H,1.1,13.0,26.0,1.32,3.32,-3.0,2.24,1.68,0.0245,0.0417,0.0588
2018,2018-08-20,Crystal Palace,Liverpool,0,2,A,7.0,5.0,1.44,1.55,2.43,1.25,1.93,1.94,0.0373,0.0336,0.0567
2018,2018-08-25,Arsenal,West Ham,3,1,H,1.36,5.5,9.0,1.44,2.73,-1.5,2.0,1.87,0.0282,0.0348,0.0607
2018,2018-08-25,Bournemouth,Everton,2,2,D,2.62,3.6,2.75,1.72,2.12,-0.25,2.22,1.69,0.0231,0.0422,0.0531
2018,2018-08-25,Huddersfield,Cardiff,0,0,D,2.37,3.0,3.7,2.58,1.5,-0.25,1.95,1.91,0.0255,0.0364,0.0543
2018,2018-08-25,Liverpool,Brighton,1,0,H,1.16,8.5,19.0,1.41,2.85,-2.25,1.96,1.91,0.0323,0.0338,0.0601
2018,2018-08-25,Southampton,Leicester,1,2,A,2.45,3.2,3.25,2.27,1.63,-0.25,2.05,1.83,0.0284,0.0343,0.054
2018,2018-08-25,Wolverhampton Wanderers,Manchester City,1,1,D,11.0,6.5,1.28,1.54,2.46,2.0,1.61,2.37,0.026,0.0431,0.0559
2018,2018-08-26,Fulham,Burnley,4,2,H,2.0,3.4,4.33,2.22,1.65,-0.25,1.69,2.22,0.0251,0.0422,0.0565
2018,2018-08-26,Newcastle United,Chelsea,1,2,A,5.75,4.0,1.66,1.88,1.92,1.0,1.71,2.18,0.0263,0.0435,0.0527
2018,2018-08-26,Watford,Crystal Palace,2,1,H,2.6,3.25,3.0,2.13,1.71,-0.25,2.16,1.73,0.0256,0.041,0.0543
2018,2018-08-27,Manchester United,Tottenham,0,3,A,2.62,3.3,2.9,2.03,1.79,-0.25,2.18,1.72,0.0295,0.0401,0.0513
2018,2018-09-01,Brighton,Fulham,2,2,D,2.3,3.4,3.4,1.92,1.88,-0.25,1.91,1.96,0.023,0.0338,0.0527
2018,2018-09-01,Chelsea,Bournemouth,2,0,H,1.3,6.0,11.0,1.42,2.82,-1.75,2.01,1.85,0.0268,0.0381,0.0588
2018,2018-09-01,Crystal Palace,Southampton,0,2,A,2.0,3.5,4.2,2.12,1.72,-0.75,2.23,1.69,0.0238,0.0401,0.0531
2018,2018-09-01,Everton,Huddersfield,1,1,D,1.53,4.2,7.5,2.07,1.75,-1.0,1.91,1.96,0.025,0.0338,0.0545
2018,2018-09-01,Leicester,Liverpool,1,2,A,7.5,5.0,1.44,1.65,2.25,1.0,2.25,1.67,0.0278,0.0432,0.0505
2018,2018-09-01,Manchester City,Newcastle United,2,1,H,1.11,11.0,26.0,1.37,3.03,-2.5,1.99,1.89,0.0303,0.0316,0.06
2018,2018-09-01,West Ham,Wolverhampton Wanderers,0,1,A,2.6,3.4,2.87,1.85,1.95,-0.25,2.15,1.74,0.0272,0.0398,0.0534
2018,2018-09-02,Burnley,Manchester United,0,2,A,6.0,3.75,1.7,2.14,1.7,1.0,1.7,2.22,0.0216,0.0387,0.0555
2018,2018-09-02,Cardiff,Arsenal,2,3,A,6.5,4.33,1.57,1.76,2.07,1.0,1.93,1.94,0.0217,0.0336,0.0513
2018,2018-09-02,Watford,Tottenham,2,1,H,5.5,4.2,1.64,1.7,2.14,1.0,1.82,2.05,0.0297,0.0373,0.0555
2018,2018-09-15,Bournemouth,Leicester,4,2,H,2.45,3.5,3.0,1.88,1.94,-0.25,2.06,1.82,0.0272,0.0349,0.0474
2018,2018-09-15,Chelsea,Cardiff,4,1,H,1.18,8.0,19.0,1.51,2.53,-2.0,1.95,1.91,0.0251,0.0364,0.0575
2018,2018-09-15,Huddersfield,Crystal Palace,0,1,A,3.3,3.1,2.5,2.36,1.59,0.25,1.82,2.06,0.0256,0.0349,0.0527
2018,2018-09-15,Manchester City,Fulham,3,0,H,1.12,10.0,26.0,1.26,3.85,-2.5,1.95,1.92,0.0313,0.0337,0.0534
2018,2018-09-15,Newcastle United,Arsenal,1,2,A,4.2,3.8,1.9,1.71,2.14,0.25,2.31,1.65,0.0276,0.039,0.0521
2018,2018-09-15,Tottenham,Liverpool,1,2,A,3.0,3.6,2.4,1.66,2.23,0.25,1.85,2.01,0.0278,0.0381,0.0508
2018,2018-09-15,Watford,Manchester United,1,2,A,4.33,3.6,1.95,1.99,1.83,0.25,2.27,1.67,0.0215,0.0393,0.049
2018,2018-09-16,Everton,West Ham,1,3,A,2.0,3.75,3.9,1.79,2.03,-0.75,2.34,1.63,0.0231,0.0408,0.0513
2018,2018-09-16,Wolverhampton Wanderers,Burnley,1,0,H,1.75,3.6,5.75,2.28,1.63,-1.0,2.4,1.59,0.0231,0.0456,0.0521
2018,2018-09-17,Southampton,Brighton,2,2,D,2.1,3.4,3.9,2.27,1.63,-0.25,1.81,2.07,0.0267,0.0356,0.054
2018,2018-09-22,Brighton,Tottenham,1,2,A,5.0,4.0,1.75,1.8,2.02,1.0,1.63,2.33,0.0214,0.0427,0.0506
2018,2018-09-22,Burnley,Bournemouth,4,0,H,3.0,3.4,2.5,2.02,1.8,0.25,1.73,2.17,0.0275,0.0389,0.0506
2018,2018-09-22,Cardiff,Manchester City,0,5,A,23.0,8.0,1.16,1.45,2.7,2.0,2.12,1.76,0.0305,0.0399,0.06
2018,2018-09-22,Crystal Palace,Newcastle United,0,0,D,2.14,3.4,3.75,2.11,1.73,-0.25,1.83,2.05,0.0281,0.0343,0.052
2018,2018-09-22,Fulham,Watford,1,1,D,2.54,3.5,2.9,1.76,2.06,-0.25,2.12,1.77,0.0242,0.0367,0.0536
2018,2018-09-22,Leicester,Huddersfield,3,1,H,1.61,4.0,6.5,2.18,1.68,-1.0,2.11,1.77,0.025,0.0389,0.054
2018,2018-09-22,Liverpool,Southampton,3,0,H,1.2,7.5,17.0,1.49,2.59,-2.0,1.96,1.9,0.0255,0.0365,0.0572
2018,2018-09-22,Manchester United,Wolverhampton Wanderers,1,1,D,1.57,4.33,6.5,1.85,1.95,-1.0,2.0,1.86,0.0217,0.0376,0.0534
2018,2018-09-23,Arsenal,Everton,2,0,H,1.44,5.0,7.5,1.44,2.75,-1.0,1.7,2.2,0.0278,0.0428,0.0581
2018,2018-09-23,West Ham,Chelsea,0,0,D,6.0,4.5,1.57,1.58,2.37,1.0,1.91,1.95,0.0258,0.0364,0.0549
2018,2018-09-29,Arsenal,Watford,2,0,H,1.44,5.1,7.0,1.44,2.73,-1.0,1.75,2.13,0.0334,0.0409,0.0607
2018,2018-09-29,Chelsea,Liverpool,1,1,D,2.8,3.6,2.54,1.64,2.25,0.25,1.74,2.16,0.0286,0.0377,0.0542
2018,2018-09-29,Everton,Fulham,3,0,H,1.75,4.2,4.75,1.61,2.31,-1.0,2.26,1.67,0.0201,0.0413,0.054
2018,2018-09-29,Huddersfield,Tottenham,0,2,A,8.5,4.5,1.44,1.79,2.03,1.0,2.14,1.75,0.0343,0.0387,0.0513
2018,2018-09-29,Manchester City,Brighton,2,0,H,1.1,12.0,34.0,1.3,3.44,-2.75,2.01,1.86,0.0218,0.0351,0.0599
2018,2018-09-29,Newcastle United,Leicester,0,2,A,2.6,3.3,3.0,2.2,1.68,-0.25,2.17,1.73,0.021,0.0389,0.0498
2018,2018-09-29,West Ham,Manchester United,3,1,H,4.5,3.8,1.85,1.82,2.0,0.75,1.8,2.07,0.0259,0.0386,0.0495
2018,2018-09-29,Wolverhampton Wanderers,Southampton,2,0,H,1.8,3.6,5.25,2.13,1.72,-1.0,2.55,1.54,0.0238,0.0415,0.0509
2018,2018-09-30,Cardiff,Burnley,1,2,A,2.62,3.0,3.2,2.43,1.55,-0.25,2.16,1.74,0.0275,0.0377,0.0567
2018,2018-10-01,Bournemouth,Crystal Palace,2,1,H,2.25,3.5,3.4,1.77,2.04,-0.25,1.94,1.94,0.0243,0.0309,0.0552
2018,2018-10-05,Brighton,West Ham,1,0,H,2.7,3.3,2.87,2.05,1.78,-0.25,2.25,1.68,0.0218,0.0397,0.0496
2018,2018-10-06,Burnley,Huddersfield,1,1,D,2.14,3.1,4.2,2.55,1.51,-0.25,1.78,2.11,0.028,0.0357,0.0544
2018,2018-10-06,Crystal Palace,Wolverhampton Wanderers,0,1,A,3.0,3.2,2.62,2.23,1.65,0.25,1.72,2.18,0.0275,0.0401,0.0545
2018,2018-10-06,Leicester,Everton,1,2,A,2.2,3.4,3.6,1.89,1.92,-0.25,1.87,2.01,0.0264,0.0323,0.0499
2018,2018-10-06,Manchester United,Newcastle United,3,2,H,1.44,4.5,9.0,1.89,1.92,-1.0,1.75,2.12,0.0278,0.0431,0.0499
2018,2018-10-06,Tottenham,Cardiff,1,0,H,1.22,7.0,15.0,1.45,2.69,-2.0,2.12,1.75,0.0292,0.0431,0.0614
2018,2018-10-06,Watford,Bournemouth,0,4,A,2.14,3.6,3.5,1.77,2.06,-0.25,1.84,2.04,0.0308,0.0337,0.0504
2018,2018-10-07,Fulham,Arsenal,1,5,A,5.25,4.33,1.66,1.42,2.8,1.0,1.8,2.07,0.0238,0.0386,0.0614
2018,2018-10-07,Liverpool,Manchester City,0,0,D,2.54,3.6,2.8,1.62,2.29,-0.25,2.17,1.74,0.0286,0.0355,0.054
2018,2018-10-07,Southampton,Chelsea,0,3,A,6.0,4.1,1.61,1.79,2.03,1.0,1.84,2.03,0.0317,0.0361,0.0513
2018,2018-10-20,Bournemouth,Southampton,0,0,D,2.04,3.7,3.75,1.79,2.03,-0.25,1.76,2.14,0.0271,0.0355,0.0513
2018,2018-10-20,Cardiff,Fulham,4,2,H,2.5,3.5,2.95,1.82,2.0,-0.25,2.12,1.77,0.0247,0.0367,0.0495
2018,2018-10-20,Chelsea,Manchester United,2,2,D,1.75,3.8,5.25,1.78,2.04,-1.0,2.27,1.67,0.0251,0.0393,0.052
2018,2018-10-20,Huddersfield,Liverpool,0,1,A,11.0,5.5,1.33,1.82,2.0,1.25,2.2,1.71,0.0246,0.0393,0.0495
2018,2018-10-20,Manchester City,Burnley,5,0,H,1.08,13.0,34.0,1.28,3.66,-3.0,2.03,1.84,0.0323,0.0361,0.0545
2018,2018-10-20,Newcastle United,Brighton,0,1,A,2.2,3.25,3.8,2.45,1.55,-0.25,1.85,2.02,0.0254,0.0356,0.0533
2018,2018-10-20,West Ham,Tottenham,0,1,A,4.1,3.9,1.9,1.64,2.26,0.75,1.76,2.13,0.0266,0.0377,0.0522
2018,2018-10-20,Wolverhampton Wanderers,Watford,0,2,A,1.75,3.75,5.25,2.04,1.78,-1.0,2.37,1.61,0.0286,0.0431,0.052
2018,2018-10-21,Everton,Crystal Palace,2,0,H,1.85,3.6,4.75,1.98,1.83,-0.75,2.12,1.77,0.0288,0.0367,0.0515
2018,2018-10-22,Arsenal,Leicester,3,1,H,1.53,4.5,6.5,1.47,2.62,-1.0,1.85,2.01,0.0297,0.0381,0.062
2018,2018-10-27,Brighton,Wolverhampton Wanderers,1,0,H,3.2,3.2,2.5,2.38,1.58,0.25,1.81,2.07,0.025,0.0356,0.0531
2018,2018-10-27,Fulham,Bournemouth,0,3,A,2.9,3.75,2.4,1.53,2.48,0.25,1.81,2.08,0.0282,0.0333,0.0568
2018,2018-10-27,Leicester,West Ham,1,1,D,2.1,3.5,3.8,1.97,1.84,-0.25,1.82,2.07,0.0251,0.0325,0.0511
2018,2018-10-27,Liverpool,Cardiff,4,1,H,1.11,11.0,26.0,1.36,3.09,-2.5,1.92,1.96,0.0303,0.031,0.0589
2018,2018-10-27,Southampton,Newcastle United,0,0,D,2.1,3.4,3.9,2.31,1.61,-0.25,1.8,2.1,0.0267,0.0317,0.054
2018,2018-10-27,Watford,Huddersfield,3,0,H,1.75,3.75,5.25,2.18,1.69,-1.0,2.38,1.61,0.0286,0.0413,0.0504
2018,2018-10-28,Burnley,Chelsea,0,4,A,11.0,5.0,1.36,1.79,2.02,1.5,1.8,2.07,0.0262,0.0386,0.0537
2018,2018-10-28,Crystal Palace,Arsenal,2,2,D,4.75,4.1,1.75,1.6,2.33,1.0,1.64,2.32,0.0259,0.0408,0.0542
2018,2018-10-28,Manchester United,Everton,2,1,H,1.72,3.9,5.25,1.81,2.01,-1.0,2.32,1.64,0.0283,0.0408,0.05
2018,2018-10-29,Tottenham,Manchester City,0,1,A,4.75,4.1,1.75,1.58,2.36,1.0,1.68,2.24,0.0259,0.0417,0.0566
2018,2018-11-03,Arsenal,Liverpool,1,1,D,3.9,3.9,1.95,1.53,2.52,0.25,2.2,1.71,0.0256,0.0393,0.0504
2018,2018-11-03,Bournemouth,Manchester United,1,2,A,3.6,3.7,2.1,1.71,2.14,0.25,2.07,1.82,0.0242,0.0325,0.0521
2018,2018-11-03,Cardiff,Leicester,0,1,A,3.8,3.4,2.14,2.1,1.74,0.25,2.06,1.82,0.0246,0.0349,0.0509
2018,2018-11-03,Everton,Brighton,3,1,H,1.61,4.0,6.5,1.96,1.86,-1.0,2.01,1.86,0.025,0.0351,0.0478
2018,2018-11-03,Newcastle United,Watford,1,0,H,2.75,3.25,2.8,2.23,1.66,-0.25,2.29,1.66,0.0285,0.0391,0.0508
2018,2018-11-03,West Ham,Burnley,4,2,H,1.75,3.75,5.25,2.01,1.81,-1.0,2.35,1.63,0.0286,0.039,0.05
2018,2018-11-03,Wolverhampton Wanderers,Tottenham,2,3,A,3.1,3.4,2.45,1.95,1.86,0.25,1.81,2.08,0.0249,0.0333,0.0505
2018,2018-11-04,Chelsea,Crystal Palace,3,1,H,1.25,6.75,13.0,1.51,2.53,-1.75,2.01,1.86,0.0251,0.0351,0.0575
2018,2018-11-04,Manchester City,Southampton,6,1,H,1.11,11.0,29.0,1.3,3.45,-2.5,1.94,1.93,0.0263,0.0336,0.0591
2018,2018-11-05,Huddersfield,Fulham,1,0,H,2.3,3.5,3.3,1.95,1.86,-0.25,1.96,1.91,0.0235,0.0338,0.0505
2018,2018-11-10,Cardiff,Brighton,2,1,H,2.6,3.1,3.1,2.45,1.55,-0.25,2.15,1.75,0.0298,0.0365,0.0533
2018,2018-11-10,Crystal Palace,Tottenham,0,1,A,4.5,3.75,1.85,1.75,2.09,0.75,1.78,2.1,0.0294,0.038,0.0499
2018,2018-11-10,Huddersfield,West Ham,1,1,D,3.4,3.25,2.35,2.25,1.64,0.25,1.91,1.96,0.0273,0.0338,0.0542
2018,2018-11-10,Leicester,Burnley,0,0,D,1.5,4.33,8.0,1.86,1.95,-1.0,1.82,2.06,0.0226,0.0349,0.0505
2018,2018-11-10,Newcastle United,Bournemouth,2,1,H,2.9,3.4,2.6,2.0,1.82,0.25,1.72,2.2,0.0236,0.0359,0.0495
2018,2018-11-10,Southampton,Watford,1,1,D,2.5,3.3,3.1,2.06,1.77,-0.25,2.12,1.78,0.0256,0.0335,0.0504
2018,2018-11-11,Arsenal,Wolverhampton Wanderers,1,1,D,1.66,4.2,5.25,1.62,2.28,-1.0,2.12,1.76,0.031,0.0399,0.0559
2018,2018-11-11,Chelsea,Everton,0,0,D,1.4,5.25,8.5,1.55,2.43,-1.0,1.65,2.29,0.0224,0.0427,0.0567
2018,2018-11-11,Liverpool,Fulham,2,0,H,1.11,11.0,26.0,1.24,3.96,-2.75,2.0,1.87,0.0303,0.0348,0.059
2018,2018-11-11,Manchester City,Manchester United,3,1,H,1.4,5.25,8.5,1.48,2.64,-1.25,1.8,2.08,0.0224,0.0363,0.0545
2018,2018-11-24,Brighton,Leicester,1,1,D,2.9,3.4,2.6,2.28,1.63,0.25,1.68,2.25,0.0236,0.0397,0.0521
2018,2018-11-24,Everton,Cardiff,1,0,H,1.4,5.0,9.0,1.8,2.02,-1.0,1.67,2.25,0.0254,0.0432,0.0506
2018,2018-11-24,Fulham,Southampton,3,2,H,2.62,3.5,2.8,1.89,1.91,-0.25,2.23,1.69,0.0245,0.0401,0.0527
2018,2018-11-24,Manchester United,Crystal Palace,0,0,D,1.4,5.25,8.0,1.76,2.07,-1.0,1.66,2.28,0.0298,0.041,0.0513
2018,2018-11-24,Tottenham,Chelsea,3,1,H,2.8,3.5,2.6,1.74,2.09,0.25,1.72,2.19,0.0275,0.038,0.0532
2018,2018-11-24,Watford,Liverpool,0,3,A,6.5,4.33,1.55,1.65,2.23,1.0,1.94,1.93,0.03,0.0336,0.0545
2018,2018-11-24,West Ham,Manchester City,0,4,A,13.0,6.5,1.25,1.43,2.78,2.0,1.72,2.19,0.0308,0.038,0.059
2018,2018-11-25,Bournemouth,Arsenal,1,2,A,3.5,3.75,1.95,1.49,2.59,0.25,2.1,1.78,0.0652,0.038,0.0572
2018,2018-11-25,Wolverhampton Wanderers,Huddersfield,0,2,A,1.5,4.33,8.0,2.27,1.63,-1.0,1.87,1.99,0.0226,0.0373,0.054
2018,2018-11-26,Burnley,Newcastle United,1,2,A,2.9,3.2,2.75,2.31,1.61,0.25,1.67,2.28,0.021,0.0374,0.054
2018,2018-11-30,Cardiff,Wolverhampton Wanderers,2,1,H,3.8,3.25,2.2,2.38,1.59,0.25,2.0,1.87,0.0254,0.0348,0.0491
2018,2018-12-01,Crystal Palace,Burnley,2,0,H,1.61,3.9,6.5,2.08,1.75,-1.0,2.09,1.79,0.0314,0.0371,0.0522
2018,2018-12-01,Huddersfield,Brighton,1,2,A,2.5,3.0,3.4,2.74,1.45,-0.25,2.08,1.81,0.0275,0.0333,0.0546
2018,2018-12-01,Leicester,Watford,2,0,H,2.25,3.3,3.6,1.98,1.83,-0.25,1.93,1.94,0.0253,0.0336,0.0515
2018,2018-12-01,Manchester City,Bournemouth,3,1,H,1.11,11.0,26.0,1.25,3.86,-2.5,1.83,2.03,0.0303,0.0391,0.0591
2018,2018-12-01,Newcastle United,West Ham,0,3,A,2.5,3.3,3.1,2.15,1.7,-0.25,2.1,1.79,0.0256,0.0348,0.0534
2018,2018-12-01,Southampton,Manchester United,2,2,D,4.33,3.6,1.95,1.89,1.92,0.75,1.71,2.21,0.0215,0.0373,0.0499
2018,2018-12-02,Arsenal,Tottenham,4,2,H,2.62,3.6,2.75,1.56,2.41,-0.25,2.21,1.71,0.0231,0.0373,0.056
2018,2018-12-02,Chelsea,Fulham,2,0,H,1.18,8.0,17.0,1.35,3.18,-2.0,1.81,2.06,0.0313,0.0379,0.0552
2018,2018-12-02,Liverpool,Everton,1,0,H,1.4,5.0,9.0,1.62,2.29,-1.0,1.59,2.41,0.0254,0.0439,0.054
2018,2018-12-04,Bournemouth,Huddersfield,2,1,H,1.66,3.8,6.0,1.92,1.89,-1.0,2.23,1.69,0.0322,0.0401,0.0499
2018,2018-12-04,Brighton,Crystal Palace,3,1,H,3.0,3.1,2.7,2.45,1.55,0.25,1.68,2.26,0.0263,0.0377,0.0533
2018,2018-12-04,Watford,Manchester City,1,2,A,11.0,6.0,1.3,1.5,2.58,1.5,2.02,1.84,0.0268,0.0385,0.0543
2018,2018-12-04,West Ham,Cardiff,3,1,H,1.66,4.0,5.75,1.79,2.04,-1.0,2.11,1.77,0.0263,0.0389,0.0489
2018,2018-12-05,Burnley,Liverpool,1,3,A,14.0,5.75,1.28,1.62,2.28,1.5,2.07,1.79,0.0266,0.0418,0.0559
2018,2018-12-05,Everton,Newcastle United,1,1,D,1.6,4.0,6.5,1.95,1.86,-1.0,2.01,1.85,0.0288,0.0381,0.0505
2018,2018-12-05,Fulham,Leicester,1,1,D,3.0,3.5,2.45,1.79,2.03,0.25,1.81,2.08,0.0272,0.0333,0.0513
2018,2018-12-05,Manchester United,Arsenal,2,2,D,2.45,3.5,3.0,1.62,2.3,-0.25,2.08,1.8,0.0272,0.0363,0.0521
2018,2018-12-05,Tottenham,Southampton,3,1,H,1.36,5.25,9.5,1.66,2.23,-1.0,1.58,2.44,0.031,0.0427,0.0508
2018,2018-12-05,Wolverhampton Wanderers,Chelsea,2,1,H,5.0,3.75,1.8,1.91,1.9,1.0,1.6,2.41,0.0222,0.0399,0.0499
2018,2018-12-08,Arsenal,Huddersfield,1,0,H,1.28,6.0,12.0,1.55,2.44,-1.5,1.8,2.06,0.0312,0.041,0.055
2018,2018-12-08,Bournemouth,Liverpool,0,4,A,5.75,4.5,1.6,1.61,2.32,1.0,1.9,1.96,0.0211,0.0365,0.0522
2018,2018-12-08,Burnley,Brighton,1,0,H,2.9,3.2,2.75,2.41,1.57,0.25,1.65,2.31,0.021,0.039,0.0519
2018,2018-12-08,Cardiff,Southampton,1,0,H,2.9,3.25,2.7,2.15,1.71,0.25,1.7,2.22,0.0229,0.0387,0.0499
2018,2018-12-08,Chelsea,Manchester City,2,0,H,4.0,3.8,1.95,1.69,2.17,0.75,1.7,2.24,0.026,0.0347,0.0525
2018,2018-12-08,Leicester,Tottenham,0,2,A,3.8,3.75,2.0,1.81,2.02,0.25,2.17,1.73,0.0298,0.0389,0.0475
2018,2018-12-08,Manchester United,Fulham,4,1,H,1.33,5.75,10.0,1.57,2.42,-1.5,2.02,1.83,0.0258,0.0415,0.0502
2018,2018-12-08,West Ham,Crystal Palace,3,2,H,2.3,3.4,3.4,1.96,1.85,-0.25,1.93,1.94,0.023,0.0336,0.0507
2018,2018-12-09,Newcastle United,Wolverhampton Wanderers,1,2,A,2.9,3.2,2.7,2.37,1.58,0.25,1.68,2.25,0.0277,0.0397,0.0549
2018,2018-12-10,Everton,Watford,2,2,D,1.8,3.75,5.0,1.89,1.92,-1.0,2.39,1.61,0.0222,0.0395,0.0499
2018,2018-12-15,Crystal Palace,Leicester,1,0,H,2.62,3.2,3.0,2.34,1.6,-0.25,2.23,1.7,0.0275,0.0367,0.0524
2018,2018-12-15,Fulham,West Ham,0,2,A,2.9,3.6,2.5,1.63,2.27,0.25,1.8,2.08,0.0226,0.0363,0.054
2018,2018-12-15,Huddersfield,Newcastle United,0,1,A,2.6,3.1,3.1,2.57,1.5,-0.25,2.21,1.71,0.0298,0.0373,0.0558
2018,2018-12-15,Manchester City,Everton,3,1,H,1.22,7.5,13.0,1.38,2.98,-2.0,2.04,1.82,0.0299,0.0396,0.0602
2018,2018-12-15,Tottenham,Burnley,1,0,H,1.18,8.0,19.0,1.43,2.77,-2.0,1.85,2.0,0.0251,0.0405,0.0603
2018,2018-12-15,Watford,Cardiff,3,2,H,1.64,3.9,6.0,1.94,1.87,-1.0,2.11,1.77,0.0328,0.0389,0.0502
2018,2018-12-15,Wolverhampton Wanderers,Bournemouth,2,0,H,1.95,3.6,4.33,1.89,1.91,-0.75,2.24,1.7,0.0215,0.0347,0.0527
2018,2018-12-16,Brighton,Chelsea,1,2,A,7.5,4.5,1.5,1.84,1.98,1.0,2.06,1.81,0.0222,0.0379,0.0485
2018,2018-12-16,Liverpool,Manchester United,3,1,H,1.57,4.5,6.0,1.68,2.18,-1.0,1.85,2.01,0.0258,0.0381,0.054
2018,2018-12-16,Southampton,Arsenal,3,2,H,4.1,3.9,1.9,1.6,2.33,0.75,1.72,2.19,0.0266,0.038,0.0542
2018,2018-12-21,Wolverhampton Wanderers,Liverpool,0,2,A,7.0,4.0,1.57,1.96,1.86,1.0,1.87,2.01,0.0298,0.0323,0.0478
2018,2018-12-22,Arsenal,Burnley,3,1,H,1.25,6.5,15.0,1.46,2.67,-1.5,1.68,2.24,0.0205,0.0417,0.0595
2018,2018-12-22,Bournemouth,Brighton,2,0,H,1.9,3.7,4.33,1.95,1.87,-0.75,2.21,1.71,0.0275,0.0373,0.0476
2018,2018-12-22,Cardiff,Manchester United,1,5,A,6.5,4.2,1.57,1.8,2.03,1.0,1.86,2.01,0.0289,0.0351,0.0482
2018,2018-12-22,Chelsea,Leicester,0,1,A,1.33,5.5,11.0,1.67,2.21,-1.5,1.97,1.89,0.0246,0.0367,0.0513
2018,2018-12-22,Huddersfield,Southampton,1,3,A,3.1,3.1,2.6,2.4,1.57,0.25,1.73,2.18,0.0298,0.0368,0.0536
2018,2018-12-22,Manchester City,Crystal Palace,2,3,A,1.14,10.0,21.0,1.35,3.18,-2.5,2.11,1.77,0.0248,0.0389,0.0552
2018,2018-12-22,Newcastle United,Fulham,0,0,D,2.0,3.6,4.0,1.93,1.89,-0.25,1.71,2.21,0.0278,0.0373,0.0472
2018,2018-12-22,West Ham,Watford,0,2,A,2.37,3.5,3.1,1.74,2.09,-0.25,2.01,1.87,0.0302,0.0323,0.0532
2018,2018-12-23,Everton,Tottenham,2,6,A,3.25,3.5,2.3,1.77,2.05,0.25,1.9,1.97,0.0282,0.0339,0.0528
2018,2018-12-26,Brighton,Arsenal,1,1,D,5.25,3.9,1.72,1.75,2.08,1.0,1.68,2.26,0.0283,0.0377,0.0522
2018,2018-12-26,Burnley,Everton,1,5,A,4.33,3.5,1.95,2.03,1.8,0.75,1.72,2.2,0.0295,0.0359,0.0482
2018,2018-12-26,Crystal Palace,Cardiff,0,0,D,1.66,4.0,5.75,1.9,1.91,-1.0,2.13,1.76,0.0263,0.0377,0.0499
2018,2018-12-26,Fulham,Wolverhampton Wanderers,1,1,D,3.25,3.4,2.37,2.05,1.78,0.25,1.85,2.03,0.0238,0.0332,0.0496
2018,2018-12-26,Leicester,Manchester City,2,1,H,9.5,5.25,1.36,1.6,2.33,1.5,1.87,2.0,0.031,0.0348,0.0542
2018,2018-12-26,Liverpool,Newcastle United,4,0,H,1.16,8.5,19.0,1.42,2.83,-2.0,1.77,2.11,0.0323,0.0389,0.0576
2018,2018-12-26,Manchester United,Huddersfield,3,1,H,1.25,6.5,15.0,1.65,2.25,-1.5,1.7,2.21,0.0205,0.0407,0.0505
2018,2018-12-26,Tottenham,Bournemouth,5,0,H,1.36,5.5,9.0,1.48,2.62,-1.5,1.96,1.91,0.0282,0.0338,0.0574
2018,2018-12-26,Watford,Chelsea,1,2,A,5.25,3.8,1.75,1.74,2.1,1.0,1.66,2.28,0.0251,0.041,0.0509
2018,2018-12-27,Southampton,West Ham,1,2,A,2.3,3.5,3.3,1.79,2.04,-0.25,1.94,1.94,0.0235,0.0309,0.0489
2018,2018-12-29,Brighton,Everton,1,0,H,3.25,3.4,2.14,2.01,1.81,0.25,1.98,1.89,0.0691,0.0342,0.05
2018,2018-12-29,Fulham,Huddersfield,1,0,H,2.0,3.4,3.75,2.29,1.62,-0.25,1.75,2.15,0.0608,0.0365,0.054
2018,2018-12-29,Leicester,Cardiff,0,1,A,1.55,4.0,6.0,1.9,1.91,-1.0,2.0,1.88,0.0618,0.0319,0.0499
2018,2018-12-29,Liverpool,Arsenal,5,1,H,1.5,4.5,5.75,1.51,2.55,-1.0,1.77,2.13,0.0628,0.0345,0.0544
2018,2018-12-29,Tottenham,Wolverhampton Wanderers,1,3,A,1.33,5.0,8.5,1.68,2.2,-1.5,2.1,1.78,0.0695,0.038,0.0498
2018,2018-12-29,Watford,Newcastle United,1,1,D,1.85,3.6,4.0,1.99,1.83,-1.0,2.54,1.55,0.0683,0.0389,0.049
2018,2018-12-30,Burnley,West Ham,2,0,H,3.3,3.2,2.25,1.91,1.9,0.25,1.92,1.95,0.06,0.0337,0.0499
2018,2018-12-30,Crystal Palace,Chelsea,0,1,A,4.75,4.0,1.66,1.86,1.96,1.0,1.66,2.3,0.0629,0.0372,0.0478
2018,2018-12-30,Manchester United,Bournemouth,4,1,H,1.33,4.75,10.0,1.54,2.49,-1.5,2.01,1.86,0.0624,0.0351,0.051
2018,2018-12-30,Southampton,Manchester City,1,3,A,10.0,5.25,1.3,1.54,2.47,1.5,1.96,1.91,0.0597,0.0338,0.0542
2018,2019-01-01,Arsenal,Fulham,4,1,H,1.33,5.75,9.5,1.44,2.72,-1.5,1.95,1.91,0.0311,0.0364,0.0621
2018,2019-01-01,Cardiff,Tottenham,0,3,A,7.5,4.5,1.5,1.67,2.21,1.0,2.12,1.77,0.0222,0.0367,0.0513
2018,2019-01-01,Everton,Leicester,0,1,A,2.0,3.5,4.2,1.97,1.85,-0.25,1.73,2.18,0.0238,0.0368,0.0482
2018,2019-01-02,Bournemouth,Watford,3,3,D,2.6,3.6,2.75,1.74,2.1,-0.25,2.19,1.73,0.026,0.0347,0.0509
2018,2019-01-02,Chelsea,Southampton,0,0,D,1.28,6.5,11.0,1.51,2.52,-1.5,1.78,2.09,0.026,0.0403,0.0591
2018,2019-01-02,Huddersfield,Burnley,1,2,A,2.14,3.1,4.2,2.45,1.55,-0.25,1.82,2.07,0.028,0.0325,0.0533
2018,2019-01-02,Newcastle United,Manchester United,0,2,A,6.0,4.2,1.61,1.64,2.27,1.0,1.91,1.95,0.0259,0.0364,0.0503
2018,2019-01-02,West Ham,Brighton,2,2,D,1.95,3.75,4.0,1.9,1.91,-0.25,1.7,2.22,0.0295,0.0387,0.0499
2018,2019-01-02,Wolverhampton Wanderers,Crystal Palace,0,2,A,2.0,3.4,4.33,2.23,1.65,-0.25,1.71,2.21,0.0251,0.0373,0.0545
2018,2019-01-03,Manchester City,Liverpool,2,1,H,2.04,3.8,3.6,1.54,2.47,-0.25,1.79,2.1,0.0311,0.0348,0.0542
2018,2019-01-12,Brighton,Liverpool,0,1,A,11.0,6.0,1.3,1.72,2.13,1.5,1.93,1.94,0.0268,0.0336,0.0509
2018,2019-01-12,Burnley,Fulham,2,1,H,2.4,3.3,3.25,2.08,1.76,-0.25,2.02,1.87,0.0274,0.0298,0.049
2018,2019-01-12,Cardiff,Huddersfield,0,0,D,2.25,3.25,3.6,2.5,1.54,-0.25,1.91,1.97,0.0299,0.0312,0.0494
2018,2019-01-12,Chelsea,Newcastle United,2,1,H,1.22,7.0,15.0,1.68,2.21,-2.0,2.25,1.68,0.0292,0.0397,0.0477
2018,2019-01-12,Crystal Palace,Watford,1,2,A,2.25,3.4,3.5,2.09,1.75,-0.25,1.92,1.96,0.0243,0.031,0.0499
2018,2019-01-12,Leicester,Southampton,1,2,A,1.95,3.5,4.33,2.05,1.78,-0.75,2.21,1.71,0.0295,0.0373,0.0496
2018,2019-01-12,West Ham,Arsenal,1,0,H,3.5,4.0,2.05,1.51,2.55,0.5,1.83,2.05,0.0235,0.0343,0.0544
2018,2019-01-13,Everton,Bournemouth,2,0,H,1.75,4.0,4.8,1.68,2.2,-1.0,2.33,1.64,0.0298,0.0389,0.0498
2018,2019-01-13,Tottenham,Manchester United,0,1,A,2.05,3.7,3.75,1.63,2.28,-0.25,1.78,2.1,0.0247,0.038,0.0521
2018,2019-01-14,Manchester City,Wolverhampton Wanderers,3,0,H,1.18,8.0,17.0,1.47,2.67,-2.0,1.93,1.94,0.0313,0.0336,0.0548
2018,2019-01-19,Arsenal,Chelsea,2,0,H,3.1,3.6,2.37,1.67,2.21,0.25,1.86,2.02,0.0223,0.0327,0.0513
2018,2019-01-19,Bournemouth,West Ham,2,0,H,2.37,3.7,3.0,1.63,2.29,-0.25,2.03,1.85,0.0255,0.0332,0.0502
2018,2019-01-19,Liverpool,Crystal Palace,4,3,H,1.2,7.5,17.0,1.49,2.59,-2.0,1.99,1.87,0.0255,0.0373,0.0572
2018,2019-01-19,Manchester United,Brighton,2,1,H,1.3,5.75,12.0,1.68,2.2,-1.5,1.93,1.94,0.0265,0.0336,0.0498
2018,2019-01-19,Newcastle United,Cardiff,3,0,H,1.95,3.4,4.5,2.3,1.62,-0.25,1.67,2.28,0.0292,0.0374,0.0521
2018,2019-01-19,Southampton,Everton,2,1,H,2.75,3.4,2.7,1.9,1.92,-0.25,2.3,1.66,0.0281,0.0372,0.0471
2018,2019-01-19,Watford,Burnley,0,0,D,1.65,4.0,5.75,1.83,1.99,-1.0,2.12,1.77,0.03,0.0367,0.049
2018,2019-01-19,Wolverhampton Wanderers,Leicester,4,3,H,2.37,3.2,3.4,2.38,1.59,-0.25,1.97,1.9,0.0286,0.0339,0.0491
2018,2019-01-20,Fulham,Tottenham,1,2,A,5.25,3.8,1.75,1.87,1.94,1.0,1.65,2.3,0.0251,0.0408,0.0502
2018,2019-01-20,Huddersfield,Manchester City,0,3,A,21.0,8.5,1.16,1.49,2.61,2.5,1.73,2.15,0.0273,0.0432,0.0543
2018,2019-01-29,Arsenal,Cardiff,2,1,H,1.22,7.0,15.0,1.41,2.9,-2.0,2.0,1.87,0.0292,0.0348,0.054
2018,2019-01-29,Fulham,Brighton,4,2,H,2.37,3.3,3.3,2.23,1.66,-0.25,2.02,1.86,0.028,0.0327,0.0508
2018,2019-01-29,Huddersfield,Everton,0,1,A,4.0,3.3,2.1,2.26,1.65,0.75,1.59,2.45,0.0292,0.0371,0.0485
2018,2019-01-29,Manchester United,Burnley,2,2,D,1.28,6.0,12.0,1.55,2.45,-1.5,1.82,2.06,0.0312,0.0349,0.0533
2018,2019-01-29,Newcastle United,Manchester City,2,1,H,19.0,8.0,1.18,1.46,2.69,2.0,1.93,1.94,0.0251,0.0336,0.0567
2018,2019-01-29,Wolverhampton Wanderers,West Ham,3,0,H,2.1,3.5,3.75,1.96,1.86,-0.25,1.78,2.12,0.0286,0.0335,0.0478
2018,2019-01-30,Bournemouth,Chelsea,4,0,H,5.25,4.2,1.66,1.68,2.2,1.0,1.81,2.07,0.031,0.0356,0.0498
2018,2019-01-30,Liverpool,Leicester,1,1,D,1.22,7.0,15.0,1.51,2.55,-1.5,1.67,2.25,0.0292,0.0432,0.0544
2018,2019-01-30,Southampton,Crystal Palace,1,1,D,2.4,3.4,3.2,1.98,1.85,-0.25,2.01,1.86,0.0233,0.0351,0.0456
2018,2019-01-30,Tottenham,Watford,2,1,H,1.66,4.0,5.75,1.72,2.13,-1.0,2.09,1.78,0.0263,0.0403,0.0509
2018,2019-02-02,Brighton,Watford,0,0,D,2.55,3.3,3.0,2.17,1.7,-0.25,2.17,1.73,0.0285,0.0389,0.0491
2018,2019-02-02,Burnley,Southampton,1,1,D,2.55,3.5,2.87,2.06,1.77,-0.25,2.16,1.74,0.0263,0.0377,0.0504
2018,2019-02-02,Cardiff,Bournemouth,2,0,H,3.25,3.5,2.3,1.92,1.89,0.25,1.89,1.98,0.0282,0.0342,0.0499
2018,2019-02-02,Chelsea,Huddersfield,5,0,H,1.2,7.5,19.0,1.63,2.27,-2.0,2.07,1.79,0.0193,0.0418,0.054
2018,2019-02-02,Crystal Palace,Fulham,2,0,H,2.05,3.5,4.0,1.98,1.84,-0.25,1.74,2.16,0.0235,0.0377,0.0485
2018,2019-02-02,Everton,Wolverhampton Wanderers,1,3,A,2.37,3.4,3.25,2.06,1.77,-0.25,2.04,1.84,0.0238,0.0337,0.0504
2018,2019-02-02,Tottenham,Newcastle United,1,0,H,1.44,4.5,9.0,1.84,1.98,-1.5,2.24,1.69,0.0278,0.0381,0.0485
2018,2019-02-03,Leicester,Manchester United,0,1,A,3.6,3.5,2.15,1.81,2.02,0.25,2.07,1.81,0.0286,0.0356,0.0475
2018,2019-02-03,Manchester City,Arsenal,3,1,H,1.33,6.0,9.0,1.35,3.19,-2.0,2.26,1.67,0.0297,0.0413,0.0542
2018,2019-02-04,West Ham,Liverpool,1,1,D,8.0,5.25,1.4,1.59,2.36,1.5,1.84,2.03,0.0298,0.0361,0.0527
2018,2019-02-06,Everton,Manchester City,0,2,A,10.0,6.25,1.3,1.49,2.61,1.5,2.0,1.87,0.0292,0.0348,0.0543
2018,2019-02-09,Brighton,Burnley,1,3,A,2.05,3.3,4.2,2.29,1.63,-0.25,1.74,2.16,0.0289,0.0377,0.0502
2018,2019-02-09,Crystal Palace,West Ham,1,1,D,2.1,3.5,3.75,2.01,1.82,-0.25,1.82,2.06,0.0286,0.0349,0.047
2018,2019-02-09,Fulham,Manchester United,0,3,A,5.5,4.4,1.61,1.6,2.34,1.0,1.84,2.02,0.0302,0.0385,0.0524
2018,2019-02-09,Huddersfield,Arsenal,1,2,A,5.75,4.4,1.6,1.79,2.04,1.0,1.82,2.04,0.0262,0.0396,0.0489
2018,2019-02-09,Liverpool,Bournemouth,3,0,H,1.22,7.5,14.0,1.41,2.87,-2.0,1.91,1.95,0.0244,0.0364,0.0577
2018,2019-02-09,Southampton,Cardiff,1,2,A,1.75,3.9,5.0,2.06,1.77,-1.0,2.42,1.59,0.0278,0.0422,0.0504
2018,2019-02-09,Watford,Everton,1,0,H,2.35,3.5,3.2,1.92,1.89,-0.25,2.02,1.86,0.0237,0.0327,0.0499
2018,2019-02-10,Manchester City,Chelsea,6,0,H,1.5,4.75,7.0,1.62,2.29,-1.0,1.81,2.06,0.0201,0.0379,0.054
2018,2019-02-10,Tottenham,Leicester,3,1,H,1.7,3.9,5.5,1.81,2.02,-1.0,2.2,1.71,0.0265,0.0393,0.0475
2018,2019-02-11,Wolverhampton Wanderers,Newcastle United,1,1,D,1.7,3.75,5.75,2.22,1.66,-1.0,2.31,1.65,0.0288,0.039,0.0529
2018,2019-02-22,Cardiff,Watford,1,5,A,3.1,3.4,2.45,2.04,1.78,0.0,2.17,1.74,0.0249,0.0355,0.052
2018,2019-02-22,West Ham,Fulham,3,1,H,1.95,3.8,4.0,1.7,2.18,-1.0,2.67,1.5,0.026,0.0412,0.047
2018,2019-02-23,Bournemouth,Wolverhampton Wanderers,1,1,D,2.87,3.4,2.62,2.06,1.78,0.25,1.7,2.22,0.0242,0.0387,0.0472
2018,2019-02-23,Burnley,Tottenham,2,1,H,5.75,3.8,1.7,1.74,2.11,1.0,1.71,2.2,0.0253,0.0393,0.0486
2018,2019-02-23,Leicester,Crystal Palace,1,4,A,2.25,3.4,3.5,2.19,1.68,-0.25,1.89,1.97,0.0243,0.0367,0.0519
2018,2019-02-23,Newcastle United,Huddersfield,2,0,H,1.83,3.5,5.25,2.47,1.55,-1.0,2.66,1.5,0.0226,0.0426,0.05
2018,2019-02-24,Arsenal,Southampton,2,0,H,1.5,4.75,7.0,1.6,2.32,-1.0,1.82,2.04,0.0201,0.0396,0.056
2018,2019-02-24,Manchester United,Liverpool,0,0,D,3.1,3.5,2.37,1.79,2.03,0.25,1.86,2.0,0.0302,0.0376,0.0513
2018,2019-02-26,Cardiff,Everton,0,3,A,3.75,3.4,2.15,2.09,1.75,0.25,2.07,1.81,0.0259,0.0356,0.0499
2018,2019-02-26,Huddersfield,Wolverhampton Wanderers,1,0,H,5.0,3.5,1.85,2.44,1.56,1.0,1.5,2.65,0.0263,0.044,0.0509
2018,2019-02-26,Leicester,Brighton,2,1,H,1.9,3.5,4.6,2.21,1.68,-1.0,2.83,1.45,0.0294,0.043,0.0477
2018,2019-02-26,Newcastle United,Burnley,2,0,H,2.15,3.3,3.9,2.34,1.61,-0.25,1.81,2.07,0.0246,0.0356,0.0485
2018,2019-02-27,Arsenal,Bournemouth,5,1,H,1.44,5.0,7.5,1.52,2.54,-1.0,1.67,2.25,0.0278,0.0432,0.0516
2018,2019-02-27,Chelsea,Tottenham,2,0,H,2.3,3.5,3.25,1.84,1.98,-0.25,1.95,1.92,0.0282,0.0337,0.0485
2018,2019-02-27,Crystal Palace,Manchester United,1,3,A,3.25,3.5,2.3,1.88,1.94,0.25,1.87,2.0,0.0282,0.0348,0.0474
2018,2019-02-27,Liverpool,Watford,5,0,H,1.28,6.0,12.0,1.54,2.48,-1.5,1.87,1.99,0.0312,0.0373,0.0526
2018,2019-02-27,Manchester City,West Ham,1,0,H,1.16,9.0,19.0,1.34,3.36,-2.0,1.73,2.16,0.0258,0.041,0.0439
2018,2019-02-27,Southampton,Fulham,2,0,H,1.9,3.7,4.33,1.9,1.92,-0.75,2.17,1.73,0.0275,0.0389,0.0471
2018,2019-03-02,Bournemouth,Manchester City,0,1,A,13.0,7.5,1.22,1.39,2.97,2.0,1.87,1.99,0.0299,0.0373,0.0561
2018,2019-03-02,Brighton,Huddersfield,1,0,H,1.85,3.4,5.25,2.48,1.55,-0.75,2.08,1.8,0.0251,0.0363,0.0484
2018,2019-03-02,Burnley,Crystal Palace,1,3,A,2.8,3.3,2.75,2.08,1.76,0.25,1.68,2.26,0.0238,0.0377,0.049
2018,2019-03-02,Manchester United,Southampton,3,2,H,1.45,4.5,8.5,1.69,2.19,-1.0,1.72,2.19,0.0295,0.038,0.0483
2018,2019-03-02,Tottenham,Arsenal,1,1,D,2.05,3.7,3.75,1.62,2.31,-0.25,1.76,2.13,0.0247,0.0377,0.0502
2018,2019-03-02,West Ham,Newcastle United,2,0,H,2.15,3.5,3.6,1.96,1.86,-0.25,1.8,2.08,0.0286,0.0363,0.0478
2018,2019-03-02,Wolverhampton Wanderers,Cardiff,2,0,H,1.5,4.33,8.0,1.98,1.85,-1.0,1.86,2.0,0.0226,0.0376,0.0456
2018,2019-03-03,Everton,Liverpool,0,0,D,6.0,4.2,1.61,1.89,1.93,1.0,1.78,2.1,0.0259,0.038,0.0472
2018,2019-03-03,Fulham,Chelsea,1,2,A,6.5,4.5,1.53,1.68,2.21,1.0,2.02,1.84,0.0297,0.0385,0.0477
2018,2019-03-03,Watford,Leicester,2,1,H,2.55,3.3,3.0,1.95,1.87,-0.25,2.11,1.78,0.0285,0.0357,0.0476
2018,2019-03-09,Cardiff,West Ham,2,0,H,3.6,3.5,2.15,1.94,1.89,0.25,1.99,1.88,0.0286,0.0344,0.0446
2018,2019-03-09,Crystal Palace,Brighton,1,2,A,1.83,3.6,5.0,2.17,1.7,-0.75,2.12,1.77,0.0242,0.0367,0.0491
2018,2019-03-09,Huddersfield,Bournemouth,0,2,A,3.4,3.3,2.35,2.22,1.67,0.25,1.92,1.95,0.0227,0.0337,0.0493
2018,2019-03-09,Leicester,Fulham,3,1,H,1.57,4.5,6.0,1.69,2.19,-1.0,2.0,1.86,0.0258,0.0376,0.0483
2018,2019-03-09,Manchester City,Watford,3,1,H,1.16,9.0,19.0,1.32,3.32,-2.5,2.11,1.77,0.0258,0.0389,0.0588
2018,2019-03-09,Newcastle United,Everton,3,2,H,2.8,3.25,2.8,2.36,1.6,-0.25,2.35,1.63,0.022,0.039,0.0487
2018,2019-03-09,Southampton,Tottenham,2,1,H,4.5,3.8,1.85,1.8,2.03,0.75,1.77,2.11,0.0259,0.0389,0.0482
2018,2019-03-10,Arsenal,Manchester United,2,0,H,2.4,3.6,3.0,1.66,2.23,-0.25,2.06,1.82,0.0278,0.0349,0.0508
2018,2019-03-10,Chelsea,Wolverhampton Wanderers,1,1,D,1.55,4.2,7.0,1.9,1.92,-1.0,1.96,1.91,0.0261,0.0338,0.0471
2018,2019-03-10,Liverpool,Burnley,4,2,H,1.16,8.5,21.0,1.44,2.75,-2.25,2.08,1.8,0.0273,0.0363,0.0581
2018,2019-03-16,Bournemouth,Newcastle United,2,2,D,2.05,3.6,3.8,2.01,1.82,-0.25,1.79,2.09,0.0287,0.0371,0.047
2018,2019-03-16,Burnley,Leicester,1,2,A,3.1,3.4,2.45,2.01,1.82,0.25,1.82,2.05,0.0249,0.0373,0.047
2018,2019-03-16,West Ham,Huddersfield,4,3,H,1.55,4.2,7.0,1.98,1.85,-1.0,1.98,1.89,0.0261,0.0342,0.0456
2018,2019-03-17,Everton,Chelsea,2,0,H,4.0,3.8,1.95,1.92,1.89,0.75,1.68,2.25,0.026,0.0397,0.0499
2018,2019-03-17,Fulham,Liverpool,1,2,A,12.0,7.0,1.25,1.48,2.62,1.5,2.19,1.72,0.0262,0.038,0.0574
2018,2019-03-30,Brighton,Southampton,0,1,A,2.55,3.2,3.1,2.44,1.56,0.0,1.78,2.11,0.0272,0.0357,0.0509
2018,2019-03-30,Burnley,Wolverhampton Wanderers,2,0,H,3.2,3.25,2.45,2.3,1.63,0.25,1.8,2.08,0.0284,0.0363,0.0483
2018,2019-03-30,Crystal Palace,Huddersfield,2,0,H,1.45,4.4,9.0,2.15,1.72,-1.0,1.78,2.09,0.028,0.0403,0.0465
2018,2019-03-30,Fulham,Manchester City,0,2,A,21.0,11.0,1.12,1.29,3.55,2.5,1.9,1.95,0.0314,0.0391,0.0569
2018,2019-03-30,Leicester,Bournemouth,2,0,H,1.85,3.8,4.5,1.68,2.21,-1.0,2.47,1.57,0.0259,0.0418,0.0477
2018,2019-03-30,Manchester United,Watford,2,1,H,1.44,4.75,8.0,1.65,2.27,-1.0,1.7,2.21,0.03,0.0407,0.0466
2018,2019-03-30,West Ham,Everton,0,2,A,2.55,3.5,2.9,1.79,2.04,-0.25,2.16,1.73,0.0227,0.041,0.0489
2018,2019-03-31,Cardiff,Chelsea,1,2,A,9.0,4.5,1.44,1.77,2.06,1.5,1.67,2.25,0.0278,0.0432,0.0504
2018,2019-03-31,Liverpool,Tottenham,2,1,H,1.61,4.2,6.0,1.68,2.21,-1.0,2.03,1.84,0.0259,0.0361,0.0477
2018,2019-04-01,Arsenal,Newcastle United,2,0,H,1.36,5.25,9.5,1.59,2.36,-1.5,2.1,1.77,0.031,0.0412,0.0527
2018,2019-04-02,Watford,Fulham,4,1,H,1.72,4.0,5.0,1.7,2.17,-1.0,2.29,1.67,0.0314,0.0355,0.0491
2018,2019-04-02,Wolverhampton Wanderers,Manchester United,2,1,H,4.0,3.6,2.0,2.03,1.8,0.25,2.22,1.71,0.0278,0.0352,0.0482
2018,2019-04-03,Chelsea,Brighton,3,0,H,1.25,6.5,15.0,1.7,2.16,-1.5,1.84,2.03,0.0205,0.0361,0.0512
2018,2019-04-03,Manchester City,Cardiff,2,0,H,1.06,17.0,34.0,1.22,4.15,-3.0,1.81,2.05,0.0316,0.0403,0.0606
2018,2019-04-03,Tottenham,Crystal Palace,2,0,H,1.45,5.0,7.5,1.65,2.24,-1.0,1.75,2.13,0.023,0.0409,0.0525
2018,2019-04-05,Southampton,Liverpool,1,3,A,9.0,5.0,1.4,1.71,2.15,1.0,2.43,1.6,0.0254,0.0365,0.0499
2018,2019-04-06,Bournemouth,Burnley,1,3,A,2.1,3.6,3.75,1.84,1.99,-0.25,1.78,2.1,0.0206,0.038,0.046
2018,2019-04-06,Huddersfield,Leicester,1,4,A,5.0,4.0,1.72,2.0,1.83,1.0,1.64,2.34,0.0314,0.0371,0.0464
2018,2019-04-06,Newcastle United,Crystal Palace,0,1,A,2.6,3.25,3.0,2.26,1.65,-0.25,2.15,1.75,0.0256,0.0365,0.0485
2018,2019-04-07,Everton,Arsenal,1,0,H,3.0,3.75,2.35,1.68,2.19,0.25,1.85,2.02,0.0255,0.0356,0.0519
2018,2019-04-08,Chelsea,West Ham,2,0,H,1.33,5.75,9.5,1.52,2.51,-1.5,1.9,1.96,0.0311,0.0365,0.0563
2018,2019-04-12,Leicester,Newcastle United,0,1,A,1.66,4.0,5.75,1.92,1.9,-1.0,2.14,1.76,0.0263,0.0355,0.0471
2018,2019-04-13,Brighton,Bournemouth,0,5,A,2.3,3.4,3.4,2.08,1.77,-0.25,1.93,1.94,0.023,0.0336,0.0457
2018,2019-04-13,Burnley,Cardiff,2,0,H,1.9,3.6,4.5,2.06,1.77,-1.0,2.74,1.48,0.0263,0.0406,0.0504
2018,2019-04-13,Fulham,Everton,2,0,H,5.0,4.0,1.75,1.72,2.14,0.75,1.91,1.96,0.0214,0.0338,0.0487
2018,2019-04-13,Manchester United,West Ham,2,1,H,1.4,5.25,8.5,1.52,2.55,-1.5,2.08,1.79,0.0224,0.0394,0.0501
2018,2019-04-13,Southampton,Wolverhampton Wanderers,3,1,H,2.6,3.25,3.0,2.32,1.62,-0.25,2.18,1.73,0.0256,0.0368,0.0483
2018,2019-04-13,Tottenham,Huddersfield,4,0,H,1.22,7.0,15.0,1.47,2.66,-2.0,2.05,1.81,0.0292,0.0403,0.0562
2018,2019-04-14,Crystal Palace,Manchester City,1,3,A,11.0,6.0,1.3,1.6,2.34,1.5,1.94,1.93,0.0268,0.0336,0.0524
2018,2019-04-14,Liverpool,Chelsea,2,0,H,1.66,4.2,5.25,1.77,2.06,-1.0,2.15,1.74,0.031,0.0398,0.0504
2018,2019-04-15,Watford,Arsenal,0,1,A,3.2,3.75,2.25,1.57,2.4,0.25,1.95,1.92,0.0236,0.0337,0.0536
2018,2019-04-16,Brighton,Cardiff,0,2,A,2.0,3.3,4.5,2.32,1.61,-1.0,3.01,1.4,0.0253,0.0465,0.0522
2018,2019-04-20,Bournemouth,Fulham,0,1,A,1.65,4.4,5.25,1.54,2.46,-1.0,2.11,1.77,0.0238,0.0389,0.0559
2018,2019-04-20,Huddersfield,Watford,1,2,A,4.4,3.9,1.85,1.83,1.99,0.75,1.79,2.09,0.0242,0.0371,0.049
2018,2019-04-20,Manchester City,Tottenham,1,0,H,1.3,6.0,11.0,1.43,2.8,-1.5,1.76,2.13,0.0268,0.0377,0.0564
2018,2019-04-20,Newcastle United,Southampton,3,1,H,2.55,3.2,3.1,2.34,1.6,-0.25,2.11,1.79,0.0272,0.0326,0.0524
2018,2019-04-20,West Ham,Leicester,2,2,D,3.3,3.5,2.3,1.71,2.14,0.25,1.88,1.99,0.0235,0.0344,0.0521
2018,2019-04-20,Wolverhampton Wanderers,Brighton,0,0,D,1.75,3.5,6.0,2.38,1.59,-1.0,2.47,1.57,0.0238,0.0418,0.0491
2018,2019-04-21,Arsenal,Crystal Palace,2,3,A,1.53,4.6,6.5,1.58,2.38,-1.0,1.87,1.99,0.0248,0.0373,0.0531
2018,2019-04-21,Cardiff,Liverpool,0,2,A,17.0,7.5,1.2,1.53,2.48,1.5,2.36,1.62,0.0255,0.041,0.0568
2018,2019-04-21,Everton,Manchester United,4,0,H,3.25,3.5,2.3,1.86,1.95,0.25,1.89,1.98,0.0282,0.0342,0.0505
2018,2019-04-22,Chelsea,Burnley,2,2,D,1.25,6.25,15.0,1.62,2.29,-1.5,1.77,2.1,0.0267,0.0412,0.054
2018,2019-04-23,Tottenham,Brighton,1,0,H,1.28,6.0,13.0,1.71,2.15,-1.5,1.86,2.0,0.0248,0.0376,0.0499
2018,2019-04-23,Watford,Southampton,1,1,D,2.25,3.5,3.4,1.82,2.01,0.0,1.62,2.38,0.0243,0.0375,0.047
2018,2019-04-24,Manchester United,Manchester City,0,2,A,7.5,5.0,1.44,1.52,2.54,1.5,1.68,2.24,0.0278,0.0417,0.0516
2018,2019-04-24,Wolverhampton Wanderers,Arsenal,3,1,H,2.9,3.5,2.55,1.88,1.94,0.0,2.09,1.8,0.0227,0.034,0.0474
2018,2019-04-26,Liverpool,Huddersfield,5,0,H,1.07,15.0,41.0,1.22,4.17,-3.0,1.89,1.97,0.0256,0.0367,0.0595
2018,2019-04-27,Brighton,Newcastle United,1,1,D,2.3,3.2,3.6,2.39,1.58,-0.5,2.3,1.66,0.0251,0.0372,0.0513
2018,2019-04-27,Crystal Palace,Everton,0,0,D,2.62,3.5,2.8,1.94,1.88,0.25,1.63,2.37,0.0245,0.0354,0.0474
2018,2019-04-27,Fulham,Cardiff,1,0,H,2.4,3.6,3.0,1.73,2.11,0.0,1.74,2.15,0.0278,0.0398,0.052
2018,2019-04-27,Southampton,Bournemouth,3,3,D,1.9,3.9,4.1,1.75,2.08,-0.5,1.89,1.97,0.0266,0.0367,0.0522
2018,2019-04-27,Tottenham,West Ham,0,1,A,1.4,5.5,7.5,1.53,2.5,-1.5,2.17,1.72,0.0294,0.0422,0.0536
2018,2019-04-27,Watford,Wolverhampton Wanderers,1,2,A,2.62,3.3,2.9,2.19,1.68,0.25,1.59,2.46,0.0295,0.0354,0.0519
2018,2019-04-28,Burnley,Manchester City,0,1,A,23.0,9.0,1.14,1.41,2.88,2.0,2.2,1.71,0.0318,0.0393,0.0564
2018,2019-04-28,Leicester,Arsenal,3,0,H,2.75,3.6,2.6,1.61,2.33,0.25,1.71,2.22,0.026,0.0352,0.0503
2018,2019-04-28,Manchester United,Chelsea,1,1,D,2.7,3.5,2.7,1.85,1.97,-0.25,2.31,1.66,0.0265,0.0353,0.0482
2018,2019-05-03,Everton,Burnley,2,0,H,1.66,4.0,5.75,1.84,1.99,-1.0,2.16,1.75,0.0263,0.0344,0.046
2018,2019-05-04,Bournemouth,Tottenham,1,0,H,4.0,4.0,1.9,1.62,2.3,1.0,1.54,2.55,0.0263,0.0415,0.0521
2018,2019-05-04,Cardiff,Crystal Palace,2,3,A,2.6,3.75,2.7,1.93,1.88,0.25,1.66,2.31,0.0217,0.0353,0.05
2018,2019-05-04,Newcastle United,Liverpool,2,3,A,9.5,5.25,1.36,1.71,2.14,1.5,1.83,2.03,0.031,0.0391,0.0521
2018,2019-05-04,West Ham,Southampton,3,0,H,2.3,3.75,3.1,1.61,2.32,-0.5,2.29,1.66,0.024,0.0391,0.0522
2018,2019-05-04,Wolverhampton Wanderers,Fulham,1,0,H,1.53,4.2,7.5,1.8,2.03,-1.0,1.93,1.94,0.025,0.0336,0.0482
2018,2019-05-05,Arsenal,Brighton,1,1,D,1.4,5.0,9.0,1.67,2.2,-1.5,2.21,1.7,0.0254,0.0407,0.0533
2018,2019-05-05,Chelsea,Watford,3,0,H,1.4,5.25,8.0,1.6,2.34,-1.5,2.14,1.74,0.0298,0.042,0.0524
2018,2019-05-05,Huddersfield,Manchester United,1,1,D,11.0,6.0,1.3,1.67,2.22,1.5,1.93,1.93,0.0268,0.0363,0.0493
2018,2019-05-06,Manchester City,Leicester,1,0,H,1.12,8.5,17.0,1.31,3.42,-2.0,1.75,2.12,0.0693,0.0431,0.0558
2018,2019-05-12,Brighton,Manchester City,1,4,A,19.0,8.5,1.16,1.41,2.86,2.5,1.64,2.3,0.0323,0.0445,0.0589
2018,2019-05-12,Burnley,Arsenal,1,3,A,3.25,3.8,2.2,1.57,2.39,0.5,1.72,2.18,0.0254,0.0401,0.0554
2018,2019-05-12,Crystal Palace,Bournemouth,5,3,H,1.9,4.2,3.8,1.54,2.45,-1.0,2.52,1.54,0.0276,0.0462,0.0575
2018,2019-05-12,Fulham,Newcastle United,0,4,A,2.5,3.6,2.9,1.75,2.08,-0.25,2.15,1.75,0.0226,0.0365,0.0522
2018,2019-05-12,Leicester,Chelsea,0,0,D,2.4,3.75,2.9,1.7,2.16,-0.5,2.38,1.62,0.0282,0.0375,0.0512
2018,2019-05-12,Liverpool,Wolverhampton Wanderers,2,0,H,1.3,6.0,11.0,1.61,2.31,-1.5,1.91,1.95,0.0268,0.0364,0.054
2018,2019-05-12,Manchester United,Cardiff,0,2,A,1.28,6.5,11.0,1.39,2.95,-2.0,2.32,1.64,0.026,0.0408,0.0584
2018,2019-05-12,Southampton,Huddersfield,1,1,D,1.44,4.75,8.5,1.62,2.29,-1.5,2.16,1.73,0.0226,0.041,0.054
2018,2019-05-12,Tottenham,Everton,2,2,D,2.2,3.5,3.5,1.76,2.07,-0.5,2.08,1.8,0.026,0.0363,0.0513
2018,2019-05-12,Watford,West Ham,1,4,A,2.25,3.75,3.2,1.55,2.44,-0.5,2.19,1.72,0.0236,0.038,0.055
2019,2019-08-09,Liverpool,Norwich,4,1,H,1.14,10.0,19.0,1.41,2.92,-2.25,1.94,1.94,0.0298,0.0309,0.0517
2019,2019-08-10,West Ham,Manchester City,0,5,A,12.0,6.5,1.22,1.48,2.65,1.75,1.99,1.89,0.0569,0.0316,0.053
2019,2019-08-10,Bournemouth,Sheffield United,1,1,D,1.95,3.6,3.6,1.9,1.93,-0.5,2.0,1.88,0.0684,0.0319,0.0445
2019,2019-08-10,Burnley,Southampton,3,0,H,2.62,3.2,2.75,2.12,1.73,0.0,1.91,1.98,0.0578,0.0286,0.0497
2019,2019-08-10,Crystal Palace,Everton,0,0,D,3.0,3.25,2.37,2.18,1.7,0.25,1.84,2.04,0.063,0.0337,0.047
2019,2019-08-10,Watford,Brighton,0,3,A,1.9,3.4,4.0,2.16,1.71,-0.5,1.94,1.94,0.0704,0.0309,0.0478
2019,2019-08-10,Tottenham,Aston Villa,3,1,H,1.3,5.25,10.0,1.65,2.26,-1.5,1.93,1.94,0.0597,0.0336,0.0485
2019,2019-08-11,Leicester,Wolverhampton Wanderers,0,0,D,2.2,3.2,3.4,2.17,1.7,-0.25,1.91,1.98,0.0612,0.0286,0.0491
2019,2019-08-11,Newcastle United,Arsenal,0,1,A,4.5,3.75,1.72,1.77,2.07,0.75,1.85,2.03,0.0703,0.0332,0.0481
2019,2019-08-11,Manchester United,Chelsea,4,0,H,2.1,3.3,3.5,2.01,1.83,-0.25,1.89,2.0,0.0649,0.0291,0.044
2019,2019-08-17,Arsenal,Burnley,2,1,H,1.3,5.5,10.0,1.6,2.34,-1.5,1.98,1.9,0.051,0.0314,0.0524
2019,2019-08-17,Aston Villa,Bournemouth,1,2,A,2.3,3.4,3.1,1.81,2.03,-0.25,2.01,1.88,0.0515,0.0294,0.0451
2019,2019-08-17,Brighton,West Ham,1,1,D,2.55,3.25,2.87,1.95,1.87,-0.25,2.16,1.75,0.0483,0.0344,0.0476
2019,2019-08-17,Everton,Watford,1,0,H,1.72,3.8,4.75,1.79,2.05,-0.75,1.94,1.95,0.0551,0.0283,0.0465
2019,2019-08-17,Norwich,Newcastle United,3,1,H,2.25,3.3,3.3,1.95,1.88,-0.25,1.92,1.97,0.0505,0.0284,0.0447
2019,2019-08-17,Southampton,Liverpool,1,2,A,6.5,4.75,1.44,1.64,2.28,1.25,1.84,2.04,0.0588,0.0337,0.0484
2019,2019-08-17,Manchester City,Tottenham,2,2,D,1.36,5.25,8.0,1.52,2.55,-1.5,2.0,1.87,0.0508,0.0348,0.0501
2019,2019-08-18,Sheffield United,Crystal Palace,1,0,H,2.55,3.1,2.9,2.37,1.6,-0.25,2.19,1.73,0.0596,0.0347,0.0469
2019,2019-08-18,Chelsea,Leicester,1,1,D,1.7,3.75,5.0,1.96,1.86,-0.75,1.95,1.94,0.0549,0.0283,0.0478
2019,2019-08-19,Wolverhampton Wanderers,Manchester United,1,1,D,3.3,3.3,2.25,2.12,1.74,0.25,1.92,1.97,0.0505,0.0284,0.0464
2019,2019-08-23,Aston Villa,Everton,2,0,H,3.25,3.5,2.15,1.79,2.05,0.25,1.92,1.97,0.0585,0.0284,0.0465
2019,2019-08-24,Norwich,Chelsea,2,3,A,4.33,3.75,1.8,1.56,2.44,0.75,1.84,2.05,0.0532,0.0313,0.0509
2019,2019-08-24,Brighton,Southampton,0,2,A,2.4,3.3,3.0,2.1,1.75,-0.25,2.08,1.82,0.053,0.0302,0.0476
2019,2019-08-24,Manchester United,Crystal Palace,1,2,A,1.33,5.25,9.0,1.76,2.09,-1.5,2.07,1.81,0.0535,0.0356,0.0467
2019,2019-08-24,Sheffield United,Leicester,1,2,A,3.3,3.3,2.25,2.3,1.63,0.25,1.96,1.92,0.0505,0.031,0.0483
2019,2019-08-24,Watford,West Ham,1,3,A,2.05,3.5,3.5,1.73,2.13,-0.25,1.84,2.05,0.0592,0.0313,0.0475
2019,2019-08-24,Liverpool,Arsenal,3,1,H,1.5,4.6,6.0,1.44,2.79,-1.25,2.03,1.86,0.0507,0.0302,0.0529
2019,2019-08-25,Bournemouth,Manchester City,1,3,A,15.0,7.5,1.16,1.37,3.08,2.0,2.01,1.87,0.0621,0.0323,0.0546
2019,2019-08-25,Tottenham,Newcastle United,0,1,A,1.2,6.5,14.0,1.55,2.47,-1.75,1.95,1.93,0.0586,0.031,0.05
2019,2019-08-25,Wolverhampton Wanderers,Burnley,1,1,D,1.85,3.4,4.5,2.29,1.63,-0.5,1.84,2.05,0.0569,0.0313,0.0502
2019,2019-08-31,Southampton,Manchester United,1,1,D,3.8,3.3,2.05,1.9,1.94,0.25,2.1,1.8,0.054,0.0317,0.0418
2019,2019-08-31,Chelsea,Sheffield United,2,2,D,1.36,4.75,9.0,1.73,2.13,-1.5,2.11,1.79,0.0569,0.0326,0.0475
2019,2019-08-31,Crystal Palace,Aston Villa,1,0,H,2.15,3.3,3.5,1.97,1.86,-0.25,1.89,2.0,0.0539,0.0291,0.0452
2019,2019-08-31,Leicester,Bournemouth,3,1,H,1.7,4.0,4.75,1.65,2.26,-0.75,1.91,1.98,0.0488,0.0286,0.0485
2019,2019-08-31,Manchester City,Brighton,4,0,H,1.08,10.0,26.0,1.3,3.53,-2.75,1.95,1.94,0.0644,0.0283,0.0525
2019,2019-08-31,Newcastle United,Watford,1,1,D,2.5,3.25,2.87,2.08,1.77,0.0,1.88,2.01,0.0561,0.0294,0.0457
2019,2019-08-31,West Ham,Norwich,2,0,H,1.85,3.9,3.9,1.48,2.64,-0.5,1.89,2.0,0.0534,0.0291,0.0545
2019,2019-08-31,Burnley,Liverpool,0,3,A,9.5,5.5,1.3,1.61,2.33,1.5,1.89,2.0,0.0563,0.0291,0.0503
2019,2019-09-01,Everton,Wolverhampton Wanderers,3,2,H,2.2,3.25,3.5,2.25,1.66,-0.25,1.85,2.04,0.048,0.0307,0.0469
2019,2019-09-01,Arsenal,Tottenham,2,2,D,2.37,3.6,2.8,1.57,2.4,-0.25,2.07,1.83,0.0569,0.0295,0.0536
2019,2019-09-14,Liverpool,Newcastle United,3,1,H,1.14,8.5,17.0,1.42,2.89,-2.25,2.01,1.87,0.0537,0.0323,0.0502
2019,2019-09-14,Brighton,Burnley,1,1,D,2.15,3.3,3.5,2.09,1.76,-0.25,1.84,2.05,0.0539,0.0313,0.0467
2019,2019-09-14,Manchester United,Leicester,1,0,H,1.95,3.5,4.0,1.85,1.98,-0.5,1.93,1.95,0.0485,0.031,0.0456
2019,2019-09-14,Sheffield United,Southampton,0,1,A,2.45,3.2,3.0,2.18,1.7,-0.25,2.09,1.81,0.054,0.031,0.047
2019,2019-09-14,Tottenham,Crystal Palace,4,0,H,1.36,5.25,8.0,1.64,2.28,-1.25,1.89,1.99,0.0508,0.0316,0.0484
2019,2019-09-14,Wolverhampton Wanderers,Chelsea,2,5,A,2.9,3.3,2.5,1.97,1.86,0.25,1.79,2.12,0.0479,0.0304,0.0452
2019,2019-09-14,Norwich,Manchester City,3,2,H,15.0,9.0,1.14,1.23,4.15,2.5,1.86,2.02,0.055,0.0327,0.054
2019,2019-09-15,Bournemouth,Everton,3,1,H,2.9,3.5,2.4,1.75,2.1,0.25,1.84,2.05,0.0472,0.0313,0.0476
2019,2019-09-15,Watford,Arsenal,2,2,D,3.6,3.6,2.0,1.57,2.41,0.5,1.87,2.02,0.0556,0.0298,0.0519
2019,2019-09-16,Aston Villa,West Ham,0,0,D,2.62,3.5,2.6,1.62,2.31,0.0,1.94,1.95,0.052,0.0283,0.0502
2019,2019-09-20,Southampton,Bournemouth,1,3,A,2.05,3.6,3.5,1.69,2.21,-0.25,1.83,2.06,0.0513,0.0319,0.0442
2019,2019-09-21,Leicester,Tottenham,2,1,H,2.87,3.5,2.37,1.79,2.04,0.25,1.79,2.11,0.0561,0.0326,0.0489
2019,2019-09-21,Burnley,Norwich,2,0,H,2.0,3.8,3.5,1.67,2.22,-0.5,1.99,1.89,0.0489,0.0316,0.0493
2019,2019-09-21,Everton,Sheffield United,0,2,A,1.61,3.75,6.0,2.03,1.81,-0.75,1.87,2.01,0.0545,0.0323,0.0451
2019,2019-09-21,Manchester City,Watford,8,0,H,1.1,11.0,21.0,1.25,3.91,-2.5,1.95,1.94,0.0476,0.0283,0.0558
2019,2019-09-21,Newcastle United,Brighton,0,0,D,2.5,3.2,3.0,2.35,1.61,-0.25,2.12,1.78,0.0458,0.0335,0.0466
2019,2019-09-22,Crystal Palace,Wolverhampton Wanderers,1,1,D,2.62,3.1,2.87,2.37,1.59,0.0,1.84,2.05,0.0527,0.0313,0.0509
2019,2019-09-22,West Ham,Manchester United,2,0,H,3.1,3.6,2.2,1.69,2.2,0.25,1.96,1.93,0.0549,0.0283,0.0463
2019,2019-09-22,Arsenal,Aston Villa,3,2,H,1.4,4.75,8.0,1.45,2.77,-1.25,1.9,1.98,0.0498,0.0314,0.0507
2019,2019-09-22,Chelsea,Liverpool,1,2,A,3.5,3.75,2.0,1.59,2.37,0.5,1.85,2.04,0.0524,0.0307,0.0509
2019,2019-09-28,Sheffield United,Liverpool,0,1,A,9.0,5.25,1.33,1.62,2.32,1.5,1.82,2.06,0.0535,0.0349,0.0483
2019,2019-09-28,Aston Villa,Burnley,2,2,D,2.3,3.4,3.1,1.91,1.92,-0.25,2.05,1.84,0.0515,0.0313,0.0444
2019,2019-09-28,Bournemouth,West Ham,2,2,D,2.5,3.5,2.75,1.57,2.41,-0.25,2.14,1.77,0.0494,0.0323,0.0519
2019,2019-09-28,Chelsea,Brighton,2,0,H,1.4,4.75,8.0,1.65,2.27,-1.25,1.99,1.9,0.0498,0.0288,0.0466
2019,2019-09-28,Crystal Palace,Norwich,2,0,H,1.9,3.75,3.75,1.72,2.14,-0.5,1.93,1.95,0.0596,0.031,0.0487
2019,2019-09-28,Tottenham,Southampton,2,1,H,1.4,4.75,8.0,1.61,2.35,-1.25,1.98,1.9,0.0498,0.0314,0.0466
2019,2019-09-28,Wolverhampton Wanderers,Watford,2,0,H,1.85,3.4,4.5,1.99,1.84,-0.5,1.88,2.0,0.0569,0.0319,0.046
2019,2019-09-28,Everton,Manchester City,1,3,A,10.0,5.5,1.3,1.47,2.69,1.5,2.02,1.87,0.051,0.0298,0.052
2019,2019-09-29,Leicester,Newcastle United,5,0,H,1.5,4.0,7.5,2.08,1.77,-1.0,1.93,1.95,0.05,0.031,0.0457
2019,2019-09-30,Manchester United,Arsenal,1,1,D,2.37,3.5,2.9,1.63,2.28,-0.25,2.05,1.84,0.0525,0.0313,0.0521
2019,2019-10-05,Brighton,Tottenham,3,0,H,3.9,3.6,1.9,1.76,2.09,0.5,1.93,1.96,0.0605,0.0283,0.0467
2019,2019-10-05,Burnley,Everton,1,0,H,2.87,3.3,2.5,2.12,1.74,0.25,1.76,2.15,0.0515,0.0333,0.0464
2019,2019-10-05,Liverpool,Leicester,2,1,H,1.44,4.75,7.0,1.61,2.34,-1.25,2.03,1.85,0.0478,0.0332,0.0485
2019,2019-10-05,Norwich,Aston Villa,1,5,A,2.37,3.6,2.8,1.57,2.43,-0.25,2.11,1.79,0.0569,0.0326,0.0485
2019,2019-10-05,Watford,Sheffield United,0,0,D,2.05,3.4,3.6,2.0,1.84,-0.25,1.84,2.05,0.0597,0.0313,0.0435
2019,2019-10-05,West Ham,Crystal Palace,1,2,A,1.95,3.6,3.8,1.83,2.0,-0.5,2.01,1.88,0.0538,0.0294,0.0464
2019,2019-10-06,Arsenal,Bournemouth,1,0,H,1.44,4.75,7.0,1.35,3.2,-1.25,1.93,1.96,0.0478,0.0283,0.0532
2019,2019-10-06,Manchester City,Wolverhampton Wanderers,0,2,A,1.12,9.0,21.0,1.38,3.08,-2.25,1.9,1.99,0.0516,0.0288,0.0493
2019,2019-10-06,Southampton,Chelsea,1,4,A,4.0,3.8,1.85,1.7,2.18,0.5,2.01,1.87,0.0537,0.0323,0.047
2019,2019-10-06,Newcastle United,Manchester United,1,0,H,4.5,3.5,1.85,2.16,1.71,0.5,1.98,1.9,0.0485,0.0314,0.0478
2019,2019-10-19,Everton,West Ham,2,0,H,1.95,3.75,3.75,1.72,2.14,-0.5,1.97,1.91,0.0462,0.0312,0.0487
2019,2019-10-19,Aston Villa,Brighton,2,1,H,2.35,3.4,3.0,1.82,2.01,-0.25,2.04,1.85,0.053,0.0307,0.047
2019,2019-10-19,Bournemouth,Norwich,0,0,D,1.72,4.2,4.2,1.41,2.94,-0.75,1.9,1.98,0.0576,0.0314,0.0494
2019,2019-10-19,Chelsea,Newcastle United,1,0,H,1.3,5.5,10.0,1.59,2.38,-1.5,1.88,2.0,0.051,0.0319,0.0491
2019,2019-10-19,Leicester,Burnley,2,1,H,1.57,4.0,6.0,1.94,1.89,-1.0,1.99,1.89,0.0536,0.0316,0.0446
2019,2019-10-19,Tottenham,Watford,1,1,D,1.4,5.0,7.5,1.53,2.52,-1.25,1.92,1.96,0.0476,0.031,0.0504
2019,2019-10-19,Wolverhampton Wanderers,Southampton,1,1,D,1.8,3.6,4.5,2.09,1.76,-0.5,1.85,2.03,0.0556,0.0332,0.0467
2019,2019-10-19,Crystal Palace,Manchester City,0,2,A,12.0,7.0,1.22,1.44,2.81,1.75,1.99,1.89,0.0459,0.0316,0.0503
2019,2019-10-20,Manchester United,Liverpool,1,1,D,5.25,3.8,1.65,1.76,2.08,0.75,1.98,1.9,0.0597,0.0314,0.049
2019,2019-10-21,Sheffield United,Arsenal,1,0,H,3.9,3.75,1.9,1.69,2.19,0.5,1.96,1.92,0.0494,0.031,0.0483
2019,2019-10-25,Southampton,Leicester,0,9,A,3.1,3.4,2.3,2.01,1.83,0.25,1.86,2.02,0.0515,0.0327,0.044
2019,2019-10-26,Manchester City,Aston Villa,3,0,H,1.08,11.0,26.0,1.21,4.45,-3.0,2.04,1.83,0.0553,0.0366,0.0512
2019,2019-10-26,Brighton,Everton,3,2,H,2.9,3.25,2.5,2.06,1.78,0.0,2.03,1.85,0.0525,0.0332,0.0472
2019,2019-10-26,Watford,Bournemouth,0,0,D,2.15,3.6,3.25,1.69,2.18,-0.25,1.9,1.98,0.0506,0.0314,0.0504
2019,2019-10-26,West Ham,Sheffield United,1,1,D,2.1,3.5,3.5,1.88,1.95,-0.25,1.83,2.06,0.0476,0.0319,0.0447
2019,2019-10-26,Burnley,Chelsea,2,4,A,4.5,4.0,1.72,1.66,2.25,0.75,1.93,1.96,0.0536,0.0283,0.0469
2019,2019-10-27,Newcastle United,Wolverhampton Wanderers,1,1,D,3.0,3.1,2.55,2.49,1.54,0.0,2.09,1.8,0.0481,0.034,0.051
2019,2019-10-27,Arsenal,Crystal Palace,2,2,D,1.45,4.75,6.5,1.52,2.53,-1.25,2.04,1.84,0.054,0.0337,0.0532
2019,2019-10-27,Liverpool,Tottenham,2,1,H,1.5,4.33,6.5,1.53,2.51,-1.0,1.87,2.0,0.0515,0.0348,0.052
2019,2019-10-27,Norwich,Manchester United,1,3,A,4.33,4.0,1.75,1.67,2.22,0.75,1.85,2.04,0.0524,0.0307,0.0493
2019,2019-11-02,Bournemouth,Manchester United,1,0,H,3.25,3.6,2.15,1.84,1.99,0.25,1.99,1.89,0.0506,0.0316,0.046
2019,2019-11-02,Arsenal,Wolverhampton Wanderers,1,1,D,1.75,3.75,4.75,1.74,2.12,-0.75,2.0,1.89,0.0486,0.0291,0.0464
2019,2019-11-02,Aston Villa,Liverpool,1,2,A,9.0,5.0,1.33,1.47,2.71,1.5,1.89,2.0,0.063,0.0291,0.0493
2019,2019-11-02,Brighton,Norwich,2,0,H,1.72,4.2,4.33,1.66,2.25,-0.75,1.89,1.99,0.0504,0.0316,0.0469
2019,2019-11-02,Manchester City,Southampton,2,1,H,1.07,13.0,23.0,1.22,4.27,-3.0,2.07,1.81,0.055,0.0356,0.0539
2019,2019-11-02,Sheffield United,Burnley,3,0,H,2.25,3.2,3.4,2.33,1.62,-0.25,1.94,1.94,0.0511,0.0309,0.0465
2019,2019-11-02,West Ham,Newcastle United,2,3,A,1.75,3.8,4.5,1.83,2.0,-0.75,2.02,1.86,0.0568,0.0327,0.0464
2019,2019-11-02,Watford,Chelsea,1,2,A,5.0,4.33,1.61,1.63,2.29,1.0,1.78,2.11,0.0521,0.0357,0.0502
2019,2019-11-03,Crystal Palace,Leicester,0,2,A,3.5,3.4,2.1,2.05,1.78,0.25,2.02,1.86,0.056,0.0327,0.0496
2019,2019-11-03,Everton,Tottenham,1,1,D,2.7,3.4,2.6,1.74,2.11,0.0,1.98,1.89,0.0491,0.0342,0.0486
2019,2019-11-08,Norwich,Watford,0,2,A,2.7,3.5,2.55,1.69,2.21,0.0,1.97,1.91,0.0482,0.0312,0.0442
2019,2019-11-09,Chelsea,Crystal Palace,2,0,H,1.33,5.0,10.0,1.58,2.4,-1.5,1.97,1.92,0.0519,0.0284,0.0496
2019,2019-11-09,Burnley,West Ham,3,0,H,2.25,3.5,3.1,1.71,2.17,-0.25,1.97,1.92,0.0527,0.0284,0.0456
2019,2019-11-09,Newcastle United,Bournemouth,2,1,H,2.55,3.25,2.8,2.07,1.77,0.0,1.87,2.01,0.057,0.0323,0.0481
2019,2019-11-09,Southampton,Everton,1,2,A,2.9,3.3,2.45,1.94,1.89,0.25,1.8,2.09,0.056,0.034,0.0446
2019,2019-11-09,Tottenham,Sheffield United,1,1,D,1.57,4.0,6.0,1.79,2.04,-1.0,1.98,1.89,0.0536,0.0342,0.0489
2019,2019-11-09,Leicester,Arsenal,2,0,H,2.0,3.75,3.5,1.57,2.42,-0.5,1.98,1.89,0.0524,0.0342,0.0502
2019,2019-11-10,Manchester United,Brighton,3,1,H,1.6,3.75,6.5,2.02,1.82,-0.75,1.89,1.99,0.0455,0.0316,0.0445
2019,2019-11-10,Wolverhampton Wanderers,Aston Villa,2,1,H,1.9,3.5,4.2,1.87,1.96,-0.5,1.89,1.99,0.0501,0.0316,0.045
2019,2019-11-10,Liverpool,Manchester City,3,1,H,2.5,3.6,2.62,1.63,2.3,0.0,1.89,1.99,0.0595,0.0316,0.0483
2019,2019-11-23,West Ham,Tottenham,2,3,A,4.2,4.33,1.7,1.55,2.47,0.75,1.93,1.95,0.0573,0.031,0.05
2019,2019-11-23,Arsenal,Southampton,2,2,D,1.45,4.75,6.5,1.47,2.67,-1.25,1.99,1.89,0.054,0.0316,0.0548
2019,2019-11-23,Bournemouth,Wolverhampton Wanderers,1,2,A,2.75,3.3,2.6,2.02,1.81,0.0,2.01,1.86,0.0513,0.0351,0.0475
2019,2019-11-23,Brighton,Leicester,0,2,A,3.75,3.5,2.0,1.89,1.93,0.25,2.13,1.76,0.0524,0.0377,0.0472
2019,2019-11-23,Crystal Palace,Liverpool,1,2,A,7.5,4.75,1.4,1.67,2.22,1.25,1.85,2.03,0.0581,0.0332,0.0493
2019,2019-11-23,Everton,Norwich,0,2,A,1.36,5.1,8.0,1.55,2.45,-1.5,2.1,1.78,0.0564,0.038,0.0533
2019,2019-11-23,Watford,Burnley,0,3,A,2.3,3.4,3.1,2.02,1.81,-0.25,2.01,1.87,0.0515,0.0323,0.0475
2019,2019-11-23,Manchester City,Chelsea,2,1,H,1.44,5.0,6.5,1.4,2.92,-1.25,1.93,1.94,0.0483,0.0336,0.0568
2019,2019-11-24,Sheffield United,Manchester United,3,3,D,3.5,3.4,2.1,2.18,1.69,0.25,2.0,1.87,0.056,0.0348,0.0504
2019,2019-11-25,Aston Villa,Newcastle United,2,0,H,2.05,3.4,3.7,1.92,1.9,-0.25,1.82,2.06,0.0522,0.0349,0.0471
2019,2019-11-30,Newcastle United,Manchester City,2,2,D,13.0,8.0,1.16,1.44,2.79,2.0,1.98,1.9,0.064,0.0314,0.0529
2019,2019-11-30,Burnley,Crystal Palace,0,2,A,2.25,3.25,3.3,2.22,1.67,-0.25,1.98,1.9,0.0552,0.0314,0.0493
2019,2019-11-30,Chelsea,West Ham,0,1,A,1.28,6.0,9.0,1.4,2.94,-1.5,1.82,2.07,0.059,0.0325,0.0544
2019,2019-11-30,Liverpool,Brighton,2,1,H,1.18,7.0,15.0,1.47,2.7,-2.0,2.06,1.81,0.057,0.0379,0.0506
2019,2019-11-30,Tottenham,Bournemouth,3,2,H,1.36,5.5,7.5,1.51,2.57,-1.5,2.06,1.81,0.0504,0.0379,0.0514
2019,2019-11-30,Southampton,Watford,2,1,H,2.1,3.4,3.5,1.91,1.91,-0.25,1.83,2.06,0.056,0.0319,0.0471
2019,2019-12-01,Norwich,Arsenal,2,2,D,4.0,4.33,1.75,1.41,2.89,0.75,1.9,1.97,0.0524,0.0339,0.0552
2019,2019-12-01,Wolverhampton Wanderers,Sheffield United,1,1,D,1.9,3.5,4.2,2.3,1.63,-0.5,1.92,1.96,0.0501,0.031,0.0483
2019,2019-12-01,Leicester,Everton,2,1,H,1.61,4.0,5.25,1.81,2.02,-0.75,1.81,2.08,0.0616,0.0333,0.0475
2019,2019-12-01,Manchester United,Aston Villa,2,2,D,1.45,4.5,7.0,1.69,2.18,-1.0,1.81,2.08,0.0547,0.0333,0.0504
2019,2019-12-03,Crystal Palace,Bournemouth,1,0,H,2.2,3.4,3.25,2.03,1.8,-0.25,1.94,1.95,0.0564,0.0283,0.0482
2019,2019-12-03,Burnley,Manchester City,1,4,A,11.0,7.0,1.22,1.48,2.68,1.75,1.93,1.95,0.0534,0.031,0.0488
2019,2019-12-04,Chelsea,Aston Villa,2,1,H,1.28,5.75,10.0,1.42,2.86,-1.5,1.84,2.04,0.0552,0.0337,0.0539
2019,2019-12-04,Leicester,Watford,2,0,H,1.33,5.5,8.0,1.63,2.3,-1.5,2.08,1.79,0.0587,0.0394,0.0483
2019,2019-12-04,Manchester United,Tottenham,2,1,H,2.75,3.4,2.55,1.8,2.03,0.0,1.97,1.91,0.0499,0.0312,0.0482
2019,2019-12-04,Southampton,Norwich,2,1,H,1.72,4.0,4.2,1.59,2.37,-0.75,1.99,1.89,0.0695,0.0316,0.0509
2019,2019-12-04,Wolverhampton Wanderers,West Ham,2,0,H,1.75,3.7,4.75,1.89,1.93,-0.75,2.01,1.87,0.0522,0.0323,0.0472
2019,2019-12-04,Liverpool,Everton,5,2,H,1.36,5.0,8.5,1.58,2.38,-1.25,1.87,2.01,0.0529,0.0323,0.0531
2019,2019-12-05,Sheffield United,Newcastle United,0,2,A,1.83,3.4,4.6,2.33,1.61,-0.5,1.86,2.02,0.058,0.0327,0.0503
2019,2019-12-05,Arsenal,Brighton,1,2,A,1.57,4.33,5.5,1.54,2.5,-1.0,2.01,1.86,0.0497,0.0351,0.0494
2019,2019-12-07,Everton,Chelsea,3,1,H,3.5,3.75,2.0,1.69,2.18,0.5,1.86,2.02,0.0524,0.0327,0.0504
2019,2019-12-07,Bournemouth,Liverpool,0,3,A,7.0,5.25,1.4,1.5,2.59,1.25,1.96,1.92,0.0476,0.031,0.0528
2019,2019-12-07,Tottenham,Burnley,5,0,H,1.4,4.75,8.0,1.59,2.35,-1.25,1.92,1.95,0.0498,0.0337,0.0545
2019,2019-12-07,Watford,Crystal Palace,0,0,D,2.37,3.3,3.1,2.05,1.78,-0.25,2.04,1.85,0.0476,0.0307,0.0496
2019,2019-12-07,Manchester City,Manchester United,1,2,A,1.3,5.5,10.0,1.49,2.63,-1.5,1.87,2.01,0.051,0.0323,0.0514
2019,2019-12-08,Aston Villa,Leicester,1,4,A,4.33,3.8,1.8,1.62,2.31,0.75,1.82,2.06,0.0497,0.0349,0.0502
2019,2019-12-08,Newcastle United,Southampton,2,1,H,2.5,3.2,2.9,2.12,1.73,0.0,1.84,2.03,0.0573,0.0361,0.0497
2019,2019-12-08,Norwich,Sheffield United,1,2,A,2.9,3.5,2.37,1.84,1.99,0.25,1.81,2.06,0.0525,0.0379,0.046
2019,2019-12-08,Brighton,Wolverhampton Wanderers,2,2,D,2.62,3.1,2.87,2.29,1.63,0.0,1.9,1.97,0.0527,0.0339,0.0502
2019,2019-12-09,West Ham,Arsenal,1,3,A,3.3,4.0,2.0,1.44,2.78,0.5,1.88,1.99,0.053,0.0344,0.0542
2019,2019-12-14,Liverpool,Watford,2,0,H,1.16,7.5,17.0,1.39,3.01,-2.0,1.84,2.03,0.0542,0.0361,0.0517
2019,2019-12-14,Burnley,Newcastle United,1,0,H,1.95,3.4,4.0,2.11,1.74,-0.5,1.94,1.92,0.0569,0.0363,0.0486
2019,2019-12-14,Chelsea,Bournemouth,0,1,A,1.25,6.0,12.0,1.4,2.94,-1.75,1.85,2.02,0.05,0.0356,0.0544
2019,2019-12-14,Leicester,Norwich,1,1,D,1.22,6.5,13.0,1.43,2.83,-2.0,2.04,1.83,0.0504,0.0366,0.0527
2019,2019-12-14,Sheffield United,Aston Villa,2,0,H,1.85,3.75,4.2,1.81,2.02,-0.5,1.85,2.01,0.0453,0.0381,0.0475
2019,2019-12-14,Southampton,West Ham,0,1,A,1.9,3.8,3.8,1.61,2.33,-0.5,1.91,1.95,0.0526,0.0364,0.0503
2019,2019-12-15,Manchester United,Everton,1,1,D,1.8,3.7,4.5,1.8,2.03,-0.75,2.0,1.87,0.048,0.0348,0.0482
2019,2019-12-15,Wolverhampton Wanderers,Tottenham,1,2,A,3.25,3.4,2.25,1.9,1.92,0.25,1.92,1.95,0.0463,0.0337,0.0471
2019,2019-12-15,Arsenal,Manchester City,0,3,A,6.0,5.25,1.44,1.32,3.32,1.25,1.97,1.9,0.0516,0.0339,0.0588
2019,2019-12-16,Crystal Palace,Brighton,1,1,D,2.55,3.25,2.87,2.18,1.69,0.0,1.81,2.06,0.0483,0.0379,0.0504
2019,2019-12-21,Everton,Arsenal,0,0,D,2.3,3.8,2.87,1.57,2.4,-0.25,2.03,1.84,0.0464,0.0361,0.0536
2019,2019-12-21,Aston Villa,Southampton,1,3,A,2.4,3.6,2.8,1.62,2.31,0.0,1.78,2.09,0.0516,0.0403,0.0502
2019,2019-12-21,Bournemouth,Burnley,0,1,A,2.4,3.4,2.9,1.92,1.9,-0.25,2.09,1.8,0.0556,0.034,0.0471
2019,2019-12-21,Brighton,Sheffield United,0,1,A,2.2,3.25,3.5,2.11,1.73,-0.25,1.88,1.99,0.048,0.0344,0.052
2019,2019-12-21,Newcastle United,Crystal Palace,1,0,H,2.37,3.1,3.25,2.44,1.56,-0.25,2.05,1.82,0.0522,0.0373,0.0509
2019,2019-12-21,Norwich,Wolverhampton Wanderers,1,2,A,3.75,3.8,1.9,1.79,2.04,0.5,1.9,1.97,0.0561,0.0339,0.0489
2019,2019-12-21,Manchester City,Leicester,3,1,H,1.36,5.25,7.5,1.42,2.86,-2.5,3.38,1.32,0.0591,0.0534,0.0539
2019,2019-12-22,Watford,Manchester United,2,0,H,4.33,4.0,1.75,1.85,1.97,0.75,1.83,2.04,0.0524,0.0366,0.0482
2019,2019-12-22,Tottenham,Chelsea,0,2,A,2.37,3.75,2.75,1.59,2.37,-0.25,2.06,1.81,0.0522,0.0379,0.0509
2019,2019-12-26,Tottenham,Brighton,2,1,H,1.53,4.33,6.0,1.6,2.35,-1.0,1.91,1.94,0.0512,0.039,0.0505
2019,2019-12-26,Aston Villa,Norwich,1,0,H,2.1,3.75,3.3,1.52,2.51,-0.25,1.85,2.02,0.0459,0.0356,0.0563
2019,2019-12-26,Bournemouth,Arsenal,1,1,D,3.5,3.9,1.95,1.55,2.43,0.5,1.86,2.01,0.0549,0.0351,0.0567
2019,2019-12-26,Chelsea,Southampton,0,2,A,1.33,5.25,9.0,1.49,2.62,-1.5,1.99,1.87,0.0535,0.0373,0.0528
2019,2019-12-26,Crystal Palace,West Ham,2,1,H,2.3,3.4,3.1,1.9,1.92,-0.25,2.0,1.86,0.0515,0.0376,0.0471
2019,2019-12-26,Everton,Burnley,1,0,H,1.7,3.75,5.0,1.93,1.89,-0.75,1.92,1.94,0.0549,0.0363,0.0472
2019,2019-12-26,Sheffield United,Watford,1,1,D,1.83,3.6,4.33,2.11,1.74,-0.5,1.85,2.01,0.0552,0.0381,0.0486
2019,2019-12-26,Manchester United,Newcastle United,4,1,H,1.33,5.25,9.0,1.72,2.13,-1.5,2.03,1.84,0.0535,0.0361,0.0509
2019,2019-12-26,Leicester,Liverpool,0,4,A,3.4,3.75,2.05,1.64,2.27,0.25,2.05,1.81,0.0486,0.0403,0.0503
2019,2019-12-27,Wolverhampton Wanderers,Manchester City,3,2,H,8.5,5.0,1.36,1.56,2.41,1.25,1.99,1.87,0.0529,0.0373,0.056
2019,2019-12-28,Brighton,Bournemouth,2,0,H,1.75,3.9,4.33,1.92,1.91,-0.75,2.03,1.84,0.0588,0.0361,0.0444
2019,2019-12-28,Newcastle United,Everton,1,2,A,3.6,3.4,2.05,2.06,1.77,0.25,2.03,1.84,0.0597,0.0361,0.0504
2019,2019-12-28,Southampton,Crystal Palace,1,1,D,1.95,3.6,3.8,2.04,1.78,-0.5,1.97,1.89,0.0538,0.0367,0.052
2019,2019-12-28,Watford,Aston Villa,3,0,H,1.95,3.8,3.6,1.7,2.18,-0.5,1.98,1.88,0.0538,0.037,0.047
2019,2019-12-28,Norwich,Tottenham,2,2,D,5.0,4.0,1.66,1.6,2.35,0.75,2.01,1.85,0.0524,0.0381,0.0505
2019,2019-12-28,West Ham,Leicester,1,2,A,4.0,3.9,1.83,1.61,2.32,0.5,2.02,1.85,0.0529,0.0356,0.0522
2019,2019-12-28,Burnley,Manchester United,0,2,A,4.33,3.75,1.8,1.95,1.87,0.5,2.03,1.84,0.0532,0.0361,0.0476
2019,2019-12-29,Arsenal,Chelsea,1,2,A,2.87,3.75,2.3,1.53,2.48,0.25,1.81,2.05,0.0499,0.0403,0.0568
2019,2019-12-29,Liverpool,Wolverhampton Wanderers,1,0,H,1.25,5.75,12.0,1.55,2.43,-1.5,1.83,2.04,0.0572,0.0366,0.0567
2019,2019-12-29,Manchester City,Sheffield United,2,0,H,1.16,7.5,16.0,1.38,3.0,-2.0,1.88,1.98,0.0579,0.037,0.058
2019,2020-01-01,Brighton,Chelsea,1,1,D,3.6,3.6,1.95,1.7,2.15,0.5,1.86,2.0,0.0684,0.0376,0.0534
2019,2020-01-01,Burnley,Aston Villa,1,2,A,1.75,3.8,4.33,1.87,1.94,-0.75,2.05,1.82,0.0655,0.0373,0.0502
2019,2020-01-01,Newcastle United,Leicester,0,3,A,5.0,3.8,1.66,1.94,1.87,0.75,2.0,1.86,0.0656,0.0376,0.0502
2019,2020-01-01,Southampton,Tottenham,1,0,H,3.3,3.5,2.1,1.66,2.23,0.25,1.99,1.87,0.0649,0.0373,0.0508
2019,2020-01-01,Watford,Wolverhampton Wanderers,2,1,H,3.0,3.4,2.3,2.0,1.82,0.25,1.87,1.99,0.0622,0.0373,0.0495
2019,2020-01-01,Manchester City,Everton,2,1,H,1.25,6.5,10.0,1.37,3.09,-1.75,1.95,1.91,0.0538,0.0364,0.0536
2019,2020-01-01,Norwich,Crystal Palace,1,1,D,2.5,3.4,2.75,1.88,1.94,0.0,1.84,2.02,0.0578,0.0385,0.0474
2019,2020-01-01,West Ham,Bournemouth,4,0,H,1.9,3.75,3.8,1.67,2.22,-0.5,1.94,1.92,0.0561,0.0363,0.0493
2019,2020-01-01,Arsenal,Manchester United,2,0,H,2.55,3.6,2.62,1.64,2.26,0.0,1.91,1.95,0.0516,0.0364,0.0522
2019,2020-01-02,Liverpool,Sheffield United,2,0,H,1.2,6.5,13.0,1.54,2.47,-1.75,1.89,1.97,0.0641,0.0367,0.0542
2019,2020-01-10,Sheffield United,West Ham,1,0,H,1.95,3.4,4.0,2.03,1.8,-0.5,2.02,1.85,0.0569,0.0356,0.0482
2019,2020-01-11,Crystal Palace,Arsenal,1,1,D,4.1,3.9,1.8,1.8,2.03,0.75,1.8,2.07,0.0559,0.0386,0.0482
2019,2020-01-11,Chelsea,Burnley,3,0,H,1.28,5.5,11.0,1.66,2.24,-1.5,1.86,2.01,0.054,0.0351,0.0488
2019,2020-01-11,Everton,Brighton,1,0,H,1.85,3.8,4.0,1.83,2.0,-0.5,1.9,1.97,0.0537,0.0339,0.0464
2019,2020-01-11,Leicester,Southampton,1,2,A,1.6,4.0,5.5,1.64,2.28,-1.0,2.1,1.79,0.0568,0.0348,0.0484
2019,2020-01-11,Manchester United,Norwich,4,0,H,1.33,5.25,8.5,1.58,2.39,-1.5,2.05,1.82,0.06,0.0373,0.0513
2019,2020-01-11,Wolverhampton Wanderers,Newcastle United,1,1,D,1.44,4.5,7.5,2.01,1.82,-1.0,1.77,2.12,0.05,0.0367,0.047
2019,2020-01-11,Tottenham,Liverpool,0,1,A,4.5,4.33,1.66,1.62,2.3,0.75,1.97,1.9,0.0556,0.0339,0.0521
2019,2020-01-12,Bournemouth,Watford,0,3,A,2.6,3.3,2.7,1.89,1.93,0.0,1.88,1.98,0.058,0.037,0.0472
2019,2020-01-12,Aston Villa,Manchester City,1,6,A,13.0,8.5,1.16,1.27,3.74,2.25,1.93,1.93,0.0566,0.0363,0.0548
2019,2020-01-18,Watford,Tottenham,0,0,D,3.25,3.5,2.2,1.81,2.02,0.25,1.92,1.95,0.048,0.0337,0.0475
2019,2020-01-18,Arsenal,Sheffield United,1,1,D,1.83,3.6,4.33,1.99,1.83,-0.5,1.84,2.03,0.0552,0.0361,0.049
2019,2020-01-18,Brighton,Aston Villa,1,1,D,1.66,4.0,5.0,1.65,2.26,-0.75,1.82,2.06,0.0524,0.0349,0.0485
2019,2020-01-18,Manchester City,Crystal Palace,2,2,D,1.1,11.0,19.0,1.29,3.53,-2.5,1.83,2.03,0.0526,0.0391,0.0585
2019,2020-01-18,Norwich,Bournemouth,1,0,H,2.2,3.5,3.25,1.79,2.04,-0.25,1.93,1.94,0.048,0.0336,0.0489
2019,2020-01-18,Southampton,Wolverhampton Wanderers,2,3,A,2.4,3.4,3.0,2.02,1.8,-0.25,2.04,1.83,0.0441,0.0366,0.0506
2019,2020-01-18,West Ham,Everton,1,1,D,2.9,3.5,2.37,1.84,1.97,0.25,1.81,2.07,0.0525,0.0356,0.0511
2019,2020-01-18,Newcastle United,Chelsea,1,0,H,6.0,4.5,1.5,1.68,2.2,1.0,2.01,1.86,0.0556,0.0351,0.0498
2019,2020-01-19,Burnley,Leicester,2,1,H,4.33,3.75,1.83,1.85,1.96,0.5,2.0,1.87,0.0441,0.0348,0.0507
2019,2020-01-19,Liverpool,Manchester United,2,0,H,1.36,5.25,8.0,1.66,2.23,-1.25,1.83,2.04,0.0508,0.0366,0.0508
2019,2020-01-21,Aston Villa,Watford,2,1,H,2.8,3.5,2.45,1.89,1.93,0.0,2.08,1.8,0.051,0.0363,0.0472
2019,2020-01-21,Bournemouth,Brighton,3,1,H,2.87,3.4,2.45,1.98,1.85,0.0,2.1,1.78,0.0507,0.038,0.0456
2019,2020-01-21,Crystal Palace,Southampton,0,2,A,2.7,3.25,2.7,2.21,1.68,0.0,1.93,1.93,0.0484,0.0363,0.0477
2019,2020-01-21,Everton,Newcastle United,2,2,D,1.55,4.1,6.0,1.95,1.87,-1.0,2.07,1.81,0.0557,0.0356,0.0476
2019,2020-01-21,Sheffield United,Manchester City,0,1,A,7.0,5.0,1.4,1.6,2.36,1.25,1.92,1.96,0.0571,0.031,0.0487
2019,2020-01-21,Chelsea,Arsenal,2,2,D,1.72,3.9,4.5,1.68,2.2,-0.75,1.94,1.94,0.06,0.0309,0.0498
2019,2020-01-22,Leicester,West Ham,4,1,H,1.53,4.33,6.0,1.62,2.32,-1.0,1.87,1.99,0.0512,0.0373,0.0483
2019,2020-01-22,Tottenham,Norwich,2,1,H,1.4,5.0,7.5,1.54,2.49,-1.25,1.91,1.95,0.0476,0.0364,0.051
2019,2020-01-22,Manchester United,Burnley,0,2,A,1.36,4.75,9.0,1.81,2.02,-1.25,1.95,1.92,0.0569,0.0337,0.0475
2019,2020-01-23,Wolverhampton Wanderers,Liverpool,1,2,A,5.75,3.8,1.61,1.8,2.02,0.75,2.07,1.81,0.0582,0.0356,0.0506
2019,2020-01-29,West Ham,Liverpool,0,2,A,8.5,5.5,1.33,1.56,2.44,1.5,1.9,1.96,0.0513,0.0365,0.0509
2019,2020-02-01,Leicester,Chelsea,2,2,D,2.5,3.6,2.7,1.69,2.18,0.0,1.87,1.99,0.0481,0.0373,0.0504
2019,2020-02-01,Bournemouth,Aston Villa,2,1,H,2.1,3.6,3.3,1.78,2.04,-0.25,1.85,2.02,0.057,0.0356,0.052
2019,2020-02-01,Crystal Palace,Sheffield United,0,1,A,3.1,3.1,2.5,2.63,1.48,0.0,2.13,1.76,0.0452,0.0377,0.0559
2019,2020-02-01,Liverpool,Southampton,4,0,H,1.25,6.0,12.0,1.53,2.49,-1.5,1.84,2.02,0.05,0.0385,0.0552
2019,2020-02-01,Newcastle United,Norwich,0,0,D,2.2,3.4,3.3,1.99,1.83,-0.25,1.92,1.95,0.0517,0.0337,0.049
2019,2020-02-01,Watford,Everton,2,3,A,2.75,3.3,2.62,2.01,1.81,0.0,1.95,1.9,0.0483,0.0391,0.05
2019,2020-02-01,West Ham,Brighton,3,3,D,2.6,3.3,2.75,1.92,1.9,0.0,1.84,2.02,0.0513,0.0385,0.0471
2019,2020-02-01,Manchester United,Wolverhampton Wanderers,0,0,D,2.25,3.25,3.4,2.18,1.69,-0.25,1.91,1.96,0.0463,0.0338,0.0504
2019,2020-02-02,Burnley,Arsenal,0,0,D,3.6,3.6,2.0,1.9,1.91,0.5,1.85,2.01,0.0556,0.0381,0.0499
2019,2020-02-02,Tottenham,Manchester City,2,0,H,5.5,4.6,1.53,1.49,2.61,1.0,1.96,1.9,0.0528,0.0365,0.0543
2019,2020-02-08,Everton,Crystal Palace,3,1,H,1.61,3.8,6.0,2.09,1.75,-0.75,1.83,2.05,0.0509,0.0343,0.0499
2019,2020-02-08,Brighton,Watford,1,1,D,2.1,3.4,3.6,1.97,1.85,-0.25,1.85,2.02,0.0481,0.0356,0.0482
2019,2020-02-09,Sheffield United,Bournemouth,2,1,H,1.66,3.6,5.75,2.28,1.63,-0.75,1.95,1.91,0.0541,0.0364,0.0521
2019,2020-02-14,Wolverhampton Wanderers,Leicester,0,0,D,2.5,3.3,2.87,2.03,1.8,0.0,1.82,2.07,0.0515,0.0325,0.0482
2019,2020-02-15,Southampton,Burnley,1,2,A,1.75,3.8,4.75,1.96,1.86,-0.75,2.03,1.85,0.0451,0.0332,0.0478
2019,2020-02-15,Norwich,Liverpool,0,1,A,11.0,6.25,1.25,1.51,2.56,1.5,1.99,1.87,0.0509,0.0373,0.0529
2019,2020-02-16,Aston Villa,Tottenham,2,3,A,4.0,3.8,1.85,1.69,2.18,0.5,1.99,1.88,0.0537,0.0344,0.0504
2019,2020-02-16,Arsenal,Newcastle United,4,0,H,1.4,4.75,8.0,1.72,2.13,-1.25,1.99,1.88,0.0498,0.0344,0.0509
2019,2020-02-17,Chelsea,Manchester United,0,2,A,1.85,3.5,4.5,1.89,1.93,-0.5,1.86,2.01,0.0485,0.0351,0.0472
2019,2020-02-19,Manchester City,West Ham,2,0,H,1.12,9.5,17.0,1.23,4.04,-2.5,1.94,1.92,0.0569,0.0363,0.0605
2019,2020-02-22,Chelsea,Tottenham,2,1,H,1.72,4.0,4.5,1.81,2.02,-0.75,1.95,1.93,0.0536,0.031,0.0475
2019,2020-02-22,Burnley,Bournemouth,3,0,H,2.1,3.3,3.7,2.23,1.66,-0.25,1.83,2.05,0.0495,0.0343,0.0508
2019,2020-02-22,Crystal Palace,Newcastle United,1,0,H,1.95,3.4,4.2,2.51,1.53,-0.5,1.96,1.91,0.045,0.0338,0.052
2019,2020-02-22,Sheffield United,Brighton,1,1,D,1.95,3.4,4.2,2.23,1.66,-0.5,1.95,1.92,0.045,0.0337,0.0508
2019,2020-02-22,Southampton,Aston Villa,2,0,H,1.61,4.33,5.0,1.59,2.37,-1.0,2.07,1.81,0.0521,0.0356,0.0509
2019,2020-02-22,Leicester,Manchester City,0,1,A,4.5,4.2,1.7,1.54,2.47,0.75,1.94,1.93,0.0486,0.0336,0.0542
2019,2020-02-23,Manchester United,Watford,3,0,H,1.6,3.9,6.0,1.91,1.91,-1.0,2.06,1.81,0.0481,0.0379,0.0471
2019,2020-02-23,Wolverhampton Wanderers,Norwich,3,0,H,1.5,4.2,7.0,1.87,1.95,-1.0,1.88,1.98,0.0476,0.037,0.0476
2019,2020-02-23,Arsenal,Everton,3,2,H,2.0,3.6,3.7,1.73,2.11,-0.5,2.03,1.84,0.048,0.0361,0.052
2019,2020-02-24,Liverpool,West Ham,3,2,H,1.16,8.0,15.0,1.38,3.03,-2.0,1.82,2.05,0.0537,0.0373,0.0547
2019,2020-02-28,Norwich,Leicester,1,0,H,4.33,4.1,1.72,1.72,2.13,0.75,1.94,1.93,0.0562,0.0336,0.0509
2019,2020-02-29,Brighton,Crystal Palace,0,1,A,2.05,3.25,3.9,2.31,1.62,-0.5,2.08,1.8,0.0519,0.0363,0.0502
2019,2020-02-29,Bournemouth,Chelsea,2,2,D,4.75,3.8,1.72,1.8,2.03,0.75,1.87,1.99,0.0551,0.0373,0.0482
2019,2020-02-29,Newcastle United,Burnley,0,0,D,2.62,3.1,2.9,2.34,1.6,0.0,1.84,2.02,0.0491,0.0385,0.0524
2019,2020-02-29,West Ham,Southampton,3,1,H,2.65,3.6,2.5,1.75,2.07,0.0,1.98,1.88,0.0551,0.037,0.0545
2019,2020-02-29,Watford,Liverpool,3,0,H,8.0,4.75,1.4,1.64,2.26,1.25,1.89,1.97,0.0498,0.0367,0.0522
2019,2020-03-01,Everton,Manchester United,1,1,D,2.5,3.25,2.9,1.98,1.83,0.0,1.83,2.03,0.0525,0.0391,0.0515
2019,2020-03-01,Tottenham,Wolverhampton Wanderers,2,3,A,2.45,3.2,3.0,2.22,1.66,-0.25,2.08,1.79,0.054,0.0394,0.0529
2019,2020-03-07,Liverpool,Bournemouth,2,1,H,1.22,6.5,13.0,1.47,2.68,-1.75,1.94,1.93,0.0504,0.0336,0.0534
2019,2020-03-07,Arsenal,West Ham,1,0,H,1.57,4.4,5.5,1.6,2.35,-1.0,1.93,1.93,0.046,0.0363,0.0505
2019,2020-03-07,Crystal Palace,Watford,1,0,H,2.55,3.2,2.9,2.28,1.63,0.0,1.8,2.08,0.0495,0.0363,0.0521
2019,2020-03-07,Sheffield United,Norwich,1,0,H,1.65,3.75,5.75,2.06,1.77,-0.75,1.86,2.01,0.0466,0.0351,0.0504
2019,2020-03-07,Southampton,Newcastle United,0,1,A,1.61,4.1,5.25,1.81,2.01,-0.75,1.86,2.01,0.0555,0.0351,0.05
2019,2020-03-07,Wolverhampton Wanderers,Brighton,0,0,D,1.61,3.9,5.75,1.99,1.82,-0.75,1.83,2.04,0.0514,0.0366,0.052
2019,2020-03-07,Burnley,Tottenham,1,1,D,2.7,3.3,2.62,2.06,1.77,0.0,1.94,1.92,0.0551,0.0363,0.0504
2019,2020-03-08,Chelsea,Everton,4,0,H,1.8,3.9,4.2,1.71,2.14,-0.5,1.86,2.01,0.0501,0.0351,0.0521
2019,2020-03-08,Manchester United,Manchester City,2,0,H,5.0,4.33,1.6,1.66,2.22,0.75,2.07,1.8,0.0559,0.0386,0.0529
2019,2020-03-09,Leicester,Aston Villa,4,0,H,1.36,5.25,8.0,1.52,2.48,-1.5,2.06,1.8,0.0508,0.041,0.0611
2019,2020-06-17,Aston Villa,Sheffield United,0,0,D,3.2,3.4,2.25,2.08,1.76,0.25,1.92,1.94,0.0511,0.0363,0.049
2019,2020-06-17,Manchester City,Arsenal,3,0,H,1.36,5.25,7.5,1.38,3.04,-1.5,1.92,1.95,0.0591,0.0337,0.0536
2019,2020-06-19,Norwich,Southampton,0,3,A,2.8,3.5,2.45,1.92,1.91,0.0,2.04,1.85,0.051,0.0307,0.0444
2019,2020-06-19,Tottenham,Manchester United,1,1,D,3.0,3.4,2.37,1.94,1.89,0.25,1.82,2.07,0.0494,0.0325,0.0446
2019,2020-06-20,Watford,Leicester,1,1,D,3.6,3.5,2.05,1.91,1.92,0.25,2.09,1.8,0.0513,0.034,0.0444
2019,2020-06-20,Brighton,Arsenal,2,1,H,3.1,3.25,2.37,1.93,1.89,0.25,1.82,2.07,0.0522,0.0325,0.0472
2019,2020-06-20,West Ham,Wolverhampton Wanderers,0,2,A,3.6,3.4,2.1,2.06,1.78,0.25,2.03,1.85,0.0481,0.0332,0.0472
2019,2020-06-20,Bournemouth,Crystal Palace,0,2,A,2.45,3.2,3.0,2.12,1.73,-0.25,2.13,1.76,0.054,0.0377,0.0497
2019,2020-06-21,Newcastle United,Sheffield United,3,0,H,3.3,3.1,2.37,2.46,1.55,0.25,1.85,2.02,0.0476,0.0356,0.0517
2019,2020-06-21,Aston Villa,Chelsea,1,2,A,6.0,4.5,1.5,1.59,2.38,1.0,2.03,1.85,0.0556,0.0332,0.0491
2019,2020-06-21,Everton,Liverpool,0,0,D,6.0,4.2,1.55,1.66,2.23,1.0,1.88,2.0,0.0499,0.0319,0.0508
2019,2020-06-22,Manchester City,Burnley,5,0,H,1.12,9.0,15.0,1.32,3.35,-2.5,2.04,1.84,0.0706,0.0337,0.0561
2019,2020-06-23,Leicester,Brighton,0,0,D,1.6,4.0,5.75,1.95,1.88,-0.75,1.82,2.07,0.0489,0.0325,0.0447
2019,2020-06-23,Tottenham,West Ham,2,0,H,1.66,4.0,5.0,1.79,2.05,-0.75,1.86,2.03,0.0524,0.0302,0.0465
2019,2020-06-24,Manchester United,Sheffield United,3,0,H,1.4,4.5,8.5,2.0,1.83,-1.25,2.03,1.85,0.0542,0.0332,0.0464
2019,2020-06-24,Newcastle United,Aston Villa,1,1,D,2.3,3.3,3.2,2.09,1.76,-0.25,2.01,1.87,0.0503,0.0323,0.0467
2019,2020-06-24,Norwich,Everton,0,1,A,3.9,3.6,1.9,1.82,2.01,0.5,1.94,1.93,0.0605,0.0336,0.047
2019,2020-06-24,Wolverhampton Wanderers,Bournemouth,1,0,H,1.55,4.0,6.0,2.07,1.77,-1.0,2.06,1.83,0.0618,0.0319,0.0481
2019,2020-06-24,Liverpool,Crystal Palace,4,0,H,1.22,6.5,13.0,1.69,2.19,-1.5,1.82,2.07,0.0504,0.0325,0.0483
2019,2020-06-25,Burnley,Watford,1,0,H,3.0,3.25,2.45,2.18,1.7,0.0,2.12,1.78,0.0492,0.0335,0.047
2019,2020-06-25,Southampton,Arsenal,0,2,A,2.6,3.5,2.62,1.8,2.03,0.0,1.93,1.94,0.052,0.0336,0.0482
2019,2020-06-25,Chelsea,Manchester City,2,1,H,4.0,4.0,1.8,1.63,2.29,0.75,1.85,2.02,0.0556,0.0356,0.0502
2019,2020-06-27,Aston Villa,Wolverhampton Wanderers,0,1,A,4.6,3.7,1.75,2.08,1.76,0.75,1.85,2.01,0.0591,0.0381,0.049
2019,2020-06-28,Watford,Southampton,1,3,A,2.5,3.3,2.87,2.0,1.83,0.0,1.8,2.09,0.0515,0.034,0.0464
2019,2020-06-29,Crystal Palace,Burnley,0,1,A,2.25,3.2,3.4,2.42,1.57,-0.25,1.95,1.92,0.0511,0.0337,0.0502
2019,2020-06-30,Brighton,Manchester United,0,3,A,6.0,3.8,1.61,2.1,1.76,1.0,1.82,2.08,0.0509,0.0302,0.0444
2019,2020-07-01,Arsenal,Norwich,4,0,H,1.44,4.75,7.0,1.7,2.18,-1.25,2.02,1.86,0.0478,0.0327,0.047
2019,2020-07-01,Bournemouth,Newcastle United,1,4,A,2.4,3.1,3.2,2.38,1.59,-0.25,2.05,1.83,0.0517,0.0343,0.0491
2019,2020-07-01,Everton,Leicester,2,1,H,2.5,3.3,2.9,2.08,1.76,0.0,1.81,2.08,0.0479,0.0333,0.049
2019,2020-07-01,West Ham,Chelsea,3,2,H,5.5,4.33,1.57,1.72,2.14,1.0,1.86,2.02,0.0497,0.0327,0.0487
2019,2020-07-02,Sheffield United,Tottenham,3,1,H,4.2,3.4,1.95,2.15,1.71,0.5,1.9,1.97,0.045,0.0339,0.0499
2019,2020-07-02,Manchester City,Liverpool,4,0,H,2.05,3.9,3.3,1.57,2.42,-0.5,2.06,1.81,0.0472,0.0379,0.0502
2019,2020-07-04,Norwich,Brighton,0,1,A,3.3,3.4,2.2,2.08,1.77,0.25,1.96,1.92,0.0517,0.031,0.0457
2019,2020-07-04,Leicester,Crystal Palace,3,0,H,1.66,3.6,5.75,2.21,1.69,-0.75,1.89,1.99,0.0541,0.0316,0.0442
2019,2020-07-04,Manchester United,Bournemouth,5,2,H,1.16,7.5,17.0,1.53,2.54,-2.0,1.92,1.96,0.0542,0.031,0.0473
2019,2020-07-04,Wolverhampton Wanderers,Arsenal,0,2,A,2.25,3.4,3.25,2.1,1.75,-0.25,1.96,1.92,0.0463,0.031,0.0476
2019,2020-07-04,Chelsea,Watford,3,0,H,1.4,4.75,8.0,1.73,2.13,-1.25,1.99,1.89,0.0498,0.0316,0.0475
2019,2020-07-05,Burnley,Sheffield United,1,1,D,2.9,3.0,2.7,2.65,1.49,0.0,1.99,1.89,0.0485,0.0316,0.0485
2019,2020-07-05,Newcastle United,West Ham,2,2,D,2.6,3.3,2.75,2.0,1.82,0.0,1.91,1.96,0.0513,0.0338,0.0495
2019,2020-07-05,Liverpool,Aston Villa,2,0,H,1.33,5.5,8.5,1.49,2.62,-1.5,1.98,1.9,0.0513,0.0314,0.0528
2019,2020-07-05,Southampton,Manchester City,1,0,H,8.5,6.0,1.3,1.54,2.47,1.5,1.93,1.94,0.0535,0.0336,0.0542
2019,2020-07-06,Tottenham,Everton,1,0,H,2.1,3.5,3.4,1.86,1.97,-0.25,1.84,2.04,0.056,0.0337,0.0452
2019,2020-07-07,Crystal Palace,Chelsea,2,3,A,8.5,4.5,1.4,1.83,2.0,1.25,1.89,1.99,0.0542,0.0316,0.0464
2019,2020-07-07,Watford,Norwich,2,1,H,1.7,3.75,5.0,2.05,1.8,-0.75,2.0,1.89,0.0549,0.0291,0.0434
2019,2020-07-07,Arsenal,Leicester,1,1,D,2.3,3.5,3.0,1.88,1.95,-0.25,2.06,1.83,0.0538,0.0319,0.0447
2019,2020-07-08,Manchester City,Newcastle United,5,0,H,1.12,9.0,21.0,1.39,3.01,-2.25,1.86,2.02,0.0516,0.0327,0.0517
2019,2020-07-08,Sheffield United,Wolverhampton Wanderers,1,0,H,3.8,3.2,2.1,2.69,1.47,0.25,2.07,1.81,0.0518,0.0356,0.052
2019,2020-07-08,West Ham,Burnley,0,1,A,2.0,3.4,3.9,2.06,1.78,-0.5,2.02,1.85,0.0505,0.0356,0.0472
2019,2020-07-08,Brighton,Liverpool,1,3,A,6.0,4.33,1.53,1.73,2.12,1.0,1.92,1.96,0.0512,0.031,0.0497
2019,2020-07-09,Bournemouth,Tottenham,0,0,D,5.25,3.8,1.66,1.73,2.12,0.75,2.0,1.87,0.056,0.0348,0.0497
2019,2020-07-09,Everton,Southampton,1,1,D,2.05,3.5,3.6,1.92,1.9,-0.5,2.06,1.81,0.0513,0.0379,0.0471
2019,2020-07-09,Aston Villa,Manchester United,0,3,A,9.0,5.25,1.33,1.65,2.25,1.5,1.86,2.01,0.0535,0.0351,0.0505
2019,2020-07-11,Norwich,West Ham,0,4,A,3.75,3.75,1.95,1.83,2.01,0.5,1.88,2.0,0.0462,0.0319,0.044
2019,2020-07-11,Watford,Newcastle United,2,1,H,1.8,3.6,4.5,2.06,1.78,-0.75,2.08,1.81,0.0556,0.0333,0.0472
2019,2020-07-11,Liverpool,Burnley,1,1,D,1.22,6.5,12.0,1.52,2.54,-1.75,1.96,1.92,0.0569,0.031,0.0516
2019,2020-07-11,Sheffield United,Chelsea,3,0,H,6.0,3.8,1.6,1.98,1.85,1.0,1.82,2.06,0.0548,0.0349,0.0456
2019,2020-07-11,Brighton,Manchester City,0,5,A,10.0,5.5,1.28,1.52,2.55,1.5,2.03,1.86,0.0631,0.0302,0.0501
2019,2020-07-12,Wolverhampton Wanderers,Everton,3,0,H,2.05,3.3,3.8,2.49,1.55,-0.5,2.04,1.83,0.054,0.0366,0.0468
2019,2020-07-12,Aston Villa,Crystal Palace,2,0,H,2.25,3.3,3.3,2.01,1.82,-0.25,1.97,1.91,0.0505,0.0312,0.047
2019,2020-07-12,Tottenham,Arsenal,2,1,H,2.62,3.4,2.7,1.77,2.08,0.0,1.9,1.95,0.0462,0.0391,0.0457
2019,2020-07-12,Bournemouth,Leicester,4,1,H,5.25,3.8,1.66,1.89,1.92,0.75,1.96,1.91,0.056,0.0338,0.0499
2019,2020-07-13,Manchester United,Southampton,2,2,D,1.3,5.5,10.0,1.61,2.33,-1.5,1.93,1.94,0.051,0.0336,0.0503
2019,2020-07-14,Chelsea,Norwich,1,0,H,1.12,9.5,17.0,1.36,3.17,-2.5,2.03,1.84,0.0569,0.0361,0.0508
2019,2020-07-15,Burnley,Wolverhampton Wanderers,1,1,D,4.5,3.3,1.9,2.52,1.53,0.5,1.97,1.9,0.0516,0.0339,0.0504
2019,2020-07-15,Manchester City,Bournemouth,2,1,H,1.14,8.5,17.0,1.29,3.65,-2.25,1.86,2.02,0.0537,0.0327,0.0492
2019,2020-07-15,Newcastle United,Tottenham,1,3,A,4.6,3.8,1.75,1.87,1.95,0.75,1.85,2.02,0.052,0.0356,0.0476
2019,2020-07-15,Arsenal,Liverpool,2,1,H,3.8,3.8,1.9,1.58,2.41,0.5,1.99,1.88,0.0526,0.0344,0.0478
2019,2020-07-16,Everton,Aston Villa,1,1,D,2.0,3.5,3.75,1.87,1.95,-0.5,2.02,1.85,0.0524,0.0356,0.0476
2019,2020-07-16,Leicester,Sheffield United,2,0,H,2.05,3.25,3.9,2.14,1.72,-0.5,2.0,1.87,0.0519,0.0348,0.0487
2019,2020-07-16,Crystal Palace,Manchester United,0,2,A,9.5,4.75,1.36,1.77,2.08,1.5,1.85,2.03,0.0511,0.0332,0.0457
2019,2020-07-16,Southampton,Brighton,1,1,D,2.15,3.3,3.5,2.13,1.73,-0.25,1.87,2.0,0.0539,0.0348,0.0475
2019,2020-07-17,West Ham,Watford,3,1,H,2.4,3.0,3.3,2.03,1.8,-0.25,2.04,1.84,0.053,0.0337,0.0482
2019,2020-07-18,Norwich,Burnley,0,2,A,3.2,3.4,2.25,2.05,1.78,0.25,1.94,1.93,0.0511,0.0336,0.0496
2019,2020-07-19,Bournemouth,Southampton,0,2,A,2.4,3.6,2.8,1.71,2.16,-0.25,2.08,1.81,0.0516,0.0333,0.0478
2019,2020-07-19,Tottenham,Leicester,3,0,H,2.25,3.3,3.25,1.95,1.87,-0.25,2.01,1.87,0.0552,0.0323,0.0476
2019,2020-07-20,Brighton,Newcastle United,0,0,D,1.9,3.4,4.33,2.12,1.73,-0.5,1.93,1.93,0.0514,0.0363,0.0497
2019,2020-07-20,Sheffield United,Everton,0,1,A,2.2,3.25,3.5,2.32,1.62,-0.25,1.87,2.01,0.048,0.0323,0.0483
2019,2020-07-20,Wolverhampton Wanderers,Crystal Palace,2,0,H,1.5,4.0,7.5,2.29,1.64,-1.0,1.9,1.97,0.05,0.0339,0.0464
2019,2020-07-21,Watford,Manchester City,0,4,A,8.5,5.5,1.33,1.48,2.67,1.5,1.94,1.94,0.0513,0.0309,0.0502
2019,2020-07-21,Aston Villa,Arsenal,1,0,H,3.3,3.6,2.1,1.66,2.25,0.25,2.02,1.85,0.057,0.0356,0.0469
2019,2020-07-22,Manchester United,West Ham,1,1,D,1.22,6.5,11.0,1.47,2.68,-1.75,1.92,1.96,0.0644,0.031,0.0534
2019,2020-07-22,Liverpool,Chelsea,5,3,H,2.0,3.75,3.5,1.6,2.34,-0.5,2.05,1.82,0.0524,0.0373,0.0524
2019,2020-07-26,Arsenal,Watford,3,2,H,1.9,3.8,3.8,1.61,2.34,-0.5,1.93,1.93,0.0526,0.0363,0.0485
2019,2020-07-26,Burnley,Brighton,1,2,A,2.37,3.4,3.0,1.91,1.91,-0.25,2.0,1.87,0.0494,0.0348,0.0471
2019,2020-07-26,Chelsea,Wolverhampton Wanderers,2,0,H,1.85,3.8,4.0,1.9,1.92,-0.5,1.84,2.03,0.0537,0.0361,0.0471
2019,2020-07-26,Crystal Palace,Tottenham,1,1,D,6.0,4.2,1.55,1.76,2.08,1.0,1.94,1.93,0.0499,0.0336,0.049
2019,2020-07-26,Everton,Bournemouth,1,3,A,2.25,3.7,3.0,1.58,2.39,-0.25,1.96,1.9,0.048,0.0365,0.0513
2019,2020-07-26,Leicester,Manchester United,0,2,A,3.25,3.5,2.2,1.85,1.99,0.25,1.91,1.92,0.048,0.0444,0.0431
2019,2020-07-26,Manchester City,Norwich,5,0,H,1.08,11.0,26.0,1.21,4.36,-3.0,1.95,1.92,0.0553,0.0337,0.0558
2019,2020-07-26,Newcastle United,Liverpool,1,3,A,7.5,5.25,1.36,1.54,2.49,1.5,1.79,2.08,0.0591,0.0394,0.051
2019,2020-07-26,Southampton,Sheffield United,3,1,H,2.15,3.5,3.3,1.87,1.95,-0.25,1.88,1.99,0.0539,0.0344,0.0476
2019,2020-07-26,West Ham,Aston Villa,1,1,D,3.0,3.6,2.3,1.66,2.24,0.25,1.89,1.97,0.0459,0.0367,0.0488
2020,2020-09-12,Fulham,Arsenal,0,3,A,6.0,4.33,1.53,1.76,2.1,1.0,1.93,1.95,0.0512,0.031,0.0444
2020,2020-09-12,Crystal Palace,Southampton,1,0,H,3.1,3.25,2.37,2.24,1.67,0.25,1.84,2.03,0.0522,0.0361,0.0452
2020,2020-09-12,Liverpool,Leeds,4,3,H,1.28,6.0,9.5,1.52,2.53,-1.5,1.9,1.97,0.0532,0.0339,0.0532
2020,2020-09-12,West Ham,Newcastle United,0,2,A,2.15,3.4,3.4,1.97,1.86,-0.5,2.12,1.75,0.0534,0.0431,0.0452
2020,2020-09-13,West Bromwich Albion,Leicester,0,3,A,3.8,3.6,1.95,1.92,1.9,0.5,1.88,1.97,0.0538,0.0395,0.0471
2020,2020-09-13,Tottenham,Everton,0,1,A,1.83,3.6,4.33,1.94,1.88,-0.5,1.9,1.96,0.0552,0.0365,0.0474
2020,2020-09-14,Brighton,Chelsea,1,3,A,5.0,4.33,1.61,1.76,2.08,0.75,2.05,1.82,0.0521,0.0373,0.049
2020,2020-09-14,Sheffield United,Wolverhampton Wanderers,0,2,A,3.25,3.1,2.37,2.68,1.48,0.25,1.84,2.02,0.0522,0.0385,0.0488
2020,2020-09-19,Everton,West Bromwich Albion,5,2,H,1.5,4.2,6.5,1.81,2.03,-1.0,1.91,1.97,0.0586,0.0312,0.0451
2020,2020-09-19,Leeds,Fulham,4,3,H,1.61,3.9,5.75,1.93,1.91,-0.75,1.82,2.07,0.0514,0.0325,0.0417
2020,2020-09-19,Manchester United,Crystal Palace,1,3,A,1.3,5.5,9.5,1.66,2.24,-1.5,1.98,1.89,0.0563,0.0342,0.0488
2020,2020-09-19,Arsenal,West Ham,2,1,H,1.53,4.5,5.5,1.64,2.3,-1.0,1.87,2.0,0.0576,0.0348,0.0445
2020,2020-09-20,Southampton,Tottenham,2,5,A,3.0,3.3,2.37,1.97,1.87,0.25,1.85,2.03,0.0583,0.0332,0.0424
2020,2020-09-20,Newcastle United,Brighton,0,3,A,2.6,3.1,2.87,2.38,1.59,0.0,1.88,1.99,0.0556,0.0344,0.0491
2020,2020-09-20,Chelsea,Liverpool,0,2,A,3.1,3.6,2.2,1.61,2.35,0.25,1.96,1.91,0.0549,0.0338,0.0466
2020,2020-09-20,Leicester,Burnley,4,2,H,1.61,4.0,5.5,1.95,1.88,-0.75,1.8,2.09,0.0529,0.034,0.0447
2020,2020-09-21,Aston Villa,Sheffield United,1,0,H,2.7,3.1,2.75,2.25,1.66,0.0,1.91,1.95,0.0566,0.0364,0.0469
2020,2020-09-21,Wolverhampton Wanderers,Manchester City,1,3,A,6.5,4.33,1.5,1.7,2.18,1.0,1.96,1.91,0.0515,0.0338,0.047
2020,2020-09-26,Brighton,Manchester United,2,3,A,4.75,3.75,1.72,1.86,1.97,0.75,1.89,1.98,0.0586,0.0342,0.0452
2020,2020-09-26,Crystal Palace,Everton,1,2,A,3.75,3.25,2.1,2.16,1.71,0.25,2.07,1.82,0.0505,0.0325,0.0478
2020,2020-09-26,West Bromwich Albion,Chelsea,3,3,D,9.0,4.75,1.36,1.64,2.28,1.25,2.03,1.85,0.0569,0.0332,0.0484
2020,2020-09-26,Burnley,Southampton,0,1,A,3.2,3.3,2.3,2.09,1.75,0.25,1.9,1.97,0.0503,0.0339,0.0499
2020,2020-09-27,Sheffield United,Leeds,0,1,A,2.7,3.3,2.62,2.0,1.83,0.0,1.98,1.89,0.0551,0.0342,0.0464
2020,2020-09-27,Tottenham,Newcastle United,1,1,D,1.45,4.5,7.0,1.75,2.1,-1.25,2.07,1.81,0.0547,0.0356,0.0476
2020,2020-09-27,Manchester City,Leicester,2,5,A,1.28,6.0,9.5,1.41,2.9,-1.75,2.01,1.86,0.0532,0.0351,0.054
2020,2020-09-27,West Ham,Wolverhampton Wanderers,4,0,H,3.6,3.5,2.05,2.13,1.73,0.5,1.81,2.07,0.0513,0.0356,0.0475
2020,2020-09-28,Fulham,Aston Villa,0,3,A,2.9,3.25,2.5,2.07,1.76,0.0,2.07,1.8,0.0525,0.0386,0.0513
2020,2020-09-28,Liverpool,Arsenal,3,1,H,1.45,4.75,6.5,1.54,2.48,-1.0,1.78,2.1,0.054,0.038,0.0526
2020,2020-10-03,Chelsea,Crystal Palace,4,0,H,1.4,4.75,8.0,1.62,2.33,-1.25,1.96,1.92,0.0498,0.031,0.0465
2020,2020-10-03,Everton,Brighton,4,2,H,1.72,3.75,4.8,1.83,2.0,-0.75,1.99,1.89,0.0564,0.0316,0.0464
2020,2020-10-03,Leeds,Manchester City,1,1,D,7.5,5.25,1.36,1.37,3.11,1.5,1.87,2.01,0.0591,0.0323,0.0515
2020,2020-10-03,Newcastle United,Burnley,3,1,H,2.4,3.2,3.1,2.31,1.62,-0.25,2.1,1.8,0.0517,0.0317,0.0502
2020,2020-10-04,Leicester,West Ham,0,3,A,1.61,4.2,5.25,1.66,2.23,-0.75,1.86,2.01,0.0497,0.0351,0.0508
2020,2020-10-04,Southampton,West Bromwich Albion,2,0,H,1.72,3.8,4.75,1.8,2.02,-0.75,1.99,1.89,0.0551,0.0316,0.0506
2020,2020-10-04,Arsenal,Sheffield United,2,1,H,1.57,4.0,6.0,1.93,1.89,-1.0,2.0,1.87,0.0536,0.0348,0.0472
2020,2020-10-04,Wolverhampton Wanderers,Fulham,1,0,H,1.5,4.0,7.5,2.12,1.73,-1.0,1.91,1.96,0.05,0.0338,0.0497
2020,2020-10-04,Manchester United,Tottenham,1,6,A,1.85,3.8,4.0,1.79,2.04,-0.5,1.92,1.96,0.0537,0.031,0.0489
2020,2020-10-04,Aston Villa,Liverpool,7,2,H,10.0,5.5,1.3,1.53,2.5,1.5,1.93,1.95,0.051,0.031,0.0536
2020,2020-10-17,Everton,Liverpool,2,2,D,3.75,4.2,1.83,1.53,2.53,0.75,1.8,2.08,0.0512,0.0363,0.0489
2020,2020-10-17,Chelsea,Southampton,3,3,D,1.45,4.75,6.5,1.58,2.4,-1.0,1.87,2.01,0.054,0.0323,0.0496
2020,2020-10-17,Manchester City,Arsenal,1,0,H,1.44,5.0,6.5,1.43,2.8,-1.25,2.03,1.85,0.0483,0.0332,0.0564
2020,2020-10-17,Newcastle United,Manchester United,1,4,A,4.75,4.0,1.66,1.74,2.11,0.75,1.98,1.89,0.0629,0.0342,0.0486
2020,2020-10-18,Sheffield United,Fulham,1,1,D,2.1,3.3,3.7,2.25,1.65,-0.25,1.8,2.08,0.0495,0.0363,0.0505
2020,2020-10-18,Crystal Palace,Brighton,1,1,D,2.62,3.3,2.7,2.19,1.69,0.0,1.9,1.97,0.0551,0.0339,0.0483
2020,2020-10-18,Tottenham,West Ham,3,3,D,1.57,4.33,5.5,1.59,2.37,-1.0,2.06,1.83,0.0497,0.0319,0.0509
2020,2020-10-18,Leicester,Aston Villa,0,1,A,1.83,3.8,4.1,1.63,2.3,-0.5,1.9,1.99,0.0535,0.0288,0.0483
2020,2020-10-19,West Bromwich Albion,Burnley,0,0,D,2.45,3.3,2.9,2.12,1.73,-0.25,2.12,1.78,0.056,0.0335,0.0497
2020,2020-10-19,Leeds,Wolverhampton Wanderers,0,1,A,2.5,3.3,2.87,2.13,1.72,-0.25,2.13,1.77,0.0515,0.0345,0.0509
2020,2020-10-23,Aston Villa,Leeds,0,3,A,2.05,3.75,3.3,1.61,2.36,-0.25,1.84,2.05,0.0575,0.0313,0.0448
2020,2020-10-24,West Ham,Manchester City,1,1,D,8.0,5.25,1.36,1.42,2.89,1.5,1.79,2.09,0.0508,0.0371,0.0502
2020,2020-10-24,Fulham,Crystal Palace,1,2,A,2.75,3.1,2.7,2.27,1.65,0.0,1.92,1.95,0.0566,0.0337,0.0466
2020,2020-10-24,Manchester United,Chelsea,0,0,D,2.37,3.6,2.8,1.62,2.32,-0.25,2.07,1.82,0.0569,0.0325,0.0483
2020,2020-10-24,Liverpool,Sheffield United,2,1,H,1.22,6.5,12.0,1.49,2.61,-1.75,1.93,1.95,0.0569,0.031,0.0543
2020,2020-10-25,Southampton,Everton,2,0,H,2.75,3.4,2.55,1.79,2.05,0.0,2.02,1.86,0.0499,0.0327,0.0465
2020,2020-10-25,Wolverhampton Wanderers,Newcastle United,1,1,D,1.75,3.5,5.25,2.25,1.66,-0.75,2.04,1.85,0.0476,0.0307,0.0469
2020,2020-10-25,Arsenal,Leicester,0,1,A,1.9,3.75,3.8,1.74,2.12,-0.5,1.93,1.95,0.0561,0.031,0.0464
2020,2020-10-26,Brighton,West Bromwich Albion,1,1,D,1.7,4.0,4.75,1.83,2.0,-0.75,1.98,1.91,0.0488,0.0286,0.0464
2020,2020-10-26,Burnley,Tottenham,0,1,A,5.75,4.0,1.6,1.84,1.98,1.0,1.79,2.1,0.0489,0.0348,0.0485
2020,2020-10-30,Wolverhampton Wanderers,Crystal Palace,2,0,H,2.0,3.2,4.33,2.67,1.48,-0.5,2.06,1.83,0.0434,0.0319,0.0502
2020,2020-10-31,Sheffield United,Manchester City,0,1,A,9.5,6.0,1.28,1.51,2.58,1.5,1.97,1.9,0.0532,0.0339,0.0498
2020,2020-10-31,Burnley,Chelsea,0,3,A,6.0,4.5,1.5,1.66,2.23,1.0,1.98,1.89,0.0556,0.0342,0.0508
2020,2020-10-31,Liverpool,West Ham,2,1,H,1.36,5.25,7.5,1.4,2.95,-1.5,2.05,1.82,0.0591,0.0373,0.0533
2020,2020-11-01,Aston Villa,Southampton,3,4,A,2.45,3.5,2.8,1.65,2.27,0.0,1.83,2.05,0.051,0.0343,0.0466
2020,2020-11-01,Newcastle United,Everton,2,1,H,3.7,3.4,2.05,1.82,2.01,0.25,2.12,1.77,0.0522,0.0367,0.047
2020,2020-11-01,Manchester United,Arsenal,0,1,A,2.0,3.6,3.6,1.74,2.12,-0.5,2.04,1.84,0.0556,0.0337,0.0464
2020,2020-11-01,Tottenham,Brighton,2,1,H,1.61,4.0,5.5,1.65,2.26,-1.0,2.09,1.8,0.0529,0.034,0.0485
2020,2020-11-02,Fulham,West Bromwich Albion,2,0,H,2.4,3.3,3.0,2.06,1.78,-0.25,2.1,1.8,0.053,0.0317,0.0472
2020,2020-11-02,Leeds,Leicester,1,4,A,2.5,3.6,2.62,1.75,2.1,0.0,1.9,1.97,0.0595,0.0339,0.0476
2020,2020-11-06,Brighton,Burnley,0,0,D,1.85,3.5,4.33,2.11,1.74,-0.5,1.89,1.99,0.0572,0.0316,0.0486
2020,2020-11-06,Southampton,Newcastle United,2,0,H,2.0,3.6,3.7,1.83,2.0,-0.5,2.03,1.84,0.048,0.0361,0.0464
2020,2020-11-07,Everton,Manchester United,1,3,A,2.9,3.5,2.37,1.76,2.08,0.25,1.81,2.08,0.0525,0.0333,0.049
2020,2020-11-07,Crystal Palace,Leeds,4,1,H,2.87,3.4,2.45,1.94,1.88,0.0,2.11,1.78,0.0507,0.0357,0.0474
2020,2020-11-07,Chelsea,Sheffield United,4,1,H,1.36,5.0,8.5,1.69,2.19,-1.25,1.9,1.97,0.0529,0.0339,0.0483
2020,2020-11-07,West Ham,Fulham,1,0,H,1.83,3.75,4.2,1.82,2.0,-0.75,2.09,1.79,0.0512,0.0371,0.0495
2020,2020-11-08,West Bromwich Albion,Tottenham,0,1,A,7.0,4.33,1.45,1.7,2.17,1.0,2.02,1.85,0.0635,0.0356,0.0491
2020,2020-11-08,Leicester,Wolverhampton Wanderers,1,0,H,2.3,3.2,3.25,2.34,1.6,-0.25,2.03,1.85,0.055,0.0332,0.0524
2020,2020-11-08,Manchester City,Liverpool,1,1,D,1.95,4.2,3.4,1.44,2.79,-0.5,2.0,1.88,0.045,0.0319,0.0529
2020,2020-11-08,Arsenal,Aston Villa,0,3,A,1.65,4.1,5.0,1.68,2.22,-0.75,1.89,1.99,0.05,0.0316,0.0457
2020,2020-11-21,Newcastle United,Chelsea,0,2,A,6.5,4.75,1.45,1.66,2.24,1.0,2.08,1.81,0.054,0.0333,0.0488
2020,2020-11-21,Aston Villa,Brighton,1,2,A,2.15,3.6,3.2,1.75,2.09,-0.25,1.9,1.98,0.0554,0.0314,0.0499
2020,2020-11-21,Tottenham,Manchester City,2,0,H,4.0,4.0,1.8,1.6,2.37,0.75,1.83,2.05,0.0556,0.0343,0.0469
2020,2020-11-21,Manchester United,West Bromwich Albion,1,0,H,1.3,5.5,9.5,1.64,2.28,-1.5,2.02,1.85,0.0563,0.0356,0.0484
2020,2020-11-22,Fulham,Everton,2,3,A,3.9,3.9,1.85,1.75,2.1,0.5,1.96,1.91,0.0534,0.0338,0.0476
2020,2020-11-22,Sheffield United,West Ham,0,1,A,3.0,3.25,2.4,2.11,1.74,0.25,1.8,2.08,0.0577,0.0363,0.0486
2020,2020-11-22,Leeds,Arsenal,0,0,D,3.0,3.75,2.2,1.66,2.24,0.25,1.95,1.92,0.0545,0.0337,0.0488
2020,2020-11-22,Liverpool,Leicester,3,0,H,1.85,4.0,3.8,1.59,2.39,-0.5,1.89,1.98,0.0537,0.0342,0.0473
2020,2020-11-23,Burnley,Crystal Palace,1,0,H,2.75,3.1,2.75,2.44,1.56,0.0,1.93,1.94,0.0499,0.0336,0.0509
2020,2020-11-23,Wolverhampton Wanderers,Southampton,1,1,D,2.3,3.25,3.25,2.23,1.67,-0.25,1.99,1.88,0.0502,0.0344,0.0472
2020,2020-11-27,Crystal Palace,Newcastle United,0,2,A,2.05,3.25,3.75,2.34,1.61,-0.25,1.83,2.04,0.0622,0.0366,0.0485
2020,2020-11-28,Brighton,Liverpool,1,1,D,5.5,4.2,1.57,1.58,2.4,1.0,1.83,2.04,0.0569,0.0366,0.0496
2020,2020-11-28,Manchester City,Burnley,5,0,H,1.16,7.5,16.0,1.45,2.74,-2.25,2.04,1.82,0.0579,0.0396,0.0546
2020,2020-11-28,Everton,Leeds,0,1,A,1.95,3.8,3.6,1.62,2.31,-0.5,2.02,1.85,0.0538,0.0356,0.0502
2020,2020-11-28,West Bromwich Albion,Sheffield United,1,0,H,2.6,3.2,2.8,2.28,1.63,0.0,1.84,2.03,0.0543,0.0361,0.0521
2020,2020-11-29,Southampton,Manchester United,2,3,A,4.0,3.5,1.95,1.81,2.01,0.5,1.86,2.0,0.0485,0.0376,0.05
2020,2020-11-29,Chelsea,Tottenham,0,0,D,2.05,3.5,3.6,1.76,2.08,-0.25,1.81,2.06,0.0513,0.0379,0.049
2020,2020-11-29,Arsenal,Wolverhampton Wanderers,1,2,A,2.05,3.4,3.75,2.31,1.62,-0.25,1.81,2.05,0.0486,0.0403,0.0502
2020,2020-11-30,Leicester,Fulham,1,2,A,1.5,4.33,6.5,1.73,2.12,-1.0,1.9,1.95,0.0515,0.0391,0.0497
2020,2020-11-30,West Ham,Aston Villa,2,1,H,2.25,3.6,3.0,1.71,2.15,-0.25,2.01,1.86,0.0556,0.0351,0.0499
2020,2020-12-05,Burnley,Everton,1,1,D,4.0,3.5,1.9,2.01,1.81,0.5,1.91,1.95,0.062,0.0364,0.05
2020,2020-12-05,Manchester City,Fulham,2,0,H,1.1,11.0,19.0,1.3,3.48,-2.5,1.96,1.9,0.0526,0.0365,0.0566
2020,2020-12-05,West Ham,Manchester United,1,3,A,3.6,3.6,2.0,1.74,2.11,0.5,1.83,2.04,0.0556,0.0366,0.0486
2020,2020-12-05,Chelsea,Leeds,3,1,H,1.5,4.5,6.0,1.5,2.59,-1.0,1.86,2.0,0.0556,0.0376,0.0528
2020,2020-12-06,West Bromwich Albion,Crystal Palace,1,5,A,2.87,3.2,2.55,2.21,1.67,0.0,2.03,1.83,0.0531,0.0391,0.0513
2020,2020-12-06,Sheffield United,Leicester,1,2,A,3.8,3.5,1.95,2.01,1.82,0.5,1.87,2.0,0.0617,0.0348,0.047
2020,2020-12-06,Tottenham,Arsenal,2,0,H,1.95,3.6,3.8,1.92,1.9,-0.5,2.0,1.86,0.0538,0.0376,0.0471
2020,2020-12-06,Liverpool,Wolverhampton Wanderers,4,0,H,1.5,4.33,6.5,1.75,2.1,-1.0,1.87,1.99,0.0515,0.0373,0.0476
2020,2020-12-07,Brighton,Southampton,1,2,A,2.45,3.4,2.9,1.94,1.88,0.0,1.82,2.04,0.0471,0.0396,0.0474
2020,2020-12-11,Leeds,West Ham,1,2,A,2.15,3.7,3.1,1.58,2.4,-0.25,1.9,1.97,0.058,0.0339,0.0496
2020,2020-12-12,Wolverhampton Wanderers,Aston Villa,0,1,A,2.25,3.25,3.25,2.05,1.79,-0.25,2.0,1.88,0.0598,0.0319,0.0465
2020,2020-12-12,Newcastle United,West Bromwich Albion,2,1,H,2.45,3.2,3.0,2.19,1.69,0.0,1.8,2.09,0.054,0.034,0.0483
2020,2020-12-12,Manchester United,Manchester City,0,0,D,4.33,4.2,1.72,1.65,2.27,0.75,1.93,1.94,0.0504,0.0336,0.0466
2020,2020-12-12,Everton,Chelsea,1,0,H,4.33,4.2,1.7,1.6,2.34,0.75,1.91,1.95,0.0573,0.0364,0.0524
2020,2020-12-13,Southampton,Sheffield United,3,0,H,1.7,3.75,5.0,1.99,1.83,-0.75,1.94,1.93,0.0549,0.0336,0.049
2020,2020-12-13,Crystal Palace,Tottenham,1,1,D,4.5,3.9,1.72,1.9,1.91,0.75,1.88,1.98,0.06,0.037,0.0499
2020,2020-12-13,Fulham,Liverpool,1,1,D,9.0,5.5,1.3,1.42,2.84,1.5,1.96,1.9,0.0622,0.0365,0.0563
2020,2020-12-13,Arsenal,Burnley,0,1,A,1.53,4.2,6.25,1.9,1.92,-1.0,1.92,1.94,0.0517,0.0363,0.0471
2020,2020-12-13,Leicester,Brighton,3,0,H,2.0,3.5,3.8,1.91,1.91,-0.5,2.02,1.84,0.0489,0.0385,0.0471
2020,2020-12-15,Wolverhampton Wanderers,Chelsea,2,1,H,5.25,3.8,1.66,2.06,1.78,0.75,1.99,1.88,0.056,0.0344,0.0472
2020,2020-12-15,Manchester City,West Bromwich Albion,1,1,D,1.09,11.0,21.0,1.35,3.22,-2.5,1.96,1.89,0.056,0.0393,0.0513
2020,2020-12-16,Arsenal,Southampton,1,1,D,2.25,3.5,3.1,1.8,2.03,-0.25,1.94,1.93,0.0527,0.0336,0.0482
2020,2020-12-16,Leeds,Newcastle United,5,2,H,1.75,4.0,4.33,1.74,2.1,-0.75,1.99,1.87,0.0524,0.0373,0.0509
2020,2020-12-16,Leicester,Everton,0,2,A,2.15,3.6,3.25,1.69,2.17,-0.25,1.91,1.96,0.0506,0.0338,0.0525
2020,2020-12-16,Fulham,Brighton,0,0,D,2.87,3.3,2.5,2.05,1.77,0.0,2.07,1.79,0.0515,0.0418,0.0528
2020,2020-12-16,Liverpool,Tottenham,2,1,H,1.75,3.8,4.5,1.66,2.24,-0.75,2.01,1.86,0.0568,0.0351,0.0488
2020,2020-12-16,West Ham,Crystal Palace,1,1,D,2.05,3.4,3.6,1.97,1.84,-0.25,1.81,2.07,0.0597,0.0356,0.0511
2020,2020-12-17,Aston Villa,Burnley,0,0,D,1.75,3.8,4.5,1.85,1.96,-0.75,1.97,1.9,0.0568,0.0339,0.0507
2020,2020-12-17,Sheffield United,Manchester United,2,3,A,7.0,4.6,1.44,1.83,1.99,1.25,1.82,2.06,0.0547,0.0349,0.049
2020,2020-12-19,Crystal Palace,Liverpool,0,7,A,6.5,4.33,1.5,1.62,2.32,1.0,2.02,1.85,0.0515,0.0356,0.0483
2020,2020-12-19,Southampton,Manchester City,0,1,A,7.0,4.5,1.44,1.57,2.43,1.25,1.83,2.05,0.0595,0.0343,0.0485
2020,2020-12-19,Everton,Arsenal,2,1,H,2.45,3.5,2.8,1.84,1.98,-0.25,2.08,1.8,0.051,0.0363,0.0485
2020,2020-12-19,Newcastle United,Fulham,1,1,D,2.5,3.25,2.9,2.14,1.72,0.0,1.83,2.03,0.0525,0.0391,0.0487
2020,2020-12-20,Brighton,Sheffield United,1,1,D,1.65,3.75,5.5,2.22,1.67,-0.75,1.9,1.96,0.0545,0.0365,0.0493
2020,2020-12-20,Tottenham,Leicester,0,2,A,2.05,3.5,3.6,1.78,2.05,-0.5,2.07,1.8,0.0513,0.0386,0.0496
2020,2020-12-20,Manchester United,Leeds,6,2,H,1.66,4.33,4.5,1.5,2.6,-0.75,1.89,1.98,0.0556,0.0342,0.0513
2020,2020-12-20,West Bromwich Albion,Aston Villa,0,3,A,3.6,3.8,1.95,1.75,2.1,0.5,1.87,1.99,0.0538,0.0373,0.0476
2020,2020-12-21,Burnley,Wolverhampton Wanderers,2,1,H,3.5,3.25,2.2,2.56,1.51,0.25,1.97,1.89,0.048,0.0367,0.0529
2020,2020-12-21,Chelsea,West Ham,3,0,H,1.44,5.0,6.25,1.55,2.44,-1.0,1.79,2.07,0.0544,0.0418,0.055
2020,2020-12-26,Leicester,Manchester United,2,2,D,2.9,3.6,2.3,1.68,2.2,0.25,1.86,2.0,0.0574,0.0376,0.0498
2020,2020-12-26,Aston Villa,Crystal Palace,3,0,H,1.9,3.75,3.8,1.77,2.06,-0.5,1.94,1.92,0.0561,0.0363,0.0504
2020,2020-12-26,Fulham,Southampton,0,0,D,3.2,3.3,2.3,1.96,1.85,0.25,1.89,1.97,0.0503,0.0367,0.0507
2020,2020-12-26,Arsenal,Chelsea,3,1,H,4.0,3.6,1.9,1.91,1.91,0.5,1.94,1.91,0.0541,0.039,0.0471
2020,2020-12-26,Manchester City,Newcastle United,2,0,H,1.11,10.0,19.0,1.36,3.14,-2.5,1.99,1.87,0.0535,0.0373,0.0538
2020,2020-12-26,Sheffield United,Everton,0,1,A,4.2,3.6,1.85,1.95,1.87,0.5,1.97,1.89,0.0564,0.0367,0.0476
2020,2020-12-27,Leeds,Burnley,1,0,H,1.72,4.0,4.33,1.6,2.37,-0.75,1.96,1.92,0.0623,0.031,0.0469
2020,2020-12-27,West Ham,Brighton,2,2,D,2.3,3.4,3.1,1.94,1.88,-0.25,2.04,1.84,0.0515,0.0337,0.0474
2020,2020-12-27,Liverpool,West Bromwich Albion,1,1,D,1.11,10.0,19.0,1.36,3.13,-2.5,2.02,1.84,0.0535,0.0385,0.0548
2020,2020-12-27,Wolverhampton Wanderers,Tottenham,1,1,D,3.6,3.25,2.15,2.2,1.68,0.25,2.03,1.84,0.0506,0.0361,0.0498
2020,2020-12-28,Crystal Palace,Leicester,1,1,D,3.75,3.5,2.0,1.88,1.94,0.5,1.86,2.01,0.0524,0.0351,0.0474
2020,2020-12-28,Chelsea,Aston Villa,1,1,D,1.61,4.2,5.0,1.55,2.45,-0.75,1.87,2.01,0.0592,0.0323,0.0533
2020,2020-12-29,Brighton,Arsenal,0,1,A,3.25,3.5,2.2,2.04,1.79,0.25,1.9,1.97,0.048,0.0339,0.0489
2020,2020-12-29,Burnley,Sheffield United,1,0,H,2.37,3.1,3.25,2.43,1.57,-0.25,2.05,1.83,0.0522,0.0343,0.0485
2020,2020-12-29,Southampton,West Ham,0,0,D,2.1,3.6,3.4,1.9,1.92,-0.25,1.9,1.98,0.0481,0.0314,0.0471
2020,2020-12-29,West Bromwich Albion,Leeds,0,5,A,3.6,3.6,2.0,1.61,2.32,0.5,1.83,2.04,0.0556,0.0366,0.0522
2020,2020-12-29,Manchester United,Wolverhampton Wanderers,1,0,H,1.53,4.2,6.25,1.92,1.9,-1.0,1.96,1.9,0.0517,0.0365,0.0471
2020,2020-12-30,Newcastle United,Liverpool,0,0,D,12.0,6.0,1.25,1.5,2.6,1.5,2.05,1.83,0.05,0.0343,0.0513
2020,2021-01-01,Everton,West Ham,0,1,A,2.1,3.5,3.5,1.96,1.86,-0.25,1.85,2.03,0.0476,0.0332,0.0478
2020,2021-01-01,Manchester United,Aston Villa,2,1,H,1.72,4.2,4.2,1.54,2.48,-0.75,1.95,1.93,0.0576,0.031,0.0526
2020,2021-01-02,Tottenham,Leeds,3,0,H,1.75,4.1,4.2,1.44,2.79,-0.75,2.02,1.87,0.0534,0.0298,0.0529
2020,2021-01-02,Crystal Palace,Sheffield United,2,0,H,1.95,3.5,3.9,2.25,1.65,-0.5,2.0,1.85,0.0549,0.0405,0.0505
2020,2021-01-02,Brighton,Wolverhampton Wanderers,3,3,D,2.62,3.25,2.75,2.43,1.56,0.0,1.86,2.0,0.053,0.0376,0.0525
2020,2021-01-02,West Bromwich Albion,Arsenal,0,4,A,5.75,4.0,1.57,1.84,1.98,1.0,1.81,2.07,0.0609,0.0356,0.0485
2020,2021-01-03,Newcastle United,Leicester,1,2,A,5.25,4.2,1.61,1.86,1.96,0.75,2.02,1.86,0.0497,0.0327,0.0478
2020,2021-01-03,Chelsea,Manchester City,1,3,A,3.0,3.7,2.2,1.72,2.12,0.25,1.89,1.96,0.0581,0.0393,0.0531
2020,2021-01-04,Southampton,Liverpool,1,0,H,5.0,4.33,1.61,1.63,2.29,0.75,2.05,1.83,0.0521,0.0343,0.0502
2020,2021-01-12,Sheffield United,Newcastle United,1,0,H,2.45,3.1,3.1,2.5,1.54,-0.25,2.12,1.79,0.0533,0.0304,0.0494
2020,2021-01-12,Burnley,Manchester United,0,1,A,7.0,4.5,1.45,1.71,2.17,1.25,1.83,2.06,0.0547,0.0319,0.0456
2020,2021-01-12,Wolverhampton Wanderers,Everton,1,2,A,2.45,3.1,3.1,2.39,1.59,-0.25,2.13,1.78,0.0533,0.0313,0.0473
2020,2021-01-13,Manchester City,Brighton,1,0,H,1.14,8.5,16.0,1.48,2.64,-2.0,1.92,1.95,0.0573,0.0337,0.0545
2020,2021-01-13,Tottenham,Fulham,1,1,D,1.36,5.0,8.5,1.68,2.21,-1.25,1.92,1.95,0.0529,0.0337,0.0477
2020,2021-01-14,Arsenal,Crystal Palace,0,0,D,1.53,4.0,6.5,1.87,1.95,-1.0,1.95,1.91,0.0574,0.0364,0.0476
2020,2021-01-16,Wolverhampton Wanderers,West Bromwich Albion,2,3,A,1.6,3.5,7.0,2.28,1.64,-1.0,2.11,1.78,0.0536,0.0357,0.0484
2020,2021-01-16,Leeds,Brighton,0,1,A,2.1,3.5,3.4,1.62,2.32,-0.25,1.89,1.99,0.056,0.0316,0.0483
2020,2021-01-16,West Ham,Burnley,1,0,H,1.8,3.5,4.75,2.1,1.74,-0.5,1.84,2.04,0.0518,0.0337,0.0509
2020,2021-01-16,Fulham,Chelsea,0,1,A,6.5,4.33,1.5,1.77,2.07,1.0,1.93,1.94,0.0515,0.0336,0.0481
2020,2021-01-16,Leicester,Southampton,2,0,H,1.8,3.75,4.5,1.88,1.94,-0.75,2.04,1.84,0.0444,0.0337,0.0474
2020,2021-01-17,Sheffield United,Tottenham,1,3,A,6.25,3.75,1.6,2.04,1.79,0.75,2.03,1.84,0.0517,0.0361,0.0489
2020,2021-01-17,Liverpool,Manchester United,0,0,D,1.95,3.8,3.6,1.68,2.21,-0.5,1.96,1.91,0.0538,0.0338,0.0477
2020,2021-01-17,Manchester City,Crystal Palace,4,0,H,1.14,8.5,17.0,1.49,2.62,-2.0,1.87,2.0,0.0537,0.0348,0.0528
2020,2021-01-18,Arsenal,Newcastle United,3,0,H,1.4,4.5,8.0,1.79,2.05,-1.25,2.02,1.86,0.0615,0.0327,0.0465
2020,2021-01-19,West Ham,West Bromwich Albion,2,1,H,1.57,4.2,5.5,1.89,1.93,-1.0,2.0,1.87,0.0569,0.0348,0.0472
2020,2021-01-19,Leicester,Chelsea,2,0,H,2.87,3.4,2.45,1.89,1.94,0.0,2.08,1.81,0.0507,0.0333,0.0446
2020,2021-01-20,Manchester City,Aston Villa,2,0,H,1.22,6.5,12.0,1.48,2.65,-1.75,1.92,1.94,0.0569,0.0363,0.053
2020,2021-01-20,Fulham,Manchester United,1,2,A,6.0,4.33,1.53,1.73,2.13,1.0,1.94,1.92,0.0512,0.0363,0.0475
2020,2021-01-21,Liverpool,Burnley,0,1,A,1.18,7.5,15.0,1.52,2.53,-2.0,2.03,1.84,0.0475,0.0361,0.0532
2020,2021-01-23,Aston Villa,Newcastle United,2,0,H,1.45,4.75,6.5,1.69,2.2,-1.0,1.83,2.04,0.054,0.0366,0.0463
2020,2021-01-26,Crystal Palace,West Ham,2,3,A,3.1,3.25,2.37,2.2,1.69,0.25,1.84,2.05,0.0522,0.0313,0.0463
2020,2021-01-26,Newcastle United,Leeds,1,2,A,3.9,3.8,1.85,1.67,2.23,0.5,1.95,1.93,0.0601,0.031,0.0472
2020,2021-01-26,Southampton,Arsenal,1,3,A,3.5,3.6,2.05,1.78,2.05,0.25,2.07,1.82,0.0513,0.0325,0.0496
2020,2021-01-26,West Bromwich Albion,Manchester City,0,5,A,15.0,7.5,1.18,1.57,2.42,2.0,1.85,2.02,0.0475,0.0356,0.0502
2020,2021-01-27,Burnley,Aston Villa,3,2,H,3.8,3.5,1.95,1.9,1.92,0.5,1.87,2.0,0.0617,0.0348,0.0471
2020,2021-01-27,Chelsea,Wolverhampton Wanderers,0,0,D,1.6,4.2,5.25,1.94,1.89,-0.75,1.8,2.1,0.0536,0.0317,0.0446
2020,2021-01-27,Brighton,Fulham,0,0,D,2.05,3.4,3.75,2.17,1.71,-0.5,2.06,1.82,0.0486,0.0349,0.0456
2020,2021-01-27,Everton,Leicester,1,1,D,2.8,3.3,2.55,2.03,1.8,0.0,2.01,1.86,0.0523,0.0351,0.0482
2020,2021-01-27,Manchester United,Sheffield United,1,2,A,1.25,6.0,11.0,1.66,2.24,-1.5,1.88,2.0,0.0576,0.0319,0.0488
2020,2021-01-28,Tottenham,Liverpool,1,3,A,3.2,3.6,2.2,1.8,2.04,0.25,1.95,1.92,0.0448,0.0337,0.0458
2020,2021-01-30,Everton,Newcastle United,0,2,A,1.55,4.0,6.5,1.99,1.84,-1.0,2.05,1.83,0.049,0.0343,0.046
2020,2021-01-30,Crystal Palace,Wolverhampton Wanderers,1,0,H,2.87,3.2,2.55,2.46,1.56,0.0,2.06,1.81,0.0531,0.0379,0.0475
2020,2021-01-30,Manchester City,Sheffield United,1,0,H,1.12,9.0,18.0,1.49,2.63,-2.25,1.96,1.92,0.0595,0.031,0.0514
2020,2021-01-30,West Bromwich Albion,Fulham,2,2,D,3.3,3.2,2.3,2.18,1.7,0.25,1.89,1.98,0.0503,0.0342,0.047
2020,2021-01-30,Arsenal,Manchester United,0,0,D,2.8,3.5,2.45,1.82,2.01,0.0,2.06,1.81,0.051,0.0379,0.047
2020,2021-01-30,Southampton,Aston Villa,0,1,A,2.8,3.6,2.37,1.7,2.18,0.25,1.79,2.09,0.0569,0.0371,0.047
2020,2021-01-31,Chelsea,Burnley,2,0,H,1.33,5.0,9.5,1.74,2.11,-1.5,1.99,1.87,0.0571,0.0373,0.0486
2020,2021-01-31,Leicester,Leeds,1,3,A,1.8,4.0,4.2,1.61,2.34,-0.75,2.04,1.85,0.0437,0.0307,0.0485
2020,2021-01-31,West Ham,Liverpool,1,3,A,4.33,4.0,1.75,1.65,2.27,0.75,1.88,1.99,0.0524,0.0344,0.0466
2020,2021-01-31,Brighton,Tottenham,1,0,H,3.2,3.4,2.25,2.04,1.8,0.25,1.85,2.03,0.0511,0.0332,0.0458
2020,2021-02-02,Sheffield United,West Bromwich Albion,2,1,H,2.0,3.3,4.0,2.28,1.64,-0.5,2.05,1.83,0.053,0.0343,0.0484
2020,2021-02-02,Wolverhampton Wanderers,Arsenal,2,1,H,3.6,3.3,2.1,2.27,1.64,0.25,2.02,1.85,0.057,0.0356,0.0503
2020,2021-02-02,Manchester United,Southampton,9,0,H,1.4,4.75,7.0,1.58,2.42,-1.25,1.96,1.92,0.0677,0.031,0.0461
2020,2021-02-02,Newcastle United,Crystal Palace,1,2,A,2.8,3.2,2.6,2.26,1.65,0.0,2.03,1.84,0.0543,0.0361,0.0485
2020,2021-02-03,Burnley,Manchester City,0,2,A,13.0,7.0,1.2,1.63,2.29,1.75,2.02,1.85,0.0531,0.0356,0.0502
2020,2021-02-03,Fulham,Leicester,0,2,A,4.0,3.5,1.9,2.0,1.83,0.5,1.9,1.97,0.062,0.0339,0.0464
2020,2021-02-03,Leeds,Everton,1,2,A,2.5,3.5,2.7,1.65,2.26,0.0,1.83,2.03,0.0561,0.0391,0.0485
2020,2021-02-03,Aston Villa,West Ham,1,3,A,2.2,3.4,3.25,1.7,2.17,-0.25,1.9,1.97,0.0564,0.0339,0.0491
2020,2021-02-03,Liverpool,Brighton,0,1,A,1.33,5.25,9.0,1.63,2.3,-1.5,2.05,1.81,0.0535,0.0403,0.0483
2020,2021-02-04,Tottenham,Chelsea,0,1,A,3.5,3.4,2.1,1.96,1.86,0.25,2.01,1.86,0.056,0.0351,0.0478
2020,2021-02-06,Aston Villa,Arsenal,1,0,H,2.62,3.5,2.6,1.69,2.19,0.0,2.02,1.86,0.052,0.0327,0.0483
2020,2021-02-06,Burnley,Brighton,1,1,D,3.6,3.1,2.2,2.43,1.57,0.25,1.98,1.89,0.0549,0.0342,0.0485
2020,2021-02-06,Newcastle United,Southampton,3,2,H,3.0,3.3,2.4,1.99,1.83,0.0,2.11,1.77,0.053,0.0389,0.049
2020,2021-02-06,Fulham,West Ham,0,0,D,3.6,3.5,2.05,1.99,1.83,0.25,2.06,1.82,0.0513,0.0349,0.049
2020,2021-02-06,Manchester United,Everton,3,3,D,1.53,4.2,6.0,1.69,2.2,-1.0,1.95,1.92,0.0584,0.0337,0.0463
2020,2021-02-07,Tottenham,West Bromwich Albion,2,0,H,1.45,4.5,7.0,1.75,2.1,-1.25,2.04,1.84,0.0547,0.0337,0.0476
2020,2021-02-07,Wolverhampton Wanderers,Leicester,0,0,D,3.5,3.4,2.1,2.22,1.67,0.25,2.02,1.85,0.056,0.0356,0.0493
2020,2021-02-07,Liverpool,Manchester City,1,4,A,3.4,3.6,2.05,1.7,2.17,0.25,2.04,1.84,0.0597,0.0337,0.0491
2020,2021-02-07,Sheffield United,Chelsea,1,2,A,7.0,4.5,1.45,1.88,1.94,1.0,2.09,1.8,0.0547,0.034,0.0474
2020,2021-02-08,Leeds,Crystal Palace,2,0,H,1.8,3.8,4.2,1.65,2.26,-0.5,1.86,2.01,0.0568,0.0351,0.0485
2020,2021-02-13,Leicester,Liverpool,3,1,H,3.5,3.4,2.1,1.73,2.13,0.25,2.03,1.85,0.056,0.0332,0.0475
2020,2021-02-13,Crystal Palace,Burnley,0,3,A,2.37,3.1,3.2,2.4,1.58,-0.25,2.07,1.82,0.057,0.0325,0.0496
2020,2021-02-13,Manchester City,Tottenham,3,0,H,1.28,5.75,9.5,1.62,2.33,-1.5,1.97,1.9,0.0604,0.0339,0.0465
2020,2021-02-13,Brighton,Aston Villa,0,0,D,2.7,3.5,2.5,1.78,2.06,0.0,2.0,1.86,0.0561,0.0376,0.0472
2020,2021-02-14,Southampton,Wolverhampton Wanderers,1,2,A,2.37,3.2,3.1,2.29,1.63,-0.25,2.07,1.82,0.057,0.0325,0.0502
2020,2021-02-14,West Bromwich Albion,Manchester United,1,1,D,10.0,5.5,1.3,1.54,2.48,1.5,1.96,1.91,0.051,0.0338,0.0526
2020,2021-02-14,Arsenal,Leeds,4,2,H,1.83,3.8,4.0,1.59,2.38,-0.5,1.9,1.98,0.0596,0.0314,0.0491
2020,2021-02-14,Everton,Fulham,0,2,A,1.85,3.6,4.2,1.99,1.84,-0.5,1.94,1.94,0.0564,0.0309,0.046
2020,2021-02-15,West Ham,Sheffield United,3,0,H,1.66,3.75,5.25,2.03,1.79,-0.75,1.95,1.93,0.0596,0.031,0.0513
2020,2021-02-15,Chelsea,Newcastle United,2,0,H,1.22,6.5,12.0,1.6,2.36,-1.75,1.92,1.96,0.0569,0.031,0.0487
2020,2021-02-17,Burnley,Fulham,1,1,D,2.75,3.2,2.7,2.29,1.63,0.0,1.95,1.91,0.0465,0.0364,0.0502
2020,2021-02-17,Everton,Manchester City,1,3,A,8.5,5.5,1.33,1.64,2.27,1.5,1.84,2.04,0.0513,0.0337,0.0503
2020,2021-02-19,Wolverhampton Wanderers,Leeds,1,0,H,2.37,3.3,3.0,1.88,1.94,-0.25,2.05,1.84,0.0583,0.0313,0.0474
2020,2021-02-20,Southampton,Chelsea,1,1,D,5.0,3.8,1.7,1.88,1.95,0.75,1.92,1.96,0.0514,0.031,0.0447
2020,2021-02-20,Burnley,West Bromwich Albion,0,0,D,2.0,3.3,4.0,2.2,1.68,-0.5,2.03,1.85,0.053,0.0332,0.0498
2020,2021-02-20,Liverpool,Everton,0,2,A,1.44,4.5,7.0,1.6,2.36,-1.25,2.03,1.85,0.0595,0.0332,0.0487
2020,2021-02-20,Fulham,Sheffield United,1,0,H,2.15,3.2,3.6,2.36,1.6,-0.25,1.88,2.0,0.0554,0.0319,0.0487
2020,2021-02-21,West Ham,Tottenham,2,1,H,2.62,3.4,2.7,1.98,1.84,0.0,1.9,1.96,0.0462,0.0365,0.0485
2020,2021-02-21,Aston Villa,Leicester,1,2,A,2.87,3.5,2.4,1.76,2.07,0.0,2.09,1.78,0.0508,0.0403,0.0513
2020,2021-02-21,Arsenal,Manchester City,0,1,A,6.5,4.33,1.5,1.76,2.08,1.0,1.99,1.88,0.0515,0.0344,0.049
2020,2021-02-21,Manchester United,Newcastle United,3,1,H,1.28,5.5,10.0,1.56,2.43,-1.5,1.86,2.02,0.0631,0.0327,0.0525
2020,2021-02-22,Brighton,Crystal Palace,1,2,A,1.7,3.5,5.5,2.21,1.67,-0.75,1.99,1.89,0.0558,0.0316,0.0513
2020,2021-02-23,Leeds,Southampton,3,0,H,2.25,3.5,3.1,1.66,2.24,-0.25,2.03,1.86,0.0527,0.0302,0.0488
2020,2021-02-27,Manchester City,West Ham,2,1,H,1.22,6.5,12.0,1.53,2.51,-1.75,1.9,1.98,0.0569,0.0314,0.052
2020,2021-02-27,West Bromwich Albion,Brighton,1,0,H,4.2,3.3,1.95,2.14,1.72,0.5,1.91,1.96,0.0539,0.0338,0.0487
2020,2021-02-27,Leeds,Aston Villa,0,1,A,2.15,3.6,3.2,1.61,2.34,-0.25,1.94,1.94,0.0554,0.0309,0.0485
2020,2021-02-27,Newcastle United,Wolverhampton Wanderers,1,1,D,3.5,3.2,2.2,2.35,1.6,0.25,1.93,1.94,0.0528,0.0336,0.0505
2020,2021-02-28,Crystal Palace,Fulham,0,0,D,3.5,3.2,2.2,2.34,1.6,0.25,1.95,1.92,0.0528,0.0337,0.0524
2020,2021-02-28,Leicester,Arsenal,1,3,A,2.5,3.4,2.8,1.97,1.86,0.0,1.8,2.08,0.0513,0.0363,0.0452
2020,2021-02-28,Tottenham,Burnley,4,0,H,1.53,4.0,6.5,1.87,1.96,-1.0,1.96,1.91,0.0574,0.0338,0.045
2020,2021-02-28,Chelsea,Manchester United,0,0,D,2.15,3.4,3.4,1.93,1.89,-0.25,1.95,1.92,0.0534,0.0337,0.0472
2020,2021-02-28,Sheffield United,Liverpool,0,2,A,8.0,5.0,1.36,1.66,2.24,1.25,1.94,1.94,0.0603,0.0309,0.0488
2020,2021-03-01,Everton,Southampton,1,0,H,2.15,3.5,3.3,1.96,1.86,-0.25,1.89,1.98,0.0539,0.0342,0.0478
2020,2021-03-02,Manchester City,Wolverhampton Wanderers,4,1,H,1.18,7.0,15.0,1.72,2.14,-1.75,1.95,1.93,0.057,0.031,0.0487
2020,2021-03-03,Burnley,Leicester,1,1,D,4.0,3.25,2.0,2.1,1.75,0.5,1.82,2.07,0.0577,0.0325,0.0476
2020,2021-03-03,Sheffield United,Aston Villa,1,0,H,3.75,3.4,2.05,2.16,1.71,0.5,1.82,2.07,0.0486,0.0325,0.0478
2020,2021-03-03,Crystal Palace,Manchester United,0,0,D,8.0,4.75,1.4,1.77,2.07,1.25,1.86,2.02,0.0498,0.0327,0.0481
2020,2021-03-04,Fulham,Tottenham,0,1,A,4.0,3.6,1.9,2.01,1.81,0.5,1.92,1.96,0.0541,0.031,0.05
2020,2021-03-04,West Bromwich Albion,Everton,0,1,A,4.33,3.6,1.83,1.95,1.87,0.75,1.8,2.08,0.0552,0.0363,0.0476
2020,2021-03-04,Liverpool,Chelsea,0,1,A,2.25,3.6,3.0,1.78,2.05,-0.25,1.97,1.92,0.0556,0.0284,0.0496
2020,2021-03-06,Burnley,Arsenal,1,1,D,5.5,4.0,1.61,1.93,1.9,0.75,2.06,1.83,0.0529,0.0319,0.0445
2020,2021-03-06,Sheffield United,Southampton,0,2,A,3.6,3.5,2.0,2.23,1.66,0.25,2.08,1.8,0.0635,0.0363,0.0508
2020,2021-03-06,Aston Villa,Wolverhampton Wanderers,0,0,D,2.37,3.25,3.1,2.13,1.73,-0.25,2.07,1.83,0.0522,0.0295,0.0475
2020,2021-03-06,Brighton,Leicester,1,2,A,2.55,3.25,2.8,2.2,1.68,0.0,1.8,2.07,0.057,0.0386,0.0498
2020,2021-03-07,West Bromwich Albion,Newcastle United,0,0,D,2.37,3.2,3.1,2.25,1.65,-0.25,2.09,1.82,0.057,0.0279,0.0505
2020,2021-03-07,Liverpool,Fulham,0,1,A,1.36,5.0,8.5,1.69,2.18,-1.25,1.88,2.01,0.0529,0.0294,0.0504
2020,2021-03-07,Manchester City,Manchester United,0,2,A,1.45,4.5,7.0,1.72,2.14,-1.0,1.83,2.05,0.0547,0.0343,0.0487
2020,2021-03-07,Tottenham,Crystal Palace,4,1,H,1.45,4.5,7.0,1.84,1.98,-1.0,1.8,2.1,0.0547,0.0317,0.0485
2020,2021-03-08,Chelsea,Everton,2,0,H,1.53,4.0,6.5,1.93,1.89,-1.0,1.97,1.91,0.0574,0.0312,0.0472
2020,2021-03-08,West Ham,Leeds,2,0,H,2.05,3.6,3.5,1.66,2.24,-0.25,1.83,2.06,0.0513,0.0319,0.0488
2020,2021-03-10,Manchester City,Southampton,5,2,H,1.18,7.5,15.0,1.51,2.59,-2.0,2.02,1.86,0.0475,0.0327,0.0484
2020,2021-03-12,Newcastle United,Aston Villa,1,1,D,3.8,3.3,2.05,2.26,1.65,0.5,1.79,2.11,0.054,0.0326,0.0485
2020,2021-03-13,Leeds,Chelsea,0,0,D,4.75,4.0,1.7,1.77,2.07,0.75,1.91,1.98,0.0488,0.0286,0.0481
2020,2021-03-13,Crystal Palace,West Bromwich Albion,1,0,H,2.15,3.2,3.6,2.37,1.6,-0.25,1.92,1.97,0.0554,0.0284,0.0469
2020,2021-03-13,Everton,Burnley,1,2,A,1.83,3.5,4.5,2.09,1.76,-0.5,1.89,1.99,0.0544,0.0316,0.0467
2020,2021-03-13,Fulham,Manchester City,0,3,A,10.0,5.0,1.33,1.78,2.06,1.5,1.81,2.07,0.0519,0.0356,0.0472
2020,2021-03-14,Southampton,Brighton,1,2,A,2.9,3.1,2.5,2.34,1.61,0.0,2.07,1.81,0.0674,0.0356,0.0485
2020,2021-03-14,Leicester,Sheffield United,5,0,H,1.5,4.2,6.5,2.01,1.82,-1.0,1.97,1.91,0.0586,0.0312,0.047
2020,2021-03-14,Arsenal,Tottenham,2,1,H,2.55,3.4,2.75,1.91,1.92,0.0,1.84,2.04,0.0499,0.0337,0.0444
2020,2021-03-14,Manchester United,West Ham,1,0,H,1.83,3.6,4.33,1.89,1.94,-0.5,1.86,2.03,0.0552,0.0302,0.0446
2020,2021-03-15,Wolverhampton Wanderers,Liverpool,0,1,A,4.75,3.75,1.72,1.96,1.86,0.75,1.9,1.98,0.0586,0.0314,0.0478
2020,2021-03-19,Fulham,Leeds,1,2,A,2.37,3.4,3.0,2.05,1.79,-0.25,2.11,1.81,0.0494,0.0264,0.0465
2020,2021-03-20,Brighton,Newcastle United,3,0,H,1.66,3.5,6.0,2.26,1.65,-0.75,1.89,2.01,0.0548,0.0266,0.0485
2020,2021-03-21,West Ham,Arsenal,3,3,D,2.8,3.5,2.45,1.95,1.87,0.0,2.07,1.82,0.051,0.0325,0.0476
2020,2021-03-21,Aston Villa,Tottenham,0,2,A,2.9,3.3,2.45,1.85,1.97,0.25,1.81,2.09,0.056,0.031,0.0482
2020,2021-04-03,Chelsea,West Bromwich Albion,2,5,A,1.22,6.0,15.0,1.73,2.12,-1.75,1.98,1.91,0.053,0.0286,0.0497
2020,2021-04-03,Leeds,Sheffield United,2,1,H,1.5,4.33,6.5,1.81,2.02,-1.0,1.89,1.99,0.0515,0.0316,0.0475
2020,2021-04-03,Leicester,Manchester City,0,2,A,6.0,4.2,1.53,1.91,1.92,1.0,1.87,2.01,0.0584,0.0323,0.0444
2020,2021-04-03,Arsenal,Liverpool,0,3,A,3.1,3.7,2.15,1.78,2.06,0.25,1.91,1.97,0.058,0.0312,0.0472
2020,2021-04-04,Southampton,Burnley,3,2,H,2.05,3.3,3.8,2.14,1.71,-0.25,1.8,2.08,0.054,0.0363,0.0521
2020,2021-04-04,Newcastle United,Tottenham,2,2,D,5.5,4.0,1.6,1.88,1.94,1.0,1.79,2.09,0.0568,0.0371,0.0474
2020,2021-04-04,Aston Villa,Fulham,3,1,H,2.25,3.3,3.3,2.2,1.68,-0.25,1.96,1.92,0.0505,0.031,0.0498
2020,2021-04-04,Manchester United,Brighton,2,1,H,1.61,4.0,5.5,1.92,1.9,-0.75,1.84,2.05,0.0529,0.0313,0.0471
2020,2021-04-05,Everton,Crystal Palace,1,1,D,1.75,3.5,5.0,2.31,1.62,-0.5,1.81,2.07,0.0571,0.0356,0.0502
2020,2021-04-05,Wolverhampton Wanderers,West Ham,2,3,A,2.87,3.2,2.55,2.4,1.58,0.0,2.07,1.81,0.0531,0.0356,0.0496
2020,2021-04-09,Fulham,Wolverhampton Wanderers,0,1,A,2.5,3.0,3.1,2.61,1.5,-0.25,2.16,1.76,0.0559,0.0311,0.0498
2020,2021-04-10,Manchester City,Leeds,1,2,A,1.28,5.75,10.0,1.47,2.69,-1.5,1.88,1.99,0.0552,0.0344,0.052
2020,2021-04-10,Liverpool,Aston Villa,2,1,H,1.5,4.33,6.5,1.62,2.33,-1.0,1.85,2.03,0.0515,0.0332,0.0465
2020,2021-04-10,Crystal Palace,Chelsea,1,4,A,7.0,3.8,1.53,2.08,1.76,1.0,1.92,1.96,0.0596,0.031,0.049
2020,2021-04-11,Burnley,Newcastle United,1,2,A,2.3,3.1,3.4,2.39,1.59,-0.25,1.99,1.89,0.0515,0.0316,0.0473
2020,2021-04-11,West Ham,Leicester,3,2,H,3.0,3.3,2.37,1.96,1.87,0.25,1.81,2.09,0.0583,0.031,0.045
2020,2021-04-11,Tottenham,Manchester United,1,3,A,2.87,3.4,2.45,1.86,1.96,0.0,2.08,1.82,0.0507,0.0302,0.0478
2020,2021-04-11,Sheffield United,Arsenal,0,3,A,6.5,3.75,1.57,2.01,1.82,1.0,1.83,2.05,0.0575,0.0343,0.047
2020,2021-04-12,West Bromwich Albion,Southampton,3,0,H,3.6,3.3,2.1,2.03,1.8,0.25,2.0,1.88,0.057,0.0319,0.0482
2020,2021-04-12,Brighton,Everton,0,0,D,2.25,3.3,3.3,2.21,1.68,-0.25,1.96,1.92,0.0505,0.031,0.0477
2020,2021-04-16,Everton,Tottenham,2,2,D,3.4,3.5,2.1,1.87,1.96,0.25,2.01,1.88,0.056,0.0294,0.045
2020,2021-04-17,Newcastle United,West Ham,3,2,H,3.5,3.5,2.05,1.89,1.94,0.5,1.8,2.08,0.0592,0.0363,0.0446
2020,2021-04-17,Wolverhampton Wanderers,Sheffield United,1,0,H,1.66,3.5,5.75,2.33,1.61,-0.75,1.93,1.96,0.062,0.0283,0.0503
2020,2021-04-18,Arsenal,Fulham,1,1,D,1.7,3.8,4.8,2.04,1.79,-0.75,1.99,1.9,0.0597,0.0288,0.0489
2020,2021-04-18,Manchester United,Burnley,3,1,H,1.33,5.25,9.0,1.76,2.09,-1.5,2.08,1.81,0.0535,0.0333,0.0467
2020,2021-04-19,Leeds,Liverpool,1,1,D,4.5,4.33,1.66,1.52,2.53,0.75,2.03,1.85,0.0556,0.0332,0.0532
2020,2021-04-20,Chelsea,Brighton,0,0,D,1.57,4.0,6.0,2.16,1.71,-0.75,1.8,2.11,0.0536,0.0295,0.0478
2020,2021-04-21,Tottenham,Southampton,2,1,H,1.75,3.8,4.5,1.75,2.1,-0.75,2.05,1.84,0.0568,0.0313,0.0476
2020,2021-04-21,Aston Villa,Manchester City,1,2,A,9.0,4.75,1.36,1.68,2.21,1.25,2.05,1.84,0.0569,0.0313,0.0477
2020,2021-04-22,Leicester,West Bromwich Albion,3,0,H,1.53,3.8,6.0,1.93,1.9,-1.0,2.05,1.84,0.0834,0.0313,0.0445
2020,2021-04-23,Arsenal,Everton,0,1,A,2.0,3.5,3.75,2.0,1.84,-0.5,2.06,1.83,0.0524,0.0319,0.0435
2020,2021-04-24,Liverpool,Newcastle United,1,1,D,1.22,6.5,12.0,1.54,2.5,-1.75,1.9,1.98,0.0569,0.0314,0.0494
2020,2021-04-24,West Ham,Chelsea,0,1,A,4.75,3.6,1.75,2.0,1.84,0.75,1.87,2.0,0.0597,0.0348,0.0435
2020,2021-04-24,Sheffield United,Brighton,1,0,H,5.25,3.4,1.75,2.35,1.6,0.75,1.9,1.98,0.056,0.0314,0.0505
2020,2021-04-25,Wolverhampton Wanderers,Burnley,0,4,A,2.0,3.4,3.9,2.31,1.62,-0.5,2.08,1.82,0.0505,0.0302,0.0502
2020,2021-04-25,Leeds,Manchester United,0,0,D,4.0,4.2,1.75,1.59,2.4,0.75,1.83,2.05,0.0595,0.0343,0.0456
2020,2021-04-25,Aston Villa,West Bromwich Albion,2,2,D,1.85,3.6,4.2,1.94,1.88,-0.5,1.88,2.01,0.0564,0.0294,0.0474
2020,2021-04-26,Leicester,Crystal Palace,2,1,H,1.4,4.33,8.5,2.04,1.79,-1.0,1.82,2.06,0.0629,0.0349,0.0489
2020,2021-04-30,Southampton,Leicester,1,1,D,3.8,3.8,1.9,1.86,1.97,0.5,1.93,1.95,0.0526,0.031,0.0452
2020,2021-05-01,Crystal Palace,Manchester City,0,2,A,10.0,5.0,1.33,1.72,2.15,1.5,1.89,2.0,0.0519,0.0291,0.0465
2020,2021-05-01,Brighton,Leeds,2,0,H,2.05,3.5,3.5,1.91,1.92,-0.25,1.87,2.02,0.0592,0.0298,0.0444
2020,2021-05-01,Chelsea,Fulham,2,0,H,1.44,4.4,7.5,2.03,1.8,-1.0,1.83,2.05,0.0551,0.0343,0.0482
2020,2021-05-01,Everton,Aston Villa,1,2,A,1.95,3.6,3.8,1.91,1.92,-0.5,2.02,1.86,0.0538,0.0327,0.0444
2020,2021-05-02,Newcastle United,Arsenal,0,2,A,3.6,3.6,2.0,1.78,2.06,0.5,1.83,2.06,0.0556,0.0319,0.0472
2020,2021-05-02,Tottenham,Sheffield United,4,0,H,1.25,6.0,12.0,1.69,2.19,-1.5,1.89,1.99,0.05,0.0316,0.0483
2020,2021-05-03,West Bromwich Albion,Wolverhampton Wanderers,1,1,D,2.9,3.2,2.5,2.2,1.69,0.0,2.06,1.82,0.0573,0.0349,0.0463
2020,2021-05-03,Burnley,West Ham,1,2,A,3.1,3.6,2.2,1.9,1.92,0.25,1.91,1.96,0.0549,0.0338,0.0471
2020,2021-05-07,Leicester,Newcastle United,2,4,A,1.4,4.75,8.0,1.73,2.13,-1.25,1.98,1.91,0.0498,0.0286,0.0475
2020,2021-05-08,Leeds,Tottenham,3,1,H,3.4,3.8,2.0,1.64,2.29,0.5,1.84,2.05,0.0573,0.0313,0.0464
2020,2021-05-08,Sheffield United,Crystal Palace,0,2,A,3.0,3.2,2.45,2.29,1.63,0.0,2.1,1.79,0.054,0.0348,0.0502
2020,2021-05-08,Manchester City,Chelsea,1,2,A,1.9,3.4,4.2,2.22,1.68,-0.5,1.93,1.95,0.0585,0.031,0.0457
2020,2021-05-08,Liverpool,Southampton,2,0,H,1.25,6.0,11.0,1.47,2.69,-1.75,2.04,1.85,0.0576,0.0307,0.052
2020,2021-05-09,Wolverhampton Wanderers,Brighton,2,1,H,3.3,3.3,2.2,2.34,1.61,0.25,1.94,1.94,0.0606,0.0309,0.0485
2020,2021-05-09,Aston Villa,Manchester United,1,3,A,4.2,3.8,1.8,1.73,2.13,0.75,1.82,2.06,0.0568,0.0349,0.0475
2020,2021-05-09,West Ham,Everton,0,1,A,2.2,3.5,3.2,1.9,1.92,-0.25,1.96,1.93,0.0528,0.0283,0.0471
2020,2021-05-09,Arsenal,West Bromwich Albion,3,1,H,1.44,4.5,7.0,1.76,2.09,-1.0,1.79,2.1,0.0595,0.0348,0.0467
2020,2021-05-10,Fulham,Burnley,0,2,A,2.2,3.4,3.3,2.04,1.79,-0.25,1.91,1.97,0.0517,0.0312,0.0489
2020,2021-05-11,Manchester United,Leicester,1,2,A,2.5,3.4,2.8,1.95,1.88,0.0,1.82,2.07,0.0513,0.0325,0.0447
2020,2021-05-11,Southampton,Crystal Palace,3,1,H,2.05,3.6,3.5,1.93,1.91,-0.25,1.81,2.08,0.0513,0.0333,0.0417
2020,2021-05-12,Chelsea,Arsenal,0,1,A,1.65,4.0,5.0,2.04,1.8,-0.75,1.96,1.93,0.0561,0.0283,0.0458
2020,2021-05-13,Aston Villa,Everton,0,0,D,2.7,3.4,2.6,1.84,2.0,0.0,1.97,1.9,0.0491,0.0339,0.0435
2020,2021-05-13,Manchester United,Liverpool,2,4,A,3.0,3.75,2.2,1.69,2.19,0.25,1.97,1.9,0.0545,0.0339,0.0483
2020,2021-05-14,Newcastle United,Manchester City,3,4,A,11.0,6.0,1.25,1.54,2.51,1.5,2.02,1.86,0.0576,0.0327,0.0478
2020,2021-05-15,Burnley,Leeds,0,4,A,3.2,3.75,2.1,1.67,2.24,0.25,1.94,1.94,0.0554,0.0309,0.0452
2020,2021-05-15,Southampton,Fulham,3,1,H,2.0,3.6,3.6,1.97,1.86,-0.5,2.02,1.86,0.0556,0.0327,0.0452
2020,2021-05-15,Brighton,West Ham,1,1,D,2.9,3.6,2.3,2.02,1.81,0.25,1.82,2.06,0.0574,0.0349,0.0475
2020,2021-05-16,Crystal Palace,Aston Villa,3,2,H,3.0,3.6,2.25,1.94,1.89,0.25,1.86,2.02,0.0556,0.0327,0.0446
2020,2021-05-16,Tottenham,Wolverhampton Wanderers,2,0,H,1.5,4.33,6.5,1.85,1.98,-1.0,1.94,1.93,0.0515,0.0336,0.0456
2020,2021-05-16,West Bromwich Albion,Liverpool,1,2,A,12.0,6.5,1.22,1.43,2.83,2.0,1.81,2.07,0.0569,0.0356,0.0527
2020,2021-05-16,Everton,Sheffield United,0,1,A,1.36,4.75,8.5,1.84,1.98,-1.25,1.95,1.93,0.0635,0.031,0.0485
2020,2021-05-18,Manchester United,Fulham,1,1,D,1.28,6.0,9.0,1.59,2.41,-1.5,1.93,1.95,0.059,0.031,0.0439
2020,2021-05-18,Southampton,Leeds,0,2,A,2.55,3.9,2.5,1.5,2.6,0.0,1.94,1.92,0.0486,0.0363,0.0513
2020,2021-05-18,Brighton,Manchester City,3,2,H,7.0,4.5,1.45,1.78,2.07,1.0,2.08,1.81,0.0547,0.0333,0.0449
2020,2021-05-18,Chelsea,Leicester,2,1,H,1.7,3.75,5.0,2.14,1.73,-0.75,1.94,1.94,0.0549,0.0309,0.0453
2020,2021-05-19,Everton,Wolverhampton Wanderers,1,0,H,1.85,3.6,4.2,2.1,1.76,-0.5,1.88,2.0,0.0564,0.0319,0.0444
2020,2021-05-19,Newcastle United,Sheffield United,1,0,H,1.72,3.8,4.75,1.81,2.03,-0.75,1.97,1.91,0.0551,0.0312,0.0451
2020,2021-05-19,Tottenham,Aston Villa,1,2,A,1.5,4.5,6.0,1.54,2.51,-1.0,1.85,2.03,0.0556,0.0332,0.0478
2020,2021-05-19,Crystal Palace,Arsenal,1,3,A,6.0,4.5,1.5,1.74,2.13,1.0,1.99,1.88,0.0556,0.0344,0.0442
2020,2021-05-19,Burnley,Liverpool,0,3,A,11.0,7.0,1.22,1.35,3.23,2.0,1.81,2.06,0.0534,0.0379,0.0503
2020,2021-05-19,West Bromwich Albion,West Ham,1,3,A,5.0,4.33,1.6,1.62,2.33,1.0,1.84,2.04,0.0559,0.0337,0.0465
2020,2021-05-23,Arsenal,Brighton,2,0,H,1.57,4.33,5.25,1.71,2.17,-1.0,2.07,1.8,0.0584,0.0386,0.0456
2020,2021-05-23,Aston Villa,Chelsea,2,1,H,6.5,4.6,1.45,1.68,2.22,1.0,2.09,1.8,0.0609,0.034,0.0457
2020,2021-05-23,Fulham,Newcastle United,0,2,A,2.05,3.8,3.3,1.65,2.27,-0.5,2.07,1.81,0.054,0.0356,0.0466
2020,2021-05-23,Leeds,West Bromwich Albion,3,1,H,1.4,5.25,6.5,1.41,2.91,-1.25,1.91,1.97,0.0586,0.0312,0.0529
2020,2021-05-23,Leicester,Tottenham,2,4,A,2.0,4.0,3.3,1.6,2.37,-0.5,2.04,1.85,0.053,0.0307,0.0469
2020,2021-05-23,Liverpool,Crystal Palace,2,0,H,1.14,8.5,15.0,1.37,3.1,-2.25,1.98,1.9,0.0615,0.0314,0.0525
2020,2021-05-23,Manchester City,Everton,5,0,H,1.44,5.0,6.5,1.62,2.31,-1.25,2.0,1.88,0.0483,0.0319,0.0502
2020,2021-05-23,Sheffield United,Burnley,1,0,H,2.8,3.6,2.4,1.74,2.12,0.25,1.79,2.11,0.0516,0.0326,0.0464
2020,2021-05-23,West Ham,Southampton,3,0,H,1.65,4.0,5.0,1.63,2.31,-0.75,1.92,1.96,0.0561,0.031,0.0464
2020,2021-05-23,Wolverhampton Wanderers,Manchester United,1,2,A,2.5,3.5,2.7,1.74,2.13,0.0,1.88,1.99,0.0561,0.0344,0.0442
2021,2021-08-13,Brentford,Arsenal,2,0,H,4.0,3.4,1.95,2.16,1.73,0.5,1.87,2.03,0.0569,0.0274,0.041
2021,2021-08-14,Manchester United,Leeds,5,1,H,1.53,4.5,5.75,1.65,2.29,-1.0,1.93,1.96,0.0497,0.0283,0.0427
2021,2021-08-14,Burnley,Brighton,1,2,A,3.1,3.1,2.45,2.46,1.57,0.25,1.79,2.12,0.0533,0.0304,0.0434
2021,2021-08-14,Chelsea,Crystal Palace,3,0,H,1.25,5.75,13.0,1.79,2.06,-1.5,1.83,2.07,0.0508,0.0295,0.0441
2021,2021-08-14,Everton,Southampton,3,1,H,1.9,3.5,4.0,2.07,1.79,-0.5,1.96,1.92,0.062,0.031,0.0418
2021,2021-08-14,Leicester,Wolverhampton Wanderers,1,0,H,1.66,3.8,5.25,2.04,1.81,-0.75,1.94,1.95,0.056,0.0283,0.0427
2021,2021-08-14,Watford,Aston Villa,3,2,H,3.1,3.2,2.37,2.03,1.82,0.25,1.82,2.07,0.057,0.0325,0.0421
2021,2021-08-14,Norwich,Liverpool,0,3,A,9.0,5.75,1.3,1.52,2.59,1.5,1.94,1.95,0.0543,0.0283,0.044
2021,2021-08-15,Newcastle United,West Ham,2,4,A,3.2,3.5,2.2,1.95,1.9,0.25,1.92,1.96,0.0528,0.031,0.0391
2021,2021-08-15,Tottenham,Manchester City,1,0,H,5.5,4.2,1.6,1.85,2.01,1.0,1.79,2.11,0.0449,0.0326,0.0381
2021,2021-08-21,Liverpool,Burnley,2,0,H,1.18,7.5,13.0,1.54,2.5,-2.0,2.07,1.81,0.0577,0.0356,0.0494
2021,2021-08-21,Aston Villa,Newcastle United,2,0,H,1.8,3.75,4.33,1.77,2.09,-0.75,2.04,1.84,0.0532,0.0337,0.0434
2021,2021-08-21,Crystal Palace,Brentford,0,0,D,2.55,3.2,2.87,2.32,1.62,0.0,1.83,2.06,0.0531,0.0319,0.0483
2021,2021-08-21,Leeds,Everton,2,2,D,2.37,3.4,3.0,1.7,2.2,-0.25,2.04,1.85,0.0494,0.0307,0.0428
2021,2021-08-21,Manchester City,Norwich,5,0,H,1.08,11.0,26.0,1.34,3.29,-2.5,1.93,1.95,0.0553,0.031,0.0502
2021,2021-08-21,Brighton,Watford,2,0,H,1.7,3.5,5.75,2.24,1.67,-0.75,1.97,1.92,0.0479,0.0284,0.0452
2021,2021-08-22,Southampton,Manchester United,1,1,D,5.5,4.2,1.57,1.72,2.16,1.0,1.84,2.04,0.0569,0.0337,0.0444
2021,2021-08-22,Wolverhampton Wanderers,Tottenham,0,1,A,3.2,3.2,2.35,2.24,1.67,0.25,1.81,2.08,0.0505,0.0333,0.0452
2021,2021-08-22,Arsenal,Chelsea,0,2,A,4.75,3.75,1.72,2.07,1.79,0.75,1.86,2.02,0.0586,0.0327,0.0418
2021,2021-08-23,West Ham,Leicester,4,1,H,2.5,3.5,2.75,1.8,2.04,0.0,1.88,2.01,0.0494,0.0294,0.0458
2021,2021-08-28,Manchester City,Arsenal,5,0,H,1.25,6.0,12.0,1.57,2.45,-1.75,2.0,1.88,0.05,0.0319,0.0451
2021,2021-08-28,Aston Villa,Brentford,1,1,D,1.95,3.6,3.8,1.97,1.88,-0.5,2.0,1.88,0.0538,0.0319,0.0395
2021,2021-08-28,Brighton,Everton,0,2,A,2.3,3.2,3.3,2.23,1.68,-0.25,2.0,1.88,0.0503,0.0319,0.0437
2021,2021-08-28,Newcastle United,Southampton,2,2,D,2.5,3.4,2.8,1.83,2.03,0.0,1.84,2.05,0.0513,0.0313,0.0391
2021,2021-08-28,Norwich,Leicester,1,2,A,4.5,3.5,1.85,1.8,2.06,0.5,1.98,1.9,0.0485,0.0314,0.041
2021,2021-08-28,West Ham,Crystal Palace,2,2,D,1.55,4.0,6.5,1.89,1.96,-1.0,2.02,1.86,0.049,0.0327,0.0393
2021,2021-08-28,Liverpool,Chelsea,1,1,D,2.45,3.3,2.9,2.02,1.83,0.0,1.79,2.12,0.056,0.0304,0.0415
2021,2021-08-29,Burnley,Leeds,1,1,D,3.1,3.5,2.25,1.77,2.09,0.25,1.87,2.01,0.0527,0.0323,0.0434
2021,2021-08-29,Tottenham,Watford,1,0,H,1.36,4.75,9.0,1.85,2.0,-1.25,2.04,1.85,0.0569,0.0307,0.0405
2021,2021-08-29,Wolverhampton Wanderers,Manchester United,0,1,A,5.0,3.5,1.75,2.01,1.83,0.75,1.81,2.07,0.0571,0.0356,0.044
2021,2021-09-11,Crystal Palace,Tottenham,3,0,H,4.2,3.5,1.9,2.1,1.77,0.5,1.93,1.96,0.0501,0.0283,0.0412
2021,2021-09-11,Arsenal,Norwich,1,0,H,1.5,4.6,6.0,1.71,2.17,-1.0,1.84,2.04,0.0507,0.0337,0.0456
2021,2021-09-11,Brentford,Brighton,0,1,A,2.8,3.2,2.62,2.46,1.57,0.0,1.99,1.89,0.0513,0.0316,0.0434
2021,2021-09-11,Leicester,Manchester City,0,1,A,6.0,4.0,1.57,1.74,2.14,1.0,1.85,2.04,0.0536,0.0307,0.042
2021,2021-09-11,Manchester United,Newcastle United,4,1,H,1.18,7.5,15.0,1.44,2.79,-2.0,1.98,1.89,0.0475,0.0342,0.0529
2021,2021-09-11,Southampton,West Ham,0,0,D,2.9,3.5,2.4,1.72,2.15,0.0,2.09,1.8,0.0472,0.034,0.0465
2021,2021-09-11,Watford,Wolverhampton Wanderers,0,2,A,3.4,3.2,2.25,2.3,1.64,0.25,1.89,1.99,0.0511,0.0316,0.0445
2021,2021-09-11,Chelsea,Aston Villa,3,0,H,1.28,5.5,11.0,1.78,2.07,-1.5,1.94,1.94,0.054,0.0309,0.0449
2021,2021-09-12,Leeds,Liverpool,0,3,A,4.33,4.0,1.75,1.57,2.44,0.75,1.89,1.99,0.0524,0.0316,0.0468
2021,2021-09-13,Everton,Burnley,3,1,H,1.7,3.75,5.0,1.99,1.85,-0.75,1.97,1.91,0.0549,0.0312,0.0431
2021,2021-09-17,Newcastle United,Leeds,1,1,D,3.0,3.6,2.3,1.65,2.29,0.25,1.86,2.03,0.0459,0.0302,0.0427
2021,2021-09-18,Wolverhampton Wanderers,Brentford,0,2,A,1.83,3.25,5.0,2.49,1.56,-0.5,1.9,1.99,0.0541,0.0288,0.0426
2021,2021-09-18,Burnley,Arsenal,0,1,A,3.8,3.6,1.95,2.03,1.82,0.5,1.86,2.03,0.0538,0.0302,0.0421
2021,2021-09-18,Liverpool,Crystal Palace,3,0,H,1.2,7.0,13.0,1.5,2.6,-1.75,1.85,2.05,0.0531,0.0283,0.0513
2021,2021-09-18,Manchester City,Southampton,0,0,D,1.12,9.5,17.0,1.4,2.99,-2.25,2.0,1.88,0.0569,0.0319,0.0487
2021,2021-09-18,Norwich,Watford,1,3,A,2.15,3.3,3.5,2.11,1.76,-0.25,1.88,2.01,0.0539,0.0294,0.0421
2021,2021-09-18,Aston Villa,Everton,3,0,H,2.4,3.3,3.0,2.0,1.84,-0.25,2.06,1.84,0.053,0.0289,0.0435
2021,2021-09-19,Brighton,Leicester,2,1,H,2.7,3.2,2.75,2.17,1.71,0.0,1.94,1.95,0.0465,0.0283,0.0456
2021,2021-09-19,West Ham,Manchester United,1,2,A,4.33,4.0,1.75,1.69,2.21,0.75,1.88,2.0,0.0524,0.0319,0.0442
2021,2021-09-19,Tottenham,Chelsea,0,3,A,5.0,3.8,1.7,2.09,1.77,0.75,1.91,1.97,0.0514,0.0312,0.0434
2021,2021-09-25,Chelsea,Manchester City,0,1,A,2.62,3.2,2.75,2.13,1.75,0.0,1.9,1.99,0.0578,0.0288,0.0409
2021,2021-09-25,Manchester United,Aston Villa,0,1,A,1.36,5.25,8.0,1.6,2.39,-1.25,1.88,2.01,0.0508,0.0294,0.0434
2021,2021-09-25,Everton,Norwich,2,0,H,1.61,3.8,5.75,1.89,1.95,-1.0,2.11,1.79,0.0582,0.0326,0.0419
2021,2021-09-25,Leeds,West Ham,1,2,A,3.0,3.6,2.25,1.61,2.37,0.25,1.9,1.99,0.0556,0.0288,0.0431
2021,2021-09-25,Leicester,Burnley,2,2,D,1.57,4.0,6.0,1.86,1.98,-1.0,2.04,1.85,0.0536,0.0307,0.0427
2021,2021-09-25,Watford,Newcastle United,1,1,D,2.2,3.4,3.3,2.04,1.81,-0.25,1.95,1.94,0.0517,0.0283,0.0427
2021,2021-09-25,Brentford,Liverpool,3,3,D,7.0,4.5,1.45,1.75,2.12,1.0,2.09,1.8,0.0547,0.034,0.0431
2021,2021-09-26,Southampton,Wolverhampton Wanderers,0,1,A,2.62,3.2,2.8,2.12,1.75,0.0,1.88,2.01,0.0513,0.0294,0.0431
2021,2021-09-26,Arsenal,Tottenham,3,1,H,2.15,3.3,3.5,2.07,1.79,-0.25,1.95,1.94,0.0539,0.0283,0.0418
2021,2021-09-27,Crystal Palace,Brighton,1,1,D,3.1,3.2,2.45,2.31,1.63,0.0,2.13,1.78,0.0432,0.0313,0.0464
2021,2021-10-02,Manchester United,Everton,1,1,D,1.45,4.33,7.5,1.81,2.05,-1.0,1.83,2.07,0.0539,0.0295,0.0403
2021,2021-10-02,Burnley,Norwich,0,0,D,1.85,3.6,4.33,1.9,1.94,-0.5,1.88,2.01,0.0493,0.0294,0.0418
2021,2021-10-02,Chelsea,Southampton,3,1,H,1.36,4.75,9.0,1.79,2.06,-1.25,1.9,1.99,0.0569,0.0288,0.0441
2021,2021-10-02,Leeds,Watford,1,0,H,1.7,4.0,4.75,1.69,2.22,-0.75,1.96,1.92,0.0488,0.031,0.0422
2021,2021-10-02,Wolverhampton Wanderers,Newcastle United,2,1,H,1.61,4.2,5.25,1.93,1.91,-0.75,1.9,1.99,0.0497,0.0288,0.0417
2021,2021-10-02,Brighton,Arsenal,0,0,D,3.0,3.25,2.4,2.06,1.8,0.25,1.79,2.12,0.0577,0.0304,0.041
2021,2021-10-03,Crystal Palace,Leicester,2,2,D,3.1,3.4,2.3,2.02,1.83,0.25,1.85,2.04,0.0515,0.0307,0.0415
2021,2021-10-03,Tottenham,Aston Villa,2,1,H,2.1,3.6,3.4,1.89,1.95,-0.25,1.84,2.06,0.0481,0.0289,0.0419
2021,2021-10-03,West Ham,Brentford,1,2,A,1.75,3.75,4.75,1.92,1.92,-0.5,1.83,2.07,0.0486,0.0295,0.0417
2021,2021-10-03,Liverpool,Manchester City,2,2,D,2.87,3.5,2.4,1.73,2.14,0.25,1.8,2.1,0.0508,0.0317,0.0453
2021,2021-10-16,Watford,Liverpool,0,5,A,8.5,5.5,1.33,1.58,2.43,1.5,1.85,2.02,0.0513,0.0356,0.0444
2021,2021-10-16,Aston Villa,Wolverhampton Wanderers,2,3,A,2.15,3.25,3.5,2.12,1.76,-0.25,1.93,1.96,0.0585,0.0283,0.0399
2021,2021-10-16,Leicester,Manchester United,4,2,H,3.5,3.6,2.05,1.77,2.11,0.5,1.78,2.09,0.0513,0.0403,0.0389
2021,2021-10-16,Manchester City,Burnley,2,0,H,1.12,9.0,19.0,1.39,3.04,-2.25,1.85,2.03,0.0566,0.0332,0.0484
2021,2021-10-16,Norwich,Brighton,0,0,D,3.6,3.4,2.1,2.13,1.75,0.25,2.06,1.83,0.0481,0.0319,0.0409
2021,2021-10-16,Southampton,Leeds,1,0,H,2.3,3.5,3.0,1.72,2.17,-0.25,2.07,1.83,0.0538,0.0295,0.0422
2021,2021-10-16,Brentford,Chelsea,0,1,A,6.5,3.8,1.57,2.04,1.81,1.0,1.82,2.08,0.0539,0.0302,0.0427
2021,2021-10-17,Everton,West Ham,0,1,A,2.5,3.4,2.8,1.89,1.96,0.0,1.81,2.09,0.0513,0.031,0.0393
2021,2021-10-17,Newcastle United,Tottenham,2,3,A,3.5,3.6,2.05,1.79,2.07,0.25,2.08,1.82,0.0513,0.0302,0.0418
2021,2021-10-18,Arsenal,Crystal Palace,2,2,D,1.6,3.8,6.0,1.93,1.91,-0.75,1.84,2.06,0.0548,0.0289,0.0417
2021,2021-10-22,Arsenal,Aston Villa,3,1,H,1.83,3.75,4.2,1.78,2.08,-0.5,1.9,1.97,0.0512,0.0339,0.0426
2021,2021-10-23,Chelsea,Norwich,7,0,H,1.18,7.0,15.0,1.66,2.27,-2.0,2.08,1.8,0.057,0.0363,0.0429
2021,2021-10-23,Crystal Palace,Newcastle United,1,1,D,1.9,3.6,4.0,1.95,1.89,-0.5,1.98,1.9,0.0541,0.0314,0.0419
2021,2021-10-23,Everton,Watford,2,5,A,1.65,3.8,5.5,2.01,1.84,-0.75,1.86,2.03,0.051,0.0302,0.041
2021,2021-10-23,Leeds,Wolverhampton Wanderers,1,1,D,2.4,3.4,2.87,1.9,1.95,0.0,1.86,2.04,0.0592,0.0278,0.0391
2021,2021-10-23,Southampton,Burnley,2,2,D,1.95,3.5,3.9,2.01,1.84,-0.5,1.99,1.88,0.0549,0.0344,0.041
2021,2021-10-23,Brighton,Manchester City,1,4,A,8.0,4.75,1.4,1.83,2.02,1.25,1.89,2.0,0.0498,0.0291,0.0415
2021,2021-10-24,Brentford,Leicester,1,2,A,2.62,3.3,2.7,1.9,1.94,0.0,1.91,1.98,0.0551,0.0286,0.0418
2021,2021-10-24,West Ham,Tottenham,1,0,H,2.3,3.5,3.0,1.78,2.08,-0.25,2.04,1.86,0.0538,0.0278,0.0426
2021,2021-10-24,Manchester United,Liverpool,0,5,A,3.1,3.6,2.2,1.59,2.42,0.25,1.9,1.99,0.0549,0.0288,0.0422
2021,2021-10-30,Leicester,Arsenal,0,2,A,2.4,3.5,2.87,1.81,2.05,0.0,1.81,2.1,0.0508,0.0287,0.0403
2021,2021-10-30,Burnley,Brentford,3,1,H,2.6,3.3,2.75,2.17,1.71,0.0,1.89,1.99,0.0513,0.0316,0.0456
2021,2021-10-30,Liverpool,Brighton,2,2,D,1.22,6.5,13.0,1.52,2.57,-1.75,1.87,2.01,0.0504,0.0323,0.047
2021,2021-10-30,Manchester City,Crystal Palace,0,2,A,1.14,8.0,19.0,1.44,2.8,-2.25,2.04,1.85,0.0548,0.0307,0.0516
2021,2021-10-30,Newcastle United,Chelsea,0,3,A,8.5,5.0,1.36,1.74,2.12,1.25,2.01,1.88,0.0529,0.0294,0.0464
2021,2021-10-30,Watford,Southampton,0,1,A,3.2,3.3,2.3,1.89,1.95,0.25,1.86,2.02,0.0503,0.0327,0.0419
2021,2021-10-30,Tottenham,Manchester United,0,3,A,2.87,3.6,2.37,1.76,2.1,0.25,1.83,2.05,0.0482,0.0343,0.0444
2021,2021-10-31,Norwich,Leeds,1,2,A,3.4,3.5,2.1,1.76,2.09,0.25,2.05,1.83,0.056,0.0343,0.0467
2021,2021-10-31,Aston Villa,West Ham,1,4,A,2.8,3.5,2.45,1.81,2.03,0.0,2.06,1.83,0.051,0.0319,0.0451
2021,2021-11-01,Wolverhampton Wanderers,Everton,2,1,H,2.2,3.2,3.5,2.27,1.65,-0.25,1.93,1.95,0.0528,0.031,0.0466
2021,2021-11-05,Southampton,Aston Villa,1,0,H,1.95,3.6,3.75,1.72,2.18,-0.5,2.01,1.86,0.0573,0.0351,0.0401
2021,2021-11-06,Manchester United,Manchester City,0,2,A,4.75,4.0,1.7,1.62,2.35,0.75,1.97,1.91,0.0488,0.0312,0.0428
2021,2021-11-06,Brentford,Norwich,1,2,A,1.6,4.0,5.75,2.03,1.82,-0.75,1.82,2.09,0.0489,0.0279,0.0421
2021,2021-11-06,Chelsea,Burnley,1,1,D,1.25,6.0,12.0,1.7,2.2,-1.75,2.05,1.84,0.05,0.0313,0.0428
2021,2021-11-06,Crystal Palace,Wolverhampton Wanderers,2,0,H,2.45,3.2,3.0,2.37,1.61,-0.25,2.13,1.78,0.054,0.0313,0.0431
2021,2021-11-06,Brighton,Newcastle United,1,1,D,1.57,3.9,6.0,1.95,1.9,-1.0,2.09,1.81,0.06,0.031,0.0391
2021,2021-11-07,Arsenal,Watford,1,0,H,1.36,4.75,8.5,1.6,2.38,-1.25,1.86,2.02,0.0635,0.0327,0.0452
2021,2021-11-07,Everton,Tottenham,0,0,D,3.1,3.25,2.37,2.02,1.82,0.25,1.81,2.08,0.0522,0.0333,0.0445
2021,2021-11-07,Leeds,Leicester,1,1,D,2.8,3.5,2.45,1.66,2.25,0.0,2.04,1.85,0.051,0.0307,0.0469
2021,2021-11-07,West Ham,Liverpool,3,2,H,4.75,4.0,1.7,1.49,2.63,0.75,1.96,1.92,0.0488,0.031,0.0514
2021,2021-11-20,Leicester,Chelsea,0,3,A,4.75,3.75,1.75,2.0,1.84,0.75,1.86,2.03,0.0486,0.0302,0.0435
2021,2021-11-20,Aston Villa,Brighton,2,0,H,2.45,3.3,2.9,2.08,1.77,-0.25,2.08,1.82,0.056,0.0302,0.0457
2021,2021-11-20,Burnley,Crystal Palace,3,3,D,2.7,3.2,2.7,2.18,1.7,0.0,1.96,1.92,0.0532,0.031,0.047
2021,2021-11-20,Newcastle United,Brentford,3,3,D,2.62,3.4,2.7,1.97,1.87,0.0,1.92,1.97,0.0462,0.0284,0.0424
2021,2021-11-20,Norwich,Southampton,2,1,H,3.6,3.5,2.05,1.99,1.85,0.25,2.08,1.81,0.0513,0.0333,0.0431
2021,2021-11-20,Watford,Manchester United,4,1,H,6.5,4.75,1.45,1.65,2.27,1.25,1.78,2.12,0.054,0.0335,0.0466
2021,2021-11-20,Wolverhampton Wanderers,West Ham,1,0,H,3.0,3.25,2.4,2.06,1.79,0.25,1.79,2.11,0.0577,0.0326,0.0441
2021,2021-11-20,Liverpool,Arsenal,4,0,H,1.45,4.75,6.5,1.49,2.64,-1.25,2.04,1.85,0.054,0.0307,0.0499
2021,2021-11-21,Manchester City,Everton,3,0,H,1.14,8.0,19.0,1.49,2.61,-2.0,1.96,1.92,0.0548,0.031,0.0543
2021,2021-11-21,Tottenham,Leeds,2,1,H,1.7,4.2,4.5,1.76,2.09,-0.75,1.95,1.94,0.0486,0.0283,0.0467
2021,2021-11-27,Arsenal,Newcastle United,2,0,H,1.44,4.75,7.0,1.62,2.33,-1.25,2.04,1.85,0.0478,0.0307,0.0465
2021,2021-11-27,Crystal Palace,Aston Villa,1,2,A,2.2,3.4,3.3,2.02,1.83,-0.25,1.93,1.96,0.0517,0.0283,0.0415
2021,2021-11-27,Liverpool,Southampton,4,0,H,1.28,6.0,9.0,1.41,2.91,-1.75,2.04,1.85,0.059,0.0307,0.0529
2021,2021-11-27,Norwich,Wolverhampton Wanderers,0,0,D,3.5,3.3,2.15,2.3,1.64,0.25,2.02,1.87,0.0539,0.0298,0.0445
2021,2021-11-27,Brighton,Leeds,0,0,D,2.05,3.4,3.75,1.93,1.91,-0.25,1.81,2.08,0.0486,0.0333,0.0417
2021,2021-11-28,Brentford,Everton,1,0,H,2.25,3.2,3.4,2.17,1.71,-0.25,1.93,1.95,0.0511,0.031,0.0456
2021,2021-11-28,Leicester,Watford,4,2,H,1.61,4.0,5.5,1.66,2.24,-1.0,2.1,1.8,0.0529,0.0317,0.0488
2021,2021-11-28,Manchester City,West Ham,2,1,H,1.28,5.75,10.0,1.5,2.59,-1.5,1.84,2.04,0.0552,0.0337,0.0528
2021,2021-11-28,Chelsea,Manchester United,1,1,D,1.57,4.0,6.0,1.81,2.03,-1.0,2.06,1.83,0.0536,0.0319,0.0451
2021,2021-11-30,Newcastle United,Norwich,1,1,D,1.95,3.5,3.9,1.83,2.01,-0.5,2.0,1.88,0.0549,0.0319,0.044
2021,2021-11-30,Leeds,Crystal Palace,1,0,H,2.4,3.3,3.0,1.92,1.92,-0.25,2.06,1.83,0.053,0.0319,0.0417
2021,2021-12-01,Southampton,Leicester,2,2,D,2.37,3.5,2.87,1.78,2.07,-0.25,2.1,1.8,0.0561,0.0317,0.0449
2021,2021-12-01,Watford,Chelsea,1,2,A,10.0,5.25,1.3,1.71,2.17,1.5,1.95,1.93,0.0597,0.031,0.0456
2021,2021-12-01,West Ham,Brighton,1,1,D,1.95,3.6,3.8,2.03,1.82,-0.5,2.02,1.87,0.0538,0.0298,0.0421
2021,2021-12-01,Wolverhampton Wanderers,Burnley,0,0,D,1.85,3.5,4.33,2.22,1.67,-0.5,1.96,1.92,0.0572,0.031,0.0493
2021,2021-12-01,Aston Villa,Manchester City,1,2,A,9.0,5.25,1.33,1.63,2.3,1.5,1.85,2.03,0.0535,0.0332,0.0483
2021,2021-12-01,Everton,Liverpool,1,4,A,7.5,5.25,1.36,1.59,2.37,1.25,1.99,1.89,0.0591,0.0316,0.0509
2021,2021-12-02,Tottenham,Brentford,2,0,H,1.6,4.2,5.25,1.9,1.94,-0.75,1.83,2.07,0.0536,0.0295,0.0418
2021,2021-12-02,Manchester United,Arsenal,3,2,H,1.95,3.75,3.75,1.8,2.05,-0.5,2.02,1.87,0.0462,0.0298,0.0434
2021,2021-12-04,West Ham,Chelsea,3,2,H,4.75,3.6,1.75,2.06,1.8,0.75,1.81,2.08,0.0597,0.0333,0.041
2021,2021-12-04,Newcastle United,Burnley,1,0,H,2.3,3.3,3.2,1.94,1.9,-0.25,2.0,1.89,0.0503,0.0291,0.0418
2021,2021-12-04,Southampton,Brighton,1,1,D,2.45,3.2,3.0,2.17,1.72,-0.25,2.08,1.82,0.054,0.0302,0.0422
2021,2021-12-04,Wolverhampton Wanderers,Liverpool,0,1,A,8.0,4.75,1.4,1.7,2.21,1.25,1.93,1.96,0.0498,0.0283,0.0407
2021,2021-12-04,Watford,Manchester City,1,3,A,12.0,7.0,1.2,1.44,2.8,2.0,1.94,1.93,0.0595,0.0336,0.0516
2021,2021-12-05,Leeds,Brentford,2,2,D,1.95,3.6,3.8,1.92,1.92,-0.5,1.94,1.94,0.0538,0.0309,0.0417
2021,2021-12-05,Manchester United,Crystal Palace,1,0,H,1.5,4.33,6.5,1.77,2.09,-1.0,1.99,1.89,0.0515,0.0316,0.0434
2021,2021-12-05,Tottenham,Norwich,3,0,H,1.36,5.0,8.5,1.84,2.0,-1.25,1.95,1.93,0.0529,0.031,0.0435
2021,2021-12-05,Aston Villa,Leicester,2,1,H,2.37,3.4,3.0,1.87,1.97,-0.25,2.03,1.86,0.0494,0.0302,0.0424
2021,2021-12-06,Everton,Arsenal,2,1,H,3.4,3.5,2.1,2.04,1.81,0.25,2.01,1.87,0.056,0.0323,0.0427
2021,2021-12-10,Brentford,Watford,2,1,H,2.25,3.3,3.3,1.99,1.85,-0.25,1.95,1.93,0.0505,0.031,0.0431
2021,2021-12-11,Manchester City,Wolverhampton Wanderers,1,0,H,1.14,8.0,19.0,1.55,2.49,-2.0,1.81,2.08,0.0548,0.0333,0.0468
2021,2021-12-11,Arsenal,Southampton,3,0,H,1.61,4.0,5.5,1.79,2.06,-0.75,1.84,2.05,0.0529,0.0313,0.0441
2021,2021-12-11,Chelsea,Leeds,3,2,H,1.25,5.75,12.0,1.59,2.4,-1.5,1.81,2.08,0.0572,0.0333,0.0456
2021,2021-12-11,Liverpool,Aston Villa,1,0,H,1.2,7.0,13.0,1.4,2.97,-2.0,2.07,1.81,0.0531,0.0356,0.051
2021,2021-12-11,Norwich,Manchester United,0,1,A,7.0,4.5,1.45,1.71,2.18,1.25,1.88,2.01,0.0547,0.0294,0.0435
2021,2021-12-12,Burnley,West Ham,0,0,D,3.6,3.6,2.0,1.84,2.0,0.5,1.84,2.05,0.0556,0.0313,0.0435
2021,2021-12-12,Leicester,Newcastle United,4,0,H,1.66,4.1,4.75,1.6,2.37,-0.75,1.96,1.93,0.0568,0.0283,0.0469
2021,2021-12-12,Crystal Palace,Everton,3,1,H,2.3,3.2,3.3,2.31,1.63,-0.25,1.95,1.93,0.0503,0.031,0.0464
2021,2021-12-14,Norwich,Aston Villa,0,2,A,3.3,3.3,2.25,2.14,1.74,0.25,1.92,1.95,0.0505,0.0337,0.042
2021,2021-12-14,Manchester City,Leeds,7,0,H,1.14,8.5,15.0,1.36,3.21,-2.25,1.97,1.91,0.0615,0.0312,0.0468
2021,2021-12-15,Brighton,Wolverhampton Wanderers,0,1,A,2.25,3.1,3.5,2.52,1.54,-0.25,1.99,1.89,0.0527,0.0316,0.0462
2021,2021-12-15,Crystal Palace,Southampton,2,2,D,2.15,3.3,3.5,2.1,1.76,-0.25,1.83,2.06,0.0539,0.0319,0.0444
2021,2021-12-15,Arsenal,West Ham,2,0,H,2.1,3.6,3.3,1.83,2.02,-0.25,1.91,1.97,0.057,0.0312,0.0415
2021,2021-12-16,Chelsea,Everton,1,1,D,1.22,6.5,13.0,1.71,2.16,-1.75,2.03,1.85,0.0504,0.0332,0.0478
2021,2021-12-16,Liverpool,Newcastle United,3,1,H,1.12,9.0,19.0,1.33,3.34,-2.5,1.98,1.9,0.0566,0.0314,0.0513
2021,2021-12-18,Leeds,Arsenal,1,4,A,3.9,3.8,1.83,1.75,2.11,0.5,1.97,1.91,0.066,0.0312,0.0454
2021,2021-12-19,Newcastle United,Manchester City,0,4,A,13.0,7.5,1.18,1.46,2.75,2.0,2.04,1.85,0.0577,0.0307,0.0486
2021,2021-12-19,Wolverhampton Wanderers,Chelsea,0,0,D,7.0,4.2,1.5,2.13,1.74,1.0,1.84,2.04,0.0476,0.0337,0.0442
2021,2021-12-19,Tottenham,Liverpool,2,2,D,5.25,4.75,1.53,1.64,2.3,1.0,1.86,2.01,0.0546,0.0351,0.0445
2021,2021-12-26,Manchester City,Leicester,6,3,H,1.18,7.5,13.0,1.39,3.01,-2.0,1.82,2.06,0.0577,0.0349,0.0517
2021,2021-12-26,Norwich,Arsenal,0,5,A,8.0,4.75,1.4,1.78,2.07,1.25,1.92,1.96,0.0498,0.031,0.0449
2021,2021-12-26,Tottenham,Crystal Palace,3,0,H,1.72,3.8,4.75,1.93,1.9,-0.75,1.92,1.96,0.0551,0.031,0.0445
2021,2021-12-26,West Ham,Southampton,2,3,A,1.8,3.9,4.2,1.75,2.11,-0.5,1.85,2.03,0.0501,0.0332,0.0454
2021,2021-12-26,Aston Villa,Chelsea,1,3,A,5.25,3.8,1.65,2.03,1.82,0.75,1.96,1.91,0.0597,0.0338,0.0421
2021,2021-12-26,Brighton,Brentford,2,0,H,1.9,3.4,4.2,2.19,1.69,-0.5,1.95,1.93,0.0585,0.031,0.0483
2021,2021-12-27,Newcastle United,Manchester United,1,1,D,6.5,4.75,1.44,1.61,2.33,1.25,1.82,2.06,0.0588,0.0349,0.0503
2021,2021-12-28,Crystal Palace,Norwich,3,0,H,1.65,3.75,5.5,2.14,1.73,-0.75,1.89,1.99,0.0545,0.0316,0.0453
2021,2021-12-28,Southampton,Tottenham,1,1,D,3.75,3.5,2.0,1.9,1.93,0.5,1.84,2.05,0.0524,0.0313,0.0445
2021,2021-12-28,Watford,West Ham,1,4,A,3.4,3.6,2.1,1.73,2.14,0.25,1.97,1.91,0.0481,0.0312,0.0453
2021,2021-12-28,Leicester,Liverpool,1,0,H,8.0,5.5,1.33,1.32,3.41,1.5,1.95,1.93,0.0587,0.031,0.0508
2021,2021-12-29,Chelsea,Brighton,1,1,D,1.4,4.5,7.5,1.89,1.94,-1.25,2.01,1.87,0.0698,0.0323,0.0446
2021,2021-12-29,Brentford,Manchester City,0,1,A,19.0,8.0,1.14,1.49,2.63,2.0,2.06,1.83,0.0548,0.0319,0.0514
2021,2021-12-30,Manchester United,Burnley,3,1,H,1.36,5.0,9.0,1.69,2.2,-1.25,1.87,2.01,0.0464,0.0323,0.0463
2021,2022-01-01,Arsenal,Manchester City,1,2,A,5.75,4.75,1.5,1.58,2.4,1.0,2.01,1.87,0.0511,0.0323,0.0496
2021,2022-01-01,Watford,Tottenham,0,1,A,5.0,4.2,1.61,1.77,2.07,0.75,2.09,1.79,0.0592,0.0371,0.0481
2021,2022-01-01,Crystal Palace,West Ham,2,3,A,3.1,3.4,2.3,1.87,1.97,0.25,1.86,2.01,0.0515,0.0351,0.0424
2021,2022-01-02,Brentford,Aston Villa,2,1,H,3.0,3.3,2.4,2.07,1.77,0.25,1.79,2.1,0.053,0.0348,0.0481
2021,2022-01-02,Everton,Brighton,2,3,A,2.75,3.2,2.62,2.23,1.67,0.0,1.95,1.92,0.0578,0.0337,0.0472
2021,2022-01-02,Leeds,Burnley,3,1,H,2.05,3.5,3.5,1.87,1.96,-0.5,2.03,1.85,0.0592,0.0332,0.045
2021,2022-01-02,Chelsea,Liverpool,2,2,D,3.1,3.5,2.25,1.79,2.05,0.25,1.88,1.99,0.0527,0.0344,0.0465
2021,2022-01-03,Manchester United,Wolverhampton Wanderers,0,1,A,1.53,4.33,6.0,1.95,1.88,-1.0,1.99,1.88,0.0512,0.0344,0.0447
2021,2022-01-11,Southampton,Brentford,4,1,H,2.05,3.4,3.6,2.03,1.82,-0.25,1.82,2.07,0.0597,0.0325,0.0421
2021,2022-01-12,West Ham,Norwich,2,0,H,1.28,5.5,10.0,1.66,2.24,-1.5,1.91,1.96,0.0631,0.0338,0.0488
2021,2022-01-14,Brighton,Crystal Palace,1,1,D,2.05,3.3,3.8,2.18,1.71,-0.25,1.79,2.11,0.054,0.0326,0.0435
2021,2022-01-15,Manchester City,Chelsea,1,0,H,1.65,4.0,5.0,1.83,2.01,-0.75,1.93,1.95,0.0561,0.031,0.044
2021,2022-01-15,Newcastle United,Watford,1,1,D,2.0,3.6,3.6,1.79,2.05,-0.5,2.06,1.82,0.0556,0.0349,0.0465
2021,2022-01-15,Norwich,Everton,2,1,H,3.75,3.5,2.0,2.07,1.77,0.5,1.84,2.04,0.0524,0.0337,0.0481
2021,2022-01-15,Wolverhampton Wanderers,Southampton,3,1,H,2.25,3.2,3.4,2.4,1.59,-0.25,1.97,1.9,0.0511,0.0339,0.0456
2021,2022-01-15,Aston Villa,Manchester United,2,2,D,2.87,3.5,2.4,1.87,1.97,0.25,1.78,2.11,0.0508,0.0357,0.0424
2021,2022-01-16,Liverpool,Brentford,3,0,H,1.3,5.5,10.0,1.65,2.26,-1.5,1.9,1.98,0.051,0.0314,0.0485
2021,2022-01-16,West Ham,Leeds,2,3,A,1.61,4.2,5.0,1.62,2.31,-1.0,2.12,1.77,0.0592,0.0367,0.0502
2021,2022-01-18,Brighton,Chelsea,1,1,D,4.75,3.75,1.72,2.1,1.75,0.75,1.87,2.0,0.0586,0.0348,0.0476
2021,2022-01-19,Leicester,Tottenham,2,3,A,3.0,3.5,2.3,1.78,2.06,0.25,1.84,2.03,0.0538,0.0361,0.0472
2021,2022-01-19,Brentford,Manchester United,1,3,A,4.5,3.7,1.8,1.89,1.94,0.5,2.05,1.83,0.048,0.0343,0.0446
2021,2022-01-21,Watford,Norwich,0,3,A,2.0,3.5,3.75,1.9,1.93,-0.5,2.07,1.82,0.0524,0.0325,0.0445
2021,2022-01-22,Everton,Aston Villa,0,1,A,2.75,3.25,2.62,2.02,1.82,0.0,1.98,1.89,0.053,0.0342,0.0445
2021,2022-01-22,Brentford,Wolverhampton Wanderers,1,2,A,3.2,2.8,2.6,2.51,1.54,0.0,2.14,1.76,0.0543,0.0355,0.0478
2021,2022-01-22,Leeds,Newcastle United,0,1,A,2.0,3.5,3.75,1.66,2.24,-0.5,2.01,1.87,0.0524,0.0323,0.0488
2021,2022-01-22,Manchester United,West Ham,1,0,H,1.85,3.8,4.0,1.69,2.2,-0.5,1.92,1.96,0.0537,0.031,0.0463
2021,2022-01-22,Southampton,Manchester City,1,1,D,10.0,6.5,1.25,1.47,2.67,1.75,1.87,2.01,0.0538,0.0323,0.0548
2021,2022-01-23,Arsenal,Burnley,0,0,D,1.36,4.75,9.0,1.76,2.09,-1.25,1.82,2.07,0.0569,0.0325,0.0467
2021,2022-01-23,Crystal Palace,Liverpool,1,3,A,6.0,4.2,1.53,1.71,2.15,1.0,1.88,1.99,0.0584,0.0344,0.0499
2021,2022-01-23,Leicester,Brighton,1,1,D,2.5,3.25,2.9,1.95,1.88,0.0,1.85,2.02,0.0525,0.0356,0.0447
2021,2022-01-23,Chelsea,Tottenham,2,0,H,1.61,4.2,5.0,1.91,1.92,-0.75,1.89,1.98,0.0592,0.0342,0.0444
2021,2022-02-05,Burnley,Watford,0,0,D,2.2,3.25,3.5,2.09,1.76,-0.25,1.88,1.99,0.048,0.0344,0.0467
2021,2022-02-08,Newcastle United,Everton,3,1,H,2.5,3.25,2.87,1.89,1.94,0.0,1.82,2.07,0.0561,0.0325,0.0446
2021,2022-02-08,West Ham,Watford,1,0,H,1.55,4.2,5.75,1.77,2.08,-1.0,1.93,1.95,0.0572,0.031,0.0457
2021,2022-02-08,Burnley,Manchester United,1,1,D,5.5,4.0,1.61,1.83,2.0,1.0,1.83,2.05,0.0529,0.0343,0.0464
2021,2022-02-09,Manchester City,Brentford,2,0,H,1.1,9.5,23.0,1.36,3.15,-2.5,1.97,1.91,0.0578,0.0312,0.0528
2021,2022-02-09,Norwich,Crystal Palace,1,1,D,3.5,3.25,2.15,2.11,1.74,0.25,2.01,1.86,0.0585,0.0351,0.0486
2021,2022-02-09,Tottenham,Southampton,2,3,A,1.6,4.0,5.5,1.77,2.07,-1.0,2.07,1.82,0.0568,0.0325,0.0481
2021,2022-02-09,Aston Villa,Leeds,3,3,D,1.8,3.8,4.2,1.7,2.19,-0.75,2.03,1.85,0.0568,0.0332,0.0449
2021,2022-02-10,Liverpool,Leicester,2,0,H,1.25,6.5,10.0,1.33,3.33,-1.75,1.86,2.02,0.0538,0.0327,0.0522
2021,2022-02-10,Wolverhampton Wanderers,Arsenal,0,1,A,3.5,3.2,2.2,2.31,1.63,0.25,2.0,1.87,0.0528,0.0348,0.0464
2021,2022-02-12,Manchester United,Southampton,1,1,D,1.6,4.0,5.5,1.69,2.2,-1.0,2.05,1.84,0.0568,0.0313,0.0463
2021,2022-02-12,Brentford,Crystal Palace,0,0,D,2.55,3.1,3.0,2.33,1.62,0.0,1.84,2.05,0.0481,0.0313,0.0465
2021,2022-02-12,Everton,Leeds,3,0,H,2.25,3.5,3.0,1.65,2.27,-0.25,2.03,1.86,0.0635,0.0302,0.0466
2021,2022-02-12,Watford,Brighton,0,2,A,3.5,3.3,2.05,2.32,1.63,0.25,2.06,1.83,0.0765,0.0319,0.0445
2021,2022-02-12,Norwich,Manchester City,0,4,A,15.0,8.0,1.16,1.42,2.86,2.25,1.87,2.01,0.0537,0.0323,0.0539
2021,2022-02-13,Burnley,Liverpool,0,1,A,10.0,5.25,1.28,1.6,2.36,1.75,1.82,2.05,0.0717,0.0373,0.0487
2021,2022-02-13,Newcastle United,Aston Villa,1,0,H,2.7,3.3,2.62,1.82,2.02,0.0,1.97,1.9,0.0551,0.0339,0.0445
2021,2022-02-13,Tottenham,Wolverhampton Wanderers,0,2,A,1.7,3.6,5.5,2.18,1.71,-0.75,1.88,2.0,0.0478,0.0319,0.0435
2021,2022-02-13,Leicester,West Ham,2,2,D,2.9,3.5,2.3,1.67,2.23,0.25,1.81,2.08,0.0653,0.0333,0.0472
2021,2022-02-15,Manchester United,Brighton,2,0,H,1.72,3.75,4.75,1.89,1.94,-0.75,2.01,1.87,0.0586,0.0323,0.0446
2021,2022-02-19,West Ham,Newcastle United,1,1,D,1.7,4.0,4.75,1.8,2.03,-0.75,1.88,2.0,0.0488,0.0319,0.0482
2021,2022-02-19,Arsenal,Brentford,2,1,H,1.44,4.2,8.0,1.96,1.88,-1.25,2.07,1.82,0.0575,0.0325,0.0421
2021,2022-02-19,Aston Villa,Watford,0,1,A,1.65,3.6,5.75,1.97,1.87,-0.75,1.86,2.03,0.0578,0.0302,0.0424
2021,2022-02-19,Brighton,Burnley,0,3,A,1.66,3.5,6.0,2.22,1.67,-0.75,1.86,2.02,0.0548,0.0327,0.0493
2021,2022-02-19,Crystal Palace,Chelsea,0,1,A,5.5,3.8,1.65,2.01,1.83,0.75,2.04,1.83,0.051,0.0366,0.044
2021,2022-02-19,Liverpool,Norwich,3,1,H,1.1,9.0,23.0,1.34,3.25,-2.5,1.94,1.93,0.0637,0.0336,0.054
2021,2022-02-19,Southampton,Everton,2,0,H,2.1,3.5,3.5,1.8,2.04,-0.5,2.08,1.82,0.0476,0.0302,0.0458
2021,2022-02-19,Manchester City,Tottenham,2,3,A,1.28,6.0,10.0,1.6,2.36,-1.5,1.86,2.02,0.0479,0.0327,0.0487
2021,2022-02-20,Leeds,Manchester United,2,4,A,3.9,3.8,1.85,1.63,2.3,0.5,1.97,1.91,0.0601,0.0312,0.0483
2021,2022-02-20,Wolverhampton Wanderers,Leicester,2,1,H,2.25,3.3,3.25,2.15,1.72,-0.25,1.96,1.92,0.0552,0.031,0.0465
2021,2022-02-23,Burnley,Tottenham,1,0,H,4.6,3.8,1.75,2.01,1.82,0.75,1.84,2.03,0.052,0.0361,0.047
2021,2022-02-23,Watford,Crystal Palace,1,4,A,3.1,3.3,2.3,2.2,1.69,0.25,1.83,2.04,0.0604,0.0366,0.0463
2021,2022-02-23,Liverpool,Leeds,6,0,H,1.16,8.0,15.0,1.27,3.8,-2.25,1.88,1.99,0.0537,0.0344,0.0506
2021,2022-02-24,Arsenal,Wolverhampton Wanderers,2,1,H,1.65,3.8,5.5,2.23,1.67,-0.75,1.85,2.03,0.051,0.0332,0.0472
2021,2022-02-25,Southampton,Norwich,2,0,H,1.53,4.33,6.0,1.75,2.11,-1.0,1.91,1.96,0.0512,0.0338,0.0454
2021,2022-02-26,Leeds,Tottenham,0,4,A,4.2,3.6,1.85,1.63,2.32,0.5,2.02,1.85,0.0564,0.0356,0.0445
2021,2022-02-26,Brentford,Newcastle United,0,2,A,2.5,3.2,3.0,2.28,1.65,0.0,1.77,2.13,0.0458,0.0345,0.0447
2021,2022-02-26,Crystal Palace,Burnley,1,1,D,1.9,3.6,4.0,2.28,1.65,-0.5,1.97,1.91,0.0541,0.0312,0.0447
2021,2022-02-26,Manchester United,Watford,0,0,D,1.3,5.5,9.5,1.64,2.28,-1.5,1.98,1.9,0.0563,0.0314,0.0484
2021,2022-02-26,Brighton,Aston Villa,0,2,A,2.2,3.3,3.5,2.15,1.72,-0.25,1.92,1.95,0.0433,0.0337,0.0465
2021,2022-02-26,Everton,Manchester City,0,1,A,10.0,5.75,1.28,1.54,2.48,1.75,1.88,1.99,0.0552,0.0344,0.0526
2021,2022-02-27,West Ham,Wolverhampton Wanderers,1,0,H,2.05,3.3,3.8,2.29,1.64,-0.5,2.11,1.79,0.054,0.0326,0.0464
2021,2022-03-01,Burnley,Leicester,0,2,A,2.9,3.4,2.4,1.98,1.86,0.0,2.11,1.79,0.0556,0.0326,0.0427
2021,2022-03-05,Leicester,Leeds,1,0,H,1.75,4.0,4.2,1.54,2.5,-0.75,2.01,1.87,0.0595,0.0323,0.0494
2021,2022-03-05,Aston Villa,Southampton,4,0,H,2.3,3.5,3.0,1.83,2.0,-0.25,2.03,1.85,0.0538,0.0332,0.0464
2021,2022-03-05,Burnley,Chelsea,0,4,A,6.5,4.33,1.5,2.07,1.77,1.0,2.01,1.87,0.0515,0.0323,0.0481
2021,2022-03-05,Newcastle United,Brighton,2,1,H,2.75,3.2,2.62,2.26,1.66,0.0,1.95,1.93,0.0578,0.031,0.0449
2021,2022-03-05,Norwich,Brentford,1,3,A,2.9,3.1,2.5,2.28,1.64,0.0,2.05,1.83,0.0674,0.0343,0.0484
2021,2022-03-05,Wolverhampton Wanderers,Crystal Palace,0,2,A,2.3,3.1,3.4,2.54,1.53,-0.25,2.0,1.87,0.0515,0.0348,0.0473
2021,2022-03-05,Liverpool,West Ham,1,0,H,1.28,5.75,9.5,1.5,2.61,-1.5,1.85,2.03,0.0604,0.0332,0.0498
2021,2022-03-06,Watford,Arsenal,2,3,A,6.0,4.0,1.57,2.02,1.82,1.0,1.84,2.04,0.0536,0.0337,0.0445
2021,2022-03-06,Manchester City,Manchester United,4,1,H,1.4,4.75,7.5,1.6,2.35,-1.25,1.89,1.98,0.0581,0.0342,0.0505
2021,2022-03-07,Tottenham,Everton,5,0,H,1.57,3.8,5.75,1.78,2.06,-1.0,2.04,1.84,0.074,0.0337,0.0472
2021,2022-03-10,Norwich,Chelsea,1,3,A,11.0,4.75,1.3,1.72,2.15,1.5,1.99,1.89,0.0707,0.0316,0.0465
2021,2022-03-10,Southampton,Newcastle United,1,2,A,2.0,3.75,3.5,1.79,2.04,-0.5,1.99,1.88,0.0524,0.0344,0.0489
2021,2022-03-10,Wolverhampton Wanderers,Watford,4,0,H,1.75,3.6,4.5,2.33,1.62,-0.75,2.08,1.8,0.0714,0.0363,0.0465
2021,2022-03-10,Leeds,Aston Villa,0,3,A,2.7,3.5,2.5,1.69,2.19,0.0,2.0,1.87,0.0561,0.0348,0.0483
2021,2022-03-12,Brighton,Liverpool,0,2,A,6.0,4.33,1.5,1.69,2.21,1.0,2.0,1.88,0.0643,0.0319,0.0442
2021,2022-03-12,Brentford,Burnley,2,0,H,2.15,3.2,3.6,2.37,1.6,-0.25,1.86,2.01,0.0554,0.0351,0.0469
2021,2022-03-12,Manchester United,Tottenham,3,2,H,2.2,3.4,3.25,1.74,2.13,-0.25,1.89,1.99,0.0564,0.0316,0.0442
2021,2022-03-13,Chelsea,Newcastle United,1,0,H,1.3,5.25,11.0,1.71,2.16,-1.5,2.0,1.88,0.0506,0.0319,0.0478
2021,2022-03-13,Everton,Wolverhampton Wanderers,0,1,A,2.3,3.2,3.3,2.3,1.63,-0.25,1.97,1.9,0.0503,0.0339,0.0483
2021,2022-03-13,Leeds,Norwich,2,1,H,1.55,4.2,5.75,1.67,2.23,-1.0,1.99,1.88,0.0572,0.0344,0.0472
2021,2022-03-13,Southampton,Watford,1,2,A,1.6,4.2,5.25,1.81,2.02,-1.0,2.06,1.82,0.0536,0.0349,0.0475
2021,2022-03-13,West Ham,Aston Villa,2,1,H,2.25,3.3,3.3,1.95,1.87,-0.25,2.0,1.88,0.0505,0.0319,0.0476
2021,2022-03-13,Arsenal,Leicester,2,0,H,1.5,4.5,6.0,1.63,2.31,-1.0,1.86,2.02,0.0556,0.0327,0.0464
2021,2022-03-14,Crystal Palace,Manchester City,0,0,D,10.0,5.0,1.33,1.68,2.22,1.5,1.94,1.93,0.0519,0.0336,0.0457
2021,2022-03-16,Brighton,Tottenham,0,2,A,3.3,3.3,2.25,2.09,1.76,0.25,1.9,1.97,0.0505,0.0339,0.0467
2021,2022-03-16,Arsenal,Liverpool,0,2,A,3.5,4.0,1.9,1.72,2.15,0.5,1.97,1.91,0.062,0.0312,0.0465
2021,2022-03-17,Everton,Newcastle United,1,0,H,2.4,3.25,3.1,1.98,1.85,-0.25,2.03,1.85,0.0469,0.0332,0.0456
2021,2022-03-18,Wolverhampton Wanderers,Leeds,2,3,A,2.1,3.5,3.4,1.95,1.88,-0.25,1.84,2.04,0.056,0.0337,0.0447
2021,2022-03-19,Aston Villa,Arsenal,0,1,A,3.0,3.3,2.4,1.87,1.96,0.25,1.82,2.06,0.053,0.0349,0.045
2021,2022-03-20,Leicester,Brentford,2,1,H,2.15,3.4,3.4,1.9,1.93,-0.25,1.88,1.99,0.0534,0.0344,0.0445
2021,2022-03-20,Tottenham,West Ham,3,1,H,1.72,3.8,4.75,1.73,2.13,-0.75,1.95,1.93,0.0551,0.031,0.0475
2021,2022-04-02,Liverpool,Watford,2,0,H,1.12,9.5,17.0,1.35,3.22,-2.25,1.85,2.04,0.0569,0.0307,0.0513
2021,2022-04-02,Brighton,Norwich,0,0,D,1.5,4.0,7.0,2.05,1.79,-1.0,1.88,2.0,0.0595,0.0319,0.0465
2021,2022-04-02,Burnley,Manchester City,0,2,A,15.0,6.5,1.2,1.59,2.39,1.75,1.98,1.9,0.0538,0.0314,0.0473
2021,2022-04-02,Chelsea,Brentford,1,4,A,1.33,5.0,10.0,1.89,1.93,-1.25,1.85,2.04,0.0519,0.0307,0.0472
2021,2022-04-02,Leeds,Southampton,1,1,D,2.37,3.75,2.75,1.63,2.31,-0.25,2.08,1.81,0.0522,0.0333,0.0464
2021,2022-04-02,Wolverhampton Wanderers,Aston Villa,2,1,H,3.0,3.1,2.55,2.38,1.6,0.0,2.1,1.79,0.0481,0.0348,0.0452
2021,2022-04-02,Manchester United,Leicester,1,1,D,1.5,4.5,6.0,1.56,2.43,-1.0,1.83,2.05,0.0556,0.0343,0.0525
2021,2022-04-03,West Ham,Everton,2,1,H,1.75,3.8,4.5,1.94,1.89,-0.75,2.03,1.85,0.0568,0.0332,0.0446
2021,2022-04-03,Tottenham,Newcastle United,5,1,H,1.5,4.33,6.5,1.8,2.04,-1.0,1.86,2.02,0.0515,0.0327,0.0458
2021,2022-04-04,Crystal Palace,Arsenal,3,0,H,4.0,3.4,1.95,2.13,1.73,0.5,1.89,1.99,0.0569,0.0316,0.0475
2021,2022-04-06,Burnley,Everton,3,2,H,2.62,3.1,2.87,2.25,1.66,0.0,1.79,2.11,0.0527,0.0326,0.0469
2021,2022-04-08,Newcastle United,Wolverhampton Wanderers,1,0,H,2.25,3.1,3.4,2.4,1.59,-0.25,1.96,1.92,0.0611,0.031,0.0456
2021,2022-04-09,Everton,Manchester United,1,0,H,4.6,3.75,1.75,1.84,2.0,0.75,1.84,2.03,0.0555,0.0361,0.0435
2021,2022-04-09,Arsenal,Brighton,1,2,A,1.61,3.8,5.75,2.01,1.81,-0.75,1.84,2.04,0.0582,0.0337,0.05
2021,2022-04-09,Southampton,Chelsea,0,6,A,3.8,3.6,1.95,1.94,1.9,0.5,1.95,1.93,0.0538,0.031,0.0418
2021,2022-04-09,Watford,Leeds,0,3,A,2.7,3.4,2.55,1.77,2.08,0.0,1.97,1.9,0.0566,0.0339,0.0457
2021,2022-04-09,Aston Villa,Tottenham,0,4,A,3.2,3.4,2.25,1.85,1.98,0.25,1.91,1.96,0.0511,0.0338,0.0456
2021,2022-04-10,Brentford,West Ham,2,0,H,2.62,3.3,2.62,2.07,1.77,0.0,1.93,1.95,0.0664,0.031,0.0481
2021,2022-04-10,Leicester,Crystal Palace,2,1,H,2.37,3.3,2.9,1.95,1.88,-0.25,2.07,1.82,0.0698,0.0325,0.0447
2021,2022-04-10,Norwich,Burnley,2,0,H,2.87,3.2,2.55,2.31,1.62,0.0,2.07,1.82,0.0531,0.0325,0.0502
2021,2022-04-10,Manchester City,Liverpool,2,2,D,2.0,3.75,3.5,1.7,2.18,-0.5,2.06,1.83,0.0524,0.0319,0.047
2021,2022-04-16,Tottenham,Brighton,0,1,A,1.53,4.0,6.5,1.87,1.95,-1.0,1.93,1.94,0.0574,0.0336,0.0476
2021,2022-04-16,Manchester United,Norwich,3,2,H,1.25,6.5,10.0,1.51,2.57,-1.75,1.91,1.96,0.0538,0.0338,0.0514
2021,2022-04-16,Southampton,Arsenal,1,0,H,3.8,3.6,1.95,1.88,1.95,0.5,1.92,1.96,0.0538,0.031,0.0447
2021,2022-04-16,Watford,Brentford,1,2,A,2.7,3.3,2.55,2.12,1.74,0.0,2.05,1.83,0.0656,0.0343,0.0464
2021,2022-04-17,Newcastle United,Leicester,2,1,H,2.2,3.4,3.3,1.93,1.9,-0.25,1.93,1.94,0.0517,0.0336,0.0445
2021,2022-04-17,West Ham,Burnley,1,1,D,1.7,3.8,5.0,1.94,1.88,-0.75,1.92,1.95,0.0514,0.0337,0.0474
2021,2022-04-19,Liverpool,Manchester United,4,0,H,1.4,5.0,7.0,1.5,2.6,-1.5,2.09,1.79,0.0571,0.0371,0.0513
2021,2022-04-20,Chelsea,Arsenal,2,4,A,1.83,3.6,4.33,2.04,1.8,-0.5,1.87,2.02,0.0552,0.0298,0.0458
2021,2022-04-20,Everton,Leicester,1,1,D,2.25,3.4,3.25,1.91,1.92,-0.25,1.98,1.89,0.0463,0.0342,0.0444
2021,2022-04-20,Newcastle United,Crystal Palace,1,0,H,2.25,3.4,3.25,2.21,1.69,-0.25,1.99,1.89,0.0463,0.0316,0.0442
2021,2022-04-20,Manchester City,Brighton,3,0,H,1.16,7.0,17.0,1.63,2.3,-2.0,2.06,1.83,0.0637,0.0319,0.0483
2021,2022-04-21,Burnley,Southampton,2,0,H,2.75,3.25,2.62,1.95,1.88,0.0,1.98,1.89,0.053,0.0342,0.0447
2021,2022-04-23,Arsenal,Manchester United,3,1,H,2.05,3.5,3.5,1.81,2.03,-0.25,1.83,2.05,0.0592,0.0343,0.0451
2021,2022-04-23,Leicester,Aston Villa,0,0,D,2.8,3.4,2.5,1.83,2.01,0.0,2.06,1.83,0.0513,0.0319,0.044
2021,2022-04-23,Manchester City,Watford,5,1,H,1.1,10.0,26.0,1.38,3.03,-2.5,1.99,1.89,0.0476,0.0316,0.0547
2021,2022-04-23,Norwich,Newcastle United,0,3,A,3.5,3.3,2.15,1.95,1.88,0.25,2.0,1.87,0.0539,0.0348,0.0447
2021,2022-04-23,Brentford,Tottenham,0,0,D,4.33,3.5,1.85,1.86,1.97,0.5,2.01,1.87,0.0572,0.0323,0.0452
2021,2022-04-24,Brighton,Southampton,2,2,D,2.1,3.4,3.6,2.02,1.82,-0.25,1.85,2.03,0.0481,0.0332,0.0445
2021,2022-04-24,Burnley,Wolverhampton Wanderers,1,0,H,2.7,3.0,2.87,2.39,1.59,0.0,1.88,2.0,0.0521,0.0319,0.0473
2021,2022-04-24,Chelsea,West Ham,1,0,H,1.5,4.33,6.5,1.81,2.03,-1.0,1.89,1.99,0.0515,0.0316,0.0451
2021,2022-04-24,Liverpool,Everton,2,0,H,1.18,7.0,15.0,1.44,2.77,-2.0,1.94,1.94,0.057,0.0309,0.0555
2021,2022-04-25,Crystal Palace,Leeds,0,0,D,2.05,3.5,3.5,1.83,2.0,-0.5,2.08,1.8,0.0592,0.0363,0.0464
2021,2022-04-28,Manchester United,Chelsea,1,1,D,3.2,3.4,2.25,1.82,2.02,0.25,1.91,1.96,0.0511,0.0338,0.0445
2021,2022-04-30,Newcastle United,Liverpool,0,1,A,8.5,5.0,1.36,1.69,2.19,1.25,1.95,1.92,0.0529,0.0337,0.0483
2021,2022-04-30,Aston Villa,Norwich,2,0,H,1.4,4.5,9.0,1.69,2.19,-1.25,1.88,2.0,0.0476,0.0319,0.0483
2021,2022-04-30,Southampton,Crystal Palace,1,2,A,2.4,3.3,3.1,2.0,1.84,-0.25,2.07,1.82,0.0423,0.0325,0.0435
2021,2022-04-30,Watford,Burnley,1,2,A,2.6,3.3,2.75,2.07,1.78,0.0,1.91,1.96,0.0513,0.0338,0.0449
2021,2022-04-30,Wolverhampton Wanderers,Brighton,0,3,A,2.7,3.2,2.75,2.49,1.54,0.0,1.9,1.97,0.0465,0.0339,0.051
2021,2022-04-30,Leeds,Manchester City,0,4,A,8.5,6.0,1.3,1.47,2.68,1.5,2.03,1.85,0.0535,0.0332,0.0534
2021,2022-05-01,Everton,Chelsea,1,0,H,5.0,3.6,1.75,1.98,1.85,0.75,1.87,2.0,0.0492,0.0348,0.0456
2021,2022-05-01,Tottenham,Leicester,3,1,H,1.44,4.75,7.0,1.59,2.39,-1.25,1.99,1.89,0.0478,0.0316,0.0473
2021,2022-05-01,West Ham,Arsenal,1,2,A,4.33,3.8,1.8,1.86,1.97,0.75,1.86,2.01,0.0497,0.0351,0.0452
2021,2022-05-02,Manchester United,Brentford,3,0,H,1.72,4.0,4.5,1.75,2.09,-0.75,1.97,1.89,0.0536,0.0367,0.0499
2021,2022-05-07,Brentford,Southampton,3,0,H,2.15,3.5,3.3,1.93,1.9,-0.25,1.9,1.98,0.0539,0.0314,0.0445
2021,2022-05-07,Burnley,Aston Villa,1,3,A,3.0,3.3,2.4,2.04,1.79,0.25,1.79,2.1,0.053,0.0348,0.0489
2021,2022-05-07,Chelsea,Wolverhampton Wanderers,2,2,D,1.33,5.0,9.5,1.89,1.94,-1.25,1.85,2.04,0.0571,0.0307,0.0446
2021,2022-05-07,Crystal Palace,Watford,1,0,H,1.65,4.0,5.0,1.95,1.88,-0.75,1.89,1.99,0.0561,0.0316,0.0447
2021,2022-05-07,Brighton,Manchester United,4,0,H,2.8,3.5,2.45,1.93,1.9,0.0,2.03,1.86,0.051,0.0302,0.0445
2021,2022-05-07,Liverpool,Tottenham,1,1,D,1.4,5.0,7.0,1.55,2.47,-1.25,2.01,1.88,0.0571,0.0294,0.05
2021,2022-05-08,Arsenal,Leeds,2,1,H,1.45,4.5,7.0,1.58,2.41,-1.25,2.01,1.87,0.0547,0.0323,0.0478
2021,2022-05-08,Leicester,Everton,1,2,A,2.6,3.3,2.75,1.98,1.85,0.0,1.88,2.0,0.0513,0.0319,0.0456
2021,2022-05-08,Norwich,West Ham,0,4,A,4.5,3.8,1.75,1.83,2.01,0.75,1.85,2.03,0.0568,0.0332,0.044
2021,2022-05-08,Manchester City,Newcastle United,5,0,H,1.16,7.0,17.0,1.48,2.68,-2.0,1.86,2.03,0.0637,0.0302,0.0488
2021,2022-05-10,Aston Villa,Liverpool,1,2,A,7.5,4.75,1.4,1.63,2.31,1.25,1.93,1.94,0.0581,0.0336,0.0464
2021,2022-05-11,Leeds,Chelsea,0,3,A,4.75,4.2,1.65,1.64,2.28,0.75,2.04,1.84,0.0547,0.0337,0.0484
2021,2022-05-11,Leicester,Norwich,3,0,H,1.44,4.75,7.0,1.61,2.34,-1.25,1.95,1.92,0.0478,0.0337,0.0485
2021,2022-05-11,Watford,Everton,0,0,D,4.2,3.6,1.83,1.91,1.92,0.5,2.01,1.87,0.0623,0.0323,0.0444
2021,2022-05-11,Wolverhampton Wanderers,Manchester City,1,5,A,11.0,6.0,1.25,1.66,2.24,1.75,1.88,1.99,0.0576,0.0344,0.0488
2021,2022-05-12,Tottenham,Arsenal,3,0,H,2.05,3.75,3.5,1.78,2.05,-0.25,1.83,2.05,0.0402,0.0343,0.0496
2021,2022-05-15,Tottenham,Burnley,1,0,H,1.33,5.25,9.0,1.58,2.39,-1.5,1.99,1.88,0.0535,0.0344,0.0513
2021,2022-05-15,Aston Villa,Crystal Palace,1,1,D,2.0,3.5,3.75,1.89,1.94,-0.5,2.05,1.84,0.0524,0.0313,0.0446
2021,2022-05-15,Leeds,Brighton,1,1,D,2.62,3.5,2.62,1.84,1.99,0.0,1.96,1.91,0.0491,0.0338,0.046
2021,2022-05-15,Watford,Leicester,1,5,A,3.8,3.5,1.95,1.77,2.08,0.5,1.86,2.02,0.0617,0.0327,0.0457
2021,2022-05-15,West Ham,Manchester City,2,2,D,7.5,5.0,1.4,1.54,2.47,1.5,1.81,2.06,0.0476,0.0379,0.0542
2021,2022-05-15,Wolverhampton Wanderers,Norwich,1,1,D,1.45,4.75,6.5,1.83,2.0,-1.25,2.04,1.84,0.054,0.0337,0.0464
2021,2022-05-15,Everton,Brentford,2,3,A,2.05,3.6,3.5,1.99,1.84,-0.25,1.82,2.07,0.0513,0.0325,0.046
2021,2022-05-16,Newcastle United,Arsenal,2,0,H,4.33,3.6,1.83,1.85,1.97,0.5,1.98,1.89,0.0552,0.0342,0.0482
2021,2022-05-17,Southampton,Liverpool,1,2,A,7.5,5.5,1.33,1.44,2.79,1.5,1.9,1.97,0.067,0.0339,0.0529
2021,2022-05-19,Everton,Crystal Palace,3,2,H,1.9,3.4,4.33,2.04,1.79,-0.5,1.95,1.93,0.0514,0.031,0.0489
2021,2022-05-19,Aston Villa,Burnley,1,1,D,2.05,3.5,3.6,1.95,1.87,-0.5,2.04,1.85,0.0513,0.0307,0.0476
2021,2022-05-19,Chelsea,Leicester,1,1,D,1.4,4.75,8.0,1.63,2.3,-1.25,1.83,2.05,0.0498,0.0343,0.0483
2021,2022-05-22,Arsenal,Everton,5,1,H,1.36,4.75,9.0,1.57,2.42,-1.5,2.03,1.84,0.0569,0.0361,0.0502
2021,2022-05-22,Brentford,Leeds,1,2,A,2.45,3.8,2.62,1.6,2.36,0.0,1.79,2.09,0.053,0.0371,0.0487
2021,2022-05-22,Brighton,West Ham,3,1,H,2.37,3.5,2.9,1.76,2.08,-0.25,2.07,1.82,0.0525,0.0325,0.049
2021,2022-05-22,Burnley,Newcastle United,1,2,A,2.25,3.4,3.2,1.92,1.91,-0.25,1.94,1.93,0.0511,0.0336,0.0444
2021,2022-05-22,Chelsea,Watford,2,1,H,1.18,7.5,15.0,1.44,2.78,-2.0,1.83,2.06,0.0475,0.0319,0.0542
2021,2022-05-22,Crystal Palace,Manchester United,1,0,H,3.0,3.6,2.25,1.74,2.12,0.25,1.91,1.95,0.0556,0.0364,0.0464
2021,2022-05-22,Leicester,Southampton,4,1,H,1.85,4.0,3.8,1.58,2.39,-0.5,1.87,2.01,0.0537,0.0323,0.0513
2021,2022-05-22,Liverpool,Wolverhampton Wanderers,3,1,H,1.14,8.5,15.0,1.43,2.82,-2.0,1.78,2.11,0.0615,0.0357,0.0539
2021,2022-05-22,Manchester City,Aston Villa,3,2,H,1.16,8.0,17.0,1.43,2.81,-2.0,1.82,2.07,0.0459,0.0325,0.0552
2021,2022-05-22,Norwich,Tottenham,0,5,A,9.5,6.5,1.25,1.44,2.79,1.75,1.97,1.9,0.0591,0.0339,0.0529
2022,2022-08-05,Crystal Palace,Arsenal,0,2,A,4.2,3.6,1.85,2.09,1.76,0.5,2.01,1.87,0.0564,0.0323,0.0467
2022,2022-08-06,Fulham,Liverpool,2,2,D,11.0,6.0,1.25,1.48,2.63,1.75,1.89,1.99,0.0576,0.0316,0.0559
2022,2022-08-06,Bournemouth,Aston Villa,2,0,H,3.75,3.5,2.0,2.03,1.8,0.5,1.85,2.04,0.0524,0.0307,0.0482
2022,2022-08-06,Leeds,Wolverhampton Wanderers,2,1,H,2.25,3.4,3.2,2.03,1.81,-0.25,2.01,1.87,0.0511,0.0323,0.0451
2022,2022-08-06,Newcastle United,Nottingham Forest,2,0,H,1.66,3.8,5.25,2.03,1.81,-0.75,1.86,2.02,0.056,0.0327,0.0451
2022,2022-08-06,Tottenham,Southampton,4,1,H,1.33,5.5,8.5,1.61,2.34,-1.5,2.03,1.85,0.0513,0.0332,0.0485
2022,2022-08-06,Everton,Chelsea,0,1,A,5.5,4.0,1.61,1.99,1.84,0.75,2.08,1.8,0.0529,0.0363,0.046
2022,2022-08-07,Leicester,Brentford,2,2,D,2.0,3.75,3.5,1.77,2.08,-0.5,2.02,1.86,0.0524,0.0327,0.0457
2022,2022-08-07,Manchester United,Brighton,1,2,A,1.6,4.2,5.25,1.89,1.93,-1.0,2.09,1.79,0.0536,0.0371,0.0472
2022,2022-08-07,West Ham,Manchester City,0,2,A,8.0,5.0,1.36,1.54,2.47,1.5,1.84,2.04,0.0603,0.0337,0.0542
2022,2022-08-13,Aston Villa,Everton,2,1,H,1.8,3.5,4.75,2.08,1.77,-0.5,1.81,2.07,0.0518,0.0356,0.0457
2022,2022-08-13,Arsenal,Leicester,4,2,H,1.53,4.33,5.75,1.69,2.21,-1.0,1.91,1.96,0.0585,0.0338,0.0442
2022,2022-08-13,Brighton,Newcastle United,0,0,D,2.45,3.2,3.0,2.13,1.73,-0.25,2.07,1.82,0.054,0.0325,0.0475
2022,2022-08-13,Manchester City,Bournemouth,4,0,H,1.06,13.0,29.0,1.33,3.35,-2.75,1.87,2.01,0.0548,0.0323,0.0504
2022,2022-08-13,Southampton,Leeds,2,2,D,2.25,3.5,3.1,1.73,2.13,-0.25,2.0,1.87,0.0527,0.0348,0.0475
2022,2022-08-13,Wolverhampton Wanderers,Fulham,0,0,D,2.3,3.3,3.2,2.11,1.75,-0.25,2.04,1.84,0.0503,0.0337,0.0454
2022,2022-08-13,Brentford,Manchester United,4,0,H,3.75,3.5,2.0,1.82,2.02,0.5,1.85,2.03,0.0524,0.0332,0.0445
2022,2022-08-14,Nottingham Forest,West Ham,1,0,H,4.2,3.6,1.85,1.9,1.93,0.5,1.98,1.89,0.0564,0.0342,0.0445
2022,2022-08-14,Chelsea,Tottenham,2,2,D,2.25,3.4,3.2,1.94,1.89,-0.25,1.96,1.92,0.0511,0.031,0.0446
2022,2022-08-15,Liverpool,Crystal Palace,1,1,D,1.18,6.75,16.0,1.55,2.46,-2.0,2.0,1.86,0.0581,0.0376,0.0517
2022,2022-08-20,Tottenham,Wolverhampton Wanderers,1,0,H,1.4,4.75,7.5,1.73,2.14,-1.25,1.91,1.95,0.0581,0.0364,0.0453
2022,2022-08-20,Crystal Palace,Aston Villa,3,1,H,2.5,3.25,2.9,2.19,1.69,0.0,1.78,2.12,0.0525,0.0335,0.0483
2022,2022-08-20,Everton,Nottingham Forest,1,1,D,1.9,3.6,4.0,2.06,1.78,-0.5,1.98,1.9,0.0541,0.0314,0.0472
2022,2022-08-20,Fulham,Brentford,3,2,H,2.45,3.4,2.9,1.93,1.9,-0.25,2.11,1.78,0.0471,0.0357,0.0445
2022,2022-08-20,Leicester,Southampton,1,2,A,1.83,4.0,4.0,1.63,2.29,-0.5,1.84,2.04,0.0464,0.0337,0.0502
2022,2022-08-20,Bournemouth,Arsenal,0,3,A,8.0,4.75,1.4,1.76,2.09,1.25,1.9,1.97,0.0498,0.0339,0.0467
2022,2022-08-21,Leeds,Chelsea,3,0,H,5.75,4.5,1.53,1.68,2.21,1.0,1.97,1.9,0.0497,0.0339,0.0477
2022,2022-08-21,West Ham,Brighton,0,2,A,2.3,3.4,3.1,1.96,1.85,-0.25,2.0,1.87,0.0515,0.0348,0.0507
2022,2022-08-21,Newcastle United,Manchester City,3,3,D,7.5,5.0,1.36,1.65,2.26,1.25,2.05,1.83,0.0686,0.0343,0.0485
2022,2022-08-22,Manchester United,Liverpool,2,1,H,5.25,4.33,1.6,1.5,2.58,1.0,1.88,1.99,0.0464,0.0344,0.0543
2022,2022-08-27,Southampton,Manchester United,0,1,A,4.2,4.0,1.8,1.59,2.39,0.75,1.86,2.01,0.0437,0.0351,0.0473
2022,2022-08-27,Brentford,Everton,1,1,D,2.0,3.5,3.75,2.04,1.8,-0.5,2.05,1.84,0.0524,0.0313,0.0458
2022,2022-08-27,Brighton,Leeds,1,0,H,1.9,3.8,3.8,1.82,2.01,-0.5,1.9,1.98,0.0526,0.0314,0.047
2022,2022-08-27,Chelsea,Leicester,2,1,H,1.4,5.0,7.0,1.64,2.28,-1.25,1.92,1.95,0.0571,0.0337,0.0484
2022,2022-08-27,Liverpool,Bournemouth,9,0,H,1.1,10.0,26.0,1.36,3.16,-2.5,1.89,1.98,0.0476,0.0342,0.0517
2022,2022-08-27,Manchester City,Crystal Palace,4,2,H,1.18,7.5,13.0,1.45,2.77,-2.0,1.9,1.97,0.0577,0.0339,0.0507
2022,2022-08-27,Arsenal,Fulham,2,1,H,1.3,5.75,9.0,1.49,2.62,-1.5,1.86,2.01,0.0543,0.0351,0.0528
2022,2022-08-28,Aston Villa,West Ham,0,1,A,2.3,3.4,3.1,1.88,1.95,-0.25,1.97,1.9,0.0515,0.0339,0.0447
2022,2022-08-28,Wolverhampton Wanderers,Newcastle United,1,1,D,2.7,3.3,2.7,2.11,1.75,0.0,1.96,1.91,0.0438,0.0338,0.0454
2022,2022-08-28,Nottingham Forest,Tottenham,0,2,A,7.0,4.6,1.44,1.74,2.12,1.25,1.82,2.06,0.0547,0.0349,0.0464
2022,2022-08-30,Crystal Palace,Brentford,1,1,D,2.05,3.4,3.6,2.09,1.77,-0.5,2.08,1.8,0.0597,0.0363,0.0434
2022,2022-08-30,Fulham,Brighton,2,1,H,3.1,3.3,2.3,2.01,1.83,0.25,1.87,1.99,0.0604,0.0373,0.044
2022,2022-08-30,Southampton,Chelsea,2,1,H,5.25,4.0,1.61,1.75,2.11,0.75,2.06,1.82,0.0616,0.0349,0.0454
2022,2022-08-30,Leeds,Everton,1,1,D,2.15,3.5,3.3,1.84,1.99,-0.25,1.84,2.04,0.0539,0.0337,0.046
2022,2022-08-31,Arsenal,Aston Villa,2,1,H,1.45,4.5,6.0,1.75,2.11,-1.25,2.04,1.84,0.0785,0.0337,0.0454
2022,2022-08-31,Bournemouth,Wolverhampton Wanderers,0,0,D,3.5,3.3,2.15,2.11,1.75,0.25,2.01,1.86,0.0539,0.0351,0.0454
2022,2022-08-31,Manchester City,Nottingham Forest,6,0,H,1.06,13.0,29.0,1.24,4.07,-3.0,2.01,1.86,0.0548,0.0351,0.0522
2022,2022-08-31,West Ham,Tottenham,1,1,D,3.6,3.8,1.95,1.75,2.1,0.5,1.86,2.01,0.0538,0.0351,0.0476
2022,2022-08-31,Liverpool,Newcastle United,2,1,H,1.33,5.25,9.0,1.49,2.61,-1.5,1.86,2.01,0.0535,0.0351,0.0543
2022,2022-09-01,Leicester,Manchester United,0,1,A,3.4,3.75,2.05,1.63,2.3,0.5,1.82,2.06,0.0486,0.0349,0.0483
2022,2022-09-03,Everton,Liverpool,0,0,D,7.0,4.75,1.4,1.58,2.4,1.25,2.02,1.86,0.0677,0.0327,0.0496
2022,2022-09-03,Brentford,Leeds,5,2,H,2.1,3.5,3.4,1.75,2.1,-0.25,1.88,1.99,0.056,0.0344,0.0476
2022,2022-09-03,Chelsea,West Ham,2,1,H,1.55,4.5,5.5,1.74,2.12,-1.0,1.9,1.97,0.0492,0.0339,0.0464
2022,2022-09-03,Newcastle United,Crystal Palace,0,0,D,2.0,3.5,3.75,2.05,1.79,-0.5,2.04,1.85,0.0524,0.0307,0.0465
2022,2022-09-03,Nottingham Forest,Bournemouth,2,3,A,1.95,3.5,3.8,2.1,1.75,-0.5,2.02,1.86,0.0617,0.0327,0.0476
2022,2022-09-03,Tottenham,Fulham,2,1,H,1.5,4.5,6.5,1.62,2.32,-1.25,2.05,1.83,0.0427,0.0343,0.0483
2022,2022-09-03,Wolverhampton Wanderers,Southampton,1,0,H,2.2,3.4,3.25,2.02,1.81,-0.25,1.91,1.96,0.0564,0.0338,0.0475
2022,2022-09-03,Aston Villa,Manchester City,1,1,D,8.0,5.5,1.33,1.52,2.54,1.5,1.93,1.95,0.0587,0.031,0.0516
2022,2022-09-04,Brighton,Leicester,5,2,H,1.83,3.5,4.5,1.97,1.86,-0.5,1.86,2.02,0.0544,0.0327,0.0452
2022,2022-09-04,Manchester United,Arsenal,3,1,H,2.5,3.5,2.7,1.7,2.18,0.0,1.91,1.97,0.0561,0.0312,0.047
2022,2022-09-16,Aston Villa,Southampton,1,0,H,2.1,3.5,3.5,1.84,1.99,-0.25,1.81,2.07,0.0476,0.0356,0.046
2022,2022-09-16,Nottingham Forest,Fulham,2,3,A,2.75,3.3,2.62,1.88,1.94,0.0,2.0,1.86,0.0483,0.0376,0.0474
2022,2022-09-17,Wolverhampton Wanderers,Manchester City,0,3,A,9.5,5.0,1.33,1.58,2.39,1.5,1.92,1.95,0.0571,0.0337,0.0513
2022,2022-09-17,Newcastle United,Bournemouth,1,1,D,1.44,4.4,7.5,1.82,2.01,-1.25,2.05,1.82,0.0551,0.0373,0.047
2022,2022-09-17,Tottenham,Leicester,6,2,H,1.45,4.5,7.0,1.59,2.39,-1.25,2.04,1.83,0.0547,0.0366,0.0473
2022,2022-09-18,Brentford,Arsenal,0,3,A,4.2,3.8,1.8,1.68,2.21,0.75,1.84,2.04,0.0568,0.0337,0.0477
2022,2022-09-18,Everton,West Ham,1,0,H,2.9,3.25,2.5,2.03,1.8,0.25,1.76,2.13,0.0525,0.0377,0.0482
2022,2022-10-01,Arsenal,Tottenham,3,1,H,2.05,3.75,3.3,1.71,2.16,-0.5,2.06,1.82,0.0575,0.0349,0.0478
2022,2022-10-01,Bournemouth,Brentford,0,0,D,3.3,3.4,2.2,1.99,1.84,0.25,1.97,1.9,0.0517,0.0339,0.046
2022,2022-10-01,Crystal Palace,Chelsea,1,2,A,4.2,3.6,1.85,2.04,1.79,0.5,1.97,1.89,0.0564,0.0367,0.0489
2022,2022-10-01,Fulham,Newcastle United,1,4,A,3.0,3.4,2.37,1.88,1.94,0.25,1.84,2.03,0.0494,0.0361,0.0474
2022,2022-10-01,Liverpool,Brighton,3,3,D,1.33,5.25,8.5,1.56,2.46,-1.5,2.01,1.86,0.06,0.0351,0.0475
2022,2022-10-01,Southampton,Everton,1,2,A,2.15,3.4,3.4,2.0,1.83,-0.25,1.87,2.0,0.0534,0.0348,0.0464
2022,2022-10-01,West Ham,Wolverhampton Wanderers,2,0,H,1.95,3.5,4.2,2.16,1.71,-0.5,1.95,1.91,0.0366,0.0364,0.0478
2022,2022-10-02,Manchester City,Manchester United,6,3,H,1.33,5.75,7.5,1.44,2.79,-1.5,1.92,1.94,0.0591,0.0363,0.0529
2022,2022-10-02,Leeds,Aston Villa,0,0,D,2.35,3.4,3.0,1.82,2.01,-0.25,2.02,1.85,0.053,0.0356,0.047
2022,2022-10-03,Leicester,Nottingham Forest,4,0,H,1.75,4.0,4.33,1.67,2.22,-0.75,1.96,1.9,0.0524,0.0365,0.0493
2022,2022-10-08,Bournemouth,Leicester,2,1,H,3.6,3.4,2.05,1.84,1.99,0.5,1.8,2.08,0.0597,0.0363,0.046
2022,2022-10-08,Chelsea,Wolverhampton Wanderers,3,0,H,1.4,4.5,8.0,1.84,1.99,-1.25,1.91,1.97,0.0615,0.0312,0.046
2022,2022-10-08,Manchester City,Southampton,4,0,H,1.11,10.0,17.0,1.25,3.9,-2.5,1.88,2.0,0.0597,0.0319,0.0564
2022,2022-10-08,Newcastle United,Brentford,5,1,H,1.83,3.8,4.2,1.77,2.08,-0.75,2.02,1.87,0.0477,0.0298,0.0457
2022,2022-10-08,Brighton,Tottenham,0,1,A,2.8,3.4,2.5,1.86,1.98,0.0,2.01,1.87,0.0513,0.0323,0.0427
2022,2022-10-09,Crystal Palace,Leeds,2,1,H,2.05,3.5,3.6,1.85,1.99,-0.5,2.07,1.82,0.0513,0.0325,0.0431
2022,2022-10-09,West Ham,Fulham,3,1,H,1.72,3.8,4.75,1.8,2.04,-0.75,1.99,1.89,0.0551,0.0316,0.0458
2022,2022-10-09,Arsenal,Liverpool,3,2,H,2.5,3.6,2.62,1.6,2.38,0.0,1.92,1.96,0.0595,0.031,0.0452
2022,2022-10-09,Everton,Manchester United,1,2,A,3.6,3.5,2.05,1.85,1.99,0.5,1.81,2.09,0.0513,0.031,0.0431
2022,2022-10-10,Nottingham Forest,Aston Villa,1,1,D,3.3,3.4,2.2,2.01,1.83,0.25,1.99,1.88,0.0517,0.0344,0.044
2022,2022-10-14,Brentford,Brighton,2,0,H,3.1,3.4,2.3,1.93,1.89,0.25,1.9,1.97,0.0515,0.0339,0.0472
2022,2022-10-15,Leicester,Crystal Palace,0,0,D,2.3,3.4,3.1,1.85,1.98,-0.25,1.99,1.89,0.0515,0.0316,0.0456
2022,2022-10-15,Fulham,Bournemouth,2,2,D,1.85,3.75,4.0,1.9,1.92,-0.5,1.89,1.98,0.0572,0.0342,0.0471
2022,2022-10-15,Wolverhampton Wanderers,Nottingham Forest,1,0,H,1.7,3.75,5.0,2.02,1.82,-0.75,1.93,1.94,0.0549,0.0336,0.0445
2022,2022-10-15,Tottenham,Everton,2,0,H,1.5,4.5,6.5,1.76,2.08,-1.25,2.09,1.8,0.0427,0.034,0.049
2022,2022-10-16,Aston Villa,Chelsea,0,2,A,4.33,3.75,1.8,1.98,1.83,0.75,1.81,2.07,0.0532,0.0356,0.0515
2022,2022-10-16,Leeds,Arsenal,0,1,A,6.0,4.2,1.55,1.62,2.31,1.0,1.95,1.92,0.0499,0.0337,0.0502
2022,2022-10-16,Manchester United,Newcastle United,0,0,D,1.95,3.8,3.5,1.7,2.18,-0.5,1.99,1.88,0.0617,0.0344,0.047
2022,2022-10-16,Southampton,West Ham,1,1,D,2.9,3.4,2.4,1.93,1.9,0.25,1.79,2.09,0.0556,0.0371,0.0445
2022,2022-10-16,Liverpool,Manchester City,1,0,H,3.6,4.0,1.9,1.46,2.7,0.5,1.97,1.91,0.0541,0.0312,0.0553
2022,2022-10-18,Brighton,Nottingham Forest,0,0,D,1.4,4.75,7.0,1.76,2.09,-1.25,1.92,1.96,0.0677,0.031,0.0467
2022,2022-10-18,Crystal Palace,Wolverhampton Wanderers,2,1,H,2.25,3.1,3.4,2.43,1.57,-0.25,1.94,1.93,0.0611,0.0336,0.0485
2022,2022-10-19,Bournemouth,Southampton,0,1,A,2.62,3.3,2.62,2.05,1.78,0.0,1.94,1.92,0.0664,0.0363,0.0496
2022,2022-10-19,Brentford,Chelsea,0,0,D,4.75,3.8,1.72,1.84,1.99,0.75,1.91,1.95,0.0551,0.0364,0.046
2022,2022-10-19,Liverpool,West Ham,1,0,H,1.4,5.0,7.0,1.52,2.54,-1.25,1.93,1.94,0.0571,0.0336,0.0516
2022,2022-10-19,Newcastle United,Everton,1,0,H,1.6,3.8,5.75,1.88,1.94,-1.0,2.11,1.78,0.0621,0.0357,0.0474
2022,2022-10-19,Manchester United,Tottenham,2,0,H,2.45,3.5,2.75,1.73,2.13,-0.25,2.1,1.78,0.0575,0.038,0.0475
2022,2022-10-20,Fulham,Aston Villa,3,0,H,2.9,3.3,2.5,1.94,1.88,0.0,2.06,1.81,0.0479,0.0379,0.0474
2022,2022-10-20,Leicester,Leeds,2,0,H,2.25,3.6,3.0,1.72,2.14,-0.25,2.01,1.86,0.0556,0.0351,0.0487
2022,2022-10-22,Nottingham Forest,Liverpool,1,0,H,11.0,6.0,1.25,1.5,2.61,1.75,1.9,1.96,0.0576,0.0365,0.0498
2022,2022-10-22,Everton,Crystal Palace,3,0,H,2.6,3.2,2.87,2.22,1.67,0.0,1.8,2.08,0.0455,0.0363,0.0493
2022,2022-10-22,Manchester City,Brighton,3,1,H,1.2,7.0,13.0,1.47,2.68,-2.0,2.03,1.84,0.0531,0.0361,0.0534
2022,2022-10-22,Chelsea,Manchester United,1,1,D,2.05,3.5,3.5,1.87,1.96,-0.25,1.82,2.05,0.0592,0.0373,0.045
2022,2022-10-23,Aston Villa,Brentford,4,0,H,2.1,3.5,3.5,1.9,1.92,-0.25,1.83,2.04,0.0476,0.0366,0.0471
2022,2022-10-23,Leeds,Fulham,2,3,A,2.05,3.5,3.6,1.73,2.13,-0.5,2.05,1.83,0.0513,0.0343,0.0475
2022,2022-10-23,Southampton,Arsenal,1,1,D,6.0,4.0,1.57,1.67,2.22,1.0,1.9,1.96,0.0536,0.0365,0.0493
2022,2022-10-23,Wolverhampton Wanderers,Leicester,0,4,A,2.25,3.25,3.25,1.95,1.88,-0.25,1.96,1.91,0.0598,0.0338,0.0447
2022,2022-10-23,Tottenham,Newcastle United,1,2,A,2.05,3.5,3.5,1.87,1.96,-0.5,2.08,1.8,0.0592,0.0363,0.045
2022,2022-10-24,West Ham,Bournemouth,2,0,H,1.55,4.0,6.0,1.93,1.89,-1.0,1.97,1.89,0.0618,0.0367,0.0472
2022,2022-10-29,Leicester,Manchester City,0,1,A,10.0,6.5,1.25,1.44,2.75,1.75,1.85,2.01,0.0538,0.0381,0.0581
2022,2022-10-29,Bournemouth,Tottenham,2,3,A,5.0,3.8,1.7,1.9,1.91,0.75,1.98,1.88,0.0514,0.037,0.0499
2022,2022-10-29,Brentford,Wolverhampton Wanderers,1,1,D,2.2,3.4,3.3,1.96,1.86,-0.25,1.88,1.98,0.0517,0.037,0.0478
2022,2022-10-29,Brighton,Chelsea,4,1,H,3.0,3.3,2.4,2.04,1.78,0.25,1.82,2.05,0.053,0.0373,0.052
2022,2022-10-29,Crystal Palace,Southampton,1,0,H,1.9,3.6,4.0,2.03,1.8,-0.5,1.95,1.92,0.0541,0.0337,0.0482
2022,2022-10-29,Newcastle United,Aston Villa,4,0,H,1.8,3.75,4.5,1.91,1.9,-0.75,2.06,1.81,0.0444,0.0379,0.0499
2022,2022-10-29,Fulham,Everton,0,0,D,2.37,3.4,3.0,1.84,1.97,-0.25,2.02,1.85,0.0494,0.0356,0.0511
2022,2022-10-29,Liverpool,Leeds,1,2,A,1.3,6.0,9.0,1.35,3.13,-1.75,1.97,1.88,0.047,0.0395,0.0602
2022,2022-10-30,Arsenal,Nottingham Forest,5,0,H,1.2,7.0,12.0,1.5,2.57,-2.0,2.01,1.85,0.0595,0.0381,0.0558
2022,2022-10-30,Manchester United,West Ham,1,0,H,1.66,4.0,4.8,1.81,2.01,-0.75,1.9,1.97,0.0607,0.0339,0.05
2022,2022-11-05,Leeds,Bournemouth,4,3,H,1.72,3.8,4.75,1.79,2.05,-0.75,1.94,1.93,0.0551,0.0336,0.0465
2022,2022-11-05,Manchester City,Fulham,2,1,H,1.11,9.5,19.0,1.27,3.79,-2.5,1.96,1.91,0.0588,0.0338,0.0513
2022,2022-11-05,Nottingham Forest,Brentford,2,2,D,2.75,3.3,2.6,1.99,1.84,0.0,1.99,1.87,0.0513,0.0373,0.046
2022,2022-11-05,Wolverhampton Wanderers,Brighton,2,3,A,3.3,3.3,2.25,2.1,1.75,0.25,1.94,1.92,0.0505,0.0363,0.0476
2022,2022-11-05,Everton,Leicester,0,2,A,2.4,3.3,3.0,2.02,1.81,-0.25,2.08,1.81,0.053,0.0333,0.0475
2022,2022-11-06,Chelsea,Arsenal,0,1,A,2.55,3.4,2.7,1.89,1.94,0.0,1.92,1.95,0.0566,0.0337,0.0446
2022,2022-11-06,Aston Villa,Manchester United,3,1,H,3.3,3.8,2.1,1.88,1.94,0.25,2.0,1.86,0.0424,0.0376,0.0474
2022,2022-11-06,Southampton,Newcastle United,1,4,A,4.0,3.6,1.9,1.9,1.92,0.5,1.94,1.92,0.0541,0.0363,0.0471
2022,2022-11-06,West Ham,Crystal Palace,1,2,A,1.9,3.4,4.2,2.1,1.75,-0.5,1.94,1.93,0.0585,0.0336,0.0476
2022,2022-11-06,Tottenham,Liverpool,1,2,A,3.3,3.6,2.1,1.68,2.19,0.25,1.99,1.87,0.057,0.0373,0.0519
2022,2022-11-12,Manchester City,Brentford,1,2,A,1.14,8.0,17.0,1.34,3.24,-2.25,1.87,1.99,0.061,0.0373,0.0549
2022,2022-11-12,Bournemouth,Everton,3,0,H,2.8,3.25,2.6,2.15,1.72,0.0,2.02,1.84,0.0495,0.0385,0.0465
2022,2022-11-12,Liverpool,Southampton,3,1,H,1.25,6.5,11.0,1.41,2.91,-1.75,1.86,2.01,0.0448,0.0351,0.0529
2022,2022-11-12,Nottingham Forest,Crystal Palace,1,0,H,3.1,3.1,2.45,2.18,1.69,0.25,1.82,2.05,0.0533,0.0373,0.0504
2022,2022-11-12,Tottenham,Leeds,4,3,H,1.65,4.2,4.75,1.61,2.33,-1.0,2.08,1.8,0.0547,0.0363,0.0503
2022,2022-11-12,West Ham,Leicester,0,2,A,2.05,3.4,3.75,1.93,1.89,-0.25,1.8,2.07,0.0486,0.0386,0.0472
2022,2022-11-12,Newcastle United,Chelsea,1,0,H,2.35,3.4,3.0,1.93,1.9,-0.25,2.0,1.87,0.053,0.0348,0.0445
2022,2022-11-12,Wolverhampton Wanderers,Arsenal,0,2,A,6.0,4.2,1.55,1.78,2.05,1.0,1.93,1.93,0.0499,0.0363,0.0496
2022,2022-11-13,Brighton,Aston Villa,1,2,A,1.83,3.75,4.2,1.91,1.91,-0.5,1.87,2.0,0.0512,0.0348,0.0471
2022,2022-11-13,Fulham,Manchester United,1,2,A,3.8,3.8,1.9,1.63,2.28,0.5,1.97,1.89,0.0526,0.0367,0.0521
2022,2022-12-26,Brentford,Tottenham,2,2,D,4.0,3.6,1.91,1.8,2.01,0.5,1.92,1.95,0.0513,0.0337,0.0531
2022,2022-12-26,Crystal Palace,Fulham,0,3,A,2.05,3.6,3.5,1.97,1.85,-0.5,2.06,1.82,0.0513,0.0349,0.0482
2022,2022-12-26,Everton,Wolverhampton Wanderers,1,2,A,2.3,3.25,3.2,2.2,1.68,-0.25,2.0,1.88,0.055,0.0319,0.0498
2022,2022-12-26,Leicester,Newcastle United,0,3,A,3.25,3.5,2.2,1.83,2.0,0.25,1.94,1.92,0.048,0.0363,0.0464
2022,2022-12-26,Southampton,Brighton,1,3,A,3.3,3.5,2.15,1.89,1.89,0.25,2.01,1.85,0.0539,0.0381,0.0582
2022,2022-12-26,Aston Villa,Liverpool,1,3,A,4.75,4.0,1.7,1.65,2.27,0.75,1.91,1.95,0.0488,0.0364,0.0466
2022,2022-12-26,Arsenal,West Ham,3,1,H,1.5,4.33,6.5,1.77,2.07,-1.0,1.87,2.01,0.0515,0.0323,0.0481
2022,2022-12-27,Chelsea,Bournemouth,2,0,H,1.3,5.5,10.0,1.66,2.23,-1.5,1.96,1.91,0.051,0.0338,0.0508
2022,2022-12-27,Manchester United,Nottingham Forest,3,0,H,1.29,5.5,11.0,1.64,2.27,-1.5,1.92,1.95,0.0479,0.0337,0.0503
2022,2022-12-28,Leeds,Manchester City,1,3,A,9.5,6.0,1.29,1.43,2.83,1.75,1.85,2.02,0.0471,0.0356,0.0527
2022,2022-12-30,West Ham,Brentford,0,2,A,2.0,3.6,3.6,1.93,1.89,-0.5,2.05,1.83,0.0556,0.0343,0.0472
2022,2022-12-30,Liverpool,Leicester,2,1,H,1.29,6.0,9.5,1.44,2.8,-1.75,2.01,1.86,0.0471,0.0351,0.0516
2022,2022-12-31,Wolverhampton Wanderers,Manchester United,0,1,A,4.0,3.6,1.91,1.97,1.86,0.5,1.95,1.92,0.0513,0.0337,0.0452
2022,2022-12-31,Bournemouth,Crystal Palace,0,2,A,2.8,3.3,2.5,2.13,1.73,0.0,2.07,1.81,0.0602,0.0356,0.0475
2022,2022-12-31,Fulham,Southampton,2,1,H,1.95,3.6,3.75,1.74,2.11,-0.5,2.01,1.86,0.0573,0.0351,0.0486
2022,2022-12-31,Manchester City,Everton,1,1,D,1.13,9.0,19.0,1.38,3.04,-2.5,2.07,1.82,0.0487,0.0325,0.0536
2022,2022-12-31,Newcastle United,Leeds,0,0,D,1.45,4.5,7.0,1.64,2.29,-1.25,2.01,1.87,0.0547,0.0323,0.0464
2022,2022-12-31,Brighton,Arsenal,2,4,A,3.4,3.5,2.1,1.84,2.0,0.25,2.04,1.83,0.056,0.0366,0.0435
2022,2023-01-01,Tottenham,Aston Villa,0,2,A,1.67,4.0,5.0,1.77,2.06,-0.75,1.86,2.02,0.0488,0.0327,0.0504
2022,2023-01-01,Nottingham Forest,Chelsea,1,1,D,5.0,3.8,1.7,1.96,1.85,0.75,1.98,1.88,0.0514,0.037,0.0507
2022,2023-01-02,Brentford,Liverpool,3,1,H,5.5,4.33,1.55,1.6,2.37,1.0,1.96,1.9,0.0579,0.0365,0.0469
2022,2023-01-03,Arsenal,Newcastle United,0,0,D,1.8,3.8,4.33,1.8,2.04,-0.75,2.04,1.84,0.0497,0.0337,0.0458
2022,2023-01-03,Everton,Brighton,1,4,A,3.5,3.5,2.1,1.99,1.84,0.25,2.05,1.82,0.0476,0.0373,0.046
2022,2023-01-03,Leicester,Fulham,0,1,A,2.2,3.6,3.1,1.74,2.11,-0.25,1.93,1.94,0.0549,0.0336,0.0486
2022,2023-01-03,Manchester United,Bournemouth,3,0,H,1.29,5.5,11.0,1.54,2.48,-1.75,2.03,1.85,0.0479,0.0332,0.0526
2022,2023-01-04,Southampton,Nottingham Forest,0,1,A,2.0,3.5,3.8,2.02,1.8,-0.5,2.03,1.84,0.0489,0.0361,0.0506
2022,2023-01-04,Leeds,West Ham,2,2,D,2.6,3.5,2.6,1.79,2.04,0.0,1.92,1.94,0.0549,0.0363,0.0489
2022,2023-01-04,Aston Villa,Wolverhampton Wanderers,1,1,D,1.95,3.6,4.0,2.05,1.78,-0.5,1.97,1.9,0.0406,0.0339,0.0496
2022,2023-01-04,Crystal Palace,Tottenham,0,4,A,3.4,3.5,2.15,1.88,1.93,0.25,1.97,1.89,0.0449,0.0367,0.05
2022,2023-01-05,Chelsea,Manchester City,0,1,A,5.0,4.0,1.67,1.79,2.04,0.75,2.03,1.83,0.0488,0.0391,0.0489
2022,2023-01-12,Fulham,Chelsea,2,1,H,3.3,3.5,2.15,1.82,2.01,0.25,2.0,1.87,0.0539,0.0348,0.047
2022,2023-01-13,Aston Villa,Leeds,2,1,H,1.91,3.6,4.0,1.79,2.06,-0.5,1.94,1.94,0.0513,0.0309,0.0441
2022,2023-01-14,Manchester United,Manchester City,2,1,H,4.2,3.6,1.85,1.7,2.19,0.5,2.04,1.83,0.0564,0.0366,0.0449
2022,2023-01-14,Brighton,Liverpool,3,0,H,3.4,3.6,2.1,1.58,2.4,0.25,2.02,1.85,0.0481,0.0356,0.0496
2022,2023-01-14,Everton,Southampton,1,2,A,2.25,3.25,3.3,2.1,1.76,-0.25,1.93,1.94,0.0552,0.0336,0.0444
2022,2023-01-14,Nottingham Forest,Leicester,2,0,H,2.7,3.3,2.63,1.99,1.85,0.0,1.95,1.92,0.0536,0.0337,0.0431
2022,2023-01-14,Wolverhampton Wanderers,West Ham,1,0,H,2.63,3.3,2.7,2.22,1.68,0.0,1.91,1.96,0.0536,0.0338,0.0457
2022,2023-01-14,Brentford,Bournemouth,2,0,H,1.65,4.0,5.25,1.81,2.02,-0.75,1.82,2.06,0.0465,0.0349,0.0475
2022,2023-01-15,Chelsea,Crystal Palace,1,0,H,1.62,4.0,5.25,1.98,1.85,-0.75,1.85,2.03,0.0578,0.0332,0.0456
2022,2023-01-15,Newcastle United,Fulham,1,0,H,1.5,4.33,6.5,1.74,2.12,-1.0,1.86,2.01,0.0515,0.0351,0.0464
2022,2023-01-15,Tottenham,Arsenal,0,2,A,3.1,3.6,2.2,1.79,2.04,0.25,1.97,1.89,0.0549,0.0367,0.0489
2022,2023-01-18,Crystal Palace,Manchester United,1,1,D,4.5,3.6,1.8,1.93,1.9,0.75,1.84,2.02,0.0556,0.0385,0.0445
2022,2023-01-19,Manchester City,Tottenham,4,2,H,1.36,5.0,8.5,1.53,2.51,-1.5,2.0,1.88,0.0529,0.0319,0.052
2022,2023-01-21,Liverpool,Chelsea,0,0,D,1.85,3.75,4.0,1.71,2.18,-0.5,1.88,2.0,0.0572,0.0319,0.0435
2022,2023-01-21,Bournemouth,Nottingham Forest,1,1,D,2.75,3.1,2.75,2.28,1.65,0.0,1.92,1.94,0.0499,0.0363,0.0447
2022,2023-01-21,Leicester,Brighton,2,2,D,3.6,3.5,2.05,1.83,2.01,0.5,1.81,2.07,0.0513,0.0356,0.044
2022,2023-01-21,Southampton,Aston Villa,0,1,A,2.88,3.25,2.55,2.03,1.8,0.0,2.06,1.82,0.0471,0.0349,0.0482
2022,2023-01-21,West Ham,Everton,2,0,H,1.8,3.75,4.75,2.08,1.77,-0.75,2.03,1.85,0.0327,0.0332,0.0457
2022,2023-01-21,Crystal Palace,Newcastle United,0,0,D,4.4,3.5,1.85,2.14,1.73,0.5,2.0,1.88,0.0535,0.0319,0.0453
2022,2023-01-22,Leeds,Brentford,0,0,D,2.38,3.6,2.88,1.68,2.21,-0.25,2.05,1.83,0.0452,0.0343,0.0477
2022,2023-01-22,Manchester City,Wolverhampton Wanderers,3,0,H,1.2,8.0,11.0,1.49,2.62,-2.0,1.95,1.92,0.0492,0.0337,0.0528
2022,2023-01-22,Arsenal,Manchester United,3,2,H,1.8,3.8,4.2,1.7,2.17,-0.5,1.86,2.02,0.0568,0.0327,0.0491
2022,2023-01-23,Fulham,Tottenham,0,1,A,3.3,3.6,2.1,1.73,2.13,0.25,2.0,1.86,0.057,0.0376,0.0475
2022,2023-02-03,Chelsea,Fulham,0,0,D,1.62,4.0,5.25,1.88,1.95,-1.0,2.09,1.8,0.0578,0.034,0.0447
2022,2023-02-04,Everton,Arsenal,1,0,H,8.5,4.5,1.4,1.84,1.99,1.25,1.93,1.94,0.0542,0.0336,0.046
2022,2023-02-04,Aston Villa,Leicester,2,4,A,1.95,3.6,3.8,1.91,1.92,-0.5,1.98,1.9,0.0538,0.0314,0.0444
2022,2023-02-04,Brentford,Southampton,3,0,H,1.85,3.6,4.2,1.99,1.84,-0.5,1.89,1.99,0.0564,0.0316,0.046
2022,2023-02-04,Brighton,Bournemouth,1,0,H,1.33,5.25,8.5,1.71,2.18,-1.5,2.03,1.86,0.06,0.0302,0.0435
2022,2023-02-04,Manchester United,Crystal Palace,2,1,H,1.4,4.75,8.0,1.85,1.99,-1.25,1.92,1.95,0.0498,0.0337,0.0431
2022,2023-02-04,Wolverhampton Wanderers,Liverpool,3,0,H,4.0,3.8,1.85,1.79,2.05,0.5,1.99,1.89,0.0537,0.0316,0.0465
2022,2023-02-04,Newcastle United,West Ham,1,1,D,1.6,3.8,6.0,2.06,1.78,-0.75,1.78,2.11,0.0548,0.0357,0.0472
2022,2023-02-05,Nottingham Forest,Leeds,1,0,H,2.63,3.3,2.7,1.91,1.93,0.0,1.9,1.97,0.0536,0.0339,0.0417
2022,2023-02-05,Tottenham,Manchester City,1,0,H,4.33,4.2,1.73,1.64,2.27,0.75,1.92,1.94,0.0471,0.0363,0.0503
2022,2023-02-08,Manchester United,Leeds,2,2,D,1.45,5.0,6.0,1.6,2.37,-1.25,2.02,1.86,0.0563,0.0327,0.0469
2022,2023-02-11,West Ham,Chelsea,1,1,D,3.3,3.3,2.25,2.24,1.67,0.25,1.93,1.94,0.0505,0.0336,0.0452
2022,2023-02-11,Arsenal,Brentford,1,1,D,1.44,4.75,7.0,1.73,2.14,-1.25,1.97,1.91,0.0478,0.0312,0.0453
2022,2023-02-11,Crystal Palace,Brighton,1,1,D,3.8,3.5,2.0,2.05,1.79,0.5,1.85,2.04,0.0489,0.0307,0.0465
2022,2023-02-11,Fulham,Nottingham Forest,2,0,H,1.91,3.5,4.33,2.06,1.78,-0.5,1.91,1.96,0.0402,0.0338,0.0472
2022,2023-02-11,Leicester,Tottenham,4,1,H,3.4,3.6,2.1,1.75,2.11,0.25,2.03,1.85,0.0481,0.0332,0.0454
2022,2023-02-11,Southampton,Wolverhampton Wanderers,1,2,A,2.9,3.2,2.55,2.29,1.64,0.0,2.12,1.78,0.0495,0.0335,0.0464
2022,2023-02-11,Bournemouth,Newcastle United,1,1,D,6.5,4.0,1.53,2.02,1.83,1.0,1.88,1.99,0.0574,0.0344,0.0415
2022,2023-02-12,Leeds,Manchester United,0,2,A,3.75,3.8,1.91,1.65,2.27,0.5,1.96,1.92,0.0534,0.031,0.0466
2022,2023-02-12,Manchester City,Aston Villa,3,1,H,1.25,6.5,11.0,1.49,2.62,-1.75,1.89,1.99,0.0448,0.0316,0.0528
2022,2023-02-13,Liverpool,Everton,2,0,H,1.5,4.33,6.5,1.78,2.06,-1.0,1.87,2.0,0.0515,0.0348,0.0472
2022,2023-02-15,Arsenal,Manchester City,1,3,A,2.9,3.5,2.35,1.85,1.99,0.25,1.81,2.08,0.0561,0.0333,0.0431
2022,2023-02-18,Aston Villa,Arsenal,2,4,A,4.5,3.6,1.5,1.98,1.86,0.5,2.04,1.85,0.1667,0.0307,0.0427
2022,2023-02-18,Brentford,Crystal Palace,1,1,D,1.83,3.5,4.5,2.14,1.72,-0.5,1.86,2.03,0.0544,0.0302,0.0487
2022,2023-02-18,Brighton,Fulham,0,1,A,1.65,3.8,5.5,1.75,2.11,-0.75,1.84,2.04,0.051,0.0337,0.0454
2022,2023-02-18,Chelsea,Southampton,0,1,A,1.4,4.75,8.5,1.93,1.9,-1.25,1.88,1.99,0.0425,0.0344,0.0445
2022,2023-02-18,Everton,Leeds,1,0,H,2.4,3.3,3.0,2.08,1.77,-0.25,2.12,1.78,0.053,0.0335,0.0457
2022,2023-02-18,Nottingham Forest,Manchester City,1,1,D,8.5,5.5,1.3,1.64,2.28,1.5,1.97,1.9,0.0687,0.0339,0.0484
2022,2023-02-18,Wolverhampton Wanderers,Bournemouth,0,1,A,1.67,3.6,6.0,2.08,1.76,-0.75,1.87,2.0,0.0432,0.0348,0.049
2022,2023-02-18,Newcastle United,Liverpool,0,2,A,2.5,3.5,2.7,1.79,2.04,0.0,1.88,2.01,0.0561,0.0294,0.0489
2022,2023-02-19,Manchester United,Leicester,3,0,H,1.62,4.33,5.25,1.62,2.32,-1.0,2.04,1.84,0.0387,0.0337,0.0483
2022,2023-02-19,Tottenham,West Ham,2,0,H,1.75,3.6,4.75,1.84,1.99,-0.5,1.82,2.05,0.0597,0.0373,0.046
2022,2023-02-24,Fulham,Wolverhampton Wanderers,1,1,D,2.5,3.2,3.0,2.23,1.67,0.0,1.79,2.11,0.0458,0.0326,0.0472
2022,2023-02-25,Everton,Aston Villa,0,2,A,2.5,3.2,3.0,2.27,1.65,0.0,1.78,2.11,0.0458,0.0357,0.0466
2022,2023-02-25,Leeds,Southampton,1,0,H,1.95,3.5,4.0,2.01,1.82,-0.5,1.99,1.89,0.0485,0.0316,0.047
2022,2023-02-25,Leicester,Arsenal,0,1,A,4.75,4.0,1.7,1.67,2.23,0.75,1.98,1.9,0.0488,0.0314,0.0472
2022,2023-02-25,West Ham,Nottingham Forest,4,0,H,1.75,3.6,5.0,2.17,1.71,-0.75,2.02,1.87,0.0492,0.0298,0.0456
2022,2023-02-25,Bournemouth,Manchester City,1,4,A,10.0,5.75,1.29,1.56,2.45,1.5,2.06,1.82,0.0491,0.0349,0.0492
2022,2023-02-25,Crystal Palace,Liverpool,0,0,D,4.75,3.8,1.73,1.82,2.02,0.75,1.92,1.96,0.0517,0.031,0.0445
2022,2023-02-26,Tottenham,Chelsea,2,0,H,2.55,3.25,2.9,2.04,1.81,0.0,1.81,2.08,0.0447,0.0333,0.0427
2022,2023-03-01,Arsenal,Everton,4,0,H,1.36,4.75,10.0,1.82,2.02,-1.25,1.82,2.07,0.0458,0.0325,0.0445
2022,2023-03-01,Liverpool,Wolverhampton Wanderers,2,0,H,1.5,4.75,6.0,1.73,2.14,-1.0,1.8,2.08,0.0439,0.0363,0.0453
2022,2023-03-04,Manchester City,Newcastle United,2,0,H,1.45,4.5,7.0,1.71,2.17,-1.25,2.06,1.82,0.0547,0.0349,0.0456
2022,2023-03-04,Arsenal,Bournemouth,3,2,H,1.22,7.0,12.0,1.58,2.41,-1.75,1.82,2.06,0.0459,0.0349,0.0478
2022,2023-03-04,Aston Villa,Crystal Palace,1,0,H,2.05,3.3,3.8,2.28,1.64,-0.5,2.07,1.82,0.054,0.0325,0.0484
2022,2023-03-04,Brighton,West Ham,4,0,H,1.8,3.6,4.5,1.93,1.9,-0.75,2.0,1.88,0.0556,0.0319,0.0445
2022,2023-03-04,Chelsea,Leeds,1,0,H,1.62,4.0,5.5,1.9,1.93,-0.75,1.8,2.09,0.0491,0.034,0.0445
2022,2023-03-04,Wolverhampton Wanderers,Tottenham,1,0,H,3.3,3.4,2.2,2.09,1.76,0.25,1.92,1.94,0.0517,0.0363,0.0467
2022,2023-03-04,Southampton,Leicester,1,0,H,2.75,3.3,2.6,2.03,1.81,0.0,1.98,1.88,0.0513,0.037,0.0451
2022,2023-03-05,Nottingham Forest,Everton,2,2,D,2.7,3.0,2.88,2.47,1.54,0.0,1.85,2.02,0.0509,0.0356,0.0542
2022,2023-03-05,Liverpool,Manchester United,7,0,H,2.38,3.6,2.88,1.65,2.27,-0.25,2.08,1.81,0.0452,0.0333,0.0466
2022,2023-03-06,Brentford,Fulham,3,2,H,1.95,3.6,3.75,1.89,1.93,-0.5,2.0,1.88,0.0573,0.0319,0.0472
2022,2023-03-11,Bournemouth,Liverpool,1,0,H,7.5,5.0,1.4,1.62,2.31,1.25,1.93,1.95,0.0476,0.031,0.0502
2022,2023-03-11,Everton,Brentford,1,0,H,2.7,3.25,2.7,2.25,1.66,0.0,1.92,1.96,0.0484,0.031,0.0469
2022,2023-03-11,Leeds,Brighton,2,2,D,3.75,3.6,1.95,1.85,1.98,0.5,1.9,1.98,0.0573,0.0314,0.0456
2022,2023-03-11,Leicester,Chelsea,1,3,A,3.75,3.5,1.95,1.98,1.85,0.5,1.87,2.01,0.0652,0.0323,0.0456
2022,2023-03-11,Tottenham,Nottingham Forest,3,1,H,1.44,4.75,7.0,1.82,2.01,-1.25,2.01,1.86,0.0478,0.0351,0.047
2022,2023-03-11,Crystal Palace,Manchester City,0,1,A,9.0,4.75,1.36,1.75,2.05,1.5,1.82,2.06,0.0569,0.0349,0.0592
2022,2023-03-12,Fulham,Arsenal,0,3,A,6.0,4.0,1.57,1.81,2.02,1.0,1.86,2.02,0.0536,0.0327,0.0475
2022,2023-03-12,Manchester United,Southampton,0,0,D,1.36,5.0,9.0,1.63,2.28,-1.5,1.99,1.88,0.0464,0.0344,0.0521
2022,2023-03-12,West Ham,Aston Villa,1,1,D,2.2,3.3,3.4,2.03,1.8,-0.25,1.91,1.96,0.0517,0.0338,0.0482
2022,2023-03-12,Newcastle United,Wolverhampton Wanderers,2,1,H,1.65,3.75,5.5,2.15,1.72,-0.75,1.86,2.01,0.0545,0.0351,0.0465
2022,2023-03-15,Brighton,Crystal Palace,1,0,H,1.44,4.2,8.0,1.89,1.92,-1.25,2.04,1.84,0.0575,0.0337,0.0499
2022,2023-03-15,Southampton,Brentford,0,2,A,2.88,3.25,2.5,2.06,1.77,0.25,1.78,2.11,0.0549,0.0357,0.0504
2022,2023-03-17,Nottingham Forest,Newcastle United,1,2,A,5.5,3.8,1.62,2.04,1.8,0.75,2.02,1.86,0.0623,0.0327,0.0458
2022,2023-03-18,Aston Villa,Bournemouth,3,0,H,1.7,3.8,5.0,1.92,1.9,-0.75,1.92,1.95,0.0514,0.0337,0.0471
2022,2023-03-18,Brentford,Leicester,1,1,D,1.91,3.6,3.75,1.85,1.98,-0.5,1.95,1.93,0.068,0.031,0.0456
2022,2023-03-18,Southampton,Tottenham,3,3,D,4.75,3.6,1.75,2.0,1.83,0.5,2.07,1.81,0.0597,0.0356,0.0464
2022,2023-03-18,Wolverhampton Wanderers,Leeds,2,4,A,2.25,3.2,3.3,2.27,1.65,-0.25,1.94,1.93,0.06,0.0336,0.0466
2022,2023-03-18,Chelsea,Everton,2,2,D,1.5,4.2,7.5,2.08,1.76,-1.0,1.84,2.03,0.0381,0.0361,0.049
2022,2023-03-19,Arsenal,Crystal Palace,4,1,H,1.25,5.5,15.0,1.73,2.14,-1.5,1.81,2.07,0.0485,0.0356,0.0453
2022,2023-04-01,Manchester City,Liverpool,4,1,H,1.62,4.2,5.0,1.65,2.27,-1.0,2.07,1.81,0.0554,0.0356,0.0466
2022,2023-04-01,Arsenal,Leeds,4,1,H,1.29,6.0,9.0,1.53,2.51,-1.5,1.83,2.04,0.053,0.0366,0.052
2022,2023-04-01,Bournemouth,Fulham,2,1,H,2.55,3.3,2.8,2.04,1.8,0.0,1.83,2.03,0.0523,0.0391,0.0458
2022,2023-04-01,Brighton,Brentford,3,3,D,1.67,4.0,5.0,1.76,2.09,-0.75,1.84,2.03,0.0488,0.0361,0.0467
2022,2023-04-01,Crystal Palace,Leicester,2,1,H,2.5,3.25,2.9,2.17,1.7,0.0,1.79,2.08,0.0525,0.0394,0.0491
2022,2023-04-01,Nottingham Forest,Wolverhampton Wanderers,1,1,D,3.0,3.1,2.55,2.38,1.59,0.0,2.06,1.81,0.0481,0.0379,0.0491
2022,2023-04-01,Chelsea,Aston Villa,0,2,A,1.67,3.8,5.25,1.93,1.89,-0.75,1.86,2.01,0.0524,0.0351,0.0472
2022,2023-04-02,West Ham,Southampton,1,0,H,1.73,3.6,5.0,2.05,1.79,-0.75,1.96,1.9,0.0558,0.0365,0.0465
2022,2023-04-02,Newcastle United,Manchester United,2,0,H,2.4,3.4,2.9,1.9,1.91,-0.25,2.06,1.81,0.0556,0.0379,0.0499
2022,2023-04-03,Everton,Tottenham,1,1,D,3.4,3.3,2.2,2.06,1.74,0.25,1.96,1.89,0.0517,0.0393,0.0601
2022,2023-04-04,Bournemouth,Brighton,0,2,A,6.0,4.2,1.53,1.8,2.04,1.0,1.92,1.94,0.0584,0.0363,0.0458
2022,2023-04-04,Leeds,Nottingham Forest,2,1,H,1.7,3.75,5.0,1.96,1.88,-0.75,1.92,1.95,0.0549,0.0337,0.0421
2022,2023-04-04,Leicester,Aston Villa,1,2,A,2.55,3.3,2.75,1.94,1.89,0.0,1.86,2.01,0.0588,0.0351,0.0446
2022,2023-04-04,Chelsea,Liverpool,0,0,D,2.2,3.4,3.25,1.91,1.92,-0.25,1.93,1.94,0.0564,0.0336,0.0444
2022,2023-04-05,Manchester United,Brentford,1,0,H,1.65,4.0,5.0,1.71,2.16,-0.75,1.81,2.06,0.0561,0.0379,0.0478
2022,2023-04-05,West Ham,Newcastle United,1,5,A,3.6,3.25,2.15,2.14,1.73,0.25,2.03,1.83,0.0506,0.0391,0.0453
2022,2023-04-08,Manchester United,Everton,2,0,H,1.5,4.33,6.5,1.83,1.99,-1.0,1.82,2.04,0.0515,0.0396,0.049
2022,2023-04-08,Aston Villa,Nottingham Forest,2,0,H,1.6,4.2,5.25,1.91,1.91,-1.0,2.06,1.81,0.0536,0.0379,0.0471
2022,2023-04-08,Brentford,Newcastle United,1,2,A,3.6,3.4,2.05,2.0,1.83,0.25,2.05,1.81,0.0597,0.0403,0.0464
2022,2023-04-08,Fulham,West Ham,0,1,A,2.8,3.25,2.63,2.17,1.7,0.0,1.96,1.89,0.0451,0.0393,0.0491
2022,2023-04-08,Leicester,Bournemouth,0,1,A,1.83,3.75,4.2,1.85,1.97,-0.5,1.88,1.99,0.0512,0.0344,0.0482
2022,2023-04-08,Tottenham,Brighton,2,1,H,2.55,3.5,2.7,1.81,2.01,0.0,1.87,1.98,0.0482,0.0398,0.05
2022,2023-04-08,Wolverhampton Wanderers,Chelsea,1,0,H,4.2,3.5,1.91,2.16,1.7,0.5,1.92,1.94,0.0474,0.0363,0.0512
2022,2023-04-08,Southampton,Manchester City,1,4,A,11.0,6.0,1.25,1.6,2.35,1.75,1.91,1.94,0.0576,0.039,0.0505
2022,2023-04-09,Leeds,Crystal Palace,1,5,A,2.1,3.4,3.6,2.14,1.72,-0.25,1.81,2.05,0.0481,0.0403,0.0487
2022,2023-04-09,Liverpool,Arsenal,2,2,D,2.88,3.6,2.38,1.64,2.28,0.25,1.79,2.08,0.0452,0.0394,0.0484
2022,2023-04-15,Aston Villa,Newcastle United,3,0,H,3.6,3.4,2.05,2.01,1.83,0.25,2.04,1.81,0.0597,0.0427,0.044
2022,2023-04-15,Chelsea,Brighton,1,2,A,2.63,3.4,2.63,1.91,1.91,0.0,1.92,1.93,0.0546,0.039,0.0471
2022,2023-04-15,Everton,Fulham,1,3,A,2.05,3.4,3.7,2.21,1.69,-0.5,2.06,1.82,0.0522,0.0349,0.0442
2022,2023-04-15,Southampton,Crystal Palace,0,2,A,2.8,3.1,2.7,2.28,1.64,0.0,1.98,1.87,0.0501,0.0398,0.0484
2022,2023-04-15,Tottenham,Bournemouth,2,3,A,1.45,4.5,7.0,1.69,2.2,-1.25,2.03,1.83,0.0547,0.0391,0.0463
2022,2023-04-15,Wolverhampton Wanderers,Brentford,2,0,H,2.45,3.1,3.0,2.24,1.67,0.0,1.77,2.11,0.0641,0.0389,0.0452
2022,2023-04-15,Manchester City,Leicester,3,1,H,1.14,8.5,15.0,1.34,3.24,-2.25,1.92,1.93,0.0615,0.039,0.0549
2022,2023-04-16,West Ham,Arsenal,2,2,D,6.0,4.2,1.55,1.8,2.04,1.0,1.89,1.97,0.0499,0.0367,0.0458
2022,2023-04-16,Nottingham Forest,Manchester United,0,2,A,5.5,4.0,1.62,1.78,2.05,0.75,1.97,1.88,0.0491,0.0395,0.0496
2022,2023-04-17,Leeds,Liverpool,1,6,A,4.2,4.2,1.73,1.57,2.4,0.75,1.94,1.9,0.0542,0.0418,0.0536
2022,2023-04-21,Arsenal,Southampton,3,3,D,1.2,7.0,13.0,1.51,2.58,-2.0,2.0,1.86,0.0531,0.0376,0.0498
2022,2023-04-22,Fulham,Leeds,2,1,H,2.3,3.4,3.1,1.88,1.94,-0.25,2.05,1.82,0.0515,0.0373,0.0474
2022,2023-04-22,Brentford,Aston Villa,1,1,D,2.5,3.25,2.88,1.97,1.85,0.0,1.82,2.05,0.0549,0.0373,0.0482
2022,2023-04-22,Crystal Palace,Everton,0,0,D,2.05,3.2,3.75,2.34,1.6,-0.25,1.79,2.08,0.067,0.0394,0.0524
2022,2023-04-22,Leicester,Wolverhampton Wanderers,2,1,H,2.38,3.3,3.0,2.14,1.72,-0.25,2.07,1.8,0.0565,0.0386,0.0487
2022,2023-04-22,Liverpool,Nottingham Forest,3,2,H,1.17,7.5,17.0,1.45,2.78,-2.0,1.84,2.02,0.0469,0.0385,0.0494
2022,2023-04-23,Bournemouth,West Ham,0,4,A,2.88,3.2,2.55,2.12,1.73,0.0,2.0,1.85,0.0519,0.0405,0.0497
2022,2023-04-23,Newcastle United,Tottenham,6,1,H,1.83,3.75,4.2,1.83,2.0,-0.5,1.84,2.03,0.0512,0.0361,0.0464
2022,2023-04-25,Wolverhampton Wanderers,Crystal Palace,2,0,H,2.45,3.2,3.0,2.46,1.56,-0.25,2.13,1.76,0.054,0.0377,0.0475
2022,2023-04-25,Aston Villa,Fulham,1,0,H,1.75,4.0,4.2,1.81,2.03,-0.75,2.02,1.85,0.0595,0.0356,0.0451
2022,2023-04-25,Leeds,Leicester,1,1,D,2.3,3.5,3.0,1.75,2.11,-0.25,2.05,1.83,0.0538,0.0343,0.0454
2022,2023-04-26,Nottingham Forest,Brighton,3,1,H,6.0,4.2,1.53,1.74,2.11,1.0,1.96,1.89,0.0584,0.0393,0.0486
2022,2023-04-26,Chelsea,Brentford,0,2,A,1.7,4.0,4.75,1.95,1.87,-0.75,1.9,1.96,0.0488,0.0365,0.0476
2022,2023-04-26,West Ham,Liverpool,1,2,A,3.9,3.9,1.85,1.68,2.21,0.5,1.99,1.88,0.0534,0.0344,0.0477
2022,2023-04-26,Manchester City,Arsenal,4,1,H,1.55,4.5,5.25,1.6,2.35,-1.0,1.9,1.96,0.0579,0.0365,0.0505
2022,2023-04-27,Everton,Newcastle United,1,4,A,4.75,3.6,1.73,2.04,1.79,0.75,1.87,1.98,0.0663,0.0398,0.0489
2022,2023-04-27,Southampton,Bournemouth,0,1,A,2.25,3.4,3.2,2.01,1.82,-0.25,1.98,1.87,0.0511,0.0398,0.047
2022,2023-04-27,Tottenham,Manchester United,2,2,D,2.8,3.6,2.4,1.65,2.25,0.0,2.05,1.81,0.0516,0.0403,0.0505
2022,2023-04-29,Crystal Palace,West Ham,4,3,H,2.63,3.25,2.75,2.3,1.63,0.0,1.89,1.96,0.0516,0.0393,0.0483
2022,2023-04-29,Brentford,Nottingham Forest,2,1,H,1.65,3.8,5.5,1.95,1.87,-0.75,1.83,2.03,0.051,0.0391,0.0476
2022,2023-04-29,Brighton,Wolverhampton Wanderers,6,0,H,1.5,4.33,6.5,1.8,2.02,-1.0,1.83,2.03,0.0515,0.0391,0.0506
2022,2023-04-30,Bournemouth,Leeds,4,1,H,2.55,3.5,2.7,1.8,2.02,0.0,1.89,1.96,0.0482,0.0393,0.0506
2022,2023-04-30,Fulham,Manchester City,1,2,A,12.0,6.0,1.25,1.54,2.48,1.75,1.92,1.93,0.05,0.039,0.0526
2022,2023-04-30,Manchester United,Aston Villa,1,0,H,1.73,3.9,4.6,1.66,2.24,-0.75,1.99,1.86,0.0518,0.0401,0.0488
2022,2023-04-30,Newcastle United,Southampton,3,1,H,1.3,5.25,10.0,1.71,2.15,-1.5,1.93,1.91,0.0597,0.0417,0.0499
2022,2023-04-30,Liverpool,Tottenham,4,3,H,1.53,4.5,5.75,1.5,2.61,-1.0,1.83,2.03,0.0497,0.0391,0.0498
2022,2023-05-01,Leicester,Everton,2,2,D,2.0,3.5,3.75,2.02,1.8,-0.5,2.03,1.84,0.0524,0.0361,0.0506
2022,2023-05-02,Arsenal,Chelsea,3,1,H,1.6,4.0,5.5,1.75,2.1,-1.0,1.98,1.89,0.0568,0.0342,0.0476
2022,2023-05-03,Liverpool,Fulham,1,0,H,1.25,5.75,11.0,1.44,2.78,-1.75,1.91,1.95,0.0648,0.0364,0.0542
2022,2023-05-03,Manchester City,West Ham,3,0,H,1.2,7.0,13.0,1.45,2.76,-2.0,1.98,1.87,0.0531,0.0398,0.052
2022,2023-05-04,Brighton,Manchester United,1,0,H,1.95,3.5,3.75,1.56,2.45,-0.5,2.01,1.85,0.0652,0.0381,0.0492
2022,2023-05-06,Bournemouth,Chelsea,1,3,A,3.3,3.5,2.15,1.95,1.88,0.25,1.99,1.86,0.0539,0.0401,0.0447
2022,2023-05-06,Manchester City,Leeds,2,1,H,1.17,8.5,15.0,1.31,3.47,-2.25,1.94,1.91,0.039,0.039,0.0515
2022,2023-05-06,Tottenham,Crystal Palace,1,0,H,1.8,3.8,4.2,1.76,2.09,-0.75,2.04,1.82,0.0568,0.0396,0.0467
2022,2023-05-06,Wolverhampton Wanderers,Aston Villa,1,0,H,2.88,3.3,2.5,2.19,1.69,0.25,1.76,2.11,0.0503,0.0421,0.0483
2022,2023-05-06,Liverpool,Brentford,1,0,H,1.44,5.0,6.0,1.5,2.62,-1.25,2.01,1.85,0.0611,0.0381,0.0483
2022,2023-05-07,Newcastle United,Arsenal,0,2,A,2.45,3.75,2.63,1.64,2.29,0.0,1.84,2.04,0.0551,0.0337,0.0464
2022,2023-05-07,West Ham,Manchester United,1,0,H,3.4,3.75,2.05,1.67,2.23,0.25,2.06,1.8,0.0486,0.041,0.0472
2022,2023-05-08,Fulham,Leicester,5,3,H,2.63,3.5,2.6,1.83,2.01,0.0,1.96,1.9,0.0506,0.0365,0.044
2022,2023-05-08,Brighton,Everton,1,5,A,1.33,5.25,9.0,1.59,2.38,-1.5,2.0,1.87,0.0535,0.0348,0.0491
2022,2023-05-08,Nottingham Forest,Southampton,4,3,H,2.1,3.6,3.4,2.0,1.83,-0.25,1.83,2.02,0.0481,0.0415,0.0464
2022,2023-05-13,Leeds,Newcastle United,2,2,D,4.33,4.2,1.7,1.63,2.3,0.75,1.97,1.88,0.0573,0.0395,0.0483
2022,2023-05-13,Aston Villa,Tottenham,2,1,H,2.25,3.6,2.9,1.75,2.1,-0.25,1.98,1.87,0.067,0.0398,0.0476
2022,2023-05-13,Chelsea,Nottingham Forest,2,2,D,1.5,4.5,6.0,1.84,1.99,-1.0,1.84,2.02,0.0556,0.0385,0.046
2022,2023-05-13,Crystal Palace,Bournemouth,2,0,H,1.83,3.6,4.2,1.9,1.92,-0.5,1.87,2.0,0.0623,0.0348,0.0471
2022,2023-05-13,Manchester United,Wolverhampton Wanderers,2,0,H,1.36,5.0,7.5,1.65,2.25,-1.5,2.06,1.8,0.0686,0.041,0.0505
2022,2023-05-13,Southampton,Fulham,0,2,A,2.75,3.3,2.5,1.88,1.94,0.0,2.04,1.82,0.0667,0.0396,0.0474
2022,2023-05-14,Brentford,West Ham,2,0,H,2.0,3.5,3.6,1.95,1.87,-0.5,2.04,1.83,0.0635,0.0366,0.0476
2022,2023-05-14,Everton,Manchester City,0,3,A,9.0,4.75,1.36,1.64,2.27,1.5,1.85,2.02,0.0569,0.0356,0.0503
2022,2023-05-14,Arsenal,Brighton,0,3,A,1.73,4.2,4.2,1.53,2.51,-0.75,1.95,1.89,0.0542,0.0419,0.052
2022,2023-05-15,Leicester,Liverpool,0,3,A,5.25,4.33,1.57,1.49,2.63,1.0,1.92,1.94,0.0584,0.0363,0.0514
2022,2023-05-18,Newcastle United,Brighton,4,1,H,2.0,3.8,3.5,1.6,2.36,-0.5,2.01,1.85,0.0489,0.0381,0.0487
2022,2023-05-20,Tottenham,Brentford,1,3,A,1.83,3.9,4.0,1.75,2.1,-0.75,2.07,1.8,0.0529,0.0386,0.0476
2022,2023-05-20,Bournemouth,Manchester United,0,1,A,6.0,4.75,1.5,1.55,2.46,1.0,2.09,1.79,0.0439,0.0371,0.0517
2022,2023-05-20,Fulham,Crystal Palace,2,2,D,2.45,3.4,2.9,2.02,1.82,-0.25,2.08,1.79,0.0471,0.0394,0.0445
2022,2023-05-20,Liverpool,Aston Villa,1,1,D,1.45,5.0,6.25,1.54,2.47,-1.25,2.02,1.84,0.0497,0.0385,0.0542
2022,2023-05-20,Wolverhampton Wanderers,Everton,1,1,D,2.75,3.3,2.6,2.07,1.78,0.0,1.98,1.88,0.0513,0.037,0.0449
2022,2023-05-20,Nottingham Forest,Arsenal,1,0,H,5.25,4.33,1.57,1.57,2.41,1.0,1.9,1.96,0.0584,0.0365,0.0519
2022,2023-05-21,West Ham,Leeds,3,1,H,2.4,3.5,2.88,1.8,2.03,0.0,1.8,2.07,0.0496,0.0386,0.0482
2022,2023-05-21,Brighton,Southampton,3,1,H,1.22,7.0,11.0,1.41,2.91,-2.0,2.01,1.84,0.0534,0.041,0.0529
2022,2023-05-21,Manchester City,Chelsea,1,0,H,1.25,6.0,11.0,1.52,2.54,-1.75,1.92,1.93,0.0576,0.039,0.0516
2022,2023-05-22,Newcastle United,Leicester,0,0,D,1.36,5.5,7.0,1.51,2.57,-1.5,2.0,1.86,0.06,0.0376,0.0514
2022,2023-05-24,Brighton,Manchester City,1,1,D,4.0,4.33,1.75,1.52,2.55,0.75,1.85,1.99,0.0524,0.0431,0.0501
2022,2023-05-25,Manchester United,Chelsea,4,1,H,1.6,4.33,5.0,1.6,2.38,-1.0,2.03,1.84,0.0559,0.0361,0.0452
2022,2023-05-28,Arsenal,Wolverhampton Wanderers,5,0,H,1.36,5.25,8.0,1.46,2.71,-1.5,1.99,1.87,0.0508,0.0373,0.0539
2022,2023-05-28,Aston Villa,Brighton,2,1,H,2.0,3.6,3.5,1.53,2.52,-0.5,2.03,1.83,0.0635,0.0391,0.0504
2022,2023-05-28,Brentford,Manchester City,1,0,H,3.8,4.0,1.83,1.61,2.33,0.5,2.01,1.86,0.0596,0.0351,0.0503
2022,2023-05-28,Chelsea,Newcastle United,1,1,D,2.9,3.5,2.38,1.7,2.19,0.25,1.81,2.04,0.0507,0.0427,0.0449
2022,2023-05-28,Crystal Palace,Nottingham Forest,1,1,D,1.67,4.0,5.0,1.65,2.27,-0.75,1.85,2.0,0.0488,0.0405,0.0466
2022,2023-05-28,Everton,Bournemouth,1,0,H,1.5,4.5,6.5,1.68,2.22,-1.25,2.06,1.8,0.0427,0.041,0.0457
2022,2023-05-28,Leeds,Tottenham,1,4,A,2.75,3.8,2.3,1.5,2.6,0.25,1.8,2.05,0.0616,0.0434,0.0513
2022,2023-05-28,Leicester,West Ham,2,1,H,1.91,3.8,3.6,1.68,2.21,-0.5,1.93,1.92,0.0645,0.039,0.0477
2022,2023-05-28,Manchester United,Fulham,2,1,H,1.5,4.33,6.0,1.49,2.63,-1.0,1.84,2.01,0.0643,0.041,0.0514
2022,2023-05-28,Southampton,Liverpool,4,4,D,6.5,4.75,1.44,1.39,3.01,1.5,1.8,2.07,0.0588,0.0386,0.0517
2023,2023-08-11,Burnley,Manchester City,0,3,A,8.0,5.5,1.33,1.65,2.27,1.5,1.85,2.03,0.0587,0.0332,0.0466
2023,2023-08-12,Arsenal,Nottingham Forest,2,1,H,1.18,7.0,15.0,1.42,2.85,-2.0,1.87,1.99,0.057,0.0373,0.0551
2023,2023-08-12,Bournemouth,West Ham,1,1,D,2.7,3.4,2.55,1.88,1.94,0.0,1.94,1.92,0.0566,0.0363,0.0474
2023,2023-08-12,Brighton,Luton,4,1,H,1.33,5.5,9.0,1.61,2.34,-1.5,1.93,1.93,0.0448,0.0363,0.0485
2023,2023-08-12,Everton,Fulham,0,1,A,2.2,3.4,3.3,1.97,1.86,-0.25,1.92,1.93,0.0517,0.039,0.0452
2023,2023-08-12,Sheffield United,Crystal Palace,0,1,A,3.0,3.3,2.38,2.21,1.68,0.25,1.81,2.05,0.0565,0.0403,0.0477
2023,2023-08-12,Newcastle United,Aston Villa,5,1,H,1.75,3.75,4.6,1.76,2.09,-0.75,1.97,1.89,0.0555,0.0367,0.0467
2023,2023-08-13,Brentford,Tottenham,2,2,D,2.75,3.4,2.45,1.7,2.18,0.0,2.01,1.86,0.0659,0.0351,0.047
2023,2023-08-13,Chelsea,Liverpool,1,1,D,2.9,3.4,2.38,1.67,2.24,0.25,1.81,2.04,0.0591,0.0427,0.0452
2023,2023-08-14,Manchester United,Wolverhampton Wanderers,1,0,H,1.33,5.5,9.0,1.6,2.38,-1.5,1.89,1.97,0.0448,0.0367,0.0452
2023,2023-08-18,Nottingham Forest,Sheffield United,2,1,H,1.95,3.4,4.0,2.24,1.67,-0.5,1.96,1.91,0.0569,0.0338,0.0452
2023,2023-08-19,Fulham,Brentford,0,3,A,2.7,3.3,2.63,1.93,1.9,0.0,1.96,1.9,0.0536,0.0365,0.0445
2023,2023-08-19,Liverpool,Bournemouth,3,1,H,1.2,7.0,13.0,1.35,3.21,-2.0,2.02,1.85,0.0531,0.0356,0.0523
2023,2023-08-19,Wolverhampton Wanderers,Brighton,1,4,A,4.0,3.8,1.85,1.74,2.12,0.5,1.99,1.87,0.0537,0.0373,0.0464
2023,2023-08-19,Tottenham,Manchester United,2,0,H,2.8,3.6,2.38,1.57,2.44,0.25,1.81,2.05,0.0551,0.0403,0.0468
2023,2023-08-19,Manchester City,Newcastle United,1,0,H,1.67,4.0,5.0,1.72,2.15,-0.75,1.88,1.97,0.0488,0.0395,0.0465
2023,2023-08-20,Aston Villa,Everton,4,0,H,1.7,4.0,4.5,1.89,1.94,-0.75,1.89,1.96,0.0605,0.0393,0.0446
2023,2023-08-20,West Ham,Chelsea,3,1,H,3.75,3.5,2.0,1.92,1.91,0.5,1.82,2.06,0.0524,0.0349,0.0444
2023,2023-08-21,Crystal Palace,Arsenal,0,1,A,5.5,4.0,1.6,1.92,1.9,1.0,1.82,2.05,0.0568,0.0373,0.0471
2023,2023-08-25,Chelsea,Luton,3,0,H,1.29,5.5,11.0,1.66,2.27,-1.5,1.89,1.98,0.0479,0.0342,0.0429
2023,2023-08-26,Bournemouth,Tottenham,0,2,A,3.8,3.75,1.91,1.55,2.47,0.5,1.93,1.94,0.0534,0.0336,0.05
2023,2023-08-26,Arsenal,Fulham,2,2,D,1.2,7.0,13.0,1.48,2.67,-1.75,1.84,2.03,0.0531,0.0361,0.0502
2023,2023-08-26,Brentford,Crystal Palace,1,1,D,2.15,3.4,3.5,2.13,1.74,-0.25,1.84,2.02,0.0449,0.0385,0.0442
2023,2023-08-26,Everton,Wolverhampton Wanderers,0,1,A,2.3,3.3,3.2,2.12,1.74,-0.25,1.98,1.87,0.0503,0.0398,0.0464
2023,2023-08-26,Manchester United,Nottingham Forest,3,2,H,1.3,6.0,8.0,1.52,2.56,-1.5,1.88,1.98,0.0609,0.037,0.0485
2023,2023-08-26,Brighton,West Ham,1,3,A,1.53,4.75,5.25,1.49,2.63,-1.0,1.85,2.01,0.0546,0.0381,0.0514
2023,2023-08-27,Burnley,Aston Villa,1,3,A,3.4,3.4,2.15,1.85,1.99,0.25,1.99,1.85,0.0534,0.0431,0.0431
2023,2023-08-27,Sheffield United,Manchester City,1,2,A,13.0,8.0,1.17,1.57,2.41,2.0,1.92,1.94,0.0566,0.0363,0.0519
2023,2023-08-27,Newcastle United,Liverpool,1,2,A,2.2,3.75,3.0,1.49,2.64,-0.25,1.92,1.94,0.0545,0.0363,0.0499
2023,2023-09-01,Luton,West Ham,1,2,A,4.75,3.8,1.73,1.82,2.03,0.75,1.92,1.93,0.0517,0.039,0.0421
2023,2023-09-02,Sheffield United,Everton,2,2,D,2.9,3.25,2.5,2.26,1.66,0.0,2.11,1.78,0.0525,0.0357,0.0449
2023,2023-09-02,Brentford,Bournemouth,2,2,D,1.73,3.8,4.75,1.74,2.12,-0.75,1.91,1.95,0.0517,0.0364,0.0464
2023,2023-09-02,Burnley,Tottenham,2,5,A,3.6,4.0,1.85,1.64,2.31,0.5,1.98,1.88,0.0683,0.037,0.0427
2023,2023-09-02,Chelsea,Nottingham Forest,0,1,A,1.4,4.5,8.5,1.64,2.3,-1.25,1.84,2.03,0.0542,0.0361,0.0445
2023,2023-09-02,Manchester City,Fulham,5,1,H,1.17,8.0,15.0,1.4,2.95,-2.25,1.98,1.87,0.0464,0.0398,0.0533
2023,2023-09-02,Brighton,Newcastle United,3,1,H,2.5,3.8,2.55,1.49,2.65,0.0,1.92,1.93,0.0553,0.039,0.0485
2023,2023-09-03,Crystal Palace,Wolverhampton Wanderers,3,2,H,1.91,3.3,4.33,2.23,1.68,-0.5,1.95,1.91,0.0575,0.0364,0.0437
2023,2023-09-03,Liverpool,Aston Villa,3,0,H,1.65,4.5,4.5,1.41,2.94,-1.0,2.07,1.8,0.0505,0.0386,0.0494
2023,2023-09-03,Arsenal,Manchester United,3,1,H,1.75,3.8,4.5,1.55,2.47,-0.75,1.97,1.89,0.0568,0.0367,0.05
2023,2023-09-16,Wolverhampton Wanderers,Liverpool,1,3,A,6.0,5.0,1.45,1.48,2.66,1.25,1.9,1.96,0.0563,0.0365,0.0516
2023,2023-09-16,Aston Villa,Crystal Palace,3,1,H,1.91,3.6,4.0,1.87,1.97,-0.5,1.89,1.97,0.0513,0.0367,0.0424
2023,2023-09-16,Fulham,Luton,1,0,H,1.67,3.75,5.5,1.88,1.96,-0.75,1.85,2.01,0.0473,0.0381,0.0421
2023,2023-09-16,Manchester United,Brighton,1,3,A,2.15,4.0,2.88,1.42,2.87,-0.25,1.94,1.91,0.0623,0.039,0.0527
2023,2023-09-16,Tottenham,Sheffield United,2,1,H,1.29,5.5,11.0,1.48,2.66,-1.75,1.99,1.87,0.0479,0.0373,0.0516
2023,2023-09-16,West Ham,Manchester City,1,3,A,7.0,4.5,1.45,1.62,2.34,1.25,1.82,2.05,0.0547,0.0373,0.0446
2023,2023-09-16,Newcastle United,Brentford,1,0,H,1.53,4.2,6.0,1.67,2.24,-1.0,1.87,1.99,0.0584,0.0373,0.0452
2023,2023-09-17,Bournemouth,Chelsea,0,0,D,4.33,3.75,1.8,1.64,2.3,0.75,1.85,1.99,0.0532,0.0431,0.0445
2023,2023-09-17,Everton,Arsenal,0,1,A,6.0,4.5,1.5,1.65,2.27,1.0,2.02,1.85,0.0556,0.0356,0.0466
2023,2023-09-18,Nottingham Forest,Burnley,1,1,D,2.2,3.5,3.25,1.91,1.92,-0.25,1.93,1.92,0.048,0.039,0.0444
2023,2023-09-23,Crystal Palace,Fulham,0,0,D,1.91,3.4,4.2,2.05,1.8,-0.5,1.95,1.91,0.0558,0.0364,0.0434
2023,2023-09-23,Luton,Wolverhampton Wanderers,1,1,D,3.25,3.4,2.2,1.99,1.85,0.25,1.93,1.91,0.0564,0.0417,0.0431
2023,2023-09-23,Manchester City,Nottingham Forest,2,0,H,1.14,8.5,15.0,1.41,2.94,-2.25,1.98,1.88,0.0615,0.037,0.0494
2023,2023-09-23,Brentford,Everton,1,3,A,1.8,3.8,4.2,1.92,1.92,-0.75,2.03,1.83,0.0568,0.0391,0.0417
2023,2023-09-23,Burnley,Manchester United,0,1,A,4.2,4.2,1.73,1.61,2.36,0.75,1.91,1.93,0.0542,0.0417,0.0448
2023,2023-09-24,Arsenal,Tottenham,2,2,D,1.67,4.33,4.33,1.51,2.58,-0.75,1.86,1.99,0.0607,0.0401,0.0498
2023,2023-09-24,Brighton,Bournemouth,3,1,H,1.36,5.25,7.5,1.37,3.11,-1.5,1.98,1.88,0.0591,0.037,0.0515
2023,2023-09-24,Chelsea,Aston Villa,0,1,A,1.91,3.75,3.8,1.7,2.2,-0.5,1.9,1.97,0.0534,0.0339,0.0428
2023,2023-09-24,Liverpool,West Ham,3,1,H,1.4,5.0,7.0,1.4,2.96,-1.5,2.03,1.84,0.0571,0.0361,0.0521
2023,2023-09-24,Sheffield United,Newcastle United,0,8,A,7.0,4.75,1.44,1.66,2.25,1.25,1.88,1.97,0.0478,0.0395,0.0469
2023,2023-09-30,Aston Villa,Brighton,6,1,H,2.55,3.75,2.55,1.43,2.84,0.0,1.93,1.93,0.051,0.0363,0.0514
2023,2023-09-30,Bournemouth,Arsenal,0,4,A,5.5,4.5,1.53,1.54,2.49,1.0,2.01,1.85,0.0576,0.0381,0.051
2023,2023-09-30,Everton,Luton,1,2,A,1.57,3.8,6.5,2.02,1.82,-1.0,2.07,1.8,0.0539,0.0386,0.0445
2023,2023-09-30,Manchester United,Crystal Palace,0,1,A,1.55,4.2,5.75,1.77,2.08,-1.0,1.95,1.91,0.0572,0.0364,0.0457
2023,2023-09-30,Newcastle United,Burnley,2,0,H,1.3,5.75,9.0,1.53,2.52,-1.5,1.92,1.94,0.0543,0.0363,0.0504
2023,2023-09-30,West Ham,Sheffield United,2,0,H,1.45,4.5,7.0,1.64,2.29,-1.25,1.98,1.88,0.0547,0.037,0.0464
2023,2023-09-30,Wolverhampton Wanderers,Manchester City,2,1,H,8.0,5.75,1.33,1.53,2.51,1.5,1.94,1.92,0.0508,0.0363,0.052
2023,2023-09-30,Tottenham,Liverpool,2,1,H,2.9,4.0,2.15,1.39,3.02,0.25,1.92,1.93,0.0599,0.039,0.0506
2023,2023-10-01,Nottingham Forest,Brentford,1,1,D,2.75,3.1,2.7,2.09,1.76,0.0,1.98,1.87,0.0566,0.0398,0.0467
2023,2023-10-02,Fulham,Chelsea,0,2,A,3.6,3.5,2.05,1.93,1.89,0.5,1.82,2.05,0.0513,0.0373,0.0472
2023,2023-10-03,Luton,Burnley,1,2,A,2.9,3.0,2.63,2.24,1.67,0.0,2.03,1.83,0.0584,0.0391,0.0452
2023,2023-10-07,Luton,Tottenham,0,1,A,6.0,4.75,1.45,1.55,2.46,1.25,1.85,2.01,0.0668,0.0381,0.0517
2023,2023-10-07,Burnley,Chelsea,1,4,A,4.5,3.8,1.73,1.8,2.04,0.75,1.89,1.94,0.0634,0.0446,0.0458
2023,2023-10-07,Everton,Bournemouth,3,0,H,1.91,3.6,3.8,1.83,2.01,-0.5,1.96,1.9,0.0645,0.0365,0.044
2023,2023-10-07,Fulham,Sheffield United,3,1,H,1.62,3.8,6.0,1.93,1.9,-1.0,2.11,1.77,0.0471,0.0389,0.0445
2023,2023-10-07,Manchester United,Brentford,2,1,H,1.67,4.2,4.75,1.64,2.23,-0.75,1.85,2.0,0.0474,0.0405,0.0582
2023,2023-10-07,Crystal Palace,Nottingham Forest,0,0,D,2.2,3.1,3.6,2.28,1.65,-0.25,1.89,1.95,0.0549,0.0419,0.0447
2023,2023-10-08,Brighton,Liverpool,2,2,D,3.0,3.8,2.2,1.35,3.22,0.25,1.96,1.87,0.051,0.045,0.0513
2023,2023-10-08,West Ham,Newcastle United,2,2,D,3.2,3.75,2.1,1.72,2.15,0.25,2.01,1.83,0.0554,0.044,0.0465
2023,2023-10-08,Wolverhampton Wanderers,Aston Villa,1,1,D,3.5,3.4,2.1,1.8,2.04,0.25,2.0,1.84,0.056,0.0435,0.0458
2023,2023-10-08,Arsenal,Manchester City,1,0,H,2.9,3.3,2.4,1.78,2.05,0.25,1.79,2.07,0.0645,0.0418,0.0496
2023,2023-10-21,Liverpool,Everton,2,0,H,1.33,5.75,7.5,1.41,2.92,-1.5,1.95,1.91,0.0591,0.0364,0.0517
2023,2023-10-21,Bournemouth,Wolverhampton Wanderers,1,2,A,2.38,3.4,3.0,1.82,2.02,-0.25,2.06,1.8,0.0476,0.041,0.0445
2023,2023-10-21,Brentford,Burnley,3,0,H,1.83,3.75,4.2,1.92,1.92,-0.5,1.84,2.04,0.0512,0.0337,0.0417
2023,2023-10-21,Manchester City,Brighton,2,1,H,1.4,5.25,6.5,1.37,3.09,-1.25,1.84,2.02,0.0586,0.0385,0.0536
2023,2023-10-21,Newcastle United,Crystal Palace,4,0,H,1.45,4.5,7.0,1.82,2.03,-1.25,2.02,1.83,0.0547,0.0415,0.0421
2023,2023-10-21,Nottingham Forest,Luton,2,2,D,1.67,3.75,5.5,2.03,1.8,-0.75,1.88,1.96,0.0473,0.0421,0.0482
2023,2023-10-21,Chelsea,Arsenal,2,2,D,3.2,3.4,2.25,1.92,1.9,0.25,1.91,1.93,0.0511,0.0417,0.0471
2023,2023-10-21,Sheffield United,Manchester United,1,2,A,6.5,5.25,1.4,1.55,2.47,1.25,1.97,1.88,0.0586,0.0395,0.05
2023,2023-10-22,Aston Villa,West Ham,4,1,H,1.85,3.6,4.0,1.58,2.39,-0.5,1.89,1.97,0.0683,0.0367,0.0513
2023,2023-10-23,Tottenham,Fulham,2,0,H,1.5,4.5,6.0,1.51,2.55,-1.0,1.81,2.07,0.0556,0.0356,0.0544
2023,2023-10-27,Crystal Palace,Tottenham,1,2,A,4.5,3.75,1.75,1.89,1.96,0.75,1.86,1.99,0.0603,0.0401,0.0393
2023,2023-10-28,Chelsea,Brentford,0,2,A,1.65,4.0,5.25,1.81,2.04,-0.75,1.82,2.05,0.0465,0.0373,0.0427
2023,2023-10-28,Arsenal,Sheffield United,5,0,H,1.13,8.5,19.0,1.36,3.13,-2.5,2.05,1.82,0.0552,0.0373,0.0548
2023,2023-10-28,Bournemouth,Burnley,2,1,H,2.15,3.5,3.3,1.8,2.05,-0.25,1.84,2.02,0.0539,0.0385,0.0434
2023,2023-10-28,Wolverhampton Wanderers,Newcastle United,2,2,D,4.2,4.0,1.75,1.77,2.1,0.75,1.82,2.03,0.0595,0.0421,0.0412
2023,2023-10-29,West Ham,Everton,0,1,A,2.15,3.5,3.3,1.74,2.12,-0.25,1.86,1.99,0.0539,0.0401,0.0464
2023,2023-10-29,Aston Villa,Luton,3,1,H,1.25,6.5,9.5,1.51,2.59,-1.75,1.97,1.88,0.0591,0.0395,0.0484
2023,2023-10-29,Brighton,Fulham,1,1,D,1.55,4.2,5.5,1.5,2.59,-1.0,1.92,1.95,0.0651,0.0337,0.0528
2023,2023-10-29,Liverpool,Nottingham Forest,3,0,H,1.29,5.75,11.0,1.41,2.91,-1.75,1.93,1.92,0.04,0.039,0.0529
2023,2023-10-29,Manchester United,Manchester City,0,3,A,5.0,3.8,1.67,1.73,2.15,0.75,2.0,1.85,0.062,0.0405,0.0432
2023,2023-11-04,Fulham,Manchester United,0,1,A,3.2,3.6,2.2,1.79,2.05,0.25,1.96,1.89,0.0448,0.0393,0.0465
2023,2023-11-04,Brentford,West Ham,3,2,H,2.05,3.6,3.5,1.75,2.11,-0.25,1.79,2.06,0.0513,0.0441,0.0454
2023,2023-11-04,Burnley,Crystal Palace,0,2,A,2.75,3.25,2.6,2.23,1.68,0.0,2.02,1.86,0.0559,0.0327,0.0437
2023,2023-11-04,Everton,Brighton,1,1,D,3.1,3.6,2.2,1.59,2.41,0.25,1.93,1.92,0.0549,0.039,0.0439
2023,2023-11-04,Manchester City,Bournemouth,6,1,H,1.1,11.0,19.0,1.3,3.53,-2.5,1.86,2.01,0.0526,0.0351,0.0525
2023,2023-11-04,Sheffield United,Wolverhampton Wanderers,2,1,H,3.8,3.5,2.0,1.89,1.94,0.5,1.9,1.98,0.0489,0.0314,0.0446
2023,2023-11-04,Newcastle United,Arsenal,1,0,H,2.8,3.2,2.6,1.92,1.91,0.0,2.02,1.84,0.0543,0.0385,0.0444
2023,2023-11-05,Nottingham Forest,Aston Villa,2,0,H,4.2,3.75,1.85,1.76,2.1,0.5,2.0,1.88,0.0453,0.0319,0.0444
2023,2023-11-05,Luton,Liverpool,1,1,D,12.0,6.5,1.22,1.37,3.09,1.75,2.04,1.82,0.0569,0.0396,0.0536
2023,2023-11-06,Tottenham,Chelsea,1,4,A,2.0,3.75,3.5,1.71,2.16,-0.25,1.85,2.0,0.0524,0.0405,0.0478
2023,2023-11-11,Wolverhampton Wanderers,Tottenham,2,1,H,3.1,3.75,2.2,1.63,2.32,0.25,1.93,1.92,0.0438,0.039,0.0445
2023,2023-11-11,Arsenal,Burnley,3,1,H,1.18,7.0,17.0,1.49,2.62,-2.0,1.98,1.88,0.0491,0.037,0.0528
2023,2023-11-11,Crystal Palace,Everton,2,3,A,2.45,3.2,3.0,2.29,1.64,-0.25,2.07,1.8,0.054,0.0386,0.0464
2023,2023-11-11,Manchester United,Luton,1,0,H,1.33,5.25,9.5,1.53,2.52,-1.5,1.92,1.94,0.0476,0.0363,0.0504
2023,2023-11-11,Bournemouth,Newcastle United,2,0,H,4.75,4.0,1.73,1.69,2.2,0.75,1.93,1.92,0.0386,0.039,0.0463
2023,2023-11-12,Aston Villa,Fulham,3,1,H,1.57,4.2,5.5,1.69,2.19,-1.0,1.99,1.87,0.0569,0.0373,0.0483
2023,2023-11-12,Brighton,Sheffield United,1,1,D,1.25,5.75,13.0,1.41,2.94,-1.75,1.84,2.02,0.0508,0.0385,0.0494
2023,2023-11-12,Liverpool,Brentford,3,0,H,1.4,5.0,6.5,1.46,2.73,-1.25,1.88,1.97,0.0681,0.0395,0.0512
2023,2023-11-12,West Ham,Nottingham Forest,3,2,H,1.85,3.6,4.0,1.79,2.05,-0.5,1.88,1.99,0.0683,0.0344,0.0465
2023,2023-11-12,Chelsea,Manchester City,4,4,D,5.0,3.7,1.73,1.84,2.0,0.75,1.92,1.93,0.0483,0.039,0.0435
2023,2023-11-25,Manchester City,Liverpool,1,1,D,1.73,4.2,4.2,1.5,2.62,-0.75,1.92,1.94,0.0542,0.0363,0.0483
2023,2023-11-25,Burnley,West Ham,1,2,A,3.4,3.5,2.05,1.78,2.08,0.25,2.05,1.8,0.0676,0.0434,0.0426
2023,2023-11-25,Luton,Crystal Palace,2,1,H,3.6,3.3,2.1,2.16,1.72,0.25,2.05,1.81,0.057,0.0403,0.0444
2023,2023-11-25,Newcastle United,Chelsea,4,1,H,2.55,3.5,2.63,1.84,2.01,0.0,1.91,1.96,0.0581,0.0338,0.041
2023,2023-11-25,Nottingham Forest,Brighton,2,3,A,3.2,3.6,2.15,1.74,2.13,0.25,1.96,1.89,0.0554,0.0393,0.0442
2023,2023-11-25,Sheffield United,Bournemouth,1,3,A,3.2,3.5,2.2,1.83,2.02,0.25,1.96,1.88,0.0528,0.0421,0.0415
2023,2023-11-25,Brentford,Arsenal,0,1,A,4.5,3.75,1.75,1.88,1.96,0.75,1.87,1.97,0.0603,0.0424,0.0421
2023,2023-11-26,Tottenham,Aston Villa,1,2,A,2.3,3.8,2.8,1.5,2.59,-0.25,2.05,1.81,0.0551,0.0403,0.0528
2023,2023-11-26,Everton,Manchester United,0,3,A,2.7,3.4,2.55,1.82,2.03,0.0,2.0,1.87,0.0566,0.0348,0.0421
2023,2023-11-27,Fulham,Wolverhampton Wanderers,3,2,H,2.38,3.3,3.0,2.1,1.76,-0.25,2.07,1.8,0.0565,0.0386,0.0444
2023,2023-12-02,Arsenal,Wolverhampton Wanderers,2,1,H,1.25,5.5,12.0,1.65,2.27,-1.5,1.82,2.06,0.0652,0.0349,0.0466
2023,2023-12-02,Brentford,Luton,3,1,H,1.45,4.5,6.5,1.72,2.13,-1.25,2.03,1.84,0.0657,0.0361,0.0509
2023,2023-12-02,Burnley,Sheffield United,5,0,H,1.8,3.6,4.5,2.0,1.84,-0.75,2.06,1.8,0.0556,0.041,0.0435
2023,2023-12-02,Nottingham Forest,Everton,0,1,A,2.75,3.25,2.6,2.04,1.8,0.0,2.0,1.86,0.0559,0.0376,0.0458
2023,2023-12-02,Newcastle United,Manchester United,1,0,H,1.91,3.75,3.8,1.71,2.19,-0.5,1.93,1.94,0.0534,0.0336,0.0414
2023,2023-12-03,Bournemouth,Aston Villa,2,2,D,3.4,4.0,1.95,1.52,2.54,0.5,1.9,1.97,0.0569,0.0339,0.0516
2023,2023-12-03,Chelsea,Brighton,3,2,H,1.73,4.2,4.2,1.53,2.44,-0.75,1.92,1.93,0.0542,0.039,0.0634
2023,2023-12-03,Liverpool,Fulham,4,3,H,1.25,6.5,9.0,1.41,2.93,-1.75,1.9,1.95,0.065,0.0391,0.0505
2023,2023-12-03,West Ham,Crystal Palace,1,1,D,2.0,3.5,3.8,2.0,1.84,-0.5,2.02,1.86,0.0489,0.0327,0.0435
2023,2023-12-03,Manchester City,Tottenham,3,3,D,1.29,6.0,9.0,1.36,3.14,-1.75,1.95,1.9,0.053,0.0391,0.0538
2023,2023-12-05,Wolverhampton Wanderers,Burnley,1,0,H,1.85,3.6,4.2,2.0,1.85,-0.5,1.89,1.99,0.0564,0.0316,0.0405
2023,2023-12-05,Luton,Arsenal,3,4,A,17.0,7.0,1.18,1.64,2.28,1.75,2.01,1.86,0.0491,0.0351,0.0484
2023,2023-12-06,Brighton,Brentford,2,1,H,1.91,3.8,3.75,1.63,2.32,-0.5,1.92,1.94,0.0534,0.0363,0.0445
2023,2023-12-06,Crystal Palace,Bournemouth,0,2,A,2.25,3.5,3.1,1.98,1.86,-0.25,1.95,1.9,0.0527,0.0391,0.0427
2023,2023-12-06,Fulham,Nottingham Forest,5,0,H,2.0,3.4,3.75,2.05,1.81,-0.5,2.04,1.84,0.0608,0.0337,0.0403
2023,2023-12-06,Sheffield United,Liverpool,0,2,A,12.0,7.5,1.2,1.32,3.4,2.0,2.01,1.86,0.05,0.0351,0.0517
2023,2023-12-06,Aston Villa,Manchester City,1,0,H,4.75,4.2,1.7,1.51,2.57,0.75,1.94,1.9,0.0369,0.0418,0.0514
2023,2023-12-06,Manchester United,Chelsea,2,1,H,2.88,3.4,2.45,1.65,2.28,0.25,1.78,2.08,0.0495,0.0426,0.0447
2023,2023-12-07,Everton,Newcastle United,3,0,H,3.25,3.25,2.25,1.92,1.91,0.25,1.87,1.98,0.0598,0.0398,0.0444
2023,2023-12-07,Tottenham,West Ham,1,2,A,1.75,4.2,4.2,1.5,2.61,-0.75,1.99,1.87,0.0476,0.0373,0.0498
2023,2023-12-09,Crystal Palace,Liverpool,1,2,A,6.0,4.5,1.5,1.65,2.28,1.0,2.03,1.84,0.0556,0.0361,0.0447
2023,2023-12-09,Brighton,Burnley,1,1,D,1.5,4.75,6.0,1.59,2.4,-1.0,1.79,2.08,0.0439,0.0394,0.0456
2023,2023-12-09,Manchester United,Bournemouth,0,3,A,1.55,4.33,5.75,1.51,2.56,-1.0,1.89,1.98,0.05,0.0342,0.0529
2023,2023-12-09,Sheffield United,Brentford,1,0,H,4.2,3.8,1.75,1.91,1.93,0.75,1.83,2.02,0.0727,0.0415,0.0417
2023,2023-12-09,Wolverhampton Wanderers,Nottingham Forest,1,1,D,1.85,3.6,4.33,2.0,1.83,-0.5,1.87,2.0,0.0493,0.0348,0.0464
2023,2023-12-09,Aston Villa,Arsenal,1,0,H,3.3,3.6,2.1,1.72,2.15,0.25,2.03,1.82,0.057,0.0421,0.0465
2023,2023-12-10,Everton,Chelsea,2,0,H,3.1,3.5,2.25,1.78,2.05,0.25,1.85,1.99,0.0527,0.0431,0.0496
2023,2023-12-10,Fulham,West Ham,5,0,H,2.38,3.5,2.9,1.85,1.98,-0.25,2.05,1.81,0.0507,0.0403,0.0456
2023,2023-12-10,Luton,Manchester City,1,2,A,17.0,8.0,1.14,1.38,2.99,2.25,1.9,1.95,0.061,0.0391,0.0591
2023,2023-12-10,Tottenham,Newcastle United,4,1,H,2.15,3.8,3.1,1.53,2.49,-0.25,1.92,1.92,0.0509,0.0417,0.0552
2023,2023-12-15,Nottingham Forest,Tottenham,0,2,A,4.2,4.2,1.73,1.63,2.32,0.75,1.92,1.93,0.0542,0.039,0.0445
2023,2023-12-16,Chelsea,Sheffield United,2,0,H,1.22,6.5,13.0,1.52,2.54,-1.75,1.9,1.95,0.0504,0.0391,0.0516
2023,2023-12-16,Manchester City,Crystal Palace,2,2,D,1.18,8.0,13.0,1.46,2.71,-2.0,1.88,1.99,0.0494,0.0344,0.0539
2023,2023-12-16,Newcastle United,Fulham,3,0,H,1.8,3.8,4.0,1.72,2.16,-0.5,1.87,2.01,0.0687,0.0323,0.0444
2023,2023-12-16,Burnley,Everton,0,2,A,3.6,3.4,2.1,2.02,1.81,0.25,2.03,1.82,0.0481,0.0421,0.0475
2023,2023-12-17,Arsenal,Brighton,2,0,H,1.44,5.0,6.0,1.58,2.36,-1.25,2.03,1.83,0.0611,0.0391,0.0566
2023,2023-12-17,Brentford,Aston Villa,1,2,A,3.2,3.75,2.1,1.69,2.18,0.25,1.97,1.87,0.0554,0.0424,0.0504
2023,2023-12-17,West Ham,Wolverhampton Wanderers,3,0,H,2.15,3.5,3.3,1.9,1.93,-0.25,1.85,2.0,0.0539,0.0405,0.0445
2023,2023-12-17,Liverpool,Manchester United,0,0,D,1.3,6.0,8.0,1.32,3.39,-1.5,1.82,2.06,0.0609,0.0349,0.0526
2023,2023-12-21,Crystal Palace,Brighton,1,1,D,3.3,3.3,2.15,1.92,1.92,0.25,1.96,1.88,0.0712,0.0421,0.0417
2023,2023-12-22,Aston Villa,Sheffield United,1,1,D,1.22,6.5,12.0,1.46,2.74,-1.75,1.9,1.96,0.0569,0.0365,0.0499
2023,2023-12-23,West Ham,Manchester United,2,0,H,2.6,3.6,2.6,1.68,2.22,0.0,1.95,1.92,0.047,0.0337,0.0457
2023,2023-12-23,Fulham,Burnley,0,2,A,1.67,3.75,5.25,1.87,1.97,-0.75,1.89,1.96,0.0559,0.0393,0.0424
2023,2023-12-23,Luton,Newcastle United,1,0,H,4.75,4.2,1.65,1.77,2.06,0.75,2.04,1.81,0.0547,0.0427,0.0504
2023,2023-12-23,Nottingham Forest,Bournemouth,2,3,A,2.75,3.4,2.55,1.89,1.95,0.0,2.0,1.86,0.0499,0.0376,0.0419
2023,2023-12-23,Tottenham,Everton,2,1,H,1.75,4.2,4.0,1.54,2.48,-0.75,1.99,1.86,0.0595,0.0401,0.0526
2023,2023-12-23,Liverpool,Arsenal,1,1,D,2.38,3.6,2.8,1.69,2.2,-0.25,2.08,1.79,0.0551,0.0394,0.0463
2023,2023-12-24,Wolverhampton Wanderers,Chelsea,2,1,H,3.75,3.75,1.91,1.83,2.02,0.5,1.89,1.97,0.0569,0.0367,0.0415
2023,2023-12-26,Newcastle United,Nottingham Forest,1,3,A,1.5,4.33,5.75,1.78,2.02,-1.0,1.86,2.0,0.0715,0.0376,0.0568
2023,2023-12-26,Bournemouth,Fulham,3,0,H,2.15,3.6,3.2,1.76,2.08,-0.25,1.91,1.94,0.0554,0.039,0.049
2023,2023-12-26,Sheffield United,Luton,2,3,A,2.3,3.3,3.1,2.11,1.75,-0.25,2.05,1.82,0.0604,0.0373,0.0454
2023,2023-12-26,Burnley,Liverpool,0,2,A,6.5,5.25,1.4,1.45,2.73,1.5,1.83,2.04,0.0586,0.0366,0.056
2023,2023-12-26,Manchester United,Aston Villa,3,2,H,2.6,3.5,2.6,1.63,2.33,0.0,1.96,1.93,0.0549,0.0283,0.0427
2023,2023-12-27,Brentford,Wolverhampton Wanderers,1,4,A,1.95,3.5,4.2,1.97,1.86,-0.5,1.96,1.91,0.0366,0.0338,0.0452
2023,2023-12-27,Chelsea,Crystal Palace,2,1,H,1.67,4.0,5.0,1.89,1.94,-0.75,1.89,1.96,0.0488,0.0393,0.0446
2023,2023-12-27,Everton,Manchester City,1,3,A,5.75,4.0,1.57,1.74,2.11,1.0,1.88,1.99,0.0609,0.0344,0.0486
2023,2023-12-28,Brighton,Tottenham,4,2,H,2.5,3.6,2.6,1.45,2.76,0.0,1.91,1.95,0.0624,0.0364,0.052
2023,2023-12-28,Arsenal,West Ham,0,2,A,1.33,5.5,7.5,1.58,2.4,-1.5,2.0,1.87,0.067,0.0348,0.0496
2023,2023-12-30,Luton,Chelsea,2,3,A,6.5,4.2,1.5,1.66,2.27,1.0,2.01,1.86,0.0586,0.0351,0.0429
2023,2023-12-30,Aston Villa,Burnley,3,2,H,1.36,5.25,7.5,1.57,2.43,-1.5,2.03,1.84,0.0591,0.0361,0.0485
2023,2023-12-30,Crystal Palace,Brentford,3,1,H,2.2,3.3,3.4,2.17,1.71,-0.25,1.89,1.96,0.0517,0.0393,0.0456
2023,2023-12-30,Manchester City,Sheffield United,2,0,H,1.08,11.0,29.0,1.32,3.42,-2.75,1.97,1.88,0.0513,0.0395,0.05
2023,2023-12-30,Wolverhampton Wanderers,Everton,3,0,H,2.63,3.3,2.7,2.03,1.81,0.0,1.9,1.97,0.0536,0.0339,0.0451
2023,2023-12-30,Nottingham Forest,Manchester United,2,1,H,3.2,3.6,2.15,1.76,2.1,0.25,1.98,1.86,0.0554,0.0427,0.0444
2023,2023-12-31,Fulham,Arsenal,2,1,H,5.25,4.5,1.55,1.76,2.1,1.0,1.9,1.97,0.0579,0.0339,0.0444
2023,2023-12-31,Tottenham,Bournemouth,3,1,H,1.75,4.2,4.0,1.4,2.96,-0.75,1.95,1.9,0.0595,0.0391,0.0521
2023,2024-01-01,Liverpool,Newcastle United,4,2,H,1.45,4.5,7.0,1.45,2.78,-1.25,1.95,1.9,0.0547,0.0391,0.0494
2023,2024-01-02,West Ham,Brighton,0,0,D,2.45,3.75,2.75,1.62,2.34,0.0,1.85,2.03,0.0385,0.0332,0.0446
2023,2024-01-12,Burnley,Luton,1,1,D,2.0,3.6,3.6,1.92,1.88,-0.5,2.03,1.85,0.0556,0.0332,0.0527
2023,2024-01-13,Chelsea,Fulham,1,0,H,1.6,4.2,5.25,1.64,2.3,-1.0,2.07,1.81,0.0536,0.0356,0.0445
2023,2024-01-13,Newcastle United,Manchester City,2,3,A,5.5,4.33,1.55,1.61,2.35,1.0,1.92,1.94,0.0579,0.0363,0.0466
2023,2024-01-14,Everton,Aston Villa,0,0,D,2.8,3.5,2.45,1.71,2.17,0.25,1.76,2.11,0.051,0.0421,0.0456
2023,2024-01-14,Manchester United,Tottenham,2,2,D,2.2,3.75,3.0,1.47,2.72,-0.25,1.92,1.92,0.0545,0.0417,0.0479
2023,2024-01-20,Arsenal,Crystal Palace,5,0,H,1.3,5.75,9.0,1.75,2.1,-1.5,1.89,1.98,0.0543,0.0342,0.0476
2023,2024-01-20,Brentford,Nottingham Forest,3,2,H,1.91,3.6,4.0,1.84,2.0,-0.5,1.89,1.98,0.0513,0.0342,0.0435
2023,2024-01-21,Sheffield United,West Ham,2,2,D,3.4,3.3,2.2,2.05,1.79,0.25,1.98,1.85,0.0517,0.0456,0.0465
2023,2024-01-21,Bournemouth,Liverpool,0,4,A,4.2,4.5,1.7,1.47,2.68,0.75,1.95,1.87,0.0486,0.0476,0.0534
2023,2024-01-22,Brighton,Wolverhampton Wanderers,0,0,D,1.65,4.33,5.0,1.63,2.29,-1.0,2.07,1.79,0.037,0.0418,0.0502
2023,2024-01-30,Nottingham Forest,Arsenal,1,2,A,7.5,5.0,1.4,1.65,2.29,1.25,2.02,1.85,0.0476,0.0356,0.0427
2023,2024-01-30,Fulham,Everton,0,0,D,2.45,3.2,3.0,2.03,1.8,-0.25,2.08,1.8,0.054,0.0363,0.0482
2023,2024-01-30,Luton,Brighton,4,0,H,4.2,4.2,1.75,1.65,2.28,0.75,1.88,1.96,0.0476,0.0421,0.0447
2023,2024-01-30,Crystal Palace,Sheffield United,3,2,H,1.62,3.6,6.5,2.09,1.77,-0.75,1.81,2.06,0.0489,0.0379,0.0434
2023,2024-01-30,Aston Villa,Newcastle United,1,3,A,1.85,4.0,3.8,1.51,2.57,-0.5,1.86,2.03,0.0537,0.0302,0.0514
2023,2024-01-31,Manchester City,Burnley,3,1,H,1.08,12.0,21.0,1.34,3.31,-2.5,1.89,1.98,0.0569,0.0342,0.0484
2023,2024-01-31,Tottenham,Brentford,3,2,H,1.67,4.2,4.75,1.5,2.59,-0.75,1.83,2.03,0.0474,0.0391,0.0528
2023,2024-01-31,Liverpool,Chelsea,4,1,H,1.57,4.33,5.25,1.45,2.77,-1.0,1.93,1.93,0.0584,0.0363,0.0507
2023,2024-02-01,West Ham,Bournemouth,1,1,D,2.4,3.75,2.75,1.65,2.27,-0.25,2.09,1.76,0.047,0.0467,0.0466
2023,2024-02-01,Wolverhampton Wanderers,Manchester United,3,4,A,2.63,3.6,2.55,1.76,2.09,0.0,1.98,1.89,0.0502,0.0342,0.0467
2023,2024-02-03,Everton,Tottenham,2,2,D,3.0,3.6,2.25,1.64,2.29,0.25,1.84,2.01,0.0556,0.041,0.0464
2023,2024-02-03,Brighton,Crystal Palace,4,1,H,1.7,4.0,4.75,1.73,2.14,-0.75,1.89,1.96,0.0488,0.0393,0.0453
2023,2024-02-03,Burnley,Fulham,2,2,D,2.9,3.4,2.38,1.93,1.9,0.25,1.79,2.06,0.0591,0.0441,0.0445
2023,2024-02-03,Newcastle United,Luton,4,4,D,1.44,4.75,6.5,1.58,2.43,-1.25,1.93,1.93,0.0588,0.0363,0.0444
2023,2024-02-03,Sheffield United,Aston Villa,0,5,A,5.25,4.2,1.62,1.63,2.31,1.0,1.81,2.07,0.0459,0.0356,0.0464
2023,2024-02-04,Bournemouth,Nottingham Forest,1,1,D,1.7,4.2,4.5,1.65,2.26,-0.75,1.87,1.96,0.0486,0.045,0.0485
2023,2024-02-04,Chelsea,Wolverhampton Wanderers,2,4,A,1.62,4.0,5.5,1.69,2.19,-1.0,2.05,1.82,0.0491,0.0373,0.0483
2023,2024-02-04,Manchester United,West Ham,3,0,H,1.62,4.2,5.0,1.62,2.33,-0.75,1.8,2.05,0.0554,0.0434,0.0465
2023,2024-02-04,Arsenal,Liverpool,3,1,H,2.2,3.6,3.1,1.67,2.23,-0.25,1.93,1.91,0.0549,0.0417,0.0472
2023,2024-02-05,Brentford,Manchester City,1,3,A,7.0,4.75,1.4,1.57,2.42,1.25,1.95,1.89,0.0677,0.0419,0.0502
2023,2024-02-10,Manchester City,Everton,2,0,H,1.18,8.0,13.0,1.44,2.78,-2.0,2.01,1.86,0.0494,0.0351,0.0542
2023,2024-02-10,Fulham,Bournemouth,3,1,H,2.38,3.5,2.8,1.74,2.12,-0.25,2.07,1.79,0.063,0.0418,0.0464
2023,2024-02-10,Liverpool,Burnley,3,1,H,1.17,8.0,17.0,1.33,3.37,-2.25,1.97,1.88,0.0385,0.0395,0.0486
2023,2024-02-10,Luton,Sheffield United,1,3,A,1.75,3.75,4.75,1.83,2.02,-0.75,1.98,1.88,0.0486,0.037,0.0415
2023,2024-02-10,Tottenham,Brighton,2,1,H,1.8,4.2,3.8,1.38,3.02,-0.75,2.02,1.84,0.0568,0.0385,0.0558
2023,2024-02-10,Wolverhampton Wanderers,Brentford,0,2,A,2.1,3.6,3.4,1.76,2.09,-0.25,1.82,2.04,0.0481,0.0396,0.0467
2023,2024-02-10,Nottingham Forest,Newcastle United,2,3,A,3.3,3.75,2.05,1.71,2.16,0.25,2.0,1.84,0.0575,0.0435,0.0478
2023,2024-02-11,West Ham,Arsenal,0,6,A,6.0,4.33,1.53,1.67,2.22,1.0,1.94,1.91,0.0512,0.039,0.0493
2023,2024-02-11,Aston Villa,Manchester United,1,2,A,2.15,3.75,3.1,1.55,2.46,-0.25,1.89,1.95,0.0544,0.0419,0.0517
2023,2024-02-12,Crystal Palace,Chelsea,1,3,A,4.2,3.8,1.85,1.83,2.0,0.5,2.03,1.84,0.0418,0.0361,0.0464
2023,2024-02-17,Brentford,Liverpool,1,4,A,5.5,4.33,1.57,1.5,2.61,1.0,1.91,1.95,0.0497,0.0364,0.0498
2023,2024-02-17,Burnley,Arsenal,0,5,A,10.0,5.75,1.29,1.6,2.37,1.5,1.98,1.89,0.0491,0.0342,0.0469
2023,2024-02-17,Fulham,Aston Villa,1,2,A,2.9,3.75,2.2,1.62,2.33,0.25,1.86,1.99,0.066,0.0401,0.0465
2023,2024-02-17,Newcastle United,Bournemouth,2,2,D,1.83,4.2,3.75,1.47,2.68,-0.5,1.85,2.02,0.0512,0.0356,0.0534
2023,2024-02-17,Nottingham Forest,West Ham,2,0,H,2.38,3.5,2.9,1.85,1.99,-0.25,2.08,1.79,0.0507,0.0394,0.0431
2023,2024-02-17,Tottenham,Wolverhampton Wanderers,1,2,A,1.53,4.75,5.25,1.43,2.82,-1.0,1.86,2.01,0.0546,0.0351,0.0539
2023,2024-02-17,Manchester City,Chelsea,1,1,D,1.33,5.5,8.0,1.46,2.73,-1.5,1.94,1.92,0.0587,0.0363,0.0512
2023,2024-02-18,Sheffield United,Brighton,0,5,A,5.0,4.2,1.62,1.57,2.42,1.0,1.81,2.06,0.0554,0.0379,0.0502
2023,2024-02-18,Luton,Manchester United,1,2,A,4.0,4.0,1.8,1.58,2.41,0.75,1.84,1.99,0.0556,0.046,0.0478
2023,2024-02-19,Everton,Crystal Palace,1,1,D,1.7,3.6,5.25,2.16,1.7,-0.75,1.92,1.91,0.0565,0.0444,0.0512
2023,2024-02-20,Manchester City,Brentford,1,0,H,1.18,8.0,13.0,1.34,3.26,-2.0,1.81,2.07,0.0494,0.0356,0.053
2023,2024-02-21,Liverpool,Luton,4,1,H,1.2,7.0,13.0,1.3,3.51,-2.0,1.87,2.0,0.0531,0.0348,0.0541
2023,2024-02-24,Aston Villa,Nottingham Forest,4,2,H,1.53,4.5,5.75,1.57,2.42,-1.0,1.91,1.95,0.0497,0.0364,0.0502
2023,2024-02-24,Brighton,Everton,1,1,D,1.83,3.8,4.2,1.67,2.24,-0.5,1.83,2.05,0.0477,0.0343,0.0452
2023,2024-02-24,Crystal Palace,Burnley,3,0,H,1.95,3.5,4.0,2.12,1.74,-0.5,2.0,1.87,0.0485,0.0348,0.0464
2023,2024-02-24,Manchester United,Fulham,1,2,A,1.57,4.33,5.5,1.57,2.43,-1.0,1.96,1.9,0.0497,0.0365,0.0485
2023,2024-02-24,Bournemouth,Manchester City,0,1,A,7.0,5.25,1.4,1.49,2.64,1.25,1.97,1.88,0.0476,0.0395,0.0499
2023,2024-02-24,Arsenal,Newcastle United,4,1,H,1.36,5.25,8.0,1.48,2.67,-1.5,2.04,1.84,0.0508,0.0337,0.0502
2023,2024-02-25,Wolverhampton Wanderers,Sheffield United,1,0,H,1.44,4.75,7.0,1.66,2.26,-1.25,2.01,1.84,0.0478,0.041,0.0449
2023,2024-02-26,West Ham,Brentford,4,2,H,2.5,3.5,2.75,1.72,2.12,0.0,1.86,2.0,0.0494,0.0376,0.0531
2023,2024-03-02,Brentford,Chelsea,2,2,D,3.1,3.75,2.15,1.54,2.48,0.25,1.94,1.89,0.0544,0.0446,0.0526
2023,2024-03-02,Everton,West Ham,1,3,A,2.05,3.6,3.5,1.87,1.95,-0.25,1.8,2.06,0.0513,0.041,0.0476
2023,2024-03-02,Fulham,Brighton,3,0,H,2.55,3.6,2.63,1.64,2.31,0.0,1.92,1.95,0.0502,0.0337,0.0427
2023,2024-03-02,Newcastle United,Wolverhampton Wanderers,3,0,H,1.91,4.0,3.6,1.59,2.39,-0.5,1.89,1.98,0.0513,0.0342,0.0473
2023,2024-03-02,Nottingham Forest,Liverpool,0,1,A,6.0,4.33,1.53,1.48,2.65,1.0,2.01,1.86,0.0512,0.0351,0.053
2023,2024-03-02,Tottenham,Crystal Palace,3,1,H,1.5,4.33,6.5,1.52,2.48,-1.25,2.04,1.81,0.0515,0.0427,0.0611
2023,2024-03-02,Luton,Aston Villa,2,3,A,4.33,4.2,1.73,1.46,2.73,0.75,1.94,1.9,0.0471,0.0418,0.0512
2023,2024-03-03,Burnley,Bournemouth,0,2,A,3.75,3.6,1.95,1.71,2.18,0.5,1.91,1.95,0.0573,0.0364,0.0435
2023,2024-03-03,Manchester City,Manchester United,3,1,H,1.25,5.75,11.0,1.38,3.04,-1.75,1.9,1.93,0.0648,0.0445,0.0536
2023,2024-03-04,Sheffield United,Arsenal,0,6,A,17.0,7.0,1.18,1.42,2.85,2.0,2.04,1.83,0.0491,0.0366,0.0551
2023,2024-03-09,Manchester United,Everton,2,0,H,1.83,3.6,4.0,1.68,2.23,-0.5,1.85,2.03,0.0742,0.0332,0.0437
2023,2024-03-09,Bournemouth,Sheffield United,2,2,D,1.33,5.25,8.0,1.53,2.52,-1.5,1.96,1.91,0.0674,0.0338,0.0504
2023,2024-03-09,Crystal Palace,Luton,1,1,D,1.75,3.8,4.2,1.79,2.05,-0.75,1.99,1.86,0.0727,0.0401,0.0465
2023,2024-03-09,Wolverhampton Wanderers,Fulham,2,1,H,2.5,3.4,2.75,1.9,1.94,0.0,1.83,2.04,0.0578,0.0366,0.0418
2023,2024-03-09,Arsenal,Brentford,2,1,H,1.22,7.0,11.0,1.44,2.78,-1.75,1.85,2.02,0.0534,0.0356,0.0542
2023,2024-03-10,Aston Villa,Tottenham,0,4,A,2.38,4.0,2.6,1.36,3.19,0.0,1.86,2.02,0.0548,0.0327,0.0488
2023,2024-03-10,Brighton,Nottingham Forest,1,0,H,1.8,4.0,4.0,1.62,2.32,-0.75,1.99,1.85,0.0556,0.0431,0.0483
2023,2024-03-10,West Ham,Burnley,2,2,D,1.67,4.0,4.75,1.72,2.15,-0.75,1.84,2.0,0.0593,0.0435,0.0465
2023,2024-03-10,Liverpool,Manchester City,1,1,D,3.0,3.75,2.2,1.5,2.59,0.25,1.88,1.95,0.0545,0.0447,0.0528
2023,2024-03-11,Chelsea,Newcastle United,3,2,H,1.91,4.0,3.6,1.46,2.71,-0.5,1.95,1.92,0.0513,0.0337,0.0539
2023,2024-03-13,Bournemouth,Luton,4,3,H,1.5,4.75,5.75,1.47,2.71,-1.25,2.03,1.83,0.0511,0.0391,0.0493
2023,2024-03-16,Burnley,Brentford,2,1,H,3.25,3.6,2.15,1.75,2.1,0.25,1.96,1.87,0.0506,0.045,0.0476
2023,2024-03-16,Luton,Nottingham Forest,1,1,D,2.8,3.5,2.45,1.68,2.22,0.25,1.77,2.08,0.051,0.0457,0.0457
2023,2024-03-16,Fulham,Tottenham,3,0,H,3.5,3.8,1.95,1.49,2.62,0.5,1.86,2.0,0.0617,0.0376,0.0528
2023,2024-03-17,West Ham,Aston Villa,1,1,D,2.63,3.75,2.45,1.56,2.44,0.0,1.99,1.88,0.0551,0.0344,0.0509
2023,2024-03-30,Newcastle United,West Ham,4,3,H,1.83,4.2,3.8,1.51,2.59,-0.75,2.05,1.82,0.0477,0.0373,0.0484
2023,2024-03-30,Bournemouth,Everton,2,1,H,2.2,3.6,3.2,1.73,2.13,-0.25,1.9,1.95,0.0448,0.0391,0.0475
2023,2024-03-30,Chelsea,Burnley,2,2,D,1.29,6.0,9.5,1.48,2.67,-1.75,2.07,1.8,0.0471,0.0386,0.0502
2023,2024-03-30,Nottingham Forest,Crystal Palace,1,1,D,2.2,3.3,3.4,2.09,1.76,-0.25,1.93,1.92,0.0517,0.039,0.0467
2023,2024-03-30,Sheffield United,Fulham,3,3,D,4.5,4.0,1.73,1.68,2.22,0.75,1.94,1.9,0.0503,0.0418,0.0457
2023,2024-03-30,Tottenham,Luton,2,1,H,1.2,8.0,11.0,1.25,3.94,-2.0,1.9,1.96,0.0492,0.0365,0.0538
2023,2024-03-30,Aston Villa,Wolverhampton Wanderers,2,0,H,1.6,4.33,5.0,1.56,2.44,-1.0,2.07,1.8,0.0559,0.0386,0.0509
2023,2024-03-30,Brentford,Manchester United,1,1,D,3.0,3.8,2.2,1.54,2.48,0.25,1.93,1.91,0.051,0.0417,0.0526
2023,2024-03-31,Liverpool,Brighton,2,1,H,1.36,5.5,7.5,1.36,3.16,-1.5,1.97,1.89,0.0504,0.0367,0.0517
2023,2024-03-31,Manchester City,Arsenal,0,0,D,1.91,3.8,3.8,1.74,2.12,-0.5,1.92,1.95,0.0499,0.0337,0.0464
2023,2024-04-02,Newcastle United,Everton,1,1,D,2.0,3.75,3.5,1.67,2.24,-0.5,2.01,1.87,0.0524,0.0323,0.0452
2023,2024-04-02,Nottingham Forest,Fulham,3,1,H,2.7,3.4,2.63,1.81,2.03,0.0,1.98,1.89,0.0447,0.0342,0.0451
2023,2024-04-02,Bournemouth,Crystal Palace,1,0,H,1.95,3.8,3.6,1.72,2.16,-0.5,1.99,1.89,0.0538,0.0316,0.0444
2023,2024-04-02,Burnley,Wolverhampton Wanderers,1,1,D,2.45,3.6,2.75,1.81,2.03,0.0,1.85,2.03,0.0496,0.0332,0.0451
2023,2024-04-02,West Ham,Tottenham,1,1,D,3.3,4.2,1.95,1.35,3.26,0.5,1.86,2.01,0.0539,0.0351,0.0475
2023,2024-04-03,Arsenal,Luton,2,0,H,1.1,10.0,19.0,1.26,3.86,-2.5,1.84,2.02,0.0617,0.0385,0.0527
2023,2024-04-03,Brentford,Brighton,0,0,D,2.38,3.8,2.75,1.56,2.44,0.0,1.79,2.07,0.047,0.0418,0.0509
2023,2024-04-03,Manchester City,Aston Villa,4,1,H,1.3,6.0,8.0,1.41,2.95,-1.5,1.84,2.04,0.0609,0.0337,0.0482
2023,2024-04-04,Liverpool,Sheffield United,3,1,H,1.09,12.0,21.0,1.2,4.54,-2.75,1.84,2.01,0.0484,0.041,0.0536
2023,2024-04-04,Chelsea,Manchester United,4,3,H,2.0,4.0,3.4,1.41,2.92,-0.5,2.03,1.84,0.0441,0.0361,0.0517
2023,2024-04-06,Crystal Palace,Manchester City,2,4,A,9.5,5.25,1.33,1.66,2.25,1.5,1.94,1.93,0.0476,0.0336,0.0469
2023,2024-04-06,Aston Villa,Brentford,3,3,D,1.7,4.0,4.75,1.52,2.56,-0.75,1.87,1.99,0.0488,0.0373,0.0485
2023,2024-04-06,Everton,Burnley,1,0,H,1.65,4.0,5.25,1.78,2.06,-0.75,1.84,2.02,0.0465,0.0385,0.0472
2023,2024-04-06,Fulham,Newcastle United,0,1,A,2.38,3.8,2.8,1.48,2.65,-0.25,2.07,1.81,0.0405,0.0356,0.053
2023,2024-04-06,Luton,Bournemouth,2,1,H,3.75,3.8,1.91,1.49,2.62,0.5,1.96,1.91,0.0534,0.0338,0.0528
2023,2024-04-06,Wolverhampton Wanderers,West Ham,1,2,A,2.5,3.6,2.7,1.77,2.08,0.0,1.83,2.03,0.0481,0.0391,0.0457
2023,2024-04-06,Brighton,Arsenal,0,3,A,5.0,4.33,1.62,1.63,2.32,1.0,1.81,2.06,0.0482,0.0379,0.0445
2023,2024-04-07,Manchester United,Liverpool,2,2,D,4.75,4.5,1.6,1.34,3.25,1.0,1.87,1.98,0.0577,0.0398,0.054
2023,2024-04-07,Sheffield United,Chelsea,2,2,D,7.0,5.25,1.4,1.4,2.95,1.25,2.02,1.84,0.0476,0.0385,0.0533
2023,2024-04-07,Tottenham,Nottingham Forest,3,1,H,1.4,5.5,6.5,1.42,2.88,-1.25,1.82,2.03,0.05,0.0421,0.0514
2023,2024-04-13,Newcastle United,Tottenham,4,0,H,2.7,4.0,2.3,1.36,3.18,0.25,1.82,2.04,0.0552,0.0396,0.0498
2023,2024-04-13,Brentford,Sheffield United,2,0,H,1.44,5.0,6.5,1.52,2.55,-1.25,1.9,1.96,0.0483,0.0365,0.0501
2023,2024-04-13,Burnley,Brighton,1,1,D,3.5,3.75,2.0,1.65,2.26,0.5,1.84,2.03,0.0524,0.0361,0.0485
2023,2024-04-13,Manchester City,Luton,5,1,H,1.1,11.0,19.0,1.26,3.77,-2.5,1.86,2.01,0.0526,0.0351,0.0589
2023,2024-04-13,Nottingham Forest,Wolverhampton Wanderers,2,2,D,2.1,3.4,3.5,1.83,2.0,-0.25,1.85,2.01,0.056,0.0381,0.0464
2023,2024-04-13,Bournemouth,Manchester United,2,2,D,2.4,3.9,2.6,1.43,2.84,0.0,1.84,2.02,0.0577,0.0385,0.0514
2023,2024-04-14,Liverpool,Crystal Palace,0,1,A,1.22,7.0,12.0,1.39,3.0,-2.0,1.96,1.89,0.0459,0.0393,0.0528
2023,2024-04-14,West Ham,Fulham,0,2,A,2.38,3.6,2.8,1.66,2.26,-0.25,2.05,1.82,0.0551,0.0373,0.0449
2023,2024-04-14,Arsenal,Aston Villa,0,2,A,1.29,5.75,10.0,1.48,2.66,-1.75,2.02,1.84,0.0491,0.0385,0.0516
2023,2024-04-15,Chelsea,Everton,6,0,H,1.7,4.2,4.5,1.54,2.48,-0.75,1.88,1.97,0.0486,0.0395,0.0526
2023,2024-04-20,Luton,Brentford,1,5,A,3.1,3.75,2.15,1.56,2.43,0.25,1.96,1.88,0.0544,0.0421,0.0525
2023,2024-04-20,Sheffield United,Burnley,1,4,A,2.75,3.6,2.45,1.66,2.25,0.0,2.03,1.83,0.0496,0.0391,0.0469
2023,2024-04-20,Wolverhampton Wanderers,Arsenal,0,2,A,8.5,4.5,1.4,1.62,2.32,1.25,2.01,1.85,0.0542,0.0381,0.0483
2023,2024-04-21,Everton,Nottingham Forest,2,0,H,2.05,3.5,3.6,1.87,1.95,-0.25,1.78,2.09,0.0513,0.0403,0.0476
2023,2024-04-21,Aston Villa,Bournemouth,3,1,H,1.85,4.0,3.6,1.44,2.77,-0.5,1.86,2.01,0.0683,0.0351,0.0555
2023,2024-04-21,Crystal Palace,West Ham,5,2,H,2.1,3.6,3.4,1.79,2.04,-0.25,1.84,2.01,0.0481,0.041,0.0489
2023,2024-04-21,Fulham,Liverpool,1,3,A,5.25,4.5,1.57,1.41,2.91,1.0,1.95,1.9,0.0496,0.0391,0.0529
2023,2024-04-23,Arsenal,Chelsea,5,0,H,1.44,5.0,6.0,1.53,2.53,-1.25,1.94,1.92,0.0611,0.0363,0.0489
2023,2024-04-24,Wolverhampton Wanderers,Bournemouth,0,1,A,2.7,3.6,2.5,1.66,2.24,0.0,1.99,1.87,0.0481,0.0373,0.0488
2023,2024-04-24,Crystal Palace,Newcastle United,2,0,H,2.75,3.6,2.4,1.61,2.35,0.0,2.06,1.81,0.0581,0.0379,0.0466
2023,2024-04-24,Everton,Liverpool,2,0,H,7.0,5.0,1.4,1.51,2.56,1.25,1.95,1.9,0.0571,0.0391,0.0529
2023,2024-04-24,Manchester United,Sheffield United,4,2,H,1.3,6.5,7.5,1.36,3.18,-1.5,1.84,2.03,0.0564,0.0361,0.0498
2023,2024-04-25,Brighton,Manchester City,0,4,A,6.5,5.0,1.4,1.49,2.63,1.25,1.91,1.94,0.0681,0.039,0.0514
2023,2024-04-27,West Ham,Liverpool,2,2,D,5.5,5.0,1.5,1.37,3.1,1.0,2.1,1.78,0.0485,0.038,0.0525
2023,2024-04-27,Fulham,Crystal Palace,1,1,D,2.1,3.5,3.5,1.7,2.18,-0.25,1.82,2.05,0.0476,0.0373,0.047
2023,2024-04-27,Manchester United,Burnley,1,1,D,1.5,4.75,5.5,1.36,3.15,-1.25,2.05,1.82,0.059,0.0373,0.0528
2023,2024-04-27,Newcastle United,Sheffield United,5,1,H,1.22,7.0,11.0,1.33,3.31,-2.0,2.01,1.85,0.0534,0.0381,0.054
2023,2024-04-27,Wolverhampton Wanderers,Luton,2,1,H,1.95,3.8,3.6,1.63,2.31,-0.5,1.98,1.87,0.0538,0.0398,0.0464
2023,2024-04-27,Everton,Brentford,1,0,H,2.3,3.5,3.0,1.83,2.01,-0.25,2.03,1.83,0.0538,0.0391,0.044
2023,2024-04-27,Aston Villa,Chelsea,2,2,D,2.15,3.8,3.0,1.44,2.77,-0.25,1.9,1.95,0.0616,0.0391,0.0555
2023,2024-04-28,Bournemouth,Brighton,3,0,H,2.25,3.8,2.9,1.47,2.68,-0.25,1.96,1.89,0.0524,0.0393,0.0534
2023,2024-04-28,Tottenham,Arsenal,2,3,A,4.2,4.2,1.75,1.48,2.63,0.75,1.86,1.98,0.0476,0.0427,0.0559
2023,2024-04-28,Nottingham Forest,Manchester City,0,2,A,8.0,6.0,1.3,1.53,2.5,1.5,1.96,1.9,0.0609,0.0365,0.0536
2023,2024-05-02,Chelsea,Tottenham,2,0,H,2.15,3.8,3.0,1.31,3.44,-0.25,1.93,1.92,0.0616,0.039,0.0541
2023,2024-05-03,Luton,Everton,1,1,D,2.6,3.6,2.55,1.74,2.12,0.0,1.95,1.91,0.0546,0.0364,0.0464
2023,2024-05-04,Arsenal,Bournemouth,3,0,H,1.22,7.5,11.0,1.34,3.23,-2.0,1.93,1.92,0.0439,0.039,0.0559
2023,2024-05-04,Brentford,Fulham,0,0,D,2.1,3.8,3.2,1.59,2.38,-0.25,1.84,2.02,0.0518,0.0385,0.0491
2023,2024-05-04,Burnley,Newcastle United,1,4,A,3.4,4.0,1.95,1.48,2.64,0.25,2.1,1.76,0.0569,0.0444,0.0545
2023,2024-05-04,Sheffield United,Nottingham Forest,1,3,A,4.75,4.2,1.65,1.57,2.43,0.75,1.99,1.85,0.0547,0.0431,0.0485
2023,2024-05-04,Manchester City,Wolverhampton Wanderers,5,1,H,1.08,12.0,21.0,1.3,3.52,-2.5,1.86,2.0,0.0569,0.0376,0.0533
2023,2024-05-05,Brighton,Aston Villa,1,0,H,2.75,3.75,2.45,1.48,2.63,0.0,2.04,1.82,0.0385,0.0396,0.0559
2023,2024-05-05,Chelsea,West Ham,5,0,H,1.65,4.5,4.5,1.4,2.93,-1.0,2.05,1.81,0.0505,0.0403,0.0556
2023,2024-05-05,Liverpool,Tottenham,4,2,H,1.5,5.75,5.0,1.26,3.82,-1.25,1.94,1.91,0.0406,0.039,0.0554
2023,2024-05-06,Crystal Palace,Manchester United,4,0,H,2.38,3.75,2.8,1.53,2.48,-0.25,2.07,1.79,0.044,0.0418,0.0568
2023,2024-05-11,Fulham,Manchester City,0,4,A,13.0,7.0,1.2,1.34,3.18,2.0,1.84,2.02,0.0531,0.0385,0.0607
2023,2024-05-11,Bournemouth,Brentford,1,2,A,1.95,4.0,3.5,1.46,2.71,-0.5,1.98,1.89,0.0485,0.0342,0.0539
2023,2024-05-11,Everton,Sheffield United,1,0,H,1.4,4.8,7.5,1.54,2.48,-1.25,1.86,1.99,0.056,0.0401,0.0526
2023,2024-05-11,Newcastle United,Brighton,1,1,D,1.57,4.75,4.75,1.33,3.32,-1.0,1.92,1.94,0.058,0.0363,0.0531
2023,2024-05-11,Tottenham,Burnley,2,1,H,1.36,5.75,7.0,1.24,4.05,-1.5,1.85,2.01,0.0521,0.0381,0.0534
2023,2024-05-11,West Ham,Luton,3,1,H,1.8,4.2,3.8,1.42,2.84,-0.75,2.0,1.86,0.0568,0.0376,0.0563
2023,2024-05-11,Wolverhampton Wanderers,Crystal Palace,1,3,A,2.88,3.5,2.38,1.79,2.04,0.0,2.08,1.77,0.0531,0.0457,0.0489
2023,2024-05-11,Nottingham Forest,Chelsea,2,3,A,3.4,3.8,2.0,1.48,2.64,0.5,1.84,2.02,0.0573,0.0385,0.0545
2023,2024-05-12,Manchester United,Arsenal,0,1,A,7.0,5.5,1.36,1.37,3.09,1.5,1.87,1.99,0.06,0.0373,0.0536
2023,2024-05-13,Aston Villa,Liverpool,3,3,D,4.2,4.33,1.7,1.33,3.28,0.75,1.97,1.87,0.0573,0.0424,0.0568
2023,2024-05-14,Tottenham,Manchester City,0,2,A,6.5,6.0,1.36,1.27,3.79,1.5,1.93,1.94,0.0558,0.0336,0.0513
2023,2024-05-15,Brighton,Chelsea,1,2,A,3.3,4.0,1.95,1.4,2.98,0.5,1.86,2.01,0.0659,0.0351,0.0499
2023,2024-05-15,Manchester United,Newcastle United,3,2,H,2.75,4.0,2.3,1.33,3.33,0.25,1.81,2.05,0.0484,0.0403,0.0522
2023,2024-05-19,Arsenal,Everton,2,1,H,1.18,8.0,12.0,1.38,3.04,-2.0,1.82,2.05,0.0558,0.0373,0.0536
2023,2024-05-19,Brentford,Newcastle United,2,4,A,2.9,3.9,2.2,1.38,3.04,0.25,1.9,1.93,0.0558,0.0445,0.0536
2023,2024-05-19,Brighton,Manchester United,0,2,A,2.15,4.0,2.9,1.32,3.38,-0.25,1.91,1.94,0.0599,0.039,0.0534
2023,2024-05-19,Burnley,Nottingham Forest,1,2,A,3.0,3.5,2.3,1.51,2.55,0.25,1.84,2.01,0.0538,0.041,0.0544
2023,2024-05-19,Chelsea,Bournemouth,2,1,H,1.45,5.0,6.0,1.27,3.71,-1.25,1.88,1.97,0.0563,0.0395,0.0569
2023,2024-05-19,Crystal Palace,Aston Villa,5,0,H,1.85,4.33,3.6,1.39,2.96,-0.5,1.85,2.02,0.0493,0.0356,0.0573
2023,2024-05-19,Liverpool,Wolverhampton Wanderers,2,0,H,1.17,8.0,15.0,1.22,4.23,-2.25,1.88,1.97,0.0464,0.0395,0.0561
2023,2024-05-19,Luton,Fulham,2,4,A,2.9,3.9,2.2,1.44,2.76,0.25,1.89,1.95,0.0558,0.0419,0.0568
2023,2024-05-19,Manchester City,West Ham,3,1,H,1.08,12.0,21.0,1.2,4.45,-2.75,1.96,1.9,0.0569,0.0365,0.0581
2023,2024-05-19,Sheffield United,Tottenham,0,3,A,7.0,6.0,1.33,1.22,4.14,1.5,2.0,1.85,0.0614,0.0405,0.0612
