team,date,kappa_t,mu_t,kappa_prev,mu_prev,kappa_shift_z,mu_shift_z,ou_stable,ou_stable_label
Arsenal,2017-08-19 17:30:00,0.41275,-0.3105,0.41571,-0.36487,0.0235,0.3817,True,Stable
Arsenal,2017-08-27 16:00:00,0.29008,-0.23862,0.41275,-0.3105,0.9695,0.5111,True,Stable
Arsenal,2017-09-09 15:00:00,0.37962,-0.27696,0.29008,-0.23862,0.7164,0.2757,True,Stable
Arsenal,2017-09-17 13:30:00,0.33657,-0.24409,0.37962,-0.27696,0.3454,0.2392,True,Stable
Arsenal,2017-09-25 20:00:00,0.24545,-0.16563,0.33657,-0.24409,0.7376,0.5773,True,Stable
Arsenal,2017-10-01 12:00:00,0.24047,-0.19636,0.24545,-0.16563,0.0408,0.2267,True,Stable
Arsenal,2017-10-14 17:30:00,0.24093,-0.21501,0.24047,-0.19636,0.0039,0.1386,True,Stable
Arsenal,2017-10-22 13:30:00,0.22986,-0.19213,0.24093,-0.21501,0.0926,0.1714,True,Stable
Arsenal,2017-10-28 15:00:00,0.24502,-0.2357,0.22986,-0.19213,0.128,0.3285,True,Stable
Arsenal,2017-11-05 14:15:00,0.24183,-0.23078,0.24502,-0.2357,0.0272,0.0375,True,Stable
Arsenal,2017-11-18 12:30:00,0.24157,-0.2202,0.24183,-0.23078,0.0022,0.0812,True,Stable
Arsenal,2017-11-26 14:00:00,0.25485,-0.13387,0.24157,-0.2202,0.1155,0.6689,True,Stable
Arsenal,2017-11-29 19:45:00,0.27456,-0.10656,0.25485,-0.13387,0.1733,0.2112,True,Stable
Arsenal,2017-12-02 17:30:00,0.24895,-0.01936,0.27456,-0.10656,0.2273,0.6705,True,Stable
Arsenal,2017-12-10 12:00:00,0.23537,0.03129,0.24895,-0.01936,0.1216,0.38,True,Stable
Arsenal,2017-12-13 20:00:00,0.17937,0.10756,0.23537,0.03129,0.5061,0.5527,True,Stable
Arsenal,2017-12-16 15:00:00,0.13279,0.15094,0.17937,0.10756,0.4225,0.2985,True,Stable
Arsenal,2017-12-22 19:45:00,0.16143,0.10918,0.13279,0.15094,0.2587,0.2716,True,Stable
Arsenal,2017-12-28 20:00:00,0.26007,0.02221,0.16143,0.10918,0.8925,0.5456,True,Stable
Arsenal,2017-12-31 16:30:00,0.27191,0.03212,0.26007,0.02221,0.1081,0.0613,True,Stable
Arsenal,2018-01-03 19:45:00,0.29352,0.02105,0.27191,0.03212,0.199,0.0675,True,Stable
Arsenal,2018-01-14 13:30:00,0.27682,-0.00079,0.29352,0.02105,0.155,0.1318,True,Stable
Arsenal,2018-01-20 15:00:00,0.23235,-0.04341,0.27682,-0.00079,0.4161,0.2555,True,Stable
Arsenal,2018-01-30 19:45:00,0.24121,-0.05388,0.23235,-0.04341,0.0836,0.0627,True,Stable
Arsenal,2018-02-03 17:30:00,0.22906,-0.11507,0.24121,-0.05388,0.1155,0.3666,True,Stable
Arsenal,2018-02-10 12:30:00,0.23599,-0.06588,0.22906,-0.11507,0.0664,0.2962,True,Stable
Arsenal,2018-03-01 19:45:00,0.2472,-0.01941,0.23599,-0.06588,0.1081,0.2804,True,Stable
Arsenal,2018-03-04 13:30:00,0.25436,0.00728,0.2472,-0.01941,0.0696,0.1606,True,Stable
Arsenal,2018-03-11 13:30:00,0.26922,0.01264,0.25436,0.00728,0.1455,0.0321,True,Stable
Arsenal,2018-04-01 13:30:00,0.30486,0.07886,0.26922,0.01264,0.3515,0.3945,True,Stable
Arsenal,2018-04-08 13:15:00,0.30051,0.02749,0.30486,0.07886,0.0431,0.3022,True,Stable
Arsenal,2018-04-15 12:30:00,0.30273,0.01676,0.30051,0.02749,0.0222,0.0628,True,Stable
Arsenal,2018-04-22 12:30:00,0.29881,0.00439,0.30273,0.01676,0.0395,0.0721,True,Stable
Arsenal,2018-04-29 15:30:00,0.3094,0.01653,0.29881,0.00439,0.1071,0.0706,True,Stable
Arsenal,2018-05-06 16:30:00,0.19765,-0.13236,0.3094,0.01653,1.1357,0.8638,False,Unstable
Arsenal,2018-05-09 19:45:00,0.23627,-0.08058,0.19765,-0.13236,0.3939,0.3023,True,Stable
Arsenal,2018-05-13 15:00:00,0.24443,-0.05751,0.23627,-0.08058,0.0838,0.1353,True,Stable
Arsenal,2018-08-12 18:00:00,0.25905,-0.05482,0.24443,-0.05751,0.1511,0.0158,True,Stable
Arsenal,2018-08-18 19:30:00,0.27136,-0.08244,0.25905,-0.05482,0.128,0.1629,True,Stable
Arsenal,2018-08-25 17:00:00,0.23418,-0.01568,0.27136,-0.08244,0.3892,0.3955,True,Stable
Arsenal,2018-09-02 12:30:00,0.25782,-0.08767,0.23418,-0.01568,0.249,0.4266,True,Stable
Arsenal,2018-09-15 14:00:00,0.27659,-0.19099,0.25782,-0.08767,0.1989,0.6152,True,Stable
Arsenal,2018-09-23 15:00:00,0.24394,-0.2552,0.27659,-0.19099,0.3482,0.3847,True,Stable
Arsenal,2018-09-29 14:00:00,0.21036,-0.32684,0.24394,-0.2552,0.3602,0.4313,True,Stable
Arsenal,2018-10-07 11:00:00,0.12685,-0.57828,0.21036,-0.32684,0.8997,1.5156,False,Unstable
Arsenal,2018-10-22 19:00:00,0.14854,-0.47098,0.12685,-0.57828,0.2322,0.6291,True,Stable
Arsenal,2018-10-28 12:30:00,0.13148,-0.49459,0.14854,-0.47098,0.1823,0.137,True,Stable
Arsenal,2018-11-03 17:30:00,0.15366,-0.41847,0.13148,-0.49459,0.2358,0.4361,True,Stable
Arsenal,2018-11-11 16:30:00,0.15452,-0.45174,0.15366,-0.41847,0.0092,0.1898,True,Stable
Arsenal,2018-11-25 13:30:00,0.19131,-0.35468,0.15452,-0.45174,0.3903,0.5503,True,Stable
Arsenal,2018-12-02 14:05:00,0.21519,-0.47074,0.19131,-0.35468,0.2542,0.6589,True,Stable
Arsenal,2018-12-05 20:00:00,0.24193,-0.46889,0.21519,-0.47074,0.286,0.0105,True,Stable
Arsenal,2018-12-08 15:00:00,0.28721,-0.48585,0.24193,-0.46889,0.4869,0.0949,True,Stable
Arsenal,2018-12-16 13:30:00,0.34887,-0.50329,0.28721,-0.48585,0.6663,0.0968,True,Stable
Arsenal,2018-12-22 12:30:00,0.38574,-0.52259,0.34887,-0.50329,0.3983,0.1062,True,Stable
Arsenal,2018-12-26 17:15:00,0.27992,-0.45717,0.38574,-0.52259,1.1371,0.3562,False,Unstable
Arsenal,2018-12-29 17:30:00,0.27818,-0.45496,0.27992,-0.45717,0.0188,0.012,True,Stable
Arsenal,2019-01-01 15:00:00,0.26752,-0.42556,0.27818,-0.45496,0.1157,0.1589,True,Stable
Arsenal,2019-01-12 12:30:00,0.26622,-0.37478,0.26752,-0.42556,0.0142,0.2742,True,Stable
Arsenal,2019-01-19 17:30:00,0.23312,-0.34222,0.26622,-0.37478,0.3629,0.1761,True,Stable
Arsenal,2019-01-29 19:45:00,0.20075,-0.32231,0.23312,-0.34222,0.3567,0.108,True,Stable
Arsenal,2019-02-03 16:30:00,0.18629,-0.25632,0.20075,-0.32231,0.1598,0.3593,True,Stable
Arsenal,2019-02-09 15:00:00,0.19001,-0.30415,0.18629,-0.25632,0.0412,0.2617,True,Stable
Arsenal,2019-02-24 14:05:00,0.191,-0.34302,0.19001,-0.30415,0.0111,0.2135,True,Stable
Arsenal,2019-02-27 19:45:00,0.21211,-0.40207,0.191,-0.34302,0.2349,0.3253,True,Stable
Arsenal,2019-03-02 12:30:00,0.20592,-0.33787,0.21211,-0.40207,0.0692,0.3538,True,Stable
Arsenal,2019-03-10 16:30:00,0.21734,-0.40432,0.20592,-0.33787,0.128,0.3673,True,Stable
Arsenal,2019-04-01 20:00:00,0.19521,-0.37208,0.21734,-0.40432,0.2491,0.1783,True,Stable
Arsenal,2019-04-07 14:05:00,0.18938,-0.34944,0.19521,-0.37208,0.0658,0.1254,True,Stable
Arsenal,2019-04-15 20:00:00,0.16244,-0.16938,0.18938,-0.34944,0.3049,1.0004,False,Unstable
Arsenal,2019-04-21 16:00:00,0.2133,-0.27268,0.16244,-0.16938,0.5755,0.5763,True,Stable
Arsenal,2019-04-24 19:45:00,0.22577,-0.1818,0.2133,-0.27268,0.1417,0.5092,True,Stable
Arsenal,2019-04-28 12:00:00,0.19004,-0.14143,0.22577,-0.1818,0.4076,0.2271,True,Stable
Arsenal,2019-05-05 15:30:00,0.16246,-0.08214,0.19004,-0.14143,0.3154,0.3347,True,Stable
Arsenal,2019-05-12 14:00:00,0.16724,-0.19122,0.16246,-0.08214,0.0546,0.6166,True,Stable
Arsenal,2019-08-11 14:00:00,0.16102,-0.18962,0.16724,-0.19122,0.0711,0.0091,True,Stable
Arsenal,2019-08-17 12:30:00,0.17514,-0.24142,0.16102,-0.18962,0.1616,0.2953,True,Stable
Arsenal,2019-08-24 17:30:00,0.15666,-0.18869,0.17514,-0.24142,0.2118,0.3019,True,Stable
Arsenal,2019-09-01 16:30:00,0.15983,-0.1473,0.15666,-0.18869,0.0363,0.238,True,Stable
Arsenal,2019-09-15 15:30:00,0.17693,-0.12124,0.15983,-0.1473,0.196,0.1503,True,Stable
Arsenal,2019-09-22 15:30:00,0.20025,-0.10765,0.17693,-0.12124,0.2677,0.0786,True,Stable
Arsenal,2019-09-30 19:00:00,0.30002,-0.03094,0.20025,-0.10765,1.1489,0.4445,False,Unstable
Arsenal,2019-10-06 14:00:00,0.33117,-0.0281,0.30002,-0.03094,0.3595,0.0164,True,Stable
Arsenal,2019-10-21 20:00:00,0.44958,-0.00502,0.33117,-0.0281,1.3668,0.1334,False,Unstable
Arsenal,2019-10-27 16:30:00,0.50833,0.00769,0.44958,-0.00502,0.666,0.0733,True,Stable
Arsenal,2019-11-02 15:00:00,0.6459,0.02761,0.50833,0.00769,1.5127,0.1145,False,Unstable
Arsenal,2019-11-09 17:30:00,0.45194,0.03154,0.6459,0.02761,1.9939,0.0225,False,Unstable
Arsenal,2019-11-23 15:00:00,0.49107,0.05135,0.45194,0.03154,0.3972,0.1129,True,Stable
Arsenal,2019-12-01 14:00:00,0.51011,0.04212,0.49107,0.05135,0.1897,0.0524,True,Stable
Arsenal,2019-12-05 20:15:00,0.51777,0.04957,0.51011,0.04212,0.0748,0.0421,True,Stable
Arsenal,2019-12-09 20:00:00,0.5441,0.04184,0.51777,0.04957,0.2517,0.0435,True,Stable
Arsenal,2019-12-15 16:30:00,0.57425,0.05007,0.5441,0.04184,0.2815,0.0461,True,Stable
Arsenal,2019-12-21 12:30:00,0.60226,0.05651,0.57425,0.05007,0.2543,0.0359,True,Stable
Arsenal,2019-12-26 15:00:00,0.61896,0.0631,0.60226,0.05651,0.147,0.0366,True,Stable
Arsenal,2019-12-29 14:00:00,0.65969,0.07318,0.61896,0.0631,0.3475,0.0558,True,Stable
Arsenal,2020-01-01 20:00:00,0.66635,0.08456,0.65969,0.07318,0.0548,0.0626,True,Stable
Arsenal,2020-01-11 12:30:00,0.60883,0.07835,0.66635,0.08456,0.4575,0.034,True,Stable
Arsenal,2020-01-18 15:00:00,0.64597,0.0624,0.60883,0.07835,0.289,0.0869,True,Stable
Arsenal,2020-01-21 20:15:00,0.7007,0.04079,0.64597,0.0624,0.4152,0.1173,True,Stable
Arsenal,2020-02-02 14:00:00,0.74454,0.05485,0.7007,0.04079,0.3221,0.0762,True,Stable
Arsenal,2020-02-16 16:30:00,0.75262,0.04912,0.74454,0.05485,0.0573,0.0309,True,Stable
Arsenal,2020-02-23 16:30:00,0.69853,0.04362,0.75262,0.04912,0.3704,0.0296,True,Stable
Arsenal,2020-03-07 15:00:00,0.55739,0.01989,0.69853,0.04362,0.9441,0.1276,True,Stable
Arsenal,2020-06-17 19:15:00,0.62619,0.03473,0.55739,0.01989,0.4568,0.0797,True,Stable
Arsenal,2020-06-20 14:00:00,0.61227,0.01813,0.62619,0.03473,0.0913,0.0891,True,Stable
Arsenal,2020-06-25 17:00:00,0.63422,0.0258,0.61227,0.01813,0.1423,0.0411,True,Stable
Arsenal,2020-07-01 17:00:00,0.5541,-0.02153,0.63422,0.0258,0.5127,0.2536,True,Stable
Arsenal,2020-07-04 16:30:00,0.37171,-0.03138,0.5541,-0.02153,1.1609,0.0528,False,Unstable
Arsenal,2020-07-07 19:15:00,0.31671,-0.06075,0.37171,-0.03138,0.351,0.1577,True,Stable
Arsenal,2020-07-12 15:30:00,0.28611,-0.11473,0.31671,-0.06075,0.196,0.2904,True,Stable
Arsenal,2020-07-15 19:15:00,0.27483,-0.18719,0.28611,-0.11473,0.0724,0.391,True,Stable
Arsenal,2020-07-21 19:15:00,0.37915,-0.11266,0.27483,-0.18719,0.6725,0.4035,True,Stable
Arsenal,2020-07-26 15:00:00,0.4182,-0.13541,0.37915,-0.11266,0.2524,0.1235,True,Stable
Arsenal,2020-09-12 11:30:00,0.41082,-0.15753,0.4182,-0.13541,0.0478,0.1205,True,Stable
Arsenal,2020-09-19 19:00:00,0.38558,-0.17372,0.41082,-0.15753,0.1637,0.0885,True,Stable
Arsenal,2020-09-28 19:15:00,0.37369,-0.15151,0.38558,-0.17372,0.0773,0.1218,True,Stable
Arsenal,2020-10-04 13:00:00,0.33514,-0.17944,0.37369,-0.15151,0.2512,0.1536,True,Stable
Arsenal,2020-10-17 16:30:00,0.40782,-0.14424,0.33514,-0.17944,0.4751,0.1942,True,Stable
Arsenal,2020-10-25 19:15:00,0.40197,-0.14049,0.40782,-0.14424,0.0383,0.0208,True,Stable
Arsenal,2020-11-01 16:30:00,0.39408,-0.13023,0.40197,-0.14049,0.0518,0.057,True,Stable
Arsenal,2020-11-08 19:15:00,0.36449,-0.12032,0.39408,-0.13023,0.1947,0.0552,True,Stable
Arsenal,2020-11-22 16:30:00,0.27788,-0.0747,0.36449,-0.12032,0.5712,0.2548,True,Stable
Arsenal,2020-11-29 19:15:00,0.27997,-0.08729,0.27788,-0.0747,0.0138,0.0705,True,Stable
Arsenal,2020-12-06 16:30:00,0.26854,-0.0872,0.27997,-0.08729,0.0758,0.0005,True,Stable
Arsenal,2020-12-13 19:15:00,0.17117,0.01671,0.26854,-0.0872,0.6479,0.5843,True,Stable
Arsenal,2020-12-16 18:00:00,0.20467,-0.00403,0.17117,0.01671,0.223,0.1166,True,Stable
Arsenal,2020-12-19 17:30:00,0.20393,-0.0143,0.20467,-0.00403,0.0049,0.0577,True,Stable
Arsenal,2020-12-26 17:30:00,0.21195,-0.00397,0.20393,-0.0143,0.0535,0.0581,True,Stable
Arsenal,2020-12-29 18:00:00,0.21518,0.0173,0.21195,-0.00397,0.0216,0.1197,True,Stable
Arsenal,2021-01-02 20:00:00,0.22132,-0.05552,0.21518,0.0173,0.0412,0.4097,True,Stable
Arsenal,2021-01-14 20:00:00,0.22443,-0.05238,0.22132,-0.05552,0.0209,0.0177,True,Stable
Arsenal,2021-01-18 20:00:00,0.22509,-0.07518,0.22443,-0.05238,0.0045,0.1287,True,Stable
Arsenal,2021-01-26 20:15:00,0.23122,-0.09729,0.22509,-0.07518,0.0414,0.1251,True,Stable
Arsenal,2021-01-30 17:30:00,0.23862,-0.09881,0.23122,-0.09729,0.05,0.0086,True,Stable
Arsenal,2021-02-02 18:00:00,0.23555,-0.099,0.23862,-0.09881,0.0208,0.0011,True,Stable
Arsenal,2021-02-06 12:30:00,0.22073,-0.04826,0.23555,-0.099,0.1006,0.2893,True,Stable
Arsenal,2021-02-14 16:30:00,0.21321,-0.11254,0.22073,-0.04826,0.0512,0.367,True,Stable
Arsenal,2021-02-21 16:30:00,0.21138,-0.07065,0.21321,-0.11254,0.0124,0.2398,True,Stable
Arsenal,2021-02-28 12:00:00,0.21397,-0.05643,0.21138,-0.07065,0.0176,0.0816,True,Stable
Arsenal,2021-03-06 12:30:00,0.23185,-0.01507,0.21397,-0.05643,0.1224,0.2376,True,Stable
Arsenal,2021-03-14 16:30:00,0.21378,-0.08437,0.23185,-0.01507,0.1239,0.3984,True,Stable
Arsenal,2021-03-21 15:00:00,0.20928,-0.04276,0.21378,-0.08437,0.0309,0.2398,True,Stable
Arsenal,2021-04-03 19:00:00,0.19582,-0.07768,0.20928,-0.04276,0.0927,0.2016,True,Stable
Arsenal,2021-04-11 18:00:00,0.19535,-0.06844,0.19582,-0.07768,0.0032,0.0534,True,Stable
Arsenal,2021-04-18 12:30:00,0.20814,-0.02309,0.19535,-0.06844,0.0882,0.2628,True,Stable
Arsenal,2021-04-23 19:00:00,0.22858,0.01781,0.20814,-0.02309,0.1413,0.2372,True,Stable
Arsenal,2021-05-02 13:00:00,0.23932,0.0667,0.22858,0.01781,0.0744,0.2836,True,Stable
Arsenal,2021-05-09 18:00:00,0.30902,0.04335,0.23932,0.0667,0.4839,0.1351,True,Stable
Arsenal,2021-05-12 19:15:00,0.23512,0.01922,0.30902,0.04335,0.5145,0.1396,True,Stable
Arsenal,2021-05-19 18:00:00,0.24297,-0.04537,0.23512,0.01922,0.0548,0.3735,True,Stable
Arsenal,2021-05-23 15:00:00,0.18393,-0.0961,0.24297,-0.04537,0.4128,0.2938,True,Stable
Arsenal,2021-08-13 19:00:00,0.21461,-0.05474,0.18393,-0.0961,0.2147,0.2401,True,Stable
Arsenal,2021-08-22 15:30:00,0.26167,-0.01593,0.21461,-0.05474,0.33,0.2257,True,Stable
Arsenal,2021-08-28 11:30:00,0.29532,0.0385,0.26167,-0.01593,0.2365,0.3169,True,Stable
Arsenal,2021-09-11 14:00:00,0.27984,0.0803,0.29532,0.0385,0.1091,0.2432,True,Stable
Arsenal,2021-09-18 14:00:00,0.2266,0.11384,0.27984,0.0803,0.3762,0.1947,True,Stable
Arsenal,2021-09-26 15:30:00,0.28166,0.04524,0.2266,0.11384,0.3898,0.3968,True,Stable
Arsenal,2021-10-02 16:30:00,0.28487,0.01589,0.28166,0.04524,0.0228,0.1696,True,Stable
Arsenal,2021-10-18 19:00:00,0.3182,-0.03521,0.28487,0.01589,0.2372,0.2955,True,Stable
Arsenal,2021-10-22 19:00:00,0.33305,-0.05967,0.3182,-0.03521,0.1059,0.1416,True,Stable
Arsenal,2021-10-30 11:30:00,0.34814,-0.09326,0.33305,-0.05967,0.1079,0.1949,True,Stable
Arsenal,2021-11-07 14:00:00,0.48388,-0.09573,0.34814,-0.09326,0.9727,0.0144,True,Stable
Arsenal,2021-11-20 17:30:00,0.50233,-0.09573,0.48388,-0.09573,0.1319,0.0,True,Stable
Arsenal,2021-11-27 12:30:00,0.54573,-0.08863,0.50233,-0.09573,0.3095,0.0415,True,Stable
Arsenal,2021-12-02 20:15:00,0.57017,-0.09696,0.54573,-0.08863,0.1734,0.0488,True,Stable
Arsenal,2021-12-06 20:00:00,0.58156,-0.0893,0.57017,-0.09696,0.0803,0.0449,True,Stable
Arsenal,2021-12-11 15:00:00,0.56751,-0.08527,0.58156,-0.0893,0.0983,0.0237,True,Stable
Arsenal,2021-12-15 20:00:00,0.56474,-0.08611,0.56751,-0.08527,0.0193,0.005,True,Stable
Arsenal,2021-12-18 17:30:00,0.56729,-0.08845,0.56474,-0.08611,0.0177,0.0138,True,Stable
Arsenal,2021-12-26 15:00:00,0.53844,-0.11248,0.56729,-0.08845,0.1985,0.1422,True,Stable
Arsenal,2022-01-01 12:30:00,0.49816,-0.13349,0.53844,-0.11248,0.276,0.1246,True,Stable
Arsenal,2022-01-23 14:00:00,0.55673,-0.11182,0.49816,-0.13349,0.4007,0.1288,True,Stable
Arsenal,2022-02-10 19:45:00,0.55846,-0.12033,0.55673,-0.11182,0.0118,0.0507,True,Stable
Arsenal,2022-02-19 15:00:00,0.55212,-0.11598,0.55846,-0.12033,0.043,0.026,True,Stable
Arsenal,2022-02-24 19:45:00,0.56541,-0.09445,0.55212,-0.11598,0.0898,0.1289,True,Stable
Arsenal,2022-03-06 14:00:00,0.58909,-0.08825,0.56541,-0.09445,0.1592,0.0372,True,Stable
Arsenal,2022-03-13 16:30:00,0.5625,-0.10761,0.58909,-0.08825,0.1778,0.1164,True,Stable
Arsenal,2022-03-16 20:15:00,0.55229,-0.09647,0.5625,-0.10761,0.0679,0.0671,True,Stable
Arsenal,2022-03-19 12:30:00,0.55524,-0.08415,0.55229,-0.09647,0.0195,0.0744,True,Stable
Arsenal,2022-04-04 19:00:00,0.55212,-0.06831,0.55524,-0.08415,0.0206,0.0958,True,Stable
Arsenal,2022-04-09 14:00:00,0.48696,-0.00598,0.55212,-0.06831,0.4294,0.3778,True,Stable
Arsenal,2022-04-16 14:00:00,0.37351,0.04335,0.48696,-0.00598,0.7473,0.2993,True,Stable
Arsenal,2022-04-20 18:45:00,0.43462,0.00349,0.37351,0.04335,0.4033,0.2417,True,Stable
Arsenal,2022-04-23 11:30:00,0.43615,-0.01841,0.43462,0.00349,0.0101,0.1329,True,Stable
Arsenal,2022-05-01 15:30:00,0.43219,-0.02007,0.43615,-0.01841,0.0262,0.0101,True,Stable
Arsenal,2022-05-08 13:00:00,0.42005,-0.04363,0.43219,-0.02007,0.0804,0.1432,True,Stable
Arsenal,2022-05-12 18:45:00,0.3892,-0.01927,0.42005,-0.04363,0.2044,0.1483,True,Stable
Arsenal,2022-05-16 19:00:00,0.53619,0.04109,0.3892,-0.01927,0.9758,0.3678,True,Stable
Arsenal,2022-05-22 15:00:00,0.60481,0.04557,0.53619,0.04109,0.4545,0.0273,True,Stable
Arsenal,2022-08-05 19:00:00,0.55081,0.04126,0.60481,0.04557,0.3557,0.0263,True,Stable
Arsenal,2022-08-13 14:00:00,0.56078,0.0221,0.55081,0.04126,0.0655,0.1166,True,Stable
Arsenal,2022-08-20 16:30:00,0.46872,-0.04863,0.56078,0.0221,0.6029,0.4305,True,Stable
Arsenal,2022-08-27 16:30:00,0.499,-0.09178,0.46872,-0.04863,0.1984,0.263,True,Stable
Arsenal,2022-08-31 18:30:00,0.4575,-0.07438,0.499,-0.09178,0.2717,0.1063,True,Stable
Arsenal,2022-09-04 15:30:00,0.47385,-0.06919,0.4575,-0.07438,0.107,0.0318,True,Stable
Arsenal,2022-09-18 11:00:00,0.47047,-0.08085,0.47385,-0.06919,0.0221,0.0715,True,Stable
Arsenal,2022-10-01 11:30:00,0.4674,-0.0613,0.47047,-0.08085,0.0201,0.1201,True,Stable
Arsenal,2022-10-09 15:30:00,0.47571,-0.05459,0.4674,-0.0613,0.0545,0.0412,True,Stable
Arsenal,2022-10-16 13:00:00,0.42067,-0.09746,0.47571,-0.05459,0.361,0.2642,True,Stable
Arsenal,2022-10-23 13:00:00,0.41079,-0.10672,0.42067,-0.09746,0.0649,0.0572,True,Stable
Arsenal,2022-10-30 14:00:00,0.40264,-0.14158,0.41079,-0.10672,0.0535,0.2157,True,Stable
Arsenal,2022-11-06 12:00:00,0.42094,-0.1077,0.40264,-0.14158,0.1205,0.2101,True,Stable
Arsenal,2022-11-12 19:45:00,0.42656,-0.1168,0.42094,-0.1077,0.037,0.0565,True,Stable
Arsenal,2022-12-26 20:00:00,0.41389,-0.11365,0.42656,-0.1168,0.0837,0.0196,True,Stable
Arsenal,2022-12-31 17:30:00,0.40672,-0.14608,0.41389,-0.11365,0.0474,0.2024,True,Stable
Arsenal,2023-01-03 19:45:00,0.45875,-0.09417,0.40672,-0.14608,0.3446,0.3245,True,Stable
Arsenal,2023-01-15 16:30:00,0.49194,-0.0859,0.45875,-0.09417,0.22,0.0519,True,Stable
Arsenal,2023-01-22 16:30:00,0.52471,-0.07907,0.49194,-0.0859,0.2171,0.0428,True,Stable
Arsenal,2023-02-04 12:30:00,0.48674,-0.07498,0.52471,-0.07907,0.2513,0.0257,True,Stable
Arsenal,2023-02-11 15:00:00,0.45322,-0.04481,0.48674,-0.07498,0.2218,0.19,True,Stable
Arsenal,2023-02-15 18:30:00,0.43678,-0.0302,0.45322,-0.04481,0.1089,0.0921,True,Stable
Arsenal,2023-02-18 12:30:00,0.42888,-0.07437,0.43678,-0.0302,0.0524,0.2789,True,Stable
Arsenal,2023-02-25 15:00:00,0.39447,-0.05448,0.42888,-0.07437,0.2284,0.1258,True,Stable
Arsenal,2023-03-01 20:00:00,0.4069,-0.07144,0.39447,-0.05448,0.0827,0.1075,True,Stable
Arsenal,2023-03-04 15:00:00,0.39011,-0.09217,0.4069,-0.07144,0.1118,0.1315,True,Stable
Arsenal,2023-03-12 14:00:00,0.34932,-0.13483,0.39011,-0.09217,0.2721,0.2713,True,Stable
Arsenal,2023-03-19 14:00:00,0.28539,-0.2053,0.34932,-0.13483,0.4274,0.4489,True,Stable
Arsenal,2023-04-01 14:00:00,0.28136,-0.3182,0.28539,-0.2053,0.027,0.7204,True,Stable
Arsenal,2023-04-09 15:30:00,0.36014,-0.3284,0.28136,-0.3182,0.5285,0.065,True,Stable
Arsenal,2023-04-16 13:00:00,0.3186,-0.31661,0.36014,-0.3284,0.2792,0.0751,True,Stable
Arsenal,2023-04-21 19:00:00,0.31182,-0.33853,0.3186,-0.31661,0.0457,0.1395,True,Stable
Arsenal,2023-04-26 19:00:00,0.30738,-0.28435,0.31182,-0.33853,0.0299,0.3443,True,Stable
Arsenal,2023-05-02 19:00:00,0.30609,-0.2655,0.30738,-0.28435,0.0087,0.1198,True,Stable
Arsenal,2023-05-07 15:30:00,0.30915,-0.24894,0.30609,-0.2655,0.0207,0.1053,True,Stable
Arsenal,2023-05-14 15:30:00,0.27409,-0.2942,0.30915,-0.24894,0.2378,0.2881,True,Stable
Arsenal,2023-05-20 16:30:00,0.27494,-0.27227,0.27409,-0.2942,0.0057,0.1396,True,Stable
Arsenal,2023-05-28 15:30:00,0.30648,-0.31007,0.27494,-0.27227,0.2146,0.2407,True,Stable
Arsenal,2023-08-12 11:30:00,0.27617,-0.30632,0.30648,-0.31007,0.2066,0.0238,True,Stable
Arsenal,2023-08-21 19:00:00,0.29553,-0.23488,0.27617,-0.30632,0.1322,0.4546,True,Stable
Arsenal,2023-08-26 14:00:00,0.30086,-0.21605,0.29553,-0.23488,0.0365,0.12,True,Stable
Arsenal,2023-09-03 15:30:00,0.29887,-0.26382,0.30086,-0.21605,0.0136,0.3048,True,Stable
Arsenal,2023-09-17 15:30:00,0.30679,-0.2487,0.29887,-0.26382,0.0544,0.0965,True,Stable
Arsenal,2023-09-24 13:00:00,0.2694,-0.19406,0.30679,-0.2487,0.2571,0.3492,True,Stable
Arsenal,2023-09-30 14:00:00,0.2878,-0.22382,0.2694,-0.19406,0.1267,0.1905,True,Stable
Arsenal,2023-10-08 15:30:00,0.31256,-0.2444,0.2878,-0.22382,0.1708,0.1319,True,Stable
Arsenal,2023-10-21 16:30:00,0.31231,-0.22349,0.31256,-0.2444,0.0018,0.1341,True,Stable
Arsenal,2023-10-28 14:00:00,0.30995,-0.25811,0.31231,-0.22349,0.0163,0.2224,True,Stable
Arsenal,2023-11-04 17:30:00,0.3078,-0.25403,0.30995,-0.25811,0.0149,0.0263,True,Stable
Arsenal,2023-11-11 15:00:00,0.26877,-0.31256,0.3078,-0.25403,0.2712,0.3767,True,Stable
Arsenal,2023-11-25 17:30:00,0.30111,-0.30183,0.26877,-0.31256,0.225,0.069,True,Stable
Arsenal,2023-12-02 15:00:00,0.3065,-0.24681,0.30111,-0.30183,0.0376,0.3539,True,Stable
Arsenal,2023-12-05 20:15:00,0.28093,-0.19622,0.3065,-0.24681,0.1785,0.3257,True,Stable
Arsenal,2023-12-09 17:30:00,0.21473,-0.2109,0.28093,-0.19622,0.4628,0.0946,True,Stable
Arsenal,2023-12-17 14:00:00,0.14194,-0.08555,0.21473,-0.2109,0.5092,0.8095,True,Stable
Arsenal,2023-12-23 17:30:00,0.15752,-0.10147,0.14194,-0.08555,0.1089,0.103,True,Stable
Arsenal,2023-12-28 20:15:00,0.11278,-0.05665,0.15752,-0.10147,0.3124,0.2904,True,Stable
Arsenal,2023-12-31 14:00:00,0.05393,0.20511,0.11278,-0.05665,0.4098,1.6978,False,Unstable
Arsenal,2024-01-20 12:30:00,0.15379,-0.13317,0.05393,0.20511,0.6922,2.1786,False,Unstable
Arsenal,2024-01-30 19:30:00,0.15915,-0.13662,0.15379,-0.13317,0.0371,0.0222,True,Stable
Arsenal,2024-02-04 16:30:00,0.1561,-0.12564,0.15915,-0.13662,0.0211,0.071,True,Stable
Arsenal,2024-02-11 14:00:00,0.19578,-0.22336,0.1561,-0.12564,0.2744,0.6326,True,Stable
Arsenal,2024-02-17 15:00:00,0.14233,-0.36336,0.19578,-0.22336,0.3697,0.9075,True,Stable
Arsenal,2024-02-24 20:00:00,0.13185,-0.35473,0.14233,-0.36336,0.0724,0.0559,True,Stable
Arsenal,2024-03-04 20:00:00,0.06537,-0.66582,0.13185,-0.35473,0.4588,2.0098,False,Unstable
Arsenal,2024-03-09 17:30:00,0.05311,-0.77829,0.06537,-0.66582,0.0843,0.7141,True,Stable
Arsenal,2024-03-31 16:30:00,0.09836,-0.44741,0.05311,-0.77829,0.3098,2.0486,False,Unstable
Arsenal,2024-04-03 18:30:00,0.11226,-0.40833,0.09836,-0.44741,0.0949,0.241,True,Stable
Arsenal,2024-04-06 16:30:00,0.13611,-0.28128,0.11226,-0.40833,0.1626,0.7812,True,Stable
Arsenal,2024-04-14 15:30:00,0.14909,-0.14178,0.13611,-0.28128,0.0884,0.8584,True,Stable
Arsenal,2024-04-20 18:30:00,0.14453,-0.13271,0.14909,-0.14178,0.031,0.0559,True,Stable
Arsenal,2024-04-23 19:00:00,0.15863,-0.19191,0.14453,-0.13271,0.0959,0.3655,True,Stable
Arsenal,2024-04-28 13:00:00,0.16017,-0.21488,0.15863,-0.19191,0.0105,0.142,True,Stable
Arsenal,2024-05-04 11:30:00,0.16056,-0.25932,0.16017,-0.21488,0.0026,0.2751,True,Stable
Arsenal,2024-05-12 15:30:00,0.15897,-0.25419,0.16056,-0.25932,0.0108,0.0318,True,Stable
Arsenal,2024-05-19 15:00:00,0.16121,-0.16509,0.15897,-0.25419,0.0152,0.5527,True,Stable
Arsenal,2024-08-17 14:00:00,0.15335,-0.17761,0.16121,-0.16509,0.0534,0.0778,True,Stable
Arsenal,2024-08-24 16:30:00,0.14807,-0.14314,0.15335,-0.17761,0.0359,0.2145,True,Stable
Arsenal,2024-08-31 11:30:00,0.13925,-0.04021,0.14807,-0.14314,0.0598,0.6416,True,Stable
Arsenal,2024-09-15 13:00:00,0.13839,-0.11644,0.13925,-0.04021,0.0058,0.4756,True,Stable
Arsenal,2024-09-22 15:30:00,0.15116,-0.24472,0.13839,-0.11644,0.0865,0.8016,True,Stable
Arsenal,2024-09-28 14:00:00,0.14236,-0.11222,0.15116,-0.24472,0.0596,0.8288,True,Stable
Arsenal,2024-10-05 14:00:00,0.12924,0.02522,0.14236,-0.11222,0.0888,0.8611,True,Stable
Arsenal,2024-10-19 16:30:00,0.13187,0.01019,0.12924,0.02522,0.0178,0.0941,True,Stable
Arsenal,2024-10-27 16:30:00,0.13928,0.05297,0.13187,0.01019,0.0501,0.2679,True,Stable
Arsenal,2024-11-02 12:30:00,0.1333,0.1474,0.13928,0.05297,0.0404,0.5909,True,Stable
Arsenal,2024-11-10 16:30:00,0.14365,0.13596,0.1333,0.1474,0.0698,0.0713,True,Stable
Arsenal,2024-11-23 15:00:00,0.14434,0.04175,0.14365,0.13596,0.0047,0.5852,True,Stable
Arsenal,2024-11-30 17:30:00,0.13924,-0.10866,0.14434,0.04175,0.0344,0.9338,True,Stable
Arsenal,2024-12-04 20:15:00,0.14426,-0.06228,0.13924,-0.10866,0.0338,0.2884,True,Stable
Arsenal,2024-12-08 14:00:00,0.14646,-0.09031,0.14426,-0.06228,0.0148,0.1745,True,Stable
Arsenal,2024-12-14 15:00:00,0.1523,-0.12471,0.14646,-0.09031,0.0393,0.2144,True,Stable
Arsenal,2024-12-21 17:30:00,0.15018,-0.12124,0.1523,-0.12471,0.0143,0.0217,True,Stable
Arsenal,2024-12-27 20:15:00,0.15504,-0.1019,0.15018,-0.12124,0.0327,0.1209,True,Stable
Arsenal,2025-01-01 17:30:00,0.19078,-0.22674,0.15504,-0.1019,0.2405,0.7817,True,Stable
Arsenal,2025-01-04 17:30:00,0.16117,-0.18444,0.19078,-0.22674,0.1993,0.2652,True,Stable
Arsenal,2025-01-15 20:00:00,0.1565,-0.18676,0.16117,-0.18444,0.0314,0.0145,True,Stable
Arsenal,2025-01-18 17:30:00,0.15827,-0.13775,0.1565,-0.18676,0.0119,0.3081,True,Stable
Arsenal,2025-01-25 15:00:00,0.14181,0.00267,0.15827,-0.13775,0.1108,0.8842,True,Stable
Arsenal,2025-02-02 16:30:00,0.17245,0.03205,0.14181,0.00267,0.2062,0.185,True,Stable
Arsenal,2025-02-15 12:30:00,0.18155,0.01113,0.17245,0.03205,0.0613,0.1317,True,Stable
Arsenal,2025-02-22 15:00:00,0.27105,0.08974,0.18155,0.01113,0.6027,0.495,True,Stable
Arsenal,2025-02-26 19:30:00,0.39855,0.11504,0.27105,0.08974,0.8599,0.159,True,Stable
Arsenal,2025-03-09 16:30:00,0.47647,0.12163,0.39855,0.11504,0.526,0.0413,True,Stable
Arsenal,2025-03-16 13:30:00,0.59593,0.16003,0.47647,0.12163,0.806,0.2401,True,Stable
Arsenal,2025-04-01 19:45:00,0.57205,0.18491,0.59593,0.16003,0.1605,0.155,True,Stable
Arsenal,2025-04-05 11:30:00,0.37568,0.14269,0.57205,0.18491,1.3151,0.2618,False,Unstable
Arsenal,2025-04-12 16:30:00,0.40966,0.1177,0.37568,0.14269,0.2279,0.1545,True,Stable
Arsenal,2025-04-20 13:00:00,0.38576,0.10978,0.40966,0.1177,0.1604,0.0488,True,Stable
Arsenal,2025-04-23 19:00:00,0.3828,0.11693,0.38576,0.10978,0.0199,0.044,True,Stable
Arsenal,2025-05-03 16:30:00,0.39439,0.13118,0.3828,0.11693,0.0779,0.0875,True,Stable
Arsenal,2025-05-11 15:30:00,0.41406,0.14871,0.39439,0.13118,0.1325,0.1074,True,Stable
Arsenal,2025-05-18 15:30:00,0.39223,0.1384,0.41406,0.14871,0.1471,0.063,True,Stable
Arsenal,2025-05-25 15:00:00,0.39233,0.14712,0.39223,0.1384,0.0007,0.0531,True,Stable
Aston Villa,2020-09-28 17:00:00,0.26851,0.10335,0.28989,0.12323,0.3792,0.3436,True,Stable
Aston Villa,2020-10-04 18:15:00,0.09554,-0.19669,0.26851,0.10335,2.9926,5.1064,False,Unstable
Aston Villa,2020-10-18 18:15:00,0.07619,-0.36453,0.09554,-0.19669,0.2729,2.5034,False,Unstable
Aston Villa,2020-10-23 19:00:00,0.14162,-0.13915,0.07619,-0.36453,0.7936,2.5553,False,Unstable
Aston Villa,2020-11-01 12:00:00,0.1073,-0.14754,0.14162,-0.13915,0.3922,0.0934,True,Stable
Aston Villa,2020-11-08 19:15:00,0.09692,-0.17509,0.1073,-0.14754,0.1108,0.301,True,Stable
Aston Villa,2020-11-21 15:00:00,0.21678,0.01601,0.09692,-0.17509,1.2045,2.0317,False,Unstable
Aston Villa,2020-11-30 20:00:00,0.21085,0.07668,0.21678,0.01601,0.0593,0.6518,True,Stable
Aston Villa,2020-12-12 12:30:00,0.22527,0.05364,0.21085,0.07668,0.1436,0.2481,True,Stable
Aston Villa,2020-12-17 18:00:00,0.20956,0.11657,0.22527,0.05364,0.1564,0.6823,True,Stable
Aston Villa,2020-12-20 19:15:00,0.18215,0.10293,0.20956,0.11657,0.2717,0.1469,True,Stable
Aston Villa,2020-12-26 15:00:00,0.13762,0.23739,0.18215,0.10293,0.4372,1.4446,False,Unstable
Aston Villa,2020-12-28 17:30:00,0.1676,0.21126,0.13762,0.23739,0.2879,0.2669,True,Stable
Aston Villa,2021-01-01 20:00:00,0.15786,0.23283,0.1676,0.21126,0.0926,0.2136,True,Stable
Aston Villa,2021-01-20 20:00:00,0.16408,0.15142,0.15786,0.23283,0.0585,0.7782,True,Stable
Aston Villa,2021-01-23 20:00:00,0.15305,0.22647,0.16408,0.15142,0.1028,0.7128,True,Stable
Aston Villa,2021-01-27 18:00:00,0.15988,0.19227,0.15305,0.22647,0.063,0.3165,True,Stable
Aston Villa,2021-01-30 20:00:00,0.15778,0.176,0.15988,0.19227,0.0193,0.1486,True,Stable
Aston Villa,2021-02-03 20:15:00,0.16114,0.1681,0.15778,0.176,0.0306,0.0716,True,Stable
Aston Villa,2021-02-06 12:30:00,0.16159,0.18703,0.16114,0.1681,0.0041,0.1706,True,Stable
Aston Villa,2021-02-13 20:00:00,0.16228,0.17207,0.16159,0.18703,0.0062,0.1336,True,Stable
Aston Villa,2021-02-21 14:00:00,0.16444,0.19515,0.16228,0.17207,0.0194,0.2053,True,Stable
Aston Villa,2021-02-27 17:30:00,0.16709,0.21002,0.16444,0.19515,0.0237,0.1312,True,Stable
Aston Villa,2021-03-03 18:00:00,0.17092,0.27581,0.16709,0.21002,0.0342,0.5743,True,Stable
Aston Villa,2021-03-06 17:30:00,0.16402,0.31094,0.17092,0.27581,0.0615,0.2991,True,Stable
Aston Villa,2021-03-12 20:00:00,0.16317,0.29254,0.16402,0.31094,0.0075,0.1518,True,Stable
Aston Villa,2021-03-21 19:30:00,0.15709,0.22638,0.16317,0.29254,0.0541,0.5333,True,Stable
Aston Villa,2021-04-04 15:30:00,0.16686,0.17367,0.15709,0.22638,0.0867,0.4219,True,Stable
Aston Villa,2021-04-10 14:00:00,0.17246,0.09288,0.16686,0.17367,0.0497,0.6471,True,Stable
Aston Villa,2021-04-21 19:15:00,0.16542,0.03062,0.17246,0.09288,0.0626,0.5021,True,Stable
Aston Villa,2021-04-25 18:00:00,0.17786,0.04566,0.16542,0.03062,0.1104,0.1221,True,Stable
Aston Villa,2021-05-01 19:00:00,0.17001,0.00504,0.17786,0.04566,0.0697,0.3323,True,Stable
Aston Villa,2021-05-09 13:05:00,0.17445,0.05062,0.17001,0.00504,0.0395,0.3752,True,Stable
Aston Villa,2021-05-13 21:00:00,0.1811,0.05759,0.17445,0.05062,0.0593,0.0578,True,Stable
Aston Villa,2021-05-16 11:00:00,0.1761,0.05534,0.1811,0.05759,0.0447,0.0188,True,Stable
Aston Villa,2021-05-19 17:00:00,0.16933,0.03471,0.1761,0.05534,0.0605,0.1734,True,Stable
Aston Villa,2021-05-23 15:00:00,0.16174,0.02905,0.16933,0.03471,0.068,0.0478,True,Stable
Aston Villa,2021-08-14 14:00:00,0.15594,0.02724,0.16174,0.02905,0.0521,0.0155,True,Stable
Aston Villa,2021-08-21 14:00:00,0.16406,0.13182,0.15594,0.02724,0.0728,0.896,True,Stable
Aston Villa,2021-08-28 14:00:00,0.17292,0.13478,0.16406,0.13182,0.0796,0.0255,True,Stable
Aston Villa,2021-09-11 16:30:00,0.17393,0.14378,0.17292,0.13478,0.0091,0.0777,True,Stable
Aston Villa,2021-09-18 16:30:00,0.1751,0.12372,0.17393,0.14378,0.0106,0.1736,True,Stable
Aston Villa,2021-09-25 11:30:00,0.21582,0.16468,0.1751,0.12372,0.3681,0.3559,True,Stable
Aston Villa,2021-10-03 13:00:00,0.11036,0.03417,0.21582,0.16468,0.9583,1.1353,False,Unstable
Aston Villa,2021-10-16 14:00:00,0.10777,-0.06783,0.11036,0.03417,0.0235,0.8924,True,Stable
Aston Villa,2021-10-22 19:00:00,0.09005,-0.08841,0.10777,-0.06783,0.1593,0.1798,True,Stable
Aston Villa,2021-10-31 16:30:00,0.12085,-0.08215,0.09005,-0.08841,0.275,0.0545,True,Stable
Aston Villa,2021-11-05 20:00:00,0.13991,-0.1077,0.12085,-0.08215,0.1697,0.2218,True,Stable
Aston Villa,2021-11-20 15:00:00,0.17327,-0.16165,0.13991,-0.1077,0.2971,0.4659,True,Stable
Aston Villa,2021-11-27 15:00:00,0.13826,-0.20041,0.17327,-0.16165,0.3127,0.3303,True,Stable
Aston Villa,2021-12-01 20:15:00,0.14824,-0.25056,0.13826,-0.20041,0.0891,0.419,True,Stable
Aston Villa,2021-12-05 16:30:00,0.13081,-0.24952,0.14824,-0.25056,0.1558,0.0085,True,Stable
Aston Villa,2021-12-11 15:00:00,0.15151,-0.30149,0.13081,-0.24952,0.185,0.4119,True,Stable
Aston Villa,2021-12-14 19:45:00,0.15814,-0.25884,0.15151,-0.30149,0.0593,0.3269,True,Stable
Aston Villa,2021-12-26 17:30:00,0.18474,-0.23023,0.15814,-0.25884,0.2386,0.2146,True,Stable
Aston Villa,2022-01-02 14:00:00,0.17722,-0.21107,0.18474,-0.23023,0.0678,0.1415,True,Stable
Aston Villa,2022-01-15 17:30:00,0.17697,-0.20856,0.17722,-0.21107,0.0022,0.0184,True,Stable
Aston Villa,2022-01-22 12:30:00,0.17521,-0.21113,0.17697,-0.20856,0.0159,0.0186,True,Stable
Aston Villa,2022-02-09 20:00:00,0.18181,-0.26436,0.17521,-0.21113,0.0599,0.381,True,Stable
Aston Villa,2022-02-13 14:00:00,0.20128,-0.24474,0.18181,-0.26436,0.1776,0.1382,True,Stable
Aston Villa,2022-02-19 15:00:00,0.24608,-0.26587,0.20128,-0.24474,0.4105,0.147,True,Stable
Aston Villa,2022-02-26 15:30:00,0.32966,-0.29024,0.24608,-0.26587,0.7699,0.1671,True,Stable
Aston Villa,2022-03-05 15:00:00,0.41286,-0.30852,0.32966,-0.29024,0.7676,0.1233,True,Stable
Aston Villa,2022-03-10 19:45:00,0.54392,-0.3186,0.41286,-0.30852,1.2007,0.0668,False,Unstable
Aston Villa,2022-03-13 14:00:00,0.58348,-0.32857,0.54392,-0.3186,0.3515,0.0649,True,Stable
Aston Villa,2022-03-19 12:30:00,0.47687,-0.34156,0.58348,-0.32857,0.9131,0.0832,True,Stable
Aston Villa,2022-04-02 14:00:00,0.51764,-0.31652,0.47687,-0.34156,0.3447,0.1574,True,Stable
Aston Villa,2022-04-09 16:30:00,0.51358,-0.29255,0.51764,-0.31652,0.0337,0.1486,True,Stable
Aston Villa,2022-04-23 14:00:00,0.22177,-0.17083,0.51358,-0.29255,2.3826,0.7473,False,Unstable
Aston Villa,2022-04-30 14:00:00,0.12577,-0.0862,0.22177,-0.17083,0.7872,0.5196,True,Stable
Aston Villa,2022-05-07 14:00:00,0.19631,-0.19827,0.12577,-0.0862,0.578,0.6905,True,Stable
Aston Villa,2022-05-10 19:00:00,0.1866,-0.18159,0.19631,-0.19827,0.0798,0.1027,True,Stable
Aston Villa,2022-05-15 13:00:00,0.21844,-0.19759,0.1866,-0.18159,0.2626,0.0984,True,Stable
Aston Villa,2022-05-19 19:00:00,0.2258,-0.19093,0.21844,-0.19759,0.061,0.0409,True,Stable
Aston Villa,2022-05-22 15:00:00,0.24363,-0.22671,0.2258,-0.19093,0.1483,0.2196,True,Stable
Aston Villa,2022-08-06 14:00:00,0.2956,-0.16263,0.24363,-0.22671,0.4342,0.3921,True,Stable
Aston Villa,2022-08-13 11:30:00,0.3168,-0.15048,0.2956,-0.16263,0.1778,0.0744,True,Stable
Aston Villa,2022-08-20 14:00:00,0.28816,-0.16351,0.3168,-0.15048,0.241,0.0799,True,Stable
Aston Villa,2022-08-28 13:00:00,0.31319,-0.12806,0.28816,-0.16351,0.2115,0.2177,True,Stable
Aston Villa,2022-08-31 18:30:00,0.28033,-0.11578,0.31319,-0.12806,0.2785,0.0756,True,Stable
Aston Villa,2022-09-03 16:30:00,0.28969,-0.1493,0.28033,-0.11578,0.0797,0.2069,True,Stable
Aston Villa,2022-09-16 19:00:00,0.29107,-0.14982,0.28969,-0.1493,0.0118,0.0032,True,Stable
Aston Villa,2022-10-02 15:30:00,0.30297,-0.08975,0.29107,-0.14982,0.102,0.372,True,Stable
Aston Villa,2022-10-10 19:00:00,0.28092,-0.12531,0.30297,-0.08975,0.1898,0.221,True,Stable
Aston Villa,2022-10-16 13:00:00,0.227,-0.0354,0.28092,-0.12531,0.4659,0.5602,True,Stable
Aston Villa,2022-10-20 18:30:00,0.1214,0.17629,0.227,-0.0354,0.9158,1.3245,False,Unstable
Aston Villa,2022-10-23 13:00:00,0.14516,0.15964,0.1214,0.17629,0.2057,0.1039,True,Stable
Aston Villa,2022-10-29 14:00:00,0.19594,0.1043,0.14516,0.15964,0.4399,0.345,True,Stable
Aston Villa,2022-11-06 14:00:00,0.23822,0.04984,0.19594,0.1043,0.3674,0.3399,True,Stable
Aston Villa,2022-11-13 14:00:00,0.26943,-0.00866,0.23822,0.04984,0.2722,0.3664,True,Stable
Aston Villa,2022-12-26 17:30:00,0.24781,-0.03195,0.26943,-0.00866,0.1893,0.1465,True,Stable
Aston Villa,2023-01-01 14:00:00,0.2205,-0.07464,0.24781,-0.03195,0.2401,0.2694,True,Stable
Aston Villa,2023-01-04 20:00:00,0.20226,-0.10987,0.2205,-0.07464,0.1608,0.2231,True,Stable
Aston Villa,2023-01-13 20:00:00,0.23621,-0.0608,0.20226,-0.10987,0.3003,0.3116,True,Stable
Aston Villa,2023-01-21 15:00:00,0.24265,-0.03227,0.23621,-0.0608,0.0572,0.1818,True,Stable
Aston Villa,2023-02-04 15:00:00,0.24827,-0.02327,0.24265,-0.03227,0.0501,0.0576,True,Stable
Aston Villa,2023-02-12 16:30:00,0.23859,-0.04202,0.24827,-0.02327,0.0867,0.1204,True,Stable
Aston Villa,2023-02-18 12:30:00,0.2173,-0.11483,0.23859,-0.04202,0.1911,0.4692,True,Stable
Aston Villa,2023-02-25 15:00:00,0.21609,-0.10395,0.2173,-0.11483,0.011,0.0703,True,Stable
Aston Villa,2023-03-04 15:00:00,0.2093,-0.09423,0.21609,-0.10395,0.0613,0.0629,True,Stable
Aston Villa,2023-03-12 14:00:00,0.23103,-0.05236,0.2093,-0.09423,0.197,0.272,True,Stable
Aston Villa,2023-03-18 15:00:00,0.24689,-0.01079,0.23103,-0.05236,0.1443,0.271,True,Stable
Aston Villa,2023-04-01 16:30:00,0.26592,0.02432,0.24689,-0.01079,0.1737,0.2297,True,Stable
Aston Villa,2023-04-04 18:45:00,0.25033,-0.01836,0.26592,0.02432,0.1428,0.2801,True,Stable
Aston Villa,2023-04-08 14:00:00,0.22345,-0.09634,0.25033,-0.01836,0.2472,0.5136,True,Stable
Aston Villa,2023-04-15 11:30:00,0.22872,-0.22413,0.22345,-0.09634,0.0486,0.8439,True,Stable
Aston Villa,2023-04-22 14:00:00,0.25518,-0.24539,0.22872,-0.22413,0.2449,0.1401,True,Stable
Aston Villa,2023-04-25 18:45:00,0.25465,-0.22084,0.25518,-0.24539,0.0049,0.1611,True,Stable
Aston Villa,2023-04-30 13:00:00,0.27473,-0.1946,0.25465,-0.22084,0.1872,0.1719,True,Stable
Aston Villa,2023-05-06 14:00:00,0.25205,-0.12028,0.27473,-0.1946,0.212,0.4865,True,Stable
Aston Villa,2023-05-13 14:00:00,0.22718,-0.07015,0.25205,-0.12028,0.2333,0.3289,True,Stable
Aston Villa,2023-05-20 14:00:00,0.21963,-0.00108,0.22718,-0.07015,0.0711,0.4547,True,Stable
Aston Villa,2023-05-28 15:30:00,0.18075,0.01828,0.21963,-0.00108,0.367,0.1279,True,Stable
Aston Villa,2023-08-12 16:30:00,0.17014,0.03995,0.18075,0.01828,0.1003,0.1436,True,Stable
Aston Villa,2023-08-20 13:00:00,0.20772,-0.02643,0.17014,0.03995,0.3558,0.4408,True,Stable
Aston Villa,2023-08-27 13:00:00,0.2062,-0.02672,0.20772,-0.02643,0.0144,0.0019,True,Stable
Aston Villa,2023-09-03 13:00:00,0.20321,-0.04701,0.2062,-0.02672,0.0285,0.1356,True,Stable
Aston Villa,2023-09-16 14:00:00,0.20444,-0.04706,0.20321,-0.04701,0.0117,0.0003,True,Stable
Aston Villa,2023-09-24 13:00:00,0.20481,-0.04709,0.20444,-0.04706,0.0036,0.0003,True,Stable
Aston Villa,2023-09-30 11:30:00,0.1825,-0.22199,0.20481,-0.04709,0.2141,1.1802,False,Unstable
Aston Villa,2023-10-08 13:00:00,0.19051,-0.19341,0.1825,-0.22199,0.077,0.1924,True,Stable
Aston Villa,2023-10-22 15:30:00,0.16798,-0.41686,0.19051,-0.19341,0.217,1.5038,False,Unstable
Aston Villa,2023-10-29 14:00:00,0.23139,-0.4036,0.16798,-0.41686,0.6116,0.0877,True,Stable
Aston Villa,2023-11-05 14:00:00,0.26978,-0.37647,0.23139,-0.4036,0.3715,0.1767,True,Stable
Aston Villa,2023-11-12 14:00:00,0.32566,-0.28332,0.26978,-0.37647,0.5422,0.6,True,Stable
Aston Villa,2023-11-26 14:00:00,0.293,-0.2633,0.32566,-0.28332,0.3173,0.1283,True,Stable
Aston Villa,2023-12-03 14:00:00,0.24343,-0.17128,0.293,-0.2633,0.4829,0.5882,True,Stable
Aston Villa,2023-12-06 20:15:00,0.22965,-0.11855,0.24343,-0.17128,0.1347,0.3374,True,Stable
Aston Villa,2023-12-09 17:30:00,0.26541,-0.14231,0.22965,-0.11855,0.3504,0.1524,True,Stable
Aston Villa,2023-12-17 14:00:00,0.28065,-0.13256,0.26541,-0.14231,0.1498,0.0626,True,Stable
Aston Villa,2023-12-22 20:00:00,0.25275,-0.16508,0.28065,-0.13256,0.2749,0.2094,True,Stable
Aston Villa,2023-12-26 20:00:00,0.24766,-0.16292,0.25275,-0.16508,0.0503,0.0139,True,Stable
Aston Villa,2023-12-30 15:00:00,0.25222,-0.16175,0.24766,-0.16292,0.0452,0.0076,True,Stable
Aston Villa,2024-01-14 14:00:00,0.25353,-0.11902,0.25222,-0.16175,0.013,0.2762,True,Stable
Aston Villa,2024-01-30 20:15:00,0.24591,-0.03951,0.25353,-0.11902,0.076,0.515,True,Stable
Aston Villa,2024-02-03 17:30:00,0.2855,-0.08551,0.24591,-0.03951,0.3959,0.2989,True,Stable
Aston Villa,2024-02-11 16:30:00,0.29774,-0.03155,0.2855,-0.08551,0.1226,0.3515,True,Stable
Aston Villa,2024-02-17 15:00:00,0.28084,-0.04444,0.29774,-0.03155,0.1698,0.0842,True,Stable
Aston Villa,2024-02-24 15:00:00,0.29206,-0.09778,0.28084,-0.04444,0.1131,0.3494,True,Stable
Aston Villa,2024-03-02 17:30:00,0.28764,-0.13982,0.29206,-0.09778,0.0446,0.2761,True,Stable
Aston Villa,2024-03-10 13:00:00,0.32458,-0.06374,0.28764,-0.13982,0.3739,0.5005,True,Stable
Aston Villa,2024-03-17 14:00:00,0.34445,-0.07878,0.32458,-0.06374,0.2013,0.0992,True,Stable
Aston Villa,2024-03-30 17:30:00,0.3628,-0.04409,0.34445,-0.07878,0.186,0.2294,True,Stable
Aston Villa,2024-04-03 19:15:00,0.38808,-0.0251,0.3628,-0.04409,0.2561,0.126,True,Stable
Aston Villa,2024-04-06 14:00:00,0.38565,-0.04277,0.38808,-0.0251,0.0245,0.1176,True,Stable
Aston Villa,2024-04-14 15:30:00,0.34427,-0.10559,0.38565,-0.04277,0.4172,0.4189,True,Stable
Aston Villa,2024-04-21 14:00:00,0.30363,-0.17534,0.34427,-0.10559,0.4099,0.4663,True,Stable
Aston Villa,2024-04-27 19:00:00,0.28605,-0.24263,0.30363,-0.17534,0.1777,0.4503,True,Stable
Aston Villa,2024-05-05 13:00:00,0.27301,-0.28332,0.28605,-0.24263,0.1321,0.2717,True,Stable
Aston Villa,2024-05-13 19:00:00,0.33095,-0.28039,0.27301,-0.28332,0.5886,0.0195,True,Stable
Aston Villa,2024-05-19 15:00:00,0.3927,-0.27011,0.33095,-0.28039,0.6279,0.0682,True,Stable
Aston Villa,2024-08-17 16:30:00,0.36076,-0.23892,0.3927,-0.27011,0.324,0.2062,True,Stable
Aston Villa,2024-08-24 16:30:00,0.34713,-0.19511,0.36076,-0.23892,0.1382,0.2893,True,Stable
Aston Villa,2024-08-31 14:00:00,0.32295,-0.1844,0.34713,-0.19511,0.2453,0.0708,True,Stable
Aston Villa,2024-09-14 16:30:00,0.27237,-0.13153,0.32295,-0.1844,0.5138,0.3495,True,Stable
Aston Villa,2024-09-21 14:00:00,0.28189,-0.1346,0.27237,-0.13153,0.097,0.0203,True,Stable
Aston Villa,2024-09-29 13:00:00,0.29848,-0.08564,0.28189,-0.1346,0.1694,0.3249,True,Stable
Aston Villa,2024-10-06 13:00:00,0.30271,-0.09972,0.29848,-0.08564,0.0433,0.0937,True,Stable
Aston Villa,2024-10-19 14:00:00,0.36485,-0.08388,0.30271,-0.09972,0.637,0.1056,True,Stable
Aston Villa,2024-10-26 14:00:00,0.40605,-0.07073,0.36485,-0.08388,0.4221,0.0879,True,Stable
Aston Villa,2024-11-03 14:00:00,0.43827,-0.04261,0.40605,-0.07073,0.329,0.1885,True,Stable
Aston Villa,2024-11-09 20:00:00,0.30712,-0.02839,0.43827,-0.04261,1.3315,0.0955,False,Unstable
Aston Villa,2024-11-23 15:00:00,0.25982,0.0165,0.30712,-0.02839,0.4812,0.3024,True,Stable
Aston Villa,2024-12-01 13:30:00,0.16004,0.15139,0.25982,0.0165,1.0176,0.9102,False,Unstable
Aston Villa,2024-12-04 20:15:00,0.1635,0.11,0.16004,0.15139,0.0353,0.2786,True,Stable
Aston Villa,2024-12-07 15:00:00,0.12882,0.2389,0.1635,0.11,0.3537,0.8672,True,Stable
Aston Villa,2024-12-14 17:30:00,0.17304,0.14666,0.12882,0.2389,0.4502,0.6162,True,Stable
Aston Villa,2024-12-21 12:30:00,0.1824,0.13371,0.17304,0.14666,0.0953,0.0863,True,Stable
Aston Villa,2024-12-26 15:00:00,0.18272,0.09642,0.1824,0.13371,0.0032,0.2483,True,Stable
Aston Villa,2024-12-30 19:45:00,0.18361,0.13197,0.18272,0.09642,0.0092,0.2367,True,Stable
Aston Villa,2025-01-04 15:00:00,0.17811,0.04903,0.18361,0.13197,0.0562,0.5516,True,Stable
Aston Villa,2025-01-15 19:30:00,0.18209,0.04213,0.17811,0.04903,0.0407,0.046,True,Stable
Aston Villa,2025-01-18 17:30:00,0.17043,0.08231,0.18209,0.04213,0.1194,0.2681,True,Stable
Aston Villa,2025-01-26 16:30:00,0.16329,0.00869,0.17043,0.08231,0.0731,0.4914,True,Stable
Aston Villa,2025-02-01 17:30:00,0.16508,0.04316,0.16329,0.00869,0.0184,0.2305,True,Stable
Aston Villa,2025-02-15 15:00:00,0.15789,0.16575,0.16508,0.04316,0.0737,0.8211,True,Stable
Aston Villa,2025-02-19 15:00:00,0.1756,0.17467,0.15789,0.16575,0.1816,0.0595,True,Stable
Aston Villa,2025-02-22 17:30:00,0.13842,0.14219,0.1756,0.17467,0.3814,0.2164,True,Stable
Aston Villa,2025-02-25 19:30:00,0.13451,0.21449,0.13842,0.14219,0.0401,0.4811,True,Stable
Aston Villa,2025-03-08 17:30:00,0.13972,0.21871,0.13451,0.21449,0.0533,0.0279,True,Stable
Aston Villa,2025-04-02 19:45:00,0.15259,0.0566,0.13972,0.21871,0.1317,1.0689,False,Unstable
Aston Villa,2025-04-05 16:30:00,0.17254,0.14062,0.15259,0.0566,0.204,0.5547,True,Stable
Aston Villa,2025-04-12 14:00:00,0.19053,0.19252,0.17254,0.14062,0.1841,0.3423,True,Stable
Aston Villa,2025-04-19 16:30:00,0.20393,0.19115,0.19053,0.19252,0.1373,0.009,True,Stable
Aston Villa,2025-04-22 19:00:00,0.24385,0.22412,0.20393,0.19115,0.4098,0.2162,True,Stable
Aston Villa,2025-05-03 11:30:00,0.31144,0.27068,0.24385,0.22412,0.6955,0.3039,True,Stable
Aston Villa,2025-05-10 16:30:00,0.31267,0.25818,0.31144,0.27068,0.0127,0.081,True,Stable
Aston Villa,2025-05-16 18:30:00,0.29107,0.23839,0.31267,0.25818,0.2228,0.1276,True,Stable
Aston Villa,2025-05-25 15:00:00,0.29177,0.25097,0.29107,0.23839,0.0072,0.0807,True,Stable
Burnley,2018-08-19 15:30:00,0.25253,0.01335,0.23366,0.03841,0.1187,0.5433,True,Stable
Burnley,2018-08-26 17:00:00,0.30082,-0.00628,0.25253,0.01335,0.289,0.402,True,Stable
Burnley,2018-09-02 15:00:00,0.30991,0.04926,0.30082,-0.00628,0.053,1.1065,False,Unstable
Burnley,2018-09-16 12:30:00,0.24237,0.0236,0.30991,0.04926,0.3853,0.4732,True,Stable
Burnley,2018-09-22 14:00:00,0.29013,0.00207,0.24237,0.0236,0.2636,0.3823,True,Stable
Burnley,2018-09-30 15:00:00,0.27246,-0.02519,0.29013,0.00207,0.0958,0.4762,True,Stable
Burnley,2018-10-06 14:00:00,0.24273,-0.05597,0.27246,-0.02519,0.1583,0.5372,True,Stable
Burnley,2018-10-20 14:00:00,0.202,-0.11647,0.24273,-0.05597,0.2124,1.0652,False,Unstable
Burnley,2018-10-28 12:30:00,0.18883,-0.09979,0.202,-0.11647,0.0669,0.2957,True,Stable
Burnley,2018-11-03 15:00:00,0.19064,-0.09669,0.18883,-0.09979,0.009,0.0556,True,Stable
Burnley,2018-11-10 15:00:00,0.22475,-0.05665,0.19064,-0.09669,0.1657,0.7243,True,Stable
Burnley,2018-11-26 20:00:00,0.23299,0.00064,0.22475,-0.05665,0.0395,1.0443,False,Unstable
Burnley,2018-12-01 15:00:00,0.22796,-0.00842,0.23299,0.00064,0.0239,0.1629,True,Stable
Burnley,2018-12-05 19:45:00,0.22752,-0.01587,0.22796,-0.00842,0.0021,0.1331,True,Stable
Burnley,2018-12-08 15:00:00,0.22452,0.0455,0.22752,-0.01587,0.014,1.0932,False,Unstable
Burnley,2018-12-15 15:00:00,0.21271,0.04143,0.22452,0.0455,0.0547,0.0699,True,Stable
Burnley,2018-12-22 12:30:00,0.21488,0.00914,0.21271,0.04143,0.0099,0.5402,True,Stable
Burnley,2018-12-26 15:00:00,0.18859,0.09528,0.21488,0.00914,0.12,1.4289,False,Unstable
Burnley,2018-12-30 14:15:00,0.16101,0.09537,0.18859,0.09528,0.1248,0.0014,True,Stable
Burnley,2019-01-02 19:45:00,0.15916,0.08302,0.16101,0.09537,0.0083,0.1848,True,Stable
Burnley,2019-01-12 15:00:00,0.1797,0.04517,0.15916,0.08302,0.0911,0.5476,True,Stable
Burnley,2019-01-19 15:00:00,0.16719,0.10145,0.1797,0.04517,0.0551,0.8042,True,Stable
Burnley,2019-01-29 20:00:00,0.20744,0.00195,0.16719,0.10145,0.1762,1.3722,False,Unstable
Burnley,2019-02-02 15:00:00,0.18972,0.03735,0.20744,0.00195,0.0774,0.4893,True,Stable
Burnley,2019-02-09 17:30:00,0.20834,-0.03062,0.18972,0.03735,0.081,0.9338,True,Stable
Burnley,2019-02-23 12:30:00,0.20635,-0.01796,0.20834,-0.03062,0.0087,0.1752,True,Stable
Burnley,2019-02-26 20:00:00,0.20613,-0.02593,0.20635,-0.01796,0.0009,0.1109,True,Stable
Burnley,2019-03-02 15:00:00,0.20098,0.07741,0.20613,-0.02593,0.0223,1.4466,False,Unstable
Burnley,2019-03-10 12:00:00,0.22729,0.02557,0.20098,0.07741,0.1139,0.7126,True,Stable
Burnley,2019-03-16 15:00:00,0.24677,0.08512,0.22729,0.02557,0.0844,0.8176,True,Stable
Burnley,2019-03-30 15:00:00,0.27837,0.10837,0.24677,0.08512,0.1372,0.3134,True,Stable
Burnley,2019-04-06 15:00:00,0.32914,0.07313,0.27837,0.10837,0.2212,0.4633,True,Stable
Burnley,2019-04-13 15:00:00,0.25739,0.0294,0.32914,0.07313,0.3143,0.5686,True,Stable
Burnley,2019-04-22 20:00:00,0.21068,-0.0347,0.25739,0.0294,0.2052,0.8339,True,Stable
Burnley,2019-04-28 14:05:00,0.19281,-0.08665,0.21068,-0.0347,0.0785,0.6803,True,Stable
Burnley,2019-05-03 19:00:00,0.22909,-0.06947,0.19281,-0.08665,0.1593,0.226,True,Stable
Burnley,2019-05-12 14:00:00,0.28203,-0.06927,0.22909,-0.06947,0.2329,0.0027,True,Stable
Burnley,2019-08-10 15:00:00,0.29775,-0.11854,0.28203,-0.06927,0.0694,0.6565,True,Stable
Burnley,2019-08-17 12:30:00,0.28885,-0.06963,0.29775,-0.11854,0.0395,0.6522,True,Stable
Burnley,2019-08-25 16:30:00,0.29845,-0.09078,0.28885,-0.06963,0.0428,0.2838,True,Stable
Burnley,2019-08-31 17:30:00,0.30792,-0.09802,0.29845,-0.09078,0.0424,0.0976,True,Stable
Burnley,2019-09-14 14:00:00,0.26666,-0.07276,0.30792,-0.09802,0.1856,0.3415,True,Stable
Burnley,2019-09-21 14:00:00,0.30224,0.00503,0.26666,-0.07276,0.1606,1.0577,False,Unstable
Burnley,2019-09-28 14:00:00,0.32796,0.01004,0.30224,0.00503,0.1167,0.0683,True,Stable
Burnley,2019-10-05 15:00:00,0.37243,0.02209,0.32796,0.01004,0.2028,0.1646,True,Stable
Burnley,2019-10-19 15:00:00,0.41668,0.03654,0.37243,0.02209,0.2029,0.1976,True,Stable
Burnley,2019-10-26 17:30:00,0.45135,0.05595,0.41668,0.03654,0.1599,0.2648,True,Stable
Burnley,2019-11-02 15:00:00,0.40258,0.04946,0.45135,0.05595,0.2263,0.0881,True,Stable
Burnley,2019-11-09 15:00:00,0.39292,0.03617,0.40258,0.04946,0.0451,0.1797,True,Stable
Burnley,2019-11-23 15:00:00,0.39085,0.04088,0.39292,0.03617,0.0097,0.0636,True,Stable
Burnley,2019-11-30 15:00:00,0.37985,0.0655,0.39085,0.04088,0.0519,0.3321,True,Stable
Burnley,2019-12-03 20:15:00,0.38249,0.02937,0.37985,0.0655,0.0126,0.4845,True,Stable
Burnley,2019-12-07 15:00:00,0.39055,0.02954,0.38249,0.02937,0.0385,0.0023,True,Stable
Burnley,2019-12-14 15:00:00,0.36962,0.05167,0.39055,0.02954,0.1005,0.2972,True,Stable
Burnley,2019-12-21 15:00:00,0.38308,0.03718,0.36962,0.05167,0.0649,0.194,True,Stable
Burnley,2019-12-26 15:00:00,0.44079,0.00409,0.38308,0.03718,0.2799,0.4432,True,Stable
Burnley,2019-12-28 19:45:00,0.47243,0.00829,0.44079,0.00409,0.1543,0.0565,True,Stable
Burnley,2020-01-01 12:30:00,0.42729,0.02916,0.47243,0.00829,0.2211,0.2814,True,Stable
Burnley,2020-01-11 15:00:00,0.44553,0.00708,0.42729,0.02916,0.0898,0.2981,True,Stable
Burnley,2020-01-19 14:00:00,0.36908,0.0392,0.44553,0.00708,0.3784,0.4351,True,Stable
Burnley,2020-01-22 20:15:00,0.41679,0.01292,0.36908,0.0392,0.2373,0.356,True,Stable
Burnley,2020-02-02 14:00:00,0.37235,0.0722,0.41679,0.01292,0.2222,0.8057,True,Stable
Burnley,2020-02-15 12:30:00,0.43215,0.04041,0.37235,0.0722,0.3004,0.4298,True,Stable
Burnley,2020-02-22 15:00:00,0.43306,0.03584,0.43215,0.04041,0.0046,0.0618,True,Stable
Burnley,2020-02-29 15:00:00,0.42675,0.02164,0.43306,0.03584,0.032,0.192,True,Stable
Burnley,2020-03-07 17:30:00,0.36272,0.12327,0.42675,0.02164,0.3263,1.3782,False,Unstable
Burnley,2020-06-22 19:00:00,0.40437,0.08552,0.36272,0.12327,0.2132,0.5038,True,Stable
Burnley,2020-06-25 17:00:00,0.37214,0.12353,0.40437,0.08552,0.1658,0.5042,True,Stable
Burnley,2020-06-29 19:00:00,0.39514,0.18134,0.37214,0.12353,0.1189,0.756,True,Stable
Burnley,2020-07-05 11:00:00,0.47457,0.19627,0.39514,0.18134,0.4124,0.1896,True,Stable
Burnley,2020-07-08 17:00:00,0.62356,0.1813,0.47457,0.19627,0.7768,0.1844,True,Stable
Burnley,2020-07-11 14:00:00,0.79281,0.18714,0.62356,0.1813,0.8816,0.0702,True,Stable
Burnley,2020-07-15 17:00:00,0.82866,0.18701,0.79281,0.18714,0.1843,0.0016,True,Stable
Burnley,2020-07-18 16:30:00,0.73889,0.17457,0.82866,0.18701,0.4546,0.1431,True,Stable
Burnley,2020-07-26 15:00:00,0.73028,0.20238,0.73889,0.17457,0.0433,0.3147,True,Stable
Burnley,2020-09-20 18:00:00,0.70517,0.19271,0.73028,0.20238,0.1255,0.1071,True,Stable
Burnley,2020-09-26 19:00:00,0.74603,0.20141,0.70517,0.19271,0.2034,0.0946,True,Stable
Burnley,2020-10-03 19:00:00,0.75622,0.19377,0.74603,0.20141,0.0504,0.0815,True,Stable
Burnley,2020-10-19 16:30:00,0.87475,0.21699,0.75622,0.19377,0.5824,0.244,True,Stable
Burnley,2020-10-26 20:00:00,0.76346,0.2117,0.87475,0.21699,0.5385,0.0546,True,Stable
Burnley,2020-10-31 15:00:00,0.7527,0.23017,0.76346,0.2117,0.0517,0.1872,True,Stable
Burnley,2020-11-06 17:30:00,0.76818,0.24713,0.7527,0.23017,0.0741,0.1687,True,Stable
Burnley,2020-11-23 17:30:00,0.73445,0.27396,0.76818,0.24713,0.1605,0.2612,True,Stable
Burnley,2020-11-28 15:00:00,0.69064,0.2791,0.73445,0.27396,0.2076,0.0489,True,Stable
Burnley,2020-12-05 12:30:00,0.72015,0.2741,0.69064,0.2791,0.1397,0.0465,True,Stable
Burnley,2020-12-13 19:15:00,0.73183,0.27408,0.72015,0.2741,0.0551,0.0002,True,Stable
Burnley,2020-12-17 18:00:00,0.73546,0.27463,0.73183,0.27408,0.0171,0.005,True,Stable
Burnley,2020-12-21 17:30:00,0.69717,0.24781,0.73546,0.27463,0.1797,0.2348,True,Stable
Burnley,2020-12-27 12:00:00,0.70441,0.25509,0.69717,0.24781,0.034,0.0629,True,Stable
Burnley,2020-12-29 18:00:00,0.70054,0.25091,0.70441,0.25509,0.0181,0.0357,True,Stable
Burnley,2021-01-12 22:15:00,0.71947,0.24557,0.70054,0.25091,0.0886,0.045,True,Stable
Burnley,2021-01-16 15:00:00,0.7212,0.24736,0.71947,0.24557,0.0081,0.015,True,Stable
Burnley,2021-01-21 20:00:00,0.67426,0.2698,0.7212,0.24736,0.2189,0.1853,True,Stable
Burnley,2021-01-27 18:00:00,0.82261,0.23197,0.67426,0.2698,0.6919,0.3087,True,Stable
Burnley,2021-01-31 12:00:00,0.7538,0.21685,0.82261,0.23197,0.3188,0.1225,True,Stable
Burnley,2021-02-03 18:00:00,0.67558,0.19076,0.7538,0.21685,0.3616,0.2102,True,Stable
Burnley,2021-02-06 15:00:00,0.6616,0.17258,0.67558,0.19076,0.0646,0.1461,True,Stable
Burnley,2021-02-13 15:00:00,0.5295,0.157,0.6616,0.17258,0.6114,0.125,True,Stable
Burnley,2021-02-17 18:00:00,0.60622,0.1534,0.5295,0.157,0.3563,0.0288,True,Stable
Burnley,2021-02-20 15:00:00,0.54229,0.17379,0.60622,0.1534,0.2976,0.1635,True,Stable
Burnley,2021-02-28 14:00:00,0.56083,0.19137,0.54229,0.17379,0.0866,0.1408,True,Stable
Burnley,2021-03-03 18:00:00,0.54888,0.17891,0.56083,0.19137,0.056,0.0996,True,Stable
Burnley,2021-03-06 12:30:00,0.53086,0.1465,0.54888,0.17891,0.0847,0.2586,True,Stable
Burnley,2021-03-13 17:30:00,0.48665,0.14153,0.53086,0.1465,0.2085,0.0397,True,Stable
Burnley,2021-04-04 11:00:00,0.51844,0.10529,0.48665,0.14153,0.1504,0.2896,True,Stable
Burnley,2021-04-11 11:00:00,0.52524,0.0981,0.51844,0.10529,0.0323,0.0576,True,Stable
Burnley,2021-04-18 15:00:00,0.52326,0.0825,0.52524,0.0981,0.0094,0.1252,True,Stable
Burnley,2021-04-25 11:00:00,0.37369,0.06273,0.52326,0.0825,0.715,0.1593,True,Stable
Burnley,2021-05-03 19:15:00,0.45494,0.09293,0.37369,0.06273,0.3893,0.2441,True,Stable
Burnley,2021-05-10 19:00:00,0.44395,0.08714,0.45494,0.09293,0.0528,0.0469,True,Stable
Burnley,2021-05-15 11:30:00,0.4452,0.08696,0.44395,0.08714,0.006,0.0015,True,Stable
Burnley,2021-05-19 19:15:00,0.45281,0.09697,0.4452,0.08696,0.0368,0.0816,True,Stable
Burnley,2021-05-23 15:00:00,0.43448,0.14375,0.45281,0.09697,0.089,0.3821,True,Stable
Burnley,2021-08-14 14:00:00,0.37621,0.15491,0.43448,0.14375,0.2839,0.0913,True,Stable
Burnley,2021-08-21 11:30:00,0.29481,0.22415,0.37621,0.15491,0.3975,0.5662,True,Stable
Burnley,2021-08-29 13:00:00,0.2752,0.21165,0.29481,0.22415,0.0958,0.1018,True,Stable
Burnley,2021-09-13 19:00:00,0.25447,0.2183,0.2752,0.21165,0.1013,0.054,True,Stable
Burnley,2021-09-18 14:00:00,0.23529,0.21702,0.25447,0.2183,0.0937,0.0103,True,Stable
Burnley,2021-09-25 14:00:00,0.29616,0.16865,0.23529,0.21702,0.2971,0.39,True,Stable
Burnley,2021-10-02 14:00:00,0.32155,0.13762,0.29616,0.16865,0.124,0.2502,True,Stable
Burnley,2021-10-16 14:00:00,0.32217,0.14603,0.32155,0.13762,0.003,0.0679,True,Stable
Burnley,2021-10-23 14:00:00,0.32678,0.122,0.32217,0.14603,0.0225,0.1943,True,Stable
Burnley,2021-10-30 14:00:00,0.30212,0.09842,0.32678,0.122,0.121,0.1909,True,Stable
Burnley,2021-11-06 15:00:00,0.32232,0.11209,0.30212,0.09842,0.0992,0.111,True,Stable
Burnley,2021-11-20 15:00:00,0.28494,0.08057,0.32232,0.11209,0.1839,0.2564,True,Stable
Burnley,2021-12-01 19:30:00,0.21455,-0.0022,0.28494,0.08057,0.3465,0.6754,True,Stable
Burnley,2021-12-04 15:00:00,0.26117,0.0335,0.21455,-0.0022,0.2291,0.292,True,Stable
Burnley,2021-12-12 14:00:00,0.2726,0.02132,0.26117,0.0335,0.0562,0.1,True,Stable
Burnley,2021-12-30 20:15:00,0.27766,0.01072,0.2726,0.02132,0.0249,0.0872,True,Stable
Burnley,2022-01-02 14:00:00,0.31211,0.02353,0.27766,0.01072,0.1695,0.1057,True,Stable
Burnley,2022-01-23 14:00:00,0.23534,0.11106,0.31211,0.02353,0.3782,0.7243,True,Stable
Burnley,2022-02-05 18:00:00,0.23133,0.11921,0.23534,0.11106,0.0197,0.0676,True,Stable
Burnley,2022-02-08 20:00:00,0.24678,0.12396,0.23133,0.11921,0.076,0.0395,True,Stable
Burnley,2022-02-13 14:00:00,0.24146,0.15652,0.24678,0.12396,0.0261,0.2709,True,Stable
Burnley,2022-02-19 15:00:00,0.28883,0.1398,0.24146,0.15652,0.233,0.1392,True,Stable
Burnley,2022-02-23 19:30:00,0.24227,0.0986,0.28883,0.1398,0.2292,0.3434,True,Stable
Burnley,2022-02-26 15:00:00,0.23506,0.05339,0.24227,0.0986,0.0355,0.3778,True,Stable
Burnley,2022-03-01 19:45:00,0.25268,0.06283,0.23506,0.05339,0.0867,0.079,True,Stable
Burnley,2022-03-05 15:00:00,0.24718,0.06252,0.25268,0.06283,0.0271,0.0026,True,Stable
Burnley,2022-03-12 15:00:00,0.27329,0.10099,0.24718,0.06252,0.1285,0.3242,True,Stable
Burnley,2022-04-02 14:00:00,0.25929,0.12899,0.27329,0.10099,0.069,0.2365,True,Stable
Burnley,2022-04-06 18:30:00,0.25724,0.16319,0.25929,0.12899,0.0101,0.2893,True,Stable
Burnley,2022-04-10 13:00:00,0.24961,0.18411,0.25724,0.16319,0.0376,0.177,True,Stable
Burnley,2022-04-17 13:15:00,0.2504,0.20821,0.24961,0.18411,0.0039,0.2037,True,Stable
Burnley,2022-04-21 18:45:00,0.28899,0.24212,0.2504,0.20821,0.1903,0.286,True,Stable
Burnley,2022-04-24 13:00:00,0.25201,0.23684,0.28899,0.24212,0.1825,0.0443,True,Stable
Burnley,2022-04-30 14:00:00,0.25347,0.25072,0.25201,0.23684,0.0072,0.1162,True,Stable
Burnley,2022-05-07 14:00:00,0.26161,0.22362,0.25347,0.25072,0.0402,0.2258,True,Stable
Burnley,2022-05-15 11:00:00,0.25488,0.20261,0.26161,0.22362,0.0333,0.1745,True,Stable
Burnley,2022-05-19 19:00:00,0.25176,0.15748,0.25488,0.20261,0.0155,0.3744,True,Stable
Burnley,2022-05-22 15:00:00,0.26557,0.15163,0.25176,0.15748,0.0683,0.0486,True,Stable
Burnley,2023-08-11 19:00:00,0.30177,0.14429,0.26557,0.15163,0.1793,0.0611,True,Stable
Burnley,2023-08-27 13:00:00,0.31627,0.13592,0.30177,0.14429,0.0719,0.0696,True,Stable
Burnley,2023-09-02 14:00:00,0.35396,0.1119,0.31627,0.13592,0.1872,0.2002,True,Stable
Burnley,2023-09-18 18:45:00,0.40292,0.08478,0.35396,0.1119,0.2437,0.2265,True,Stable
Burnley,2023-09-23 19:00:00,0.33915,0.1069,0.40292,0.08478,0.3182,0.1852,True,Stable
Burnley,2023-09-30 14:00:00,0.34307,0.11238,0.33915,0.1069,0.0196,0.046,True,Stable
Burnley,2023-10-03 18:30:00,0.35289,0.09043,0.34307,0.11238,0.0492,0.1846,True,Stable
Burnley,2023-10-07 14:00:00,0.32019,0.1277,0.35289,0.09043,0.1642,0.3142,True,Stable
Burnley,2023-10-21 14:00:00,0.3461,0.16707,0.32019,0.1277,0.1303,0.3323,True,Stable
Burnley,2023-10-28 14:00:00,0.33489,0.14046,0.3461,0.16707,0.0565,0.2247,True,Stable
Burnley,2023-11-04 15:00:00,0.38759,0.19671,0.33489,0.14046,0.2661,0.4757,True,Stable
Burnley,2023-11-11 15:00:00,0.57169,0.21648,0.38759,0.19671,0.9319,0.167,True,Stable
Burnley,2023-11-25 15:00:00,0.58654,0.22507,0.57169,0.21648,0.0753,0.0725,True,Stable
Burnley,2023-12-02 15:00:00,0.77423,0.19766,0.58654,0.22507,0.9522,0.2307,True,Stable
Burnley,2023-12-05 19:30:00,0.82643,0.20277,0.77423,0.19766,0.2635,0.043,True,Stable
Burnley,2023-12-09 15:00:00,0.5833,0.16476,0.82643,0.20277,1.2188,0.3194,False,Unstable
Burnley,2023-12-16 17:30:00,0.62235,0.16542,0.5833,0.16476,0.196,0.0056,True,Stable
Burnley,2023-12-23 15:00:00,0.51633,0.1241,0.62235,0.16542,0.5323,0.3477,True,Stable
Burnley,2023-12-26 17:30:00,0.72858,0.15791,0.51633,0.1241,1.0678,0.285,False,Unstable
Burnley,2023-12-30 15:00:00,0.74173,0.1289,0.72858,0.15791,0.066,0.2448,True,Stable
Burnley,2024-01-12 19:45:00,0.66552,0.14129,0.74173,0.1289,0.3812,0.1047,True,Stable
Burnley,2024-01-31 19:30:00,0.64969,0.13539,0.66552,0.14129,0.0792,0.0499,True,Stable
Burnley,2024-02-03 15:00:00,0.68838,0.15541,0.64969,0.13539,0.1934,0.1698,True,Stable
Burnley,2024-02-10 15:00:00,0.64782,0.14032,0.68838,0.15541,0.2025,0.1281,True,Stable
Burnley,2024-02-17 15:00:00,0.6979,0.15391,0.64782,0.14032,0.25,0.1155,True,Stable
Burnley,2024-02-24 15:00:00,0.58917,0.1184,0.6979,0.15391,0.542,0.3021,True,Stable
Burnley,2024-03-03 13:00:00,0.63414,0.12495,0.58917,0.1184,0.2245,0.0558,True,Stable
Burnley,2024-03-10 14:00:00,0.66684,0.11921,0.63414,0.12495,0.1633,0.049,True,Stable
Burnley,2024-03-16 15:00:00,0.7186,0.11623,0.66684,0.11921,0.2583,0.0255,True,Stable
Burnley,2024-03-30 15:00:00,0.78887,0.10967,0.7186,0.11623,0.35,0.0562,True,Stable
Burnley,2024-04-02 18:45:00,0.80425,0.11101,0.78887,0.10967,0.0763,0.0116,True,Stable
Burnley,2024-04-06 14:00:00,0.90308,0.09592,0.80425,0.11101,0.488,0.1299,True,Stable
Burnley,2024-04-13 14:00:00,1.04726,0.10275,0.90308,0.09592,0.7058,0.059,True,Stable
Burnley,2024-04-20 14:00:00,1.18839,0.09395,1.04726,0.10275,0.6797,0.0761,True,Stable
Burnley,2024-04-27 14:00:00,1.21185,0.09596,1.18839,0.09395,0.1102,0.0174,True,Stable
Burnley,2024-05-04 14:00:00,1.22204,0.09302,1.21185,0.09596,0.0467,0.0255,True,Stable
Burnley,2024-05-11 14:00:00,1.2761,0.08625,1.22204,0.09302,0.242,0.0588,True,Stable
Burnley,2024-05-19 15:00:00,1.44045,0.06902,1.2761,0.08625,0.7167,0.1502,True,Stable
Brighton,2019-08-17 15:00:00,0.50347,0.04576,0.48131,0.03867,0.1587,0.0986,True,Stable
Brighton,2019-08-24 15:00:00,0.50152,0.04898,0.50347,0.04576,0.014,0.0453,True,Stable
Brighton,2019-08-31 15:00:00,0.49918,0.05155,0.50152,0.04898,0.0167,0.0367,True,Stable
Brighton,2019-09-14 14:00:00,0.48259,0.07846,0.49918,0.05155,0.1189,0.3881,True,Stable
Brighton,2019-09-21 16:30:00,0.32484,0.13618,0.48259,0.07846,1.1362,0.8419,False,Unstable
Brighton,2019-09-28 14:00:00,0.28607,0.16016,0.32484,0.13618,0.2822,0.3485,True,Stable
Brighton,2019-10-05 12:30:00,0.30913,0.16683,0.28607,0.16016,0.169,0.0957,True,Stable
Brighton,2019-10-19 15:00:00,0.311,0.17235,0.30913,0.16683,0.0139,0.078,True,Stable
Brighton,2019-10-26 15:00:00,0.3641,0.13773,0.311,0.17235,0.3963,0.4831,True,Stable
Brighton,2019-11-02 15:00:00,0.36698,0.13752,0.3641,0.13773,0.0217,0.0029,True,Stable
Brighton,2019-11-10 14:00:00,0.36394,0.13291,0.36698,0.13752,0.0232,0.0644,True,Stable
Brighton,2019-11-23 15:00:00,0.39072,0.15206,0.36394,0.13291,0.2063,0.2681,True,Stable
Brighton,2019-11-30 15:00:00,0.44092,0.17592,0.39072,0.15206,0.3905,0.333,True,Stable
Brighton,2019-12-05 20:15:00,0.46006,0.18904,0.44092,0.17592,0.1499,0.1812,True,Stable
Brighton,2019-12-08 16:30:00,0.52347,0.18303,0.46006,0.18904,0.4989,0.0818,True,Stable
Brighton,2019-12-16 19:45:00,0.55835,0.19395,0.52347,0.18303,0.2733,0.1473,True,Stable
Brighton,2019-12-21 15:00:00,0.56151,0.18944,0.55835,0.19395,0.0245,0.0601,True,Stable
Brighton,2019-12-26 12:30:00,0.51217,0.16446,0.56151,0.18944,0.3794,0.3293,True,Stable
Brighton,2019-12-28 12:30:00,0.46505,0.18053,0.51217,0.16446,0.3622,0.2116,True,Stable
Brighton,2020-01-01 12:30:00,0.47204,0.18896,0.46505,0.18053,0.054,0.1104,True,Stable
Brighton,2020-01-11 15:00:00,0.4682,0.21099,0.47204,0.18896,0.0298,0.2865,True,Stable
Brighton,2020-01-18 15:00:00,0.48042,0.21957,0.4682,0.21099,0.0954,0.1101,True,Stable
Brighton,2020-01-21 19:30:00,0.44938,0.22591,0.48042,0.21957,0.2433,0.0802,True,Stable
Brighton,2020-02-01 15:00:00,0.43269,0.20935,0.44938,0.22591,0.1316,0.2064,True,Stable
Brighton,2020-02-08 17:30:00,0.45186,0.19935,0.43269,0.20935,0.1523,0.1236,True,Stable
Brighton,2020-02-22 15:00:00,0.50204,0.1655,0.45186,0.19935,0.401,0.4164,True,Stable
Brighton,2020-02-29 12:30:00,0.45985,0.20103,0.50204,0.1655,0.3378,0.4381,True,Stable
Brighton,2020-03-07 15:00:00,0.46845,0.21364,0.45985,0.20103,0.0692,0.1549,True,Stable
Brighton,2020-06-20 14:00:00,0.48118,0.21361,0.46845,0.21364,0.103,0.0004,True,Stable
Brighton,2020-06-23 17:00:00,0.50865,0.23588,0.48118,0.21361,0.2231,0.2697,True,Stable
Brighton,2020-06-30 19:15:00,0.51013,0.24848,0.50865,0.23588,0.0121,0.151,True,Stable
Brighton,2020-07-04 11:30:00,0.50443,0.20812,0.51013,0.24848,0.0465,0.4769,True,Stable
Brighton,2020-07-08 19:15:00,0.51803,0.21952,0.50443,0.20812,0.111,0.1344,True,Stable
Brighton,2020-07-11 19:00:00,0.50775,0.242,0.51803,0.21952,0.0839,0.2636,True,Stable
Brighton,2020-07-16 19:15:00,0.54094,0.22195,0.50775,0.242,0.2715,0.2329,True,Stable
Brighton,2020-07-20 17:00:00,0.52391,0.23916,0.54094,0.22195,0.1391,0.1991,True,Stable
Brighton,2020-07-26 15:00:00,0.53902,0.26658,0.52391,0.23916,0.1235,0.3149,True,Stable
Brighton,2020-09-14 19:15:00,0.53225,0.25296,0.53902,0.26658,0.0553,0.1544,True,Stable
Brighton,2020-09-20 13:00:00,0.49247,0.2275,0.53225,0.25296,0.3248,0.2861,True,Stable
Brighton,2020-09-26 11:30:00,0.52158,0.23803,0.49247,0.2275,0.2385,0.118,True,Stable
Brighton,2020-10-03 14:00:00,0.47901,0.19733,0.52158,0.23803,0.3492,0.454,True,Stable
Brighton,2020-10-18 13:00:00,0.53111,0.14989,0.47901,0.19733,0.4294,0.5301,True,Stable
Brighton,2020-10-26 17:30:00,0.60266,0.12488,0.53111,0.14989,0.59,0.2811,True,Stable
Brighton,2020-11-01 19:15:00,0.60702,0.11626,0.60266,0.12488,0.0356,0.0975,True,Stable
Brighton,2020-11-06 17:30:00,0.65151,0.11062,0.60702,0.11626,0.3609,0.0641,True,Stable
Brighton,2020-11-21 15:00:00,0.53539,0.12856,0.65151,0.11062,0.928,0.2053,True,Stable
Brighton,2020-11-28 12:30:00,0.58027,0.15104,0.53539,0.12856,0.3591,0.2588,True,Stable
Brighton,2020-12-07 20:00:00,0.59971,0.18447,0.58027,0.15104,0.155,0.387,True,Stable
Brighton,2020-12-13 19:15:00,0.41829,0.22488,0.59971,0.18447,1.4396,0.4692,False,Unstable
Brighton,2020-12-16 20:00:00,0.44371,0.23424,0.41829,0.22488,0.2029,0.1085,True,Stable
Brighton,2020-12-20 12:00:00,0.26093,0.30674,0.44371,0.23424,1.467,0.8373,False,Unstable
Brighton,2020-12-27 14:15:00,0.33204,0.30938,0.26093,0.30674,0.5683,0.03,True,Stable
Brighton,2020-12-29 18:00:00,0.29337,0.30902,0.33204,0.30938,0.3098,0.004,True,Stable
Brighton,2021-01-02 17:30:00,0.32998,0.29914,0.29337,0.30902,0.293,0.1085,True,Stable
Brighton,2021-01-13 18:00:00,0.33359,0.29901,0.32998,0.29914,0.029,0.0014,True,Stable
Brighton,2021-01-16 15:00:00,0.35641,0.28168,0.33359,0.29901,0.1836,0.1857,True,Stable
Brighton,2021-01-27 19:30:00,0.38306,0.30167,0.35641,0.28168,0.2153,0.2126,True,Stable
Brighton,2021-01-31 19:15:00,0.37399,0.30729,0.38306,0.30167,0.0736,0.0591,True,Stable
Brighton,2021-02-03 20:15:00,0.34833,0.33103,0.37399,0.30729,0.2092,0.2472,True,Stable
Brighton,2021-02-06 15:00:00,0.34868,0.31538,0.34833,0.33103,0.0028,0.1606,True,Stable
Brighton,2021-02-13 20:00:00,0.29517,0.36695,0.34868,0.31538,0.4392,0.5237,True,Stable
Brighton,2021-02-22 20:00:00,0.28136,0.38693,0.29517,0.36695,0.1134,0.1989,True,Stable
Brighton,2021-02-27 15:00:00,0.19056,0.54806,0.28136,0.38693,0.7444,1.5678,False,Unstable
Brighton,2021-03-06 20:00:00,0.16287,0.54761,0.19056,0.54806,0.2244,0.0042,True,Stable
Brighton,2021-03-14 12:00:00,0.17076,0.56437,0.16287,0.54761,0.063,0.1448,True,Stable
Brighton,2021-03-20 20:00:00,0.28015,0.44267,0.17076,0.56437,0.8621,0.998,True,Stable
Brighton,2021-04-04 18:30:00,0.25944,0.38806,0.28015,0.44267,0.1632,0.4389,True,Stable
Brighton,2021-04-12 19:15:00,0.22443,0.31323,0.25944,0.38806,0.2754,0.5952,True,Stable
Brighton,2021-04-20 19:00:00,0.22287,0.36097,0.22443,0.31323,0.0122,0.3791,True,Stable
Brighton,2021-04-24 19:00:00,0.26708,0.40761,0.22287,0.36097,0.3445,0.368,True,Stable
Brighton,2021-05-01 14:00:00,0.26028,0.43757,0.26708,0.40761,0.0529,0.2337,True,Stable
Brighton,2021-05-09 11:00:00,0.26334,0.4537,0.26028,0.43757,0.0237,0.124,True,Stable
Brighton,2021-05-15 19:00:00,0.27059,0.42307,0.26334,0.4537,0.0564,0.2317,True,Stable
Brighton,2021-05-18 18:00:00,0.27335,0.38624,0.27059,0.42307,0.0215,0.2755,True,Stable
Brighton,2021-05-23 15:00:00,0.24748,0.35251,0.27335,0.38624,0.2012,0.2509,True,Stable
Brighton,2021-08-14 14:00:00,0.22443,0.34624,0.24748,0.35251,0.179,0.0465,True,Stable
Brighton,2021-08-21 16:30:00,0.20321,0.30758,0.22443,0.34624,0.1643,0.2861,True,Stable
Brighton,2021-08-28 14:00:00,0.21775,0.36593,0.20321,0.30758,0.112,0.4321,True,Stable
Brighton,2021-09-11 14:00:00,0.22266,0.37384,0.21775,0.36593,0.0377,0.0584,True,Stable
Brighton,2021-09-19 13:00:00,0.22548,0.37904,0.22266,0.37384,0.0216,0.0382,True,Stable
Brighton,2021-09-27 19:00:00,0.21934,0.3674,0.22548,0.37904,0.0469,0.0852,True,Stable
Brighton,2021-10-02 16:30:00,0.22968,0.38552,0.21934,0.3674,0.0787,0.1323,True,Stable
Brighton,2021-10-16 14:00:00,0.23205,0.39178,0.22968,0.38552,0.018,0.0456,True,Stable
Brighton,2021-10-23 16:30:00,0.22808,0.38674,0.23205,0.39178,0.0302,0.0365,True,Stable
Brighton,2021-10-30 14:00:00,0.22361,0.34945,0.22808,0.38674,0.0339,0.2689,True,Stable
Brighton,2021-11-06 17:30:00,0.23227,0.32646,0.22361,0.34945,0.0656,0.1657,True,Stable
Brighton,2021-11-20 15:00:00,0.22588,0.33133,0.23227,0.32646,0.0483,0.0351,True,Stable
Brighton,2021-11-27 17:30:00,0.24451,0.28528,0.22588,0.33133,0.1406,0.3321,True,Stable
Brighton,2021-12-01 19:30:00,0.22291,0.31464,0.24451,0.28528,0.163,0.2123,True,Stable
Brighton,2021-12-04 15:00:00,0.21818,0.34209,0.22291,0.31464,0.0356,0.1987,True,Stable
Brighton,2021-12-15 19:30:00,0.19517,0.40902,0.21818,0.34209,0.1731,0.4844,True,Stable
Brighton,2021-12-26 20:00:00,0.21233,0.3782,0.19517,0.40902,0.1287,0.2219,True,Stable
Brighton,2021-12-29 19:30:00,0.2229,0.37259,0.21233,0.3782,0.0791,0.0404,True,Stable
Brighton,2022-01-02 14:00:00,0.18767,0.23473,0.2229,0.37259,0.2634,0.9892,True,Stable
Brighton,2022-01-14 20:00:00,0.19363,0.23902,0.18767,0.23473,0.0444,0.0309,True,Stable
Brighton,2022-01-18 09:45:00,0.1823,0.14406,0.19363,0.23902,0.0842,0.6863,True,Stable
Brighton,2022-01-23 14:00:00,0.19495,0.1806,0.1823,0.14406,0.0937,0.2649,True,Stable
Brighton,2022-02-12 15:00:00,0.21379,0.10892,0.19495,0.1806,0.1393,0.5215,True,Stable
Brighton,2022-02-15 20:15:00,0.24279,0.18223,0.21379,0.10892,0.2141,0.5343,True,Stable
Brighton,2022-02-19 15:00:00,0.30782,0.11767,0.24279,0.18223,0.4805,0.4722,True,Stable
Brighton,2022-02-26 15:30:00,0.35687,0.1251,0.30782,0.11767,0.3635,0.0545,True,Stable
Brighton,2022-03-05 15:00:00,0.39521,0.12835,0.35687,0.1251,0.2852,0.0239,True,Stable
Brighton,2022-03-12 12:30:00,0.23622,0.21981,0.39521,0.12835,1.1866,0.6737,False,Unstable
Brighton,2022-03-16 19:30:00,0.2247,0.26074,0.23622,0.21981,0.086,0.3025,True,Stable
Brighton,2022-04-02 14:00:00,0.19309,0.411,0.2247,0.26074,0.2359,1.114,False,Unstable
Brighton,2022-04-09 14:00:00,0.23854,0.34198,0.19309,0.411,0.3386,0.5093,True,Stable
Brighton,2022-04-16 11:30:00,0.20123,0.26266,0.23854,0.34198,0.2781,0.5853,True,Stable
Brighton,2022-04-20 19:00:00,0.21959,0.17906,0.20123,0.26266,0.1367,0.6186,True,Stable
Brighton,2022-04-24 13:00:00,0.21363,0.16125,0.21959,0.17906,0.0444,0.1322,True,Stable
Brighton,2022-04-30 14:00:00,0.19022,0.09887,0.21363,0.16125,0.1741,0.4645,True,Stable
Brighton,2022-05-07 16:30:00,0.16825,0.14802,0.19022,0.09887,0.1631,0.3664,True,Stable
Brighton,2022-05-15 13:00:00,0.20532,0.24804,0.16825,0.14802,0.2744,0.7478,True,Stable
Brighton,2022-05-22 15:00:00,0.2242,0.23778,0.20532,0.24804,0.1396,0.0769,True,Stable
Brighton,2022-08-07 13:00:00,0.21853,0.2274,0.2242,0.23778,0.042,0.0781,True,Stable
Brighton,2022-08-13 14:00:00,0.24252,0.25231,0.21853,0.2274,0.1775,0.188,True,Stable
Brighton,2022-08-21 13:00:00,0.23821,0.25957,0.24252,0.25231,0.0319,0.055,True,Stable
Brighton,2022-08-27 14:00:00,0.25319,0.26719,0.23821,0.25957,0.111,0.0578,True,Stable
Brighton,2022-08-30 18:30:00,0.2803,0.31899,0.25319,0.26719,0.2013,0.3941,True,Stable
Brighton,2022-09-04 13:00:00,0.28626,0.26479,0.2803,0.31899,0.0444,0.4127,True,Stable
Brighton,2022-10-01 14:00:00,0.26426,0.20365,0.28626,0.26479,0.1641,0.4668,True,Stable
Brighton,2022-10-08 16:30:00,0.27271,0.19646,0.26426,0.20365,0.0631,0.0551,True,Stable
Brighton,2022-10-14 19:00:00,0.29378,0.21966,0.27271,0.19646,0.1579,0.1783,True,Stable
Brighton,2022-10-18 18:30:00,0.30113,0.2279,0.29378,0.21966,0.0552,0.0635,True,Stable
Brighton,2022-10-22 14:00:00,0.27611,0.27907,0.30113,0.2279,0.1884,0.3955,True,Stable
Brighton,2022-10-29 14:00:00,0.27713,0.2636,0.27611,0.27907,0.0077,0.1198,True,Stable
Brighton,2022-11-05 15:00:00,0.31344,0.22413,0.27713,0.2636,0.2747,0.3065,True,Stable
Brighton,2022-11-13 14:00:00,0.34027,0.15754,0.31344,0.22413,0.2035,0.5187,True,Stable
Brighton,2022-12-26 15:00:00,0.29827,0.02164,0.34027,0.15754,0.3195,1.0614,False,Unstable
Brighton,2022-12-31 17:30:00,0.20972,-0.06343,0.29827,0.02164,0.6756,0.6622,True,Stable
Brighton,2023-01-03 19:45:00,0.143,-0.13274,0.20972,-0.06343,0.509,0.534,True,Stable
Brighton,2023-01-14 15:00:00,0.13716,-0.07979,0.143,-0.13274,0.0443,0.4012,True,Stable
Brighton,2023-01-21 15:00:00,0.12194,-0.14827,0.13716,-0.07979,0.1152,0.5135,True,Stable
Brighton,2023-02-04 15:00:00,0.18964,0.05586,0.12194,-0.14827,0.5095,1.5049,False,Unstable
Brighton,2023-02-11 15:00:00,0.19722,0.09511,0.18964,0.05586,0.057,0.2893,True,Stable
Brighton,2023-02-18 15:00:00,0.18356,0.2425,0.19722,0.09511,0.1027,1.0874,False,Unstable
Brighton,2023-03-04 15:00:00,0.15962,0.20178,0.18356,0.2425,0.1797,0.3012,True,Stable
Brighton,2023-03-11 15:00:00,0.1527,0.23538,0.15962,0.20178,0.0518,0.2493,True,Stable
Brighton,2023-03-15 19:30:00,0.17621,0.14251,0.1527,0.23538,0.1756,0.6908,True,Stable
Brighton,2023-04-01 14:00:00,0.18406,0.10384,0.17621,0.14251,0.0586,0.2883,True,Stable
Brighton,2023-04-04 18:45:00,0.20273,0.01651,0.18406,0.10384,0.1392,0.6521,True,Stable
Brighton,2023-04-08 14:00:00,0.20909,0.03441,0.20273,0.01651,0.0474,0.1333,True,Stable
Brighton,2023-04-15 14:00:00,0.2346,0.00421,0.20909,0.03441,0.1903,0.2246,True,Stable
Brighton,2023-04-26 18:30:00,0.20184,0.08573,0.2346,0.00421,0.2446,0.6048,True,Stable
Brighton,2023-04-29 14:00:00,0.23205,0.02726,0.20184,0.08573,0.2256,0.4342,True,Stable
Brighton,2023-05-04 19:00:00,0.23108,0.04299,0.23205,0.02726,0.0073,0.1166,True,Stable
Brighton,2023-05-08 16:30:00,0.22014,0.11777,0.23108,0.04299,0.0819,0.5542,True,Stable
Brighton,2023-05-14 15:30:00,0.22541,0.15926,0.22014,0.11777,0.0395,0.308,True,Stable
Brighton,2023-05-18 18:30:00,0.23477,0.12305,0.22541,0.15926,0.0702,0.2696,True,Stable
Brighton,2023-05-21 13:00:00,0.23051,0.13757,0.23477,0.12305,0.032,0.1083,True,Stable
Brighton,2023-05-24 19:00:00,0.23319,0.18347,0.23051,0.13757,0.0202,0.3431,True,Stable
Brighton,2023-05-28 15:30:00,0.24618,0.15004,0.23319,0.18347,0.0978,0.2505,True,Stable
Brighton,2023-08-12 14:00:00,0.239,0.14322,0.24618,0.15004,0.0542,0.0513,True,Stable
Brighton,2023-08-19 14:00:00,0.2371,0.10986,0.239,0.14322,0.0144,0.2512,True,Stable
Brighton,2023-08-26 16:30:00,0.23737,0.14663,0.2371,0.10986,0.0021,0.2773,True,Stable
Brighton,2023-09-02 16:30:00,0.24233,0.02827,0.23737,0.14663,0.0376,0.8948,True,Stable
Brighton,2023-09-16 14:00:00,0.21571,0.01471,0.24233,0.02827,0.2019,0.1024,True,Stable
Brighton,2023-09-24 13:00:00,0.19206,0.01769,0.21571,0.01471,0.1796,0.0225,True,Stable
Brighton,2023-09-30 11:30:00,0.2001,0.02252,0.19206,0.01769,0.0611,0.0363,True,Stable
Brighton,2023-10-08 13:00:00,0.18885,-0.04352,0.2001,0.02252,0.0855,0.4961,True,Stable
Brighton,2023-10-21 14:00:00,0.20491,-0.04619,0.18885,-0.04352,0.122,0.02,True,Stable
Brighton,2023-10-29 14:00:00,0.2273,-0.0664,0.20491,-0.04619,0.17,0.1504,True,Stable
Brighton,2023-11-04 15:00:00,0.233,-0.06375,0.2273,-0.0664,0.0434,0.0196,True,Stable
Brighton,2023-11-12 14:00:00,0.21679,-0.04592,0.233,-0.06375,0.1234,0.131,True,Stable
Brighton,2023-11-25 15:00:00,0.20502,-0.04701,0.21679,-0.04592,0.0897,0.008,True,Stable
Brighton,2023-12-03 14:00:00,0.20587,0.03347,0.20502,-0.04701,0.0065,0.5863,True,Stable
Brighton,2023-12-06 19:30:00,0.21468,0.02989,0.20587,0.03347,0.0672,0.0261,True,Stable
Brighton,2023-12-09 15:00:00,0.27751,0.09406,0.21468,0.02989,0.4799,0.4672,True,Stable
Brighton,2023-12-17 14:00:00,0.30687,0.11033,0.27751,0.09406,0.2247,0.1186,True,Stable
Brighton,2023-12-21 20:00:00,0.36181,0.15795,0.30687,0.11033,0.4215,0.3478,True,Stable
Brighton,2023-12-28 19:30:00,0.2886,0.1609,0.36181,0.15795,0.5629,0.0216,True,Stable
Brighton,2024-01-02 18:30:00,0.22961,0.20264,0.2886,0.1609,0.4546,0.3064,True,Stable
Brighton,2024-01-22 19:45:00,0.23508,0.0978,0.22961,0.20264,0.0422,0.7713,True,Stable
Brighton,2024-01-30 19:45:00,0.23943,0.09972,0.23508,0.0978,0.0337,0.0141,True,Stable
Brighton,2024-02-03 15:00:00,0.29667,0.05734,0.23943,0.09972,0.443,0.3127,True,Stable
Brighton,2024-02-10 15:00:00,0.25875,0.09819,0.29667,0.05734,0.2941,0.3016,True,Stable
Brighton,2024-02-18 14:00:00,0.30899,0.03779,0.25875,0.09819,0.3903,0.4467,True,Stable
Brighton,2024-02-24 15:00:00,0.28152,0.04668,0.30899,0.03779,0.2139,0.0658,True,Stable
Brighton,2024-03-02 15:00:00,0.27566,0.01852,0.28152,0.04668,0.0458,0.2083,True,Stable
Brighton,2024-03-10 14:00:00,0.29603,0.02124,0.27566,0.01852,0.1593,0.0201,True,Stable
Brighton,2024-03-31 14:00:00,0.32343,-0.04061,0.29603,0.02124,0.2148,0.4568,True,Stable
Brighton,2024-04-03 18:30:00,0.28607,0.05639,0.32343,-0.04061,0.2935,0.7141,True,Stable
Brighton,2024-04-06 16:30:00,0.28494,0.04921,0.28607,0.05639,0.0089,0.0529,True,Stable
Brighton,2024-04-13 14:00:00,0.30673,-0.00964,0.28494,0.04921,0.1719,0.4337,True,Stable
Brighton,2024-04-25 19:00:00,0.29225,0.02611,0.30673,-0.00964,0.1145,0.263,True,Stable
Brighton,2024-04-28 13:00:00,0.25513,0.1144,0.29225,0.02611,0.2942,0.6493,True,Stable
Brighton,2024-05-05 13:00:00,0.22724,0.10699,0.25513,0.1144,0.2214,0.0546,True,Stable
Brighton,2024-05-11 14:00:00,0.2035,0.13983,0.22724,0.10699,0.1886,0.2424,True,Stable
Brighton,2024-05-15 18:45:00,0.16686,0.25707,0.2035,0.13983,0.2914,0.8673,True,Stable
Brighton,2024-05-19 15:00:00,0.12223,0.35874,0.16686,0.25707,0.3545,0.7531,True,Stable
Brighton,2024-08-17 14:00:00,0.17121,0.24603,0.12223,0.35874,0.3879,0.8331,True,Stable
Brighton,2024-08-24 11:30:00,0.18347,0.17796,0.17121,0.24603,0.0971,0.5039,True,Stable
Brighton,2024-08-31 11:30:00,0.17725,0.27341,0.18347,0.17796,0.0492,0.7081,True,Stable
Brighton,2024-09-14 14:00:00,0.18791,0.37262,0.17725,0.27341,0.0843,0.7367,True,Stable
Brighton,2024-09-22 13:00:00,0.24866,0.33353,0.18791,0.37262,0.4807,0.2895,True,Stable
Brighton,2024-09-28 14:00:00,0.24017,0.33596,0.24866,0.33353,0.0673,0.018,True,Stable
Brighton,2024-10-06 15:30:00,0.26371,0.32558,0.24017,0.33596,0.1868,0.0767,True,Stable
Brighton,2024-10-19 14:00:00,0.24503,0.30186,0.26371,0.32558,0.1485,0.1753,True,Stable
Brighton,2024-10-26 14:00:00,0.21437,0.21036,0.24503,0.30186,0.2442,0.6761,True,Stable
Brighton,2024-11-02 15:00:00,0.21053,0.20027,0.21437,0.21036,0.0306,0.0747,True,Stable
Brighton,2024-11-09 17:30:00,0.23126,0.25349,0.21053,0.20027,0.1654,0.3948,True,Stable
Brighton,2024-11-23 15:00:00,0.24683,0.30967,0.23126,0.25349,0.1243,0.4174,True,Stable
Brighton,2024-11-29 20:00:00,0.28354,0.34404,0.24683,0.30967,0.2937,0.2554,True,Stable
Brighton,2024-12-05 19:30:00,0.34655,0.37627,0.28354,0.34404,0.5051,0.2392,True,Stable
Brighton,2024-12-08 14:00:00,0.30508,0.34321,0.34655,0.37627,0.333,0.2448,True,Stable
Brighton,2024-12-15 14:00:00,0.29951,0.32849,0.30508,0.34321,0.0448,0.1089,True,Stable
Brighton,2024-12-21 15:00:00,0.27981,0.30892,0.29951,0.32849,0.1588,0.1446,True,Stable
Brighton,2024-12-27 19:30:00,0.27985,0.29402,0.27981,0.30892,0.0003,0.1101,True,Stable
Brighton,2024-12-30 19:45:00,0.29476,0.20909,0.27985,0.29402,0.1207,0.6282,True,Stable
Brighton,2025-01-04 17:30:00,0.3249,0.23442,0.29476,0.20909,0.2444,0.1878,True,Stable
Brighton,2025-01-16 19:30:00,0.36561,0.19648,0.3249,0.23442,0.3309,0.2817,True,Stable
Brighton,2025-01-19 14:00:00,0.30751,0.18681,0.36561,0.19648,0.473,0.0719,True,Stable
Brighton,2025-01-25 15:00:00,0.29768,0.14056,0.30751,0.18681,0.0801,0.3447,True,Stable
Brighton,2025-02-01 12:30:00,0.26838,0.23731,0.29768,0.14056,0.2395,0.7224,True,Stable
Brighton,2025-02-14 20:00:00,0.27836,0.22133,0.26838,0.23731,0.0817,0.1195,True,Stable
Brighton,2025-02-22 15:00:00,0.32788,0.25908,0.27836,0.22133,0.4062,0.2828,True,Stable
Brighton,2025-02-25 19:30:00,0.30942,0.26891,0.32788,0.25908,0.1517,0.0738,True,Stable
Brighton,2025-03-08 15:00:00,0.32945,0.28435,0.30942,0.26891,0.1649,0.1159,True,Stable
Brighton,2025-03-15 15:00:00,0.27839,0.22577,0.32945,0.28435,0.4213,0.4403,True,Stable
Brighton,2025-04-02 19:45:00,0.28451,0.25731,0.27839,0.22577,0.0506,0.2375,True,Stable
Brighton,2025-04-05 14:00:00,0.28478,0.26923,0.28451,0.25731,0.0022,0.0899,True,Stable
Brighton,2025-04-12 14:00:00,0.27554,0.27678,0.28478,0.26923,0.0766,0.057,True,Stable
Brighton,2025-04-19 14:00:00,0.28665,0.22473,0.27554,0.27678,0.0923,0.3932,True,Stable
Brighton,2025-04-26 14:00:00,0.32342,0.17592,0.28665,0.22473,0.3063,0.3693,True,Stable
Brighton,2025-05-04 13:00:00,0.35323,0.13596,0.32342,0.17592,0.2487,0.303,True,Stable
Brighton,2025-05-10 14:00:00,0.39132,0.094,0.35323,0.13596,0.3183,0.3187,True,Stable
Brighton,2025-05-19 19:00:00,0.43927,0.00904,0.39132,0.094,0.4011,0.6459,True,Stable
Brighton,2025-05-25 15:00:00,0.28425,-0.0628,0.43927,0.00904,1.2963,0.5454,False,Unstable
Chelsea,2017-08-20 16:00:00,0.28901,-0.65842,0.28508,-0.63145,0.0552,0.1284,True,Stable
Chelsea,2017-08-27 13:30:00,0.28457,-0.72547,0.28901,-0.65842,0.0629,0.3171,True,Stable
Chelsea,2017-09-09 15:00:00,0.2825,-0.73591,0.28457,-0.72547,0.0295,0.0486,True,Stable
Chelsea,2017-09-17 13:30:00,0.37366,-0.70746,0.2825,-0.73591,1.3096,0.1304,False,Unstable
Chelsea,2017-09-23 15:00:00,0.43333,-0.74919,0.37366,-0.70746,0.8325,0.1897,True,Stable
Chelsea,2017-09-30 17:30:00,0.55097,-0.74309,0.43333,-0.74919,1.5406,0.0274,False,Unstable
Chelsea,2017-10-14 15:00:00,0.54199,-0.73181,0.55097,-0.74309,0.1022,0.0501,True,Stable
Chelsea,2017-10-21 19:30:00,0.56199,-0.74077,0.54199,-0.73181,0.2069,0.0395,True,Stable
Chelsea,2017-10-28 17:30:00,0.48431,-0.69852,0.56199,-0.74077,0.7387,0.185,True,Stable
Chelsea,2017-11-05 16:30:00,0.47134,-0.64886,0.48431,-0.69852,0.1195,0.2171,True,Stable
Chelsea,2017-11-18 15:00:00,0.59777,-0.66217,0.47134,-0.64886,1.1377,0.0584,False,Unstable
Chelsea,2017-11-25 17:30:00,0.63713,-0.64938,0.59777,-0.66217,0.3309,0.0563,True,Stable
Chelsea,2017-11-29 19:45:00,0.65623,-0.6012,0.63713,-0.64938,0.1494,0.2126,True,Stable
Chelsea,2017-12-02 12:30:00,0.53477,-0.61232,0.65623,-0.6012,0.8913,0.0494,True,Stable
Chelsea,2017-12-09 12:30:00,0.47321,-0.58358,0.53477,-0.61232,0.4434,0.1284,True,Stable
Chelsea,2017-12-12 20:00:00,0.39248,-0.53306,0.47321,-0.58358,0.5789,0.2275,True,Stable
Chelsea,2017-12-16 15:00:00,0.3255,-0.47811,0.39248,-0.53306,0.483,0.2496,True,Stable
Chelsea,2017-12-23 12:30:00,0.25854,-0.44438,0.3255,-0.47811,0.4873,0.1546,True,Stable
Chelsea,2017-12-26 15:00:00,0.21874,-0.33059,0.25854,-0.44438,0.292,0.5262,True,Stable
Chelsea,2017-12-30 15:00:00,0.2998,-0.39697,0.21874,-0.33059,0.5977,0.3085,True,Stable
Chelsea,2018-01-03 19:45:00,0.2647,-0.34221,0.2998,-0.39697,0.261,0.2564,True,Stable
Chelsea,2018-01-13 15:00:00,0.2369,-0.31786,0.2647,-0.34221,0.2084,0.1146,True,Stable
Chelsea,2018-01-20 12:30:00,0.32123,-0.38371,0.2369,-0.31786,0.6362,0.3112,True,Stable
Chelsea,2018-01-31 19:45:00,0.3245,-0.36651,0.32123,-0.38371,0.0248,0.0819,True,Stable
Chelsea,2018-02-05 20:00:00,0.31971,-0.33698,0.3245,-0.36651,0.0366,0.1414,True,Stable
Chelsea,2018-02-12 20:00:00,0.3362,-0.35379,0.31971,-0.33698,0.1273,0.0809,True,Stable
Chelsea,2018-02-25 14:05:00,0.31583,-0.40825,0.3362,-0.35379,0.1585,0.2637,True,Stable
Chelsea,2018-03-04 16:00:00,0.31436,-0.3577,0.31583,-0.40825,0.0115,0.2465,True,Stable
Chelsea,2018-03-10 17:30:00,0.29731,-0.34103,0.31436,-0.3577,0.1347,0.0817,True,Stable
Chelsea,2018-04-01 16:00:00,0.27453,-0.31831,0.29731,-0.34103,0.1814,0.112,True,Stable
Chelsea,2018-04-08 15:30:00,0.20071,-0.16507,0.27453,-0.31831,0.5919,0.7583,True,Stable
Chelsea,2018-04-14 11:30:00,0.26597,-0.16508,0.20071,-0.16507,0.5244,0.0,True,Stable
Chelsea,2018-04-19 18:45:00,0.29041,-0.14577,0.26597,-0.16508,0.1977,0.0942,True,Stable
Chelsea,2018-04-28 16:30:00,0.27821,-0.18744,0.29041,-0.14577,0.0994,0.2017,True,Stable
Chelsea,2018-05-06 16:30:00,0.30553,-0.15512,0.27821,-0.18744,0.2241,0.1559,True,Stable
Chelsea,2018-05-09 19:45:00,0.32434,-0.14142,0.30553,-0.15512,0.1554,0.0657,True,Stable
Chelsea,2018-05-13 15:00:00,0.3395,-0.0746,0.32434,-0.14142,0.126,0.3184,True,Stable
Chelsea,2018-08-11 17:00:00,0.36828,-0.04838,0.3395,-0.0746,0.2407,0.1234,True,Stable
Chelsea,2018-08-18 19:30:00,0.47202,-0.03628,0.36828,-0.04838,0.8717,0.0562,True,Stable
Chelsea,2018-08-26 18:00:00,0.57547,-0.02391,0.47202,-0.03628,0.8638,0.0567,True,Stable
Chelsea,2018-09-01 14:00:00,0.54095,-0.05718,0.57547,-0.02391,0.2812,0.1503,True,Stable
Chelsea,2018-09-15 14:00:00,0.54672,-0.0605,0.54095,-0.05718,0.0463,0.0149,True,Stable
Chelsea,2018-09-23 12:30:00,0.57098,-0.05459,0.54672,-0.0605,0.1915,0.0262,True,Stable
Chelsea,2018-09-29 16:30:00,0.61233,-0.03381,0.57098,-0.05459,0.3205,0.0914,True,Stable
Chelsea,2018-10-07 13:15:00,0.65878,0.00177,0.61233,-0.03381,0.3512,0.1551,True,Stable
Chelsea,2018-10-20 11:30:00,0.70526,0.03391,0.65878,0.00177,0.3405,0.1384,True,Stable
Chelsea,2018-10-28 12:30:00,0.59267,0.03539,0.70526,0.03391,0.7942,0.0063,True,Stable
Chelsea,2018-11-04 16:00:00,0.66225,0.04863,0.59267,0.03539,0.4841,0.0556,True,Stable
Chelsea,2018-11-11 14:15:00,0.74941,0.06365,0.66225,0.04863,0.5922,0.0623,True,Stable
Chelsea,2018-11-24 17:30:00,0.64246,0.0363,0.74941,0.06365,0.7,0.1119,True,Stable
Chelsea,2018-12-02 12:00:00,0.633,0.03765,0.64246,0.0363,0.061,0.0055,True,Stable
Chelsea,2018-12-05 19:45:00,0.64235,0.04362,0.633,0.03765,0.0595,0.0239,True,Stable
Chelsea,2018-12-08 17:30:00,0.63954,0.02774,0.64235,0.04362,0.0176,0.0632,True,Stable
Chelsea,2018-12-16 13:30:00,0.65009,-0.00261,0.63954,0.02774,0.0654,0.12,True,Stable
Chelsea,2018-12-22 15:00:00,0.73898,0.00209,0.65009,-0.00261,0.5441,0.0185,True,Stable
Chelsea,2018-12-26 19:30:00,0.78722,-0.00583,0.73898,0.00209,0.2886,0.031,True,Stable
Chelsea,2018-12-30 12:00:00,0.70176,0.01395,0.78722,-0.00583,0.4972,0.0772,True,Stable
Chelsea,2019-01-02 19:45:00,0.65538,0.02242,0.70176,0.01395,0.266,0.0329,True,Stable
Chelsea,2019-01-12 17:30:00,0.63228,0.0228,0.65538,0.02242,0.1313,0.0015,True,Stable
Chelsea,2019-01-19 17:30:00,0.55608,0.06136,0.63228,0.0228,0.4308,0.1483,True,Stable
Chelsea,2019-01-30 19:45:00,0.5575,0.0738,0.55608,0.06136,0.008,0.0476,True,Stable
Chelsea,2019-02-02 15:00:00,0.56313,0.0482,0.5575,0.0738,0.0318,0.0972,True,Stable
Chelsea,2019-02-10 16:00:00,0.57005,0.06809,0.56313,0.0482,0.0391,0.0752,True,Stable
Chelsea,2019-02-27 20:00:00,0.58877,0.06595,0.57005,0.06809,0.1057,0.008,True,Stable
Chelsea,2019-03-03 14:05:00,0.48839,0.01714,0.58877,0.06595,0.5659,0.1826,True,Stable
Chelsea,2019-03-10 14:05:00,0.44017,-0.02514,0.48839,0.01714,0.2728,0.1578,True,Stable
Chelsea,2019-03-17 16:30:00,0.56989,-0.00421,0.44017,-0.02514,0.7369,0.0781,True,Stable
Chelsea,2019-03-31 13:05:00,0.67739,-0.03995,0.56989,-0.00421,0.6106,0.1332,True,Stable
Chelsea,2019-04-03 19:45:00,0.60905,-0.01446,0.67739,-0.03995,0.3851,0.095,True,Stable
Chelsea,2019-04-08 20:00:00,0.58616,-0.00152,0.60905,-0.01446,0.1287,0.0482,True,Stable
Chelsea,2019-04-14 16:30:00,0.52094,0.03551,0.58616,-0.00152,0.3665,0.1378,True,Stable
Chelsea,2019-04-22 20:00:00,0.5744,0.0311,0.52094,0.03551,0.3011,0.0164,True,Stable
Chelsea,2019-04-28 16:30:00,0.57811,0.04575,0.5744,0.0311,0.0209,0.0543,True,Stable
Chelsea,2019-05-05 13:00:00,0.51964,0.01532,0.57811,0.04575,0.3293,0.1125,True,Stable
Chelsea,2019-05-12 14:00:00,0.51177,0.02908,0.51964,0.01532,0.0444,0.0508,True,Stable
Chelsea,2019-08-11 16:30:00,0.45306,0.06048,0.51177,0.02908,0.3323,0.1158,True,Stable
Chelsea,2019-08-18 16:30:00,0.40428,0.09658,0.45306,0.06048,0.2772,0.1329,True,Stable
Chelsea,2019-08-24 12:30:00,0.45988,0.11533,0.40428,0.09658,0.3174,0.0687,True,Stable
Chelsea,2019-08-31 15:00:00,0.602,0.1559,0.45988,0.11533,0.8144,0.1481,True,Stable
Chelsea,2019-09-14 14:00:00,0.66634,0.12114,0.602,0.1559,0.3682,0.1262,True,Stable
Chelsea,2019-09-22 15:30:00,0.53133,0.0877,0.66634,0.12114,0.7687,0.1209,True,Stable
Chelsea,2019-09-28 14:00:00,0.57489,0.08937,0.53133,0.0877,0.2485,0.006,True,Stable
Chelsea,2019-10-06 14:00:00,0.57418,0.06031,0.57489,0.08937,0.0041,0.1046,True,Stable
Chelsea,2019-10-19 15:00:00,0.62843,0.05368,0.57418,0.06031,0.3098,0.0238,True,Stable
Chelsea,2019-10-26 17:30:00,0.52717,0.06202,0.62843,0.05368,0.577,0.0299,True,Stable
Chelsea,2019-11-02 17:30:00,0.50898,0.05322,0.52717,0.06202,0.1038,0.0316,True,Stable
Chelsea,2019-11-09 12:30:00,0.47357,0.04182,0.50898,0.05322,0.2028,0.0409,True,Stable
Chelsea,2019-11-23 17:30:00,0.51689,0.05878,0.47357,0.04182,0.249,0.0608,True,Stable
Chelsea,2019-11-30 15:00:00,0.51877,0.06537,0.51689,0.05878,0.0108,0.0236,True,Stable
Chelsea,2019-12-04 19:30:00,0.47483,0.11786,0.51877,0.06537,0.2539,0.1878,True,Stable
Chelsea,2019-12-07 12:30:00,0.41209,0.17283,0.47483,0.11786,0.3638,0.1962,True,Stable
Chelsea,2019-12-14 15:00:00,0.28355,0.19976,0.41209,0.17283,0.7481,0.0957,True,Stable
Chelsea,2019-12-22 16:30:00,0.25717,0.22069,0.28355,0.19976,0.1538,0.074,True,Stable
Chelsea,2019-12-26 15:00:00,0.2954,0.19868,0.25717,0.22069,0.223,0.0774,True,Stable
Chelsea,2019-12-29 14:00:00,0.28943,0.15066,0.2954,0.19868,0.0349,0.168,True,Stable
Chelsea,2020-01-01 12:30:00,0.28545,0.16001,0.28943,0.15066,0.0233,0.0326,True,Stable
Chelsea,2020-01-11 15:00:00,0.2926,0.14911,0.28545,0.16001,0.042,0.0379,True,Stable
Chelsea,2020-01-18 17:30:00,0.30441,0.18842,0.2926,0.14911,0.0694,0.1365,True,Stable
Chelsea,2020-01-21 20:15:00,0.27649,0.25103,0.30441,0.18842,0.1644,0.2167,True,Stable
Chelsea,2020-02-01 12:30:00,0.28443,0.25333,0.27649,0.25103,0.0468,0.0079,True,Stable
Chelsea,2020-02-17 20:00:00,0.28706,0.29235,0.28443,0.25333,0.0156,0.1335,True,Stable
Chelsea,2020-02-22 12:30:00,0.31797,0.32945,0.28706,0.29235,0.1829,0.1261,True,Stable
Chelsea,2020-02-29 15:00:00,0.41015,0.31549,0.31797,0.32945,0.5469,0.0471,True,Stable
Chelsea,2020-03-08 14:00:00,0.30181,0.2161,0.41015,0.31549,0.6452,0.3328,True,Stable
Chelsea,2020-06-21 15:15:00,0.28946,0.22363,0.30181,0.2161,0.0737,0.0251,True,Stable
Chelsea,2020-06-25 19:15:00,0.28607,0.20926,0.28946,0.22363,0.0202,0.0478,True,Stable
Chelsea,2020-07-01 19:15:00,0.27267,0.17686,0.28607,0.20926,0.0803,0.1076,True,Stable
Chelsea,2020-07-04 19:00:00,0.26566,0.13668,0.27267,0.17686,0.042,0.1332,True,Stable
Chelsea,2020-07-07 17:00:00,0.26853,0.19931,0.26566,0.13668,0.0172,0.2075,True,Stable
Chelsea,2020-07-11 16:30:00,0.27707,0.23138,0.26853,0.19931,0.0514,0.1061,True,Stable
Chelsea,2020-07-14 19:15:00,0.27531,0.23846,0.27707,0.23138,0.0106,0.0233,True,Stable
Chelsea,2020-07-22 19:15:00,0.27392,0.21771,0.27531,0.23846,0.0084,0.0682,True,Stable
Chelsea,2020-07-26 15:00:00,0.28046,0.19908,0.27392,0.21771,0.0395,0.0611,True,Stable
Chelsea,2020-09-14 19:15:00,0.29656,0.14642,0.28046,0.19908,0.0974,0.1725,True,Stable
Chelsea,2020-09-20 15:30:00,0.27225,0.15755,0.29656,0.14642,0.1473,0.0365,True,Stable
Chelsea,2020-09-26 16:30:00,0.24624,0.06988,0.27225,0.15755,0.1578,0.2871,True,Stable
Chelsea,2020-10-03 11:30:00,0.18299,0.08416,0.24624,0.06988,0.3841,0.0468,True,Stable
Chelsea,2020-10-17 14:00:00,0.17367,0.09091,0.18299,0.08416,0.0565,0.0222,True,Stable
Chelsea,2020-10-24 16:30:00,0.17988,0.08067,0.17367,0.09091,0.0375,0.0337,True,Stable
Chelsea,2020-10-31 15:00:00,0.13774,-0.02641,0.17988,0.08067,0.2542,0.3523,True,Stable
Chelsea,2020-11-07 17:30:00,0.10392,-0.17479,0.13774,-0.02641,0.2031,0.4895,True,Stable
Chelsea,2020-11-21 12:30:00,0.12647,-0.04628,0.10392,-0.17479,0.1346,0.4252,True,Stable
Chelsea,2020-11-29 16:30:00,0.15419,0.03716,0.12647,-0.04628,0.1648,0.2769,True,Stable
Chelsea,2020-12-05 20:00:00,0.17368,0.12588,0.15419,0.03716,0.1155,0.2949,True,Stable
Chelsea,2020-12-12 20:00:00,0.16713,0.17723,0.17368,0.12588,0.0388,0.1708,True,Stable
Chelsea,2020-12-15 18:00:00,0.14543,0.21818,0.16713,0.17723,0.1281,0.1361,True,Stable
Chelsea,2020-12-21 20:00:00,0.15077,0.10029,0.14543,0.21818,0.0315,0.3912,True,Stable
Chelsea,2020-12-26 17:30:00,0.14867,0.10745,0.15077,0.10029,0.0123,0.0238,True,Stable
Chelsea,2020-12-28 17:30:00,0.17843,0.03828,0.14867,0.10745,0.1744,0.2299,True,Stable
Chelsea,2021-01-03 16:30:00,0.19522,0.00245,0.17843,0.03828,0.0983,0.1194,True,Stable
Chelsea,2021-01-16 17:30:00,0.17488,0.03315,0.19522,0.00245,0.119,0.1025,True,Stable
Chelsea,2021-01-19 20:15:00,0.16821,0.08311,0.17488,0.03315,0.039,0.1671,True,Stable
Chelsea,2021-01-27 18:00:00,0.17545,0.05402,0.16821,0.08311,0.0423,0.0974,True,Stable
Chelsea,2021-01-31 12:00:00,0.16419,0.08724,0.17545,0.05402,0.0657,0.1114,True,Stable
Chelsea,2021-02-04 20:00:00,0.16011,0.05891,0.16419,0.08724,0.0238,0.0951,True,Stable
Chelsea,2021-02-07 19:15:00,0.17451,0.01527,0.16011,0.05891,0.0838,0.1468,True,Stable
Chelsea,2021-02-15 20:00:00,0.17086,0.02658,0.17451,0.01527,0.0212,0.0381,True,Stable
Chelsea,2021-02-20 12:30:00,0.1796,0.00357,0.17086,0.02658,0.0507,0.0777,True,Stable
Chelsea,2021-02-28 16:30:00,0.17331,0.05525,0.1796,0.00357,0.0365,0.175,True,Stable
Chelsea,2021-03-04 20:15:00,0.1616,0.08979,0.17331,0.05525,0.0679,0.1171,True,Stable
Chelsea,2021-03-08 18:00:00,0.14215,0.27602,0.1616,0.08979,0.1127,0.6323,True,Stable
Chelsea,2021-03-13 12:30:00,0.1369,0.31724,0.14215,0.27602,0.0303,0.1396,True,Stable
Chelsea,2021-04-03 11:30:00,0.12258,0.31836,0.1369,0.31724,0.0827,0.0038,True,Stable
Chelsea,2021-04-10 16:30:00,0.13997,0.27203,0.12258,0.31836,0.1001,0.1558,True,Stable
Chelsea,2021-04-20 19:00:00,0.13984,0.32182,0.13997,0.27203,0.0008,0.1671,True,Stable
Chelsea,2021-04-24 16:30:00,0.11823,0.33899,0.13984,0.32182,0.124,0.0574,True,Stable
Chelsea,2021-05-01 16:30:00,0.12404,0.20337,0.11823,0.33899,0.0333,0.452,True,Stable
Chelsea,2021-05-08 16:30:00,0.13652,0.12803,0.12404,0.20337,0.0713,0.2509,True,Stable
Chelsea,2021-05-12 19:15:00,0.13881,0.19995,0.13652,0.12803,0.0131,0.2398,True,Stable
Chelsea,2021-05-18 19:15:00,0.13493,0.23121,0.13881,0.19995,0.0221,0.1042,True,Stable
Chelsea,2021-05-23 15:00:00,0.12545,0.34501,0.13493,0.23121,0.0539,0.379,True,Stable
Chelsea,2021-08-14 14:00:00,0.14193,0.28976,0.12545,0.34501,0.0936,0.1834,True,Stable
Chelsea,2021-08-22 15:30:00,0.15169,0.51477,0.14193,0.28976,0.0553,0.7454,True,Stable
Chelsea,2021-08-28 16:30:00,0.21075,0.44805,0.15169,0.51477,0.3348,0.2192,True,Stable
Chelsea,2021-09-11 16:30:00,0.26565,0.39171,0.21075,0.44805,0.3116,0.184,True,Stable
Chelsea,2021-09-19 15:30:00,0.2143,0.29855,0.26565,0.39171,0.292,0.303,True,Stable
Chelsea,2021-09-25 11:30:00,0.32125,0.39291,0.2143,0.29855,0.6088,0.3064,True,Stable
Chelsea,2021-10-02 14:00:00,0.40946,0.39416,0.32125,0.39291,0.5034,0.004,True,Stable
Chelsea,2021-10-16 16:30:00,0.43537,0.38559,0.40946,0.39416,0.1482,0.0276,True,Stable
Chelsea,2021-10-23 11:30:00,0.28369,0.31865,0.43537,0.38559,0.8692,0.215,True,Stable
Chelsea,2021-10-30 14:00:00,0.16418,0.20166,0.28369,0.31865,0.6863,0.375,True,Stable
Chelsea,2021-11-06 15:00:00,0.17214,0.15204,0.16418,0.20166,0.0457,0.1591,True,Stable
Chelsea,2021-11-20 12:30:00,0.14018,-0.03424,0.17214,0.15204,0.1835,0.5979,True,Stable
Chelsea,2021-11-28 16:30:00,0.18889,0.0813,0.14018,-0.03424,0.2794,0.3718,True,Stable
Chelsea,2021-12-01 19:30:00,0.2433,0.14996,0.18889,0.0813,0.3123,0.2213,True,Stable
Chelsea,2021-12-04 12:30:00,0.23163,0.17035,0.2433,0.14996,0.0671,0.0658,True,Stable
Chelsea,2021-12-11 15:00:00,0.22422,0.13528,0.23163,0.17035,0.0426,0.1133,True,Stable
Chelsea,2021-12-16 19:45:00,0.25192,0.19674,0.22422,0.13528,0.1597,0.1987,True,Stable
Chelsea,2021-12-19 14:00:00,0.25601,0.15625,0.25192,0.19674,0.0236,0.131,True,Stable
Chelsea,2021-12-26 17:30:00,0.25333,0.18457,0.25601,0.15625,0.0155,0.0917,True,Stable
Chelsea,2021-12-29 19:30:00,0.24407,0.2221,0.25333,0.18457,0.0536,0.1216,True,Stable
Chelsea,2022-01-02 16:30:00,0.24318,0.17896,0.24407,0.2221,0.0052,0.1398,True,Stable
Chelsea,2022-01-15 12:30:00,0.24805,0.15547,0.24318,0.17896,0.0283,0.0762,True,Stable
Chelsea,2022-01-18 09:45:00,0.24459,0.11908,0.24805,0.15547,0.0201,0.1182,True,Stable
Chelsea,2022-01-23 16:30:00,0.23356,0.08805,0.24459,0.11908,0.0643,0.1009,True,Stable
Chelsea,2022-02-19 15:00:00,0.24075,0.03882,0.23356,0.08805,0.042,0.1604,True,Stable
Chelsea,2022-03-05 15:00:00,0.21692,0.00557,0.24075,0.03882,0.1394,0.1085,True,Stable
Chelsea,2022-03-10 19:30:00,0.19663,-0.10253,0.21692,0.00557,0.1189,0.3536,True,Stable
Chelsea,2022-03-13 14:00:00,0.20913,-0.12619,0.19663,-0.10253,0.0733,0.0776,True,Stable
Chelsea,2022-04-02 14:00:00,0.238,-0.11254,0.20913,-0.12619,0.1695,0.0449,True,Stable
Chelsea,2022-04-09 14:00:00,0.20544,-0.17477,0.238,-0.11254,0.1914,0.205,True,Stable
Chelsea,2022-04-20 18:45:00,0.21494,-0.20795,0.20544,-0.17477,0.0559,0.1095,True,Stable
Chelsea,2022-04-24 13:00:00,0.27287,-0.17977,0.21494,-0.20795,0.3413,0.0932,True,Stable
Chelsea,2022-04-28 18:45:00,0.27867,-0.14867,0.27287,-0.17977,0.0343,0.103,True,Stable
Chelsea,2022-05-01 13:00:00,0.25256,-0.09778,0.27867,-0.14867,0.1544,0.1689,True,Stable
Chelsea,2022-05-07 14:00:00,0.25002,-0.10274,0.25256,-0.09778,0.015,0.0165,True,Stable
Chelsea,2022-05-11 18:30:00,0.25254,-0.10664,0.25002,-0.10274,0.0149,0.013,True,Stable
Chelsea,2022-05-19 19:00:00,0.28252,-0.14302,0.25254,-0.10664,0.1782,0.1216,True,Stable
Chelsea,2022-05-22 15:00:00,0.27007,-0.13612,0.28252,-0.14302,0.0742,0.0231,True,Stable
Chelsea,2022-08-06 16:30:00,0.32463,-0.20264,0.27007,-0.13612,0.3256,0.2232,True,Stable
Chelsea,2022-08-14 15:30:00,0.30303,-0.18911,0.32463,-0.20264,0.1292,0.0455,True,Stable
Chelsea,2022-08-21 13:00:00,0.23001,-0.08603,0.30303,-0.18911,0.4377,0.3472,True,Stable
Chelsea,2022-08-27 14:00:00,0.22054,-0.01533,0.23001,-0.08603,0.0568,0.2387,True,Stable
Chelsea,2022-08-30 18:45:00,0.1927,-0.03896,0.22054,-0.01533,0.1673,0.0799,True,Stable
Chelsea,2022-09-03 14:00:00,0.22335,-0.07196,0.1927,-0.03896,0.1843,0.1119,True,Stable
Chelsea,2022-10-01 14:00:00,0.22796,-0.0733,0.22335,-0.07196,0.0278,0.0045,True,Stable
Chelsea,2022-10-08 14:00:00,0.24799,-0.04923,0.22796,-0.0733,0.1208,0.0819,True,Stable
Chelsea,2022-10-16 13:00:00,0.2693,-0.04499,0.24799,-0.04923,0.1287,0.0145,True,Stable
Chelsea,2022-10-19 18:30:00,0.23,-0.0769,0.2693,-0.04499,0.2378,0.1091,True,Stable
Chelsea,2022-10-22 15:30:00,0.28271,-0.01743,0.23,-0.0769,0.3194,0.2038,True,Stable
Chelsea,2022-10-29 14:00:00,0.24965,-0.02818,0.28271,-0.01743,0.2007,0.0369,True,Stable
Chelsea,2022-11-06 12:00:00,0.21774,-0.071,0.24965,-0.02818,0.194,0.1473,True,Stable
Chelsea,2022-11-12 17:30:00,0.21599,-0.04907,0.21774,-0.071,0.0107,0.0756,True,Stable
Chelsea,2022-12-27 17:30:00,0.19529,0.00228,0.21599,-0.04907,0.1261,0.1774,True,Stable
Chelsea,2023-01-01 16:30:00,0.17523,-0.0643,0.19529,0.00228,0.1223,0.2304,True,Stable
Chelsea,2023-01-05 20:00:00,0.16481,-0.03404,0.17523,-0.0643,0.0636,0.1049,True,Stable
Chelsea,2023-01-12 19:00:00,0.15762,-0.02389,0.16481,-0.03404,0.0439,0.0353,True,Stable
Chelsea,2023-01-15 14:00:00,0.14396,-0.00351,0.15762,-0.02389,0.0833,0.071,True,Stable
Chelsea,2023-01-21 12:30:00,0.08108,0.18901,0.14396,-0.00351,0.3834,0.6717,True,Stable
Chelsea,2023-02-03 20:00:00,0.01793,1.77302,0.08108,0.18901,0.3841,5.5284,False,Unstable
Chelsea,2023-02-11 12:30:00,0.03485,1.04121,0.01793,1.77302,0.1024,2.369,False,Unstable
Chelsea,2023-02-18 15:00:00,0.03392,1.26687,0.03485,1.04121,0.0056,0.7138,True,Stable
Chelsea,2023-02-26 13:30:00,0.05175,0.76291,0.03392,1.26687,0.1071,1.544,False,Unstable
Chelsea,2023-03-04 15:00:00,0.07615,0.59553,0.05175,0.76291,0.146,0.5075,True,Stable
Chelsea,2023-03-11 15:00:00,0.13441,0.37104,0.07615,0.59553,0.348,0.6769,True,Stable
Chelsea,2023-03-18 17:30:00,0.13895,0.37069,0.13441,0.37104,0.0272,0.001,True,Stable
Chelsea,2023-04-01 16:30:00,0.12712,0.38923,0.13895,0.37069,0.0707,0.0558,True,Stable
Chelsea,2023-04-04 19:00:00,0.15455,0.51859,0.12712,0.38923,0.1637,0.3886,True,Stable
Chelsea,2023-04-08 14:00:00,0.1698,0.52355,0.15455,0.51859,0.091,0.0148,True,Stable
Chelsea,2023-04-15 14:00:00,0.11846,0.60301,0.1698,0.52355,0.3065,0.237,True,Stable
Chelsea,2023-04-26 18:45:00,0.07855,0.76955,0.11846,0.60301,0.2381,0.4942,True,Stable
Chelsea,2023-05-02 19:00:00,0.12439,0.48825,0.07855,0.76955,0.273,0.8273,True,Stable
Chelsea,2023-05-06 14:00:00,0.14452,0.29208,0.12439,0.48825,0.1198,0.5755,True,Stable
Chelsea,2023-05-13 14:00:00,0.12562,0.18818,0.14452,0.29208,0.1125,0.3048,True,Stable
Chelsea,2023-05-21 15:00:00,0.14777,0.28775,0.12562,0.18818,0.1318,0.2925,True,Stable
Chelsea,2023-05-25 19:00:00,0.14189,0.29046,0.14777,0.28775,0.035,0.008,True,Stable
Chelsea,2023-05-28 15:30:00,0.15421,0.34491,0.14189,0.29046,0.0733,0.16,True,Stable
Chelsea,2023-08-13 15:30:00,0.16558,0.42152,0.15421,0.34491,0.0677,0.2251,True,Stable
Chelsea,2023-08-20 15:30:00,0.14454,0.42069,0.16558,0.42152,0.1253,0.0025,True,Stable
Chelsea,2023-08-25 19:00:00,0.14658,0.43425,0.14454,0.42069,0.0122,0.0397,True,Stable
Chelsea,2023-09-02 14:00:00,0.13173,0.526,0.14658,0.43425,0.0885,0.2684,True,Stable
Chelsea,2023-09-17 13:00:00,0.12408,0.67428,0.13173,0.526,0.0455,0.4326,True,Stable
Chelsea,2023-09-24 13:00:00,0.12768,0.73824,0.12408,0.67428,0.0214,0.1855,True,Stable
Chelsea,2023-10-02 19:00:00,0.15961,0.74026,0.12768,0.73824,0.1901,0.0058,True,Stable
Chelsea,2023-10-07 14:00:00,0.22036,0.65784,0.15961,0.74026,0.3618,0.2358,True,Stable
Chelsea,2023-10-21 16:30:00,0.25884,0.6059,0.22036,0.65784,0.2295,0.1479,True,Stable
Chelsea,2023-10-28 11:30:00,0.24829,0.59644,0.25884,0.6059,0.063,0.0268,True,Stable
Chelsea,2023-11-06 20:00:00,0.22739,0.55852,0.24829,0.59644,0.1251,0.1072,True,Stable
Chelsea,2023-11-12 16:30:00,0.1979,0.51715,0.22739,0.55852,0.1767,0.1167,True,Stable
Chelsea,2023-11-25 15:00:00,0.2186,0.53711,0.1979,0.51715,0.1242,0.0562,True,Stable
Chelsea,2023-12-03 14:00:00,0.20996,0.52191,0.2186,0.53711,0.0519,0.0427,True,Stable
Chelsea,2023-12-06 20:15:00,0.19695,0.49891,0.20996,0.52191,0.0783,0.0644,True,Stable
Chelsea,2023-12-10 14:00:00,0.20081,0.50381,0.19695,0.49891,0.0232,0.0137,True,Stable
Chelsea,2023-12-16 15:00:00,0.21272,0.5188,0.20081,0.50381,0.0718,0.0419,True,Stable
Chelsea,2023-12-24 13:00:00,0.21427,0.51716,0.21272,0.5188,0.0093,0.0046,True,Stable
Chelsea,2023-12-27 19:30:00,0.21867,0.51903,0.21427,0.51716,0.0266,0.0052,True,Stable
Chelsea,2023-12-30 12:30:00,0.27517,0.43315,0.21867,0.51903,0.3419,0.2386,True,Stable
Chelsea,2024-01-13 12:30:00,0.28527,0.43039,0.27517,0.43315,0.0612,0.0077,True,Stable
Chelsea,2024-01-31 20:15:00,0.30977,0.37657,0.28527,0.43039,0.1488,0.1493,True,Stable
Chelsea,2024-02-04 14:00:00,0.30593,0.35633,0.30977,0.37657,0.0233,0.0562,True,Stable
Chelsea,2024-02-12 20:00:00,0.26151,0.28079,0.30593,0.35633,0.2707,0.2096,True,Stable
Chelsea,2024-02-17 17:30:00,0.26939,0.36879,0.26151,0.28079,0.0481,0.2444,True,Stable
Chelsea,2024-03-02 15:00:00,0.25302,0.33942,0.26939,0.36879,0.1001,0.0816,True,Stable
Chelsea,2024-03-11 20:00:00,0.22778,0.28479,0.25302,0.33942,0.1545,0.1518,True,Stable
Chelsea,2024-03-30 15:00:00,0.25896,0.28006,0.22778,0.28479,0.1912,0.0132,True,Stable
Chelsea,2024-04-04 19:15:00,0.27289,0.29418,0.25896,0.28006,0.0855,0.0393,True,Stable
Chelsea,2024-04-07 16:30:00,0.29434,0.21652,0.27289,0.29418,0.132,0.2163,True,Stable
Chelsea,2024-04-15 19:00:00,0.29792,0.10294,0.29434,0.21652,0.0221,0.3167,True,Stable
Chelsea,2024-04-23 19:00:00,0.31653,0.16981,0.29792,0.10294,0.1149,0.1868,True,Stable
Chelsea,2024-04-27 19:00:00,0.23911,0.13915,0.31653,0.16981,0.4787,0.0858,True,Stable
Chelsea,2024-05-02 18:30:00,0.24674,0.18593,0.23911,0.13915,0.0473,0.1311,True,Stable
Chelsea,2024-05-05 13:00:00,0.22756,0.15263,0.24674,0.18593,0.119,0.0934,True,Stable
Chelsea,2024-05-11 16:30:00,0.25523,0.20873,0.22756,0.15263,0.1718,0.1576,True,Stable
Chelsea,2024-05-15 18:45:00,0.23572,0.12844,0.25523,0.20873,0.1214,0.2258,True,Stable
Chelsea,2024-05-19 15:00:00,0.22444,0.05369,0.23572,0.12844,0.0702,0.2106,True,Stable
Chelsea,2024-08-18 15:30:00,0.25163,0.02141,0.22444,0.05369,0.1695,0.0911,True,Stable
Chelsea,2024-08-25 13:00:00,0.22255,-0.09054,0.25163,0.02141,0.1816,0.3164,True,Stable
Chelsea,2024-09-01 12:30:00,0.30738,-0.06071,0.22255,-0.09054,0.5305,0.0844,True,Stable
Chelsea,2024-09-14 19:00:00,0.36351,-0.07966,0.30738,-0.06071,0.3516,0.0537,True,Stable
Chelsea,2024-09-21 11:30:00,0.44478,-0.10583,0.36351,-0.07966,0.5097,0.0743,True,Stable
Chelsea,2024-09-28 14:00:00,0.51741,-0.14425,0.44478,-0.10583,0.4557,0.1092,True,Stable
Chelsea,2024-10-06 13:00:00,0.65436,-0.08489,0.51741,-0.14425,0.8579,0.169,True,Stable
Chelsea,2024-10-20 15:30:00,0.62406,-0.07754,0.65436,-0.08489,0.1886,0.021,True,Stable
Chelsea,2024-10-27 14:00:00,0.62762,-0.08313,0.62406,-0.07754,0.0221,0.016,True,Stable
Chelsea,2024-11-03 16:30:00,0.60871,-0.06171,0.62762,-0.08313,0.1166,0.0612,True,Stable
Chelsea,2024-11-10 16:30:00,0.58771,-0.03898,0.60871,-0.06171,0.1289,0.0651,True,Stable
Chelsea,2024-11-23 12:30:00,0.56415,-0.05389,0.58771,-0.03898,0.1442,0.0427,True,Stable
Chelsea,2024-12-01 13:30:00,0.56967,-0.05651,0.56415,-0.05389,0.0337,0.0075,True,Stable
Chelsea,2024-12-04 19:30:00,0.56738,-0.03701,0.56967,-0.05651,0.014,0.0561,True,Stable
Chelsea,2024-12-08 16:30:00,0.58201,-0.05925,0.56738,-0.03701,0.0889,0.0641,True,Stable
Chelsea,2024-12-15 19:00:00,0.59785,-0.08145,0.58201,-0.05925,0.096,0.0641,True,Stable
Chelsea,2024-12-22 14:00:00,0.65838,-0.09337,0.59785,-0.08145,0.3656,0.0344,True,Stable
Chelsea,2024-12-26 15:00:00,0.82135,-0.10729,0.65838,-0.09337,0.979,0.0403,True,Stable
Chelsea,2024-12-30 19:45:00,0.74488,-0.08844,0.82135,-0.10729,0.4535,0.0546,True,Stable
Chelsea,2025-01-04 15:00:00,0.61019,-0.06301,0.74488,-0.08844,0.7919,0.0738,True,Stable
Chelsea,2025-01-14 19:30:00,0.44324,-0.01585,0.61019,-0.06301,0.9784,0.137,True,Stable
Chelsea,2025-01-20 20:00:00,0.42475,-0.00644,0.44324,-0.01585,0.1084,0.0274,True,Stable
Chelsea,2025-01-25 17:30:00,0.38241,0.05602,0.42475,-0.00644,0.2485,0.182,True,Stable
Chelsea,2025-02-03 20:00:00,0.39045,0.00983,0.38241,0.05602,0.0473,0.1348,True,Stable
Chelsea,2025-02-14 20:00:00,0.38625,0.03333,0.39045,0.00983,0.0247,0.0687,True,Stable
Chelsea,2025-02-22 17:30:00,0.38497,0.0675,0.38625,0.03333,0.0075,0.1,True,Stable
Chelsea,2025-02-25 20:15:00,0.37358,0.03096,0.38497,0.0675,0.0672,0.1071,True,Stable
Chelsea,2025-03-09 14:00:00,0.3754,0.01574,0.37358,0.03096,0.0108,0.0447,True,Stable
Chelsea,2025-03-16 13:30:00,0.3449,0.07012,0.3754,0.01574,0.1805,0.1599,True,Stable
Chelsea,2025-04-03 19:00:00,0.36236,0.12488,0.3449,0.07012,0.1034,0.1613,True,Stable
Chelsea,2025-04-06 13:00:00,0.30831,0.11274,0.36236,0.12488,0.3206,0.0358,True,Stable
Chelsea,2025-04-13 13:00:00,0.30656,0.22466,0.30831,0.11274,0.0104,0.3305,True,Stable
Chelsea,2025-04-20 13:00:00,0.35705,0.1961,0.30656,0.22466,0.3004,0.0844,True,Stable
Chelsea,2025-04-26 11:30:00,0.37271,0.19623,0.35705,0.1961,0.0933,0.0004,True,Stable
Chelsea,2025-05-04 15:30:00,0.34199,0.18379,0.37271,0.19623,0.1833,0.0368,True,Stable
Chelsea,2025-05-11 11:00:00,0.36362,0.21185,0.34199,0.18379,0.1292,0.0832,True,Stable
Chelsea,2025-05-16 19:15:00,0.38877,0.21274,0.36362,0.21185,0.1505,0.0026,True,Stable
Chelsea,2025-05-25 15:00:00,0.40677,0.23392,0.38877,0.21274,0.1078,0.0629,True,Stable
Crystal Palace,2017-08-19 15:00:00,0.23233,-0.1662,0.21644,-0.14885,0.3285,0.1715,True,Stable
Crystal Palace,2017-08-26 15:00:00,0.23292,-0.15467,0.23233,-0.1662,0.0124,0.1129,True,Stable
Crystal Palace,2017-09-10 13:30:00,0.12798,0.09249,0.23292,-0.15467,2.2257,2.4113,False,Unstable
Crystal Palace,2017-09-16 12:30:00,0.06429,0.67571,0.12798,0.09249,1.293,5.6491,False,Unstable
Crystal Palace,2017-09-23 15:00:00,0.08429,0.57774,0.06429,0.67571,0.3649,0.6581,True,Stable
Crystal Palace,2017-09-30 15:00:00,0.09383,0.52063,0.08429,0.57774,0.164,0.3313,True,Stable
Crystal Palace,2017-10-14 15:00:00,0.10158,0.37109,0.09383,0.52063,0.1277,0.7974,True,Stable
Crystal Palace,2017-10-21 15:00:00,0.10839,0.25995,0.10158,0.37109,0.1092,0.5757,True,Stable
Crystal Palace,2017-10-28 15:00:00,0.11302,0.15141,0.10839,0.25995,0.0727,0.5588,True,Stable
Crystal Palace,2017-11-05 12:00:00,0.10983,0.1876,0.11302,0.15141,0.0493,0.1875,True,Stable
Crystal Palace,2017-11-18 15:00:00,0.10946,0.37727,0.10983,0.1876,0.0057,0.9854,True,Stable
Crystal Palace,2017-11-25 15:00:00,0.13841,0.41108,0.10946,0.37727,0.4349,0.1717,True,Stable
Crystal Palace,2017-11-28 19:45:00,0.15838,0.41479,0.13841,0.41108,0.2999,0.0184,True,Stable
Crystal Palace,2017-12-02 15:00:00,0.19617,0.41446,0.15838,0.41479,0.57,0.0016,True,Stable
Crystal Palace,2017-12-09 15:00:00,0.20053,0.46497,0.19617,0.41446,0.0665,0.2398,True,Stable
Crystal Palace,2017-12-12 20:00:00,0.16979,0.43157,0.20053,0.46497,0.4725,0.1547,True,Stable
Crystal Palace,2017-12-16 12:30:00,0.16144,0.41665,0.16979,0.43157,0.1293,0.068,True,Stable
Crystal Palace,2017-12-23 15:00:00,0.1561,0.39321,0.16144,0.41665,0.0831,0.1054,True,Stable
Crystal Palace,2017-12-28 20:00:00,0.14872,0.28866,0.1561,0.39321,0.1152,0.466,True,Stable
Crystal Palace,2017-12-31 12:00:00,0.13935,0.23832,0.14872,0.28866,0.1466,0.2248,True,Stable
Crystal Palace,2018-01-02 19:45:00,0.13934,0.27538,0.13935,0.23832,0.0002,0.1662,True,Stable
Crystal Palace,2018-01-13 15:00:00,0.14327,0.24336,0.13934,0.27538,0.0617,0.144,True,Stable
Crystal Palace,2018-01-20 15:00:00,0.15284,0.17635,0.14327,0.24336,0.1501,0.3027,True,Stable
Crystal Palace,2018-01-30 19:45:00,0.14477,0.24311,0.15284,0.17635,0.1271,0.3037,True,Stable
Crystal Palace,2018-02-04 14:15:00,0.13714,0.29263,0.14477,0.24311,0.1206,0.2264,True,Stable
Crystal Palace,2018-02-10 15:00:00,0.13305,0.36193,0.13714,0.29263,0.0647,0.3173,True,Stable
Crystal Palace,2018-02-25 00:00:00,0.14278,0.45877,0.13305,0.36193,0.1539,0.442,True,Stable
Crystal Palace,2018-03-05 20:00:00,0.14779,0.42522,0.14278,0.45877,0.0793,0.1514,True,Stable
Crystal Palace,2018-03-10 17:30:00,0.17166,0.44774,0.14779,0.42522,0.3798,0.1008,True,Stable
Crystal Palace,2018-03-17 15:00:00,0.18207,0.41025,0.17166,0.44774,0.1667,0.1664,True,Stable
Crystal Palace,2018-03-31 12:30:00,0.20505,0.42629,0.18207,0.41025,0.3707,0.0709,True,Stable
Crystal Palace,2018-04-07 14:00:00,0.18804,0.38831,0.20505,0.42629,0.2764,0.1669,True,Stable
Crystal Palace,2018-04-14 14:00:00,0.21385,0.41343,0.18804,0.38831,0.4224,0.1102,True,Stable
Crystal Palace,2018-04-21 14:00:00,0.19321,0.39305,0.21385,0.41343,0.34,0.0891,True,Stable
Crystal Palace,2018-04-28 14:00:00,0.16758,0.32628,0.19321,0.39305,0.4249,0.2913,True,Stable
Crystal Palace,2018-05-05 12:30:00,0.05813,-0.03737,0.16758,0.32628,1.8249,1.5904,False,Unstable
Crystal Palace,2018-05-13 15:00:00,0.09228,0.12121,0.05813,-0.03737,0.5545,0.6953,True,Stable
Crystal Palace,2018-08-11 17:00:00,0.07093,-0.0058,0.09228,0.12121,0.3431,0.5606,True,Stable
Crystal Palace,2018-08-20 22:00:00,0.06802,-0.07487,0.07093,-0.0058,0.0459,0.3061,True,Stable
Crystal Palace,2018-08-26 15:30:00,0.12239,0.03765,0.06802,-0.07487,0.8448,0.499,True,Stable
Crystal Palace,2018-09-01 14:00:00,0.19562,0.13532,0.12239,0.03765,1.1379,0.4355,False,Unstable
Crystal Palace,2018-09-15 14:00:00,0.21948,0.11928,0.19562,0.13532,0.373,0.072,True,Stable
Crystal Palace,2018-09-22 14:00:00,0.22937,0.16281,0.21948,0.11928,0.1553,0.1965,True,Stable
Crystal Palace,2018-10-01 19:00:00,0.22517,0.16069,0.22937,0.16281,0.0661,0.0096,True,Stable
Crystal Palace,2018-10-06 14:00:00,0.1943,0.20751,0.22517,0.16069,0.4886,0.214,True,Stable
Crystal Palace,2018-10-21 15:00:00,0.19011,0.21868,0.1943,0.20751,0.0666,0.0513,True,Stable
Crystal Palace,2018-10-28 12:30:00,0.18265,0.22821,0.19011,0.21868,0.1196,0.044,True,Stable
Crystal Palace,2018-11-04 16:00:00,0.20287,0.19325,0.18265,0.22821,0.3258,0.1622,True,Stable
Crystal Palace,2018-11-10 17:30:00,0.19558,0.23156,0.20287,0.19325,0.1181,0.1788,True,Stable
Crystal Palace,2018-11-24 15:00:00,0.19139,0.2373,0.19558,0.23156,0.0683,0.0269,True,Stable
Crystal Palace,2018-12-01 15:00:00,0.21,0.20139,0.19139,0.2373,0.305,0.1691,True,Stable
Crystal Palace,2018-12-04 19:45:00,0.22195,0.16292,0.21,0.20139,0.1967,0.1821,True,Stable
Crystal Palace,2018-12-08 15:00:00,0.21588,0.16351,0.22195,0.16292,0.1002,0.0028,True,Stable
Crystal Palace,2018-12-15 15:00:00,0.22044,0.12777,0.21588,0.16351,0.0756,0.171,True,Stable
Crystal Palace,2018-12-22 15:00:00,0.19594,0.02903,0.22044,0.12777,0.4083,0.4752,True,Stable
Crystal Palace,2018-12-26 15:00:00,0.23683,0.12976,0.19594,0.02903,0.6853,0.4866,True,Stable
Crystal Palace,2018-12-30 12:00:00,0.2335,0.13885,0.23683,0.12976,0.056,0.0442,True,Stable
Crystal Palace,2019-01-02 19:45:00,0.24244,0.15658,0.2335,0.13885,0.1506,0.0865,True,Stable
Crystal Palace,2019-01-12 15:00:00,0.23476,0.1387,0.24244,0.15658,0.1294,0.0877,True,Stable
Crystal Palace,2019-01-19 15:00:00,0.23253,0.14441,0.23476,0.1387,0.0377,0.0282,True,Stable
Crystal Palace,2019-01-30 19:45:00,0.22631,0.06618,0.23253,0.14441,0.1054,0.388,True,Stable
Crystal Palace,2019-02-02 15:00:00,0.22391,0.04155,0.22631,0.06618,0.0409,0.1226,True,Stable
Crystal Palace,2019-02-09 15:00:00,0.2616,0.04511,0.22391,0.04155,0.6432,0.0178,True,Stable
Crystal Palace,2019-02-23 17:30:00,0.25804,-0.01772,0.2616,0.04511,0.0607,0.3154,True,Stable
Crystal Palace,2019-02-27 20:00:00,0.30958,0.04922,0.25804,-0.01772,0.8769,0.3367,True,Stable
Crystal Palace,2019-03-02 15:00:00,0.32252,-0.01082,0.30958,0.04922,0.2173,0.3032,True,Stable
Crystal Palace,2019-03-09 12:30:00,0.3064,-0.00434,0.32252,-0.01082,0.2661,0.0328,True,Stable
Crystal Palace,2019-03-30 15:00:00,0.28549,-0.04385,0.3064,-0.00434,0.3416,0.2005,True,Stable
Crystal Palace,2019-04-03 19:45:00,0.33258,0.02359,0.28549,-0.04385,0.7652,0.3424,True,Stable
Crystal Palace,2019-04-06 15:00:00,0.33162,-0.00285,0.33258,0.02359,0.0154,0.1347,True,Stable
Crystal Palace,2019-04-14 14:05:00,0.33895,0.02173,0.33162,-0.00285,0.1154,0.1256,True,Stable
Crystal Palace,2019-04-21 16:00:00,0.33441,0.06462,0.33895,0.02173,0.0702,0.2198,True,Stable
Crystal Palace,2019-04-27 15:00:00,0.38749,0.09019,0.33441,0.06462,0.8094,0.1316,True,Stable
Crystal Palace,2019-05-04 16:30:00,0.38495,0.06013,0.38749,0.09019,0.0376,0.1553,True,Stable
Crystal Palace,2019-05-12 14:00:00,0.36196,0.03563,0.38495,0.06013,0.3314,0.1271,True,Stable
Crystal Palace,2019-08-10 15:00:00,0.39983,0.05437,0.36196,0.03563,0.5365,0.0976,True,Stable
Crystal Palace,2019-08-18 14:00:00,0.35015,0.02561,0.39983,0.05437,0.6851,0.1503,True,Stable
Crystal Palace,2019-08-24 15:00:00,0.287,-0.08594,0.35015,0.02561,0.8606,0.5848,True,Stable
Crystal Palace,2019-08-31 15:00:00,0.31289,-0.06409,0.287,-0.08594,0.3526,0.1145,True,Stable
Crystal Palace,2019-09-14 14:00:00,0.38718,-0.05737,0.31289,-0.06409,1.0083,0.0352,False,Unstable
Crystal Palace,2019-09-22 13:00:00,0.40178,-0.06971,0.38718,-0.05737,0.1944,0.0647,True,Stable
Crystal Palace,2019-09-28 14:00:00,0.45624,-0.0987,0.40178,-0.06971,0.7098,0.152,True,Stable
Crystal Palace,2019-10-05 17:30:00,0.48747,-0.08592,0.45624,-0.0987,0.3928,0.067,True,Stable
Crystal Palace,2019-10-19 17:30:00,0.54818,-0.09881,0.48747,-0.08592,0.7328,0.0675,True,Stable
Crystal Palace,2019-10-27 16:30:00,0.55696,-0.10171,0.54818,-0.09881,0.1001,0.0152,True,Stable
Crystal Palace,2019-11-03 14:00:00,0.63139,-0.11793,0.55696,-0.10171,0.806,0.0847,True,Stable
Crystal Palace,2019-11-09 12:30:00,0.72405,-0.12124,0.63139,-0.11793,0.9369,0.0173,True,Stable
Crystal Palace,2019-11-23 15:00:00,0.71634,-0.11552,0.72405,-0.12124,0.0714,0.0298,True,Stable
Crystal Palace,2019-11-30 15:00:00,0.81796,-0.13448,0.71634,-0.11552,0.8776,0.0986,True,Stable
Crystal Palace,2019-12-03 19:30:00,0.87729,-0.14382,0.81796,-0.13448,0.4698,0.0485,True,Stable
Crystal Palace,2019-12-07 15:00:00,0.86844,-0.14478,0.87729,-0.14382,0.0642,0.005,True,Stable
Crystal Palace,2019-12-16 19:45:00,0.81019,-0.13153,0.86844,-0.14478,0.3945,0.0684,True,Stable
Crystal Palace,2019-12-21 15:00:00,0.74455,-0.14036,0.81019,-0.13153,0.4235,0.0455,True,Stable
Crystal Palace,2019-12-26 15:00:00,0.75275,-0.12699,0.74455,-0.14036,0.0512,0.0689,True,Stable
Crystal Palace,2019-12-28 15:00:00,0.74221,-0.13392,0.75275,-0.12699,0.0637,0.0357,True,Stable
Crystal Palace,2020-01-01 17:30:00,0.76105,-0.14162,0.74221,-0.13392,0.111,0.0395,True,Stable
Crystal Palace,2020-01-11 12:30:00,0.77441,-0.1432,0.76105,-0.14162,0.0766,0.0081,True,Stable
Crystal Palace,2020-01-18 15:00:00,0.76721,-0.15126,0.77441,-0.1432,0.0402,0.0413,True,Stable
Crystal Palace,2020-01-21 19:30:00,0.75425,-0.1516,0.76721,-0.15126,0.0707,0.0017,True,Stable
Crystal Palace,2020-02-01 15:00:00,0.76787,-0.15337,0.75425,-0.1516,0.0728,0.009,True,Stable
Crystal Palace,2020-02-08 12:30:00,0.71144,-0.13304,0.76787,-0.15337,0.2955,0.1035,True,Stable
Crystal Palace,2020-02-22 15:00:00,0.61391,-0.14007,0.71144,-0.13304,0.5035,0.0357,True,Stable
Crystal Palace,2020-02-29 12:30:00,0.42574,-0.05415,0.61391,-0.14007,0.9651,0.4367,True,Stable
Crystal Palace,2020-03-07 15:00:00,0.40446,-0.03762,0.42574,-0.05415,0.1093,0.0841,True,Stable
Crystal Palace,2020-06-20 18:45:00,0.50153,-0.04313,0.40446,-0.03762,0.4999,0.0281,True,Stable
Crystal Palace,2020-06-24 19:15:00,0.41199,-0.06332,0.50153,-0.04313,0.4609,0.1033,True,Stable
Crystal Palace,2020-06-29 19:00:00,0.39608,-0.04296,0.41199,-0.06332,0.0821,0.1043,True,Stable
Crystal Palace,2020-07-04 14:00:00,0.39607,-0.07259,0.39608,-0.04296,0.0,0.1521,True,Stable
Crystal Palace,2020-07-07 17:00:00,0.39024,-0.07183,0.39607,-0.07259,0.0302,0.0039,True,Stable
Crystal Palace,2020-07-12 13:15:00,0.38509,-0.02767,0.39024,-0.07183,0.0268,0.2274,True,Stable
Crystal Palace,2020-07-16 19:15:00,0.35022,0.02923,0.38509,-0.02767,0.1818,0.2937,True,Stable
Crystal Palace,2020-07-20 19:15:00,0.43006,0.06296,0.35022,0.02923,0.4174,0.1747,True,Stable
Crystal Palace,2020-07-26 15:00:00,0.43185,0.06299,0.43006,0.06296,0.0094,0.0002,True,Stable
Crystal Palace,2020-09-12 14:00:00,0.41891,0.0923,0.43185,0.06299,0.0679,0.1528,True,Stable
Crystal Palace,2020-09-19 16:30:00,0.59219,0.09394,0.41891,0.0923,0.9107,0.0086,True,Stable
Crystal Palace,2020-09-26 14:00:00,0.61183,0.08138,0.59219,0.09394,0.1028,0.0659,True,Stable
Crystal Palace,2020-10-03 11:30:00,0.47395,0.04649,0.61183,0.08138,0.7177,0.1837,True,Stable
Crystal Palace,2020-10-18 13:00:00,0.4382,0.04429,0.47395,0.04649,0.1862,0.0116,True,Stable
Crystal Palace,2020-10-24 14:00:00,0.43721,0.05035,0.4382,0.04429,0.0052,0.0321,True,Stable
Crystal Palace,2020-10-30 20:00:00,0.4585,0.0556,0.43721,0.05035,0.1113,0.0279,True,Stable
Crystal Palace,2020-11-07 15:00:00,0.49412,0.02343,0.4585,0.0556,0.1863,0.1715,True,Stable
Crystal Palace,2020-11-23 17:30:00,0.50823,0.03866,0.49412,0.02343,0.0739,0.0814,True,Stable
Crystal Palace,2020-11-27 20:00:00,0.51291,0.04135,0.50823,0.03866,0.0245,0.0144,True,Stable
Crystal Palace,2020-12-06 12:00:00,0.57651,-0.01776,0.51291,0.04135,0.3326,0.3179,True,Stable
Crystal Palace,2020-12-13 14:15:00,0.48834,-0.05027,0.57651,-0.01776,0.4598,0.1753,True,Stable
Crystal Palace,2020-12-16 20:00:00,0.56041,-0.01278,0.48834,-0.05027,0.376,0.2025,True,Stable
Crystal Palace,2020-12-19 12:30:00,0.55327,-0.01908,0.56041,-0.01278,0.0371,0.0341,True,Stable
Crystal Palace,2020-12-26 15:00:00,0.55425,-0.01548,0.55327,-0.01908,0.0051,0.0195,True,Stable
Crystal Palace,2020-12-28 15:00:00,0.62172,0.02658,0.55425,-0.01548,0.3501,0.2288,True,Stable
Crystal Palace,2021-01-02 15:00:00,0.67516,0.00811,0.62172,0.02658,0.2762,0.1007,True,Stable
Crystal Palace,2021-01-14 20:00:00,0.66354,0.00351,0.67516,0.00811,0.0596,0.0252,True,Stable
Crystal Palace,2021-01-17 19:15:00,0.66235,7e-05,0.66354,0.00351,0.0061,0.0188,True,Stable
Crystal Palace,2021-01-26 18:00:00,0.63672,-0.02888,0.66235,7e-05,0.13,0.1592,True,Stable
Crystal Palace,2021-01-30 15:00:00,0.62872,-0.0299,0.63672,-0.02888,0.0404,0.0056,True,Stable
Crystal Palace,2021-02-02 20:15:00,0.6152,-0.00773,0.62872,-0.0299,0.068,0.1224,True,Stable
Crystal Palace,2021-02-08 20:00:00,0.61816,-0.01213,0.6152,-0.00773,0.0149,0.0244,True,Stable
Crystal Palace,2021-02-13 15:00:00,0.57633,-0.02613,0.61816,-0.01213,0.2091,0.0776,True,Stable
Crystal Palace,2021-02-22 20:00:00,0.55844,-0.03216,0.57633,-0.02613,0.0893,0.0336,True,Stable
Crystal Palace,2021-02-28 12:00:00,0.52378,-0.06122,0.55844,-0.03216,0.1729,0.1619,True,Stable
Crystal Palace,2021-03-03 20:15:00,0.62097,-0.07941,0.52378,-0.06122,0.4851,0.1015,True,Stable
Crystal Palace,2021-03-07 19:15:00,0.70681,-0.09429,0.62097,-0.07941,0.4272,0.0831,True,Stable
Crystal Palace,2021-03-13 15:00:00,0.6539,-0.09396,0.70681,-0.09429,0.2616,0.0019,True,Stable
Crystal Palace,2021-04-05 17:00:00,0.68784,-0.08847,0.6539,-0.09396,0.1672,0.0307,True,Stable
Crystal Palace,2021-04-10 16:30:00,0.71424,-0.09862,0.68784,-0.08847,0.1294,0.0568,True,Stable
Crystal Palace,2021-04-26 19:00:00,0.72369,-0.10836,0.71424,-0.09862,0.046,0.0545,True,Stable
Crystal Palace,2021-05-01 11:30:00,0.72959,-0.102,0.72369,-0.10836,0.0285,0.0356,True,Stable
Crystal Palace,2021-05-08 14:00:00,0.74402,-0.12568,0.72959,-0.102,0.0694,0.1327,True,Stable
Crystal Palace,2021-05-11 21:00:00,0.89248,-0.13375,0.74402,-0.12568,0.7087,0.0452,True,Stable
Crystal Palace,2021-05-16 11:00:00,1.05753,-0.14365,0.89248,-0.13375,0.7762,0.0555,True,Stable
Crystal Palace,2021-05-19 18:00:00,1.20806,-0.14798,1.05753,-0.14365,0.6899,0.0243,True,Stable
Crystal Palace,2021-05-23 15:00:00,1.56314,-0.15896,1.20806,-0.14798,1.5698,0.0614,False,Unstable
Crystal Palace,2021-08-14 14:00:00,1.60813,-0.1556,1.56314,-0.15896,0.186,0.0188,True,Stable
Crystal Palace,2021-08-21 14:00:00,1.42604,-0.14522,1.60813,-0.1556,0.7077,0.0579,True,Stable
Crystal Palace,2021-08-28 14:00:00,1.21701,-0.12831,1.42604,-0.14522,0.7812,0.0944,True,Stable
Crystal Palace,2021-09-11 11:30:00,1.05952,-0.11211,1.21701,-0.12831,0.5756,0.0904,True,Stable
Crystal Palace,2021-09-18 14:00:00,0.95675,-0.1012,1.05952,-0.11211,0.3708,0.0609,True,Stable
Crystal Palace,2021-09-27 19:00:00,0.84311,-0.10577,0.95675,-0.1012,0.4068,0.0255,True,Stable
Crystal Palace,2021-10-03 13:00:00,0.79605,-0.09727,0.84311,-0.10577,0.1677,0.0475,True,Stable
Crystal Palace,2021-10-18 19:00:00,0.78465,-0.11543,0.79605,-0.09727,0.0405,0.1016,True,Stable
Crystal Palace,2021-10-23 14:00:00,0.83977,-0.11675,0.78465,-0.11543,0.1955,0.0074,True,Stable
Crystal Palace,2021-10-30 14:00:00,0.68849,-0.09469,0.83977,-0.11675,0.5347,0.1236,True,Stable
Crystal Palace,2021-11-06 15:00:00,0.86191,-0.08568,0.68849,-0.09469,0.6129,0.0505,True,Stable
Crystal Palace,2021-11-20 15:00:00,0.64059,-0.10766,0.86191,-0.08568,0.779,0.1234,True,Stable
Crystal Palace,2021-11-27 15:00:00,0.69748,-0.08918,0.64059,-0.10766,0.2004,0.1038,True,Stable
Crystal Palace,2021-11-30 20:15:00,0.70732,-0.09296,0.69748,-0.08918,0.0347,0.0213,True,Stable
Crystal Palace,2021-12-05 14:00:00,0.66631,-0.10497,0.70732,-0.09296,0.1444,0.0676,True,Stable
Crystal Palace,2021-12-12 16:30:00,0.59223,-0.10301,0.66631,-0.10497,0.2609,0.011,True,Stable
Crystal Palace,2021-12-15 19:30:00,0.60054,-0.10316,0.59223,-0.10301,0.0293,0.0008,True,Stable
Crystal Palace,2021-12-26 15:00:00,0.59029,-0.09627,0.60054,-0.10316,0.0362,0.0389,True,Stable
Crystal Palace,2021-12-28 15:00:00,0.61434,-0.08328,0.59029,-0.09627,0.0851,0.0734,True,Stable
Crystal Palace,2022-01-01 17:30:00,0.60204,-0.08611,0.61434,-0.08328,0.0436,0.016,True,Stable
Crystal Palace,2022-01-14 20:00:00,0.62913,-0.08131,0.60204,-0.08611,0.0961,0.0272,True,Stable
Crystal Palace,2022-01-23 14:00:00,0.70007,-0.06232,0.62913,-0.08131,0.2518,0.1077,True,Stable
Crystal Palace,2022-02-09 19:45:00,0.69233,-0.05631,0.70007,-0.06232,0.0275,0.0342,True,Stable
Crystal Palace,2022-02-12 15:00:00,0.66737,-0.02979,0.69233,-0.05631,0.0886,0.1509,True,Stable
Crystal Palace,2022-02-19 15:00:00,0.66864,-0.01028,0.66737,-0.02979,0.0045,0.1112,True,Stable
Crystal Palace,2022-02-23 19:30:00,0.75858,-0.04207,0.66864,-0.01028,0.3196,0.1817,True,Stable
Crystal Palace,2022-02-26 15:00:00,0.67629,-0.0473,0.75858,-0.04207,0.2922,0.0299,True,Stable
Crystal Palace,2022-03-05 15:00:00,0.65509,-0.04572,0.67629,-0.0473,0.0753,0.0091,True,Stable
Crystal Palace,2022-03-14 20:00:00,0.56595,-0.06624,0.65509,-0.04572,0.3168,0.1179,True,Stable
Crystal Palace,2022-04-04 19:00:00,0.40841,-0.11062,0.56595,-0.06624,0.5609,0.2554,True,Stable
Crystal Palace,2022-04-10 13:00:00,0.72919,-0.06028,0.40841,-0.11062,1.1448,0.2899,False,Unstable
Crystal Palace,2022-04-20 18:45:00,0.70939,-0.05801,0.72919,-0.06028,0.0706,0.0131,True,Stable
Crystal Palace,2022-04-25 19:00:00,0.66979,-0.04097,0.70939,-0.05801,0.1413,0.0984,True,Stable
Crystal Palace,2022-04-30 14:00:00,0.72665,-0.05737,0.66979,-0.04097,0.2029,0.0949,True,Stable
Crystal Palace,2022-05-07 14:00:00,0.71819,-0.02082,0.72665,-0.05737,0.0302,0.2119,True,Stable
Crystal Palace,2022-05-15 13:00:00,0.58575,-0.00325,0.71819,-0.02082,0.4725,0.1021,True,Stable
Crystal Palace,2022-05-19 18:45:00,0.5589,-0.0026,0.58575,-0.00325,0.096,0.0037,True,Stable
Crystal Palace,2022-05-22 15:00:00,0.63222,-0.02277,0.5589,-0.0026,0.2624,0.1177,True,Stable
Crystal Palace,2022-08-05 19:00:00,0.65794,-0.00239,0.63222,-0.02277,0.0922,0.1192,True,Stable
Crystal Palace,2022-08-15 19:00:00,0.66905,-0.01245,0.65794,-0.00239,0.0398,0.0589,True,Stable
Crystal Palace,2022-08-20 14:00:00,0.68704,-0.01744,0.66905,-0.01245,0.0646,0.0293,True,Stable
Crystal Palace,2022-08-27 14:00:00,0.73149,-0.03457,0.68704,-0.01744,0.1596,0.1008,True,Stable
Crystal Palace,2022-08-30 18:30:00,0.76027,-0.04068,0.73149,-0.03457,0.1033,0.036,True,Stable
Crystal Palace,2022-09-03 14:00:00,0.73006,-0.03754,0.76027,-0.04068,0.1084,0.0186,True,Stable
Crystal Palace,2022-10-01 14:00:00,0.71626,-0.03716,0.73006,-0.03754,0.0495,0.0023,True,Stable
Crystal Palace,2022-10-09 13:00:00,0.65306,-0.0564,0.71626,-0.03716,0.2266,0.114,True,Stable
Crystal Palace,2022-10-15 11:30:00,0.71152,-0.02399,0.65306,-0.0564,0.2098,0.1923,True,Stable
Crystal Palace,2022-10-18 19:15:00,0.737,-0.02166,0.71152,-0.02399,0.0915,0.0138,True,Stable
Crystal Palace,2022-10-22 14:00:00,0.77766,-0.0143,0.737,-0.02166,0.1459,0.0438,True,Stable
Crystal Palace,2022-10-29 14:00:00,0.7501,-0.01864,0.77766,-0.0143,0.0988,0.0259,True,Stable
Crystal Palace,2022-11-06 14:00:00,0.75408,-0.01835,0.7501,-0.01864,0.0143,0.0018,True,Stable
Crystal Palace,2022-11-12 15:00:00,0.73763,-0.02465,0.75408,-0.01835,0.0589,0.0378,True,Stable
Crystal Palace,2022-12-26 15:00:00,0.70691,0.00118,0.73763,-0.02465,0.11,0.1551,True,Stable
Crystal Palace,2022-12-31 15:00:00,0.70893,-0.00408,0.70691,0.00118,0.0072,0.0316,True,Stable
Crystal Palace,2023-01-04 20:00:00,0.69702,0.00522,0.70893,-0.00408,0.0427,0.056,True,Stable
Crystal Palace,2023-01-15 14:00:00,0.62209,0.04886,0.69702,0.00522,0.2688,0.2636,True,Stable
Crystal Palace,2023-01-18 15:30:00,0.67609,0.04812,0.62209,0.04886,0.1939,0.0045,True,Stable
Crystal Palace,2023-01-21 17:30:00,0.67494,0.05541,0.67609,0.04812,0.0041,0.0442,True,Stable
Crystal Palace,2023-02-04 15:00:00,0.6356,0.06054,0.67494,0.05541,0.1415,0.0312,True,Stable
Crystal Palace,2023-02-11 15:00:00,0.64234,0.05738,0.6356,0.06054,0.0243,0.0193,True,Stable
Crystal Palace,2023-02-18 15:00:00,0.65379,0.03918,0.64234,0.05738,0.0413,0.111,True,Stable
Crystal Palace,2023-02-25 19:45:00,0.67565,0.05018,0.65379,0.03918,0.0789,0.0672,True,Stable
Crystal Palace,2023-03-04 15:00:00,0.59221,0.08227,0.67565,0.05018,0.3013,0.1966,True,Stable
Crystal Palace,2023-03-11 17:30:00,0.63027,0.10035,0.59221,0.08227,0.1376,0.1109,True,Stable
Crystal Palace,2023-03-15 19:30:00,0.63099,0.12875,0.63027,0.10035,0.0026,0.1745,True,Stable
Crystal Palace,2023-03-19 14:00:00,0.62747,0.15246,0.63099,0.12875,0.0128,0.1458,True,Stable
Crystal Palace,2023-04-01 14:00:00,0.82983,0.1781,0.62747,0.15246,0.7346,0.1578,True,Stable
Crystal Palace,2023-04-09 13:00:00,0.6912,0.15307,0.82983,0.1781,0.5024,0.1541,True,Stable
Crystal Palace,2023-04-15 14:00:00,0.62745,0.13179,0.6912,0.15307,0.2312,0.1312,True,Stable
Crystal Palace,2023-04-22 14:00:00,0.49546,0.09034,0.62745,0.13179,0.4793,0.2558,True,Stable
Crystal Palace,2023-04-25 18:30:00,0.42092,0.09526,0.49546,0.09034,0.2712,0.0304,True,Stable
Crystal Palace,2023-04-29 11:30:00,0.25973,-0.03942,0.42092,0.09526,0.5875,0.8339,True,Stable
Crystal Palace,2023-05-06 14:00:00,0.36122,0.00267,0.25973,-0.03942,0.3702,0.2611,True,Stable
Crystal Palace,2023-05-13 14:00:00,0.3623,0.00425,0.36122,0.00267,0.004,0.0098,True,Stable
Crystal Palace,2023-05-20 14:00:00,0.29668,0.01299,0.3623,0.00425,0.2402,0.0544,True,Stable
Crystal Palace,2023-05-28 15:30:00,0.24883,-0.07255,0.29668,0.01299,0.1754,0.5334,True,Stable
Crystal Palace,2023-08-12 14:00:00,0.32607,9e-05,0.24883,-0.07255,0.2833,0.4535,True,Stable
Crystal Palace,2023-08-21 19:00:00,0.31363,0.022,0.32607,9e-05,0.0457,0.137,True,Stable
Crystal Palace,2023-08-26 14:00:00,0.27905,0.07574,0.31363,0.022,0.1271,0.3367,True,Stable
Crystal Palace,2023-09-03 13:00:00,0.27598,0.07415,0.27905,0.07574,0.0113,0.01,True,Stable
Crystal Palace,2023-09-16 14:00:00,0.27021,0.09545,0.27598,0.07415,0.0213,0.134,True,Stable
Crystal Palace,2023-09-23 14:00:00,0.29752,0.10508,0.27021,0.09545,0.1007,0.0606,True,Stable
Crystal Palace,2023-09-30 14:00:00,0.32652,0.10271,0.29752,0.10508,0.1071,0.0149,True,Stable
Crystal Palace,2023-10-07 16:30:00,0.27696,0.08893,0.32652,0.10271,0.1833,0.087,True,Stable
Crystal Palace,2023-10-21 14:00:00,0.26061,0.14652,0.27696,0.08893,0.0605,0.3643,True,Stable
Crystal Palace,2023-10-27 19:00:00,0.26761,0.15512,0.26061,0.14652,0.0259,0.0545,True,Stable
Crystal Palace,2023-11-04 15:00:00,0.28089,0.13971,0.26761,0.15512,0.0492,0.0977,True,Stable
Crystal Palace,2023-11-11 15:00:00,0.29053,0.15327,0.28089,0.13971,0.0358,0.086,True,Stable
Crystal Palace,2023-11-25 15:00:00,0.283,0.14269,0.29053,0.15327,0.028,0.0671,True,Stable
Crystal Palace,2023-12-03 14:00:00,0.27698,0.09659,0.283,0.14269,0.0224,0.2929,True,Stable
Crystal Palace,2023-12-06 19:30:00,0.29025,0.14452,0.27698,0.09659,0.0494,0.3049,True,Stable
Crystal Palace,2023-12-09 12:30:00,0.27128,0.16461,0.29025,0.14452,0.0707,0.1279,True,Stable
Crystal Palace,2023-12-16 15:00:00,0.27652,0.12703,0.27128,0.16461,0.0196,0.2395,True,Stable
Crystal Palace,2023-12-21 20:00:00,0.23506,0.16337,0.27652,0.12703,0.1549,0.2318,True,Stable
Crystal Palace,2023-12-27 19:30:00,0.22908,0.17174,0.23506,0.16337,0.0224,0.0534,True,Stable
Crystal Palace,2023-12-30 15:00:00,0.2786,0.10028,0.22908,0.17174,0.1852,0.4563,True,Stable
Crystal Palace,2024-01-20 12:30:00,0.26207,0.0948,0.2786,0.10028,0.0619,0.035,True,Stable
Crystal Palace,2024-01-30 20:00:00,0.22843,0.05971,0.26207,0.0948,0.1261,0.2247,True,Stable
Crystal Palace,2024-02-03 15:00:00,0.16229,-0.08576,0.22843,0.05971,0.248,0.9333,True,Stable
Crystal Palace,2024-02-12 20:00:00,0.13693,-0.15175,0.16229,-0.08576,0.0951,0.4236,True,Stable
Crystal Palace,2024-02-19 20:00:00,0.16169,-0.10052,0.13693,-0.15175,0.0928,0.3286,True,Stable
Crystal Palace,2024-02-24 15:00:00,0.14857,-0.22038,0.16169,-0.10052,0.0491,0.7692,True,Stable
Crystal Palace,2024-03-02 15:00:00,0.18014,-0.17991,0.14857,-0.22038,0.1182,0.2589,True,Stable
Crystal Palace,2024-03-09 15:00:00,0.22043,-0.06853,0.18014,-0.17991,0.1509,0.7117,True,Stable
Crystal Palace,2024-03-30 15:00:00,0.19663,-0.01543,0.22043,-0.06853,0.0892,0.3397,True,Stable
Crystal Palace,2024-04-02 18:45:00,0.19409,0.04334,0.19663,-0.01543,0.0095,0.3764,True,Stable
Crystal Palace,2024-04-06 11:30:00,0.2052,0.08039,0.19409,0.04334,0.0417,0.2378,True,Stable
Crystal Palace,2024-04-14 13:00:00,0.19035,0.1522,0.2052,0.08039,0.0557,0.4615,True,Stable
Crystal Palace,2024-04-21 14:00:00,0.29838,0.08801,0.19035,0.1522,0.4053,0.4128,True,Stable
Crystal Palace,2024-04-24 19:00:00,0.25717,0.05273,0.29838,0.08801,0.1548,0.2272,True,Stable
Crystal Palace,2024-04-27 14:00:00,0.25041,0.03971,0.25717,0.05273,0.0254,0.084,True,Stable
Crystal Palace,2024-05-06 19:00:00,0.23939,0.01927,0.25041,0.03971,0.0415,0.1321,True,Stable
Crystal Palace,2024-05-11 14:00:00,0.20302,-0.01999,0.23939,0.01927,0.137,0.2541,True,Stable
Crystal Palace,2024-05-19 15:00:00,0.0891,-0.37876,0.20302,-0.01999,0.4291,2.3256,False,Unstable
Crystal Palace,2024-08-18 13:00:00,0.1057,-0.35524,0.0891,-0.37876,0.0624,0.151,True,Stable
Crystal Palace,2024-08-24 14:00:00,0.1395,-0.28271,0.1057,-0.35524,0.1271,0.4616,True,Stable
Crystal Palace,2024-09-01 12:30:00,0.15969,-0.22076,0.1395,-0.28271,0.0759,0.3923,True,Stable
Crystal Palace,2024-09-14 14:00:00,0.17767,-0.18678,0.15969,-0.22076,0.0676,0.2147,True,Stable
Crystal Palace,2024-09-21 16:30:00,0.18022,-0.0254,0.17767,-0.18678,0.0096,1.0182,False,Unstable
Crystal Palace,2024-09-28 14:00:00,0.16283,0.02765,0.18022,-0.0254,0.0654,0.3351,True,Stable
Crystal Palace,2024-10-05 11:30:00,0.16976,-0.01684,0.16283,0.02765,0.0261,0.2815,True,Stable
Crystal Palace,2024-10-21 19:00:00,0.15547,-0.0166,0.16976,-0.01684,0.0537,0.0016,True,Stable
Crystal Palace,2024-10-27 14:00:00,0.15946,-0.02332,0.15547,-0.0166,0.015,0.0427,True,Stable
Crystal Palace,2024-11-02 17:30:00,0.16112,-0.02124,0.15946,-0.02332,0.0062,0.0132,True,Stable
Crystal Palace,2024-11-09 15:00:00,0.1377,0.07887,0.16112,-0.02124,0.0881,0.6372,True,Stable
Crystal Palace,2024-11-23 15:00:00,0.14622,0.05475,0.1377,0.07887,0.032,0.1537,True,Stable
Crystal Palace,2024-11-30 15:00:00,0.13238,0.14341,0.14622,0.05475,0.052,0.566,True,Stable
Crystal Palace,2024-12-03 19:30:00,0.11768,0.13314,0.13238,0.14341,0.0552,0.0656,True,Stable
Crystal Palace,2024-12-07 15:00:00,0.13946,0.01249,0.11768,0.13314,0.0818,0.7715,True,Stable
Crystal Palace,2024-12-15 14:00:00,0.15584,-0.05168,0.13946,0.01249,0.0615,0.411,True,Stable
Crystal Palace,2024-12-21 17:30:00,0.15467,-0.01735,0.15584,-0.05168,0.0044,0.2202,True,Stable
Crystal Palace,2024-12-26 15:00:00,0.16089,-0.04753,0.15467,-0.01735,0.0234,0.1938,True,Stable
Crystal Palace,2024-12-29 15:00:00,0.13885,0.06545,0.16089,-0.04753,0.0828,0.7263,True,Stable
Crystal Palace,2025-01-04 15:00:00,0.13364,0.14496,0.13885,0.06545,0.0196,0.5119,True,Stable
Crystal Palace,2025-01-15 19:30:00,0.13538,0.23563,0.13364,0.14496,0.0065,0.5842,True,Stable
Crystal Palace,2025-01-18 15:00:00,0.15973,0.24812,0.13538,0.23563,0.0914,0.0804,True,Stable
Crystal Palace,2025-01-26 14:00:00,0.17637,0.25925,0.15973,0.24812,0.0625,0.0715,True,Stable
Crystal Palace,2025-02-02 14:00:00,0.17351,0.2326,0.17637,0.25925,0.0108,0.171,True,Stable
Crystal Palace,2025-02-15 17:30:00,0.19576,0.29735,0.17351,0.2326,0.0836,0.4149,True,Stable
Crystal Palace,2025-02-22 15:00:00,0.19547,0.2694,0.19576,0.29735,0.0011,0.1785,True,Stable
Crystal Palace,2025-02-25 19:30:00,0.15574,0.21739,0.19547,0.2694,0.1494,0.3316,True,Stable
Crystal Palace,2025-03-08 15:00:00,0.15032,0.29136,0.15574,0.21739,0.0204,0.4713,True,Stable
Crystal Palace,2025-04-02 19:45:00,0.15239,0.26886,0.15032,0.29136,0.0078,0.143,True,Stable
Crystal Palace,2025-04-05 14:00:00,0.17491,0.17135,0.15239,0.26886,0.0847,0.6185,True,Stable
Crystal Palace,2025-04-12 11:30:00,0.17446,0.09869,0.17491,0.17135,0.0017,0.4611,True,Stable
Crystal Palace,2025-04-16 18:30:00,0.15574,0.29121,0.17446,0.09869,0.0705,1.2233,False,Unstable
Crystal Palace,2025-04-19 14:00:00,0.17114,0.25173,0.15574,0.29121,0.058,0.2503,True,Stable
Crystal Palace,2025-04-23 19:00:00,0.1773,0.28099,0.17114,0.25173,0.0232,0.1853,True,Stable
Crystal Palace,2025-05-05 19:00:00,0.19969,0.41449,0.1773,0.28099,0.0843,0.8433,True,Stable
Crystal Palace,2025-05-11 13:15:00,0.20875,0.56426,0.19969,0.41449,0.0341,0.9397,True,Stable
Crystal Palace,2025-05-20 19:00:00,0.42444,0.43183,0.20875,0.56426,0.8134,0.8191,True,Stable
Crystal Palace,2025-05-25 15:00:00,0.56482,0.44127,0.42444,0.43183,0.5302,0.058,True,Stable
Manchester City,2017-08-21 20:00:00,0.28279,0.03644,0.24085,0.01016,0.395,0.235,True,Stable
Manchester City,2017-08-26 12:30:00,0.25872,0.00222,0.28279,0.03644,0.2281,0.3044,True,Stable
Manchester City,2017-09-09 12:30:00,0.23444,-0.00459,0.25872,0.00222,0.2304,0.0607,True,Stable
Manchester City,2017-09-16 15:00:00,0.22108,-0.01144,0.23444,-0.00459,0.1264,0.0614,True,Stable
Manchester City,2017-09-23 15:00:00,0.18381,-0.08565,0.22108,-0.01144,0.3502,0.6695,True,Stable
Manchester City,2017-09-30 17:30:00,0.17653,-0.15318,0.18381,-0.08565,0.0673,0.6164,True,Stable
Manchester City,2017-10-14 15:00:00,0.13778,-0.32575,0.17653,-0.15318,0.3528,1.5872,False,Unstable
Manchester City,2017-10-21 15:00:00,0.18546,-0.18124,0.13778,-0.32575,0.4231,1.2792,False,Unstable
Manchester City,2017-10-28 15:00:00,0.21685,-0.1896,0.18546,-0.18124,0.2761,0.0744,True,Stable
Manchester City,2017-11-05 14:15:00,0.19833,-0.221,0.21685,-0.1896,0.1628,0.2803,True,Stable
Manchester City,2017-11-18 15:00:00,0.1875,-0.1974,0.19833,-0.221,0.0949,0.2103,True,Stable
Manchester City,2017-11-26 16:00:00,0.21792,-0.14205,0.1875,-0.1974,0.2651,0.4948,True,Stable
Manchester City,2017-11-29 20:00:00,0.23025,-0.1837,0.21792,-0.14205,0.1077,0.3757,True,Stable
Manchester City,2017-12-03 16:00:00,0.21298,-0.12423,0.23025,-0.1837,0.1512,0.5391,True,Stable
Manchester City,2017-12-10 16:30:00,0.20738,-0.09735,0.21298,-0.12423,0.0491,0.246,True,Stable
Manchester City,2017-12-13 19:45:00,0.21089,-0.0837,0.20738,-0.09735,0.0307,0.1261,True,Stable
Manchester City,2017-12-16 17:30:00,0.21724,-0.06505,0.21089,-0.0837,0.0558,0.1738,True,Stable
Manchester City,2017-12-23 15:00:00,0.22861,-0.10203,0.21724,-0.06505,0.1001,0.3474,True,Stable
Manchester City,2017-12-27 19:45:00,0.22402,-0.11219,0.22861,-0.10203,0.0406,0.0963,True,Stable
Manchester City,2017-12-31 12:00:00,0.22452,-0.11091,0.22402,-0.11219,0.0044,0.0123,True,Stable
Manchester City,2018-01-02 20:00:00,0.22514,-0.09038,0.22452,-0.11091,0.0056,0.198,True,Stable
Manchester City,2018-01-14 16:00:00,0.22423,-0.16551,0.22514,-0.09038,0.0081,0.7308,True,Stable
Manchester City,2018-01-20 17:30:00,0.24164,-0.18214,0.22423,-0.16551,0.1561,0.1626,True,Stable
Manchester City,2018-01-31 20:00:00,0.24535,-0.22355,0.24164,-0.18214,0.0335,0.4066,True,Stable
Manchester City,2018-02-03 12:30:00,0.26172,-0.25303,0.24535,-0.22355,0.1484,0.2888,True,Stable
Manchester City,2018-02-10 17:30:00,0.31552,-0.36256,0.26172,-0.25303,0.4912,1.065,False,Unstable
Manchester City,2018-03-01 19:45:00,0.34604,-0.34961,0.31552,-0.36256,0.2807,0.1214,True,Stable
Manchester City,2018-03-04 16:00:00,0.42644,-0.36483,0.34604,-0.34961,0.7446,0.1387,True,Stable
Manchester City,2018-03-12 20:00:00,0.47421,-0.37645,0.42644,-0.36483,0.4416,0.1029,True,Stable
Manchester City,2018-03-31 17:30:00,0.45458,-0.42024,0.47421,-0.37645,0.1796,0.3767,True,Stable
Manchester City,2018-04-07 16:30:00,0.61468,-0.38832,0.45458,-0.42024,1.4572,0.2645,False,Unstable
Manchester City,2018-04-14 18:45:00,0.74306,-0.39748,0.61468,-0.38832,1.117,0.0741,False,Unstable
Manchester City,2018-04-22 15:30:00,0.65905,-0.38928,0.74306,-0.39748,0.6728,0.0648,True,Stable
Manchester City,2018-04-29 13:15:00,0.70445,-0.41206,0.65905,-0.38928,0.3487,0.1763,True,Stable
Manchester City,2018-05-06 13:30:00,0.75031,-0.40253,0.70445,-0.41206,0.3356,0.0722,True,Stable
Manchester City,2018-05-09 20:00:00,0.73132,-0.40007,0.75031,-0.40253,0.1317,0.0182,True,Stable
Manchester City,2018-05-13 15:00:00,0.74788,-0.39548,0.73132,-0.40007,0.1102,0.0336,True,Stable
Manchester City,2018-08-12 18:00:00,0.71072,-0.40151,0.74788,-0.39548,0.2378,0.0435,True,Stable
Manchester City,2018-08-19 15:30:00,0.71237,-0.39765,0.71072,-0.40151,0.0103,0.0275,True,Stable
Manchester City,2018-08-25 14:30:00,0.72538,-0.38098,0.71237,-0.39765,0.079,0.1172,True,Stable
Manchester City,2018-09-01 16:30:00,0.78492,-0.35194,0.72538,-0.38098,0.3528,0.2024,True,Stable
Manchester City,2018-09-15 14:00:00,0.70194,-0.31469,0.78492,-0.35194,0.4763,0.2585,True,Stable
Manchester City,2018-09-22 14:00:00,0.73917,-0.31006,0.70194,-0.31469,0.2103,0.0321,True,Stable
Manchester City,2018-09-29 14:00:00,0.73958,-0.24583,0.73917,-0.31006,0.0023,0.4458,True,Stable
Manchester City,2018-10-07 15:30:00,0.57226,-0.21758,0.73958,-0.24583,0.9101,0.197,True,Stable
Manchester City,2018-10-20 14:00:00,0.51668,-0.22047,0.57226,-0.21758,0.3022,0.0203,True,Stable
Manchester City,2018-10-29 19:00:00,0.51234,-0.19834,0.51668,-0.22047,0.0237,0.156,True,Stable
Manchester City,2018-11-04 15:00:00,0.53951,-0.20221,0.51234,-0.19834,0.1486,0.0275,True,Stable
Manchester City,2018-11-11 16:30:00,0.49387,-0.26221,0.53951,-0.20221,0.2501,0.4277,True,Stable
Manchester City,2018-11-24 15:00:00,0.43191,-0.30208,0.49387,-0.26221,0.3408,0.2852,True,Stable
Manchester City,2018-12-01 15:00:00,0.41007,-0.33453,0.43191,-0.30208,0.1208,0.2323,True,Stable
Manchester City,2018-12-04 20:00:00,0.3941,-0.38451,0.41007,-0.33453,0.0888,0.3573,True,Stable
Manchester City,2018-12-08 17:30:00,0.50947,-0.33371,0.3941,-0.38451,0.6452,0.3609,True,Stable
Manchester City,2018-12-15 12:30:00,0.51593,-0.33664,0.50947,-0.33371,0.0362,0.0208,True,Stable
Manchester City,2018-12-22 15:00:00,0.48632,-0.30891,0.51593,-0.33664,0.1665,0.1966,True,Stable
Manchester City,2018-12-26 15:00:00,0.47765,-0.3005,0.48632,-0.30891,0.049,0.0596,True,Stable
Manchester City,2018-12-30 14:15:00,0.47691,-0.31572,0.47765,-0.3005,0.0042,0.1082,True,Stable
Manchester City,2019-01-03 20:00:00,0.49437,-0.3435,0.47691,-0.31572,0.0994,0.1977,True,Stable
Manchester City,2019-01-14 20:00:00,0.47971,-0.30252,0.49437,-0.3435,0.0838,0.2913,True,Stable
Manchester City,2019-01-20 13:30:00,0.45763,-0.32598,0.47971,-0.30252,0.1267,0.1671,True,Stable
Manchester City,2019-01-29 20:00:00,0.44996,-0.31107,0.45763,-0.32598,0.0442,0.1062,True,Stable
Manchester City,2019-02-03 16:30:00,0.45039,-0.30912,0.44996,-0.31107,0.0025,0.0139,True,Stable
Manchester City,2019-02-06 19:45:00,0.46103,-0.25101,0.45039,-0.30912,0.0619,0.4153,True,Stable
Manchester City,2019-02-10 16:00:00,0.48721,-0.27636,0.46103,-0.25101,0.1529,0.1819,True,Stable
Manchester City,2019-02-27 20:00:00,0.51522,-0.22763,0.48721,-0.27636,0.1642,0.3508,True,Stable
Manchester City,2019-03-02 15:00:00,0.47457,-0.19637,0.51522,-0.22763,0.239,0.226,True,Stable
Manchester City,2019-03-09 17:30:00,0.45839,-0.12473,0.47457,-0.19637,0.0955,0.5206,True,Stable
Manchester City,2019-03-30 12:30:00,0.33213,-0.12855,0.45839,-0.12473,0.7485,0.0278,True,Stable
Manchester City,2019-04-03 19:45:00,0.20906,-0.02433,0.33213,-0.12855,0.7325,0.7627,True,Stable
Manchester City,2019-04-14 14:05:00,0.26857,-0.05526,0.20906,-0.02433,0.3536,0.2258,True,Stable
Manchester City,2019-04-20 12:30:00,0.24354,0.02047,0.26857,-0.05526,0.149,0.5529,True,Stable
Manchester City,2019-04-24 20:00:00,0.26318,-0.05326,0.24354,0.02047,0.117,0.535,True,Stable
Manchester City,2019-04-28 14:05:00,0.25002,0.05142,0.26318,-0.05326,0.0785,0.7596,True,Stable
Manchester City,2019-05-06 19:00:00,0.29267,0.05135,0.25002,0.05142,0.2548,0.0005,True,Stable
Manchester City,2019-05-12 14:00:00,0.28989,0.00955,0.29267,0.05135,0.0166,0.2982,True,Stable
Manchester City,2019-08-10 12:30:00,0.28198,-0.05033,0.28989,0.00955,0.0476,0.4254,True,Stable
Manchester City,2019-08-17 17:30:00,0.32751,-0.00375,0.28198,-0.05033,0.2742,0.3311,True,Stable
Manchester City,2019-08-25 14:00:00,0.30336,-0.05877,0.32751,-0.00375,0.146,0.3901,True,Stable
Manchester City,2019-08-31 15:00:00,0.27319,-0.16142,0.30336,-0.05877,0.1829,0.7286,True,Stable
Manchester City,2019-09-14 16:30:00,0.28595,-0.09956,0.27319,-0.16142,0.0775,0.4409,True,Stable
Manchester City,2019-09-21 14:00:00,0.29072,-0.14826,0.28595,-0.09956,0.029,0.3482,True,Stable
Manchester City,2019-09-28 16:30:00,0.29936,-0.19351,0.29072,-0.14826,0.0528,0.3248,True,Stable
Manchester City,2019-10-06 14:00:00,0.3104,-0.16692,0.29936,-0.19351,0.0677,0.1917,True,Stable
Manchester City,2019-10-19 17:30:00,0.31336,-0.0855,0.3104,-0.16692,0.0182,0.5893,True,Stable
Manchester City,2019-10-26 12:30:00,0.29252,-0.04582,0.31336,-0.0855,0.1285,0.2879,True,Stable
Manchester City,2019-11-02 15:00:00,0.23756,0.10489,0.29252,-0.04582,0.3398,1.0938,False,Unstable
Manchester City,2019-11-10 16:30:00,0.23314,0.21634,0.23756,0.10489,0.0273,0.7989,True,Stable
Manchester City,2019-11-23 17:30:00,0.29194,0.166,0.23314,0.21634,0.364,0.3515,True,Stable
Manchester City,2019-11-30 12:30:00,0.35083,0.16285,0.29194,0.166,0.3656,0.0216,True,Stable
Manchester City,2019-12-03 20:15:00,0.29105,0.09929,0.35083,0.16285,0.3725,0.4292,True,Stable
Manchester City,2019-12-07 17:30:00,0.29476,0.10318,0.29105,0.09929,0.0232,0.026,True,Stable
Manchester City,2019-12-15 16:30:00,0.28844,0.06338,0.29476,0.10318,0.0395,0.2644,True,Stable
Manchester City,2019-12-21 17:30:00,0.2974,0.07549,0.28844,0.06338,0.0563,0.08,True,Stable
Manchester City,2019-12-27 19:45:00,0.29345,0.0658,0.2974,0.07549,0.0249,0.0637,True,Stable
Manchester City,2019-12-29 18:00:00,0.30838,0.10878,0.29345,0.0658,0.0943,0.2814,True,Stable
Manchester City,2020-01-01 17:30:00,0.28564,0.06303,0.30838,0.10878,0.144,0.2973,True,Stable
Manchester City,2020-01-12 16:30:00,0.26783,0.04045,0.28564,0.06303,0.1131,0.1462,True,Stable
Manchester City,2020-01-18 15:00:00,0.25442,0.0268,0.26783,0.04045,0.0853,0.0883,True,Stable
Manchester City,2020-01-21 19:30:00,0.28669,0.07095,0.25442,0.0268,0.2056,0.2851,True,Stable
Manchester City,2020-02-02 16:30:00,0.30258,0.12604,0.28669,0.07095,0.1015,0.3543,True,Stable
Manchester City,2020-02-19 19:30:00,0.29182,0.19605,0.30258,0.12604,0.0689,0.447,True,Stable
Manchester City,2020-02-22 17:30:00,0.1962,0.27488,0.29182,0.19605,0.6141,0.4966,True,Stable
Manchester City,2020-03-08 16:30:00,0.16866,0.32392,0.1962,0.27488,0.1767,0.3027,True,Stable
Manchester City,2020-06-17 19:15:00,0.1995,0.24086,0.16866,0.32392,0.1974,0.5001,True,Stable
Manchester City,2020-06-22 19:00:00,0.2703,0.11704,0.1995,0.24086,0.4527,0.7348,True,Stable
Manchester City,2020-06-25 19:15:00,0.2895,0.02083,0.2703,0.11704,0.1231,0.5686,True,Stable
Manchester City,2020-07-02 19:15:00,0.24477,-0.03735,0.2895,0.02083,0.2874,0.3441,True,Stable
Manchester City,2020-07-05 18:00:00,0.28751,-0.00098,0.24477,-0.03735,0.2749,0.2156,True,Stable
Manchester City,2020-07-08 17:00:00,0.2637,-0.01371,0.28751,-0.00098,0.1536,0.0756,True,Stable
Manchester City,2020-07-11 19:00:00,0.29101,0.01177,0.2637,-0.01371,0.1765,0.1515,True,Stable
Manchester City,2020-07-15 17:00:00,0.28472,0.01419,0.29101,0.01177,0.0408,0.0144,True,Stable
Manchester City,2020-07-21 17:00:00,0.28259,0.0673,0.28472,0.01419,0.0139,0.3165,True,Stable
Manchester City,2020-07-26 15:00:00,0.30466,0.03327,0.28259,0.0673,0.1437,0.2025,True,Stable
Manchester City,2020-09-21 19:15:00,0.27469,-0.01223,0.30466,0.03327,0.1956,0.2709,True,Stable
Manchester City,2020-09-27 15:30:00,0.25747,-0.02422,0.27469,-0.01223,0.1126,0.0715,True,Stable
Manchester City,2020-10-03 16:30:00,0.28517,0.04179,0.25747,-0.02422,0.1815,0.3946,True,Stable
Manchester City,2020-10-17 16:30:00,0.26865,0.01686,0.28517,0.04179,0.1085,0.149,True,Stable
Manchester City,2020-10-24 11:30:00,0.27508,0.03546,0.26865,0.01686,0.0423,0.1113,True,Stable
Manchester City,2020-10-31 12:30:00,0.28821,0.10126,0.27508,0.03546,0.0866,0.3939,True,Stable
Manchester City,2020-11-08 16:30:00,0.27665,0.11542,0.28821,0.10126,0.0765,0.0845,True,Stable
Manchester City,2020-11-21 17:30:00,0.24958,0.0792,0.27665,0.11542,0.1793,0.2156,True,Stable
Manchester City,2020-11-28 15:00:00,0.28078,0.01488,0.24958,0.0792,0.207,0.3825,True,Stable
Manchester City,2020-12-05 15:00:00,0.30951,-0.02098,0.28078,0.01488,0.1911,0.2135,True,Stable
Manchester City,2020-12-12 17:30:00,0.34271,-0.03423,0.30951,-0.02098,0.2214,0.0791,True,Stable
Manchester City,2020-12-15 20:00:00,0.31052,0.00889,0.34271,-0.03423,0.2154,0.2579,True,Stable
Manchester City,2020-12-19 15:00:00,0.30968,0.00905,0.31052,0.00889,0.0057,0.0009,True,Stable
Manchester City,2020-12-26 20:00:00,0.27267,0.13381,0.30968,0.00905,0.2489,0.7484,True,Stable
Manchester City,2021-01-03 16:30:00,0.27149,0.14546,0.27267,0.13381,0.008,0.0696,True,Stable
Manchester City,2021-01-13 18:00:00,0.25284,0.23542,0.27149,0.14546,0.1259,0.5355,True,Stable
Manchester City,2021-01-17 19:15:00,0.30837,0.12469,0.25284,0.23542,0.3756,0.6529,True,Stable
Manchester City,2021-01-20 20:00:00,0.31455,0.17224,0.30837,0.12469,0.0419,0.2797,True,Stable
Manchester City,2021-01-26 20:15:00,0.32937,0.1007,0.31455,0.17224,0.1008,0.4187,True,Stable
Manchester City,2021-01-30 15:00:00,0.33486,0.12475,0.32937,0.1007,0.0374,0.1406,True,Stable
Manchester City,2021-02-03 18:00:00,0.32937,0.11023,0.33486,0.12475,0.0375,0.0847,True,Stable
Manchester City,2021-02-07 16:30:00,0.36989,0.15563,0.32937,0.11023,0.2779,0.2644,True,Stable
Manchester City,2021-02-13 17:30:00,0.33441,0.09016,0.36989,0.15563,0.244,0.3799,True,Stable
Manchester City,2021-02-17 20:15:00,0.3115,0.0123,0.33441,0.09016,0.1581,0.4515,True,Stable
Manchester City,2021-02-21 16:30:00,0.32302,-0.00858,0.3115,0.0123,0.0797,0.1213,True,Stable
Manchester City,2021-02-27 12:30:00,0.36768,-0.11415,0.32302,-0.00858,0.3097,0.6145,True,Stable
Manchester City,2021-03-02 20:00:00,0.43601,-0.15183,0.36768,-0.11415,0.4752,0.22,True,Stable
Manchester City,2021-03-07 16:30:00,0.48207,-0.14043,0.43601,-0.15183,0.321,0.0667,True,Stable
Manchester City,2021-03-10 18:00:00,0.36725,-0.103,0.48207,-0.14043,0.8005,0.2196,True,Stable
Manchester City,2021-03-13 20:00:00,0.357,-0.12593,0.36725,-0.103,0.0717,0.1349,True,Stable
Manchester City,2021-04-03 16:30:00,0.36984,-0.06593,0.357,-0.12593,0.09,0.354,True,Stable
Manchester City,2021-04-10 11:30:00,0.34613,-0.07333,0.36984,-0.06593,0.1667,0.0438,True,Stable
Manchester City,2021-04-21 19:15:00,0.35419,-0.07357,0.34613,-0.07333,0.0568,0.0014,True,Stable
Manchester City,2021-05-01 11:30:00,0.34128,-0.08603,0.35419,-0.07357,0.0912,0.0741,True,Stable
Manchester City,2021-05-08 16:30:00,0.33284,-0.05059,0.34128,-0.08603,0.0598,0.2114,True,Stable
Manchester City,2021-05-14 19:00:00,0.35335,-0.10824,0.33284,-0.05059,0.1457,0.3447,True,Stable
Manchester City,2021-05-18 18:00:00,0.31524,-0.0638,0.35335,-0.10824,0.2715,0.2664,True,Stable
Manchester City,2021-05-23 15:00:00,0.28385,-0.11045,0.31524,-0.0638,0.2242,0.2804,True,Stable
Manchester City,2021-08-15 15:30:00,0.33454,-0.05461,0.28385,-0.11045,0.3628,0.3365,True,Stable
Manchester City,2021-08-21 14:00:00,0.27332,-0.15121,0.33454,-0.05461,0.4393,0.5835,True,Stable
Manchester City,2021-08-28 11:30:00,0.29115,-0.13704,0.27332,-0.15121,0.1282,0.0858,True,Stable
Manchester City,2021-09-11 14:00:00,0.31517,-0.11782,0.29115,-0.13704,0.173,0.1167,True,Stable
Manchester City,2021-09-18 14:00:00,0.32594,-0.09121,0.31517,-0.11782,0.0777,0.1619,True,Stable
Manchester City,2021-09-25 11:30:00,0.34754,-0.1342,0.32594,-0.09121,0.1563,0.2622,True,Stable
Manchester City,2021-10-03 15:30:00,0.36612,-0.13551,0.34754,-0.1342,0.1348,0.008,True,Stable
Manchester City,2021-10-16 14:00:00,0.30292,-0.06666,0.36612,-0.13551,0.4597,0.422,True,Stable
Manchester City,2021-10-23 16:30:00,0.33173,-0.12465,0.30292,-0.06666,0.21,0.3563,True,Stable
Manchester City,2021-10-30 14:00:00,0.34475,-0.14704,0.33173,-0.12465,0.0952,0.138,True,Stable
Manchester City,2021-11-06 12:30:00,0.37216,-0.18401,0.34475,-0.14704,0.2008,0.2283,True,Stable
Manchester City,2021-11-21 14:00:00,0.36565,-0.16764,0.37216,-0.18401,0.0478,0.1012,True,Stable
Manchester City,2021-11-28 14:00:00,0.42551,-0.22525,0.36565,-0.16764,0.4407,0.3571,True,Stable
Manchester City,2021-12-01 20:15:00,0.48214,-0.237,0.42551,-0.22525,0.4177,0.0729,True,Stable
Manchester City,2021-12-04 17:30:00,0.61355,-0.25326,0.48214,-0.237,0.9695,0.1009,True,Stable
Manchester City,2021-12-11 12:30:00,0.44442,-0.19404,0.61355,-0.25326,1.2399,0.3678,False,Unstable
Manchester City,2021-12-14 20:00:00,0.54412,-0.24545,0.44442,-0.19404,0.732,0.3198,True,Stable
Manchester City,2021-12-19 14:15:00,0.46447,-0.22137,0.54412,-0.24545,0.5836,0.1498,True,Stable
Manchester City,2021-12-26 15:00:00,0.45222,-0.24216,0.46447,-0.22137,0.0899,0.1295,True,Stable
Manchester City,2021-12-29 20:15:00,0.43476,-0.23721,0.45222,-0.24216,0.1282,0.0309,True,Stable
Manchester City,2022-01-01 12:30:00,0.30737,-0.33627,0.43476,-0.23721,0.9369,0.618,True,Stable
Manchester City,2022-01-15 12:30:00,0.39785,-0.25349,0.30737,-0.33627,0.6668,0.5151,True,Stable
Manchester City,2022-01-22 17:30:00,0.39805,-0.25122,0.39785,-0.25349,0.0015,0.0141,True,Stable
Manchester City,2022-02-09 19:45:00,0.40277,-0.22297,0.39805,-0.25122,0.0349,0.1759,True,Stable
Manchester City,2022-02-12 17:30:00,0.39343,-0.18166,0.40277,-0.22297,0.0693,0.2575,True,Stable
Manchester City,2022-02-19 17:30:00,0.39122,-0.14973,0.39343,-0.18166,0.0164,0.1995,True,Stable
Manchester City,2022-02-26 17:30:00,0.34384,-0.13165,0.39122,-0.14973,0.353,0.1132,True,Stable
Manchester City,2022-03-06 16:30:00,0.36891,-0.14639,0.34384,-0.13165,0.1872,0.0925,True,Stable
Manchester City,2022-03-14 20:00:00,0.3542,-0.07279,0.36891,-0.14639,0.1101,0.4628,True,Stable
Manchester City,2022-04-02 14:00:00,0.3465,-0.07989,0.3542,-0.07279,0.0578,0.0448,True,Stable
Manchester City,2022-04-10 15:30:00,0.34266,-0.11172,0.3465,-0.07989,0.0289,0.201,True,Stable
Manchester City,2022-04-20 19:00:00,0.35343,-0.12132,0.34266,-0.11172,0.0812,0.0608,True,Stable
Manchester City,2022-04-23 14:00:00,0.33905,-0.15952,0.35343,-0.12132,0.1086,0.2423,True,Stable
Manchester City,2022-04-30 16:30:00,0.32313,-0.25255,0.33905,-0.15952,0.1205,0.5914,True,Stable
Manchester City,2022-05-08 15:30:00,0.26236,-0.26424,0.32313,-0.25255,0.461,0.0743,True,Stable
Manchester City,2022-05-11 19:15:00,0.22022,-0.27744,0.26236,-0.26424,0.3199,0.0839,True,Stable
Manchester City,2022-05-15 13:00:00,0.25582,-0.20502,0.22022,-0.27744,0.2702,0.4604,True,Stable
Manchester City,2022-05-22 15:00:00,0.24829,-0.21522,0.25582,-0.20502,0.0572,0.0649,True,Stable
Manchester City,2022-08-07 15:30:00,0.28912,-0.11011,0.24829,-0.21522,0.3104,0.67,True,Stable
Manchester City,2022-08-13 14:00:00,0.26675,-0.15619,0.28912,-0.11011,0.1703,0.2943,True,Stable
Manchester City,2022-08-21 15:30:00,0.25312,-0.15824,0.26675,-0.15619,0.104,0.0132,True,Stable
Manchester City,2022-08-27 14:00:00,0.24728,-0.27961,0.25312,-0.15824,0.0445,0.7785,True,Stable
Manchester City,2022-08-31 18:30:00,0.21625,-0.34632,0.24728,-0.27961,0.2369,0.4277,True,Stable
Manchester City,2022-09-03 16:30:00,0.22926,-0.4014,0.21625,-0.34632,0.0993,0.3522,True,Stable
Manchester City,2022-09-17 11:30:00,0.26168,-0.41693,0.22926,-0.4014,0.2475,0.0988,True,Stable
Manchester City,2022-10-02 13:00:00,0.18645,-0.55497,0.26168,-0.41693,0.575,0.8732,True,Stable
Manchester City,2022-10-08 14:00:00,0.17495,-0.58333,0.18645,-0.55497,0.0877,0.1769,True,Stable
Manchester City,2022-10-16 15:30:00,0.22776,-0.47202,0.17495,-0.58333,0.4023,0.6837,True,Stable
Manchester City,2022-10-22 14:00:00,0.21274,-0.57072,0.22776,-0.47202,0.1144,0.6016,True,Stable
Manchester City,2022-10-29 11:30:00,0.23425,-0.57101,0.21274,-0.57072,0.1639,0.0018,True,Stable
Manchester City,2022-11-05 15:00:00,0.26879,-0.49394,0.23425,-0.57101,0.2632,0.4576,True,Stable
Manchester City,2022-11-12 12:30:00,0.27019,-0.46748,0.26879,-0.49394,0.0107,0.1558,True,Stable
Manchester City,2022-12-28 20:00:00,0.29157,-0.50376,0.27019,-0.46748,0.1633,0.2124,True,Stable
Manchester City,2022-12-31 15:00:00,0.19795,-0.35261,0.29157,-0.50376,0.7164,0.878,True,Stable
Manchester City,2023-01-05 20:00:00,0.15181,-0.21568,0.19795,-0.35261,0.3529,0.7942,True,Stable
Manchester City,2023-01-14 12:30:00,0.1493,-0.15745,0.15181,-0.21568,0.0192,0.3383,True,Stable
Manchester City,2023-01-19 19:00:00,0.18334,-0.20656,0.1493,-0.15745,0.259,0.2858,True,Stable
Manchester City,2023-01-22 14:00:00,0.20771,-0.16065,0.18334,-0.20656,0.1852,0.2677,True,Stable
Manchester City,2023-02-05 16:30:00,0.17043,-0.23012,0.20771,-0.16065,0.2832,0.4059,True,Stable
Manchester City,2023-02-12 16:30:00,0.16742,-0.25313,0.17043,-0.23012,0.0228,0.1346,True,Stable
Manchester City,2023-02-15 18:30:00,0.16844,-0.34599,0.16742,-0.25313,0.0077,0.5438,True,Stable
Manchester City,2023-02-18 15:00:00,0.16664,-0.24711,0.16844,-0.34599,0.0136,0.5784,True,Stable
Manchester City,2023-02-25 17:30:00,0.18178,-0.29855,0.16664,-0.24711,0.1142,0.3012,True,Stable
Manchester City,2023-03-04 12:30:00,0.20373,-0.37104,0.18178,-0.29855,0.1655,0.4246,True,Stable
Manchester City,2023-03-11 17:30:00,0.18533,-0.31288,0.20373,-0.37104,0.1387,0.34,True,Stable
Manchester City,2023-04-01 11:30:00,0.19924,-0.37466,0.18533,-0.31288,0.1048,0.3611,True,Stable
Manchester City,2023-04-08 16:30:00,0.21489,-0.43581,0.19924,-0.37466,0.1179,0.3568,True,Stable
Manchester City,2023-04-15 16:30:00,0.21095,-0.44277,0.21489,-0.43581,0.0296,0.0405,True,Stable
Manchester City,2023-04-26 19:00:00,0.18867,-0.43822,0.21095,-0.44277,0.1679,0.0264,True,Stable
Manchester City,2023-04-30 13:00:00,0.17909,-0.48126,0.18867,-0.43822,0.0721,0.2481,True,Stable
Manchester City,2023-05-03 19:00:00,0.18316,-0.36682,0.17909,-0.48126,0.0307,0.6561,True,Stable
Manchester City,2023-05-06 14:00:00,0.2043,-0.2965,0.18316,-0.36682,0.1589,0.4027,True,Stable
Manchester City,2023-05-14 13:00:00,0.22546,-0.27682,0.2043,-0.2965,0.159,0.1127,True,Stable
Manchester City,2023-05-21 15:00:00,0.22193,-0.24072,0.22546,-0.27682,0.0266,0.207,True,Stable
Manchester City,2023-05-24 19:00:00,0.20696,-0.24116,0.22193,-0.24072,0.1126,0.0025,True,Stable
Manchester City,2023-05-28 15:30:00,0.19055,-0.22962,0.20696,-0.24116,0.1235,0.0664,True,Stable
Manchester City,2023-08-11 19:00:00,0.20139,-0.22118,0.19055,-0.22962,0.0816,0.0486,True,Stable
Manchester City,2023-08-19 19:00:00,0.17952,-0.20167,0.20139,-0.22118,0.1645,0.1125,True,Stable
Manchester City,2023-08-27 13:00:00,0.14883,-0.03928,0.17952,-0.20167,0.2306,0.9378,True,Stable
Manchester City,2023-09-02 14:00:00,0.21703,-0.11477,0.14883,-0.03928,0.5116,0.4365,True,Stable
Manchester City,2023-09-16 14:00:00,0.22403,-0.10395,0.21703,-0.11477,0.0525,0.0626,True,Stable
Manchester City,2023-09-23 14:00:00,0.22498,-0.10343,0.22403,-0.10395,0.0072,0.003,True,Stable
Manchester City,2023-09-30 14:00:00,0.27693,-0.02398,0.22498,-0.10343,0.3903,0.4618,True,Stable
Manchester City,2023-10-08 15:30:00,0.32533,-0.03306,0.27693,-0.02398,0.3642,0.0528,True,Stable
Manchester City,2023-10-21 14:00:00,0.29033,-0.017,0.32533,-0.03306,0.2638,0.0935,True,Stable
Manchester City,2023-10-29 15:30:00,0.35818,0.03525,0.29033,-0.017,0.5124,0.3046,True,Stable
Manchester City,2023-11-04 15:00:00,0.40691,-0.00857,0.35818,0.03525,0.3686,0.2554,True,Stable
Manchester City,2023-11-12 16:30:00,0.3083,-0.06928,0.40691,-0.00857,0.7469,0.3541,True,Stable
Manchester City,2023-11-25 12:30:00,0.27683,-0.12462,0.3083,-0.06928,0.2388,0.3232,True,Stable
Manchester City,2023-12-03 16:30:00,0.28694,-0.12649,0.27683,-0.12462,0.0768,0.0109,True,Stable
Manchester City,2023-12-06 20:15:00,0.29848,-0.20378,0.28694,-0.12649,0.0878,0.4531,True,Stable
Manchester City,2023-12-10 14:00:00,0.42509,-0.16019,0.29848,-0.20378,0.9652,0.2559,True,Stable
Manchester City,2023-12-16 15:00:00,0.44502,-0.14698,0.42509,-0.16019,0.1521,0.0777,True,Stable
Manchester City,2023-12-27 20:15:00,0.42558,-0.14261,0.44502,-0.14698,0.1484,0.0257,True,Stable
Manchester City,2023-12-30 15:00:00,0.40852,-0.12661,0.42558,-0.14261,0.1303,0.0944,True,Stable
Manchester City,2024-01-13 17:30:00,0.42224,-0.13664,0.40852,-0.12661,0.1049,0.0593,True,Stable
Manchester City,2024-01-31 19:30:00,0.42813,-0.15734,0.42224,-0.13664,0.0452,0.1226,True,Stable
Manchester City,2024-02-05 20:00:00,0.40939,-0.17531,0.42813,-0.15734,0.1436,0.1066,True,Stable
Manchester City,2024-02-10 12:30:00,0.39486,-0.23962,0.40939,-0.17531,0.1115,0.3822,True,Stable
Manchester City,2024-02-17 17:30:00,0.40971,-0.2188,0.39486,-0.23962,0.1141,0.1239,True,Stable
Manchester City,2024-02-20 18:30:00,0.39731,-0.1759,0.40971,-0.2188,0.0954,0.2556,True,Stable
Manchester City,2024-02-24 17:30:00,0.35573,-0.14342,0.39731,-0.1759,0.3203,0.1938,True,Stable
Manchester City,2024-03-03 15:30:00,0.3057,-0.11304,0.35573,-0.14342,0.386,0.1816,True,Stable
Manchester City,2024-03-10 15:45:00,0.22568,0.0165,0.3057,-0.11304,0.6184,0.7758,True,Stable
Manchester City,2024-03-31 16:30:00,0.22802,0.04544,0.22568,0.0165,0.0181,0.1733,True,Stable
Manchester City,2024-04-03 19:15:00,0.28274,0.04353,0.22802,0.04544,0.4233,0.0114,True,Stable
Manchester City,2024-04-06 11:30:00,0.37002,0.02002,0.28274,0.04353,0.6761,0.1407,True,Stable
Manchester City,2024-04-13 14:00:00,0.39365,0.02344,0.37002,0.02002,0.1834,0.0205,True,Stable
Manchester City,2024-04-25 19:00:00,0.36328,-0.02978,0.39365,0.02344,0.2359,0.3185,True,Stable
Manchester City,2024-04-28 15:30:00,0.30175,-0.07286,0.36328,-0.02978,0.4788,0.2581,True,Stable
Manchester City,2024-05-04 16:30:00,0.20985,-0.17978,0.30175,-0.07286,0.7163,0.6416,True,Stable
Manchester City,2024-05-11 11:30:00,0.20787,-0.20068,0.20985,-0.17978,0.0154,0.1256,True,Stable
Manchester City,2024-05-14 19:00:00,0.21932,-0.22384,0.20787,-0.20068,0.0892,0.1393,True,Stable
Manchester City,2024-05-19 15:00:00,0.2252,-0.17133,0.21932,-0.22384,0.0458,0.3164,True,Stable
Manchester City,2024-08-18 15:30:00,0.22943,-0.23293,0.2252,-0.17133,0.033,0.3717,True,Stable
Manchester City,2024-08-24 14:00:00,0.25785,-0.29412,0.22943,-0.23293,0.2218,0.3697,True,Stable
Manchester City,2024-08-31 16:30:00,0.19381,-0.21747,0.25785,-0.29412,0.5004,0.4632,True,Stable
Manchester City,2024-09-14 14:00:00,0.19009,-0.25936,0.19381,-0.21747,0.0291,0.2535,True,Stable
Manchester City,2024-09-22 15:30:00,0.20154,-0.22364,0.19009,-0.25936,0.0894,0.2163,True,Stable
Manchester City,2024-09-28 11:30:00,0.20244,-0.18869,0.20154,-0.22364,0.007,0.2119,True,Stable
Manchester City,2024-10-05 14:00:00,0.2034,-0.17774,0.20244,-0.18869,0.0075,0.0665,True,Stable
Manchester City,2024-10-20 13:00:00,0.19707,-0.25698,0.2034,-0.17774,0.0495,0.4819,True,Stable
Manchester City,2024-10-26 14:00:00,0.21137,-0.20121,0.19707,-0.25698,0.1116,0.3395,True,Stable
Manchester City,2024-11-02 15:00:00,0.17629,-0.08051,0.21137,-0.20121,0.2739,0.7357,True,Stable
Manchester City,2024-11-09 17:30:00,0.16267,0.02603,0.17629,-0.08051,0.1063,0.6503,True,Stable
Manchester City,2024-11-23 17:30:00,0.09472,0.4287,0.16267,0.02603,0.5297,2.4576,False,Unstable
Manchester City,2024-12-01 16:00:00,0.04145,1.25373,0.09472,0.4287,0.4137,4.9491,False,Unstable
Manchester City,2024-12-04 19:30:00,0.09462,0.47817,0.04145,1.25373,0.4104,4.2168,False,Unstable
Manchester City,2024-12-07 15:00:00,0.09338,0.1925,0.09462,0.47817,0.0095,1.5291,False,Unstable
Manchester City,2024-12-15 16:30:00,0.11663,0.01658,0.09338,0.1925,0.1782,0.9387,True,Stable
Manchester City,2024-12-21 12:30:00,0.12004,-0.0098,0.11663,0.01658,0.0261,0.1408,True,Stable
Manchester City,2024-12-26 12:30:00,0.12055,0.00812,0.12004,-0.0098,0.0039,0.0957,True,Stable
Manchester City,2024-12-29 14:30:00,0.1178,0.0474,0.12055,0.00812,0.021,0.2101,True,Stable
Manchester City,2025-01-04 15:00:00,0.12076,0.03995,0.1178,0.0474,0.0225,0.0398,True,Stable
Manchester City,2025-01-14 19:30:00,0.13162,0.14261,0.12076,0.03995,0.0823,0.5492,True,Stable
Manchester City,2025-01-19 16:30:00,0.12989,0.01721,0.13162,0.14261,0.013,0.6697,True,Stable
Manchester City,2025-01-25 17:30:00,0.09517,-0.21877,0.12989,0.01721,0.2623,1.2609,False,Unstable
Manchester City,2025-02-02 16:30:00,0.08586,-0.38721,0.09517,-0.21877,0.0701,0.9011,True,Stable
Manchester City,2025-02-15 15:00:00,0.0895,-0.51863,0.08586,-0.38721,0.0273,0.7021,True,Stable
Manchester City,2025-02-23 16:30:00,0.09382,-0.57577,0.0895,-0.51863,0.0323,0.3037,True,Stable
Manchester City,2025-02-26 19:30:00,0.15093,-0.30601,0.09382,-0.57577,0.4263,1.4241,False,Unstable
Manchester City,2025-03-08 12:30:00,0.15495,-0.25162,0.15093,-0.30601,0.03,0.2872,True,Stable
Manchester City,2025-03-15 15:00:00,0.14149,-0.19827,0.15495,-0.25162,0.1003,0.282,True,Stable
Manchester City,2025-04-02 19:45:00,0.11595,0.00833,0.14149,-0.19827,0.1901,1.0934,False,Unstable
Manchester City,2025-04-06 15:30:00,0.11225,0.03735,0.11595,0.00833,0.0275,0.1537,True,Stable
Manchester City,2025-04-12 11:30:00,0.12566,0.06937,0.11225,0.03735,0.0995,0.1696,True,Stable
Manchester City,2025-04-19 14:00:00,0.14695,0.12316,0.12566,0.06937,0.1576,0.2849,True,Stable
Manchester City,2025-04-22 19:00:00,0.16469,0.12022,0.14695,0.12316,0.1313,0.0156,True,Stable
Manchester City,2025-05-02 19:00:00,0.16571,0.10901,0.16469,0.12022,0.0075,0.0592,True,Stable
Manchester City,2025-05-10 14:00:00,0.16327,0.12804,0.16571,0.10901,0.018,0.1005,True,Stable
Manchester City,2025-05-20 19:00:00,0.15475,0.06656,0.16327,0.12804,0.063,0.3241,True,Stable
Manchester City,2025-05-25 15:00:00,0.15703,0.08699,0.15475,0.06656,0.0169,0.1077,True,Stable
Manchester United,2017-08-19 12:30:00,0.35671,0.10219,0.3695,0.12542,0.2842,0.1959,True,Stable
Manchester United,2017-08-26 17:30:00,0.33904,0.09247,0.35671,0.10219,0.3604,0.0821,True,Stable
Manchester United,2017-09-09 17:30:00,0.29229,0.04433,0.33904,0.09247,0.91,0.4082,True,Stable
Manchester United,2017-09-17 16:00:00,0.28444,0.04561,0.29229,0.04433,0.1522,0.011,True,Stable
Manchester United,2017-09-23 15:00:00,0.28953,0.01537,0.28444,0.04561,0.0988,0.2616,True,Stable
Manchester United,2017-09-30 15:00:00,0.28195,0.02148,0.28953,0.01537,0.1467,0.0535,True,Stable
Manchester United,2017-10-14 12:30:00,0.28674,-0.01399,0.28195,0.02148,0.093,0.3138,True,Stable
Manchester United,2017-10-21 15:00:00,0.33003,-0.07012,0.28674,-0.01399,0.8406,0.5021,True,Stable
Manchester United,2017-10-28 12:30:00,0.37507,-0.06957,0.33003,-0.07012,0.8547,0.005,True,Stable
Manchester United,2017-11-05 16:30:00,0.32976,-0.04342,0.37507,-0.06957,0.8139,0.2372,True,Stable
Manchester United,2017-11-18 17:30:00,0.34131,-0.06476,0.32976,-0.04342,0.2047,0.1954,True,Stable
Manchester United,2017-11-25 15:00:00,0.3281,-0.04894,0.34131,-0.06476,0.2296,0.1459,True,Stable
Manchester United,2017-11-28 20:00:00,0.30907,-0.0427,0.3281,-0.04894,0.3275,0.058,True,Stable
Manchester United,2017-12-02 17:30:00,0.24808,-0.0967,0.30907,-0.0427,1.0485,0.5068,False,Unstable
Manchester United,2017-12-10 16:30:00,0.22144,-0.10964,0.24808,-0.0967,0.4626,0.1218,True,Stable
Manchester United,2017-12-13 20:00:00,0.27502,-0.04833,0.22144,-0.10964,0.9371,0.5781,True,Stable
Manchester United,2017-12-17 14:15:00,0.22751,-0.11064,0.27502,-0.04833,0.8369,0.5924,True,Stable
Manchester United,2017-12-23 19:45:00,0.29723,-0.04905,0.22751,-0.11064,1.238,0.5864,False,Unstable
Manchester United,2017-12-26 15:00:00,0.29683,-0.04385,0.29723,-0.04905,0.0072,0.0498,True,Stable
Manchester United,2017-12-30 17:30:00,0.28196,-0.04456,0.29683,-0.04385,0.2654,0.0069,True,Stable
Manchester United,2018-01-01 17:30:00,0.30362,-0.10656,0.28196,-0.04456,0.3888,0.6047,True,Stable
Manchester United,2018-01-15 20:00:00,0.27989,-0.088,0.30362,-0.10656,0.4265,0.1814,True,Stable
Manchester United,2018-01-20 15:00:00,0.29836,-0.11819,0.27989,-0.088,0.3341,0.2964,True,Stable
Manchester United,2018-01-31 20:00:00,0.35337,-0.13272,0.29836,-0.11819,0.9975,0.1427,True,Stable
Manchester United,2018-02-03 15:00:00,0.38112,-0.16052,0.35337,-0.13272,0.4943,0.2727,True,Stable
Manchester United,2018-02-11 14:15:00,0.42838,-0.12856,0.38112,-0.16052,0.8163,0.3114,True,Stable
Manchester United,2018-02-25 14:05:00,0.49439,-0.14944,0.42838,-0.12856,1.0777,0.2034,False,Unstable
Manchester United,2018-03-05 20:00:00,0.49795,-0.15542,0.49439,-0.14944,0.0528,0.0582,True,Stable
Manchester United,2018-03-10 12:30:00,0.4362,-0.15519,0.49795,-0.15542,0.8493,0.0023,True,Stable
Manchester United,2018-03-31 15:00:00,0.42932,-0.16421,0.4362,-0.15519,0.0916,0.087,True,Stable
Manchester United,2018-04-07 16:30:00,0.36224,-0.2253,0.42932,-0.16421,0.8718,0.5865,True,Stable
Manchester United,2018-04-15 15:00:00,0.36646,-0.22869,0.36224,-0.2253,0.0546,0.032,True,Stable
Manchester United,2018-04-18 18:45:00,0.38917,-0.25136,0.36646,-0.22869,0.2935,0.2107,True,Stable
Manchester United,2018-04-29 15:30:00,0.45192,-0.27177,0.38917,-0.25136,0.8041,0.186,True,Stable
Manchester United,2018-05-04 20:00:00,0.54233,-0.28211,0.45192,-0.27177,1.1273,0.0922,False,Unstable
Manchester United,2018-05-10 19:45:00,0.56407,-0.25412,0.54233,-0.28211,0.2547,0.2438,True,Stable
Manchester United,2018-05-13 15:00:00,0.50961,-0.23858,0.56407,-0.25412,0.5997,0.1335,True,Stable
Manchester United,2018-08-10 22:00:00,0.50312,-0.21783,0.50961,-0.23858,0.0692,0.1764,True,Stable
Manchester United,2018-08-19 18:00:00,0.49258,-0.215,0.50312,-0.21783,0.1094,0.0239,True,Stable
Manchester United,2018-08-27 22:00:00,0.48185,-0.18895,0.49258,-0.215,0.1091,0.219,True,Stable
Manchester United,2018-09-02 15:00:00,0.46141,-0.1719,0.48185,-0.18895,0.2043,0.1431,True,Stable
Manchester United,2018-09-15 16:30:00,0.41886,-0.17309,0.46141,-0.1719,0.421,0.01,True,Stable
Manchester United,2018-09-22 14:00:00,0.39628,-0.16279,0.41886,-0.17309,0.2229,0.0867,True,Stable
Manchester United,2018-09-29 11:30:00,0.36532,-0.13802,0.39628,-0.16279,0.3058,0.2087,True,Stable
Manchester United,2018-10-06 16:30:00,0.40896,-0.15833,0.36532,-0.13802,0.4326,0.1718,True,Stable
Manchester United,2018-10-20 11:30:00,0.41322,-0.19435,0.40896,-0.15833,0.0422,0.3054,True,Stable
Manchester United,2018-10-28 15:00:00,0.42662,-0.20115,0.41322,-0.19435,0.1326,0.0576,True,Stable
Manchester United,2018-11-03 12:30:00,0.43094,-0.17048,0.42662,-0.20115,0.0427,0.2594,True,Stable
Manchester United,2018-11-11 16:30:00,0.42466,-0.16824,0.43094,-0.17048,0.0618,0.0189,True,Stable
Manchester United,2018-11-24 15:00:00,0.3736,-0.09203,0.42466,-0.16824,0.5016,0.6467,True,Stable
Manchester United,2018-12-01 17:30:00,0.38538,-0.0569,0.3736,-0.09203,0.1161,0.2997,True,Stable
Manchester United,2018-12-05 20:00:00,0.45201,-0.05098,0.38538,-0.0569,0.6585,0.0508,True,Stable
Manchester United,2018-12-08 15:00:00,0.46749,-0.08281,0.45201,-0.05098,0.1522,0.2746,True,Stable
Manchester United,2018-12-16 16:00:00,0.51816,-0.06202,0.46749,-0.08281,0.4945,0.1803,True,Stable
Manchester United,2018-12-22 17:30:00,0.37173,-0.14884,0.51816,-0.06202,1.4069,0.7572,False,Unstable
Manchester United,2018-12-26 15:00:00,0.28227,-0.20751,0.37173,-0.14884,0.863,0.5132,True,Stable
Manchester United,2018-12-30 16:30:00,0.24196,-0.28327,0.28227,-0.20751,0.3907,0.6613,True,Stable
Manchester United,2019-01-02 20:00:00,0.26071,-0.24808,0.24196,-0.28327,0.1822,0.3035,True,Stable
Manchester United,2019-01-13 16:30:00,0.25704,-0.26331,0.26071,-0.24808,0.0358,0.1305,True,Stable
Manchester United,2019-01-19 15:00:00,0.30357,-0.20474,0.25704,-0.26331,0.4554,0.4981,True,Stable
Manchester United,2019-01-29 20:00:00,0.30073,-0.17653,0.30357,-0.20474,0.0279,0.2398,True,Stable
Manchester United,2019-02-03 14:05:00,0.23764,-0.07995,0.30073,-0.17653,0.6238,0.8224,True,Stable
Manchester United,2019-02-09 12:30:00,0.24967,-0.1585,0.23764,-0.07995,0.1192,0.6722,True,Stable
Manchester United,2019-02-24 14:05:00,0.24309,-0.15149,0.24967,-0.1585,0.0653,0.0602,True,Stable
Manchester United,2019-02-27 20:00:00,0.25456,-0.16049,0.24309,-0.15149,0.1142,0.0775,True,Stable
Manchester United,2019-03-02 15:00:00,0.25498,-0.15292,0.25456,-0.16049,0.0042,0.0653,True,Stable
Manchester United,2019-03-10 16:30:00,0.26435,-0.11918,0.25498,-0.15292,0.094,0.2922,True,Stable
Manchester United,2019-03-30 15:00:00,0.28395,-0.01683,0.26435,-0.11918,0.1973,0.8903,True,Stable
Manchester United,2019-04-02 19:45:00,0.27249,0.00371,0.28395,-0.01683,0.1158,0.1792,True,Stable
Manchester United,2019-04-13 17:30:00,0.22504,0.0752,0.27249,0.00371,0.4818,0.6249,True,Stable
Manchester United,2019-04-21 13:30:00,0.18569,0.14132,0.22504,0.0752,0.4,0.5756,True,Stable
Manchester United,2019-04-24 20:00:00,0.21938,0.08231,0.18569,0.14132,0.3416,0.5074,True,Stable
Manchester United,2019-04-28 16:30:00,0.19445,0.04661,0.21938,0.08231,0.253,0.3057,True,Stable
Manchester United,2019-05-05 13:00:00,0.18422,0.0905,0.19445,0.04661,0.1036,0.3756,True,Stable
Manchester United,2019-05-12 14:00:00,0.16342,0.16259,0.18422,0.0905,0.2104,0.6141,True,Stable
Manchester United,2019-08-11 16:30:00,0.19157,0.10431,0.16342,0.16259,0.2834,0.4897,True,Stable
Manchester United,2019-08-19 20:00:00,0.1912,0.08041,0.19157,0.10431,0.0037,0.1998,True,Stable
Manchester United,2019-08-24 15:00:00,0.18395,0.11199,0.1912,0.08041,0.0728,0.2633,True,Stable
Manchester United,2019-08-31 12:30:00,0.18057,0.11653,0.18395,0.11199,0.0338,0.0376,True,Stable
Manchester United,2019-09-14 14:00:00,0.19748,0.06341,0.18057,0.11653,0.1692,0.4379,True,Stable
Manchester United,2019-09-22 13:00:00,0.19327,0.14118,0.19748,0.06341,0.0421,0.6406,True,Stable
Manchester United,2019-09-30 19:00:00,0.17594,0.22583,0.19327,0.14118,0.1734,0.6918,True,Stable
Manchester United,2019-10-06 16:30:00,0.18442,0.29149,0.17594,0.22583,0.0847,0.5267,True,Stable
Manchester United,2019-10-20 16:30:00,0.19123,0.2551,0.18442,0.29149,0.0679,0.2838,True,Stable
Manchester United,2019-10-27 16:30:00,0.16725,0.28149,0.19123,0.2551,0.2391,0.2017,True,Stable
Manchester United,2019-11-02 12:30:00,0.17116,0.27229,0.16725,0.28149,0.0389,0.0688,True,Stable
Manchester United,2019-11-10 14:00:00,0.15858,0.24181,0.17116,0.27229,0.1249,0.2235,True,Stable
Manchester United,2019-11-24 16:30:00,0.18426,0.16468,0.15858,0.24181,0.2542,0.5575,True,Stable
Manchester United,2019-12-01 16:30:00,0.17967,0.19848,0.18426,0.16468,0.0455,0.243,True,Stable
Manchester United,2019-12-04 19:30:00,0.18099,0.20254,0.17967,0.19848,0.0131,0.029,True,Stable
Manchester United,2019-12-07 17:30:00,0.17578,0.18076,0.18099,0.20254,0.0515,0.154,True,Stable
Manchester United,2019-12-15 14:00:00,0.21362,0.27766,0.17578,0.18076,0.3734,0.6814,True,Stable
Manchester United,2019-12-22 14:00:00,0.3042,0.33955,0.21362,0.27766,0.8954,0.4287,True,Stable
Manchester United,2019-12-26 17:30:00,0.38222,0.31807,0.3042,0.33955,0.774,0.1456,True,Stable
Manchester United,2019-12-28 19:45:00,0.41866,0.32227,0.38222,0.31807,0.3617,0.0279,True,Stable
Manchester United,2020-01-01 20:00:00,0.51849,0.34301,0.41866,0.32227,0.9885,0.1358,True,Stable
Manchester United,2020-01-11 15:00:00,0.44237,0.30904,0.51849,0.34301,0.7425,0.2184,True,Stable
Manchester United,2020-01-19 16:30:00,0.37321,0.26476,0.44237,0.30904,0.6717,0.2809,True,Stable
Manchester United,2020-01-22 20:15:00,0.4561,0.29213,0.37321,0.26476,0.8063,0.1721,True,Stable
Manchester United,2020-02-01 17:30:00,0.40944,0.33291,0.4561,0.29213,0.4514,0.2537,True,Stable
Manchester United,2020-02-17 20:00:00,0.44652,0.30504,0.40944,0.33291,0.3584,0.171,True,Stable
Manchester United,2020-02-23 14:00:00,0.43379,0.34215,0.44652,0.30504,0.1225,0.2254,True,Stable
Manchester United,2020-03-01 14:00:00,0.49553,0.3567,0.43379,0.34215,0.5928,0.0873,True,Stable
Manchester United,2020-03-08 16:30:00,0.44942,0.32142,0.49553,0.3567,0.4388,0.2087,True,Stable
Manchester United,2020-06-19 19:15:00,0.4017,0.2952,0.44942,0.32142,0.4523,0.1536,True,Stable
Manchester United,2020-06-24 17:00:00,0.40825,0.29398,0.4017,0.2952,0.0621,0.0071,True,Stable
Manchester United,2020-06-30 19:15:00,0.37247,0.22487,0.40825,0.29398,0.3393,0.399,True,Stable
Manchester United,2020-07-04 14:00:00,0.31043,0.11839,0.37247,0.22487,0.5893,0.6131,True,Stable
Manchester United,2020-07-09 19:15:00,0.23757,0.08173,0.31043,0.11839,0.6945,0.2114,True,Stable
Manchester United,2020-07-13 19:00:00,0.16893,-0.05764,0.23757,0.08173,0.6557,0.806,True,Stable
Manchester United,2020-07-16 19:15:00,0.14926,-0.12192,0.16893,-0.05764,0.1875,0.3728,True,Stable
Manchester United,2020-07-22 17:00:00,0.20033,-0.07812,0.14926,-0.12192,0.4851,0.2545,True,Stable
Manchester United,2020-07-26 15:00:00,0.20396,-0.00311,0.20033,-0.07812,0.0345,0.437,True,Stable
Manchester United,2020-09-19 16:30:00,0.20357,-0.00244,0.20396,-0.00311,0.0037,0.0039,True,Stable
Manchester United,2020-09-26 11:30:00,0.20348,-0.07592,0.20357,-0.00244,0.0008,0.431,True,Stable
Manchester United,2020-10-04 15:30:00,0.20662,-0.10029,0.20348,-0.07592,0.0299,0.1433,True,Stable
Manchester United,2020-10-17 19:00:00,0.16744,-0.15237,0.20662,-0.10029,0.3734,0.3069,True,Stable
Manchester United,2020-10-24 16:30:00,0.19474,-0.20734,0.16744,-0.15237,0.2598,0.3242,True,Stable
Manchester United,2020-11-01 16:30:00,0.21193,-0.21841,0.19474,-0.20734,0.1637,0.0652,True,Stable
Manchester United,2020-11-07 12:30:00,0.22437,-0.23445,0.21193,-0.21841,0.1185,0.0943,True,Stable
Manchester United,2020-11-21 20:00:00,0.23343,-0.19047,0.22437,-0.23445,0.0865,0.258,True,Stable
Manchester United,2020-11-29 14:00:00,0.27305,-0.20012,0.23343,-0.19047,0.379,0.0566,True,Stable
Manchester United,2020-12-05 17:30:00,0.30243,-0.23645,0.27305,-0.20012,0.2819,0.2129,True,Stable
Manchester United,2020-12-12 17:30:00,0.35519,-0.25438,0.30243,-0.23645,0.5078,0.1048,True,Stable
Manchester United,2020-12-17 20:00:00,0.30482,-0.2332,0.35519,-0.25438,0.4858,0.1235,True,Stable
Manchester United,2020-12-20 16:30:00,0.31834,-0.29556,0.30482,-0.2332,0.1308,0.3628,True,Stable
Manchester United,2020-12-26 12:30:00,0.29222,-0.27072,0.31834,-0.29556,0.2534,0.1438,True,Stable
Manchester United,2020-12-29 20:00:00,0.31149,-0.22435,0.29222,-0.27072,0.1876,0.2675,True,Stable
Manchester United,2021-01-01 20:00:00,0.31472,-0.21942,0.31149,-0.22435,0.0315,0.0284,True,Stable
Manchester United,2021-01-12 22:15:00,0.28953,-0.25132,0.31472,-0.21942,0.2465,0.1837,True,Stable
Manchester United,2021-01-17 16:30:00,0.2344,-0.15006,0.28953,-0.25132,0.5412,0.5818,True,Stable
Manchester United,2021-01-20 20:15:00,0.22776,-0.15707,0.2344,-0.15006,0.0654,0.0404,True,Stable
Manchester United,2021-01-27 20:15:00,0.23264,-0.18664,0.22776,-0.15707,0.0481,0.1703,True,Stable
Manchester United,2021-01-30 17:30:00,0.19016,-0.10399,0.23264,-0.18664,0.4193,0.4763,True,Stable
Manchester United,2021-02-02 20:15:00,0.27959,-0.20618,0.19016,-0.10399,0.8827,0.5903,True,Stable
Manchester United,2021-02-06 20:00:00,0.27575,-0.34375,0.27959,-0.20618,0.0379,0.7945,True,Stable
Manchester United,2021-02-14 14:00:00,0.32203,-0.38795,0.27575,-0.34375,0.4594,0.2535,True,Stable
Manchester United,2021-02-21 19:00:00,0.25597,-0.44911,0.32203,-0.38795,0.6575,0.3477,True,Stable
Manchester United,2021-02-28 16:30:00,0.23075,-0.54625,0.25597,-0.44911,0.2516,0.5451,True,Stable
Manchester United,2021-03-03 20:15:00,0.36162,-0.41519,0.23075,-0.54625,1.3081,0.7209,False,Unstable
Manchester United,2021-03-07 16:30:00,0.34708,-0.37723,0.36162,-0.41519,0.1456,0.2069,True,Stable
Manchester United,2021-03-14 19:15:00,0.33191,-0.34506,0.34708,-0.37723,0.1521,0.1742,True,Stable
Manchester United,2021-04-04 18:30:00,0.30891,-0.33715,0.33191,-0.34506,0.2312,0.0426,True,Stable
Manchester United,2021-04-11 15:30:00,0.30784,-0.32822,0.30891,-0.33715,0.0108,0.0479,True,Stable
Manchester United,2021-04-18 15:00:00,0.30314,-0.28259,0.30784,-0.32822,0.0475,0.2439,True,Stable
Manchester United,2021-04-25 13:00:00,0.30009,-0.24575,0.30314,-0.28259,0.031,0.1967,True,Stable
Manchester United,2021-05-09 13:05:00,0.35178,-0.24397,0.30009,-0.24575,0.5253,0.0095,True,Stable
Manchester United,2021-05-11 17:00:00,0.38306,-0.23866,0.35178,-0.24397,0.3184,0.0283,True,Stable
Manchester United,2021-05-13 19:15:00,0.36561,-0.24046,0.38306,-0.23866,0.1777,0.0096,True,Stable
Manchester United,2021-05-18 17:00:00,0.34617,-0.26049,0.36561,-0.24046,0.1983,0.1068,True,Stable
Manchester United,2021-05-23 15:00:00,0.34766,-0.28335,0.34617,-0.26049,0.0153,0.1219,True,Stable
Manchester United,2021-08-14 11:30:00,0.32682,-0.316,0.34766,-0.28335,0.2134,0.1738,True,Stable
Manchester United,2021-08-22 13:00:00,0.35966,-0.28828,0.32682,-0.316,0.337,0.1472,True,Stable
Manchester United,2021-08-29 15:30:00,0.36987,-0.2551,0.35966,-0.28828,0.1049,0.1759,True,Stable
Manchester United,2021-09-11 14:00:00,0.35004,-0.28853,0.36987,-0.2551,0.204,0.1772,True,Stable
Manchester United,2021-09-19 13:00:00,0.33867,-0.30144,0.35004,-0.28853,0.1172,0.0683,True,Stable
Manchester United,2021-09-25 11:30:00,0.42455,-0.22185,0.33867,-0.30144,0.8869,0.4206,True,Stable
Manchester United,2021-10-02 11:30:00,0.4206,-0.24296,0.42455,-0.22185,0.0407,0.1116,True,Stable
Manchester United,2021-10-16 14:00:00,0.43225,-0.26991,0.4206,-0.24296,0.1199,0.1425,True,Stable
Manchester United,2021-10-24 15:30:00,0.38931,-0.20134,0.43225,-0.26991,0.4409,0.3625,True,Stable
Manchester United,2021-10-30 16:30:00,0.40159,-0.21145,0.38931,-0.20134,0.1262,0.0535,True,Stable
Manchester United,2021-11-06 12:30:00,0.41002,-0.22368,0.40159,-0.21145,0.0865,0.0648,True,Stable
Manchester United,2021-11-20 15:00:00,0.40098,-0.16728,0.41002,-0.22368,0.0928,0.299,True,Stable
Manchester United,2021-11-28 16:30:00,0.39838,-0.1477,0.40098,-0.16728,0.0266,0.104,True,Stable
Manchester United,2021-12-02 20:15:00,0.40969,-0.1965,0.39838,-0.1477,0.116,0.2596,True,Stable
Manchester United,2021-12-05 14:00:00,0.41815,-0.17353,0.40969,-0.1965,0.0868,0.1224,True,Stable
Manchester United,2021-12-11 17:30:00,0.41056,-0.18509,0.41815,-0.17353,0.0778,0.0617,True,Stable
Manchester United,2021-12-27 20:00:00,0.42863,-0.22109,0.41056,-0.18509,0.185,0.1924,True,Stable
Manchester United,2021-12-30 20:15:00,0.45697,-0.23707,0.42863,-0.22109,0.2896,0.0855,True,Stable
Manchester United,2022-01-03 17:30:00,0.46849,-0.21604,0.45697,-0.23707,0.1174,0.1125,True,Stable
Manchester United,2022-01-15 17:30:00,0.51196,-0.23835,0.46849,-0.21604,0.4408,0.1195,True,Stable
Manchester United,2022-01-19 20:00:00,0.43464,-0.2184,0.51196,-0.23835,0.7778,0.1069,True,Stable
Manchester United,2022-01-22 15:00:00,0.44699,-0.1796,0.43464,-0.2184,0.1241,0.2081,True,Stable
Manchester United,2022-02-08 20:00:00,0.49684,-0.13621,0.44699,-0.1796,0.4994,0.2331,True,Stable
Manchester United,2022-02-12 12:30:00,0.57198,-0.08487,0.49684,-0.13621,0.7482,0.2763,True,Stable
Manchester United,2022-02-15 20:15:00,0.72457,-0.03172,0.57198,-0.08487,1.4988,0.2868,False,Unstable
Manchester United,2022-02-20 14:00:00,0.50044,-0.01275,0.72457,-0.03172,2.1255,0.1026,False,Unstable
Manchester United,2022-02-26 15:00:00,0.35891,0.04119,0.50044,-0.01275,1.3353,0.2923,False,Unstable
Manchester United,2022-03-06 16:30:00,0.35944,0.021,0.35891,0.04119,0.0051,0.1096,True,Stable
Manchester United,2022-03-12 17:30:00,0.46862,-0.04584,0.35944,0.021,1.0339,0.3633,False,Unstable
Manchester United,2022-04-02 16:30:00,0.44877,-0.05346,0.46862,-0.04584,0.1875,0.0415,True,Stable
Manchester United,2022-04-09 11:30:00,0.47377,-0.02167,0.44877,-0.05346,0.2358,0.1736,True,Stable
Manchester United,2022-04-16 14:00:00,0.49481,-0.08282,0.47377,-0.02167,0.1978,0.3347,True,Stable
Manchester United,2022-04-19 19:00:00,0.47092,-0.06863,0.49481,-0.08282,0.2236,0.0778,True,Stable
Manchester United,2022-04-23 11:30:00,0.53213,-0.02732,0.47092,-0.06863,0.5717,0.2271,True,Stable
Manchester United,2022-04-28 18:45:00,0.53365,-0.02674,0.53213,-0.02732,0.0141,0.0032,True,Stable
Manchester United,2022-05-02 19:00:00,0.54569,-0.04481,0.53365,-0.02674,0.111,0.0997,True,Stable
Manchester United,2022-05-07 16:30:00,0.58921,-0.0071,0.54569,-0.04481,0.398,0.2086,True,Stable
Manchester United,2022-05-22 15:00:00,0.66373,0.03755,0.58921,-0.0071,0.674,0.2475,True,Stable
Manchester United,2022-08-07 13:00:00,0.67916,0.03791,0.66373,0.03755,0.1369,0.002,True,Stable
Manchester United,2022-08-13 16:30:00,0.709,0.06431,0.67916,0.03791,0.2598,0.1468,True,Stable
Manchester United,2022-08-22 19:00:00,0.75067,0.10837,0.709,0.06431,0.355,0.2452,True,Stable
Manchester United,2022-08-27 11:30:00,0.86618,0.133,0.75067,0.10837,0.959,0.1371,True,Stable
Manchester United,2022-09-01 19:00:00,0.62855,0.10944,0.86618,0.133,1.8965,0.1311,False,Unstable
Manchester United,2022-09-04 15:30:00,0.63234,0.10725,0.62855,0.10944,0.03,0.0122,True,Stable
Manchester United,2022-10-02 13:00:00,0.62558,0.09145,0.63234,0.10725,0.0529,0.0879,True,Stable
Manchester United,2022-10-09 18:00:00,0.55107,0.04648,0.62558,0.09145,0.5777,0.2504,True,Stable
Manchester United,2022-10-16 13:00:00,0.53765,0.05611,0.55107,0.04648,0.1037,0.0537,True,Stable
Manchester United,2022-10-19 19:15:00,0.516,0.05687,0.53765,0.05611,0.1667,0.0042,True,Stable
Manchester United,2022-10-22 15:30:00,0.51392,0.05319,0.516,0.05687,0.0159,0.0206,True,Stable
Manchester United,2022-10-30 16:15:00,0.5345,0.06877,0.51392,0.05319,0.1578,0.0872,True,Stable
Manchester United,2022-11-06 14:00:00,0.51876,0.10203,0.5345,0.06877,0.1204,0.1863,True,Stable
Manchester United,2022-11-13 16:30:00,0.49943,0.09785,0.51876,0.10203,0.1476,0.0234,True,Stable
Manchester United,2022-12-27 20:00:00,0.50218,0.09269,0.49943,0.09785,0.021,0.0289,True,Stable
Manchester United,2022-12-31 12:30:00,0.50091,0.11751,0.50218,0.09269,0.0096,0.1392,True,Stable
Manchester United,2023-01-03 20:00:00,0.50857,0.12816,0.50091,0.11751,0.0583,0.0597,True,Stable
Manchester United,2023-01-14 12:30:00,0.47648,0.12011,0.50857,0.12816,0.2438,0.0451,True,Stable
Manchester United,2023-01-18 15:30:00,0.48269,0.11678,0.47648,0.12011,0.0471,0.0187,True,Stable
Manchester United,2023-01-22 16:30:00,0.48075,0.13422,0.48269,0.11678,0.0147,0.0978,True,Stable
Manchester United,2023-02-04 15:00:00,0.48753,0.12185,0.48075,0.13422,0.0515,0.0694,True,Stable
Manchester United,2023-02-08 19:00:00,0.43662,0.09092,0.48753,0.12185,0.3864,0.1734,True,Stable
Manchester United,2023-02-12 14:00:00,0.41057,0.04769,0.43662,0.09092,0.1979,0.2425,True,Stable
Manchester United,2023-02-19 14:00:00,0.45151,0.02287,0.41057,0.04769,0.3115,0.1394,True,Stable
Manchester United,2023-03-05 16:30:00,0.52422,0.04582,0.45151,0.02287,0.5536,0.1291,True,Stable
Manchester United,2023-03-12 14:00:00,0.61402,0.03036,0.52422,0.04582,0.6826,0.0871,True,Stable
Manchester United,2023-04-02 15:30:00,0.6094,0.03917,0.61402,0.03036,0.0349,0.0497,True,Stable
Manchester United,2023-04-05 19:00:00,0.3963,0.11372,0.6094,0.03917,1.6003,0.4213,False,Unstable
Manchester United,2023-04-08 11:30:00,0.32758,0.18774,0.3963,0.11372,0.517,0.4184,True,Stable
Manchester United,2023-04-16 15:30:00,0.22319,0.22556,0.32758,0.18774,0.7868,0.2134,True,Stable
Manchester United,2023-04-27 19:15:00,0.23504,0.31734,0.22319,0.22556,0.0894,0.5166,True,Stable
Manchester United,2023-04-30 13:00:00,0.22953,0.34126,0.23504,0.31734,0.0415,0.1338,True,Stable
Manchester United,2023-05-04 19:00:00,0.11472,0.44226,0.22953,0.34126,0.8665,0.5609,True,Stable
Manchester United,2023-05-07 18:00:00,0.14399,0.38557,0.11472,0.44226,0.22,0.311,True,Stable
Manchester United,2023-05-13 14:00:00,0.15923,0.45458,0.14399,0.38557,0.1143,0.3753,True,Stable
Manchester United,2023-05-20 14:00:00,0.103,0.50523,0.15923,0.45458,0.421,0.2723,True,Stable
Manchester United,2023-05-25 19:00:00,0.0828,0.57604,0.103,0.50523,0.1506,0.3752,True,Stable
Manchester United,2023-05-28 15:30:00,0.0932,0.57139,0.0828,0.57604,0.0771,0.0242,True,Stable
Manchester United,2023-08-14 19:00:00,0.08711,0.51282,0.0932,0.57139,0.0449,0.2999,True,Stable
Manchester United,2023-08-19 16:30:00,0.0653,0.59484,0.08711,0.51282,0.1603,0.4146,True,Stable
Manchester United,2023-08-26 14:00:00,0.07211,0.58022,0.0653,0.59484,0.0498,0.0727,True,Stable
Manchester United,2023-09-03 15:30:00,0.08289,0.55011,0.07211,0.58022,0.0783,0.1475,True,Stable
Manchester United,2023-09-16 14:00:00,0.09419,0.56627,0.08289,0.55011,0.0818,0.0781,True,Stable
Manchester United,2023-09-23 19:00:00,0.12048,0.59685,0.09419,0.56627,0.1896,0.146,True,Stable
Manchester United,2023-09-30 14:00:00,0.13559,0.56856,0.12048,0.59685,0.1087,0.1331,True,Stable
Manchester United,2023-10-07 14:00:00,0.11726,0.5163,0.13559,0.56856,0.1316,0.2429,True,Stable
Manchester United,2023-10-21 19:00:00,0.12377,0.51484,0.11726,0.5163,0.0467,0.0067,True,Stable
Manchester United,2023-10-29 15:30:00,0.12871,0.53233,0.12377,0.51484,0.0352,0.0798,True,Stable
Manchester United,2023-11-04 12:30:00,0.09283,0.43108,0.12871,0.53233,0.2558,0.4578,True,Stable
Manchester United,2023-11-11 15:00:00,0.09566,0.45784,0.09283,0.43108,0.0201,0.1203,True,Stable
Manchester United,2023-11-26 16:30:00,0.09361,0.44546,0.09566,0.45784,0.0145,0.0553,True,Stable
Manchester United,2023-12-02 20:00:00,0.1077,0.52752,0.09361,0.44546,0.0995,0.3647,True,Stable
Manchester United,2023-12-06 20:15:00,0.09531,0.51778,0.1077,0.52752,0.0872,0.0429,True,Stable
Manchester United,2023-12-09 15:00:00,0.09066,0.66076,0.09531,0.51778,0.0327,0.6254,True,Stable
Manchester United,2023-12-17 16:30:00,0.10109,0.57013,0.09066,0.66076,0.073,0.3913,True,Stable
Manchester United,2023-12-23 12:30:00,0.09669,0.73562,0.10109,0.57013,0.0307,0.7081,True,Stable
Manchester United,2023-12-26 20:00:00,0.13988,0.63204,0.09669,0.73562,0.3007,0.4364,True,Stable
Manchester United,2023-12-30 17:30:00,0.17246,0.59257,0.13988,0.63204,0.2266,0.1645,True,Stable
Manchester United,2024-01-14 16:30:00,0.14576,0.52248,0.17246,0.59257,0.1857,0.2897,True,Stable
Manchester United,2024-02-01 20:15:00,0.11536,0.47761,0.14576,0.52248,0.2111,0.1843,True,Stable
Manchester United,2024-02-04 14:00:00,0.0,-33871.23684,0.11536,0.47761,0.7999,138493.3229,False,Unstable
Manchester United,2024-02-11 16:30:00,0.03454,-0.32591,0.0,-33871.23684,0.2379,16.9999,False,Unstable
Manchester United,2024-02-18 16:30:00,0.0751,0.1707,0.03454,-0.32591,0.2779,0.0002,True,Stable
Manchester United,2024-02-24 15:00:00,0.10337,0.32358,0.0751,0.1707,0.1931,0.0001,True,Stable
Manchester United,2024-03-03 15:30:00,0.10319,0.25976,0.10337,0.32358,0.0013,0.0,True,Stable
Manchester United,2024-03-09 12:30:00,0.13114,0.35801,0.10319,0.25976,0.1902,0.0,True,Stable
Manchester United,2024-03-30 20:00:00,0.14052,0.31442,0.13114,0.35801,0.0638,0.0,True,Stable
Manchester United,2024-04-04 19:15:00,0.14118,0.21599,0.14052,0.31442,0.0045,0.0,True,Stable
Manchester United,2024-04-07 14:30:00,0.12295,0.0662,0.14118,0.21599,0.1237,0.0001,True,Stable
Manchester United,2024-04-13 16:30:00,0.13827,0.02876,0.12295,0.0662,0.1039,0.0,True,Stable
Manchester United,2024-04-24 19:00:00,0.10733,-0.107,0.13827,0.02876,0.2096,0.0001,True,Stable
Manchester United,2024-04-27 14:00:00,0.14018,0.03767,0.10733,-0.107,0.2222,0.0001,True,Stable
Manchester United,2024-05-06 19:00:00,0.16756,0.07824,0.14018,0.03767,0.185,0.0,True,Stable
Manchester United,2024-05-12 15:30:00,0.19051,0.10645,0.16756,0.07824,0.1551,0.0,True,Stable
Manchester United,2024-05-15 19:00:00,0.19825,0.07881,0.19051,0.10645,0.0524,0.0,True,Stable
Manchester United,2024-05-19 15:00:00,0.20772,0.05508,0.19825,0.07881,0.0641,0.0,True,Stable
Manchester United,2024-08-16 19:00:00,0.2439,-0.01021,0.20772,0.05508,0.2451,0.0,True,Stable
Manchester United,2024-08-24 11:30:00,0.25913,-0.02137,0.2439,-0.01021,0.1033,0.0,True,Stable
Manchester United,2024-09-01 15:00:00,0.27085,-0.00381,0.25913,-0.02137,0.0796,0.0,True,Stable
Manchester United,2024-09-14 11:30:00,0.26978,0.03366,0.27085,-0.00381,0.0073,0.0,True,Stable
Manchester United,2024-09-21 16:30:00,0.22384,0.14225,0.26978,0.03366,0.3129,0.0001,True,Stable
Manchester United,2024-09-29 15:30:00,0.20549,0.17957,0.22384,0.14225,0.1251,0.0,True,Stable
Manchester United,2024-10-06 13:00:00,0.18393,0.23945,0.20549,0.17957,0.1472,0.0,True,Stable
Manchester United,2024-10-19 14:00:00,0.20725,0.2135,0.18393,0.23945,0.1592,0.0,True,Stable
Manchester United,2024-10-27 14:00:00,0.18129,0.26353,0.20725,0.2135,0.1774,0.0,True,Stable
Manchester United,2024-11-03 16:30:00,0.19178,0.24594,0.18129,0.26353,0.0718,0.0,True,Stable
Manchester United,2024-11-10 14:00:00,0.21444,0.18153,0.19178,0.24594,0.1549,0.0,True,Stable
Manchester United,2024-11-24 16:30:00,0.21459,0.18444,0.21444,0.18153,0.001,0.0,True,Stable
Manchester United,2024-12-01 13:30:00,0.21534,0.10369,0.21459,0.18444,0.0052,0.0,True,Stable
Manchester United,2024-12-04 20:15:00,0.2085,0.01014,0.21534,0.10369,0.0469,0.0,True,Stable
Manchester United,2024-12-07 17:30:00,0.20086,-0.11593,0.2085,0.01014,0.0525,0.0001,True,Stable
Manchester United,2024-12-15 16:30:00,0.21916,-0.06238,0.20086,-0.11593,0.1257,0.0,True,Stable
Manchester United,2024-12-22 14:00:00,0.26669,-0.05973,0.21916,-0.06238,0.3268,0.0,True,Stable
Manchester United,2024-12-26 17:30:00,0.24856,0.02343,0.26669,-0.05973,0.1248,0.0,True,Stable
Manchester United,2024-12-30 20:00:00,0.21426,0.10856,0.24856,0.02343,0.2365,0.0,True,Stable
Manchester United,2025-01-05 16:30:00,0.2042,0.19746,0.21426,0.10856,0.0695,0.0,True,Stable
Manchester United,2025-01-16 20:00:00,0.21609,0.25894,0.2042,0.19746,0.0822,0.0,True,Stable
Manchester United,2025-01-19 14:00:00,0.29971,0.26528,0.21609,0.25894,0.5781,0.0,True,Stable
Manchester United,2025-01-26 19:00:00,0.29132,0.23687,0.29971,0.26528,0.0581,0.0,True,Stable
Manchester United,2025-02-02 14:00:00,0.27317,0.23161,0.29132,0.23687,0.1259,0.0,True,Stable
Manchester United,2025-02-16 16:30:00,0.25196,0.24345,0.27317,0.23161,0.1473,0.0,True,Stable
Manchester United,2025-02-22 12:30:00,0.26445,0.22156,0.25196,0.24345,0.0869,0.0,True,Stable
Manchester United,2025-02-26 19:30:00,0.25057,0.10968,0.26445,0.22156,0.0966,0.0001,True,Stable
Manchester United,2025-03-09 16:30:00,0.26034,0.12881,0.25057,0.10968,0.0681,0.0,True,Stable
Manchester United,2025-03-16 19:00:00,0.2214,0.09859,0.26034,0.12881,0.2719,0.0,True,Stable
Manchester United,2025-04-01 20:00:00,0.2314,0.15473,0.2214,0.09859,0.0699,0.0,True,Stable
Manchester United,2025-04-06 15:30:00,0.27464,0.20456,0.2314,0.15473,0.3025,0.0,True,Stable
Manchester United,2025-04-13 15:30:00,0.32208,0.26445,0.27464,0.20456,0.3324,0.0,True,Stable
Manchester United,2025-04-20 13:00:00,0.29707,0.27185,0.32208,0.26445,0.1755,0.0,True,Stable
Manchester United,2025-04-27 13:00:00,0.2559,0.32636,0.29707,0.27185,0.2893,0.0,True,Stable
Manchester United,2025-05-04 13:00:00,0.32013,0.22403,0.2559,0.32636,0.4519,0.0001,True,Stable
Manchester United,2025-05-11 13:15:00,0.31559,0.26163,0.32013,0.22403,0.032,0.0,True,Stable
Manchester United,2025-05-16 19:15:00,0.31074,0.29056,0.31559,0.26163,0.0342,0.0,True,Stable
Manchester United,2025-05-25 15:00:00,0.31575,0.31958,0.31074,0.29056,0.0354,0.0,True,Stable
Liverpool,2017-08-19 15:00:00,0.56632,-0.25825,0.57572,-0.27879,0.0605,0.2086,True,Stable
Liverpool,2017-08-27 16:00:00,0.57177,-0.24815,0.56632,-0.25825,0.0349,0.1016,True,Stable
Liverpool,2017-09-09 12:30:00,0.55742,-0.22127,0.57177,-0.24815,0.0914,0.2676,True,Stable
Liverpool,2017-09-16 15:00:00,0.42094,-0.19494,0.55742,-0.22127,0.8667,0.2575,True,Stable
Liverpool,2017-09-23 17:30:00,0.37744,-0.16985,0.42094,-0.19494,0.2794,0.2394,True,Stable
Liverpool,2017-10-01 16:30:00,0.39091,-0.16276,0.37744,-0.16985,0.0876,0.0656,True,Stable
Liverpool,2017-10-14 12:30:00,0.30747,-0.11839,0.39091,-0.16276,0.5486,0.3993,True,Stable
Liverpool,2017-10-22 16:00:00,0.29954,-0.09337,0.30747,-0.11839,0.0526,0.2162,True,Stable
Liverpool,2017-10-28 15:00:00,0.35245,-0.09342,0.29954,-0.09337,0.3533,0.0004,True,Stable
Liverpool,2017-11-04 17:30:00,0.32891,-0.10525,0.35245,-0.09342,0.1588,0.0944,True,Stable
Liverpool,2017-11-18 15:00:00,0.34449,-0.12274,0.32891,-0.10525,0.106,0.1359,True,Stable
Liverpool,2017-11-25 17:30:00,0.3547,-0.11064,0.34449,-0.12274,0.0702,0.0923,True,Stable
Liverpool,2017-11-29 20:00:00,0.31841,-0.13665,0.3547,-0.11064,0.2518,0.1946,True,Stable
Liverpool,2017-12-02 15:00:00,0.24683,-0.22668,0.31841,-0.13665,0.5007,0.6664,True,Stable
Liverpool,2017-12-10 14:15:00,0.29158,-0.1747,0.24683,-0.22668,0.3134,0.3864,True,Stable
Liverpool,2017-12-13 20:00:00,0.3694,-0.08154,0.29158,-0.1747,0.5483,0.6906,True,Stable
Liverpool,2017-12-17 16:30:00,0.38287,-0.09929,0.3694,-0.08154,0.0958,0.129,True,Stable
Liverpool,2017-12-22 19:45:00,0.38615,-0.10717,0.38287,-0.09929,0.0236,0.0565,True,Stable
Liverpool,2017-12-26 17:30:00,0.38377,-0.10312,0.38615,-0.10717,0.0172,0.0287,True,Stable
Liverpool,2017-12-30 15:00:00,0.40105,-0.0778,0.38377,-0.10312,0.1262,0.1778,True,Stable
Liverpool,2018-01-01 15:00:00,0.34237,-0.15567,0.40105,-0.0778,0.4323,0.5394,True,Stable
Liverpool,2018-01-14 16:00:00,0.26125,-0.28223,0.34237,-0.15567,0.6025,0.8763,True,Stable
Liverpool,2018-01-22 20:00:00,0.3634,-0.22486,0.26125,-0.28223,0.7604,0.4005,True,Stable
Liverpool,2018-01-30 20:00:00,0.37392,-0.21581,0.3634,-0.22486,0.079,0.0635,True,Stable
Liverpool,2018-02-04 16:30:00,0.38214,-0.25708,0.37392,-0.21581,0.0622,0.2914,True,Stable
Liverpool,2018-02-11 16:30:00,0.37667,-0.24575,0.38214,-0.25708,0.0418,0.0806,True,Stable
Liverpool,2018-02-24 15:00:00,0.40333,-0.20464,0.37667,-0.24575,0.2049,0.2944,True,Stable
Liverpool,2018-03-03 17:30:00,0.41938,-0.19757,0.40333,-0.20464,0.1243,0.0508,True,Stable
Liverpool,2018-03-10 12:30:00,0.42838,-0.18629,0.41938,-0.19757,0.0702,0.0814,True,Stable
Liverpool,2018-03-17 17:30:00,0.44661,-0.20587,0.42838,-0.18629,0.143,0.1418,True,Stable
Liverpool,2018-03-31 12:30:00,0.39566,-0.24048,0.44661,-0.20587,0.4018,0.2517,True,Stable
Liverpool,2018-04-07 11:30:00,0.4072,-0.21834,0.39566,-0.24048,0.0916,0.162,True,Stable
Liverpool,2018-04-14 16:30:00,0.37305,-0.25188,0.4072,-0.21834,0.2731,0.2467,True,Stable
Liverpool,2018-04-21 00:00:00,0.36189,-0.28745,0.37305,-0.25188,0.09,0.2633,True,Stable
Liverpool,2018-04-28 11:30:00,0.45558,-0.22106,0.36189,-0.28745,0.7599,0.495,True,Stable
Liverpool,2018-05-06 16:30:00,0.39562,-0.17873,0.45558,-0.22106,0.4883,0.3172,True,Stable
Liverpool,2018-05-13 15:00:00,0.40215,-0.17948,0.39562,-0.17873,0.0535,0.0057,True,Stable
Liverpool,2018-08-12 15:30:00,0.37718,-0.1921,0.40215,-0.17948,0.2061,0.095,True,Stable
Liverpool,2018-08-20 22:00:00,0.31319,-0.12389,0.37718,-0.1921,0.5316,0.5153,True,Stable
Liverpool,2018-08-25 19:30:00,0.32259,-0.15757,0.31319,-0.12389,0.0785,0.2537,True,Stable
Liverpool,2018-09-01 11:30:00,0.35528,-0.21125,0.32259,-0.15757,0.2742,0.4046,True,Stable
Liverpool,2018-09-15 11:30:00,0.34448,-0.1828,0.35528,-0.21125,0.0912,0.2155,True,Stable
Liverpool,2018-09-22 14:00:00,0.35144,-0.18872,0.34448,-0.1828,0.059,0.045,True,Stable
Liverpool,2018-09-29 16:30:00,0.38405,-0.23288,0.35144,-0.18872,0.2784,0.3365,True,Stable
Liverpool,2018-10-07 15:30:00,0.39641,-0.23652,0.38405,-0.23288,0.1062,0.0279,True,Stable
Liverpool,2018-10-20 16:30:00,0.36422,-0.20686,0.39641,-0.23652,0.2782,0.2285,True,Stable
Liverpool,2018-10-27 14:00:00,0.39663,-0.24939,0.36422,-0.20686,0.2817,0.329,True,Stable
Liverpool,2018-11-03 17:30:00,0.39351,-0.21246,0.39663,-0.24939,0.0273,0.2873,True,Stable
Liverpool,2018-11-11 12:00:00,0.39749,-0.19405,0.39351,-0.21246,0.035,0.1439,True,Stable
Liverpool,2018-11-24 15:00:00,0.40445,-0.21683,0.39749,-0.19405,0.0615,0.1787,True,Stable
Liverpool,2018-12-02 16:15:00,0.47751,-0.14993,0.40445,-0.21683,0.6495,0.5271,True,Stable
Liverpool,2018-12-05 19:45:00,0.46157,-0.13271,0.47751,-0.14993,0.1419,0.1358,True,Stable
Liverpool,2018-12-08 12:30:00,0.44159,-0.19258,0.46157,-0.13271,0.1783,0.4714,True,Stable
Liverpool,2018-12-16 16:00:00,0.42804,-0.19203,0.44159,-0.19258,0.1214,0.0044,True,Stable
Liverpool,2018-12-21 20:00:00,0.44673,-0.16318,0.42804,-0.19203,0.1682,0.2287,True,Stable
Liverpool,2018-12-26 15:00:00,0.44508,-0.21818,0.44673,-0.16318,0.0149,0.4368,True,Stable
Liverpool,2018-12-29 17:30:00,0.4037,-0.24851,0.44508,-0.21818,0.3752,0.242,True,Stable
Liverpool,2019-01-03 20:00:00,0.4433,-0.18671,0.4037,-0.24851,0.3608,0.4956,True,Stable
Liverpool,2019-01-12 15:00:00,0.52169,-0.12935,0.4433,-0.18671,0.7169,0.4615,True,Stable
Liverpool,2019-01-19 15:00:00,0.47478,-0.15846,0.52169,-0.12935,0.4277,0.234,True,Stable
Liverpool,2019-01-30 20:00:00,0.46931,-0.16266,0.47478,-0.15846,0.05,0.0338,True,Stable
Liverpool,2019-02-04 20:00:00,0.48615,-0.12329,0.46931,-0.16266,0.1542,0.3174,True,Stable
Liverpool,2019-02-09 15:00:00,0.49411,-0.12953,0.48615,-0.12329,0.073,0.0502,True,Stable
Liverpool,2019-02-24 14:05:00,0.46,-0.1763,0.49411,-0.12953,0.3127,0.3764,True,Stable
Liverpool,2019-02-27 20:00:00,0.41625,-0.16756,0.46,-0.1763,0.4021,0.0705,True,Stable
Liverpool,2019-03-03 16:15:00,0.42371,-0.1639,0.41625,-0.16756,0.0689,0.0296,True,Stable
Liverpool,2019-03-10 12:00:00,0.42981,-0.12728,0.42371,-0.1639,0.0566,0.2968,True,Stable
Liverpool,2019-03-17 14:15:00,0.48762,-0.09303,0.42981,-0.12728,0.5384,0.2775,True,Stable
Liverpool,2019-03-31 15:30:00,0.51227,-0.10473,0.48762,-0.09303,0.2298,0.0945,True,Stable
Liverpool,2019-04-05 20:00:00,0.55724,-0.08196,0.51227,-0.10473,0.4187,0.1835,True,Stable
Liverpool,2019-04-14 16:30:00,0.61279,-0.085,0.55724,-0.08196,0.5141,0.0244,True,Stable
Liverpool,2019-04-21 16:00:00,0.44329,-0.14742,0.61279,-0.085,1.5471,0.4992,False,Unstable
Liverpool,2019-04-26 20:00:00,0.47859,-0.20377,0.44329,-0.14742,0.3234,0.4512,True,Stable
Liverpool,2019-05-04 18:45:00,0.41232,-0.23622,0.47859,-0.20377,0.6083,0.2609,True,Stable
Liverpool,2019-05-12 14:00:00,0.4449,-0.26099,0.41232,-0.23622,0.3004,0.2,True,Stable
Liverpool,2019-08-09 20:00:00,0.48476,-0.31721,0.4449,-0.26099,0.3689,0.4561,True,Stable
Liverpool,2019-08-17 15:00:00,0.41781,-0.36669,0.48476,-0.31721,0.6205,0.4025,True,Stable
Liverpool,2019-08-24 17:30:00,0.41914,-0.36847,0.41781,-0.36669,0.0124,0.0145,True,Stable
Liverpool,2019-08-31 17:30:00,0.4534,-0.41706,0.41914,-0.36847,0.3202,0.3957,True,Stable
Liverpool,2019-09-14 11:30:00,0.42595,-0.4308,0.4534,-0.41706,0.2573,0.1114,True,Stable
Liverpool,2019-09-22 15:30:00,0.46137,-0.4401,0.42595,-0.4308,0.3334,0.0752,True,Stable
Liverpool,2019-09-28 11:30:00,0.51165,-0.43293,0.46137,-0.4401,0.4747,0.0577,True,Stable
Liverpool,2019-10-05 15:00:00,0.56769,-0.42386,0.51165,-0.43293,0.5288,0.0725,True,Stable
Liverpool,2019-10-20 16:30:00,0.40164,-0.35658,0.56769,-0.42386,1.5576,0.5367,False,Unstable
Liverpool,2019-10-27 16:30:00,0.32926,-0.34732,0.40164,-0.35658,0.6818,0.0739,True,Stable
Liverpool,2019-11-02 15:00:00,0.22407,-0.26243,0.32926,-0.34732,0.9928,0.6797,True,Stable
Liverpool,2019-11-10 16:30:00,0.29059,-0.27692,0.22407,-0.26243,0.6233,0.1165,True,Stable
Liverpool,2019-11-23 15:00:00,0.2985,-0.35262,0.29059,-0.27692,0.0741,0.6109,True,Stable
Liverpool,2019-11-30 15:00:00,0.31485,-0.39764,0.2985,-0.35262,0.1533,0.364,True,Stable
Liverpool,2019-12-04 20:15:00,0.26887,-0.42951,0.31485,-0.39764,0.4317,0.2574,True,Stable
Liverpool,2019-12-07 15:00:00,0.24342,-0.44623,0.26887,-0.42951,0.2385,0.1347,True,Stable
Liverpool,2019-12-14 12:30:00,0.25359,-0.47071,0.24342,-0.44623,0.0949,0.1962,True,Stable
Liverpool,2019-12-26 20:00:00,0.2235,-0.41872,0.25359,-0.47071,0.28,0.4141,True,Stable
Liverpool,2019-12-29 16:30:00,0.24766,-0.3668,0.2235,-0.41872,0.2236,0.4127,True,Stable
Liverpool,2020-01-02 20:00:00,0.22819,-0.326,0.24766,-0.3668,0.1796,0.3248,True,Stable
Liverpool,2020-01-11 17:30:00,0.20315,-0.33085,0.22819,-0.326,0.2298,0.0387,True,Stable
Liverpool,2020-01-19 16:30:00,0.16692,-0.24779,0.20315,-0.33085,0.3302,0.6652,True,Stable
Liverpool,2020-01-23 20:00:00,0.15966,-0.24138,0.16692,-0.24779,0.0654,0.0515,True,Stable
Liverpool,2020-01-29 19:45:00,0.15191,-0.26942,0.15966,-0.24138,0.069,0.2262,True,Stable
Liverpool,2020-02-01 15:00:00,0.16244,-0.281,0.15191,-0.26942,0.0927,0.0937,True,Stable
Liverpool,2020-02-15 17:30:00,0.15097,-0.2236,0.16244,-0.281,0.1,0.4663,True,Stable
Liverpool,2020-02-24 20:00:00,0.15403,-0.19034,0.15097,-0.2236,0.0264,0.2711,True,Stable
Liverpool,2020-02-29 17:30:00,0.14021,-0.18837,0.15403,-0.19034,0.1179,0.0161,True,Stable
Liverpool,2020-03-07 12:30:00,0.14551,-0.20647,0.14021,-0.18837,0.0447,0.1481,True,Stable
Liverpool,2020-06-21 18:00:00,0.13581,-0.20334,0.14551,-0.20647,0.081,0.0257,True,Stable
Liverpool,2020-06-24 19:15:00,0.15694,-0.24861,0.13581,-0.20334,0.1747,0.3724,True,Stable
Liverpool,2020-07-02 19:15:00,0.15511,-0.24407,0.15694,-0.24861,0.015,0.0375,True,Stable
Liverpool,2020-07-05 15:30:00,0.1546,-0.22762,0.15511,-0.24407,0.0041,0.1362,True,Stable
Liverpool,2020-07-08 19:15:00,0.15446,-0.24536,0.1546,-0.22762,0.0011,0.1474,True,Stable
Liverpool,2020-07-11 14:00:00,0.15629,-0.145,0.15446,-0.24536,0.0147,0.8366,True,Stable
Liverpool,2020-07-15 19:15:00,0.16255,-0.01565,0.15629,-0.145,0.0499,1.0781,False,Unstable
Liverpool,2020-07-22 19:15:00,0.22136,-0.17428,0.16255,-0.01565,0.4668,1.3078,False,Unstable
Liverpool,2020-07-26 15:00:00,0.22839,-0.1811,0.22136,-0.17428,0.0557,0.0563,True,Stable
Liverpool,2020-09-12 16:30:00,0.24305,-0.16762,0.22839,-0.1811,0.1162,0.1115,True,Stable
Liverpool,2020-09-20 15:30:00,0.20499,-0.21958,0.24305,-0.16762,0.3017,0.4304,True,Stable
Liverpool,2020-09-28 19:15:00,0.16825,-0.27363,0.20499,-0.21958,0.2906,0.449,True,Stable
Liverpool,2020-10-04 18:15:00,0.23879,-0.18869,0.16825,-0.27363,0.5556,0.7078,True,Stable
Liverpool,2020-10-17 11:30:00,0.26929,-0.13791,0.23879,-0.18869,0.2403,0.4241,True,Stable
Liverpool,2020-10-24 19:00:00,0.25692,-0.12475,0.26929,-0.13791,0.0976,0.1099,True,Stable
Liverpool,2020-10-31 17:30:00,0.24965,-0.17379,0.25692,-0.12475,0.0575,0.4092,True,Stable
Liverpool,2020-11-08 16:30:00,0.25522,-0.20709,0.24965,-0.17379,0.044,0.2782,True,Stable
Liverpool,2020-11-22 19:15:00,0.25834,-0.19393,0.25522,-0.20709,0.0247,0.1102,True,Stable
Liverpool,2020-11-28 12:30:00,0.29997,-0.24897,0.25834,-0.19393,0.3298,0.462,True,Stable
Liverpool,2020-12-06 19:15:00,0.2795,-0.27368,0.29997,-0.24897,0.1626,0.2082,True,Stable
Liverpool,2020-12-13 16:30:00,0.27099,-0.21678,0.2795,-0.27368,0.0677,0.4807,True,Stable
Liverpool,2020-12-16 20:00:00,0.2709,-0.22334,0.27099,-0.21678,0.0007,0.0556,True,Stable
Liverpool,2020-12-19 12:30:00,0.25108,-0.27676,0.2709,-0.22334,0.1583,0.4538,True,Stable
Liverpool,2020-12-27 16:30:00,0.26926,-0.25135,0.25108,-0.27676,0.1453,0.2165,True,Stable
Liverpool,2020-12-30 20:00:00,0.33093,-0.20498,0.26926,-0.25135,0.4938,0.3962,True,Stable
Liverpool,2021-01-04 20:00:00,0.34362,-0.18923,0.33093,-0.20498,0.1019,0.135,True,Stable
Liverpool,2021-01-17 16:30:00,0.34611,-0.16235,0.34362,-0.18923,0.02,0.2307,True,Stable
Liverpool,2021-01-21 20:00:00,0.27239,-0.08552,0.34611,-0.16235,0.5954,0.6601,True,Stable
Liverpool,2021-01-28 20:00:00,0.25957,-0.09019,0.27239,-0.08552,0.1037,0.04,True,Stable
Liverpool,2021-01-31 16:30:00,0.29377,-0.13705,0.25957,-0.09019,0.2771,0.4001,True,Stable
Liverpool,2021-02-03 20:15:00,0.2903,-0.13458,0.29377,-0.13705,0.0282,0.021,True,Stable
Liverpool,2021-02-07 16:30:00,0.30142,-0.15475,0.2903,-0.13458,0.0905,0.1722,True,Stable
Liverpool,2021-02-13 12:30:00,0.29785,-0.14953,0.30142,-0.15475,0.0292,0.0446,True,Stable
Liverpool,2021-02-20 17:30:00,0.28883,-0.11488,0.29785,-0.14953,0.0737,0.2963,True,Stable
Liverpool,2021-02-28 19:15:00,0.25451,-0.04784,0.28883,-0.11488,0.2812,0.5726,True,Stable
Liverpool,2021-03-04 20:15:00,0.25442,-0.06229,0.25451,-0.04784,0.0007,0.1228,True,Stable
Liverpool,2021-03-07 14:00:00,0.23284,-0.01283,0.25442,-0.06229,0.1772,0.4184,True,Stable
Liverpool,2021-03-15 20:00:00,0.23252,-0.03408,0.23284,-0.01283,0.0027,0.1783,True,Stable
Liverpool,2021-04-03 19:00:00,0.23703,-0.01366,0.23252,-0.03408,0.0371,0.1703,True,Stable
Liverpool,2021-04-10 14:00:00,0.23584,-0.05159,0.23703,-0.01366,0.0098,0.3139,True,Stable
Liverpool,2021-04-19 19:00:00,0.23282,-0.01067,0.23584,-0.05159,0.0248,0.3372,True,Stable
Liverpool,2021-04-24 11:30:00,0.22876,0.03811,0.23282,-0.01067,0.0334,0.399,True,Stable
Liverpool,2021-05-08 19:15:00,0.22378,0.04958,0.22876,0.03811,0.041,0.0928,True,Stable
Liverpool,2021-05-13 19:15:00,0.21944,-0.01915,0.22378,0.04958,0.0358,0.5493,True,Stable
Liverpool,2021-05-16 15:30:00,0.19346,0.11192,0.21944,-0.01915,0.2136,1.0416,False,Unstable
Liverpool,2021-05-19 19:15:00,0.2124,0.14243,0.19346,0.11192,0.1556,0.2382,True,Stable
Liverpool,2021-05-23 15:00:00,0.23428,0.12652,0.2124,0.14243,0.1795,0.1218,True,Stable
Liverpool,2021-08-14 16:30:00,0.26043,0.1248,0.23428,0.12652,0.2148,0.0129,True,Stable
Liverpool,2021-08-21 11:30:00,0.33587,0.18757,0.26043,0.1248,0.6204,0.4647,True,Stable
Liverpool,2021-08-28 16:30:00,0.30401,0.18666,0.33587,0.18757,0.2627,0.0066,True,Stable
Liverpool,2021-09-12 15:30:00,0.26893,0.18925,0.30401,0.18666,0.2899,0.0184,True,Stable
Liverpool,2021-09-18 14:00:00,0.26419,0.16629,0.26893,0.18925,0.0393,0.1598,True,Stable
Liverpool,2021-09-25 16:30:00,0.26181,0.19984,0.26419,0.16629,0.0197,0.2298,True,Stable
Liverpool,2021-10-03 15:30:00,0.27027,0.16194,0.26181,0.19984,0.0703,0.2549,True,Stable
Liverpool,2021-10-16 11:30:00,0.26387,0.08024,0.27027,0.16194,0.0533,0.5417,True,Stable
Liverpool,2021-10-24 15:30:00,0.22505,0.01942,0.26387,0.08024,0.3234,0.4003,True,Stable
Liverpool,2021-10-30 14:00:00,0.20401,0.05518,0.22505,0.01942,0.1752,0.2345,True,Stable
Liverpool,2021-11-07 16:30:00,0.18119,0.00226,0.20401,0.05518,0.19,0.3452,True,Stable
Liverpool,2021-11-20 17:30:00,0.19353,0.05247,0.18119,0.00226,0.1025,0.3267,True,Stable
Liverpool,2021-11-27 15:00:00,0.24203,0.18645,0.19353,0.05247,0.4026,0.8677,True,Stable
Liverpool,2021-12-01 20:15:00,0.24513,0.17394,0.24203,0.18645,0.0258,0.0799,True,Stable
Liverpool,2021-12-04 15:00:00,0.19766,0.15261,0.24513,0.17394,0.3949,0.1347,True,Stable
Liverpool,2021-12-11 15:00:00,0.21372,0.20428,0.19766,0.15261,0.1335,0.3228,True,Stable
Liverpool,2021-12-16 20:00:00,0.19706,0.16442,0.21372,0.20428,0.1384,0.2457,True,Stable
Liverpool,2021-12-19 16:30:00,0.18318,-0.00094,0.19706,0.16442,0.1153,1.0094,False,Unstable
Liverpool,2021-12-28 20:00:00,0.16853,0.12807,0.18318,-0.00094,0.1215,0.7865,True,Stable
Liverpool,2022-01-02 16:30:00,0.15465,0.15357,0.16853,0.12807,0.1149,0.1544,True,Stable
Liverpool,2022-01-16 14:00:00,0.1669,0.12279,0.15465,0.15357,0.1011,0.1848,True,Stable
Liverpool,2022-01-23 14:00:00,0.17052,0.10794,0.1669,0.12279,0.0298,0.0886,True,Stable
Liverpool,2022-02-10 19:45:00,0.16402,0.18121,0.17052,0.10794,0.0534,0.4347,True,Stable
Liverpool,2022-02-13 14:00:00,0.17555,0.06154,0.16402,0.18121,0.0946,0.7033,True,Stable
Liverpool,2022-02-19 15:00:00,0.19656,0.01525,0.17555,0.06154,0.1721,0.2713,True,Stable
Liverpool,2022-02-23 19:45:00,0.19642,-0.01307,0.19656,0.01525,0.0012,0.1658,True,Stable
Liverpool,2022-03-05 17:30:00,0.22754,0.03823,0.19642,-0.01307,0.2548,0.3003,True,Stable
Liverpool,2022-03-12 12:30:00,0.22831,0.03971,0.22754,0.03823,0.0063,0.0086,True,Stable
Liverpool,2022-03-16 20:15:00,0.21527,0.04306,0.22831,0.03971,0.1069,0.0195,True,Stable
Liverpool,2022-04-02 11:30:00,0.21251,0.05934,0.21527,0.04306,0.0226,0.0948,True,Stable
Liverpool,2022-04-10 15:30:00,0.21321,0.04815,0.21251,0.05934,0.0057,0.065,True,Stable
Liverpool,2022-04-19 19:00:00,0.22178,-0.06459,0.21321,0.04815,0.0703,0.6535,True,Stable
Liverpool,2022-04-24 15:30:00,0.21071,-0.12295,0.22178,-0.06459,0.0909,0.3387,True,Stable
Liverpool,2022-04-30 11:30:00,0.24948,-0.05848,0.21071,-0.12295,0.3185,0.3749,True,Stable
Liverpool,2022-05-07 18:45:00,0.25267,-0.07456,0.24948,-0.05848,0.0262,0.0936,True,Stable
Liverpool,2022-05-10 19:00:00,0.24975,-0.0574,0.25267,-0.07456,0.024,0.1,True,Stable
Liverpool,2022-05-17 18:45:00,0.2428,-0.001,0.24975,-0.0574,0.0574,0.329,True,Stable
Liverpool,2022-05-22 15:00:00,0.24753,0.05352,0.2428,-0.001,0.0391,0.3181,True,Stable
Liverpool,2022-08-06 11:30:00,0.23897,-0.0055,0.24753,0.05352,0.0708,0.3436,True,Stable
Liverpool,2022-08-15 19:00:00,0.23903,-0.00041,0.23897,-0.0055,0.0005,0.0296,True,Stable
Liverpool,2022-08-22 19:00:00,0.24,-0.02177,0.23903,-0.00041,0.0081,0.1243,True,Stable
Liverpool,2022-08-27 14:00:00,0.27033,-0.08968,0.24,-0.02177,0.2518,0.3954,True,Stable
Liverpool,2022-08-31 19:00:00,0.27347,-0.12833,0.27033,-0.08968,0.0261,0.2254,True,Stable
Liverpool,2022-09-03 11:30:00,0.26586,-0.09143,0.27347,-0.12833,0.0634,0.2156,True,Stable
Liverpool,2022-10-01 14:00:00,0.24108,-0.09542,0.26586,-0.09143,0.2067,0.0233,True,Stable
Liverpool,2022-10-09 15:30:00,0.2244,-0.08892,0.24108,-0.09542,0.1394,0.0381,True,Stable
Liverpool,2022-10-16 15:30:00,0.38106,0.00839,0.2244,-0.08892,1.3098,0.5714,False,Unstable
Liverpool,2022-10-19 18:30:00,0.42292,0.04758,0.38106,0.00839,0.3505,0.23,True,Stable
Liverpool,2022-10-22 11:30:00,0.42859,0.0759,0.42292,0.04758,0.0474,0.166,True,Stable
Liverpool,2022-10-29 18:45:00,0.4082,0.1326,0.42859,0.0759,0.1709,0.3315,True,Stable
Liverpool,2022-11-06 16:30:00,0.38811,0.19108,0.4082,0.1326,0.1686,0.3403,True,Stable
Liverpool,2022-11-12 15:00:00,0.36814,0.18303,0.38811,0.19108,0.1677,0.0465,True,Stable
Liverpool,2022-12-26 17:30:00,0.34376,0.15818,0.36814,0.18303,0.2052,0.1426,True,Stable
Liverpool,2022-12-30 20:00:00,0.36936,0.12846,0.34376,0.15818,0.2159,0.1697,True,Stable
Liverpool,2023-01-02 17:30:00,0.37092,0.12165,0.36936,0.12846,0.0132,0.0388,True,Stable
Liverpool,2023-01-14 15:00:00,0.39479,0.0849,0.37092,0.12165,0.202,0.2084,True,Stable
Liverpool,2023-01-21 12:30:00,0.35304,0.1241,0.39479,0.0849,0.3537,0.2218,True,Stable
Liverpool,2023-02-04 15:00:00,0.29204,0.1715,0.35304,0.1241,0.5179,0.2673,True,Stable
Liverpool,2023-02-13 20:00:00,0.24141,0.2365,0.29204,0.1715,0.4307,0.3646,True,Stable
Liverpool,2023-02-18 17:30:00,0.2453,0.20492,0.24141,0.2365,0.0332,0.1757,True,Stable
Liverpool,2023-02-25 19:45:00,0.21794,0.27228,0.2453,0.20492,0.2332,0.3725,True,Stable
Liverpool,2023-03-01 20:00:00,0.21772,0.26674,0.21794,0.27228,0.0019,0.0303,True,Stable
Liverpool,2023-03-05 16:30:00,0.2831,0.18478,0.21772,0.26674,0.5579,0.4453,True,Stable
Liverpool,2023-03-11 12:30:00,0.28197,0.16315,0.2831,0.18478,0.0097,0.1169,True,Stable
Liverpool,2023-04-01 11:30:00,0.2823,0.14153,0.28197,0.16315,0.0028,0.1164,True,Stable
Liverpool,2023-04-04 19:00:00,0.26653,0.13967,0.2823,0.14153,0.1353,0.01,True,Stable
Liverpool,2023-04-09 15:30:00,0.28287,0.17346,0.26653,0.13967,0.1404,0.181,True,Stable
Liverpool,2023-04-17 19:00:00,0.28319,0.17998,0.28287,0.17346,0.0028,0.0347,True,Stable
Liverpool,2023-04-22 14:00:00,0.29026,0.20634,0.28319,0.17998,0.0609,0.1401,True,Stable
Liverpool,2023-04-26 18:45:00,0.3211,0.23504,0.29026,0.20634,0.2663,0.1517,True,Stable
Liverpool,2023-04-30 15:30:00,0.26971,0.16195,0.3211,0.23504,0.4447,0.3842,True,Stable
Liverpool,2023-05-03 19:00:00,0.22714,0.10113,0.26971,0.16195,0.3689,0.3187,True,Stable
Liverpool,2023-05-06 16:30:00,0.31478,0.1827,0.22714,0.10113,0.76,0.4269,True,Stable
Liverpool,2023-05-15 19:00:00,0.30354,0.1351,0.31478,0.1827,0.0976,0.2482,True,Stable
Liverpool,2023-05-20 14:00:00,0.29866,0.11872,0.30354,0.1351,0.0425,0.0852,True,Stable
Liverpool,2023-05-28 15:30:00,0.30898,0.16879,0.29866,0.11872,0.09,0.2602,True,Stable
Liverpool,2023-08-13 15:30:00,0.30233,0.14124,0.30898,0.16879,0.0581,0.1427,True,Stable
Liverpool,2023-08-19 14:00:00,0.29839,0.10555,0.30233,0.14124,0.0345,0.1845,True,Stable
Liverpool,2023-08-27 15:30:00,0.28411,0.1661,0.29839,0.10555,0.1252,0.3127,True,Stable
Liverpool,2023-09-03 13:00:00,0.29479,0.17686,0.28411,0.1661,0.0938,0.0554,True,Stable
Liverpool,2023-09-16 11:30:00,0.28548,0.15882,0.29479,0.17686,0.082,0.0927,True,Stable
Liverpool,2023-09-24 13:00:00,0.31768,0.21766,0.28548,0.15882,0.2838,0.3015,True,Stable
Liverpool,2023-09-30 16:30:00,0.3905,0.25194,0.31768,0.21766,0.643,0.1749,True,Stable
Liverpool,2023-10-08 13:00:00,0.26909,0.22725,0.3905,0.25194,1.0733,0.1253,False,Unstable
Liverpool,2023-10-21 11:30:00,0.26005,0.21317,0.26909,0.22725,0.0801,0.0712,True,Stable
Liverpool,2023-10-29 14:00:00,0.26276,0.19311,0.26005,0.21317,0.024,0.101,True,Stable
Liverpool,2023-11-05 16:30:00,0.2759,0.17121,0.26276,0.19311,0.1167,0.11,True,Stable
Liverpool,2023-11-12 14:00:00,0.32264,0.12309,0.2759,0.17121,0.4155,0.2411,True,Stable
Liverpool,2023-11-25 12:30:00,0.32065,0.11271,0.32264,0.12309,0.0177,0.0519,True,Stable
Liverpool,2023-12-03 14:00:00,0.31683,0.07837,0.32065,0.11271,0.0341,0.1718,True,Stable
Liverpool,2023-12-06 19:30:00,0.28537,0.09852,0.31683,0.07837,0.2812,0.1008,True,Stable
Liverpool,2023-12-09 12:30:00,0.24433,0.01206,0.28537,0.09852,0.3675,0.4323,True,Stable
Liverpool,2023-12-17 16:30:00,0.3272,0.04356,0.24433,0.01206,0.7428,0.1576,True,Stable
Liverpool,2023-12-23 17:30:00,0.3661,0.00881,0.3272,0.04356,0.3493,0.174,True,Stable
Liverpool,2023-12-26 17:30:00,0.44158,-0.00149,0.3661,0.00881,0.6786,0.0516,True,Stable
Liverpool,2024-01-01 19:00:00,0.52682,0.01906,0.44158,-0.00149,0.7661,0.1032,True,Stable
Liverpool,2024-01-21 16:30:00,0.62244,0.00259,0.52682,0.01906,0.8557,0.0827,True,Stable
Liverpool,2024-01-31 20:15:00,0.81367,-0.02887,0.62244,0.00259,1.6928,0.1582,False,Unstable
Liverpool,2024-02-04 16:30:00,1.01368,-0.04766,0.81367,-0.02887,1.7176,0.0946,False,Unstable
Liverpool,2024-02-10 15:00:00,0.76067,-0.02659,1.01368,-0.04766,2.0544,0.1062,False,Unstable
Liverpool,2024-02-17 12:30:00,0.70192,-0.0814,0.76067,-0.02659,0.4678,0.2767,True,Stable
Liverpool,2024-02-21 15:00:00,0.72313,-0.07474,0.70192,-0.0814,0.1666,0.0337,True,Stable
Liverpool,2024-03-02 15:00:00,0.71448,-0.0655,0.72313,-0.07474,0.067,0.0468,True,Stable
Liverpool,2024-03-10 15:45:00,0.71045,-0.06786,0.71448,-0.0655,0.0308,0.012,True,Stable
Liverpool,2024-03-31 14:00:00,0.7012,-0.05994,0.71045,-0.06786,0.0698,0.0403,True,Stable
Liverpool,2024-04-04 18:30:00,0.62412,-0.02992,0.7012,-0.05994,0.5751,0.1528,True,Stable
Liverpool,2024-04-07 14:30:00,0.48824,0.02513,0.62412,-0.02992,1.0075,0.2806,False,Unstable
Liverpool,2024-04-14 13:00:00,0.25744,0.21157,0.48824,0.02513,1.7104,0.951,False,Unstable
Liverpool,2024-04-21 15:30:00,0.40654,0.16948,0.25744,0.21157,1.1062,0.214,False,Unstable
Liverpool,2024-04-24 19:00:00,0.25714,0.19212,0.40654,0.16948,1.1097,0.1149,False,Unstable
Liverpool,2024-04-27 11:30:00,0.21479,0.30276,0.25714,0.19212,0.315,0.5603,True,Stable
Liverpool,2024-05-05 15:30:00,0.28832,0.22273,0.21479,0.30276,0.547,0.403,True,Stable
Liverpool,2024-05-13 19:00:00,0.31555,0.12258,0.28832,0.22273,0.2028,0.5027,True,Stable
Liverpool,2024-05-19 15:00:00,0.39386,0.21827,0.31555,0.12258,0.5843,0.48,True,Stable
Liverpool,2024-08-17 11:30:00,0.38026,0.25542,0.39386,0.21827,0.1016,0.1859,True,Stable
Liverpool,2024-08-25 15:30:00,0.36218,0.29077,0.38026,0.25542,0.1353,0.1761,True,Stable
Liverpool,2024-09-01 15:00:00,0.35626,0.32031,0.36218,0.29077,0.0444,0.1465,True,Stable
Liverpool,2024-09-14 14:00:00,0.31536,0.40721,0.35626,0.32031,0.307,0.4285,True,Stable
Liverpool,2024-09-21 14:00:00,0.39436,0.33849,0.31536,0.40721,0.5939,0.336,True,Stable
Liverpool,2024-09-28 16:30:00,0.40852,0.32398,0.39436,0.33849,0.1066,0.0705,True,Stable
Liverpool,2024-10-05 11:30:00,0.39796,0.30757,0.40852,0.32398,0.0795,0.0793,True,Stable
Liverpool,2024-10-20 15:30:00,0.40067,0.31456,0.39796,0.30757,0.0204,0.0336,True,Stable
Liverpool,2024-10-27 16:30:00,0.40486,0.28776,0.40067,0.31456,0.0317,0.1283,True,Stable
Liverpool,2024-11-02 15:00:00,0.40593,0.27091,0.40486,0.28776,0.0081,0.0804,True,Stable
Liverpool,2024-11-09 20:00:00,0.40001,0.29413,0.40593,0.27091,0.0448,0.1104,True,Stable
Liverpool,2024-11-24 14:00:00,0.4,0.29206,0.40001,0.29413,0.0001,0.0098,True,Stable
Liverpool,2024-12-01 16:00:00,0.41902,0.33948,0.4,0.29206,0.1443,0.2238,True,Stable
Liverpool,2024-12-04 19:30:00,0.43337,0.3507,0.41902,0.33948,0.109,0.0527,True,Stable
Liverpool,2024-12-14 15:00:00,0.49516,0.40212,0.43337,0.3507,0.4698,0.2402,True,Stable
Liverpool,2024-12-22 16:30:00,0.45146,0.36587,0.49516,0.40212,0.3321,0.1682,True,Stable
Liverpool,2024-12-26 20:00:00,0.44289,0.34751,0.45146,0.36587,0.0651,0.0847,True,Stable
Liverpool,2024-12-29 17:15:00,0.36412,0.2645,0.44289,0.34751,0.599,0.3813,True,Stable
Liverpool,2025-01-05 16:30:00,0.3496,0.21126,0.36412,0.2645,0.1106,0.2439,True,Stable
Liverpool,2025-01-14 20:00:00,0.34878,0.24044,0.3496,0.21126,0.0062,0.1335,True,Stable
Liverpool,2025-01-18 15:00:00,0.37204,0.3194,0.34878,0.24044,0.1777,0.3606,True,Stable
Liverpool,2025-01-25 15:00:00,0.38451,0.32639,0.37204,0.3194,0.0954,0.0318,True,Stable
Liverpool,2025-02-01 15:00:00,0.39269,0.36986,0.38451,0.32639,0.0627,0.1971,True,Stable
Liverpool,2025-02-12 19:30:00,0.45788,0.4083,0.39269,0.36986,0.5001,0.1734,True,Stable
Liverpool,2025-02-16 14:00:00,0.45922,0.38,0.45788,0.4083,0.0103,0.127,True,Stable
Liverpool,2025-02-19 15:00:00,0.43881,0.34783,0.45922,0.38,0.1566,0.1436,True,Stable
Liverpool,2025-02-23 16:30:00,0.40564,0.32354,0.43881,0.34783,0.2548,0.108,True,Stable
Liverpool,2025-02-26 20:15:00,0.35311,0.26437,0.40564,0.32354,0.4039,0.2622,True,Stable
Liverpool,2025-03-08 15:00:00,0.39701,0.29087,0.35311,0.26437,0.338,0.1172,True,Stable
Liverpool,2025-04-02 20:00:00,0.40411,0.24361,0.39701,0.29087,0.0547,0.2086,True,Stable
Liverpool,2025-04-06 13:00:00,0.4753,0.18118,0.40411,0.24361,0.5495,0.2751,True,Stable
Liverpool,2025-04-13 13:00:00,0.44504,0.19253,0.4753,0.18118,0.2335,0.05,True,Stable
Liverpool,2025-04-20 15:30:00,0.50487,0.22498,0.44504,0.19253,0.462,0.1429,True,Stable
Liverpool,2025-04-27 15:30:00,0.66511,0.16581,0.50487,0.22498,1.236,0.2602,False,Unstable
Liverpool,2025-05-04 15:30:00,0.62622,0.17176,0.66511,0.16581,0.2977,0.0262,True,Stable
Liverpool,2025-05-11 15:30:00,0.58258,0.22567,0.62622,0.17176,0.3322,0.237,True,Stable
Liverpool,2025-05-19 19:00:00,0.46649,0.1929,0.58258,0.22567,0.8807,0.144,True,Stable
Liverpool,2025-05-25 15:00:00,0.53378,0.15527,0.46649,0.1929,0.5106,0.1652,True,Stable
Leicester,2017-08-19 15:00:00,0.22468,-0.24876,0.17835,-0.29543,0.7119,0.2302,True,Stable
Leicester,2017-08-26 17:30:00,0.21586,-0.23789,0.22468,-0.24876,0.1369,0.0529,True,Stable
Leicester,2017-09-09 15:00:00,0.19511,-0.20294,0.21586,-0.23789,0.326,0.1685,True,Stable
Leicester,2017-09-16 15:00:00,0.17277,-0.17819,0.19511,-0.20294,0.3551,0.119,True,Stable
Leicester,2017-09-23 17:30:00,0.16282,-0.08659,0.17277,-0.17819,0.1599,0.4408,True,Stable
Leicester,2017-09-30 15:00:00,0.14008,-0.01675,0.16282,-0.08659,0.3684,0.3391,True,Stable
Leicester,2017-10-16 20:00:00,0.14931,0.02595,0.14008,-0.01675,0.1499,0.2096,True,Stable
Leicester,2017-10-21 15:00:00,0.14937,-0.00068,0.14931,0.02595,0.0011,0.1322,True,Stable
Leicester,2017-10-29 16:00:00,0.15716,-0.03457,0.14937,-0.00068,0.1279,0.1701,True,Stable
Leicester,2017-11-04 12:30:00,0.16906,-0.07202,0.15716,-0.03457,0.1968,0.1898,True,Stable
Leicester,2017-11-18 15:00:00,0.16977,-0.08102,0.16906,-0.07202,0.0119,0.046,True,Stable
Leicester,2017-11-24 20:00:00,0.15601,-0.1512,0.16977,-0.08102,0.2318,0.3617,True,Stable
Leicester,2017-11-28 19:45:00,0.14519,-0.15416,0.15601,-0.1512,0.1836,0.0153,True,Stable
Leicester,2017-12-02 15:00:00,0.14832,-0.19192,0.14519,-0.15416,0.0533,0.1958,True,Stable
Leicester,2017-12-09 17:30:00,0.13127,-0.2584,0.14832,-0.19192,0.2919,0.3446,True,Stable
Leicester,2017-12-13 19:45:00,0.09834,-0.44546,0.13127,-0.2584,0.5643,0.9627,True,Stable
Leicester,2017-12-16 12:30:00,0.12283,-0.3533,0.09834,-0.44546,0.4149,0.4573,True,Stable
Leicester,2017-12-23 19:45:00,0.13885,-0.40599,0.12283,-0.3533,0.2711,0.2572,True,Stable
Leicester,2017-12-26 15:00:00,0.12097,-0.39685,0.13885,-0.40599,0.3037,0.0436,True,Stable
Leicester,2017-12-30 15:00:00,0.16201,-0.35018,0.12097,-0.39685,0.6964,0.2188,True,Stable
Leicester,2018-01-01 15:00:00,0.17972,-0.36327,0.16201,-0.35018,0.3029,0.0608,True,Stable
Leicester,2018-01-13 15:00:00,0.20289,-0.36342,0.17972,-0.36327,0.3997,0.0007,True,Stable
Leicester,2018-01-20 15:00:00,0.23185,-0.37628,0.20289,-0.36342,0.5033,0.0586,True,Stable
Leicester,2018-01-31 19:45:00,0.19768,-0.32577,0.23185,-0.37628,0.5952,0.2276,True,Stable
Leicester,2018-02-03 15:00:00,0.14362,-0.22209,0.19768,-0.32577,0.9485,0.4654,True,Stable
Leicester,2018-02-10 17:30:00,0.11526,-0.07788,0.14362,-0.22209,0.4998,0.6497,True,Stable
Leicester,2018-02-24 12:30:00,0.14081,-0.12127,0.11526,-0.07788,0.4489,0.197,True,Stable
Leicester,2018-03-03 15:00:00,0.12476,0.11077,0.14081,-0.12127,0.2831,1.0612,False,Unstable
Leicester,2018-03-10 15:00:00,0.22621,-0.10863,0.12476,0.11077,1.7895,1.0064,False,Unstable
Leicester,2018-03-31 15:00:00,0.25625,-0.11948,0.22621,-0.10863,0.5313,0.0501,True,Stable
Leicester,2018-04-07 14:00:00,0.24592,-0.11181,0.25625,-0.11948,0.1816,0.0357,True,Stable
Leicester,2018-04-14 14:00:00,0.26366,-0.07209,0.24592,-0.11181,0.3114,0.186,True,Stable
Leicester,2018-04-19 18:45:00,0.31578,-0.07509,0.26366,-0.07209,0.9086,0.0141,True,Stable
Leicester,2018-04-28 14:00:00,0.30841,-0.02992,0.31578,-0.07509,0.1248,0.2146,True,Stable
Leicester,2018-05-05 15:00:00,0.26073,0.00604,0.30841,-0.02992,0.79,0.172,True,Stable
Leicester,2018-05-09 19:45:00,0.2623,-0.01168,0.26073,0.00604,0.0259,0.0853,True,Stable
Leicester,2018-05-13 15:00:00,0.33058,-0.05883,0.2623,-0.01168,1.1243,0.2284,False,Unstable
Leicester,2018-08-10 22:00:00,0.31009,-0.09208,0.33058,-0.05883,0.3281,0.1622,True,Stable
Leicester,2018-08-18 17:00:00,0.28265,-0.16417,0.31009,-0.09208,0.4321,0.3538,True,Stable
Leicester,2018-08-25 17:00:00,0.21228,-0.28597,0.28265,-0.16417,1.1012,0.6007,False,Unstable
Leicester,2018-09-01 11:30:00,0.20193,-0.27308,0.21228,-0.28597,0.1629,0.0635,True,Stable
Leicester,2018-09-15 14:00:00,0.25452,-0.26949,0.20193,-0.27308,0.8332,0.0177,True,Stable
Leicester,2018-09-22 14:00:00,0.25609,-0.35783,0.25452,-0.26949,0.0249,0.435,True,Stable
Leicester,2018-09-29 14:00:00,0.27365,-0.34659,0.25609,-0.35783,0.2785,0.055,True,Stable
Leicester,2018-10-06 14:00:00,0.29777,-0.32317,0.27365,-0.34659,0.3814,0.1141,True,Stable
Leicester,2018-10-22 19:00:00,0.29589,-0.32473,0.29777,-0.32317,0.0296,0.0076,True,Stable
Leicester,2018-10-27 16:30:00,0.28731,-0.28355,0.29589,-0.32473,0.1333,0.1996,True,Stable
Leicester,2018-11-03 15:00:00,0.2767,-0.21917,0.28731,-0.28355,0.1642,0.3121,True,Stable
Leicester,2018-11-10 15:00:00,0.22738,-0.1203,0.2767,-0.21917,0.7613,0.481,True,Stable
Leicester,2018-11-24 15:00:00,0.20833,-0.05222,0.22738,-0.1203,0.2957,0.3331,True,Stable
Leicester,2018-12-01 15:00:00,0.19649,-0.06053,0.20833,-0.05222,0.1846,0.0409,True,Stable
Leicester,2018-12-05 19:45:00,0.2048,-0.0049,0.19649,-0.06053,0.1302,0.2752,True,Stable
Leicester,2018-12-08 19:45:00,0.24136,0.02939,0.2048,-0.0049,0.5768,0.1704,True,Stable
Leicester,2018-12-15 15:00:00,0.24141,0.01855,0.24136,0.02939,0.0008,0.0541,True,Stable
Leicester,2018-12-22 15:00:00,0.24941,0.01008,0.24141,0.01855,0.127,0.0424,True,Stable
Leicester,2018-12-26 15:00:00,0.26242,0.03099,0.24941,0.01008,0.2071,0.1052,True,Stable
Leicester,2018-12-29 15:00:00,0.22953,0.03617,0.26242,0.03099,0.5239,0.0261,True,Stable
Leicester,2019-01-01 12:30:00,0.23384,0.02666,0.22953,0.03617,0.069,0.0482,True,Stable
Leicester,2019-01-12 15:00:00,0.23171,0.01831,0.23384,0.02666,0.0342,0.0425,True,Stable
Leicester,2019-01-19 12:30:00,0.23686,-0.00322,0.23171,0.01831,0.0831,0.1099,True,Stable
Leicester,2019-01-30 20:00:00,0.23562,-0.01613,0.23686,-0.00322,0.0201,0.0662,True,Stable
Leicester,2019-02-03 14:05:00,0.23956,-0.03865,0.23562,-0.01613,0.0641,0.116,True,Stable
Leicester,2019-02-10 13:30:00,0.24351,-0.00171,0.23956,-0.03865,0.0644,0.1912,True,Stable
Leicester,2019-02-23 17:30:00,0.23774,0.01225,0.24351,-0.00171,0.0944,0.0726,True,Stable
Leicester,2019-02-26 19:45:00,0.23111,-0.00495,0.23774,0.01225,0.1088,0.0898,True,Stable
Leicester,2019-03-03 12:00:00,0.17004,0.11536,0.23111,-0.00495,1.0068,0.6307,False,Unstable
Leicester,2019-03-09 15:00:00,0.20136,0.08601,0.17004,0.11536,0.5179,0.1539,True,Stable
Leicester,2019-03-16 15:00:00,0.2076,-0.02933,0.20136,0.08601,0.1037,0.6056,True,Stable
Leicester,2019-03-30 15:00:00,0.19798,-0.07,0.2076,-0.02933,0.1605,0.2145,True,Stable
Leicester,2019-04-06 15:00:00,0.18771,-0.05299,0.19798,-0.07,0.1723,0.0901,True,Stable
Leicester,2019-04-12 20:00:00,0.17979,-0.12972,0.18771,-0.05299,0.1335,0.4085,True,Stable
Leicester,2019-04-20 15:00:00,0.18936,-0.18961,0.17979,-0.12972,0.1617,0.3202,True,Stable
Leicester,2019-04-28 12:00:00,0.20279,-0.12036,0.18936,-0.18961,0.2282,0.3712,True,Stable
Leicester,2019-05-06 19:00:00,0.16497,0.00996,0.20279,-0.12036,0.6452,0.7016,True,Stable
Leicester,2019-05-12 14:00:00,0.16221,0.04126,0.16497,0.00996,0.0471,0.1691,True,Stable
Leicester,2019-08-11 14:00:00,0.18103,0.12438,0.16221,0.04126,0.3224,0.4504,True,Stable
Leicester,2019-08-18 16:30:00,0.23222,0.19716,0.18103,0.12438,0.8803,0.3942,True,Stable
Leicester,2019-08-24 15:00:00,0.28037,0.14777,0.23222,0.19716,0.8306,0.2663,True,Stable
Leicester,2019-08-31 15:00:00,0.23274,0.09739,0.28037,0.14777,0.8193,0.2713,True,Stable
Leicester,2019-09-14 14:00:00,0.29219,0.14213,0.23274,0.09739,1.0261,0.2412,False,Unstable
Leicester,2019-09-21 11:30:00,0.27879,0.1116,0.29219,0.14213,0.2302,0.1644,True,Stable
Leicester,2019-09-29 15:30:00,0.15654,-0.04022,0.27879,0.1116,2.0943,0.8182,False,Unstable
Leicester,2019-10-05 15:00:00,0.14596,-0.05065,0.15654,-0.04022,0.1815,0.0564,True,Stable
Leicester,2019-10-19 15:00:00,0.09916,-0.2096,0.14596,-0.05065,0.8025,0.8637,True,Stable
Leicester,2019-10-25 20:00:00,0.0,-67216.51471,0.09916,-0.2096,1.6842,365746.2687,False,Unstable
Leicester,2019-11-03 14:00:00,0.0,-77866.08383,0.0,-67216.51471,0.0,1.7643,False,Unstable
Leicester,2019-11-09 17:30:00,0.05758,-1.27658,0.0,-77866.08383,0.9017,8.4976,False,Unstable
Leicester,2019-11-23 15:00:00,0.09834,-0.70448,0.05758,-1.27658,0.6281,0.0001,True,Stable
Leicester,2019-12-01 16:30:00,0.11075,-0.58668,0.09834,-0.70448,0.1902,0.0,True,Stable
Leicester,2019-12-04 19:30:00,0.14534,-0.31448,0.11075,-0.58668,0.5283,0.0,True,Stable
Leicester,2019-12-08 14:00:00,0.13819,-0.25377,0.14534,-0.31448,0.1094,0.0,True,Stable
Leicester,2019-12-14 15:00:00,0.12878,-0.18925,0.13819,-0.25377,0.144,0.0,True,Stable
Leicester,2019-12-21 17:30:00,0.13934,-0.2532,0.12878,-0.18925,0.1616,0.0,True,Stable
Leicester,2019-12-26 20:00:00,0.1454,-0.30945,0.13934,-0.2532,0.0927,0.0,True,Stable
Leicester,2019-12-28 17:30:00,0.14054,-0.27462,0.1454,-0.30945,0.0745,0.0,True,Stable
Leicester,2020-01-01 15:00:00,0.1433,-0.29428,0.14054,-0.27462,0.0424,0.0,True,Stable
Leicester,2020-01-11 15:00:00,0.13896,-0.26397,0.1433,-0.29428,0.0667,0.0,True,Stable
Leicester,2020-01-19 14:00:00,0.13614,-0.23113,0.13896,-0.26397,0.0434,0.0,True,Stable
Leicester,2020-01-22 19:30:00,0.14227,-0.27228,0.13614,-0.23113,0.0944,0.0,True,Stable
Leicester,2020-02-01 12:30:00,0.15536,-0.39821,0.14227,-0.27228,0.2016,0.0,True,Stable
Leicester,2020-02-14 20:00:00,0.15204,-0.34696,0.15536,-0.39821,0.0513,0.0,True,Stable
Leicester,2020-02-22 17:30:00,0.16492,-0.37399,0.15204,-0.34696,0.1992,0.0,True,Stable
Leicester,2020-02-28 20:00:00,0.16728,-0.37028,0.16492,-0.37399,0.0367,0.0,True,Stable
Leicester,2020-03-09 20:00:00,0.14742,-0.31858,0.16728,-0.37028,0.3091,0.0,True,Stable
Leicester,2020-06-20 11:30:00,0.12211,-0.14055,0.14742,-0.31858,0.3946,0.0,True,Stable
Leicester,2020-06-23 17:00:00,0.12158,-0.11816,0.12211,-0.14055,0.0083,0.0,True,Stable
Leicester,2020-07-01 17:00:00,0.12156,-0.07967,0.12158,-0.11816,0.0003,0.0,True,Stable
Leicester,2020-07-04 14:00:00,0.13142,-0.21599,0.12156,-0.07967,0.1535,0.0,True,Stable
Leicester,2020-07-07 19:15:00,0.13117,-0.12699,0.13142,-0.21599,0.0039,0.0,True,Stable
Leicester,2020-07-12 18:00:00,0.12253,-0.17255,0.13117,-0.12699,0.1346,0.0,True,Stable
Leicester,2020-07-16 17:00:00,0.11968,-0.16854,0.12253,-0.17255,0.0443,0.0,True,Stable
Leicester,2020-07-19 15:00:00,0.11834,-0.17733,0.11968,-0.16854,0.0209,0.0,True,Stable
Leicester,2020-07-26 15:00:00,0.10248,-0.06192,0.11834,-0.17733,0.2464,0.0,True,Stable
Leicester,2020-09-13 13:00:00,0.10445,-0.11447,0.10248,-0.06192,0.0305,0.0,True,Stable
Leicester,2020-09-20 18:00:00,0.12775,-0.19738,0.10445,-0.11447,0.3602,0.0,True,Stable
Leicester,2020-09-27 15:30:00,0.13163,-0.28075,0.12775,-0.19738,0.06,0.0,True,Stable
Leicester,2020-10-04 11:00:00,0.12642,-0.33412,0.13163,-0.28075,0.0806,0.0,True,Stable
Leicester,2020-10-18 18:15:00,0.12405,-0.29764,0.12642,-0.33412,0.0368,0.0,True,Stable
Leicester,2020-10-25 19:15:00,0.12964,-0.17453,0.12405,-0.29764,0.0866,0.0,True,Stable
Leicester,2020-11-02 20:00:00,0.14401,-0.10468,0.12964,-0.17453,0.2226,0.0,True,Stable
Leicester,2020-11-08 14:00:00,0.16295,0.02764,0.14401,-0.10468,0.2939,0.0,True,Stable
Leicester,2020-11-22 19:15:00,0.22901,0.17526,0.16295,0.02764,1.0282,0.0,False,Unstable
Leicester,2020-11-30 17:30:00,0.32684,0.1524,0.22901,0.17526,1.5253,0.0,False,Unstable
Leicester,2020-12-06 14:15:00,0.36782,0.14822,0.32684,0.1524,0.6317,0.0,True,Stable
Leicester,2020-12-13 19:15:00,0.39414,0.14593,0.36782,0.14822,0.3974,0.0,True,Stable
Leicester,2020-12-16 18:00:00,0.44061,0.15018,0.39414,0.14593,0.6841,0.0,True,Stable
Leicester,2020-12-20 14:15:00,0.28965,0.06292,0.44061,0.15018,2.1418,0.0,False,Unstable
Leicester,2020-12-26 12:30:00,0.26496,-0.00091,0.28965,0.06292,0.3493,0.0,True,Stable
Leicester,2020-12-28 15:00:00,0.29574,7e-05,0.26496,-0.00091,0.4355,0.0,True,Stable
Leicester,2021-01-03 14:15:00,0.27604,0.01381,0.29574,7e-05,0.2778,0.0,True,Stable
Leicester,2021-01-16 20:00:00,0.26561,-0.00983,0.27604,0.01381,0.1469,0.0,True,Stable
Leicester,2021-01-19 20:15:00,0.25103,-0.04709,0.26561,-0.00983,0.2053,0.0,True,Stable
Leicester,2021-01-27 20:15:00,0.25469,-0.03061,0.25103,-0.04709,0.0516,0.0,True,Stable
Leicester,2021-01-31 14:00:00,0.25041,-0.03361,0.25469,-0.03061,0.0603,0.0,True,Stable
Leicester,2021-02-03 18:00:00,0.2594,-0.04784,0.25041,-0.03361,0.1269,0.0,True,Stable
Leicester,2021-02-07 14:00:00,0.25095,-0.01687,0.2594,-0.04784,0.1193,0.0,True,Stable
Leicester,2021-02-13 12:30:00,0.24969,0.00458,0.25095,-0.01687,0.0179,0.0,True,Stable
Leicester,2021-02-21 14:00:00,0.24344,-0.03166,0.24969,0.00458,0.0886,0.0,True,Stable
Leicester,2021-02-28 12:00:00,0.24013,-0.09064,0.24344,-0.03166,0.0469,0.0,True,Stable
Leicester,2021-03-03 18:00:00,0.24829,-0.09376,0.24013,-0.09064,0.1159,0.0,True,Stable
Leicester,2021-03-06 20:00:00,0.23096,-0.14021,0.24829,-0.09376,0.2465,0.0,True,Stable
Leicester,2021-03-14 14:00:00,0.23745,-0.15547,0.23096,-0.14021,0.0926,0.0,True,Stable
Leicester,2021-04-03 16:30:00,0.25358,-0.14375,0.23745,-0.15547,0.2303,0.0,True,Stable
Leicester,2021-04-11 13:05:00,0.25648,-0.1671,0.25358,-0.14375,0.0415,0.0,True,Stable
Leicester,2021-04-22 19:00:00,0.22368,-0.14738,0.25648,-0.1671,0.4694,0.0,True,Stable
Leicester,2021-04-26 19:00:00,0.21706,-0.19379,0.22368,-0.14738,0.095,0.0,True,Stable
Leicester,2021-04-30 19:00:00,0.24588,-0.16669,0.21706,-0.19379,0.4144,0.0,True,Stable
Leicester,2021-05-07 19:00:00,0.26052,-0.18443,0.24588,-0.16669,0.2108,0.0,True,Stable
Leicester,2021-05-11 17:00:00,0.28245,-0.20405,0.26052,-0.18443,0.3159,0.0,True,Stable
Leicester,2021-05-18 19:15:00,0.34714,-0.23409,0.28245,-0.20405,0.931,0.0,True,Stable
Leicester,2021-05-23 15:00:00,0.41481,-0.2349,0.34714,-0.23409,0.9649,0.0,True,Stable
Leicester,2021-08-14 14:00:00,0.30836,-0.22874,0.41481,-0.2349,1.4853,0.0,False,Unstable
Leicester,2021-08-23 19:00:00,0.26691,-0.18174,0.30836,-0.22874,0.5766,0.0,True,Stable
Leicester,2021-08-28 14:00:00,0.30633,-0.15738,0.26691,-0.18174,0.5486,0.0,True,Stable
Leicester,2021-09-11 14:00:00,0.35936,-0.13234,0.30633,-0.15738,0.7358,0.0,True,Stable
Leicester,2021-09-19 13:00:00,0.43392,-0.1131,0.35936,-0.13234,1.0247,0.0,False,Unstable
Leicester,2021-09-25 14:00:00,0.36797,-0.1114,0.43392,-0.1131,0.886,0.0,True,Stable
Leicester,2021-10-03 13:00:00,0.28961,-0.17088,0.36797,-0.1114,1.0428,0.0,False,Unstable
Leicester,2021-10-16 14:00:00,0.36713,-0.20536,0.28961,-0.17088,1.0308,0.0,False,Unstable
Leicester,2021-10-24 13:00:00,0.4369,-0.23698,0.36713,-0.20536,0.9195,0.0,True,Stable
Leicester,2021-10-30 11:30:00,0.6051,-0.22181,0.4369,-0.23698,2.1722,0.0,False,Unstable
Leicester,2021-11-07 14:00:00,0.73452,-0.23132,0.6051,-0.22181,1.5746,0.0,False,Unstable
Leicester,2021-11-20 12:30:00,0.93624,-0.22643,0.73452,-0.23132,2.2424,0.0,False,Unstable
Leicester,2021-11-28 14:00:00,0.77571,-0.21788,0.93624,-0.22643,1.5558,0.0,False,Unstable
Leicester,2021-12-01 19:30:00,0.74661,-0.19755,0.77571,-0.21788,0.2641,0.0,True,Stable
Leicester,2021-12-05 16:30:00,0.79394,-0.21936,0.74661,-0.19755,0.4082,0.0,True,Stable
Leicester,2021-12-12 14:00:00,0.62922,-0.24807,0.79394,-0.21936,1.3459,0.0,False,Unstable
Leicester,2021-12-26 15:00:00,0.35318,-0.28927,0.62922,-0.24807,2.203,0.0,False,Unstable
Leicester,2021-12-28 20:00:00,0.40589,-0.26713,0.35318,-0.28927,0.4206,0.0,True,Stable
Leicester,2022-01-19 19:30:00,0.38199,-0.27871,0.40589,-0.26713,0.1902,0.0,True,Stable
Leicester,2022-01-23 14:00:00,0.39184,-0.27408,0.38199,-0.27871,0.0783,0.0,True,Stable
Leicester,2022-02-10 19:45:00,0.43912,-0.25448,0.39184,-0.27408,0.3753,0.0,True,Stable
Leicester,2022-02-13 16:30:00,0.43487,-0.2586,0.43912,-0.25448,0.0336,0.0,True,Stable
Leicester,2022-02-20 16:30:00,0.39167,-0.2404,0.43487,-0.2586,0.3402,0.0,True,Stable
Leicester,2022-03-01 19:45:00,0.35366,-0.2248,0.39167,-0.2404,0.2989,0.0,True,Stable
Leicester,2022-03-05 12:30:00,0.37322,-0.21995,0.35366,-0.2248,0.1539,0.0,True,Stable
Leicester,2022-03-13 16:30:00,0.36512,-0.22082,0.37322,-0.21995,0.0636,0.0,True,Stable
Leicester,2022-03-20 14:00:00,0.36734,-0.19003,0.36512,-0.22082,0.0174,0.0,True,Stable
Leicester,2022-04-02 16:30:00,0.3762,-0.19415,0.36734,-0.19003,0.0697,0.0,True,Stable
Leicester,2022-04-10 13:00:00,0.36106,-0.22038,0.3762,-0.19415,0.1189,0.0,True,Stable
Leicester,2022-04-17 13:15:00,0.36295,-0.2134,0.36106,-0.22038,0.0149,0.0,True,Stable
Leicester,2022-04-20 18:45:00,0.36132,-0.2166,0.36295,-0.2134,0.0128,0.0,True,Stable
Leicester,2022-04-23 14:00:00,0.38174,-0.20433,0.36132,-0.2166,0.1603,0.0,True,Stable
Leicester,2022-05-01 13:00:00,0.33685,-0.25228,0.38174,-0.20433,0.3523,0.0,True,Stable
Leicester,2022-05-08 13:00:00,0.37675,-0.23337,0.33685,-0.25228,0.3134,0.0,True,Stable
Leicester,2022-05-11 18:45:00,0.37858,-0.23295,0.37675,-0.23337,0.0144,0.0,True,Stable
Leicester,2022-05-15 13:00:00,0.41297,-0.27732,0.37858,-0.23295,0.27,0.0,True,Stable
Leicester,2022-05-19 19:00:00,0.36223,-0.33116,0.41297,-0.27732,0.3976,0.0,True,Stable
Leicester,2022-05-22 15:00:00,0.28409,-0.33349,0.36223,-0.33116,0.6122,0.0,True,Stable
Leicester,2022-08-07 13:00:00,0.17164,-0.42993,0.28409,-0.33349,0.8829,0.0,True,Stable
Leicester,2022-08-13 14:00:00,0.09234,-0.63672,0.17164,-0.42993,0.6235,0.0,True,Stable
Leicester,2022-08-20 14:00:00,0.16561,-0.49187,0.09234,-0.63672,0.5757,0.0,True,Stable
Leicester,2022-08-27 14:00:00,0.21295,-0.44193,0.16561,-0.49187,0.3724,0.0,True,Stable
Leicester,2022-09-01 19:00:00,0.23542,-0.43241,0.21295,-0.44193,0.1772,0.0,True,Stable
Leicester,2022-09-04 13:00:00,0.23401,-0.41343,0.23542,-0.43241,0.0112,0.0,True,Stable
Leicester,2022-09-17 16:30:00,0.22927,-0.3871,0.23401,-0.41343,0.0375,0.0,True,Stable
Leicester,2022-10-03 19:00:00,0.23468,-0.39093,0.22927,-0.3871,0.0429,0.0,True,Stable
Leicester,2022-10-08 14:00:00,0.22144,-0.45893,0.23468,-0.39093,0.1053,0.0,True,Stable
Leicester,2022-10-15 11:30:00,0.22242,-0.45229,0.22144,-0.45893,0.0078,0.0,True,Stable
Leicester,2022-10-20 19:15:00,0.23114,-0.50895,0.22242,-0.45229,0.0697,0.0,True,Stable
Leicester,2022-10-23 13:00:00,0.19661,-0.59762,0.23114,-0.50895,0.2764,0.0,True,Stable
Leicester,2022-10-29 11:30:00,0.3021,-0.51291,0.19661,-0.59762,0.8458,0.0,True,Stable
Leicester,2022-11-05 17:30:00,0.27326,-0.48302,0.3021,-0.51291,0.2316,0.0,True,Stable
Leicester,2022-11-12 15:00:00,0.26876,-0.47625,0.27326,-0.48302,0.0362,0.0,True,Stable
Leicester,2022-12-26 15:00:00,0.30564,-0.42018,0.26876,-0.47625,0.2973,0.0,True,Stable
Leicester,2022-12-30 20:00:00,0.28216,-0.36982,0.30564,-0.42018,0.1895,0.0,True,Stable
Leicester,2023-01-03 19:45:00,0.24361,-0.32816,0.28216,-0.36982,0.3118,0.0,True,Stable
Leicester,2023-01-14 15:00:00,0.20555,-0.29138,0.24361,-0.32816,0.3084,0.0,True,Stable
Leicester,2023-01-21 15:00:00,0.18968,-0.34448,0.20555,-0.29138,0.1288,0.0,True,Stable
Leicester,2023-02-04 15:00:00,0.22471,-0.39094,0.18968,-0.34448,0.2849,0.0,True,Stable
Leicester,2023-02-11 15:00:00,0.27374,-0.46764,0.22471,-0.39094,0.3996,0.0,True,Stable
Leicester,2023-02-19 14:00:00,0.29037,-0.48109,0.27374,-0.46764,0.1358,0.0,True,Stable
Leicester,2023-02-25 15:00:00,0.27501,-0.49111,0.29037,-0.48109,0.1256,0.0,True,Stable
Leicester,2023-03-04 17:30:00,0.30259,-0.45412,0.27501,-0.49111,0.2259,0.0,True,Stable
Leicester,2023-03-11 15:00:00,0.27558,-0.39172,0.30259,-0.45412,0.2216,0.0,True,Stable
Leicester,2023-03-18 15:00:00,0.1593,-0.21807,0.27558,-0.39172,0.9558,0.0,True,Stable
Leicester,2023-04-01 14:00:00,0.20403,-0.2673,0.1593,-0.21807,0.3681,0.0,True,Stable
Leicester,2023-04-04 18:45:00,0.19495,-0.25344,0.20403,-0.2673,0.0749,0.0,True,Stable
Leicester,2023-04-08 14:00:00,0.20047,-0.24009,0.19495,-0.25344,0.0456,0.0,True,Stable
Leicester,2023-04-15 16:30:00,0.19737,-0.2598,0.20047,-0.24009,0.0256,0.0,True,Stable
Leicester,2023-04-22 14:00:00,0.18952,-0.21102,0.19737,-0.2598,0.0651,0.0,True,Stable
Leicester,2023-04-25 19:00:00,0.15867,-0.1622,0.18952,-0.21102,0.2561,0.0,True,Stable
Leicester,2023-05-01 19:00:00,0.12039,-0.0236,0.15867,-0.1622,0.3181,0.0,True,Stable
Leicester,2023-05-08 14:00:00,0.12034,0.08704,0.12039,-0.0236,0.0003,0.0,True,Stable
Leicester,2023-05-15 19:00:00,0.1311,0.13425,0.12034,0.08704,0.0894,0.0,True,Stable
Leicester,2023-05-22 19:00:00,0.1395,0.12698,0.1311,0.13425,0.0698,0.0,True,Stable
Leicester,2023-05-28 15:30:00,0.17827,0.13733,0.1395,0.12698,0.3226,0.0,True,Stable
Leicester,2024-08-19 19:00:00,0.2294,0.11548,0.17827,0.13733,0.4259,0.0,True,Stable
Leicester,2024-08-24 14:00:00,0.21821,0.11024,0.2294,0.11548,0.0934,0.0,True,Stable
Leicester,2024-08-31 14:00:00,0.20183,0.07326,0.21821,0.11024,0.137,0.0,True,Stable
Leicester,2024-09-14 14:00:00,0.19315,0.04303,0.20183,0.07326,0.0727,0.0,True,Stable
Leicester,2024-09-21 14:00:00,0.19156,0.04141,0.19315,0.04303,0.0133,0.0,True,Stable
Leicester,2024-09-28 14:00:00,0.18363,-0.035,0.19156,0.04141,0.0666,0.0,True,Stable
Leicester,2024-10-05 14:00:00,0.18639,0.02256,0.18363,-0.035,0.0232,0.0,True,Stable
Leicester,2024-10-19 14:00:00,0.19836,0.04981,0.18639,0.02256,0.1009,0.0,True,Stable
Leicester,2024-10-25 19:00:00,0.20091,0.05147,0.19836,0.04981,0.0215,0.0,True,Stable
Leicester,2024-11-02 15:00:00,0.22218,0.09314,0.20091,0.05147,0.1799,0.0,True,Stable
Leicester,2024-11-10 14:00:00,0.2978,0.18954,0.22218,0.09314,0.6406,0.0,True,Stable
Leicester,2024-11-23 12:30:00,0.22646,0.18003,0.2978,0.18954,0.6052,0.0,True,Stable
Leicester,2024-11-30 15:00:00,0.23759,0.19633,0.22646,0.18003,0.0946,0.0,True,Stable
Leicester,2024-12-03 20:15:00,0.28272,0.23219,0.23759,0.19633,0.3842,0.0,True,Stable
Leicester,2024-12-08 14:00:00,0.27684,0.1826,0.28272,0.23219,0.0502,0.0,True,Stable
Leicester,2024-12-14 15:00:00,0.21882,0.11442,0.27684,0.1826,0.4955,0.0,True,Stable
Leicester,2024-12-22 14:00:00,0.2255,0.10919,0.21882,0.11442,0.0572,0.0,True,Stable
Leicester,2024-12-26 20:00:00,0.2264,0.06908,0.2255,0.10919,0.0076,0.0,True,Stable
Leicester,2024-12-29 14:30:00,0.2462,0.11704,0.2264,0.06908,0.17,0.0,True,Stable
Leicester,2025-01-04 15:00:00,0.22724,0.17329,0.2462,0.11704,0.1631,0.0,True,Stable
Leicester,2025-01-15 19:30:00,0.22171,0.30317,0.22724,0.17329,0.0477,0.0,True,Stable
Leicester,2025-01-18 15:00:00,0.23662,0.32591,0.22171,0.30317,0.1287,0.0,True,Stable
Leicester,2025-01-26 14:00:00,0.27323,0.36237,0.23662,0.32591,0.3165,0.0,True,Stable
Leicester,2025-02-01 15:00:00,0.24973,0.32362,0.27323,0.36237,0.2035,0.0,True,Stable
Leicester,2025-02-15 12:30:00,0.19453,0.28854,0.24973,0.32362,0.4788,0.0,True,Stable
Leicester,2025-02-21 20:00:00,0.22539,0.17282,0.19453,0.28854,0.2681,0.0,True,Stable
Leicester,2025-02-27 20:00:00,0.17589,0.19248,0.22539,0.17282,0.4307,0.0,True,Stable
Leicester,2025-03-09 14:00:00,0.17539,0.21922,0.17589,0.19248,0.0043,0.0,True,Stable
Leicester,2025-03-16 19:00:00,0.16088,0.28031,0.17539,0.21922,0.1266,0.0,True,Stable
Leicester,2025-04-02 19:45:00,0.15929,0.29888,0.16088,0.28031,0.0139,0.0,True,Stable
Leicester,2025-04-07 19:00:00,0.16151,0.2842,0.15929,0.29888,0.0194,0.0,True,Stable
Leicester,2025-04-12 14:00:00,0.16185,0.21004,0.16151,0.2842,0.003,0.0,True,Stable
Leicester,2025-04-20 15:30:00,0.19584,0.16401,0.16185,0.21004,0.2976,0.0,True,Stable
Leicester,2025-04-26 14:00:00,0.19196,0.16464,0.19584,0.16401,0.034,0.0,True,Stable
Leicester,2025-05-03 14:00:00,0.19929,0.15206,0.19196,0.16464,0.0643,0.0,True,Stable
Leicester,2025-05-11 13:15:00,0.19907,0.12337,0.19929,0.15206,0.0019,0.0,True,Stable
Leicester,2025-05-18 14:00:00,0.1686,0.08919,0.19907,0.12337,0.2684,0.0,True,Stable
Leicester,2025-05-25 15:00:00,0.14795,0.10781,0.1686,0.08919,0.1821,0.0,True,Stable
Southampton,2017-08-19 15:00:00,0.1749,0.39874,0.13936,0.5179,1.3023,0.6154,False,Unstable
Southampton,2017-08-26 15:00:00,0.15285,0.47433,0.1749,0.39874,0.8039,0.3799,True,Stable
Southampton,2017-09-09 15:00:00,0.14256,0.35675,0.15285,0.47433,0.3793,0.568,True,Stable
Southampton,2017-09-16 12:30:00,0.15233,0.31469,0.14256,0.35675,0.3647,0.201,True,Stable
Southampton,2017-09-23 15:00:00,0.15876,0.25548,0.15233,0.31469,0.2424,0.282,True,Stable
Southampton,2017-09-30 15:00:00,0.16297,0.24128,0.15876,0.25548,0.16,0.0679,True,Stable
Southampton,2017-10-15 16:00:00,0.16473,0.21966,0.16297,0.24128,0.0672,0.1039,True,Stable
Southampton,2017-10-21 17:30:00,0.16152,0.26247,0.16473,0.21966,0.123,0.2071,True,Stable
Southampton,2017-10-29 13:30:00,0.16685,0.20533,0.16152,0.26247,0.2059,0.2774,True,Stable
Southampton,2017-11-04 15:00:00,0.16277,0.22444,0.16685,0.20533,0.1581,0.0935,True,Stable
Southampton,2017-11-18 15:00:00,0.16613,0.20437,0.16277,0.22444,0.1309,0.0988,True,Stable
Southampton,2017-11-26 13:30:00,0.18023,0.10418,0.16613,0.20437,0.5523,0.4972,True,Stable
Southampton,2017-11-29 20:00:00,0.19023,0.06854,0.18023,0.10418,0.3892,0.1787,True,Stable
Southampton,2017-12-03 13:30:00,0.19894,0.07129,0.19023,0.06854,0.3329,0.014,True,Stable
Southampton,2017-12-10 12:00:00,0.18484,0.06736,0.19894,0.07129,0.5253,0.0201,True,Stable
Southampton,2017-12-13 19:45:00,0.16215,0.10711,0.18484,0.06736,0.8397,0.205,True,Stable
Southampton,2017-12-16 15:00:00,0.18475,0.23385,0.16215,0.10711,0.8423,0.6598,True,Stable
Southampton,2017-12-23 15:00:00,0.18521,0.24031,0.18475,0.23385,0.017,0.0338,True,Stable
Southampton,2017-12-26 12:30:00,0.19126,0.20009,0.18521,0.24031,0.223,0.2113,True,Stable
Southampton,2017-12-30 17:30:00,0.18899,0.19929,0.19126,0.20009,0.0829,0.0043,True,Stable
Southampton,2018-01-02 19:45:00,0.18763,0.16572,0.18899,0.19929,0.049,0.1787,True,Stable
Southampton,2018-01-13 15:00:00,0.18084,0.08313,0.18763,0.16572,0.2446,0.4431,True,Stable
Southampton,2018-01-21 16:00:00,0.16133,0.15433,0.18084,0.08313,0.7035,0.3852,True,Stable
Southampton,2018-01-31 19:45:00,0.23153,0.29439,0.16133,0.15433,2.5497,0.7636,False,Unstable
Southampton,2018-02-03 15:00:00,0.24712,0.23542,0.23153,0.29439,0.5374,0.3215,True,Stable
Southampton,2018-02-11 16:30:00,0.27164,0.24892,0.24712,0.23542,0.7905,0.0739,True,Stable
Southampton,2018-02-24 15:00:00,0.31136,0.26569,0.27164,0.24892,1.1706,0.0922,False,Unstable
Southampton,2018-03-03 15:00:00,0.27996,0.25547,0.31136,0.26569,0.8135,0.0563,True,Stable
Southampton,2018-03-10 15:00:00,0.21734,0.18547,0.27996,0.25547,1.528,0.3871,False,Unstable
Southampton,2018-03-31 15:00:00,0.237,0.25553,0.21734,0.18547,0.477,0.39,True,Stable
Southampton,2018-04-08 13:15:00,0.24187,0.23817,0.237,0.25553,0.1162,0.0969,True,Stable
Southampton,2018-04-14 11:30:00,0.24284,0.23463,0.24187,0.23817,0.0227,0.0198,True,Stable
Southampton,2018-04-19 18:45:00,0.24479,0.19347,0.24284,0.23463,0.0451,0.2319,True,Stable
Southampton,2018-04-28 14:00:00,0.235,0.19178,0.24479,0.19347,0.2227,0.0096,True,Stable
Southampton,2018-05-05 17:30:00,0.2379,0.10498,0.235,0.19178,0.0652,0.4951,True,Stable
Southampton,2018-05-08 19:45:00,0.26027,0.0948,0.2379,0.10498,0.4996,0.0585,True,Stable
Southampton,2018-05-13 15:00:00,0.36032,0.08146,0.26027,0.0948,2.1893,0.0771,False,Unstable
Southampton,2018-08-12 15:30:00,0.32991,0.09521,0.36032,0.08146,0.6042,0.08,True,Stable
Southampton,2018-08-18 17:00:00,0.42297,0.08708,0.32991,0.09521,1.7526,0.0476,False,Unstable
Southampton,2018-08-25 17:00:00,0.42838,0.0919,0.42297,0.08708,0.0905,0.0284,True,Stable
Southampton,2018-09-01 14:00:00,0.37692,0.11368,0.42838,0.0919,0.7835,0.1291,True,Stable
Southampton,2018-09-17 19:00:00,0.32647,0.13798,0.37692,0.11368,0.7329,0.1449,True,Stable
Southampton,2018-09-22 14:00:00,0.3473,0.10779,0.32647,0.13798,0.2966,0.1812,True,Stable
Southampton,2018-09-29 14:00:00,0.32178,0.12377,0.3473,0.10779,0.3543,0.0965,True,Stable
Southampton,2018-10-07 13:15:00,0.28409,0.15477,0.32178,0.12377,0.5159,0.1883,True,Stable
Southampton,2018-10-20 14:00:00,0.26884,0.16651,0.28409,0.15477,0.208,0.0718,True,Stable
Southampton,2018-10-27 14:00:00,0.21503,0.21295,0.26884,0.16651,0.7331,0.2854,True,Stable
Southampton,2018-11-04 15:00:00,0.17148,0.25807,0.21503,0.21295,0.5966,0.2785,True,Stable
Southampton,2018-11-10 15:00:00,0.1556,0.33254,0.17148,0.25807,0.2187,0.4606,True,Stable
Southampton,2018-11-24 15:00:00,0.2051,0.27585,0.1556,0.33254,0.6847,0.3496,True,Stable
Southampton,2018-12-01 17:30:00,0.22742,0.21961,0.2051,0.27585,0.3104,0.3472,True,Stable
Southampton,2018-12-05 20:00:00,0.23258,0.22717,0.22742,0.21961,0.0721,0.0469,True,Stable
Southampton,2018-12-08 15:00:00,0.24037,0.23367,0.23258,0.22717,0.1092,0.0404,True,Stable
Southampton,2018-12-16 13:30:00,0.16856,0.08519,0.24037,0.23367,1.0098,0.927,False,Unstable
Southampton,2018-12-22 15:00:00,0.15686,0.0518,0.16856,0.08519,0.1653,0.2095,True,Stable
Southampton,2018-12-27 19:45:00,0.18224,0.14914,0.15686,0.0518,0.3601,0.6131,True,Stable
Southampton,2018-12-30 14:15:00,0.15846,0.05859,0.18224,0.14914,0.3392,0.5733,True,Stable
Southampton,2019-01-02 19:45:00,0.14244,0.04373,0.15846,0.05859,0.2294,0.0945,True,Stable
Southampton,2019-01-12 15:00:00,0.16746,0.14729,0.14244,0.04373,0.3593,0.6608,True,Stable
Southampton,2019-01-19 15:00:00,0.16991,0.14982,0.16746,0.14729,0.0353,0.0162,True,Stable
Southampton,2019-01-30 19:45:00,0.13847,0.08451,0.16991,0.14982,0.4556,0.421,True,Stable
Southampton,2019-02-02 15:00:00,0.16563,0.20697,0.13847,0.08451,0.3944,0.793,True,Stable
Southampton,2019-02-09 15:00:00,0.14616,0.19254,0.16563,0.20697,0.2841,0.0938,True,Stable
Southampton,2019-02-24 14:05:00,0.1486,0.21362,0.14616,0.19254,0.0358,0.1376,True,Stable
Southampton,2019-02-27 19:45:00,0.14086,0.19505,0.1486,0.21362,0.1136,0.1217,True,Stable
Southampton,2019-03-02 15:00:00,0.13713,0.11702,0.14086,0.19505,0.0549,0.5134,True,Stable
Southampton,2019-03-09 15:00:00,0.12367,0.00557,0.13713,0.11702,0.1984,0.7367,True,Stable
Southampton,2019-03-30 15:00:00,0.10725,-0.04299,0.12367,0.00557,0.2422,0.3214,True,Stable
Southampton,2019-04-05 20:00:00,0.08857,-0.13225,0.10725,-0.04299,0.2752,0.5898,True,Stable
Southampton,2019-04-13 15:00:00,0.11882,0.00381,0.08857,-0.13225,0.4434,0.8906,True,Stable
Southampton,2019-04-20 17:30:00,0.13135,0.10983,0.11882,0.00381,0.1835,0.695,True,Stable
Southampton,2019-04-23 19:45:00,0.13041,0.19436,0.13135,0.10983,0.0137,0.5566,True,Stable
Southampton,2019-04-27 15:00:00,0.12962,0.18767,0.13041,0.19436,0.0116,0.0442,True,Stable
Southampton,2019-05-04 14:00:00,0.11802,0.18159,0.12962,0.18767,0.1709,0.0403,True,Stable
Southampton,2019-05-12 14:00:00,0.12726,0.12853,0.11802,0.18159,0.1361,0.3535,True,Stable
Southampton,2019-08-10 15:00:00,0.12753,0.11876,0.12726,0.12853,0.0039,0.0654,True,Stable
Southampton,2019-08-17 15:00:00,0.12645,0.12334,0.12753,0.11876,0.0159,0.0308,True,Stable
Southampton,2019-08-24 15:00:00,0.12987,0.10987,0.12645,0.12334,0.0506,0.0909,True,Stable
Southampton,2019-08-31 12:30:00,0.13544,0.09333,0.12987,0.10987,0.0826,0.1122,True,Stable
Southampton,2019-09-14 14:00:00,0.12124,0.15044,0.13544,0.09333,0.211,0.3887,True,Stable
Southampton,2019-09-20 19:00:00,0.11741,0.16435,0.12124,0.15044,0.057,0.0951,True,Stable
Southampton,2019-09-28 14:00:00,0.14494,0.04434,0.11741,0.16435,0.4097,0.8235,True,Stable
Southampton,2019-10-06 14:00:00,0.14013,0.06125,0.14494,0.04434,0.0717,0.1163,True,Stable
Southampton,2019-10-19 15:00:00,0.15923,0.04592,0.14013,0.06125,0.2859,0.1058,True,Stable
Southampton,2019-10-25 20:00:00,0.18867,0.02611,0.15923,0.04592,0.4424,0.1371,True,Stable
Southampton,2019-11-02 15:00:00,0.21777,9e-05,0.18867,0.02611,0.4389,0.1805,True,Stable
Southampton,2019-11-09 15:00:00,0.17994,0.01274,0.21777,9e-05,0.5722,0.0878,True,Stable
Southampton,2019-11-23 15:00:00,0.143,0.08324,0.17994,0.01274,0.5609,0.4902,True,Stable
Southampton,2019-11-30 17:30:00,0.14478,0.08437,0.143,0.08324,0.027,0.0079,True,Stable
Southampton,2019-12-04 19:30:00,0.14688,0.08134,0.14478,0.08437,0.0321,0.0212,True,Stable
Southampton,2019-12-08 14:00:00,0.15904,0.19222,0.14688,0.08134,0.1864,0.7794,True,Stable
Southampton,2019-12-14 17:30:00,0.1647,0.24688,0.15904,0.19222,0.0869,0.3854,True,Stable
Southampton,2019-12-21 15:00:00,0.14491,0.18598,0.1647,0.24688,0.3053,0.4298,True,Stable
Southampton,2019-12-26 15:00:00,0.17633,0.20431,0.14491,0.18598,0.4861,0.1298,True,Stable
Southampton,2019-12-28 15:00:00,0.20885,0.22944,0.17633,0.20431,0.5052,0.1784,True,Stable
Southampton,2020-01-01 15:00:00,0.1851,0.2076,0.20885,0.22944,0.37,0.1553,True,Stable
Southampton,2020-01-11 15:00:00,0.21199,0.21458,0.1851,0.2076,0.4205,0.0497,True,Stable
Southampton,2020-01-18 15:00:00,0.22041,0.19846,0.21199,0.21458,0.1319,0.1152,True,Stable
Southampton,2020-01-21 19:30:00,0.21343,0.19279,0.22041,0.19846,0.1097,0.0406,True,Stable
Southampton,2020-02-01 15:00:00,0.20635,0.18727,0.21343,0.19279,0.1115,0.0397,True,Stable
Southampton,2020-02-15 12:30:00,0.15526,0.11502,0.20635,0.18727,0.8071,0.5208,True,Stable
Southampton,2020-02-22 15:00:00,0.16715,0.12828,0.15526,0.11502,0.1883,0.0959,True,Stable
Southampton,2020-02-29 15:00:00,0.19451,0.21391,0.16715,0.12828,0.4352,0.6217,True,Stable
Southampton,2020-03-07 15:00:00,0.20639,0.2469,0.19451,0.21391,0.1895,0.24,True,Stable
Southampton,2020-06-19 17:00:00,0.27196,0.22207,0.20639,0.2469,1.0492,0.1809,False,Unstable
Southampton,2020-06-25 17:00:00,0.38548,0.25423,0.27196,0.22207,1.8089,0.2347,False,Unstable
Southampton,2020-06-28 15:30:00,0.32387,0.19726,0.38548,0.25423,0.9505,0.4161,True,Stable
Southampton,2020-07-05 18:00:00,0.19582,0.12425,0.32387,0.19726,1.9502,0.5347,False,Unstable
Southampton,2020-07-09 17:00:00,0.21884,0.1146,0.19582,0.12425,0.3517,0.0709,True,Stable
Southampton,2020-07-13 19:00:00,0.24382,0.13261,0.21884,0.1146,0.3827,0.1328,True,Stable
Southampton,2020-07-16 19:15:00,0.26682,0.12322,0.24382,0.13261,0.3525,0.0695,True,Stable
Southampton,2020-07-19 13:00:00,0.26674,0.17664,0.26682,0.12322,0.0013,0.3965,True,Stable
Southampton,2020-07-26 15:00:00,0.29979,0.14158,0.26674,0.17664,0.5044,0.261,True,Stable
Southampton,2020-09-12 14:00:00,0.31269,0.13582,0.29979,0.14158,0.1956,0.0431,True,Stable
Southampton,2020-09-20 11:00:00,0.3331,0.13369,0.31269,0.13582,0.3066,0.0159,True,Stable
Southampton,2020-09-26 19:00:00,0.36095,0.11277,0.3331,0.13369,0.4131,0.1573,True,Stable
Southampton,2020-10-04 11:00:00,0.37739,0.0706,0.36095,0.11277,0.2396,0.3182,True,Stable
Southampton,2020-10-17 14:00:00,0.38979,0.04647,0.37739,0.0706,0.177,0.1825,True,Stable
Southampton,2020-10-25 14:00:00,0.24211,-0.04925,0.38979,0.04647,2.0613,0.7252,False,Unstable
Southampton,2020-11-01 12:00:00,0.0,-49970.26929,0.24211,-0.04925,3.3846,377535.84,False,Unstable
Southampton,2020-11-06 20:00:00,0.0,-56827.2765,0.0,-49970.26929,0.0,1.7303,False,Unstable
Southampton,2020-11-23 20:00:00,0.05088,-1.04735,0.0,-56827.2765,0.6858,9.5289,False,Unstable
Southampton,2020-11-29 14:00:00,0.0378,-1.23743,0.05088,-1.04735,0.175,0.0,True,Stable
Southampton,2020-12-07 20:00:00,0.0517,-0.86787,0.0378,-1.23743,0.1843,0.0001,True,Stable
Southampton,2020-12-13 12:00:00,0.1009,-0.44749,0.0517,-0.86787,0.6477,0.0001,True,Stable
Southampton,2020-12-16 18:00:00,0.11121,-0.37071,0.1009,-0.44749,0.1357,0.0,True,Stable
Southampton,2020-12-19 15:00:00,0.11259,-0.33789,0.11121,-0.37071,0.0182,0.0,True,Stable
Southampton,2020-12-26 15:00:00,0.12586,-0.31028,0.11259,-0.33789,0.1747,0.0,True,Stable
Southampton,2020-12-29 18:00:00,0.13607,-0.30312,0.12586,-0.31028,0.1345,0.0,True,Stable
Southampton,2021-01-04 20:00:00,0.12415,-0.26188,0.13607,-0.30312,0.1574,0.0,True,Stable
Southampton,2021-01-16 20:00:00,0.11147,-0.20099,0.12415,-0.26188,0.1676,0.0,True,Stable
Southampton,2021-01-26 20:15:00,0.11923,-0.25029,0.11147,-0.20099,0.1026,0.0,True,Stable
Southampton,2021-01-30 20:00:00,0.09936,-0.11006,0.11923,-0.25029,0.2629,0.0,True,Stable
Southampton,2021-02-02 20:15:00,0.09506,-0.0774,0.09936,-0.11006,0.0569,0.0,True,Stable
Southampton,2021-02-06 15:00:00,0.08878,-0.00324,0.09506,-0.0774,0.0829,0.0,True,Stable
Southampton,2021-02-14 12:00:00,0.09278,-0.03494,0.08878,-0.00324,0.0527,0.0,True,Stable
Southampton,2021-02-20 12:30:00,0.09611,-0.06917,0.09278,-0.03494,0.0439,0.0,True,Stable
Southampton,2021-02-23 20:00:00,0.09968,-0.05838,0.09611,-0.06917,0.047,0.0,True,Stable
Southampton,2021-03-01 20:00:00,0.09743,-0.07191,0.09968,-0.05838,0.0296,0.0,True,Stable
Southampton,2021-03-06 15:00:00,0.09173,-0.06676,0.09743,-0.07191,0.075,0.0,True,Stable
Southampton,2021-03-10 18:00:00,0.09729,-0.14933,0.09173,-0.06676,0.0731,0.0,True,Stable
Southampton,2021-03-14 12:00:00,0.07835,0.02098,0.09729,-0.14933,0.249,0.0,True,Stable
Southampton,2021-04-04 11:00:00,0.09773,-0.17965,0.07835,0.02098,0.2543,0.0,True,Stable
Southampton,2021-04-12 17:00:00,0.08248,0.0491,0.09773,-0.17965,0.2,0.0,True,Stable
Southampton,2021-04-21 19:00:00,0.08538,0.05306,0.08248,0.0491,0.038,0.0,True,Stable
Southampton,2021-04-30 19:00:00,0.0802,0.03647,0.08538,0.05306,0.0678,0.0,True,Stable
Southampton,2021-05-08 19:15:00,0.07265,0.08232,0.0802,0.03647,0.0985,0.0,True,Stable
Southampton,2021-05-11 21:00:00,0.07869,-0.01932,0.07265,0.08232,0.0787,0.0,True,Stable
Southampton,2021-05-15 14:00:00,0.09523,-0.2704,0.07869,-0.01932,0.2152,0.0,True,Stable
Southampton,2021-05-18 17:00:00,0.09089,-0.15736,0.09523,-0.2704,0.0564,0.0,True,Stable
Southampton,2021-05-23 15:00:00,0.08745,-0.07233,0.09089,-0.15736,0.0448,0.0,True,Stable
Southampton,2021-08-14 14:00:00,0.10195,-0.19218,0.08745,-0.07233,0.1885,0.0,True,Stable
Southampton,2021-08-22 13:00:00,0.08901,-0.04684,0.10195,-0.19218,0.1682,0.0,True,Stable
Southampton,2021-08-28 14:00:00,0.07414,0.2326,0.08901,-0.04684,0.1933,0.0001,True,Stable
Southampton,2021-09-11 14:00:00,0.08038,0.20371,0.07414,0.2326,0.081,0.0,True,Stable
Southampton,2021-09-18 14:00:00,0.09614,0.27888,0.08038,0.20371,0.2042,0.0,True,Stable
Southampton,2021-09-26 13:00:00,0.13343,0.41923,0.09614,0.27888,0.4834,0.0,True,Stable
Southampton,2021-10-02 14:00:00,0.17389,0.43416,0.13343,0.41923,0.5254,0.0,True,Stable
Southampton,2021-10-16 14:00:00,0.19869,0.3998,0.17389,0.43416,0.3229,0.0,True,Stable
Southampton,2021-10-23 14:00:00,0.2859,0.34147,0.19869,0.3998,1.138,0.0,False,Unstable
Southampton,2021-10-30 14:00:00,0.38639,0.343,0.2859,0.34147,1.3072,0.0,False,Unstable
Southampton,2021-11-05 20:00:00,0.42599,0.32758,0.38639,0.343,0.5066,0.0,True,Stable
Southampton,2021-11-20 15:00:00,0.51306,0.32484,0.42599,0.32758,1.0884,0.0,False,Unstable
Southampton,2021-11-27 15:00:00,0.67214,0.33227,0.51306,0.32484,1.9102,0.0,False,Unstable
Southampton,2021-12-01 19:30:00,0.71936,0.33747,0.67214,0.33227,0.5241,0.0,True,Stable
Southampton,2021-12-04 15:00:00,0.70454,0.33044,0.71936,0.33747,0.1519,0.0,True,Stable
Southampton,2021-12-11 15:00:00,0.72314,0.33696,0.70454,0.33044,0.1789,0.0,True,Stable
Southampton,2021-12-15 19:30:00,0.74121,0.32319,0.72314,0.33696,0.1639,0.0,True,Stable
Southampton,2021-12-26 15:00:00,0.55297,0.29042,0.74121,0.32319,1.6145,0.0,False,Unstable
Southampton,2021-12-28 15:00:00,0.27923,0.18779,0.55297,0.29042,2.2999,0.0,False,Unstable
Southampton,2022-01-11 21:45:00,0.03029,-1.2,0.27923,0.18779,2.0938,0.0003,False,Unstable
Southampton,2022-01-15 15:00:00,0.0,-47271.71746,0.03029,-1.2,0.2542,9.0741,False,Unstable
Southampton,2022-01-22 17:30:00,0.06763,-0.3712,0.0,-47271.71746,0.5657,7.7327,False,Unstable
Southampton,2022-02-09 19:45:00,0.07157,-0.30959,0.06763,-0.3712,0.0329,0.0,True,Stable
Southampton,2022-02-12 12:30:00,0.07231,-0.25412,0.07157,-0.30959,0.0061,0.0,True,Stable
Southampton,2022-02-19 15:00:00,0.13374,0.01465,0.07231,-0.25412,0.5139,0.0,True,Stable
Southampton,2022-02-25 20:00:00,0.14292,0.01879,0.13374,0.01465,0.0769,0.0,True,Stable
Southampton,2022-03-05 15:00:00,0.14381,0.07388,0.14292,0.01879,0.0075,0.0,True,Stable
Southampton,2022-03-10 19:30:00,0.13556,0.13849,0.14381,0.07388,0.0694,0.0,True,Stable
Southampton,2022-03-13 14:00:00,0.10694,0.30358,0.13556,0.13849,0.2413,0.0,True,Stable
Southampton,2022-04-02 14:00:00,0.09628,0.31949,0.10694,0.30358,0.09,0.0,True,Stable
Southampton,2022-04-09 14:00:00,0.09977,0.31991,0.09628,0.31949,0.0295,0.0,True,Stable
Southampton,2022-04-16 14:00:00,0.11303,0.23385,0.09977,0.31991,0.1122,0.0,True,Stable
Southampton,2022-04-21 18:45:00,0.10876,0.2114,0.11303,0.23385,0.0362,0.0,True,Stable
Southampton,2022-04-24 13:00:00,0.11534,0.18861,0.10876,0.2114,0.0558,0.0,True,Stable
Southampton,2022-04-30 14:00:00,0.11652,0.23055,0.11534,0.18861,0.01,0.0,True,Stable
Southampton,2022-05-07 14:00:00,0.1103,0.19897,0.11652,0.23055,0.0529,0.0,True,Stable
Southampton,2022-05-17 18:45:00,0.10802,0.08024,0.1103,0.19897,0.0195,0.0,True,Stable
Southampton,2022-05-22 15:00:00,0.09867,0.08429,0.10802,0.08024,0.0798,0.0,True,Stable
Southampton,2022-08-06 14:00:00,0.09857,0.04571,0.09867,0.08429,0.0008,0.0,True,Stable
Southampton,2022-08-13 14:00:00,0.09989,-0.10033,0.09857,0.04571,0.0113,0.0,True,Stable
Southampton,2022-08-20 14:00:00,0.08641,-0.23411,0.09989,-0.10033,0.1153,0.0,True,Stable
Southampton,2022-08-27 11:30:00,0.10683,-0.0331,0.08641,-0.23411,0.1748,0.0,True,Stable
Southampton,2022-08-30 18:45:00,0.11247,-0.13843,0.10683,-0.0331,0.0484,0.0,True,Stable
Southampton,2022-09-03 14:00:00,0.13681,-0.08761,0.11247,-0.13843,0.209,0.0,True,Stable
Southampton,2022-09-16 19:00:00,0.13421,-0.04679,0.13681,-0.08761,0.0224,0.0,True,Stable
Southampton,2022-10-01 14:00:00,0.11267,0.07867,0.13421,-0.04679,0.1856,0.0,True,Stable
Southampton,2022-10-08 14:00:00,0.12931,0.00329,0.11267,0.07867,0.1436,0.0,True,Stable
Southampton,2022-10-16 13:00:00,0.12001,0.04981,0.12931,0.00329,0.0804,0.0,True,Stable
Southampton,2022-10-19 18:30:00,0.12439,0.02489,0.12001,0.04981,0.0379,0.0,True,Stable
Southampton,2022-10-23 13:00:00,0.12726,-0.00885,0.12439,0.02489,0.0249,0.0,True,Stable
Southampton,2022-10-29 14:00:00,0.12987,-0.01675,0.12726,-0.00885,0.0226,0.0,True,Stable
Southampton,2022-11-06 14:00:00,0.12547,0.02777,0.12987,-0.01675,0.0383,0.0,True,Stable
Southampton,2022-11-12 15:00:00,0.12331,0.04292,0.12547,0.02777,0.0188,0.0,True,Stable
Southampton,2022-12-26 15:00:00,0.10775,0.1527,0.12331,0.04292,0.1358,0.0,True,Stable
Southampton,2022-12-31 15:00:00,0.10322,0.31917,0.10775,0.1527,0.0396,0.0,True,Stable
Southampton,2023-01-04 19:30:00,0.1188,0.30354,0.10322,0.31917,0.1363,0.0,True,Stable
Southampton,2023-01-14 15:00:00,0.17368,0.29936,0.1188,0.30354,0.4809,0.0,True,Stable
Southampton,2023-01-21 15:00:00,0.22793,0.30908,0.17368,0.29936,0.4763,0.0,True,Stable
Southampton,2023-02-04 15:00:00,0.23673,0.30362,0.22793,0.30908,0.0773,0.0,True,Stable
Southampton,2023-02-11 15:00:00,0.28182,0.31837,0.23673,0.30362,0.3971,0.0,True,Stable
Southampton,2023-02-18 15:00:00,0.35098,0.30351,0.28182,0.31837,0.6094,0.0,True,Stable
Southampton,2023-02-25 15:00:00,0.25925,0.3078,0.35098,0.30351,0.8061,0.0,True,Stable
Southampton,2023-03-04 17:30:00,0.24285,0.28768,0.25925,0.3078,0.1443,0.0,True,Stable
Southampton,2023-03-12 14:00:00,0.22777,0.27405,0.24285,0.28768,0.1328,0.0,True,Stable
Southampton,2023-03-15 19:30:00,0.23267,0.22312,0.22777,0.27405,0.0432,0.0,True,Stable
Southampton,2023-03-18 15:00:00,0.26766,0.20339,0.23267,0.22312,0.3092,0.0,True,Stable
Southampton,2023-04-02 13:00:00,0.31789,0.1899,0.26766,0.20339,0.4443,0.0,True,Stable
Southampton,2023-04-08 16:30:00,0.3541,0.17361,0.31789,0.1899,0.32,0.0,True,Stable
Southampton,2023-04-15 14:00:00,0.32954,0.16824,0.3541,0.17361,0.2165,0.0,True,Stable
Southampton,2023-04-21 19:00:00,0.34059,0.11091,0.32954,0.16824,0.0973,0.0,True,Stable
Southampton,2023-04-27 18:45:00,0.33023,0.12652,0.34059,0.11091,0.091,0.0,True,Stable
Southampton,2023-04-30 13:00:00,0.2828,0.12784,0.33023,0.12652,0.4163,0.0,True,Stable
Southampton,2023-05-08 19:00:00,0.29519,0.12916,0.2828,0.12784,0.1088,0.0,True,Stable
Southampton,2023-05-13 14:00:00,0.27842,0.13048,0.29519,0.12916,0.1473,0.0,True,Stable
Southampton,2023-05-21 13:00:00,0.32862,0.18077,0.27842,0.13048,0.4411,0.0,True,Stable
Southampton,2023-05-28 15:30:00,0.33023,0.12207,0.32862,0.18077,0.0141,0.0,True,Stable
Southampton,2024-08-17 14:00:00,0.42435,0.15503,0.33023,0.12207,0.8253,0.0,True,Stable
Southampton,2024-08-24 14:00:00,0.50582,0.17975,0.42435,0.15503,0.7098,0.0,True,Stable
Southampton,2024-08-31 14:00:00,0.43122,0.1696,0.50582,0.17975,0.642,0.0,True,Stable
Southampton,2024-09-14 11:30:00,0.49719,0.20078,0.43122,0.1696,0.5643,0.0,True,Stable
Southampton,2024-09-21 14:00:00,0.36128,0.27481,0.49719,0.20078,1.1499,0.0,False,Unstable
Southampton,2024-09-30 19:00:00,0.43348,0.2436,0.36128,0.27481,0.6096,0.0,True,Stable
Southampton,2024-10-05 14:00:00,0.40002,0.23147,0.43348,0.2436,0.2809,0.0,True,Stable
Southampton,2024-10-19 14:00:00,0.35168,0.25536,0.40002,0.23147,0.4043,0.0,True,Stable
Southampton,2024-10-26 14:00:00,0.36496,0.24481,0.35168,0.25536,0.1109,0.0,True,Stable
Southampton,2024-11-02 15:00:00,0.39777,0.22468,0.36496,0.24481,0.2735,0.0,True,Stable
Southampton,2024-11-09 15:00:00,0.40948,0.24822,0.39777,0.22468,0.0972,0.0,True,Stable
Southampton,2024-11-24 14:00:00,0.41019,0.23519,0.40948,0.24822,0.0059,0.0,True,Stable
Southampton,2024-11-29 20:00:00,0.40284,0.21719,0.41019,0.23519,0.0606,0.0,True,Stable
Southampton,2024-12-04 19:30:00,0.40996,0.20494,0.40284,0.21719,0.0585,0.0,True,Stable
Southampton,2024-12-07 15:00:00,0.43079,0.20318,0.40996,0.20494,0.1705,0.0,True,Stable
Southampton,2024-12-15 19:00:00,0.44427,0.20319,0.43079,0.20318,0.1098,0.0,True,Stable
Southampton,2024-12-22 14:00:00,0.42439,0.22134,0.44427,0.20319,0.1611,0.0,True,Stable
Southampton,2024-12-26 15:00:00,0.33188,0.30058,0.42439,0.22134,0.7466,0.0,True,Stable
Southampton,2024-12-29 15:00:00,0.31737,0.30971,0.33188,0.30058,0.1171,0.0,True,Stable
Southampton,2025-01-04 15:00:00,0.29732,0.33149,0.31737,0.30971,0.1618,0.0,True,Stable
Southampton,2025-01-16 20:00:00,0.30215,0.31806,0.29732,0.33149,0.039,0.0,True,Stable
Southampton,2025-01-19 14:00:00,0.31429,0.32719,0.30215,0.31806,0.0981,0.0,True,Stable
Southampton,2025-01-25 15:00:00,0.32098,0.2647,0.31429,0.32719,0.0541,0.0,True,Stable
Southampton,2025-02-01 15:00:00,0.29848,0.23835,0.32098,0.2647,0.1819,0.0,True,Stable
Southampton,2025-02-15 15:00:00,0.27741,0.20384,0.29848,0.23835,0.1704,0.0,True,Stable
Southampton,2025-02-22 15:00:00,0.25969,0.1757,0.27741,0.20384,0.1435,0.0,True,Stable
Southampton,2025-02-25 20:15:00,0.28448,0.19985,0.25969,0.1757,0.2011,0.0,True,Stable
Southampton,2025-03-08 15:00:00,0.27954,0.18406,0.28448,0.19985,0.0402,0.0,True,Stable
Southampton,2025-03-15 15:00:00,0.28566,0.21634,0.27954,0.18406,0.0497,0.0,True,Stable
Southampton,2025-04-02 19:45:00,0.28568,0.22046,0.28566,0.21634,0.0002,0.0,True,Stable
Southampton,2025-04-06 13:00:00,0.29582,0.2538,0.28568,0.22046,0.0826,0.0,True,Stable
Southampton,2025-04-12 14:00:00,0.28375,0.2337,0.29582,0.2538,0.0984,0.0,True,Stable
Southampton,2025-04-19 14:00:00,0.29752,0.25243,0.28375,0.2337,0.1123,0.0,True,Stable
Southampton,2025-04-26 14:00:00,0.28655,0.23392,0.29752,0.25243,0.0896,0.0,True,Stable
Southampton,2025-05-03 14:00:00,0.30404,0.26239,0.28655,0.23392,0.1429,0.0,True,Stable
Southampton,2025-05-10 14:00:00,0.28882,0.24766,0.30404,0.26239,0.1244,0.0,True,Stable
Southampton,2025-05-18 11:00:00,0.30598,0.32621,0.28882,0.24766,0.1404,0.0,True,Stable
Southampton,2025-05-25 15:00:00,0.26919,0.30314,0.30598,0.32621,0.3012,0.0,True,Stable
Wolverhampton Wanderers,2020-09-21 19:15:00,0.25101,0.02014,0.24265,0.03531,0.2124,0.2173,True,Stable
Wolverhampton Wanderers,2020-09-27 18:00:00,0.22877,0.02807,0.25101,0.02014,0.5722,0.1137,True,Stable
Wolverhampton Wanderers,2020-10-04 13:00:00,0.21338,0.06472,0.22877,0.02807,0.3972,0.5279,True,Stable
Wolverhampton Wanderers,2020-10-19 19:00:00,0.20807,0.04968,0.21338,0.06472,0.1363,0.2191,True,Stable
Wolverhampton Wanderers,2020-10-25 16:30:00,0.20882,0.05453,0.20807,0.04968,0.0191,0.0713,True,Stable
Wolverhampton Wanderers,2020-10-30 20:00:00,0.21217,0.07425,0.20882,0.05453,0.0847,0.2927,True,Stable
Wolverhampton Wanderers,2020-11-08 14:00:00,0.224,0.08419,0.21217,0.07425,0.2983,0.1492,True,Stable
Wolverhampton Wanderers,2020-11-23 20:00:00,0.19856,0.06747,0.224,0.08419,0.6441,0.2538,True,Stable
Wolverhampton Wanderers,2020-11-29 19:15:00,0.20332,0.08588,0.19856,0.06747,0.1192,0.2823,True,Stable
Wolverhampton Wanderers,2020-12-06 19:15:00,0.19481,0.07946,0.20332,0.08588,0.2117,0.0995,True,Stable
Wolverhampton Wanderers,2020-12-12 12:30:00,0.17926,0.13736,0.19481,0.07946,0.3828,0.9071,True,Stable
Wolverhampton Wanderers,2020-12-15 18:00:00,0.23864,0.07521,0.17926,0.13736,1.4306,0.9764,False,Unstable
Wolverhampton Wanderers,2020-12-21 17:30:00,0.22783,0.09938,0.23864,0.07521,0.2629,0.3836,True,Stable
Wolverhampton Wanderers,2020-12-27 19:15:00,0.23425,0.1122,0.22783,0.09938,0.1571,0.2052,True,Stable
Wolverhampton Wanderers,2020-12-29 20:00:00,0.24645,0.12733,0.23425,0.1122,0.3012,0.2443,True,Stable
Wolverhampton Wanderers,2021-01-02 17:30:00,0.24343,0.06829,0.24645,0.12733,0.0752,0.9577,True,Stable
Wolverhampton Wanderers,2021-01-12 20:15:00,0.29261,0.10987,0.24343,0.06829,1.237,0.6803,False,Unstable
Wolverhampton Wanderers,2021-01-16 12:30:00,0.27394,0.09154,0.29261,0.10987,0.469,0.3021,True,Stable
Wolverhampton Wanderers,2021-01-27 18:00:00,0.28852,0.10192,0.27394,0.09154,0.3684,0.1727,True,Stable
Wolverhampton Wanderers,2021-01-30 15:00:00,0.26481,0.07406,0.28852,0.10192,0.5994,0.4673,True,Stable
Wolverhampton Wanderers,2021-02-02 18:00:00,0.27108,0.09689,0.26481,0.07406,0.1599,0.3861,True,Stable
Wolverhampton Wanderers,2021-02-07 14:00:00,0.26555,0.09917,0.27108,0.09689,0.142,0.039,True,Stable
Wolverhampton Wanderers,2021-02-14 12:00:00,0.31045,0.05876,0.26555,0.09917,1.1601,0.6947,False,Unstable
Wolverhampton Wanderers,2021-02-19 20:00:00,0.40212,0.02428,0.31045,0.05876,2.3445,0.5964,False,Unstable
Wolverhampton Wanderers,2021-02-27 20:00:00,0.43796,0.01776,0.40212,0.02428,0.8317,0.1127,True,Stable
Wolverhampton Wanderers,2021-03-02 20:00:00,0.56493,0.00084,0.43796,0.01776,2.62,0.2918,False,Unstable
Wolverhampton Wanderers,2021-03-06 17:30:00,0.82621,-0.00135,0.56493,0.00084,4.262,0.0375,False,Unstable
Wolverhampton Wanderers,2021-03-15 20:00:00,0.63341,0.0304,0.82621,-0.00135,2.0907,0.5392,False,Unstable
Wolverhampton Wanderers,2021-04-05 19:15:00,0.40412,0.07633,0.63341,0.0304,2.2563,0.7818,False,Unstable
Wolverhampton Wanderers,2021-04-09 19:00:00,0.42099,0.08837,0.40412,0.07633,0.1654,0.2063,True,Stable
Wolverhampton Wanderers,2021-04-17 19:15:00,0.2967,0.11249,0.42099,0.08837,1.2101,0.4167,False,Unstable
Wolverhampton Wanderers,2021-04-25 11:00:00,0.38043,0.09537,0.2967,0.11249,0.8211,0.2973,True,Stable
Wolverhampton Wanderers,2021-05-03 17:00:00,0.39964,0.06534,0.38043,0.09537,0.1884,0.5247,True,Stable
Wolverhampton Wanderers,2021-05-09 11:00:00,0.38795,0.03709,0.39964,0.06534,0.1144,0.497,True,Stable
Wolverhampton Wanderers,2021-05-16 13:05:00,0.43789,0.05732,0.38795,0.03709,0.4889,0.3569,True,Stable
Wolverhampton Wanderers,2021-05-19 17:00:00,0.4255,0.0689,0.43789,0.05732,0.1203,0.2056,True,Stable
Wolverhampton Wanderers,2021-05-23 15:00:00,0.4351,0.07265,0.4255,0.0689,0.0928,0.067,True,Stable
Wolverhampton Wanderers,2021-08-14 14:00:00,0.46024,0.0993,0.4351,0.07265,0.2414,0.4792,True,Stable
Wolverhampton Wanderers,2021-08-22 13:00:00,0.38365,0.15537,0.46024,0.0993,0.7278,1.0142,False,Unstable
Wolverhampton Wanderers,2021-08-29 15:30:00,0.26108,0.21643,0.38365,0.15537,1.167,1.0985,False,Unstable
Wolverhampton Wanderers,2021-09-11 14:00:00,0.20357,0.29518,0.26108,0.21643,0.5508,1.3739,False,Unstable
Wolverhampton Wanderers,2021-09-18 11:30:00,0.11015,0.51387,0.20357,0.29518,0.896,3.5432,False,Unstable
Wolverhampton Wanderers,2021-09-26 13:00:00,0.17266,0.3942,0.11015,0.51387,0.592,1.5408,False,Unstable
Wolverhampton Wanderers,2021-10-02 14:00:00,0.24387,0.30912,0.17266,0.3942,0.6734,1.0109,False,Unstable
Wolverhampton Wanderers,2021-10-16 14:00:00,0.26985,0.2448,0.24387,0.30912,0.2469,0.74,True,Stable
Wolverhampton Wanderers,2021-10-23 14:00:00,0.25455,0.21838,0.26985,0.2448,0.1462,0.3006,True,Stable
Wolverhampton Wanderers,2021-11-01 20:00:00,0.21609,0.15445,0.25455,0.21838,0.3696,0.7239,True,Stable
Wolverhampton Wanderers,2021-11-06 15:00:00,0.20569,0.09218,0.21609,0.15445,0.1002,0.7076,True,Stable
Wolverhampton Wanderers,2021-11-20 15:00:00,0.20242,0.15613,0.20569,0.09218,0.0316,0.731,True,Stable
Wolverhampton Wanderers,2021-11-27 15:00:00,0.21368,0.18461,0.20242,0.15613,0.109,0.3266,True,Stable
Wolverhampton Wanderers,2021-12-01 19:30:00,0.21773,0.2144,0.21368,0.18461,0.0394,0.3418,True,Stable
Wolverhampton Wanderers,2021-12-04 15:00:00,0.21704,0.22898,0.21773,0.2144,0.0068,0.1667,True,Stable
Wolverhampton Wanderers,2021-12-11 12:30:00,0.22912,0.29056,0.21704,0.22898,0.118,0.7001,True,Stable
Wolverhampton Wanderers,2021-12-15 19:30:00,0.21715,0.2753,0.22912,0.29056,0.1175,0.1703,True,Stable
Wolverhampton Wanderers,2021-12-19 14:00:00,0.2326,0.29688,0.21715,0.2753,0.1521,0.2377,True,Stable
Wolverhampton Wanderers,2022-01-03 17:30:00,0.22595,0.26538,0.2326,0.29688,0.0657,0.341,True,Stable
Wolverhampton Wanderers,2022-01-15 15:00:00,0.22313,0.24732,0.22595,0.26538,0.0281,0.1937,True,Stable
Wolverhampton Wanderers,2022-01-22 15:00:00,0.18487,0.16358,0.22313,0.24732,0.3808,0.893,True,Stable
Wolverhampton Wanderers,2022-02-10 19:45:00,0.17649,0.11294,0.18487,0.16358,0.0835,0.5421,True,Stable
Wolverhampton Wanderers,2022-02-13 14:00:00,0.15461,0.09275,0.17649,0.11294,0.2178,0.2172,True,Stable
Wolverhampton Wanderers,2022-02-20 16:30:00,0.11518,0.0205,0.15461,0.09275,0.3917,0.7812,True,Stable
Wolverhampton Wanderers,2022-02-24 19:45:00,0.12769,0.06192,0.11518,0.0205,0.1233,0.4479,True,Stable
Wolverhampton Wanderers,2022-02-27 14:00:00,0.17898,0.17534,0.12769,0.06192,0.5028,1.2305,False,Unstable
Wolverhampton Wanderers,2022-03-05 15:00:00,0.17415,0.15295,0.17898,0.17534,0.0474,0.2436,True,Stable
Wolverhampton Wanderers,2022-03-10 19:30:00,0.15752,-0.0179,0.17415,0.15295,0.1631,1.8661,False,Unstable
Wolverhampton Wanderers,2022-03-13 14:00:00,0.18293,0.00721,0.15752,-0.0179,0.2491,0.2729,True,Stable
Wolverhampton Wanderers,2022-03-18 20:00:00,0.1673,-0.02626,0.18293,0.00721,0.1534,0.3632,True,Stable
Wolverhampton Wanderers,2022-04-02 14:00:00,0.15812,-0.13614,0.1673,-0.02626,0.09,1.1857,False,Unstable
Wolverhampton Wanderers,2022-04-08 19:00:00,0.12329,-0.16468,0.15812,-0.13614,0.3414,0.2996,True,Stable
Wolverhampton Wanderers,2022-04-24 13:00:00,0.17105,0.02256,0.12329,-0.16468,0.466,1.9035,False,Unstable
Wolverhampton Wanderers,2022-04-30 14:00:00,0.17548,0.07645,0.17105,0.02256,0.0433,0.5487,True,Stable
Wolverhampton Wanderers,2022-05-07 14:00:00,0.16551,0.04277,0.17548,0.07645,0.0975,0.3444,True,Stable
Wolverhampton Wanderers,2022-05-11 19:15:00,0.16614,0.03449,0.16551,0.04277,0.0062,0.0849,True,Stable
Wolverhampton Wanderers,2022-05-15 13:00:00,0.16508,0.0458,0.16614,0.03449,0.0103,0.1163,True,Stable
Wolverhampton Wanderers,2022-05-22 15:00:00,0.1637,-0.02323,0.16508,0.0458,0.0135,0.7115,True,Stable
Wolverhampton Wanderers,2022-08-06 14:00:00,0.18263,-0.11794,0.1637,-0.02323,0.1852,0.9733,True,Stable
Wolverhampton Wanderers,2022-08-13 14:00:00,0.22289,-0.1024,0.18263,-0.11794,0.3948,0.157,True,Stable
Wolverhampton Wanderers,2022-08-20 11:30:00,0.25965,-0.08717,0.22289,-0.1024,0.3618,0.1518,True,Stable
Wolverhampton Wanderers,2022-08-28 13:00:00,0.35969,-0.10741,0.25965,-0.08717,0.989,0.1997,True,Stable
Wolverhampton Wanderers,2022-08-31 18:30:00,0.34838,-0.08012,0.35969,-0.10741,0.1119,0.2659,True,Stable
Wolverhampton Wanderers,2022-09-03 14:00:00,0.24367,-0.03782,0.34838,-0.08012,1.0365,0.4088,False,Unstable
Wolverhampton Wanderers,2022-09-17 11:30:00,0.17908,0.03909,0.24367,-0.03782,0.642,0.7416,True,Stable
Wolverhampton Wanderers,2022-10-01 16:30:00,0.16978,0.08009,0.17908,0.03909,0.0925,0.3966,True,Stable
Wolverhampton Wanderers,2022-10-08 14:00:00,0.15591,0.18181,0.16978,0.08009,0.1382,0.9879,True,Stable
Wolverhampton Wanderers,2022-10-15 14:00:00,0.18493,0.12876,0.15591,0.18181,0.2889,0.5157,True,Stable
Wolverhampton Wanderers,2022-10-18 19:15:00,0.17245,0.10942,0.18493,0.12876,0.1244,0.1887,True,Stable
Wolverhampton Wanderers,2022-10-23 13:00:00,0.14657,0.14377,0.17245,0.10942,0.2584,0.3364,True,Stable
Wolverhampton Wanderers,2022-10-29 14:00:00,0.16299,0.08093,0.14657,0.14377,0.1638,0.6173,True,Stable
Wolverhampton Wanderers,2022-11-05 15:00:00,0.18387,0.02234,0.16299,0.08093,0.2084,0.5778,True,Stable
Wolverhampton Wanderers,2022-11-12 19:45:00,0.18401,0.03128,0.18387,0.02234,0.0013,0.0883,True,Stable
Wolverhampton Wanderers,2022-12-26 15:00:00,0.18683,0.01418,0.18401,0.03128,0.0282,0.1693,True,Stable
Wolverhampton Wanderers,2022-12-31 12:30:00,0.18882,-0.02453,0.18683,0.01418,0.02,0.3842,True,Stable
Wolverhampton Wanderers,2023-01-04 20:00:00,0.18402,-0.00092,0.18882,-0.02453,0.0483,0.2341,True,Stable
Wolverhampton Wanderers,2023-01-14 15:00:00,0.18449,0.03575,0.18402,-0.00092,0.0048,0.3637,True,Stable
Wolverhampton Wanderers,2023-01-22 14:00:00,0.19225,0.09313,0.18449,0.03575,0.0784,0.5707,True,Stable
Wolverhampton Wanderers,2023-02-04 15:00:00,0.19182,0.10126,0.19225,0.09313,0.0043,0.0812,True,Stable
Wolverhampton Wanderers,2023-02-11 15:00:00,0.2078,0.06397,0.19182,0.10126,0.1621,0.3738,True,Stable
Wolverhampton Wanderers,2023-02-18 15:00:00,0.26237,0.12129,0.2078,0.06397,0.5554,0.5765,True,Stable
Wolverhampton Wanderers,2023-02-24 20:00:00,0.26735,0.12176,0.26237,0.12129,0.0508,0.0048,True,Stable
Wolverhampton Wanderers,2023-03-01 20:00:00,0.20078,0.07971,0.26735,0.12176,0.6825,0.4257,True,Stable
Wolverhampton Wanderers,2023-03-04 15:00:00,0.20002,0.07529,0.20078,0.07971,0.0078,0.0448,True,Stable
Wolverhampton Wanderers,2023-03-12 16:30:00,0.21499,0.17005,0.20002,0.07529,0.1542,0.966,True,Stable
Wolverhampton Wanderers,2023-03-18 15:00:00,0.19491,0.15352,0.21499,0.17005,0.2075,0.1687,True,Stable
Wolverhampton Wanderers,2023-04-01 14:00:00,0.21952,0.16478,0.19491,0.15352,0.255,0.1151,True,Stable
Wolverhampton Wanderers,2023-04-08 14:00:00,0.27307,0.16796,0.21952,0.16478,0.5566,0.0326,True,Stable
Wolverhampton Wanderers,2023-04-15 14:00:00,0.32922,0.16823,0.27307,0.16796,0.5855,0.0027,True,Stable
Wolverhampton Wanderers,2023-04-22 14:00:00,0.15682,0.09664,0.32922,0.16823,1.7999,0.7352,False,Unstable
Wolverhampton Wanderers,2023-04-25 18:30:00,0.07489,-0.13812,0.15682,0.09664,0.8555,2.4194,False,Unstable
Wolverhampton Wanderers,2023-04-29 14:00:00,0.12225,-0.0196,0.07489,-0.13812,0.4907,1.2027,False,Unstable
Wolverhampton Wanderers,2023-05-06 14:00:00,0.12106,-0.01667,0.12225,-0.0196,0.0123,0.0297,True,Stable
Wolverhampton Wanderers,2023-05-13 14:00:00,0.15004,0.05471,0.12106,-0.01667,0.2988,0.7234,True,Stable
Wolverhampton Wanderers,2023-05-20 14:00:00,0.15753,0.09508,0.15004,0.05471,0.0771,0.4103,True,Stable
Wolverhampton Wanderers,2023-05-28 15:30:00,0.166,0.15591,0.15753,0.09508,0.0873,0.6204,True,Stable
Wolverhampton Wanderers,2023-08-14 19:00:00,0.14009,0.17209,0.166,0.15591,0.2675,0.1652,True,Stable
Wolverhampton Wanderers,2023-08-19 14:00:00,0.09834,0.24788,0.14009,0.17209,0.4307,0.775,True,Stable
Wolverhampton Wanderers,2023-08-26 14:00:00,0.08599,0.28082,0.09834,0.24788,0.1269,0.3352,True,Stable
Wolverhampton Wanderers,2023-09-03 13:00:00,0.13135,0.12779,0.08599,0.28082,0.4636,1.5432,False,Unstable
Wolverhampton Wanderers,2023-09-16 11:30:00,0.15162,0.09521,0.13135,0.12779,0.207,0.3294,True,Stable
Wolverhampton Wanderers,2023-09-23 14:00:00,0.17381,0.05053,0.15162,0.09521,0.2266,0.4533,True,Stable
Wolverhampton Wanderers,2023-09-30 14:00:00,0.17884,-0.05544,0.17381,0.05053,0.0514,1.078,False,Unstable
Wolverhampton Wanderers,2023-10-08 13:00:00,0.20181,-0.07316,0.17884,-0.05544,0.2355,0.1795,True,Stable
Wolverhampton Wanderers,2023-10-21 14:00:00,0.20289,-0.0287,0.20181,-0.07316,0.0111,0.448,True,Stable
Wolverhampton Wanderers,2023-10-28 16:30:00,0.19592,-0.06037,0.20289,-0.0287,0.0718,0.3188,True,Stable
Wolverhampton Wanderers,2023-11-04 15:00:00,0.22481,-0.09139,0.19592,-0.06037,0.2985,0.311,True,Stable
Wolverhampton Wanderers,2023-11-11 12:30:00,0.22889,-0.05313,0.22481,-0.09139,0.0423,0.381,True,Stable
Wolverhampton Wanderers,2023-11-27 20:00:00,0.20708,-0.06117,0.22889,-0.05313,0.2267,0.0798,True,Stable
Wolverhampton Wanderers,2023-12-02 15:00:00,0.2056,-0.08589,0.20708,-0.06117,0.0154,0.2446,True,Stable
Wolverhampton Wanderers,2023-12-05 19:30:00,0.21575,-0.04261,0.2056,-0.08589,0.106,0.4259,True,Stable
Wolverhampton Wanderers,2023-12-09 15:00:00,0.21195,-0.01917,0.21575,-0.04261,0.0398,0.2302,True,Stable
Wolverhampton Wanderers,2023-12-17 14:00:00,0.21186,-0.00572,0.21195,-0.01917,0.0009,0.1321,True,Stable
Wolverhampton Wanderers,2023-12-24 13:00:00,0.20873,-0.0104,0.21186,-0.00572,0.033,0.0459,True,Stable
Wolverhampton Wanderers,2023-12-27 19:30:00,0.22299,-0.06618,0.20873,-0.0104,0.1506,0.5486,True,Stable
Wolverhampton Wanderers,2023-12-30 15:00:00,0.21162,-0.10189,0.22299,-0.06618,0.1205,0.35,True,Stable
Wolverhampton Wanderers,2024-01-22 19:45:00,0.21712,-0.02801,0.21162,-0.10189,0.0584,0.7196,True,Stable
Wolverhampton Wanderers,2024-02-01 20:15:00,0.19356,-0.09519,0.21712,-0.02801,0.251,0.6542,True,Stable
Wolverhampton Wanderers,2024-02-04 14:00:00,0.16201,-0.16626,0.19356,-0.09519,0.3368,0.6883,True,Stable
Wolverhampton Wanderers,2024-02-10 15:00:00,0.24245,-0.07692,0.16201,-0.16626,0.8596,0.8541,True,Stable
Wolverhampton Wanderers,2024-02-17 15:00:00,0.2425,-0.07366,0.24245,-0.07692,0.0005,0.0311,True,Stable
Wolverhampton Wanderers,2024-02-25 13:30:00,0.24582,-0.12442,0.2425,-0.07366,0.0356,0.4823,True,Stable
Wolverhampton Wanderers,2024-03-02 15:00:00,0.25672,-0.10112,0.24582,-0.12442,0.1175,0.2198,True,Stable
Wolverhampton Wanderers,2024-03-09 15:00:00,0.2485,-0.07096,0.25672,-0.10112,0.0888,0.2831,True,Stable
Wolverhampton Wanderers,2024-03-30 17:30:00,0.23161,-0.01963,0.2485,-0.07096,0.1831,0.4807,True,Stable
Wolverhampton Wanderers,2024-04-02 18:45:00,0.22699,0.01752,0.23161,-0.01963,0.0502,0.3483,True,Stable
Wolverhampton Wanderers,2024-04-06 14:00:00,0.21677,0.0579,0.22699,0.01752,0.1114,0.3793,True,Stable
Wolverhampton Wanderers,2024-04-13 14:00:00,0.25936,0.07701,0.21677,0.0579,0.4654,0.18,True,Stable
Wolverhampton Wanderers,2024-04-20 18:30:00,0.23508,0.10236,0.25936,0.07701,0.266,0.2393,True,Stable
Wolverhampton Wanderers,2024-04-24 18:45:00,0.25886,0.08349,0.23508,0.10236,0.2612,0.1786,True,Stable
Wolverhampton Wanderers,2024-04-27 14:00:00,0.24538,0.05604,0.25886,0.08349,0.1485,0.2606,True,Stable
Wolverhampton Wanderers,2024-05-04 16:30:00,0.2441,0.00951,0.24538,0.05604,0.0141,0.4428,True,Stable
Wolverhampton Wanderers,2024-05-11 14:00:00,0.24875,-0.00975,0.2441,0.00951,0.0515,0.1837,True,Stable
Wolverhampton Wanderers,2024-05-19 15:00:00,0.26879,-0.02871,0.24875,-0.00975,0.2224,0.181,True,Stable
Wolverhampton Wanderers,2024-08-17 14:00:00,0.33492,-0.06597,0.26879,-0.02871,0.7357,0.3557,True,Stable
Wolverhampton Wanderers,2024-08-25 13:00:00,0.41913,-0.06224,0.33492,-0.06597,0.9366,0.0355,True,Stable
Wolverhampton Wanderers,2024-08-31 14:00:00,0.43251,-0.0523,0.41913,-0.06224,0.1476,0.0946,True,Stable
Wolverhampton Wanderers,2024-09-15 15:30:00,0.41996,-0.04276,0.43251,-0.0523,0.1372,0.0907,True,Stable
Wolverhampton Wanderers,2024-09-21 14:00:00,0.38354,-0.03243,0.41996,-0.04276,0.3956,0.0982,True,Stable
Wolverhampton Wanderers,2024-09-28 16:30:00,0.35544,0.00963,0.38354,-0.03243,0.304,0.3999,True,Stable
Wolverhampton Wanderers,2024-10-05 14:00:00,0.38656,-0.03152,0.35544,0.00963,0.3363,0.3919,True,Stable
Wolverhampton Wanderers,2024-10-20 13:00:00,0.31814,-0.06237,0.38656,-0.03152,0.7368,0.2939,True,Stable
Wolverhampton Wanderers,2024-10-26 14:00:00,0.2396,-0.09991,0.31814,-0.06237,0.8466,0.3572,True,Stable
Wolverhampton Wanderers,2024-11-02 17:30:00,0.20255,-0.1315,0.2396,-0.09991,0.4004,0.2995,True,Stable
Wolverhampton Wanderers,2024-11-09 15:00:00,0.13049,-0.27901,0.20255,-0.1315,0.7803,1.39,False,Unstable
Wolverhampton Wanderers,2024-11-23 15:00:00,0.09569,-0.32939,0.13049,-0.27901,0.3764,0.4639,True,Stable
Wolverhampton Wanderers,2024-11-30 15:00:00,0.05484,-0.58847,0.09569,-0.32939,0.4401,2.3181,False,Unstable
Wolverhampton Wanderers,2024-12-04 19:30:00,0.10089,-0.37544,0.05484,-0.58847,0.4923,1.769,False,Unstable
Wolverhampton Wanderers,2024-12-09 20:00:00,0.11332,-0.32547,0.10089,-0.37544,0.1325,0.4034,True,Stable
Wolverhampton Wanderers,2024-12-14 15:00:00,0.13317,-0.29056,0.11332,-0.32547,0.2112,0.2762,True,Stable
Wolverhampton Wanderers,2024-12-22 14:00:00,0.14137,-0.27269,0.13317,-0.29056,0.0871,0.1392,True,Stable
Wolverhampton Wanderers,2024-12-26 17:30:00,0.12381,-0.19435,0.14137,-0.27269,0.1866,0.6026,True,Stable
Wolverhampton Wanderers,2024-12-29 15:00:00,0.11976,-0.27608,0.12381,-0.19435,0.043,0.6249,True,Stable
Wolverhampton Wanderers,2025-01-06 20:00:00,0.13082,-0.26489,0.11976,-0.27608,0.1173,0.0845,True,Stable
Wolverhampton Wanderers,2025-01-15 19:30:00,0.13779,-0.1633,0.13082,-0.26489,0.0738,0.7591,True,Stable
Wolverhampton Wanderers,2025-01-20 20:00:00,0.14783,-0.03438,0.13779,-0.1633,0.1063,0.9601,True,Stable
Wolverhampton Wanderers,2025-01-25 15:00:00,0.08816,0.0057,0.14783,-0.03438,0.6318,0.299,True,Stable
Wolverhampton Wanderers,2025-02-01 17:30:00,0.06037,0.21974,0.08816,0.0057,0.2933,1.6,False,Unstable
Wolverhampton Wanderers,2025-02-16 14:00:00,0.09504,0.04951,0.06037,0.21974,0.3638,1.2704,False,Unstable
Wolverhampton Wanderers,2025-02-22 15:00:00,0.0949,-0.02821,0.09504,0.04951,0.0015,0.5814,True,Stable
Wolverhampton Wanderers,2025-02-25 19:30:00,0.09697,-0.07635,0.0949,-0.02821,0.0216,0.3607,True,Stable
Wolverhampton Wanderers,2025-03-08 20:00:00,0.10666,-0.14592,0.09697,-0.07635,0.1009,0.5214,True,Stable
Wolverhampton Wanderers,2025-03-15 15:00:00,0.11977,-0.22701,0.10666,-0.14592,0.1363,0.6064,True,Stable
Wolverhampton Wanderers,2025-04-01 19:45:00,0.12956,-0.25452,0.11977,-0.22701,0.1016,0.2043,True,Stable
Wolverhampton Wanderers,2025-04-05 14:00:00,0.12065,-0.24193,0.12956,-0.25452,0.0925,0.0927,True,Stable
Wolverhampton Wanderers,2025-04-13 13:00:00,0.13188,-0.35748,0.12065,-0.24193,0.1165,0.8444,True,Stable
Wolverhampton Wanderers,2025-04-20 13:00:00,0.11537,-0.38164,0.13188,-0.35748,0.1712,0.1736,True,Stable
Wolverhampton Wanderers,2025-04-26 14:00:00,0.12294,-0.3191,0.11537,-0.38164,0.0784,0.4417,True,Stable
Wolverhampton Wanderers,2025-05-02 19:00:00,0.11668,-0.24476,0.12294,-0.3191,0.0648,0.5189,True,Stable
Wolverhampton Wanderers,2025-05-10 14:00:00,0.11674,-0.28582,0.11668,-0.24476,0.0007,0.2849,True,Stable
Wolverhampton Wanderers,2025-05-20 19:00:00,0.12272,-0.26045,0.11674,-0.28582,0.0618,0.1745,True,Stable
Wolverhampton Wanderers,2025-05-25 15:00:00,0.121,-0.22538,0.12272,-0.26045,0.0178,0.2397,True,Stable
Tottenham,2017-08-20 16:00:00,0.20568,-0.59622,0.21592,-0.52926,0.1701,0.5282,True,Stable
Tottenham,2017-08-27 16:00:00,0.17692,-0.54584,0.20568,-0.59622,0.4832,0.3591,True,Stable
Tottenham,2017-09-09 15:00:00,0.23193,-0.51469,0.17692,-0.54584,0.9277,0.21,True,Stable
Tottenham,2017-09-16 17:30:00,0.24255,-0.4059,0.23193,-0.51469,0.1814,0.7077,True,Stable
Tottenham,2017-09-23 12:30:00,0.25146,-0.40842,0.24255,-0.4059,0.1537,0.0163,True,Stable
Tottenham,2017-09-30 12:30:00,0.27875,-0.46985,0.25146,-0.40842,0.4757,0.396,True,Stable
Tottenham,2017-10-14 15:00:00,0.30819,-0.52531,0.27875,-0.46985,0.5142,0.3521,True,Stable
Tottenham,2017-10-22 16:00:00,0.31558,-0.54177,0.30819,-0.52531,0.1279,0.102,True,Stable
Tottenham,2017-10-28 12:30:00,0.35673,-0.57166,0.31558,-0.54177,0.7029,0.1805,True,Stable
Tottenham,2017-11-05 12:00:00,0.40832,-0.56169,0.35673,-0.57166,0.8504,0.0585,True,Stable
Tottenham,2017-11-18 12:30:00,0.40234,-0.51591,0.40832,-0.56169,0.092,0.2629,True,Stable
Tottenham,2017-11-25 15:00:00,0.33933,-0.47834,0.40234,-0.51591,0.9216,0.2134,True,Stable
Tottenham,2017-11-28 19:45:00,0.23086,-0.37273,0.33933,-0.47834,1.5708,0.5973,False,Unstable
Tottenham,2017-12-02 15:00:00,0.23194,-0.36933,0.23086,-0.37273,0.0159,0.0193,True,Stable
Tottenham,2017-12-09 15:00:00,0.23244,-0.37092,0.23194,-0.36933,0.0073,0.0091,True,Stable
Tottenham,2017-12-13 20:00:00,0.22593,-0.32125,0.23244,-0.37092,0.0969,0.2866,True,Stable
Tottenham,2017-12-16 17:30:00,0.24546,-0.35083,0.22593,-0.32125,0.2935,0.1722,True,Stable
Tottenham,2017-12-23 17:30:00,0.26418,-0.32869,0.24546,-0.35083,0.284,0.1299,True,Stable
Tottenham,2017-12-26 12:30:00,0.29559,-0.32963,0.26418,-0.32869,0.4802,0.0056,True,Stable
Tottenham,2018-01-02 19:45:00,0.33402,-0.30222,0.29559,-0.32963,0.5895,0.1634,True,Stable
Tottenham,2018-01-04 20:00:00,0.28822,-0.32312,0.33402,-0.30222,0.6972,0.1257,True,Stable
Tottenham,2018-01-13 17:30:00,0.27397,-0.33744,0.28822,-0.32312,0.218,0.0868,True,Stable
Tottenham,2018-01-21 16:00:00,0.27637,-0.37202,0.27397,-0.33744,0.037,0.2112,True,Stable
Tottenham,2018-01-31 20:00:00,0.26524,-0.31772,0.27637,-0.37202,0.1726,0.3335,True,Stable
Tottenham,2018-02-04 16:30:00,0.24226,-0.27376,0.26524,-0.31772,0.3589,0.2721,True,Stable
Tottenham,2018-02-10 12:30:00,0.20891,-0.19126,0.24226,-0.27376,0.5251,0.5148,True,Stable
Tottenham,2018-02-25 00:00:00,0.18811,-0.11499,0.20891,-0.19126,0.3293,0.4784,True,Stable
Tottenham,2018-03-03 15:00:00,0.20018,-0.07146,0.18811,-0.11499,0.1913,0.2728,True,Stable
Tottenham,2018-03-11 16:00:00,0.23516,-0.08219,0.20018,-0.07146,0.5562,0.0669,True,Stable
Tottenham,2018-04-01 16:00:00,0.25986,-0.12786,0.23516,-0.08219,0.3958,0.2839,True,Stable
Tottenham,2018-04-07 14:00:00,0.26576,-0.16327,0.25986,-0.12786,0.0951,0.2203,True,Stable
Tottenham,2018-04-14 18:45:00,0.24137,-0.2143,0.26576,-0.16327,0.396,0.3188,True,Stable
Tottenham,2018-04-17 18:45:00,0.23425,-0.23558,0.24137,-0.2143,0.1164,0.1338,True,Stable
Tottenham,2018-04-30 19:00:00,0.23484,-0.28901,0.23425,-0.23558,0.0097,0.3382,True,Stable
Tottenham,2018-05-05 15:00:00,0.22436,-0.17167,0.23484,-0.28901,0.1738,0.7479,True,Stable
Tottenham,2018-05-09 20:00:00,0.22699,-0.07921,0.22436,-0.17167,0.0438,0.5919,True,Stable
Tottenham,2018-05-13 15:00:00,0.27871,-0.10759,0.22699,-0.07921,0.8682,0.1812,True,Stable
Tottenham,2018-08-11 14:30:00,0.33181,-0.08176,0.27871,-0.10759,0.8952,0.1648,True,Stable
Tottenham,2018-08-18 17:00:00,0.34857,-0.07564,0.33181,-0.08176,0.2806,0.039,True,Stable
Tottenham,2018-08-27 22:00:00,0.29254,-0.14608,0.34857,-0.07564,0.9264,0.4475,True,Stable
Tottenham,2018-09-02 15:00:00,0.22183,-0.28254,0.29254,-0.14608,1.1726,0.8696,False,Unstable
Tottenham,2018-09-15 11:30:00,0.25146,-0.17923,0.22183,-0.28254,0.4939,0.6625,True,Stable
Tottenham,2018-09-22 16:30:00,0.24165,-0.14181,0.25146,-0.17923,0.1644,0.2411,True,Stable
Tottenham,2018-09-29 14:00:00,0.24862,-0.1264,0.24165,-0.14181,0.1177,0.0995,True,Stable
Tottenham,2018-10-06 14:00:00,0.2735,-0.04514,0.24862,-0.1264,0.4224,0.5261,True,Stable
Tottenham,2018-10-20 14:00:00,0.27438,-0.00587,0.2735,-0.04514,0.0149,0.253,True,Stable
Tottenham,2018-10-29 19:00:00,0.23923,0.01585,0.27438,-0.00587,0.6026,0.1387,True,Stable
Tottenham,2018-11-03 19:45:00,0.23326,-0.07487,0.23923,0.01585,0.1029,0.5733,True,Stable
Tottenham,2018-11-10 17:30:00,0.23089,-0.06848,0.23326,-0.07487,0.0411,0.0403,True,Stable
Tottenham,2018-11-24 17:30:00,0.27595,-0.1621,0.23089,-0.06848,0.7853,0.5905,True,Stable
Tottenham,2018-12-02 14:05:00,0.27536,-0.17775,0.27595,-0.1621,0.0103,0.0991,True,Stable
Tottenham,2018-12-05 20:00:00,0.26789,-0.21678,0.27536,-0.17775,0.1313,0.2485,True,Stable
Tottenham,2018-12-08 19:45:00,0.2659,-0.21831,0.26789,-0.21678,0.0353,0.0097,True,Stable
Tottenham,2018-12-15 15:00:00,0.24572,-0.19495,0.2659,-0.21831,0.3584,0.1503,True,Stable
Tottenham,2018-12-23 16:00:00,0.20164,-0.28737,0.24572,-0.19495,0.7871,0.5977,True,Stable
Tottenham,2018-12-26 15:00:00,0.12578,-0.38323,0.20164,-0.28737,1.3567,0.623,False,Unstable
Tottenham,2018-12-29 15:00:00,0.11541,-0.42572,0.12578,-0.38323,0.1818,0.2763,True,Stable
Tottenham,2019-01-01 17:30:00,0.08177,-0.62288,0.11541,-0.42572,0.5772,1.2792,False,Unstable
Tottenham,2019-01-13 16:30:00,0.09463,-0.60115,0.08177,-0.62288,0.2132,0.1374,True,Stable
Tottenham,2019-01-20 16:00:00,0.14977,-0.38208,0.09463,-0.60115,0.8912,1.358,False,Unstable
Tottenham,2019-01-30 20:00:00,0.1651,-0.37959,0.14977,-0.38208,0.2461,0.0155,True,Stable
Tottenham,2019-02-02 12:30:00,0.17294,-0.32289,0.1651,-0.37959,0.1256,0.3527,True,Stable
Tottenham,2019-02-10 13:30:00,0.18747,-0.35992,0.17294,-0.32289,0.2327,0.2313,True,Stable
Tottenham,2019-02-23 12:30:00,0.22443,-0.42521,0.18747,-0.35992,0.5926,0.409,True,Stable
Tottenham,2019-02-27 20:00:00,0.22697,-0.40537,0.22443,-0.42521,0.0409,0.1242,True,Stable
Tottenham,2019-03-02 12:30:00,0.1996,-0.3385,0.22697,-0.40537,0.443,0.4189,True,Stable
Tottenham,2019-03-09 15:00:00,0.19785,-0.32521,0.1996,-0.3385,0.0284,0.0835,True,Stable
Tottenham,2019-03-31 15:30:00,0.17973,-0.19659,0.19785,-0.32521,0.2949,0.8119,True,Stable
Tottenham,2019-04-03 19:45:00,0.1729,-0.10013,0.17973,-0.19659,0.1111,0.6113,True,Stable
Tottenham,2019-04-13 12:30:00,0.19369,-0.16827,0.1729,-0.10013,0.3383,0.4318,True,Stable
Tottenham,2019-04-20 12:30:00,0.18248,-0.1665,0.19369,-0.16827,0.1829,0.0112,True,Stable
Tottenham,2019-04-23 19:45:00,0.17336,-0.24148,0.18248,-0.1665,0.149,0.4782,True,Stable
Tottenham,2019-04-27 12:30:00,0.16373,-0.19412,0.17336,-0.24148,0.1571,0.3034,True,Stable
Tottenham,2019-05-04 11:30:00,0.14302,-0.06686,0.16373,-0.19412,0.3375,0.8184,True,Stable
Tottenham,2019-05-12 14:00:00,0.13854,-0.04354,0.14302,-0.06686,0.0727,0.1497,True,Stable
Tottenham,2019-08-10 17:30:00,0.15187,-0.11682,0.13854,-0.04354,0.2147,0.4687,True,Stable
Tottenham,2019-08-17 17:30:00,0.16556,-0.10354,0.15187,-0.11682,0.2199,0.085,True,Stable
Tottenham,2019-08-25 16:30:00,0.17257,-0.08886,0.16556,-0.10354,0.1125,0.094,True,Stable
Tottenham,2019-09-01 16:30:00,0.14255,-0.21082,0.17257,-0.08886,0.482,0.7813,True,Stable
Tottenham,2019-09-14 14:00:00,0.13262,-0.28096,0.14255,-0.21082,0.1587,0.4511,True,Stable
Tottenham,2019-09-21 11:30:00,0.13725,-0.26238,0.13262,-0.28096,0.0735,0.12,True,Stable
Tottenham,2019-09-28 14:00:00,0.14017,-0.34277,0.13725,-0.26238,0.0462,0.5214,True,Stable
Tottenham,2019-10-05 12:30:00,0.14514,-0.4105,0.14017,-0.34277,0.0782,0.4403,True,Stable
Tottenham,2019-10-19 15:00:00,0.15765,-0.44937,0.14514,-0.4105,0.1965,0.2527,True,Stable
Tottenham,2019-10-27 16:30:00,0.16653,-0.30116,0.15765,-0.44937,0.1393,0.9606,True,Stable
Tottenham,2019-11-03 16:30:00,0.17778,-0.34778,0.16653,-0.30116,0.1765,0.3033,True,Stable
Tottenham,2019-11-09 15:00:00,0.16561,-0.27191,0.17778,-0.34778,0.1913,0.4948,True,Stable
Tottenham,2019-11-23 12:30:00,0.1682,-0.27863,0.16561,-0.27191,0.0406,0.044,True,Stable
Tottenham,2019-11-30 15:00:00,0.16483,-0.21569,0.1682,-0.27863,0.053,0.4137,True,Stable
Tottenham,2019-12-04 19:30:00,0.16638,-0.24473,0.16483,-0.21569,0.0244,0.1916,True,Stable
Tottenham,2019-12-07 15:00:00,0.16464,-0.31281,0.16638,-0.24473,0.0274,0.4509,True,Stable
Tottenham,2019-12-15 14:00:00,0.16224,-0.23824,0.16464,-0.31281,0.0378,0.4955,True,Stable
Tottenham,2019-12-22 16:30:00,0.21788,-0.16054,0.16224,-0.23824,0.8772,0.5183,True,Stable
Tottenham,2019-12-26 12:30:00,0.2251,-0.18113,0.21788,-0.16054,0.1142,0.1377,True,Stable
Tottenham,2019-12-28 17:30:00,0.2754,-0.16023,0.2251,-0.18113,0.7991,0.1401,True,Stable
Tottenham,2020-01-01 15:00:00,0.36837,-0.11257,0.2754,-0.16023,1.4787,0.3204,False,Unstable
Tottenham,2020-01-11 17:30:00,0.29647,-0.0861,0.36837,-0.11257,1.126,0.178,False,Unstable
Tottenham,2020-01-18 12:30:00,0.23773,-0.05616,0.29647,-0.0861,0.919,0.2012,True,Stable
Tottenham,2020-01-22 19:30:00,0.18405,-0.06005,0.23773,-0.05616,0.8429,0.026,True,Stable
Tottenham,2020-02-02 16:30:00,0.20526,-0.09015,0.18405,-0.06005,0.3338,0.2014,True,Stable
Tottenham,2020-02-16 14:00:00,0.17952,-0.02208,0.20526,-0.09015,0.4064,0.4553,True,Stable
Tottenham,2020-02-22 12:30:00,0.2029,-0.09379,0.17952,-0.02208,0.3697,0.4775,True,Stable
Tottenham,2020-03-01 14:00:00,0.22133,-0.18928,0.2029,-0.09379,0.2924,0.636,True,Stable
Tottenham,2020-03-07 17:30:00,0.20259,-0.16261,0.22133,-0.18928,0.2982,0.1782,True,Stable
Tottenham,2020-06-19 19:15:00,0.21359,-0.18898,0.20259,-0.16261,0.1756,0.1766,True,Stable
Tottenham,2020-06-23 19:15:00,0.23152,-0.2319,0.21359,-0.18898,0.2873,0.2884,True,Stable
Tottenham,2020-07-02 17:00:00,0.2091,-0.18318,0.23152,-0.2319,0.3604,0.3285,True,Stable
Tottenham,2020-07-06 19:00:00,0.21467,-0.20275,0.2091,-0.18318,0.0899,0.1324,True,Stable
Tottenham,2020-07-09 17:00:00,0.21497,-0.19347,0.21467,-0.20275,0.0049,0.063,True,Stable
Tottenham,2020-07-12 15:30:00,0.22885,-0.22369,0.21497,-0.19347,0.2254,0.2056,True,Stable
Tottenham,2020-07-15 17:00:00,0.25249,-0.26913,0.22885,-0.22369,0.3852,0.3102,True,Stable
Tottenham,2020-07-19 15:00:00,0.26521,-0.3388,0.25249,-0.26913,0.2078,0.4772,True,Stable
Tottenham,2020-07-26 15:00:00,0.23433,-0.34899,0.26521,-0.3388,0.5055,0.0699,True,Stable
Tottenham,2020-09-13 15:30:00,0.21339,-0.31878,0.23433,-0.34899,0.3439,0.2076,True,Stable
Tottenham,2020-09-20 11:00:00,0.17038,-0.42818,0.21339,-0.31878,0.7086,0.7536,True,Stable
Tottenham,2020-09-27 13:00:00,0.25035,-0.30431,0.17038,-0.42818,1.3184,0.8515,False,Unstable
Tottenham,2020-10-04 15:30:00,0.25497,-0.27335,0.25035,-0.30431,0.0764,0.2134,True,Stable
Tottenham,2020-10-18 15:30:00,0.24251,-0.29952,0.25497,-0.27335,0.2066,0.1809,True,Stable
Tottenham,2020-10-26 20:00:00,0.21361,-0.36228,0.24251,-0.29952,0.4802,0.4351,True,Stable
Tottenham,2020-11-01 19:15:00,0.25802,-0.28235,0.21361,-0.36228,0.7402,0.5547,True,Stable
Tottenham,2020-11-08 12:00:00,0.25779,-0.30661,0.25802,-0.28235,0.0038,0.1689,True,Stable
Tottenham,2020-11-21 17:30:00,0.24114,-0.35466,0.25779,-0.30661,0.2788,0.3353,True,Stable
Tottenham,2020-11-29 16:30:00,0.23593,-0.30142,0.24114,-0.35466,0.0875,0.372,True,Stable
Tottenham,2020-12-06 16:30:00,0.25105,-0.36591,0.23593,-0.30142,0.2547,0.4518,True,Stable
Tottenham,2020-12-13 14:15:00,0.24135,-0.33699,0.25105,-0.36591,0.1639,0.2028,True,Stable
Tottenham,2020-12-16 20:00:00,0.24309,-0.34975,0.24135,-0.33699,0.0296,0.0896,True,Stable
Tottenham,2020-12-20 14:15:00,0.24024,-0.27931,0.24309,-0.34975,0.0485,0.4957,True,Stable
Tottenham,2020-12-27 19:15:00,0.24528,-0.24361,0.24024,-0.27931,0.0858,0.2519,True,Stable
Tottenham,2021-01-02 12:30:00,0.2594,-0.16773,0.24528,-0.24361,0.2412,0.5371,True,Stable
Tottenham,2021-01-13 20:00:00,0.22613,-0.10141,0.2594,-0.16773,0.5693,0.4704,True,Stable
Tottenham,2021-01-17 14:00:00,0.29204,-0.12947,0.22613,-0.10141,1.1311,0.199,False,Unstable
Tottenham,2021-01-28 20:00:00,0.32796,-0.15323,0.29204,-0.12947,0.6158,0.1686,True,Stable
Tottenham,2021-01-31 19:15:00,0.26134,-0.18876,0.32796,-0.15323,1.1355,0.2526,False,Unstable
Tottenham,2021-02-04 20:00:00,0.26054,-0.21279,0.26134,-0.18876,0.0137,0.1713,True,Stable
Tottenham,2021-02-07 12:00:00,0.31671,-0.28801,0.26054,-0.21279,0.9612,0.5375,True,Stable
Tottenham,2021-02-13 17:30:00,0.41,-0.27995,0.31671,-0.28801,1.5906,0.0578,False,Unstable
Tottenham,2021-02-21 12:00:00,0.41116,-0.2661,0.41,-0.27995,0.0192,0.0995,True,Stable
Tottenham,2021-02-28 14:00:00,0.49789,-0.29568,0.41116,-0.2661,1.4111,0.2131,False,Unstable
Tottenham,2021-03-04 18:00:00,0.47947,-0.28915,0.49789,-0.29568,0.2855,0.0472,True,Stable
Tottenham,2021-03-07 19:15:00,0.45047,-0.29167,0.47947,-0.28915,0.4331,0.0182,True,Stable
Tottenham,2021-03-14 16:30:00,0.43103,-0.30768,0.45047,-0.29167,0.2829,0.1163,True,Stable
Tottenham,2021-03-21 19:30:00,0.4104,-0.33655,0.43103,-0.30768,0.2945,0.2101,True,Stable
Tottenham,2021-04-04 13:05:00,0.4437,-0.30849,0.4104,-0.33655,0.4685,0.2045,True,Stable
Tottenham,2021-04-11 15:30:00,0.44906,-0.32991,0.4437,-0.30849,0.0739,0.1564,True,Stable
Tottenham,2021-04-16 19:00:00,0.45984,-0.31785,0.44906,-0.32991,0.1456,0.0883,True,Stable
Tottenham,2021-04-21 19:00:00,0.47098,-0.32968,0.45984,-0.31785,0.1474,0.0867,True,Stable
Tottenham,2021-05-02 18:15:00,0.495,-0.35835,0.47098,-0.32968,0.3109,0.2106,True,Stable
Tottenham,2021-05-08 11:30:00,0.46648,-0.3588,0.495,-0.35835,0.3597,0.0033,True,Stable
Tottenham,2021-05-16 13:05:00,0.47146,-0.31736,0.46648,-0.3588,0.0617,0.3049,True,Stable
Tottenham,2021-05-19 17:00:00,0.50079,-0.30004,0.47146,-0.31736,0.3567,0.1277,True,Stable
Tottenham,2021-05-23 15:00:00,0.52657,-0.31137,0.50079,-0.30004,0.3066,0.0837,True,Stable
Tottenham,2021-08-15 15:30:00,0.66714,-0.26085,0.52657,-0.31137,1.6289,0.3742,False,Unstable
Tottenham,2021-08-22 13:00:00,0.54679,-0.26006,0.66714,-0.26085,1.3186,0.0059,False,Unstable
Tottenham,2021-08-29 13:00:00,0.59178,-0.25841,0.54679,-0.26006,0.4811,0.0123,True,Stable
Tottenham,2021-09-11 11:30:00,0.64609,-0.24302,0.59178,-0.25841,0.5632,0.1149,True,Stable
Tottenham,2021-09-19 15:30:00,0.7909,-0.19572,0.64609,-0.24302,1.4448,0.354,False,Unstable
Tottenham,2021-09-26 15:30:00,0.62676,-0.18411,0.7909,-0.19572,1.5329,0.0871,False,Unstable
Tottenham,2021-10-03 13:00:00,0.66054,-0.16313,0.62676,-0.18411,0.307,0.1576,True,Stable
Tottenham,2021-10-17 15:30:00,0.6716,-0.17464,0.66054,-0.16313,0.0976,0.0866,True,Stable
Tottenham,2021-10-24 13:00:00,0.64724,-0.17912,0.6716,-0.17464,0.2086,0.0338,True,Stable
Tottenham,2021-10-30 16:30:00,0.62012,-0.15702,0.64724,-0.17912,0.2268,0.1669,True,Stable
Tottenham,2021-11-07 14:00:00,0.58941,-0.14111,0.62012,-0.15702,0.2519,0.1203,True,Stable
Tottenham,2021-11-21 16:30:00,0.54539,-0.11554,0.58941,-0.14111,0.3559,0.1936,True,Stable
Tottenham,2021-12-02 19:30:00,0.40409,-0.09815,0.54539,-0.11554,1.1313,0.1316,False,Unstable
Tottenham,2021-12-05 14:00:00,0.42503,-0.09932,0.40409,-0.09815,0.1676,0.0088,True,Stable
Tottenham,2021-12-19 16:30:00,0.42111,-0.11356,0.42503,-0.09932,0.0314,0.1077,True,Stable
Tottenham,2021-12-26 15:00:00,0.4826,-0.15119,0.42111,-0.11356,0.4911,0.2844,True,Stable
Tottenham,2021-12-28 15:00:00,0.40545,-0.10975,0.4826,-0.15119,0.6134,0.3136,True,Stable
Tottenham,2022-01-01 15:00:00,0.32966,-0.04756,0.40545,-0.10975,0.6025,0.4706,True,Stable
Tottenham,2022-01-19 19:30:00,0.20684,0.04825,0.32966,-0.04756,0.9783,0.7229,True,Stable
Tottenham,2022-01-23 16:30:00,0.18795,0.04218,0.20684,0.04825,0.1507,0.0454,True,Stable
Tottenham,2022-02-09 19:45:00,0.15268,0.16785,0.18795,0.04218,0.2818,0.9318,True,Stable
Tottenham,2022-02-13 14:00:00,0.14724,0.084,0.15268,0.16785,0.0435,0.61,True,Stable
Tottenham,2022-02-19 17:30:00,0.18382,-0.00482,0.14724,0.084,0.2922,0.6394,True,Stable
Tottenham,2022-02-23 19:30:00,0.1725,0.04565,0.18382,-0.00482,0.0905,0.3618,True,Stable
Tottenham,2022-02-26 12:30:00,0.18155,-0.00832,0.1725,0.04565,0.0724,0.3841,True,Stable
Tottenham,2022-03-07 20:00:00,0.17902,-0.00379,0.18155,-0.00832,0.0203,0.0321,True,Stable
Tottenham,2022-03-12 17:30:00,0.16827,-0.02186,0.17902,-0.00379,0.0862,0.1276,True,Stable
Tottenham,2022-03-16 19:30:00,0.19349,0.01121,0.16827,-0.02186,0.2025,0.233,True,Stable
Tottenham,2022-03-20 16:30:00,0.12548,-0.12618,0.19349,0.01121,0.5468,0.9636,True,Stable
Tottenham,2022-04-03 15:30:00,0.12449,-0.10634,0.12548,-0.12618,0.0079,0.1393,True,Stable
Tottenham,2022-04-09 16:30:00,0.07783,-0.34804,0.12449,-0.10634,0.3746,1.698,False,Unstable
Tottenham,2022-04-16 11:30:00,0.09585,-0.23244,0.07783,-0.34804,0.1442,0.8127,True,Stable
Tottenham,2022-04-23 16:30:00,0.10484,-0.12961,0.09585,-0.23244,0.0718,0.7245,True,Stable
Tottenham,2022-05-01 13:00:00,0.09233,-0.17392,0.10484,-0.12961,0.0998,0.3126,True,Stable
Tottenham,2022-05-07 18:45:00,0.09989,-0.1666,0.09233,-0.17392,0.0602,0.0517,True,Stable
Tottenham,2022-05-12 18:45:00,0.13744,-0.02519,0.09989,-0.1666,0.2983,1.0012,False,Unstable
Tottenham,2022-05-15 11:00:00,0.1422,0.07267,0.13744,-0.02519,0.0379,0.6912,True,Stable
Tottenham,2022-05-22 15:00:00,0.13594,-0.04914,0.1422,0.07267,0.0498,0.8538,True,Stable
Tottenham,2022-08-06 14:00:00,0.13188,-0.12283,0.13594,-0.04914,0.0322,0.5159,True,Stable
Tottenham,2022-08-14 15:30:00,0.12842,-0.09527,0.13188,-0.12283,0.0275,0.1931,True,Stable
Tottenham,2022-08-20 11:30:00,0.12683,-0.10544,0.12842,-0.09527,0.0126,0.0713,True,Stable
Tottenham,2022-08-28 15:30:00,0.10648,-0.31923,0.12683,-0.10544,0.1616,1.4998,False,Unstable
Tottenham,2022-08-31 18:45:00,0.11674,-0.27507,0.10648,-0.31923,0.0814,0.3102,True,Stable
Tottenham,2022-09-03 14:00:00,0.13135,-0.10011,0.11674,-0.27507,0.1158,1.2313,False,Unstable
Tottenham,2022-09-17 16:30:00,0.14785,-0.18746,0.13135,-0.10011,0.1307,0.615,True,Stable
Tottenham,2022-10-01 11:30:00,0.1453,-0.22062,0.14785,-0.18746,0.0202,0.234,True,Stable
Tottenham,2022-10-08 16:30:00,0.13881,-0.28437,0.1453,-0.22062,0.0514,0.4507,True,Stable
Tottenham,2022-10-15 16:30:00,0.14834,-0.29649,0.13881,-0.28437,0.0756,0.0858,True,Stable
Tottenham,2022-10-19 19:15:00,0.15393,-0.33195,0.14834,-0.29649,0.0444,0.2515,True,Stable
Tottenham,2022-10-23 15:30:00,0.20645,-0.22905,0.15393,-0.33195,0.4172,0.7305,True,Stable
Tottenham,2022-10-29 14:00:00,0.19995,-0.22483,0.20645,-0.22905,0.0517,0.03,True,Stable
Tottenham,2022-11-06 16:30:00,0.19,-0.1855,0.19995,-0.22483,0.0793,0.2804,True,Stable
Tottenham,2022-11-12 15:00:00,0.20228,-0.21034,0.19,-0.1855,0.098,0.1775,True,Stable
Tottenham,2022-12-26 12:30:00,0.21673,-0.30169,0.20228,-0.21034,0.1155,0.6538,True,Stable
Tottenham,2023-01-01 14:00:00,0.23475,-0.33605,0.21673,-0.30169,0.1443,0.2463,True,Stable
Tottenham,2023-01-04 20:00:00,0.28701,-0.42307,0.23475,-0.33605,0.4195,0.6243,True,Stable
Tottenham,2023-01-15 16:30:00,0.34018,-0.41767,0.28701,-0.42307,0.4275,0.0387,True,Stable
Tottenham,2023-01-19 19:00:00,0.42146,-0.42326,0.34018,-0.41767,0.6543,0.0399,True,Stable
Tottenham,2023-01-23 20:00:00,0.49385,-0.416,0.42146,-0.42326,0.5819,0.0518,True,Stable
Tottenham,2023-02-05 16:30:00,0.49499,-0.41273,0.49385,-0.416,0.0091,0.0233,True,Stable
Tottenham,2023-02-11 15:00:00,0.48901,-0.38289,0.49499,-0.41273,0.0475,0.2122,True,Stable
Tottenham,2023-02-19 16:30:00,0.50318,-0.38455,0.48901,-0.38289,0.1122,0.0118,True,Stable
Tottenham,2023-02-26 13:30:00,0.48971,-0.36476,0.50318,-0.38455,0.1061,0.1406,True,Stable
Tottenham,2023-03-04 15:00:00,0.49166,-0.32148,0.48971,-0.36476,0.0153,0.3077,True,Stable
Tottenham,2023-03-11 15:00:00,0.51343,-0.33792,0.49166,-0.32148,0.17,0.117,True,Stable
Tottenham,2023-03-18 15:00:00,0.54305,-0.33236,0.51343,-0.33792,0.23,0.0396,True,Stable
Tottenham,2023-04-03 19:00:00,0.58068,-0.31607,0.54305,-0.33236,0.2901,0.1162,True,Stable
Tottenham,2023-04-08 14:00:00,0.66416,-0.29669,0.58068,-0.31607,0.6375,0.1383,True,Stable
Tottenham,2023-04-15 14:00:00,0.70869,-0.30208,0.66416,-0.29669,0.3348,0.0386,True,Stable
Tottenham,2023-04-23 13:00:00,0.77279,-0.28979,0.70869,-0.30208,0.4728,0.088,True,Stable
Tottenham,2023-04-27 19:15:00,0.90742,-0.26016,0.77279,-0.28979,0.9696,0.2125,True,Stable
Tottenham,2023-04-30 15:30:00,1.01307,-0.26804,0.90742,-0.26016,0.7333,0.0566,True,Stable
Tottenham,2023-05-06 14:00:00,0.90578,-0.2798,1.01307,-0.26804,0.7111,0.0847,True,Stable
Tottenham,2023-05-13 14:00:00,0.99014,-0.29272,0.90578,-0.2798,0.5426,0.0931,True,Stable
Tottenham,2023-05-20 11:30:00,0.95697,-0.28209,0.99014,-0.29272,0.2057,0.0767,True,Stable
Tottenham,2023-05-28 15:30:00,1.0111,-0.29055,0.95697,-0.28209,0.3257,0.0612,True,Stable
Tottenham,2023-08-13 13:00:00,1.03059,-0.28301,1.0111,-0.29055,0.1135,0.0547,True,Stable
Tottenham,2023-08-19 16:30:00,1.04424,-0.27692,1.03059,-0.28301,0.077,0.0442,True,Stable
Tottenham,2023-08-26 11:30:00,1.08246,-0.26358,1.04424,-0.27692,0.2089,0.097,True,Stable
Tottenham,2023-09-02 14:00:00,1.13302,-0.28621,1.08246,-0.26358,0.2677,0.1649,True,Stable
Tottenham,2023-09-16 14:00:00,1.07801,-0.30599,1.13302,-0.28621,0.2817,0.1443,True,Stable
Tottenham,2023-09-24 13:00:00,0.91348,-0.28592,1.07801,-0.30599,0.8203,0.1467,True,Stable
Tottenham,2023-09-30 16:30:00,0.94511,-0.28271,0.91348,-0.28592,0.1554,0.0235,True,Stable
Tottenham,2023-10-07 11:30:00,1.02317,-0.26318,0.94511,-0.28271,0.3773,0.1431,True,Stable
Tottenham,2023-10-23 19:00:00,0.99118,-0.23569,1.02317,-0.26318,0.1516,0.2017,True,Stable
Tottenham,2023-10-27 19:00:00,0.97697,-0.22298,0.99118,-0.23569,0.0662,0.0935,True,Stable
Tottenham,2023-11-06 20:00:00,0.77753,-0.25115,0.97697,-0.22298,0.9152,0.2076,True,Stable
Tottenham,2023-11-11 12:30:00,0.82465,-0.25509,0.77753,-0.25115,0.2149,0.0291,True,Stable
Tottenham,2023-11-26 14:00:00,0.97808,-0.27121,0.82465,-0.25509,0.6942,0.1192,True,Stable
Tottenham,2023-12-03 16:30:00,1.03001,-0.28645,0.97808,-0.27121,0.2317,0.1129,True,Stable
Tottenham,2023-12-07 20:15:00,1.02179,-0.27287,1.03001,-0.28645,0.0361,0.1007,True,Stable
Tottenham,2023-12-10 16:30:00,1.03187,-0.26587,1.02179,-0.27287,0.0436,0.0521,True,Stable
Tottenham,2023-12-15 20:00:00,1.08168,-0.24644,1.03187,-0.26587,0.2124,0.1446,True,Stable
Tottenham,2023-12-23 15:00:00,1.2052,-0.2524,1.08168,-0.24644,0.5182,0.0444,True,Stable
Tottenham,2023-12-28 19:30:00,1.38422,-0.23652,1.2052,-0.2524,0.7351,0.1186,True,Stable
Tottenham,2023-12-31 14:00:00,1.3962,-0.24278,1.38422,-0.23652,0.0477,0.0468,True,Stable
Tottenham,2024-01-14 16:30:00,1.39962,-0.25115,1.3962,-0.24278,0.0133,0.0628,True,Stable
Tottenham,2024-01-31 19:30:00,1.43815,-0.26978,1.39962,-0.25115,0.1452,0.1399,True,Stable
Tottenham,2024-02-03 12:30:00,1.38129,-0.27431,1.43815,-0.26978,0.2086,0.034,True,Stable
Tottenham,2024-02-10 15:00:00,1.34791,-0.27947,1.38129,-0.27431,0.1197,0.0389,True,Stable
Tottenham,2024-02-17 15:00:00,1.43954,-0.28352,1.34791,-0.27947,0.3222,0.0305,True,Stable
Tottenham,2024-03-02 15:00:00,1.31758,-0.27332,1.43954,-0.28352,0.4193,0.0771,True,Stable
Tottenham,2024-03-10 13:00:00,1.45558,-0.27346,1.31758,-0.27332,0.4666,0.0011,True,Stable
Tottenham,2024-03-16 17:30:00,1.75084,-0.25713,1.45558,-0.27346,0.9774,0.1238,True,Stable
Tottenham,2024-03-30 15:00:00,1.38454,-0.23652,1.75084,-0.25713,1.1733,0.1565,False,Unstable
Tottenham,2024-04-02 19:15:00,1.24799,-0.21201,1.38454,-0.23652,0.4305,0.1864,True,Stable
Tottenham,2024-04-07 19:00:00,1.23819,-0.20689,1.24799,-0.21201,0.0306,0.039,True,Stable
Tottenham,2024-04-13 11:30:00,1.03421,-0.18729,1.23819,-0.20689,0.6295,0.1495,True,Stable
Tottenham,2024-04-28 13:00:00,0.92271,-0.16683,1.03421,-0.18729,0.3423,0.1563,True,Stable
Tottenham,2024-05-02 18:30:00,0.78395,-0.15383,0.92271,-0.16683,0.4248,0.0994,True,Stable
Tottenham,2024-05-05 15:30:00,0.77822,-0.15143,0.78395,-0.15383,0.0175,0.0184,True,Stable
Tottenham,2024-05-11 14:00:00,0.67711,-0.12462,0.77822,-0.15143,0.309,0.2055,True,Stable
Tottenham,2024-05-14 19:00:00,0.46102,-0.04699,0.67711,-0.12462,0.6607,0.5953,True,Stable
Tottenham,2024-05-19 15:00:00,0.38453,-0.02119,0.46102,-0.04699,0.2342,0.1975,True,Stable
Tottenham,2024-08-19 19:00:00,0.37216,-0.01328,0.38453,-0.02119,0.0379,0.0604,True,Stable
Tottenham,2024-08-24 14:00:00,0.36572,-0.00305,0.37216,-0.01328,0.0198,0.0779,True,Stable
Tottenham,2024-09-01 12:30:00,0.39403,0.058,0.36572,-0.00305,0.0871,0.463,True,Stable
Tottenham,2024-09-15 13:00:00,0.37351,0.03987,0.39403,0.058,0.0633,0.1367,True,Stable
Tottenham,2024-09-21 14:00:00,0.36657,0.05487,0.37351,0.03987,0.0214,0.1125,True,Stable
Tottenham,2024-09-29 15:30:00,0.34714,0.11543,0.36657,0.05487,0.0601,0.4514,True,Stable
Tottenham,2024-10-06 15:30:00,0.29076,0.1448,0.34714,0.11543,0.1746,0.217,True,Stable
Tottenham,2024-10-19 11:30:00,0.35876,0.05601,0.29076,0.1448,0.2109,0.649,True,Stable
Tottenham,2024-10-27 14:00:00,0.34705,0.07616,0.35876,0.05601,0.0364,0.1466,True,Stable
Tottenham,2024-11-03 14:00:00,0.3617,0.033,0.34705,0.07616,0.0456,0.3119,True,Stable
Tottenham,2024-11-10 14:00:00,0.30921,-0.00188,0.3617,0.033,0.1636,0.2511,True,Stable
Tottenham,2024-11-23 17:30:00,0.28577,-0.01438,0.30921,-0.00188,0.0732,0.0897,True,Stable
Tottenham,2024-12-01 13:30:00,0.35738,0.06714,0.28577,-0.01438,0.2239,0.5841,True,Stable
Tottenham,2024-12-05 20:15:00,0.33164,0.04256,0.35738,0.06714,0.0806,0.1752,True,Stable
Tottenham,2024-12-08 16:30:00,0.35482,0.07415,0.33164,0.04256,0.0727,0.2242,True,Stable
Tottenham,2024-12-15 19:00:00,0.36821,0.04742,0.35482,0.07415,0.0421,0.1887,True,Stable
Tottenham,2024-12-22 16:30:00,0.37008,0.05597,0.36821,0.04742,0.0059,0.0601,True,Stable
Tottenham,2024-12-26 15:00:00,0.33176,0.02805,0.37008,0.05597,0.1207,0.1955,True,Stable
Tottenham,2024-12-29 15:00:00,0.32402,0.04283,0.33176,0.02805,0.0244,0.1032,True,Stable
Tottenham,2025-01-04 12:30:00,0.3339,0.05823,0.32402,0.04283,0.0312,0.1071,True,Stable
Tottenham,2025-01-15 20:00:00,0.33948,0.06439,0.3339,0.05823,0.0177,0.0427,True,Stable
Tottenham,2025-01-19 14:00:00,0.36842,0.09966,0.33948,0.06439,0.0917,0.2432,True,Stable
Tottenham,2025-01-26 14:00:00,0.39048,0.09813,0.36842,0.09966,0.07,0.0105,True,Stable
Tottenham,2025-02-02 14:00:00,0.36192,0.06046,0.39048,0.09813,0.0908,0.2568,True,Stable
Tottenham,2025-02-16 16:30:00,0.36941,0.06644,0.36192,0.06046,0.0238,0.0406,True,Stable
Tottenham,2025-02-22 15:00:00,0.3594,0.06307,0.36941,0.06644,0.0319,0.0228,True,Stable
Tottenham,2025-02-26 19:30:00,0.32323,0.03481,0.3594,0.06307,0.1155,0.1905,True,Stable
Tottenham,2025-03-09 14:00:00,0.3108,-0.00145,0.32323,0.03481,0.0398,0.2438,True,Stable
Tottenham,2025-03-16 13:30:00,0.35115,0.037,0.3108,-0.00145,0.1293,0.2581,True,Stable
Tottenham,2025-04-03 19:00:00,0.34317,0.0626,0.35115,0.037,0.0256,0.1714,True,Stable
Tottenham,2025-04-06 13:00:00,0.31758,0.06189,0.34317,0.0626,0.0822,0.0047,True,Stable
Tottenham,2025-04-13 13:00:00,0.32203,0.06342,0.31758,0.06189,0.0143,0.0102,True,Stable
Tottenham,2025-04-21 19:00:00,0.30154,0.09334,0.32203,0.06342,0.066,0.1983,True,Stable
Tottenham,2025-04-27 15:30:00,0.32161,0.08811,0.30154,0.09334,0.0647,0.0345,True,Stable
Tottenham,2025-05-04 13:00:00,0.33603,0.0191,0.32161,0.08811,0.0466,0.4535,True,Stable
Tottenham,2025-05-11 13:15:00,0.3826,0.01048,0.33603,0.0191,0.1507,0.0566,True,Stable
Tottenham,2025-05-16 18:30:00,0.40103,0.01894,0.3826,0.01048,0.0597,0.0554,True,Stable
Tottenham,2025-05-25 15:00:00,0.40823,0.01679,0.40103,0.01894,0.0234,0.0141,True,Stable
West Ham,2017-08-19 15:00:00,0.28644,0.06013,0.29318,0.05252,0.0772,0.1086,True,Stable
West Ham,2017-08-26 15:00:00,0.29584,0.04614,0.28644,0.06013,0.1089,0.1952,True,Stable
West Ham,2017-09-11 20:00:00,0.28886,0.05615,0.29584,0.04614,0.0819,0.138,True,Stable
West Ham,2017-09-16 15:00:00,0.28404,0.04425,0.28886,0.05615,0.0572,0.1616,True,Stable
West Ham,2017-09-23 12:30:00,0.29175,0.01874,0.28404,0.04425,0.0926,0.3437,True,Stable
West Ham,2017-09-30 15:00:00,0.28989,0.01909,0.29175,0.01874,0.0226,0.0046,True,Stable
West Ham,2017-10-14 15:00:00,0.27888,-0.02255,0.28989,0.01909,0.1353,0.5637,True,Stable
West Ham,2017-10-20 20:00:00,0.29181,-0.03335,0.27888,-0.02255,0.1605,0.1477,True,Stable
West Ham,2017-10-28 15:00:00,0.25959,-0.05851,0.29181,-0.03335,0.4041,0.348,True,Stable
West Ham,2017-11-04 17:30:00,0.28315,-0.03436,0.25959,-0.05851,0.2978,0.3374,True,Stable
West Ham,2017-11-19 16:00:00,0.29804,-0.00064,0.28315,-0.03436,0.1899,0.4759,True,Stable
West Ham,2017-11-24 20:00:00,0.29671,0.00826,0.29804,-0.00064,0.0171,0.1264,True,Stable
West Ham,2017-11-29 20:00:00,0.29776,0.07106,0.29671,0.00826,0.0136,0.8962,True,Stable
West Ham,2017-12-03 16:00:00,0.27327,0.08473,0.29776,0.07106,0.322,0.192,True,Stable
West Ham,2017-12-09 12:30:00,0.26873,0.05987,0.27327,0.08473,0.0603,0.3425,True,Stable
West Ham,2017-12-13 20:00:00,0.27823,0.0506,0.26873,0.05987,0.127,0.1268,True,Stable
West Ham,2017-12-16 16:00:00,0.26794,0.02211,0.27823,0.0506,0.1386,0.3883,True,Stable
West Ham,2017-12-23 15:00:00,0.29592,-0.04125,0.26794,0.02211,0.3799,0.8669,True,Stable
West Ham,2017-12-26 15:00:00,0.25497,-0.03951,0.29592,-0.04125,0.5611,0.0241,True,Stable
West Ham,2018-01-02 19:45:00,0.23568,-0.0328,0.25497,-0.03951,0.2656,0.0934,True,Stable
West Ham,2018-01-04 20:00:00,0.22442,-0.09273,0.23568,-0.0328,0.1555,0.8418,True,Stable
West Ham,2018-01-13 15:00:00,0.11379,-0.15925,0.22442,-0.09273,1.5268,0.937,False,Unstable
West Ham,2018-01-20 15:00:00,0.11378,-0.10944,0.11379,-0.15925,0.0002,0.6901,True,Stable
West Ham,2018-01-30 19:45:00,0.10254,-0.15355,0.11378,-0.10944,0.1433,0.6113,True,Stable
West Ham,2018-02-03 15:00:00,0.10852,-0.12749,0.10254,-0.15355,0.0736,0.3568,True,Stable
West Ham,2018-02-10 15:00:00,0.1262,-0.05867,0.10852,-0.12749,0.2112,0.9393,True,Stable
West Ham,2018-02-24 15:00:00,0.12411,-0.06074,0.1262,-0.05867,0.0245,0.0284,True,Stable
West Ham,2018-03-03 15:00:00,0.11397,-0.13843,0.12411,-0.06074,0.1167,1.0761,False,Unstable
West Ham,2018-03-10 15:00:00,0.11842,-0.10583,0.11397,-0.13843,0.0503,0.4491,True,Stable
West Ham,2018-03-31 15:00:00,0.11272,-0.20022,0.11842,-0.10583,0.0633,1.3027,False,Unstable
West Ham,2018-04-08 15:30:00,0.10716,-0.25741,0.11272,-0.20022,0.0608,0.7694,True,Stable
West Ham,2018-04-16 19:00:00,0.11493,-0.25754,0.10716,-0.25741,0.0836,0.0017,True,Stable
West Ham,2018-04-22 12:30:00,0.12094,-0.28023,0.11493,-0.25754,0.0639,0.2794,True,Stable
West Ham,2018-04-29 13:15:00,0.122,-0.41019,0.12094,-0.28023,0.0111,1.5291,False,Unstable
West Ham,2018-05-05 15:00:00,0.16168,-0.37353,0.122,-0.41019,0.4138,0.39,True,Stable
West Ham,2018-05-10 19:45:00,0.20552,-0.32801,0.16168,-0.37353,0.4567,0.4543,True,Stable
West Ham,2018-05-13 15:00:00,0.23727,-0.37682,0.20552,-0.32801,0.3322,0.4691,True,Stable
West Ham,2018-08-12 15:30:00,0.24384,-0.3579,0.23727,-0.37682,0.0692,0.1732,True,Stable
West Ham,2018-08-18 17:00:00,0.25592,-0.33906,0.24384,-0.3579,0.128,0.1663,True,Stable
West Ham,2018-08-25 17:00:00,0.2395,-0.30969,0.25592,-0.33906,0.1751,0.2524,True,Stable
West Ham,2018-09-01 14:00:00,0.25587,-0.32409,0.2395,-0.30969,0.1756,0.1216,True,Stable
West Ham,2018-09-16 15:00:00,0.20588,-0.26989,0.25587,-0.32409,0.5399,0.4488,True,Stable
West Ham,2018-09-23 12:30:00,0.19125,-0.24753,0.20588,-0.26989,0.1586,0.1837,True,Stable
West Ham,2018-09-29 11:30:00,0.2215,-0.27437,0.19125,-0.24753,0.3289,0.2196,True,Stable
West Ham,2018-10-05 19:00:00,0.21557,-0.2536,0.2215,-0.27437,0.0647,0.1687,True,Stable
West Ham,2018-10-20 14:00:00,0.20982,-0.21304,0.21557,-0.2536,0.0632,0.3279,True,Stable
West Ham,2018-10-27 16:30:00,0.16855,-0.16575,0.20982,-0.21304,0.4551,0.3826,True,Stable
West Ham,2018-11-03 15:00:00,0.23481,-0.28473,0.16855,-0.16575,0.7309,0.9664,True,Stable
West Ham,2018-11-10 15:00:00,0.22626,-0.23427,0.23481,-0.28473,0.0949,0.4068,True,Stable
West Ham,2018-11-24 15:00:00,0.24409,-0.25783,0.22626,-0.23427,0.1988,0.1897,True,Stable
West Ham,2018-12-01 15:00:00,0.2855,-0.29413,0.24409,-0.25783,0.4643,0.2914,True,Stable
West Ham,2018-12-04 19:45:00,0.3147,-0.32633,0.2855,-0.29413,0.329,0.2566,True,Stable
West Ham,2018-12-08 15:00:00,0.3051,-0.32409,0.3147,-0.32633,0.1085,0.0177,True,Stable
West Ham,2018-12-15 17:30:00,0.30825,-0.37572,0.3051,-0.32409,0.0358,0.4025,True,Stable
West Ham,2018-12-22 15:00:00,0.3256,-0.35608,0.30825,-0.37572,0.1976,0.1505,True,Stable
West Ham,2018-12-27 19:45:00,0.31682,-0.36383,0.3256,-0.35608,0.1002,0.0586,True,Stable
West Ham,2018-12-30 14:15:00,0.34163,-0.3262,0.31682,-0.36383,0.284,0.2808,True,Stable
West Ham,2019-01-02 19:45:00,0.33362,-0.30603,0.34163,-0.3262,0.0917,0.1494,True,Stable
West Ham,2019-01-12 12:30:00,0.3359,-0.22243,0.33362,-0.30603,0.0262,0.6164,True,Stable
West Ham,2019-01-19 15:00:00,0.43292,-0.224,0.3359,-0.22243,1.115,0.0116,False,Unstable
West Ham,2019-01-29 19:45:00,0.44505,-0.20593,0.43292,-0.224,0.1374,0.1338,True,Stable
West Ham,2019-02-04 20:00:00,0.50528,-0.20578,0.44505,-0.20593,0.6718,0.0012,True,Stable
West Ham,2019-02-09 15:00:00,0.54454,-0.16724,0.50528,-0.20578,0.4251,0.2873,True,Stable
West Ham,2019-02-22 19:45:00,0.42262,-0.16249,0.54454,-0.16724,1.2716,0.0356,False,Unstable
West Ham,2019-02-27 20:00:00,0.41868,-0.14919,0.42262,-0.16249,0.0408,0.1,True,Stable
West Ham,2019-03-02 17:30:00,0.40493,-0.14801,0.41868,-0.14919,0.1415,0.009,True,Stable
West Ham,2019-03-09 15:00:00,0.38774,-0.11251,0.40493,-0.14801,0.1761,0.2696,True,Stable
West Ham,2019-03-16 15:00:00,0.49651,-0.13703,0.38774,-0.11251,1.1132,0.1871,False,Unstable
West Ham,2019-03-30 17:30:00,0.50758,-0.13398,0.49651,-0.13703,0.1111,0.0234,True,Stable
West Ham,2019-04-08 20:00:00,0.51981,-0.13073,0.50758,-0.13398,0.1205,0.025,True,Stable
West Ham,2019-04-13 17:30:00,0.59114,-0.10306,0.51981,-0.13073,0.6884,0.2141,True,Stable
West Ham,2019-04-20 15:00:00,0.61626,-0.11162,0.59114,-0.10306,0.2342,0.0666,True,Stable
West Ham,2019-04-27 12:30:00,0.63798,-0.10009,0.61626,-0.11162,0.1952,0.09,True,Stable
West Ham,2019-05-04 14:00:00,0.68982,-0.08724,0.63798,-0.10009,0.4483,0.1008,True,Stable
West Ham,2019-05-12 14:00:00,0.70593,-0.09864,0.68982,-0.08724,0.133,0.0897,True,Stable
West Ham,2019-08-10 12:30:00,0.69976,-0.09997,0.70593,-0.09864,0.0487,0.0106,True,Stable
West Ham,2019-08-17 15:00:00,0.69748,-0.10191,0.69976,-0.09997,0.0174,0.0154,True,Stable
West Ham,2019-08-24 15:00:00,0.69981,-0.0994,0.69748,-0.10191,0.0171,0.02,True,Stable
West Ham,2019-08-31 15:00:00,0.68696,-0.08937,0.69981,-0.0994,0.0917,0.0803,True,Stable
West Ham,2019-09-16 19:00:00,0.60376,-0.07449,0.68696,-0.08937,0.5786,0.1197,True,Stable
West Ham,2019-09-22 13:00:00,0.6735,-0.07662,0.60376,-0.07449,0.4788,0.0172,True,Stable
West Ham,2019-09-28 14:00:00,0.65833,-0.09419,0.6735,-0.07662,0.102,0.1422,True,Stable
West Ham,2019-10-05 17:30:00,0.65041,-0.09919,0.65833,-0.09419,0.0524,0.0407,True,Stable
West Ham,2019-10-19 12:30:00,0.66628,-0.12443,0.65041,-0.09919,0.1033,0.206,True,Stable
West Ham,2019-10-26 15:00:00,0.58614,-0.10293,0.66628,-0.12443,0.5136,0.1761,True,Stable
West Ham,2019-11-02 15:00:00,0.56986,-0.11432,0.58614,-0.10293,0.1036,0.0937,True,Stable
West Ham,2019-11-09 15:00:00,0.51688,-0.09469,0.56986,-0.11432,0.3353,0.1622,True,Stable
West Ham,2019-11-23 12:30:00,0.54051,-0.09768,0.51688,-0.09469,0.1493,0.0248,True,Stable
West Ham,2019-11-30 15:00:00,0.51559,-0.07292,0.54051,-0.09768,0.157,0.2061,True,Stable
West Ham,2019-12-04 19:30:00,0.55189,-0.07337,0.51559,-0.07292,0.2284,0.0038,True,Stable
West Ham,2019-12-09 20:00:00,0.66003,-0.0497,0.55189,-0.07337,0.6783,0.1983,True,Stable
West Ham,2019-12-14 17:30:00,0.702,-0.05446,0.66003,-0.0497,0.2602,0.04,True,Stable
West Ham,2019-12-26 15:00:00,0.87084,-0.036,0.702,-0.05446,1.0306,0.1555,False,Unstable
West Ham,2019-12-28 17:30:00,0.79371,-0.04407,0.87084,-0.036,0.4549,0.0681,True,Stable
West Ham,2020-01-01 17:30:00,0.76546,-0.0658,0.79371,-0.04407,0.163,0.1838,True,Stable
West Ham,2020-01-10 20:00:00,0.76811,-0.07214,0.76546,-0.0658,0.0151,0.0537,True,Stable
West Ham,2020-01-18 15:00:00,0.7598,-0.06179,0.76811,-0.07214,0.0464,0.0881,True,Stable
West Ham,2020-01-22 19:30:00,0.74921,-0.06526,0.7598,-0.06179,0.0582,0.0296,True,Stable
West Ham,2020-01-29 19:45:00,0.72842,-0.04592,0.74921,-0.06526,0.1127,0.1655,True,Stable
West Ham,2020-02-01 15:00:00,0.65983,-0.05894,0.72842,-0.04592,0.368,0.1117,True,Stable
West Ham,2020-02-19 19:30:00,0.72634,-0.06984,0.65983,-0.05894,0.355,0.0937,True,Stable
West Ham,2020-02-24 20:00:00,0.78854,-0.09049,0.72634,-0.06984,0.3289,0.1782,True,Stable
West Ham,2020-02-29 15:00:00,0.72976,-0.10803,0.78854,-0.09049,0.3065,0.1519,True,Stable
West Ham,2020-03-07 15:00:00,0.76333,-0.12022,0.72976,-0.10803,0.1735,0.1059,True,Stable
West Ham,2020-06-20 16:30:00,0.6978,-0.08225,0.76333,-0.12022,0.3352,0.331,True,Stable
West Ham,2020-06-23 19:15:00,0.66259,-0.06421,0.6978,-0.08225,0.1791,0.1578,True,Stable
West Ham,2020-07-01 19:15:00,0.59916,-0.04224,0.66259,-0.06421,0.3214,0.1926,True,Stable
West Ham,2020-07-05 13:15:00,0.51943,-0.02487,0.59916,-0.04224,0.4037,0.1526,True,Stable
West Ham,2020-07-08 17:00:00,0.45997,0.01359,0.51943,-0.02487,0.3017,0.3385,True,Stable
West Ham,2020-07-11 11:30:00,0.38763,-0.00096,0.45997,0.01359,0.368,0.128,True,Stable
West Ham,2020-07-17 19:00:00,0.48443,-0.02399,0.38763,-0.00096,0.4941,0.2025,True,Stable
West Ham,2020-07-22 17:00:00,0.53033,0.00613,0.48443,-0.02399,0.2349,0.2652,True,Stable
West Ham,2020-07-26 15:00:00,0.53415,0.00334,0.53033,0.00613,0.0196,0.0245,True,Stable
West Ham,2020-09-12 19:00:00,0.52073,-0.01494,0.53415,0.00334,0.0689,0.1609,True,Stable
West Ham,2020-09-19 19:00:00,0.54336,-0.00889,0.52073,-0.01494,0.1164,0.0533,True,Stable
West Ham,2020-09-27 18:00:00,0.5445,-0.00889,0.54336,-0.00889,0.0059,0.0,True,Stable
West Ham,2020-10-04 11:00:00,0.62742,-0.03903,0.5445,-0.00889,0.4273,0.266,True,Stable
West Ham,2020-10-18 15:30:00,0.50775,-0.03925,0.62742,-0.03903,0.6157,0.0019,True,Stable
West Ham,2020-10-24 11:30:00,0.43282,-0.06157,0.50775,-0.03925,0.3863,0.1977,True,Stable
West Ham,2020-10-31 17:30:00,0.26929,-0.1246,0.43282,-0.06157,0.8458,0.5598,True,Stable
West Ham,2020-11-07 20:00:00,0.29325,-0.11469,0.26929,-0.1246,0.1242,0.0883,True,Stable
West Ham,2020-11-22 14:00:00,0.34731,-0.09767,0.29325,-0.11469,0.2808,0.1521,True,Stable
West Ham,2020-11-30 20:00:00,0.34834,-0.12194,0.34731,-0.09767,0.0053,0.2176,True,Stable
West Ham,2020-12-05 17:30:00,0.40843,-0.11141,0.34834,-0.12194,0.3139,0.0948,True,Stable
West Ham,2020-12-11 20:00:00,0.35734,-0.08204,0.40843,-0.11141,0.2677,0.2649,True,Stable
West Ham,2020-12-16 20:00:00,0.36852,-0.08849,0.35734,-0.08204,0.0587,0.0583,True,Stable
West Ham,2020-12-21 20:00:00,0.37035,-0.08677,0.36852,-0.08849,0.0097,0.0155,True,Stable
West Ham,2020-12-27 14:15:00,0.36988,-0.07051,0.37035,-0.08677,0.0025,0.148,True,Stable
West Ham,2020-12-29 18:00:00,0.37576,-0.06259,0.36988,-0.07051,0.0312,0.0723,True,Stable
West Ham,2021-01-01 17:30:00,0.36163,-0.06792,0.37576,-0.06259,0.0752,0.0488,True,Stable
West Ham,2021-01-16 15:00:00,0.34374,-0.03442,0.36163,-0.06792,0.0955,0.3072,True,Stable
West Ham,2021-01-19 18:00:00,0.33736,0.01701,0.34374,-0.03442,0.0341,0.4725,True,Stable
West Ham,2021-01-26 18:00:00,0.28357,0.04242,0.33736,0.01701,0.2885,0.2332,True,Stable
West Ham,2021-01-31 16:30:00,0.29833,0.01796,0.28357,0.04242,0.0793,0.2239,True,Stable
West Ham,2021-02-03 20:15:00,0.31621,-0.0095,0.29833,0.01796,0.0963,0.2512,True,Stable
West Ham,2021-02-06 17:30:00,0.31513,-0.0271,0.31621,-0.0095,0.0059,0.1611,True,Stable
West Ham,2021-02-15 18:00:00,0.32064,-0.04781,0.31513,-0.0271,0.0299,0.1899,True,Stable
West Ham,2021-02-21 12:00:00,0.30237,-0.06685,0.32064,-0.04781,0.0992,0.1749,True,Stable
West Ham,2021-02-27 12:30:00,0.30925,-0.01446,0.30237,-0.06685,0.0374,0.4826,True,Stable
West Ham,2021-03-08 20:00:00,0.3439,0.02564,0.30925,-0.01446,0.1889,0.3698,True,Stable
West Ham,2021-03-14 19:15:00,0.34627,0.01887,0.3439,0.02564,0.013,0.0623,True,Stable
West Ham,2021-03-21 15:00:00,0.30932,-0.00816,0.34627,0.01887,0.2026,0.2489,True,Stable
West Ham,2021-04-05 19:15:00,0.31911,-0.03364,0.30932,-0.00816,0.0538,0.2347,True,Stable
West Ham,2021-04-11 13:05:00,0.33393,-0.10456,0.31911,-0.03364,0.0816,0.6545,True,Stable
West Ham,2021-04-17 11:30:00,0.31834,-0.14531,0.33393,-0.10456,0.0861,0.3771,True,Stable
West Ham,2021-04-24 16:30:00,0.31763,-0.18601,0.31834,-0.14531,0.0039,0.3775,True,Stable
West Ham,2021-05-03 19:15:00,0.3365,-0.18321,0.31763,-0.18601,0.1047,0.026,True,Stable
West Ham,2021-05-09 15:30:00,0.31914,-0.10202,0.3365,-0.18321,0.0965,0.7546,True,Stable
West Ham,2021-05-15 19:00:00,0.29264,-0.05786,0.31914,-0.10202,0.1477,0.4116,True,Stable
West Ham,2021-05-19 19:15:00,0.24378,-0.01349,0.29264,-0.05786,0.273,0.4145,True,Stable
West Ham,2021-05-23 15:00:00,0.26283,-0.00335,0.24378,-0.01349,0.1066,0.0949,True,Stable
West Ham,2021-08-15 13:00:00,0.27444,-0.04791,0.26283,-0.00335,0.065,0.4168,True,Stable
West Ham,2021-08-23 19:00:00,0.29905,-0.12941,0.27444,-0.04791,0.1381,0.7639,True,Stable
West Ham,2021-08-28 14:00:00,0.2541,-0.16284,0.29905,-0.12941,0.2527,0.314,True,Stable
West Ham,2021-09-11 14:00:00,0.23746,-0.15019,0.2541,-0.16284,0.0937,0.119,True,Stable
West Ham,2021-09-19 13:00:00,0.27867,-0.08151,0.23746,-0.15019,0.2322,0.6477,True,Stable
West Ham,2021-09-25 14:00:00,0.34353,-0.02776,0.27867,-0.08151,0.3661,0.5082,True,Stable
West Ham,2021-10-03 13:00:00,0.35372,0.00505,0.34353,-0.02776,0.0576,0.3106,True,Stable
West Ham,2021-10-17 13:00:00,0.28467,0.03695,0.35372,0.00505,0.3917,0.302,True,Stable
West Ham,2021-10-24 13:00:00,0.26943,0.06278,0.28467,0.03695,0.0866,0.2442,True,Stable
West Ham,2021-10-31 16:30:00,0.28461,-0.01237,0.26943,0.06278,0.0864,0.708,True,Stable
West Ham,2021-11-07 16:30:00,0.30431,-0.05929,0.28461,-0.01237,0.1123,0.4424,True,Stable
West Ham,2021-11-20 15:00:00,0.29539,-0.05139,0.30431,-0.05929,0.051,0.0747,True,Stable
West Ham,2021-11-28 14:00:00,0.27711,-0.08301,0.29539,-0.05139,0.1046,0.2995,True,Stable
West Ham,2021-12-01 19:30:00,0.24932,-0.13525,0.27711,-0.08301,0.1594,0.4958,True,Stable
West Ham,2021-12-04 12:30:00,0.24208,-0.1376,0.24932,-0.13525,0.0416,0.0224,True,Stable
West Ham,2021-12-12 14:00:00,0.29174,-0.09254,0.24208,-0.1376,0.2855,0.4295,True,Stable
West Ham,2021-12-15 20:00:00,0.30203,-0.12413,0.29174,-0.09254,0.0593,0.3019,True,Stable
West Ham,2021-12-26 15:00:00,0.31086,-0.12444,0.30203,-0.12413,0.0509,0.003,True,Stable
West Ham,2021-12-28 15:00:00,0.34559,-0.17113,0.31086,-0.12444,0.2009,0.4482,True,Stable
West Ham,2022-01-01 17:30:00,0.33957,-0.16608,0.34559,-0.17113,0.0349,0.0486,True,Stable
West Ham,2022-01-12 21:45:00,0.323,-0.1552,0.33957,-0.16608,0.0963,0.1047,True,Stable
West Ham,2022-01-16 14:00:00,0.32492,-0.16451,0.323,-0.1552,0.0112,0.0898,True,Stable
West Ham,2022-01-22 15:00:00,0.32245,-0.141,0.32492,-0.16451,0.0144,0.227,True,Stable
West Ham,2022-02-08 19:45:00,0.31949,-0.09431,0.32245,-0.141,0.0173,0.4516,True,Stable
West Ham,2022-02-13 16:30:00,0.31353,-0.11029,0.31949,-0.09431,0.035,0.1549,True,Stable
West Ham,2022-02-19 12:30:00,0.3158,-0.15721,0.31353,-0.11029,0.0134,0.456,True,Stable
West Ham,2022-02-27 14:00:00,0.3152,-0.15085,0.3158,-0.15721,0.0036,0.062,True,Stable
West Ham,2022-03-05 17:30:00,0.3185,-0.13692,0.3152,-0.15085,0.0194,0.1357,True,Stable
West Ham,2022-03-13 14:00:00,0.31635,-0.13293,0.3185,-0.13692,0.0127,0.039,True,Stable
West Ham,2022-03-20 16:30:00,0.29176,-0.04983,0.31635,-0.13293,0.1456,0.8135,True,Stable
West Ham,2022-04-03 13:00:00,0.31774,-0.0348,0.29176,-0.04983,0.1542,0.1474,True,Stable
West Ham,2022-04-10 13:00:00,0.35349,-0.02318,0.31774,-0.0348,0.2125,0.1142,True,Stable
West Ham,2022-04-17 13:15:00,0.35264,-0.0107,0.35349,-0.02318,0.0051,0.1227,True,Stable
West Ham,2022-04-24 13:00:00,0.28924,-0.01764,0.35264,-0.0107,0.3786,0.0683,True,Stable
West Ham,2022-05-01 15:30:00,0.28812,-0.07518,0.28924,-0.01764,0.0067,0.5664,True,Stable
West Ham,2022-05-08 13:00:00,0.33323,-0.09336,0.28812,-0.07518,0.2703,0.1793,True,Stable
West Ham,2022-05-15 13:00:00,0.3381,-0.10357,0.33323,-0.09336,0.0292,0.1009,True,Stable
West Ham,2022-05-22 15:00:00,0.32338,-0.13809,0.3381,-0.10357,0.0885,0.3421,True,Stable
West Ham,2022-08-07 15:30:00,0.2673,-0.10509,0.32338,-0.13809,0.3382,0.3275,True,Stable
West Ham,2022-08-14 13:00:00,0.38061,-0.0346,0.2673,-0.10509,0.6842,0.7014,True,Stable
West Ham,2022-08-21 13:00:00,0.42842,0.00013,0.38061,-0.0346,0.2893,0.346,True,Stable
West Ham,2022-08-28 13:00:00,0.37673,0.0118,0.42842,0.00013,0.3134,0.1162,True,Stable
West Ham,2022-08-31 18:45:00,0.30877,0.04782,0.37673,0.0118,0.4129,0.3587,True,Stable
West Ham,2022-09-03 14:00:00,0.24747,0.03798,0.30877,0.04782,0.3732,0.0978,True,Stable
West Ham,2022-09-18 13:15:00,0.30933,-0.02119,0.24747,0.03798,0.3769,0.587,True,Stable
West Ham,2022-10-01 16:30:00,0.37449,-0.05388,0.30933,-0.02119,0.3979,0.3245,True,Stable
West Ham,2022-10-09 13:00:00,0.32293,-0.01475,0.37449,-0.05388,0.3155,0.3892,True,Stable
West Ham,2022-10-16 13:00:00,0.29277,0.02818,0.32293,-0.01475,0.1849,0.4273,True,Stable
West Ham,2022-10-19 18:30:00,0.24997,0.09597,0.29277,0.02818,0.2629,0.6741,True,Stable
West Ham,2022-10-24 19:00:00,0.27991,0.13517,0.24997,0.09597,0.1841,0.3877,True,Stable
West Ham,2022-10-30 16:15:00,0.25656,0.23459,0.27991,0.13517,0.1437,0.9749,True,Stable
West Ham,2022-11-06 14:00:00,0.31583,0.21443,0.25656,0.23459,0.3652,0.1939,True,Stable
West Ham,2022-11-12 15:00:00,0.21177,0.22432,0.31583,0.21443,0.6425,0.0936,True,Stable
West Ham,2022-12-26 20:00:00,0.28368,0.16889,0.21177,0.22432,0.4441,0.5168,True,Stable
West Ham,2022-12-30 19:45:00,0.2799,0.19357,0.28368,0.16889,0.0234,0.2279,True,Stable
West Ham,2023-01-04 19:45:00,0.31944,0.19182,0.2799,0.19357,0.2449,0.016,True,Stable
West Ham,2023-01-14 15:00:00,0.34037,0.22388,0.31944,0.19182,0.1299,0.2894,True,Stable
West Ham,2023-01-21 15:00:00,0.3622,0.23452,0.34037,0.22388,0.1357,0.0948,True,Stable
West Ham,2023-02-04 17:30:00,0.38161,0.25167,0.3622,0.23452,0.121,0.1506,True,Stable
West Ham,2023-02-11 12:30:00,0.3959,0.23749,0.38161,0.25167,0.0892,0.1227,True,Stable
West Ham,2023-02-19 16:30:00,0.38598,0.24507,0.3959,0.23749,0.0621,0.0647,True,Stable
West Ham,2023-02-25 15:00:00,0.41185,0.23178,0.38598,0.24507,0.1622,0.1119,True,Stable
West Ham,2023-03-04 15:00:00,0.42841,0.2451,0.41185,0.23178,0.104,0.1109,True,Stable
West Ham,2023-03-12 14:00:00,0.45694,0.25825,0.42841,0.2451,0.1795,0.1082,True,Stable
West Ham,2023-04-02 13:00:00,0.44371,0.25539,0.45694,0.25825,0.0834,0.0232,True,Stable
West Ham,2023-04-05 19:00:00,0.45298,0.25616,0.44371,0.25539,0.0585,0.0062,True,Stable
West Ham,2023-04-08 14:00:00,0.4532,0.26329,0.45298,0.25616,0.0014,0.0566,True,Stable
West Ham,2023-04-16 13:00:00,0.45644,0.26862,0.4532,0.26329,0.0205,0.0418,True,Stable
West Ham,2023-04-23 13:00:00,0.47857,0.24103,0.45644,0.26862,0.1402,0.2138,True,Stable
West Ham,2023-04-26 18:45:00,0.41844,0.21704,0.47857,0.24103,0.3812,0.1843,True,Stable
West Ham,2023-04-29 11:30:00,0.33666,0.1664,0.41844,0.21704,0.5193,0.3861,True,Stable
West Ham,2023-05-03 19:00:00,0.30614,0.14821,0.33666,0.1664,0.1942,0.1382,True,Stable
West Ham,2023-05-07 18:00:00,0.30792,0.15104,0.30614,0.14821,0.0114,0.0214,True,Stable
West Ham,2023-05-14 13:00:00,0.33527,0.19668,0.30792,0.15104,0.1745,0.3443,True,Stable
West Ham,2023-05-21 12:30:00,0.36734,0.2349,0.33527,0.19668,0.2051,0.2868,True,Stable
West Ham,2023-05-28 15:30:00,0.44573,0.25915,0.36734,0.2349,0.5023,0.1806,True,Stable
West Ham,2023-08-12 14:00:00,0.36856,0.2419,0.44573,0.25915,0.4951,0.1274,True,Stable
West Ham,2023-08-20 15:30:00,0.33737,0.18161,0.36856,0.2419,0.2005,0.4417,True,Stable
West Ham,2023-08-26 16:30:00,0.31153,0.15296,0.33737,0.18161,0.1664,0.209,True,Stable
West Ham,2023-09-01 19:00:00,0.2987,0.1023,0.31153,0.15296,0.0828,0.3688,True,Stable
West Ham,2023-09-16 14:00:00,0.29976,0.07247,0.2987,0.1023,0.0069,0.217,True,Stable
West Ham,2023-09-24 13:00:00,0.26196,0.06848,0.29976,0.07247,0.2446,0.029,True,Stable
West Ham,2023-09-30 14:00:00,0.30177,0.14681,0.26196,0.06848,0.2578,0.5701,True,Stable
West Ham,2023-10-08 13:00:00,0.29554,0.1068,0.30177,0.14681,0.0404,0.2906,True,Stable
West Ham,2023-10-22 15:30:00,0.29993,0.1054,0.29554,0.1068,0.0285,0.0101,True,Stable
West Ham,2023-10-29 13:00:00,0.32195,0.07468,0.29993,0.1054,0.1433,0.2228,True,Stable
West Ham,2023-11-04 15:00:00,0.33072,0.06085,0.32195,0.07468,0.0571,0.1004,True,Stable
West Ham,2023-11-12 14:00:00,0.40735,-0.01118,0.33072,0.06085,0.5002,0.5226,True,Stable
West Ham,2023-11-25 15:00:00,0.424,-0.01705,0.40735,-0.01118,0.1088,0.0427,True,Stable
West Ham,2023-12-03 14:00:00,0.50466,-0.02726,0.424,-0.01705,0.5282,0.0743,True,Stable
West Ham,2023-12-07 20:15:00,0.3888,-0.03851,0.50466,-0.02726,0.759,0.082,True,Stable
West Ham,2023-12-10 14:00:00,0.44841,-0.04771,0.3888,-0.03851,0.3911,0.0673,True,Stable
West Ham,2023-12-17 14:00:00,0.38744,-0.05643,0.44841,-0.04771,0.4006,0.0638,True,Stable
West Ham,2023-12-23 12:30:00,0.39719,-0.09008,0.38744,-0.05643,0.0642,0.2467,True,Stable
West Ham,2023-12-28 20:15:00,0.39544,-0.11408,0.39719,-0.09008,0.0115,0.1763,True,Stable
West Ham,2024-01-02 18:30:00,0.47474,-0.11188,0.39544,-0.11408,0.5237,0.0162,True,Stable
West Ham,2024-01-21 14:00:00,0.45825,-0.12071,0.47474,-0.11188,0.109,0.065,True,Stable
West Ham,2024-02-01 19:30:00,0.57446,-0.11289,0.45825,-0.12071,0.7689,0.0577,True,Stable
West Ham,2024-02-04 14:00:00,0.43459,-0.07064,0.57446,-0.11289,0.9241,0.312,True,Stable
West Ham,2024-02-11 14:00:00,0.32343,-0.03299,0.43459,-0.07064,0.7354,0.2786,True,Stable
West Ham,2024-02-17 15:00:00,0.30236,-0.04041,0.32343,-0.03299,0.1396,0.055,True,Stable
West Ham,2024-02-26 20:00:00,0.39841,-0.08256,0.30236,-0.04041,0.6374,0.3129,True,Stable
West Ham,2024-03-02 15:00:00,0.40931,-0.097,0.39841,-0.08256,0.0725,0.1074,True,Stable
West Ham,2024-03-10 14:00:00,0.42966,-0.14291,0.40931,-0.097,0.1355,0.3419,True,Stable
West Ham,2024-03-17 14:00:00,0.44677,-0.1564,0.42966,-0.14291,0.114,0.1006,True,Stable
West Ham,2024-03-30 12:30:00,0.2888,-0.1974,0.44677,-0.1564,1.0544,0.3059,False,Unstable
West Ham,2024-04-02 19:15:00,0.38247,-0.15169,0.2888,-0.1974,0.626,0.3409,True,Stable
West Ham,2024-04-06 14:00:00,0.38524,-0.14136,0.38247,-0.15169,0.0185,0.0771,True,Stable
West Ham,2024-04-14 13:00:00,0.41968,-0.11983,0.38524,-0.14136,0.2309,0.1609,True,Stable
West Ham,2024-04-21 14:00:00,0.41364,-0.14003,0.41968,-0.11983,0.0406,0.1512,True,Stable
West Ham,2024-04-27 11:30:00,0.40592,-0.15599,0.41364,-0.14003,0.0519,0.1195,True,Stable
West Ham,2024-05-05 13:00:00,0.40515,-0.14807,0.40592,-0.15599,0.0052,0.0594,True,Stable
West Ham,2024-05-11 14:00:00,0.40841,-0.14027,0.40515,-0.14807,0.022,0.0585,True,Stable
West Ham,2024-05-19 15:00:00,0.4771,-0.17067,0.40841,-0.14027,0.4641,0.2283,True,Stable
West Ham,2024-08-17 16:30:00,0.44506,-0.11467,0.4771,-0.17067,0.2166,0.4208,True,Stable
West Ham,2024-08-24 14:00:00,0.39549,-0.08036,0.44506,-0.11467,0.3356,0.2581,True,Stable
West Ham,2024-08-31 16:30:00,0.40699,-0.07354,0.39549,-0.08036,0.078,0.0514,True,Stable
West Ham,2024-09-14 14:00:00,0.42893,-0.07461,0.40699,-0.07354,0.149,0.0081,True,Stable
West Ham,2024-09-21 11:30:00,0.41894,-0.04045,0.42893,-0.07461,0.0679,0.2583,True,Stable
West Ham,2024-09-28 14:00:00,0.4204,-0.09168,0.41894,-0.04045,0.01,0.388,True,Stable
West Ham,2024-10-05 14:00:00,0.40666,-0.06714,0.4204,-0.09168,0.0937,0.1862,True,Stable
West Ham,2024-10-19 11:30:00,0.40409,-0.07085,0.40666,-0.06714,0.0176,0.0282,True,Stable
West Ham,2024-10-27 14:00:00,0.38968,-0.05895,0.40409,-0.07085,0.0986,0.0905,True,Stable
West Ham,2024-11-02 15:00:00,0.38034,-0.05087,0.38968,-0.05895,0.064,0.0615,True,Stable
West Ham,2024-11-09 15:00:00,0.33144,0.02205,0.38034,-0.05087,0.3356,0.5566,True,Stable
West Ham,2024-11-25 20:00:00,0.36124,0.00659,0.33144,0.02205,0.2048,0.1182,True,Stable
West Ham,2024-11-30 17:30:00,0.3658,0.00048,0.36124,0.00659,0.0314,0.0467,True,Stable
West Ham,2024-12-03 20:15:00,0.37398,0.0385,0.3658,0.00048,0.0563,0.2912,True,Stable
West Ham,2024-12-09 20:00:00,0.36967,0.01871,0.37398,0.0385,0.0297,0.1517,True,Stable
West Ham,2024-12-16 20:00:00,0.38299,0.0362,0.36967,0.01871,0.0921,0.1342,True,Stable
West Ham,2024-12-21 15:00:00,0.39464,0.06408,0.38299,0.0362,0.0807,0.2141,True,Stable
West Ham,2024-12-26 15:00:00,0.38919,0.11764,0.39464,0.06408,0.0378,0.4113,True,Stable
West Ham,2024-12-29 17:15:00,0.39858,0.10105,0.38919,0.11764,0.0652,0.1273,True,Stable
West Ham,2025-01-04 15:00:00,0.38525,0.14802,0.39858,0.10105,0.0927,0.36,True,Stable
West Ham,2025-01-14 19:30:00,0.41766,0.08564,0.38525,0.14802,0.2259,0.4771,True,Stable
West Ham,2025-01-18 15:00:00,0.42626,0.05589,0.41766,0.08564,0.06,0.2274,True,Stable
West Ham,2025-01-26 16:30:00,0.46723,0.03378,0.42626,0.05589,0.2862,0.1691,True,Stable
West Ham,2025-02-03 20:00:00,0.49272,0.02017,0.46723,0.03378,0.1783,0.1042,True,Stable
West Ham,2025-02-15 15:00:00,0.43608,0.03744,0.49272,0.02017,0.3963,0.1323,True,Stable
West Ham,2025-02-22 15:00:00,0.45149,0.08252,0.43608,0.03744,0.108,0.3457,True,Stable
West Ham,2025-02-27 20:00:00,0.48602,0.10571,0.45149,0.08252,0.2421,0.1778,True,Stable
West Ham,2025-03-10 20:00:00,0.52121,0.12186,0.48602,0.10571,0.2469,0.1238,True,Stable
West Ham,2025-03-15 15:00:00,0.7263,0.15013,0.52121,0.12186,1.4387,0.2163,False,Unstable
West Ham,2025-04-01 19:45:00,0.78469,0.16261,0.7263,0.15013,0.4065,0.0953,True,Stable
West Ham,2025-04-05 14:00:00,1.04141,0.16868,0.78469,0.16261,1.7682,0.0463,False,Unstable
West Ham,2025-04-13 13:00:00,1.1252,0.17667,1.04141,0.16868,0.5606,0.0607,True,Stable
West Ham,2025-04-19 14:00:00,1.3954,0.18713,1.1252,0.17667,1.7462,0.0793,False,Unstable
West Ham,2025-04-26 14:00:00,1.7471,0.19059,1.3954,0.18713,2.1428,0.0261,False,Unstable
West Ham,2025-05-04 13:00:00,1.83588,0.18367,1.7471,0.19059,0.4934,0.0521,True,Stable
West Ham,2025-05-11 13:15:00,1.55464,0.17639,1.83588,0.18367,1.4338,0.0546,False,Unstable
West Ham,2025-05-18 13:15:00,1.34991,0.18106,1.55464,0.17639,0.9948,0.035,True,Stable
West Ham,2025-05-25 15:00:00,0.79838,0.14027,1.34991,0.18106,2.6025,0.3043,False,Unstable
Newcastle United,2018-08-18 14:30:00,0.45637,0.1428,0.45592,0.13808,0.0051,0.0499,True,Stable
Newcastle United,2018-08-26 18:00:00,0.47288,0.15887,0.45637,0.1428,0.1751,0.1653,True,Stable
Newcastle United,2018-09-01 16:30:00,0.4078,0.10039,0.47288,0.15887,0.6539,0.5837,True,Stable
Newcastle United,2018-09-15 14:00:00,0.43065,0.07975,0.4078,0.10039,0.2259,0.2049,True,Stable
Newcastle United,2018-09-22 14:00:00,0.4028,0.09215,0.43065,0.07975,0.2694,0.1233,True,Stable
Newcastle United,2018-09-29 14:00:00,0.38719,0.07952,0.4028,0.09215,0.1497,0.1254,True,Stable
Newcastle United,2018-10-06 16:30:00,0.38552,0.09017,0.38719,0.07952,0.0159,0.1059,True,Stable
Newcastle United,2018-10-20 14:00:00,0.4233,0.12462,0.38552,0.09017,0.3597,0.3428,True,Stable
Newcastle United,2018-10-27 14:00:00,0.4289,0.15917,0.4233,0.12462,0.0527,0.3412,True,Stable
Newcastle United,2018-11-03 15:00:00,0.42798,0.15732,0.4289,0.15917,0.0086,0.018,True,Stable
Newcastle United,2018-11-10 15:00:00,0.39667,0.14252,0.42798,0.15732,0.2885,0.1417,True,Stable
Newcastle United,2018-11-26 20:00:00,0.38985,0.14917,0.39667,0.14252,0.0627,0.0632,True,Stable
Newcastle United,2018-12-01 15:00:00,0.38679,0.15984,0.38985,0.14917,0.0282,0.1006,True,Stable
Newcastle United,2018-12-05 19:45:00,0.39511,0.19748,0.38679,0.15984,0.0767,0.3511,True,Stable
Newcastle United,2018-12-09 16:00:00,0.40543,0.20121,0.39511,0.19748,0.0952,0.0341,True,Stable
Newcastle United,2018-12-15 15:00:00,0.44333,0.21003,0.40543,0.20121,0.3489,0.0794,True,Stable
Newcastle United,2018-12-22 15:00:00,0.49293,0.23112,0.44333,0.21003,0.4528,0.1863,True,Stable
Newcastle United,2018-12-26 15:00:00,0.52152,0.22834,0.49293,0.23112,0.2558,0.024,True,Stable
Newcastle United,2018-12-29 15:00:00,0.4856,0.20543,0.52152,0.22834,0.3132,0.1947,True,Stable
Newcastle United,2019-01-02 20:00:00,0.50146,0.21289,0.4856,0.20543,0.1365,0.0627,True,Stable
Newcastle United,2019-01-12 17:30:00,0.49962,0.19884,0.50146,0.21289,0.0156,0.1168,True,Stable
Newcastle United,2019-01-19 15:00:00,0.49925,0.16822,0.49962,0.19884,0.0031,0.2529,True,Stable
Newcastle United,2019-01-29 20:00:00,0.51479,0.11622,0.49925,0.16822,0.1284,0.4288,True,Stable
Newcastle United,2019-02-02 12:30:00,0.56617,0.10487,0.51479,0.11622,0.4187,0.0941,True,Stable
Newcastle United,2019-02-11 20:00:00,0.49163,0.07533,0.56617,0.10487,0.5931,0.2463,True,Stable
Newcastle United,2019-02-23 15:00:00,0.59732,0.06258,0.49163,0.07533,0.8356,0.1071,True,Stable
Newcastle United,2019-02-26 20:00:00,0.73046,0.04577,0.59732,0.06258,1.0243,0.1422,False,Unstable
Newcastle United,2019-03-02 17:30:00,0.6342,0.07974,0.73046,0.04577,0.6968,0.2897,True,Stable
Newcastle United,2019-03-09 15:00:00,0.66323,0.05831,0.6342,0.07974,0.2046,0.184,True,Stable
Newcastle United,2019-03-16 15:00:00,0.63745,0.06201,0.66323,0.05831,0.1763,0.032,True,Stable
Newcastle United,2019-04-01 20:00:00,0.6047,0.08811,0.63745,0.06201,0.2193,0.2274,True,Stable
Newcastle United,2019-04-06 15:00:00,0.764,0.10566,0.6047,0.08811,1.0522,0.1539,False,Unstable
Newcastle United,2019-04-12 20:00:00,0.57109,0.07355,0.764,0.10566,1.2205,0.2829,False,Unstable
Newcastle United,2019-04-20 17:30:00,0.48746,0.07437,0.57109,0.07355,0.5262,0.0072,True,Stable
Newcastle United,2019-04-27 17:30:00,0.3655,0.03069,0.48746,0.07437,0.7693,0.39,True,Stable
Newcastle United,2019-05-04 18:45:00,0.32963,-0.01006,0.3655,0.03069,0.2279,0.3664,True,Stable
Newcastle United,2019-05-12 14:00:00,0.13825,-0.22295,0.32963,-0.01006,1.2236,1.9239,False,Unstable
Newcastle United,2019-08-11 14:00:00,0.13679,-0.2404,0.13825,-0.22295,0.0092,0.1529,True,Stable
Newcastle United,2019-08-17 15:00:00,0.20124,-0.13562,0.13679,-0.2404,0.4066,0.8891,True,Stable
Newcastle United,2019-08-25 16:30:00,0.17915,-0.1243,0.20124,-0.13562,0.1394,0.0954,True,Stable
Newcastle United,2019-08-31 15:00:00,0.18876,-0.11581,0.17915,-0.1243,0.0606,0.0712,True,Stable
Newcastle United,2019-09-14 11:30:00,0.20872,-0.08996,0.18876,-0.11581,0.1258,0.2159,True,Stable
Newcastle United,2019-09-21 16:30:00,0.20851,-0.04054,0.20872,-0.08996,0.0014,0.4127,True,Stable
Newcastle United,2019-09-29 15:30:00,0.20676,-0.04083,0.20851,-0.04054,0.0111,0.0025,True,Stable
Newcastle United,2019-10-06 16:30:00,0.19489,-0.09661,0.20676,-0.04083,0.0751,0.4696,True,Stable
Newcastle United,2019-10-19 15:00:00,0.21435,-0.12045,0.19489,-0.09661,0.1232,0.2007,True,Stable
Newcastle United,2019-10-27 14:00:00,0.21075,-0.1074,0.21435,-0.12045,0.0229,0.1095,True,Stable
Newcastle United,2019-11-02 15:00:00,0.24838,-0.16663,0.21075,-0.1074,0.2392,0.4963,True,Stable
Newcastle United,2019-11-09 15:00:00,0.27057,-0.17535,0.24838,-0.16663,0.1416,0.0724,True,Stable
Newcastle United,2019-11-25 20:00:00,0.28235,-0.15429,0.27057,-0.17535,0.0756,0.1733,True,Stable
Newcastle United,2019-11-30 12:30:00,0.31455,-0.20418,0.28235,-0.15429,0.2075,0.4082,True,Stable
Newcastle United,2019-12-05 19:30:00,0.30011,-0.24543,0.31455,-0.20418,0.0936,0.3334,True,Stable
Newcastle United,2019-12-08 14:00:00,0.28815,-0.25643,0.30011,-0.24543,0.0779,0.0872,True,Stable
Newcastle United,2019-12-14 15:00:00,0.32412,-0.26644,0.28815,-0.25643,0.2355,0.078,True,Stable
Newcastle United,2019-12-21 15:00:00,0.30183,-0.29746,0.32412,-0.26644,0.1467,0.237,True,Stable
Newcastle United,2019-12-26 17:30:00,0.33724,-0.26063,0.30183,-0.29746,0.2343,0.2751,True,Stable
Newcastle United,2019-12-28 15:00:00,0.37081,-0.25071,0.33724,-0.26063,0.2233,0.073,True,Stable
Newcastle United,2020-01-01 15:00:00,0.31328,-0.20982,0.37081,-0.25071,0.3846,0.2972,True,Stable
Newcastle United,2020-01-11 15:00:00,0.35381,-0.22424,0.31328,-0.20982,0.2723,0.1042,True,Stable
Newcastle United,2020-01-18 17:30:00,0.32574,-0.18802,0.35381,-0.22424,0.1896,0.2597,True,Stable
Newcastle United,2020-01-21 19:30:00,0.34496,-0.21887,0.32574,-0.18802,0.1304,0.2204,True,Stable
Newcastle United,2020-02-01 15:00:00,0.34259,-0.18942,0.34496,-0.21887,0.0162,0.2091,True,Stable
Newcastle United,2020-02-16 16:30:00,0.31922,-0.20353,0.34259,-0.18942,0.1602,0.0999,True,Stable
Newcastle United,2020-02-22 15:00:00,0.30824,-0.18509,0.31922,-0.20353,0.0757,0.13,True,Stable
Newcastle United,2020-02-29 15:00:00,0.28825,-0.19828,0.30824,-0.18509,0.1384,0.0928,True,Stable
Newcastle United,2020-03-07 15:00:00,0.1325,0.0038,0.28825,-0.19828,1.083,1.4179,False,Unstable
Newcastle United,2020-06-21 13:00:00,0.18538,-0.06951,0.1325,0.0038,0.366,0.5168,True,Stable
Newcastle United,2020-06-24 17:00:00,0.20546,-0.07597,0.18538,-0.06951,0.139,0.0457,True,Stable
Newcastle United,2020-07-01 17:00:00,0.23631,-0.15179,0.20546,-0.07597,0.2137,0.5389,True,Stable
Newcastle United,2020-07-05 13:15:00,0.23707,-0.16356,0.23631,-0.15179,0.0052,0.0837,True,Stable
Newcastle United,2020-07-08 17:00:00,0.22691,-0.1869,0.23707,-0.16356,0.0707,0.166,True,Stable
Newcastle United,2020-07-11 11:30:00,0.24055,-0.16921,0.22691,-0.1869,0.0952,0.1256,True,Stable
Newcastle United,2020-07-15 17:00:00,0.24564,-0.14335,0.24055,-0.16921,0.0357,0.1835,True,Stable
Newcastle United,2020-07-20 17:00:00,0.29278,-0.02122,0.24564,-0.14335,0.3311,0.8679,True,Stable
Newcastle United,2020-07-26 15:00:00,0.32238,-0.00921,0.29278,-0.02122,0.2088,0.0857,True,Stable
Newcastle United,2020-09-12 19:00:00,0.30964,-0.01995,0.32238,-0.00921,0.0903,0.077,True,Stable
Newcastle United,2020-09-20 13:00:00,0.32635,-0.00513,0.30964,-0.01995,0.1189,0.1067,True,Stable
Newcastle United,2020-09-27 13:00:00,0.32786,-0.00344,0.32635,-0.00513,0.0108,0.0122,True,Stable
Newcastle United,2020-10-03 19:00:00,0.32411,-0.05356,0.32786,-0.00344,0.027,0.364,True,Stable
Newcastle United,2020-10-17 19:00:00,0.32275,-0.06126,0.32411,-0.05356,0.0098,0.0562,True,Stable
Newcastle United,2020-10-25 16:30:00,0.31775,-0.07717,0.32275,-0.06126,0.0362,0.1165,True,Stable
Newcastle United,2020-11-01 14:00:00,0.31623,-0.08568,0.31775,-0.07717,0.011,0.0625,True,Stable
Newcastle United,2020-11-06 20:00:00,0.3175,-0.09207,0.31623,-0.08568,0.0092,0.0471,True,Stable
Newcastle United,2020-11-21 12:30:00,0.33058,-0.07761,0.3175,-0.09207,0.0958,0.1069,True,Stable
Newcastle United,2020-11-27 20:00:00,0.31439,-0.0479,0.33058,-0.07761,0.1191,0.2205,True,Stable
Newcastle United,2020-12-12 15:00:00,0.31557,-0.05362,0.31439,-0.0479,0.0087,0.0426,True,Stable
Newcastle United,2020-12-16 18:00:00,0.30344,-0.09583,0.31557,-0.05362,0.09,0.3158,True,Stable
Newcastle United,2020-12-19 20:00:00,0.29725,-0.06127,0.30344,-0.09583,0.0461,0.2593,True,Stable
Newcastle United,2020-12-26 20:00:00,0.31993,-0.04144,0.29725,-0.06127,0.1696,0.1494,True,Stable
Newcastle United,2020-12-30 20:00:00,0.36165,-0.01226,0.31993,-0.04144,0.3131,0.2206,True,Stable
Newcastle United,2021-01-03 14:15:00,0.36822,-0.00502,0.36165,-0.01226,0.0495,0.0549,True,Stable
Newcastle United,2021-01-12 18:00:00,0.41389,0.04522,0.36822,-0.00502,0.3453,0.3828,True,Stable
Newcastle United,2021-01-18 20:00:00,0.37601,0.04494,0.41389,0.04522,0.287,0.0021,True,Stable
Newcastle United,2021-01-23 20:00:00,0.33144,0.03058,0.37601,0.04494,0.3388,0.11,True,Stable
Newcastle United,2021-01-26 18:00:00,0.34867,-0.00758,0.33144,0.03058,0.1314,0.2932,True,Stable
Newcastle United,2021-01-30 12:30:00,0.29765,0.03964,0.34867,-0.00758,0.3907,0.3642,True,Stable
Newcastle United,2021-02-02 20:15:00,0.29216,0.04135,0.29765,0.03964,0.0422,0.0132,True,Stable
Newcastle United,2021-02-06 15:00:00,0.32194,0.03036,0.29216,0.04135,0.2297,0.0852,True,Stable
Newcastle United,2021-02-15 20:00:00,0.32046,0.02708,0.32194,0.03036,0.0114,0.0255,True,Stable
Newcastle United,2021-02-21 19:00:00,0.31071,0.00382,0.32046,0.02708,0.0758,0.1814,True,Stable
Newcastle United,2021-02-27 20:00:00,0.31571,-0.004,0.31071,0.00382,0.039,0.0612,True,Stable
Newcastle United,2021-03-07 12:00:00,0.32388,-0.04268,0.31571,-0.004,0.0639,0.3039,True,Stable
Newcastle United,2021-03-12 20:00:00,0.45667,-0.067,0.32388,-0.04268,1.0429,0.1917,False,Unstable
Newcastle United,2021-03-20 20:00:00,0.49081,-0.06694,0.45667,-0.067,0.268,0.0005,True,Stable
Newcastle United,2021-04-04 13:05:00,0.44038,-0.03392,0.49081,-0.06694,0.3951,0.262,True,Stable
Newcastle United,2021-04-11 11:00:00,0.42006,-0.02573,0.44038,-0.03392,0.1593,0.0652,True,Stable
Newcastle United,2021-04-17 11:30:00,0.42359,-0.01182,0.42006,-0.02573,0.0277,0.1111,True,Stable
Newcastle United,2021-04-24 11:30:00,0.49262,0.01895,0.42359,-0.01182,0.5431,0.2467,True,Stable
Newcastle United,2021-05-02 13:00:00,0.48873,0.01924,0.49262,0.01895,0.0305,0.0023,True,Stable
Newcastle United,2021-05-07 19:00:00,0.51867,-0.00885,0.48873,0.01924,0.2346,0.2266,True,Stable
Newcastle United,2021-05-14 19:00:00,0.36328,-0.06744,0.51867,-0.00885,1.2132,0.474,False,Unstable
Newcastle United,2021-05-19 17:00:00,0.41586,-0.05588,0.36328,-0.06744,0.4118,0.0938,True,Stable
Newcastle United,2021-05-23 15:00:00,0.4003,-0.06351,0.41586,-0.05588,0.1221,0.0621,True,Stable
Newcastle United,2021-08-15 13:00:00,0.38246,-0.08338,0.4003,-0.06351,0.1404,0.1623,True,Stable
Newcastle United,2021-08-21 14:00:00,0.43444,-0.0634,0.38246,-0.08338,0.4101,0.1636,True,Stable
Newcastle United,2021-08-28 14:00:00,0.40527,-0.03423,0.43444,-0.0634,0.2304,0.2395,True,Stable
Newcastle United,2021-09-11 14:00:00,0.40859,-0.05412,0.40527,-0.03423,0.0263,0.1639,True,Stable
Newcastle United,2021-09-17 19:00:00,0.42775,-0.03996,0.40859,-0.05412,0.152,0.117,True,Stable
Newcastle United,2021-09-25 14:00:00,0.45812,-0.01098,0.42775,-0.03996,0.2413,0.2402,True,Stable
Newcastle United,2021-10-02 14:00:00,0.47694,-0.01289,0.45812,-0.01098,0.1496,0.0158,True,Stable
Newcastle United,2021-10-17 15:30:00,0.45548,-0.03294,0.47694,-0.01289,0.1705,0.1673,True,Stable
Newcastle United,2021-10-23 14:00:00,0.45069,-0.02526,0.45548,-0.03294,0.0381,0.0643,True,Stable
Newcastle United,2021-10-30 14:00:00,0.45236,-0.01914,0.45069,-0.02526,0.0133,0.0513,True,Stable
Newcastle United,2021-11-06 17:30:00,0.47378,-0.03233,0.45236,-0.01914,0.1705,0.111,True,Stable
Newcastle United,2021-11-20 15:00:00,0.41059,-0.04869,0.47378,-0.03233,0.5028,0.1382,True,Stable
Newcastle United,2021-11-27 12:30:00,0.47399,-0.02912,0.41059,-0.04869,0.5056,0.1658,True,Stable
Newcastle United,2021-11-30 19:30:00,0.43508,-0.0436,0.47399,-0.02912,0.3102,0.123,True,Stable
Newcastle United,2021-12-04 15:00:00,0.43881,-0.04457,0.43508,-0.0436,0.0298,0.0083,True,Stable
Newcastle United,2021-12-12 14:00:00,0.45568,-0.05194,0.43881,-0.04457,0.1348,0.0629,True,Stable
Newcastle United,2021-12-16 20:00:00,0.47237,-0.05447,0.45568,-0.05194,0.1335,0.0217,True,Stable
Newcastle United,2021-12-19 14:15:00,0.50145,-0.06084,0.47237,-0.05447,0.2326,0.0548,True,Stable
Newcastle United,2021-12-27 20:00:00,0.49258,-0.05513,0.50145,-0.06084,0.0708,0.0492,True,Stable
Newcastle United,2022-01-15 15:00:00,0.54776,-0.0749,0.49258,-0.05513,0.4402,0.1709,True,Stable
Newcastle United,2022-01-22 15:00:00,0.6045,-0.08485,0.54776,-0.0749,0.4506,0.0862,True,Stable
Newcastle United,2022-02-08 19:45:00,0.50945,-0.06082,0.6045,-0.08485,0.7482,0.2087,True,Stable
Newcastle United,2022-02-13 14:00:00,0.51842,-0.06528,0.50945,-0.06082,0.0705,0.0389,True,Stable
Newcastle United,2022-02-19 12:30:00,0.52397,-0.05809,0.51842,-0.06528,0.0435,0.0628,True,Stable
Newcastle United,2022-02-26 15:00:00,0.51003,-0.06309,0.52397,-0.05809,0.1091,0.0437,True,Stable
Newcastle United,2022-03-05 15:00:00,0.50981,-0.06471,0.51003,-0.06309,0.0017,0.0142,True,Stable
Newcastle United,2022-03-10 19:30:00,0.45191,-0.10763,0.50981,-0.06471,0.4518,0.3776,True,Stable
Newcastle United,2022-03-13 14:00:00,0.47346,-0.10694,0.45191,-0.10763,0.1683,0.0061,True,Stable
Newcastle United,2022-03-17 19:45:00,0.58323,-0.12708,0.47346,-0.10694,0.858,0.1777,True,Stable
Newcastle United,2022-04-03 15:30:00,0.56775,-0.13306,0.58323,-0.12708,0.1203,0.0528,True,Stable
Newcastle United,2022-04-08 19:00:00,0.56205,-0.12116,0.56775,-0.13306,0.0441,0.1051,True,Stable
Newcastle United,2022-04-17 13:15:00,0.53609,-0.09996,0.56205,-0.12116,0.2,0.1875,True,Stable
Newcastle United,2022-04-20 18:45:00,0.51281,-0.09867,0.53609,-0.09996,0.1789,0.0114,True,Stable
Newcastle United,2022-04-23 14:00:00,0.53566,-0.0869,0.51281,-0.09867,0.1754,0.1044,True,Stable
Newcastle United,2022-04-30 11:30:00,0.6168,-0.07214,0.53566,-0.0869,0.6218,0.1312,True,Stable
Newcastle United,2022-05-08 15:30:00,0.56958,-0.069,0.6168,-0.07214,0.3591,0.028,True,Stable
Newcastle United,2022-05-16 19:00:00,0.60885,-0.06947,0.56958,-0.069,0.2975,0.0042,True,Stable
Newcastle United,2022-05-22 15:00:00,0.65586,-0.06046,0.60885,-0.06947,0.3539,0.0807,True,Stable
Newcastle United,2022-08-06 14:00:00,0.58342,-0.06195,0.65586,-0.06046,0.5401,0.0133,True,Stable
Newcastle United,2022-08-13 14:00:00,0.57057,-0.05853,0.58342,-0.06195,0.0954,0.0308,True,Stable
Newcastle United,2022-08-21 15:30:00,0.61532,-0.06281,0.57057,-0.05853,0.3311,0.0386,True,Stable
Newcastle United,2022-08-28 13:00:00,0.65118,-0.05539,0.61532,-0.06281,0.2639,0.0671,True,Stable
Newcastle United,2022-08-31 19:00:00,0.61529,-0.07454,0.65118,-0.05539,0.2619,0.1736,True,Stable
Newcastle United,2022-09-03 14:00:00,0.58099,-0.03551,0.61529,-0.07454,0.249,0.3547,True,Stable
Newcastle United,2022-09-17 14:00:00,0.3698,0.00697,0.58099,-0.03551,1.5278,0.387,False,Unstable
Newcastle United,2022-10-01 14:00:00,0.16851,0.13205,0.3698,0.00697,1.46,1.1421,False,Unstable
Newcastle United,2022-10-08 14:00:00,0.40094,0.01286,0.16851,0.13205,1.6806,1.0848,False,Unstable
Newcastle United,2022-10-16 13:00:00,0.3697,0.08155,0.40094,0.01286,0.2265,0.6264,True,Stable
Newcastle United,2022-10-19 18:30:00,0.54533,0.05833,0.3697,0.08155,1.2762,0.2117,False,Unstable
Newcastle United,2022-10-23 15:30:00,0.50918,0.03441,0.54533,0.05833,0.2623,0.2182,True,Stable
Newcastle United,2022-10-29 14:00:00,0.45849,0.01891,0.50918,0.03441,0.3679,0.1418,True,Stable
Newcastle United,2022-11-06 14:00:00,0.40877,0.00131,0.45849,0.01891,0.3614,0.1611,True,Stable
Newcastle United,2022-11-12 17:30:00,0.34164,-0.04502,0.40877,0.00131,0.4891,0.4253,True,Stable
Newcastle United,2022-12-26 15:00:00,0.25477,-0.11627,0.34164,-0.04502,0.6343,0.6557,True,Stable
Newcastle United,2022-12-31 15:00:00,0.41351,-0.04461,0.25477,-0.11627,1.1598,0.66,False,Unstable
Newcastle United,2023-01-03 19:45:00,0.42273,-0.04055,0.41351,-0.04461,0.0675,0.0375,True,Stable
Newcastle United,2023-01-15 14:00:00,0.39252,0.02589,0.42273,-0.04055,0.2217,0.6149,True,Stable
Newcastle United,2023-01-21 17:30:00,0.28447,0.09577,0.39252,0.02589,0.7949,0.6478,True,Stable
Newcastle United,2023-02-04 17:30:00,0.17319,0.21834,0.28447,0.09577,0.8196,1.1353,False,Unstable
Newcastle United,2023-02-11 17:30:00,0.23113,0.16211,0.17319,0.21834,0.4255,0.5155,True,Stable
Newcastle United,2023-02-18 17:30:00,0.19787,0.23752,0.23113,0.16211,0.2442,0.6881,True,Stable
Newcastle United,2023-03-04 12:30:00,0.19687,0.24376,0.19787,0.23752,0.0073,0.0562,True,Stable
Newcastle United,2023-03-12 16:30:00,0.21055,0.24939,0.19687,0.24376,0.1002,0.0502,True,Stable
Newcastle United,2023-03-17 20:00:00,0.21357,0.30361,0.21055,0.24939,0.022,0.478,True,Stable
Newcastle United,2023-04-02 15:30:00,0.19557,0.34811,0.21357,0.30361,0.1315,0.3859,True,Stable
Newcastle United,2023-04-05 19:00:00,0.2523,0.22902,0.19557,0.34811,0.4139,1.011,False,Unstable
Newcastle United,2023-04-08 14:00:00,0.2557,0.21843,0.2523,0.22902,0.0249,0.0891,True,Stable
Newcastle United,2023-04-15 11:30:00,0.2465,0.19779,0.2557,0.21843,0.0673,0.1727,True,Stable
Newcastle United,2023-04-23 13:00:00,0.20705,0.06865,0.2465,0.19779,0.2884,1.0745,False,Unstable
Newcastle United,2023-04-27 18:45:00,0.14312,-0.0958,0.20705,0.06865,0.467,1.3698,False,Unstable
Newcastle United,2023-04-30 13:00:00,0.20217,0.08924,0.14312,-0.0958,0.4297,1.5434,False,Unstable
Newcastle United,2023-05-07 15:30:00,0.22429,0.13148,0.20217,0.08924,0.1608,0.3525,True,Stable
Newcastle United,2023-05-13 11:30:00,0.22158,0.11332,0.22429,0.13148,0.0197,0.1514,True,Stable
Newcastle United,2023-05-18 18:30:00,0.23183,0.18787,0.22158,0.11332,0.0745,0.6211,True,Stable
Newcastle United,2023-05-22 19:00:00,0.22152,0.28938,0.23183,0.18787,0.0749,0.8422,True,Stable
Newcastle United,2023-05-28 15:30:00,0.21427,0.2843,0.22152,0.28938,0.0527,0.0417,True,Stable
Newcastle United,2023-08-12 16:30:00,0.23325,0.24274,0.21427,0.2843,0.1379,0.3372,True,Stable
Newcastle United,2023-08-19 19:00:00,0.23653,0.29569,0.23325,0.24274,0.0238,0.4265,True,Stable
Newcastle United,2023-08-27 15:30:00,0.2276,0.29849,0.23653,0.29569,0.0649,0.0223,True,Stable
Newcastle United,2023-09-02 16:30:00,0.24071,0.25846,0.2276,0.29849,0.0953,0.3155,True,Stable
Newcastle United,2023-09-16 16:30:00,0.22615,0.182,0.24071,0.25846,0.1059,0.5981,True,Stable
Newcastle United,2023-09-24 15:30:00,0.22643,0.10101,0.22615,0.182,0.002,0.6319,True,Stable
Newcastle United,2023-09-30 14:00:00,0.24728,0.06893,0.22643,0.10101,0.1517,0.2505,True,Stable
Newcastle United,2023-10-08 13:00:00,0.2042,0.09739,0.24728,0.06893,0.3137,0.2225,True,Stable
Newcastle United,2023-10-21 14:00:00,0.20185,0.04339,0.2042,0.09739,0.0172,0.4224,True,Stable
Newcastle United,2023-10-28 16:30:00,0.18313,0.09494,0.20185,0.04339,0.1362,0.404,True,Stable
Newcastle United,2023-11-04 17:30:00,0.21235,0.21835,0.18313,0.09494,0.2123,0.9681,True,Stable
Newcastle United,2023-11-11 17:30:00,0.22382,0.22301,0.21235,0.21835,0.0833,0.0364,True,Stable
Newcastle United,2023-11-25 15:00:00,0.22981,0.18885,0.22382,0.22301,0.0435,0.2656,True,Stable
Newcastle United,2023-12-02 20:00:00,0.25902,0.25306,0.22981,0.18885,0.2122,0.498,True,Stable
Newcastle United,2023-12-07 19:30:00,0.29646,0.31244,0.25902,0.25306,0.2724,0.4578,True,Stable
Newcastle United,2023-12-10 16:30:00,0.24048,0.28925,0.29646,0.31244,0.4079,0.177,True,Stable
Newcastle United,2023-12-16 15:00:00,0.23197,0.31163,0.24048,0.28925,0.062,0.1695,True,Stable
Newcastle United,2023-12-23 15:00:00,0.18638,0.33546,0.23197,0.31163,0.3326,0.1789,True,Stable
Newcastle United,2023-12-26 12:30:00,0.18622,0.31196,0.18638,0.33546,0.0011,0.1745,True,Stable
Newcastle United,2024-01-01 19:00:00,0.24611,0.21417,0.18622,0.31196,0.436,0.7201,True,Stable
Newcastle United,2024-01-13 17:30:00,0.23103,0.22056,0.24611,0.21417,0.1099,0.0469,True,Stable
Newcastle United,2024-01-30 20:15:00,0.25297,0.17322,0.23103,0.22056,0.16,0.3466,True,Stable
Newcastle United,2024-02-03 15:00:00,0.2652,0.10222,0.25297,0.17322,0.0893,0.5193,True,Stable
Newcastle United,2024-02-10 17:30:00,0.21086,-0.05192,0.2652,0.10222,0.397,1.1286,False,Unstable
Newcastle United,2024-02-17 15:00:00,0.23257,-0.04777,0.21086,-0.05192,0.1586,0.0304,True,Stable
Newcastle United,2024-02-24 20:00:00,0.23597,-0.10788,0.23257,-0.04777,0.0249,0.4416,True,Stable
Newcastle United,2024-03-02 15:00:00,0.17935,-0.08711,0.23597,-0.10788,0.4142,0.1526,True,Stable
Newcastle United,2024-03-11 20:00:00,0.17189,-0.06601,0.17935,-0.08711,0.0545,0.1553,True,Stable
Newcastle United,2024-03-30 12:30:00,0.1956,-0.0002,0.17189,-0.06601,0.173,0.4849,True,Stable
Newcastle United,2024-04-02 18:30:00,0.21013,0.1048,0.1956,-0.0002,0.106,0.7752,True,Stable
Newcastle United,2024-04-06 14:00:00,0.25269,0.1911,0.21013,0.1048,0.3105,0.6377,True,Stable
Newcastle United,2024-04-13 11:30:00,0.21513,0.13056,0.25269,0.1911,0.2743,0.4466,True,Stable
Newcastle United,2024-04-24 19:00:00,0.20088,0.13509,0.21513,0.13056,0.1041,0.0334,True,Stable
Newcastle United,2024-04-27 14:00:00,0.20803,0.09124,0.20088,0.13509,0.0522,0.3237,True,Stable
Newcastle United,2024-05-04 14:00:00,0.19425,-0.01676,0.20803,0.09124,0.1006,0.7981,True,Stable
Newcastle United,2024-05-11 14:00:00,0.22007,-0.0768,0.19425,-0.01676,0.1885,0.4446,True,Stable
Newcastle United,2024-05-15 19:00:00,0.23653,-0.05792,0.22007,-0.0768,0.1202,0.14,True,Stable
Newcastle United,2024-05-19 15:00:00,0.21688,-0.05545,0.23653,-0.05792,0.1436,0.0183,True,Stable
Newcastle United,2024-08-17 14:00:00,0.22456,-0.02535,0.21688,-0.05545,0.0561,0.2238,True,Stable
Newcastle United,2024-08-25 13:00:00,0.2307,-0.02764,0.22456,-0.02535,0.0449,0.0171,True,Stable
Newcastle United,2024-09-01 12:30:00,0.22224,-0.0267,0.2307,-0.02764,0.0619,0.007,True,Stable
Newcastle United,2024-09-15 15:30:00,0.22225,-0.05197,0.22224,-0.0267,0.0,0.1888,True,Stable
Newcastle United,2024-09-21 14:00:00,0.21672,0.01247,0.22225,-0.05197,0.0405,0.4823,True,Stable
Newcastle United,2024-09-28 11:30:00,0.21469,0.02098,0.21672,0.01247,0.0149,0.0638,True,Stable
Newcastle United,2024-10-05 16:30:00,0.21564,0.07015,0.21469,0.02098,0.0069,0.3694,True,Stable
Newcastle United,2024-10-19 14:00:00,0.20399,0.16261,0.21564,0.07015,0.0854,0.6956,True,Stable
Newcastle United,2024-10-27 14:00:00,0.18098,0.2556,0.20399,0.16261,0.1686,0.6991,True,Stable
Newcastle United,2024-11-02 12:30:00,0.15177,0.2052,0.18098,0.2556,0.214,0.3773,True,Stable
Newcastle United,2024-11-10 14:00:00,0.16523,0.18913,0.15177,0.2052,0.0984,0.12,True,Stable
Newcastle United,2024-11-25 20:00:00,0.16524,0.25835,0.16523,0.18913,0.0001,0.5162,True,Stable
Newcastle United,2024-11-30 15:00:00,0.17467,0.10243,0.16524,0.25835,0.0689,1.1578,False,Unstable
Newcastle United,2024-12-04 19:30:00,0.16974,-0.01341,0.17467,0.10243,0.036,0.861,True,Stable
Newcastle United,2024-12-07 15:00:00,0.17093,-0.04774,0.16974,-0.01341,0.0087,0.2556,True,Stable
Newcastle United,2024-12-14 15:00:00,0.18792,-0.05544,0.17093,-0.04774,0.1237,0.0574,True,Stable
Newcastle United,2024-12-21 15:00:00,0.2201,-0.21187,0.18792,-0.05544,0.2343,1.168,False,Unstable
Newcastle United,2024-12-26 15:00:00,0.26552,-0.2026,0.2201,-0.21187,0.3309,0.069,True,Stable
Newcastle United,2024-12-30 20:00:00,0.2592,-0.15789,0.26552,-0.2026,0.0461,0.332,True,Stable
Newcastle United,2025-01-04 12:30:00,0.25349,-0.14137,0.2592,-0.15789,0.0417,0.1225,True,Stable
Newcastle United,2025-01-15 19:30:00,0.25028,-0.15477,0.25349,-0.14137,0.0234,0.0993,True,Stable
Newcastle United,2025-01-18 12:30:00,0.2205,-0.07853,0.25028,-0.15477,0.218,0.5648,True,Stable
Newcastle United,2025-01-25 15:00:00,0.24346,0.0375,0.2205,-0.07853,0.1681,0.8604,True,Stable
Newcastle United,2025-02-01 15:00:00,0.23594,0.03203,0.24346,0.0375,0.0551,0.0406,True,Stable
Newcastle United,2025-02-15 15:00:00,0.26269,0.03808,0.23594,0.03203,0.1963,0.045,True,Stable
Newcastle United,2025-02-23 14:00:00,0.29702,0.0557,0.26269,0.03808,0.2522,0.1313,True,Stable
Newcastle United,2025-02-26 20:15:00,0.33612,0.0768,0.29702,0.0557,0.2878,0.1575,True,Stable
Newcastle United,2025-03-10 20:00:00,0.28795,0.07424,0.33612,0.0768,0.3551,0.0192,True,Stable
Newcastle United,2025-04-02 19:45:00,0.2716,0.06344,0.28795,0.07424,0.1207,0.0808,True,Stable
Newcastle United,2025-04-07 19:00:00,0.26288,0.05599,0.2716,0.06344,0.0645,0.0558,True,Stable
Newcastle United,2025-04-13 15:30:00,0.26549,0.06819,0.26288,0.05599,0.0193,0.0915,True,Stable
Newcastle United,2025-04-16 18:30:00,0.25531,-0.04776,0.26549,0.06819,0.0755,0.8713,True,Stable
Newcastle United,2025-04-19 16:30:00,0.21275,-0.0438,0.25531,-0.04776,0.3158,0.0298,True,Stable
Newcastle United,2025-04-26 14:00:00,0.22904,0.00635,0.21275,-0.0438,0.1209,0.378,True,Stable
Newcastle United,2025-05-04 13:00:00,0.20863,-0.02662,0.22904,0.00635,0.1517,0.2489,True,Stable
Newcastle United,2025-05-11 11:00:00,0.21439,-0.03568,0.20863,-0.02662,0.0428,0.0685,True,Stable
Newcastle United,2025-05-18 15:30:00,0.25065,0.1036,0.21439,-0.03568,0.2696,1.0546,False,Unstable
Newcastle United,2025-05-25 15:00:00,0.19625,0.13471,0.25065,0.1036,0.4049,0.2357,True,Stable
Fulham,2022-08-13 14:00:00,0.52038,0.3879,0.52086,0.38917,0.0055,0.027,True,Stable
Fulham,2022-08-20 14:00:00,0.52562,0.38639,0.52038,0.3879,0.0599,0.0318,True,Stable
Fulham,2022-08-27 16:30:00,0.56801,0.39141,0.52562,0.38639,0.4838,0.105,True,Stable
Fulham,2022-08-30 18:30:00,0.50935,0.3705,0.56801,0.39141,0.6752,0.4341,True,Stable
Fulham,2022-09-03 14:00:00,0.33269,0.33896,0.50935,0.3705,2.0213,0.6578,False,Unstable
Fulham,2022-09-16 19:00:00,0.02123,-1.23235,0.33269,0.33896,3.2363,33.1454,False,Unstable
Fulham,2022-10-01 14:00:00,0.0,-32432.3179,0.02123,-1.23235,0.1643,136346.753,False,Unstable
Fulham,2022-10-09 13:00:00,0.0,-35785.67698,0.0,-32432.3179,0.0,0.7014,True,Stable
Fulham,2022-10-15 14:00:00,0.01637,-1.41547,0.0,-35785.67698,0.0935,5.1379,False,Unstable
Fulham,2022-10-20 18:30:00,0.04018,-0.52953,0.01637,-1.41547,0.1249,0.0001,True,Stable
Fulham,2022-10-23 13:00:00,0.06387,-0.10498,0.04018,-0.52953,0.1169,0.0001,True,Stable
Fulham,2022-10-29 16:30:00,0.10446,0.09733,0.06387,-0.10498,0.1916,0.0,True,Stable
Fulham,2022-11-05 15:00:00,0.11355,0.07228,0.10446,0.09733,0.0417,0.0,True,Stable
Fulham,2022-11-13 16:30:00,0.11646,0.12738,0.11355,0.07228,0.013,0.0,True,Stable
Fulham,2022-12-26 15:00:00,0.11639,0.12548,0.11646,0.12738,0.0003,0.0,True,Stable
Fulham,2022-12-31 15:00:00,0.10339,0.18493,0.11639,0.12548,0.056,0.0,True,Stable
Fulham,2023-01-03 19:45:00,0.11119,0.09121,0.10339,0.18493,0.033,0.0,True,Stable
Fulham,2023-01-12 19:00:00,0.09837,0.08116,0.11119,0.09121,0.0534,0.0,True,Stable
Fulham,2023-01-15 14:00:00,0.09813,0.05105,0.09837,0.08116,0.001,0.0,True,Stable
Fulham,2023-01-23 20:00:00,0.11429,0.06755,0.09813,0.05105,0.0656,0.0,True,Stable
Fulham,2023-02-03 20:00:00,0.1253,0.07498,0.11429,0.06755,0.0442,0.0,True,Stable
Fulham,2023-02-11 15:00:00,0.11823,0.07821,0.1253,0.07498,0.0282,0.0,True,Stable
Fulham,2023-02-18 15:00:00,0.12589,0.06745,0.11823,0.07821,0.0304,0.0,True,Stable
Fulham,2023-02-24 20:00:00,0.13886,0.01747,0.12589,0.06745,0.0511,0.0,True,Stable
Fulham,2023-03-06 20:00:00,0.13613,-0.03876,0.13886,0.01747,0.0107,0.0,True,Stable
Fulham,2023-03-12 14:00:00,0.13868,-0.04161,0.13613,-0.03876,0.01,0.0,True,Stable
Fulham,2023-04-01 14:00:00,0.15484,-0.08153,0.13868,-0.04161,0.063,0.0,True,Stable
Fulham,2023-04-08 14:00:00,0.18677,-0.04865,0.15484,-0.08153,0.1242,0.0,True,Stable
Fulham,2023-04-15 14:00:00,0.19752,-0.08131,0.18677,-0.04865,0.0419,0.0,True,Stable
Fulham,2023-04-22 11:30:00,0.20044,-0.09394,0.19752,-0.08131,0.0114,0.0,True,Stable
Fulham,2023-04-25 18:45:00,0.19434,-0.11612,0.20044,-0.09394,0.0238,0.0,True,Stable
Fulham,2023-04-30 13:00:00,0.19658,-0.13434,0.19434,-0.11612,0.0088,0.0,True,Stable
Fulham,2023-05-03 19:00:00,0.21734,-0.14473,0.19658,-0.13434,0.0814,0.0,True,Stable
Fulham,2023-05-08 14:00:00,0.1843,-0.22863,0.21734,-0.14473,0.1299,0.0,True,Stable
Fulham,2023-05-13 14:00:00,0.1548,-0.2582,0.1843,-0.22863,0.1161,0.0,True,Stable
Fulham,2023-05-20 14:00:00,0.15774,-0.32625,0.1548,-0.2582,0.0116,0.0,True,Stable
Fulham,2023-05-28 15:30:00,0.17983,-0.25189,0.15774,-0.32625,0.0869,0.0,True,Stable
Fulham,2023-08-12 14:00:00,0.18487,-0.28151,0.17983,-0.25189,0.0199,0.0,True,Stable
Fulham,2023-08-19 14:00:00,0.25512,-0.18497,0.18487,-0.28151,0.2775,0.0,True,Stable
Fulham,2023-08-26 14:00:00,0.2661,-0.19607,0.25512,-0.18497,0.0436,0.0,True,Stable
Fulham,2023-09-02 14:00:00,0.21686,-0.1338,0.2661,-0.19607,0.1963,0.0,True,Stable
Fulham,2023-09-16 14:00:00,0.21193,-0.12902,0.21686,-0.1338,0.0197,0.0,True,Stable
Fulham,2023-09-23 14:00:00,0.20087,-0.03736,0.21193,-0.12902,0.0444,0.0,True,Stable
Fulham,2023-10-02 19:00:00,0.21002,0.00135,0.20087,-0.03736,0.0368,0.0,True,Stable
Fulham,2023-10-07 14:00:00,0.22869,0.03917,0.21002,0.00135,0.0753,0.0,True,Stable
Fulham,2023-10-23 19:00:00,0.22397,0.06676,0.22869,0.03917,0.0191,0.0,True,Stable
Fulham,2023-10-29 14:00:00,0.25789,0.0386,0.22397,0.06676,0.1379,0.0,True,Stable
Fulham,2023-11-04 12:30:00,0.23091,0.05648,0.25789,0.0386,0.1102,0.0,True,Stable
Fulham,2023-11-12 14:00:00,0.21612,-0.01196,0.23091,0.05648,0.0606,0.0,True,Stable
Fulham,2023-11-27 20:00:00,0.21597,-0.01337,0.21612,-0.01196,0.0006,0.0,True,Stable
Fulham,2023-12-03 14:00:00,0.24428,-0.09612,0.21597,-0.01337,0.1167,0.0,True,Stable
Fulham,2023-12-06 19:30:00,0.21917,-0.15699,0.24428,-0.09612,0.104,0.0,True,Stable
Fulham,2023-12-10 14:00:00,0.08986,-0.59549,0.21917,-0.15699,0.5371,0.0001,True,Stable
Fulham,2023-12-16 15:00:00,0.09726,-0.47131,0.08986,-0.59549,0.0307,0.0,True,Stable
Fulham,2023-12-23 15:00:00,0.14723,-0.26704,0.09726,-0.47131,0.2069,0.0,True,Stable
Fulham,2023-12-26 15:00:00,0.17775,-0.21346,0.14723,-0.26704,0.1265,0.0,True,Stable
Fulham,2023-12-31 14:00:00,0.19099,-0.21806,0.17775,-0.21346,0.055,0.0,True,Stable
Fulham,2024-01-13 12:30:00,0.20873,-0.15127,0.19099,-0.21806,0.0739,0.0,True,Stable
Fulham,2024-01-30 19:45:00,0.15596,-0.04509,0.20873,-0.15127,0.2205,0.0,True,Stable
Fulham,2024-02-03 15:00:00,0.20246,-0.13036,0.15596,-0.04509,0.1946,0.0,True,Stable
Fulham,2024-02-10 15:00:00,0.21123,-0.14154,0.20246,-0.13036,0.0368,0.0,True,Stable
Fulham,2024-02-17 15:00:00,0.19497,-0.06951,0.21123,-0.14154,0.0685,0.0,True,Stable
Fulham,2024-02-24 15:00:00,0.20942,-0.10887,0.19497,-0.06951,0.061,0.0,True,Stable
Fulham,2024-03-02 15:00:00,0.22252,-0.21136,0.20942,-0.10887,0.0555,0.0,True,Stable
Fulham,2024-03-09 15:00:00,0.25718,-0.18407,0.22252,-0.21136,0.1473,0.0,True,Stable
Fulham,2024-03-16 17:30:00,0.2552,-0.152,0.25718,-0.18407,0.0085,0.0,True,Stable
Fulham,2024-03-30 15:00:00,0.25656,-0.20125,0.2552,-0.152,0.0058,0.0,True,Stable
Fulham,2024-04-02 18:30:00,0.26224,-0.17736,0.25656,-0.20125,0.0245,0.0,True,Stable
Fulham,2024-04-06 14:00:00,0.27778,-0.12118,0.26224,-0.17736,0.0672,0.0,True,Stable
Fulham,2024-04-14 13:00:00,0.27819,-0.12368,0.27778,-0.12118,0.0018,0.0,True,Stable
Fulham,2024-04-21 15:30:00,0.28412,-0.06097,0.27819,-0.12368,0.0258,0.0,True,Stable
Fulham,2024-04-27 14:00:00,0.28525,0.01385,0.28412,-0.06097,0.005,0.0,True,Stable
Fulham,2024-05-04 14:00:00,0.26804,0.09185,0.28525,0.01385,0.0757,0.0,True,Stable
Fulham,2024-05-11 11:30:00,0.25698,0.08954,0.26804,0.09185,0.0488,0.0,True,Stable
Fulham,2024-05-19 15:00:00,0.33739,0.01011,0.25698,0.08954,0.3563,0.0,True,Stable
Fulham,2024-08-16 19:00:00,0.29865,-0.04327,0.33739,0.01011,0.1724,0.0,True,Stable
Fulham,2024-08-24 14:00:00,0.2969,-0.05241,0.29865,-0.04327,0.0078,0.0,True,Stable
Fulham,2024-08-31 14:00:00,0.2937,-0.09925,0.2969,-0.05241,0.0144,0.0,True,Stable
Fulham,2024-09-14 14:00:00,0.31064,-0.07534,0.2937,-0.09925,0.0764,0.0,True,Stable
Fulham,2024-09-21 14:00:00,0.31587,-0.02037,0.31064,-0.07534,0.0237,0.0,True,Stable
Fulham,2024-09-28 14:00:00,0.30925,-0.02043,0.31587,-0.02037,0.0301,0.0,True,Stable
Fulham,2024-10-05 14:00:00,0.29375,-0.00489,0.30925,-0.02043,0.0707,0.0,True,Stable
Fulham,2024-10-19 14:00:00,0.2602,0.0346,0.29375,-0.00489,0.1537,0.0,True,Stable
Fulham,2024-10-26 16:30:00,0.25944,0.04507,0.2602,0.0346,0.0035,0.0,True,Stable
Fulham,2024-11-04 20:00:00,0.26335,0.02482,0.25944,0.04507,0.0181,0.0,True,Stable
Fulham,2024-11-09 15:00:00,0.25239,0.05747,0.26335,0.02482,0.0508,0.0,True,Stable
Fulham,2024-11-23 15:00:00,0.25817,0.03811,0.25239,0.05747,0.0269,0.0,True,Stable
Fulham,2024-12-01 13:30:00,0.25807,0.07101,0.25817,0.03811,0.0005,0.0,True,Stable
Fulham,2024-12-05 19:30:00,0.27587,0.04875,0.25807,0.07101,0.0833,0.0,True,Stable
Fulham,2024-12-08 14:00:00,0.33461,0.12078,0.27587,0.04875,0.2759,0.0,True,Stable
Fulham,2024-12-14 15:00:00,0.35867,0.10787,0.33461,0.12078,0.1135,0.0,True,Stable
Fulham,2024-12-22 14:00:00,0.37196,0.11456,0.35867,0.10787,0.0629,0.0,True,Stable
Fulham,2024-12-26 15:00:00,0.33661,0.08104,0.37196,0.11456,0.168,0.0,True,Stable
Fulham,2024-12-29 15:00:00,0.33298,0.07658,0.33661,0.08104,0.0173,0.0,True,Stable
Fulham,2025-01-05 14:00:00,0.31543,0.03359,0.33298,0.07658,0.084,0.0,True,Stable
Fulham,2025-01-14 19:30:00,0.35244,0.0182,0.31543,0.03359,0.1779,0.0,True,Stable
Fulham,2025-01-18 15:00:00,0.33287,0.02349,0.35244,0.0182,0.0944,0.0,True,Stable
Fulham,2025-01-26 19:00:00,0.31692,0.06043,0.33287,0.02349,0.0772,0.0,True,Stable
Fulham,2025-02-01 15:00:00,0.31223,0.05977,0.31692,0.06043,0.0228,0.0,True,Stable
Fulham,2025-02-15 15:00:00,0.30155,0.08594,0.31223,0.05977,0.0521,0.0,True,Stable
Fulham,2025-02-22 15:00:00,0.31349,0.16183,0.30155,0.08594,0.0584,0.0,True,Stable
Fulham,2025-02-25 19:30:00,0.27308,0.12051,0.31349,0.16183,0.1985,0.0,True,Stable
Fulham,2025-03-08 15:00:00,0.26662,0.09245,0.27308,0.12051,0.0319,0.0,True,Stable
Fulham,2025-03-16 13:30:00,0.27965,0.13047,0.26662,0.09245,0.0644,0.0,True,Stable
Fulham,2025-04-01 19:45:00,0.27531,0.12447,0.27965,0.13047,0.0215,0.0,True,Stable
Fulham,2025-04-06 13:00:00,0.21508,0.02376,0.27531,0.12447,0.2997,0.0,True,Stable
Fulham,2025-04-14 19:00:00,0.2392,0.06492,0.21508,0.02376,0.1203,0.0,True,Stable
Fulham,2025-04-20 13:00:00,0.23149,0.03819,0.2392,0.06492,0.0386,0.0,True,Stable
Fulham,2025-04-26 14:00:00,0.24,-0.00411,0.23149,0.03819,0.0427,0.0,True,Stable
Fulham,2025-05-03 11:30:00,0.27592,-0.03785,0.24,-0.00411,0.1806,0.0,True,Stable
Fulham,2025-05-10 14:00:00,0.28991,-0.00938,0.27592,-0.03785,0.0705,0.0,True,Stable
Fulham,2025-05-18 14:00:00,0.21197,0.0227,0.28991,-0.00938,0.3944,0.0,True,Stable
Fulham,2025-05-25 15:00:00,0.23625,0.08243,0.21197,0.0227,0.1232,0.0,True,Stable
Bournemouth,2017-08-19 15:00:00,0.37958,-0.11392,0.38233,-0.12555,0.0731,0.2121,True,Stable
Bournemouth,2017-08-26 12:30:00,0.37757,-0.11136,0.37958,-0.11392,0.054,0.0471,True,Stable
Bournemouth,2017-09-09 15:00:00,0.36732,-0.10539,0.37757,-0.11136,0.2777,0.1107,True,Stable
Bournemouth,2017-09-15 20:00:00,0.37231,-0.11276,0.36732,-0.10539,0.1368,0.1375,True,Stable
Bournemouth,2017-09-23 15:00:00,0.37214,-0.11146,0.37231,-0.11276,0.0048,0.0244,True,Stable
Bournemouth,2017-09-30 15:00:00,0.3727,-0.04675,0.37214,-0.11146,0.0156,1.2283,False,Unstable
Bournemouth,2017-10-14 15:00:00,0.39021,-0.02482,0.3727,-0.04675,0.4949,0.4067,True,Stable
Bournemouth,2017-10-21 15:00:00,0.40566,-0.04746,0.39021,-0.02482,0.4378,0.4051,True,Stable
Bournemouth,2017-10-28 17:30:00,0.37,-0.05352,0.40566,-0.04746,1.0038,0.1068,False,Unstable
Bournemouth,2017-11-04 15:00:00,0.35873,-0.05006,0.37,-0.05352,0.3206,0.0602,True,Stable
Bournemouth,2017-11-18 15:00:00,0.56212,-0.1523,0.35873,-0.05006,5.8457,1.7651,False,Unstable
Bournemouth,2017-11-25 15:00:00,0.61028,-0.16102,0.56212,-0.1523,1.0791,0.1519,False,Unstable
Bournemouth,2017-11-29 19:45:00,0.52038,-0.15325,0.61028,-0.16102,1.6079,0.1364,False,Unstable
Bournemouth,2017-12-03 13:30:00,0.4501,-0.14237,0.52038,-0.15325,1.1886,0.1925,False,Unstable
Bournemouth,2017-12-09 15:00:00,0.41708,-0.15359,0.4501,-0.14237,0.5549,0.2003,True,Stable
Bournemouth,2017-12-13 20:00:00,0.65052,-0.11112,0.41708,-0.15359,3.942,0.7649,False,Unstable
Bournemouth,2017-12-17 16:30:00,0.64387,-0.1042,0.65052,-0.11112,0.0958,0.1255,True,Stable
Bournemouth,2017-12-23 15:00:00,0.66071,-0.08352,0.64387,-0.1042,0.218,0.378,True,Stable
Bournemouth,2017-12-26 15:00:00,0.65123,-0.07898,0.66071,-0.08352,0.1118,0.0833,True,Stable
Bournemouth,2017-12-30 15:00:00,0.65096,-0.05971,0.65123,-0.07898,0.003,0.3533,True,Stable
Bournemouth,2018-01-01 12:30:00,0.75436,-0.0603,0.65096,-0.05971,1.078,0.0108,False,Unstable
Bournemouth,2018-01-14 13:30:00,0.83068,-0.0668,0.75436,-0.0603,0.723,0.1181,True,Stable
Bournemouth,2018-01-20 15:00:00,0.63028,-0.09429,0.83068,-0.0668,1.6984,0.4984,False,Unstable
Bournemouth,2018-01-31 19:45:00,0.41595,-0.13651,0.63028,-0.09429,1.7824,0.7694,False,Unstable
Bournemouth,2018-02-03 15:00:00,0.34435,-0.16823,0.41595,-0.13651,0.6003,0.5829,True,Stable
Bournemouth,2018-02-11 12:00:00,0.30257,-0.20072,0.34435,-0.16823,0.3521,0.5987,True,Stable
Bournemouth,2018-02-24 15:00:00,0.28707,-0.21436,0.30257,-0.20072,0.1308,0.2498,True,Stable
Bournemouth,2018-03-03 15:00:00,0.31667,-0.24692,0.28707,-0.21436,0.2495,0.5898,True,Stable
Bournemouth,2018-03-11 16:00:00,0.34609,-0.21522,0.31667,-0.24692,0.2487,0.5596,True,Stable
Bournemouth,2018-03-17 15:00:00,0.35148,-0.23876,0.34609,-0.21522,0.0458,0.4119,True,Stable
Bournemouth,2018-03-31 15:00:00,0.35848,-0.23111,0.35148,-0.23876,0.0598,0.1315,True,Stable
Bournemouth,2018-04-07 14:00:00,0.3726,-0.22714,0.35848,-0.23111,0.1214,0.0673,True,Stable
Bournemouth,2018-04-14 16:30:00,0.34697,-0.2014,0.3726,-0.22714,0.2218,0.4328,True,Stable
Bournemouth,2018-04-18 18:45:00,0.33517,-0.17684,0.34697,-0.2014,0.1026,0.4124,True,Stable
Bournemouth,2018-04-28 14:00:00,0.29392,-0.13751,0.33517,-0.17684,0.3604,0.6632,True,Stable
Bournemouth,2018-05-05 15:00:00,0.24959,-0.08836,0.29392,-0.13751,0.3875,0.8344,True,Stable
Bournemouth,2018-05-13 15:00:00,0.24523,-0.11018,0.24959,-0.08836,0.0379,0.3713,True,Stable
Bournemouth,2018-08-11 17:00:00,0.2309,-0.10001,0.24523,-0.11018,0.1239,0.174,True,Stable
Bournemouth,2018-08-18 17:00:00,0.25774,-0.13211,0.2309,-0.10001,0.2305,0.5512,True,Stable
Bournemouth,2018-08-25 17:00:00,0.25689,-0.14076,0.25774,-0.13211,0.0072,0.1494,True,Stable
Bournemouth,2018-09-01 14:00:00,0.24496,-0.12289,0.25689,-0.14076,0.102,0.3107,True,Stable
Bournemouth,2018-09-15 14:00:00,0.25021,-0.12353,0.24496,-0.12289,0.0447,0.0111,True,Stable
Bournemouth,2018-09-22 14:00:00,0.24784,-0.12693,0.25021,-0.12353,0.0201,0.0598,True,Stable
Bournemouth,2018-10-01 19:00:00,0.24993,-0.13726,0.24784,-0.12693,0.0177,0.1831,True,Stable
Bournemouth,2018-10-06 14:00:00,0.24617,-0.13467,0.24993,-0.13726,0.0318,0.0463,True,Stable
Bournemouth,2018-10-20 14:00:00,0.24772,-0.16382,0.24617,-0.13467,0.0131,0.5227,True,Stable
Bournemouth,2018-10-27 14:00:00,0.26238,-0.16955,0.24772,-0.16382,0.1233,0.1032,True,Stable
Bournemouth,2018-11-03 12:30:00,0.1858,-0.06063,0.26238,-0.16955,0.6441,1.9689,False,Unstable
Bournemouth,2018-11-10 15:00:00,0.18003,-0.02146,0.1858,-0.06063,0.0481,0.7046,True,Stable
Bournemouth,2018-11-25 13:30:00,0.1639,-0.00863,0.18003,-0.02146,0.1331,0.2266,True,Stable
Bournemouth,2018-12-01 15:00:00,0.1857,-0.02903,0.1639,-0.00863,0.1778,0.3527,True,Stable
Bournemouth,2018-12-04 19:45:00,0.20761,0.01332,0.1857,-0.02903,0.1774,0.7233,True,Stable
Bournemouth,2018-12-08 12:30:00,0.13099,-0.09493,0.20761,0.01332,0.6175,1.7984,False,Unstable
Bournemouth,2018-12-15 15:00:00,0.13202,-0.11905,0.13099,-0.09493,0.0082,0.4023,True,Stable
Bournemouth,2018-12-22 15:00:00,0.13303,-0.17578,0.13202,-0.11905,0.0079,0.9508,True,Stable
Bournemouth,2018-12-26 15:00:00,0.14729,-0.10948,0.13303,-0.17578,0.1104,1.1137,False,Unstable
Bournemouth,2018-12-30 16:30:00,0.1497,-0.10439,0.14729,-0.10948,0.0185,0.086,True,Stable
Bournemouth,2019-01-02 19:45:00,0.13395,-0.05991,0.1497,-0.10439,0.1198,0.7539,True,Stable
Bournemouth,2019-01-13 14:15:00,0.1298,0.06604,0.13395,-0.05991,0.0312,2.1309,False,Unstable
Bournemouth,2019-01-19 15:00:00,0.14532,0.11694,0.1298,0.06604,0.1158,0.8206,True,Stable
Bournemouth,2019-01-30 19:45:00,0.2665,0.02527,0.14532,0.11694,0.8979,1.3806,False,Unstable
Bournemouth,2019-02-02 17:30:00,0.30921,0.03602,0.2665,0.02527,0.3174,0.1587,True,Stable
Bournemouth,2019-02-09 15:00:00,0.38456,0.04906,0.30921,0.03602,0.5626,0.1884,True,Stable
Bournemouth,2019-02-23 15:00:00,0.47083,0.0481,0.38456,0.04906,0.6472,0.0135,True,Stable
Bournemouth,2019-02-27 19:45:00,0.54031,0.05577,0.47083,0.0481,0.5216,0.1057,True,Stable
Bournemouth,2019-03-02 15:00:00,0.49847,0.07292,0.54031,0.05577,0.3127,0.2314,True,Stable
Bournemouth,2019-03-09 15:00:00,0.55225,0.09765,0.49847,0.07292,0.4016,0.3252,True,Stable
Bournemouth,2019-03-16 15:00:00,0.6162,0.09677,0.55225,0.09765,0.4749,0.0112,True,Stable
Bournemouth,2019-03-30 15:00:00,0.619,0.09427,0.6162,0.09677,0.0205,0.0309,True,Stable
Bournemouth,2019-04-06 15:00:00,0.63544,0.10153,0.619,0.09427,0.1192,0.0878,True,Stable
Bournemouth,2019-04-13 15:00:00,0.64313,0.07083,0.63544,0.10153,0.055,0.3624,True,Stable
Bournemouth,2019-04-20 15:00:00,0.84527,0.07634,0.64313,0.07083,1.4267,0.064,False,Unstable
Bournemouth,2019-04-27 15:00:00,0.97331,0.06798,0.84527,0.07634,0.8642,0.0957,True,Stable
Bournemouth,2019-05-04 11:30:00,1.02017,0.07091,0.97331,0.06798,0.2964,0.0331,True,Stable
Bournemouth,2019-05-12 14:00:00,1.21761,0.05965,1.02017,0.07091,1.171,0.1257,False,Unstable
Bournemouth,2019-08-10 15:00:00,1.14267,0.08324,1.21761,0.05965,0.4046,0.261,True,Stable
Bournemouth,2019-08-17 15:00:00,1.5403,0.06825,1.14267,0.08324,2.0155,0.1637,False,Unstable
Bournemouth,2019-08-25 14:00:00,1.66936,0.06856,1.5403,0.06825,0.578,0.0033,True,Stable
Bournemouth,2019-08-31 15:00:00,1.72145,0.06396,1.66936,0.06856,0.2074,0.0493,True,Stable
Bournemouth,2019-09-15 13:00:00,1.53494,0.0538,1.72145,0.06396,0.6724,0.108,True,Stable
Bournemouth,2019-09-20 19:00:00,1.10656,0.02447,1.53494,0.0538,1.4559,0.3099,False,Unstable
Bournemouth,2019-09-28 14:00:00,0.81485,0.01624,1.10656,0.02447,0.9747,0.0868,True,Stable
Bournemouth,2019-10-06 14:00:00,0.66758,0.00201,0.81485,0.01624,0.491,0.1499,True,Stable
Bournemouth,2019-10-19 15:00:00,0.63781,-0.00692,0.66758,0.00201,0.0994,0.0941,True,Stable
Bournemouth,2019-10-26 15:00:00,0.72085,0.01175,0.63781,-0.00692,0.2781,0.197,True,Stable
Bournemouth,2019-11-02 12:30:00,0.65064,0.03474,0.72085,0.01175,0.2353,0.2423,True,Stable
Bournemouth,2019-11-09 15:00:00,0.50412,0.05635,0.65064,0.03474,0.4921,0.2272,True,Stable
Bournemouth,2019-11-23 15:00:00,0.445,0.07847,0.50412,0.05635,0.1993,0.2315,True,Stable
Bournemouth,2019-11-30 15:00:00,0.47425,0.06889,0.445,0.07847,0.099,0.0994,True,Stable
Bournemouth,2019-12-03 19:30:00,0.47617,0.07709,0.47425,0.06889,0.0065,0.0846,True,Stable
Bournemouth,2019-12-07 15:00:00,0.48863,0.07961,0.47617,0.07709,0.0425,0.0258,True,Stable
Bournemouth,2019-12-14 15:00:00,0.50954,0.08544,0.48863,0.07961,0.0716,0.0594,True,Stable
Bournemouth,2019-12-21 15:00:00,0.48594,0.07487,0.50954,0.08544,0.0811,0.1068,True,Stable
Bournemouth,2019-12-26 15:00:00,0.49396,0.08666,0.48594,0.07487,0.0277,0.1185,True,Stable
Bournemouth,2019-12-28 12:30:00,0.48397,0.09932,0.49396,0.08666,0.0346,0.1266,True,Stable
Bournemouth,2020-01-01 17:30:00,0.46322,0.10103,0.48397,0.09932,0.0721,0.0169,True,Stable
Bournemouth,2020-01-12 14:00:00,0.45196,0.10271,0.46322,0.10103,0.0393,0.0165,True,Stable
Bournemouth,2020-01-18 15:00:00,0.38413,0.16693,0.45196,0.10271,0.2376,0.6275,True,Stable
Bournemouth,2020-01-21 19:30:00,0.41787,0.14876,0.38413,0.16693,0.1186,0.1747,True,Stable
Bournemouth,2020-02-01 15:00:00,0.41632,0.154,0.41787,0.14876,0.0055,0.0498,True,Stable
Bournemouth,2020-02-09 14:00:00,0.43199,0.15788,0.41632,0.154,0.0555,0.0363,True,Stable
Bournemouth,2020-02-22 15:00:00,0.43229,0.17731,0.43199,0.15788,0.0011,0.18,True,Stable
Bournemouth,2020-02-29 15:00:00,0.42335,0.14512,0.43229,0.17731,0.0319,0.294,True,Stable
Bournemouth,2020-03-07 12:30:00,0.41922,0.16586,0.42335,0.14512,0.0148,0.1877,True,Stable
Bournemouth,2020-06-20 18:45:00,0.40861,0.17748,0.41922,0.16586,0.0381,0.1039,True,Stable
Bournemouth,2020-06-24 17:00:00,0.40174,0.19008,0.40861,0.17748,0.0247,0.1114,True,Stable
Bournemouth,2020-07-01 17:00:00,0.41986,0.16939,0.40174,0.19008,0.0655,0.1805,True,Stable
Bournemouth,2020-07-04 14:00:00,0.42175,0.20238,0.41986,0.16939,0.0069,0.2849,True,Stable
Bournemouth,2020-07-09 17:00:00,0.36127,0.18139,0.42175,0.20238,0.2202,0.1789,True,Stable
Bournemouth,2020-07-12 18:00:00,0.36851,0.14916,0.36127,0.18139,0.0264,0.2718,True,Stable
Bournemouth,2020-07-15 17:00:00,0.3753,0.14248,0.36851,0.14916,0.0249,0.056,True,Stable
Bournemouth,2020-07-19 13:00:00,0.36408,0.16124,0.3753,0.14248,0.0412,0.1563,True,Stable
Bournemouth,2020-07-26 15:00:00,0.33966,0.09261,0.36408,0.16124,0.09,0.568,True,Stable
Bournemouth,2022-08-06 14:00:00,0.21385,0.06159,0.33966,0.09261,0.4648,0.2565,True,Stable
Bournemouth,2022-08-13 14:00:00,0.24017,0.06183,0.21385,0.06159,0.0973,0.002,True,Stable
Bournemouth,2022-08-20 16:30:00,0.21405,0.07512,0.24017,0.06183,0.0967,0.11,True,Stable
Bournemouth,2022-08-27 14:00:00,0.20038,0.06794,0.21405,0.07512,0.0507,0.0594,True,Stable
Bournemouth,2022-08-31 18:30:00,0.27783,0.15838,0.20038,0.06794,0.2872,0.7488,True,Stable
Bournemouth,2022-09-03 14:00:00,0.27726,0.14227,0.27783,0.15838,0.0021,0.1327,True,Stable
Bournemouth,2022-09-17 14:00:00,0.30113,0.14861,0.27726,0.14227,0.0888,0.052,True,Stable
Bournemouth,2022-10-01 14:00:00,0.29155,0.14451,0.30113,0.14861,0.0357,0.0334,True,Stable
Bournemouth,2022-10-08 14:00:00,0.20982,0.05405,0.29155,0.14451,0.3056,0.7352,True,Stable
Bournemouth,2022-10-15 14:00:00,0.18713,-0.07383,0.20982,0.05405,0.0849,1.0407,False,Unstable
Bournemouth,2022-10-19 18:30:00,0.32389,0.01176,0.18713,-0.07383,0.5121,0.6985,True,Stable
Bournemouth,2022-10-24 19:00:00,0.3388,0.02419,0.32389,0.01176,0.056,0.1017,True,Stable
Bournemouth,2022-10-29 14:00:00,0.32362,0.00666,0.3388,0.02419,0.0572,0.1438,True,Stable
Bournemouth,2022-11-05 15:00:00,0.30756,-0.0089,0.32362,0.00666,0.0606,0.1279,True,Stable
Bournemouth,2022-11-12 15:00:00,0.28921,-0.01286,0.30756,-0.0089,0.0694,0.0326,True,Stable
Bournemouth,2022-12-27 17:30:00,0.26925,-0.01753,0.28921,-0.01286,0.0756,0.0386,True,Stable
Bournemouth,2022-12-31 15:00:00,0.26051,-0.02961,0.26925,-0.01753,0.0332,0.1002,True,Stable
Bournemouth,2023-01-03 20:00:00,0.29202,-0.02913,0.26051,-0.02961,0.1199,0.0041,True,Stable
Bournemouth,2023-01-14 17:30:00,0.30156,-0.00343,0.29202,-0.02913,0.0363,0.2144,True,Stable
Bournemouth,2023-01-21 15:00:00,0.27827,0.01528,0.30156,-0.00343,0.089,0.1565,True,Stable
Bournemouth,2023-02-04 15:00:00,0.24698,0.03161,0.27827,0.01528,0.1198,0.1369,True,Stable
Bournemouth,2023-02-11 17:30:00,0.25343,0.01941,0.24698,0.03161,0.0247,0.1025,True,Stable
Bournemouth,2023-02-18 15:00:00,0.21588,0.0552,0.25343,0.01941,0.1442,0.3013,True,Stable
Bournemouth,2023-02-25 17:30:00,0.21175,0.05347,0.21588,0.0552,0.0159,0.0146,True,Stable
Bournemouth,2023-03-04 15:00:00,0.22192,0.04754,0.21175,0.05347,0.0391,0.0501,True,Stable
Bournemouth,2023-03-11 12:30:00,0.23634,-0.0068,0.22192,0.04754,0.0556,0.4592,True,Stable
Bournemouth,2023-03-18 15:00:00,0.22492,0.00891,0.23634,-0.0068,0.0441,0.133,True,Stable
Bournemouth,2023-04-01 14:00:00,0.23536,-0.00308,0.22492,0.00891,0.0403,0.1018,True,Stable
Bournemouth,2023-04-04 18:45:00,0.21657,0.03016,0.23536,-0.00308,0.0727,0.283,True,Stable
Bournemouth,2023-04-08 14:00:00,0.1802,0.0751,0.21657,0.03016,0.1408,0.3835,True,Stable
Bournemouth,2023-04-15 14:00:00,0.20451,0.06627,0.1802,0.0751,0.0942,0.0753,True,Stable
Bournemouth,2023-04-23 13:00:00,0.1919,0.0925,0.20451,0.06627,0.0489,0.2241,True,Stable
Bournemouth,2023-04-27 18:45:00,0.20964,0.04627,0.1919,0.0925,0.0688,0.3948,True,Stable
Bournemouth,2023-04-30 13:00:00,0.21808,0.02406,0.20964,0.04627,0.0328,0.19,True,Stable
Bournemouth,2023-05-06 14:00:00,0.20036,-0.02067,0.21808,0.02406,0.0689,0.3833,True,Stable
Bournemouth,2023-05-13 14:00:00,0.2329,0.0214,0.20036,-0.02067,0.1266,0.3615,True,Stable
Bournemouth,2023-05-20 14:00:00,0.23138,0.04315,0.2329,0.0214,0.0059,0.1873,True,Stable
Bournemouth,2023-05-28 15:30:00,0.2542,0.11289,0.23138,0.04315,0.089,0.6014,True,Stable
Bournemouth,2023-08-12 14:00:00,0.22955,0.14985,0.2542,0.11289,0.0963,0.3183,True,Stable
Bournemouth,2023-08-19 14:00:00,0.23819,0.18313,0.22955,0.14985,0.0338,0.2856,True,Stable
Bournemouth,2023-08-26 11:30:00,0.25326,0.21622,0.23819,0.18313,0.0591,0.2822,True,Stable
Bournemouth,2023-09-02 14:00:00,0.22625,0.1869,0.25326,0.21622,0.106,0.2479,True,Stable
Bournemouth,2023-09-17 13:00:00,0.22442,0.24304,0.22625,0.1869,0.0072,0.472,True,Stable
Bournemouth,2023-09-24 13:00:00,0.22896,0.26891,0.22442,0.24304,0.0179,0.2152,True,Stable
Bournemouth,2023-09-30 14:00:00,0.21763,0.28915,0.22896,0.26891,0.0447,0.1663,True,Stable
Bournemouth,2023-10-07 14:00:00,0.22648,0.34759,0.21763,0.28915,0.0349,0.4734,True,Stable
Bournemouth,2023-10-21 14:00:00,0.26382,0.37379,0.22648,0.34759,0.1475,0.2082,True,Stable
Bournemouth,2023-10-28 14:00:00,0.22837,0.29062,0.26382,0.37379,0.1403,0.6467,True,Stable
Bournemouth,2023-11-04 15:00:00,0.2224,0.25064,0.22837,0.29062,0.0237,0.3072,True,Stable
Bournemouth,2023-11-11 17:30:00,0.22727,0.30073,0.2224,0.25064,0.0193,0.3819,True,Stable
Bournemouth,2023-11-25 15:00:00,0.24337,0.29958,0.22727,0.30073,0.064,0.0087,True,Stable
Bournemouth,2023-12-03 14:00:00,0.2731,0.3187,0.24337,0.29958,0.1183,0.1425,True,Stable
Bournemouth,2023-12-06 19:30:00,0.32494,0.34352,0.2731,0.3187,0.2067,0.1827,True,Stable
Bournemouth,2023-12-09 15:00:00,0.36306,0.33916,0.32494,0.34352,0.1523,0.0317,True,Stable
Bournemouth,2023-12-23 15:00:00,0.26642,0.27561,0.36306,0.33916,0.3871,0.4554,True,Stable
Bournemouth,2023-12-26 15:00:00,0.15662,0.13936,0.26642,0.27561,0.4406,0.9693,True,Stable
Bournemouth,2023-12-31 14:00:00,0.14113,0.04442,0.15662,0.13936,0.0622,0.6752,True,Stable
Bournemouth,2024-01-21 16:30:00,0.18256,0.08171,0.14113,0.04442,0.1662,0.2658,True,Stable
Bournemouth,2024-02-01 19:30:00,0.20991,0.11676,0.18256,0.08171,0.1098,0.2503,True,Stable
Bournemouth,2024-02-04 14:00:00,0.2266,0.15246,0.20991,0.11676,0.0671,0.255,True,Stable
Bournemouth,2024-02-10 15:00:00,0.23441,0.21401,0.2266,0.15246,0.0314,0.4394,True,Stable
Bournemouth,2024-02-17 15:00:00,0.22266,0.23485,0.23441,0.21401,0.0474,0.1483,True,Stable
Bournemouth,2024-02-24 17:30:00,0.21146,0.26977,0.22266,0.23485,0.0452,0.2474,True,Stable
Bournemouth,2024-03-03 13:00:00,0.21964,0.26213,0.21146,0.26977,0.033,0.0538,True,Stable
Bournemouth,2024-03-09 15:00:00,0.19412,0.29938,0.21964,0.26213,0.1032,0.2609,True,Stable
Bournemouth,2024-03-13 19:30:00,0.25908,0.20495,0.19412,0.29938,0.2631,0.6563,True,Stable
Bournemouth,2024-03-30 15:00:00,0.28253,0.15864,0.25908,0.20495,0.0951,0.3211,True,Stable
Bournemouth,2024-04-02 18:45:00,0.24528,0.16311,0.28253,0.15864,0.1514,0.031,True,Stable
Bournemouth,2024-04-06 14:00:00,0.25183,0.14622,0.24528,0.16311,0.0267,0.1171,True,Stable
Bournemouth,2024-04-13 16:30:00,0.22517,0.11745,0.25183,0.14622,0.1087,0.1993,True,Stable
Bournemouth,2024-04-21 14:00:00,0.25747,0.2263,0.22517,0.11745,0.1319,0.7551,True,Stable
Bournemouth,2024-04-24 18:45:00,0.29292,0.29032,0.25747,0.2263,0.145,0.4428,True,Stable
Bournemouth,2024-04-28 13:00:00,0.26113,0.25961,0.29292,0.29032,0.1303,0.2111,True,Stable
Bournemouth,2024-05-04 11:30:00,0.25803,0.29484,0.26113,0.25961,0.0127,0.2411,True,Stable
Bournemouth,2024-05-11 14:00:00,0.25729,0.29315,0.25803,0.29484,0.003,0.0115,True,Stable
Bournemouth,2024-05-19 15:00:00,0.23593,0.2569,0.25729,0.29315,0.088,0.2452,True,Stable
Bournemouth,2024-08-17 14:00:00,0.24298,0.24118,0.23593,0.2569,0.0291,0.1059,True,Stable
Bournemouth,2024-08-25 13:00:00,0.23267,0.28587,0.24298,0.24118,0.0426,0.3002,True,Stable
Bournemouth,2024-08-31 14:00:00,0.22586,0.29935,0.23267,0.28587,0.0282,0.0901,True,Stable
Bournemouth,2024-09-14 19:00:00,0.19263,0.33177,0.22586,0.29935,0.1376,0.2155,True,Stable
Bournemouth,2024-09-21 14:00:00,0.16395,0.36753,0.19263,0.33177,0.1188,0.236,True,Stable
Bournemouth,2024-09-30 19:00:00,0.23008,0.28572,0.16395,0.36753,0.2742,0.535,True,Stable
Bournemouth,2024-10-05 14:00:00,0.23318,0.28247,0.23008,0.28572,0.0129,0.0212,True,Stable
Bournemouth,2024-10-19 16:30:00,0.22995,0.28917,0.23318,0.28247,0.0134,0.0435,True,Stable
Bournemouth,2024-10-26 14:00:00,0.22993,0.28971,0.22995,0.28917,0.0001,0.0035,True,Stable
Bournemouth,2024-11-02 15:00:00,0.23022,0.28799,0.22993,0.28971,0.0012,0.0111,True,Stable
Bournemouth,2024-11-09 15:00:00,0.2478,0.33491,0.23022,0.28799,0.0734,0.3006,True,Stable
Bournemouth,2024-11-23 15:00:00,0.26383,0.33801,0.2478,0.33491,0.067,0.0197,True,Stable
Bournemouth,2024-11-30 15:00:00,0.26092,0.30896,0.26383,0.33801,0.0122,0.1838,True,Stable
Bournemouth,2024-12-05 20:15:00,0.28678,0.35787,0.26092,0.30896,0.1085,0.3082,True,Stable
Bournemouth,2024-12-08 14:00:00,0.27222,0.41137,0.28678,0.35787,0.0612,0.3348,True,Stable
Bournemouth,2024-12-16 20:00:00,0.2779,0.48597,0.27222,0.41137,0.0239,0.4625,True,Stable
Bournemouth,2024-12-22 14:00:00,0.38577,0.4688,0.2779,0.48597,0.4549,0.105,True,Stable
Bournemouth,2024-12-26 15:00:00,0.45597,0.51746,0.38577,0.4688,0.2966,0.2939,True,Stable
Bournemouth,2024-12-29 15:00:00,0.58867,0.49467,0.45597,0.51746,0.5617,0.1356,True,Stable
Bournemouth,2025-01-04 15:00:00,0.63896,0.50126,0.58867,0.49467,0.2129,0.0387,True,Stable
Bournemouth,2025-01-14 19:30:00,0.64511,0.48024,0.63896,0.50126,0.026,0.1219,True,Stable
Bournemouth,2025-01-18 12:30:00,0.54948,0.44416,0.64511,0.48024,0.4045,0.2071,True,Stable
Bournemouth,2025-01-25 15:00:00,0.40954,0.37206,0.54948,0.44416,0.5924,0.4102,True,Stable
Bournemouth,2025-02-01 15:00:00,0.43348,0.37316,0.40954,0.37206,0.1016,0.0062,True,Stable
Bournemouth,2025-02-15 15:00:00,0.30733,0.29395,0.43348,0.37316,0.5361,0.4463,True,Stable
Bournemouth,2025-02-22 15:00:00,0.31948,0.26128,0.30733,0.29395,0.0517,0.1838,True,Stable
Bournemouth,2025-02-25 19:30:00,0.31604,0.32231,0.31948,0.26128,0.0147,0.343,True,Stable
Bournemouth,2025-03-09 14:00:00,0.347,0.37412,0.31604,0.32231,0.1323,0.2904,True,Stable
Bournemouth,2025-03-15 17:30:00,0.35937,0.38258,0.347,0.37412,0.053,0.0472,True,Stable
Bournemouth,2025-04-02 19:45:00,0.36819,0.42183,0.35937,0.38258,0.0378,0.218,True,Stable
Bournemouth,2025-04-05 14:00:00,0.40525,0.45003,0.36819,0.42183,0.1593,0.1557,True,Stable
Bournemouth,2025-04-14 19:00:00,0.37106,0.44305,0.40525,0.45003,0.1472,0.0383,True,Stable
Bournemouth,2025-04-19 14:00:00,0.34641,0.42882,0.37106,0.44305,0.1064,0.0775,True,Stable
Bournemouth,2025-04-27 13:00:00,0.3552,0.42183,0.34641,0.42882,0.038,0.0378,True,Stable
Bournemouth,2025-05-03 16:30:00,0.35372,0.37848,0.3552,0.42183,0.0064,0.2334,True,Stable
Bournemouth,2025-05-10 16:30:00,0.36234,0.39158,0.35372,0.37848,0.0374,0.0703,True,Stable
Bournemouth,2025-05-20 19:00:00,0.35884,0.37139,0.36234,0.39158,0.0152,0.1078,True,Stable
Bournemouth,2025-05-25 15:00:00,0.35423,0.37164,0.35884,0.37139,0.0201,0.0013,True,Stable
Everton,2017-08-21 20:00:00,0.18293,-0.37958,0.15497,-0.31174,0.1893,0.0,True,Stable
Everton,2017-08-27 13:30:00,0.16259,-0.33832,0.18293,-0.37958,0.1391,0.0,True,Stable
Everton,2017-09-09 15:00:00,0.13422,-0.23558,0.16259,-0.33832,0.1957,0.0,True,Stable
Everton,2017-09-17 16:00:00,0.12958,-0.26981,0.13422,-0.23558,0.0321,0.0,True,Stable
Everton,2017-09-23 15:00:00,0.11952,-0.2478,0.12958,-0.26981,0.07,0.0,True,Stable
Everton,2017-10-01 14:15:00,0.06838,0.10582,0.11952,-0.2478,0.3569,0.0001,True,Stable
Everton,2017-10-15 13:30:00,0.06157,0.19951,0.06838,0.10582,0.0473,0.0,True,Stable
Everton,2017-10-22 13:30:00,0.10043,-0.19167,0.06157,0.19951,0.2686,0.0001,True,Stable
Everton,2017-10-29 16:00:00,0.09735,-0.1445,0.10043,-0.19167,0.0213,0.0,True,Stable
Everton,2017-11-05 16:30:00,0.10153,-0.19596,0.09735,-0.1445,0.029,0.0,True,Stable
Everton,2017-11-18 15:00:00,0.11146,-0.33462,0.10153,-0.19596,0.0691,0.0,True,Stable
Everton,2017-11-26 13:30:00,0.1226,-0.43974,0.11146,-0.33462,0.0777,0.0,True,Stable
Everton,2017-11-29 20:00:00,0.11382,-0.48199,0.1226,-0.43974,0.0616,0.0,True,Stable
Everton,2017-12-02 15:00:00,0.09965,-0.60117,0.11382,-0.48199,0.0999,0.0,True,Stable
Everton,2017-12-10 14:15:00,0.102,-0.6048,0.09965,-0.60117,0.0166,0.0,True,Stable
Everton,2017-12-13 19:45:00,0.10012,-0.52015,0.102,-0.6048,0.0133,0.0,True,Stable
Everton,2017-12-18 20:00:00,0.09472,-0.47109,0.10012,-0.52015,0.0384,0.0,True,Stable
Everton,2017-12-23 12:30:00,0.11371,-0.34707,0.09472,-0.47109,0.1356,0.0,True,Stable
Everton,2017-12-26 15:00:00,0.11571,-0.12305,0.11371,-0.34707,0.0143,0.0,True,Stable
Everton,2017-12-30 15:00:00,0.12894,-0.10724,0.11571,-0.12305,0.0954,0.0,True,Stable
Everton,2018-01-01 17:30:00,0.12432,-0.05906,0.12894,-0.10724,0.0335,0.0,True,Stable
Everton,2018-01-13 17:30:00,0.15653,0.06266,0.12432,-0.05906,0.235,0.0,True,Stable
Everton,2018-01-20 15:00:00,0.14925,0.055,0.15653,0.06266,0.0535,0.0,True,Stable
Everton,2018-01-31 19:45:00,0.10398,-0.00616,0.14925,0.055,0.3351,0.0,True,Stable
Everton,2018-02-03 17:30:00,0.11068,0.10655,0.10398,-0.00616,0.0498,0.0,True,Stable
Everton,2018-02-10 15:00:00,0.15799,-0.02012,0.11068,0.10655,0.3532,0.0,True,Stable
Everton,2018-02-24 17:30:00,0.13294,-0.04432,0.15799,-0.02012,0.1884,0.0,True,Stable
Everton,2018-03-03 12:30:00,0.14293,0.01208,0.13294,-0.04432,0.0756,0.0,True,Stable
Everton,2018-03-10 15:00:00,0.15101,0.03348,0.14293,0.01208,0.0615,0.0,True,Stable
Everton,2018-03-17 15:00:00,0.16079,0.06841,0.15101,0.03348,0.0749,0.0,True,Stable
Everton,2018-03-31 17:30:00,0.1742,0.14343,0.16079,0.06841,0.1035,0.0,True,Stable
Everton,2018-04-07 11:30:00,0.15246,0.14838,0.1742,0.14343,0.169,0.0,True,Stable
Everton,2018-04-14 14:00:00,0.15612,0.15338,0.15246,0.14838,0.0287,0.0,True,Stable
Everton,2018-04-23 19:00:00,0.14751,0.16772,0.15612,0.15338,0.0678,0.0,True,Stable
Everton,2018-04-28 14:00:00,0.15724,0.04876,0.14751,0.16772,0.0771,0.0,True,Stable
Everton,2018-05-05 17:30:00,0.152,-0.05126,0.15724,0.04876,0.0418,0.0,True,Stable
Everton,2018-05-13 15:00:00,0.15109,-0.05179,0.152,-0.05126,0.0073,0.0,True,Stable
Everton,2018-08-11 19:30:00,0.13619,-0.10575,0.15109,-0.05179,0.1202,0.0,True,Stable
Everton,2018-08-18 17:00:00,0.13469,-0.12204,0.13619,-0.10575,0.0122,0.0,True,Stable
Everton,2018-08-25 17:00:00,0.13195,-0.20218,0.13469,-0.12204,0.0223,0.0,True,Stable
Everton,2018-09-01 14:00:00,0.13783,-0.21728,0.13195,-0.20218,0.0482,0.0,True,Stable
Everton,2018-09-16 15:00:00,0.14184,-0.27256,0.13783,-0.21728,0.033,0.0,True,Stable
Everton,2018-09-23 15:00:00,0.20847,-0.20838,0.14184,-0.27256,0.5516,0.0,True,Stable
Everton,2018-09-29 14:00:00,0.24136,-0.23725,0.20847,-0.20838,0.274,0.0,True,Stable
Everton,2018-10-06 14:00:00,0.19544,-0.20085,0.24136,-0.23725,0.3844,0.0,True,Stable
Everton,2018-10-21 15:00:00,0.194,-0.18789,0.19544,-0.20085,0.0121,0.0,True,Stable
Everton,2018-10-28 15:00:00,0.18721,-0.16314,0.194,-0.18789,0.0576,0.0,True,Stable
Everton,2018-11-03 15:00:00,0.18729,-0.17149,0.18721,-0.16314,0.0006,0.0,True,Stable
Everton,2018-11-11 14:15:00,0.19213,-0.10586,0.18729,-0.17149,0.0415,0.0,True,Stable
Everton,2018-11-24 15:00:00,0.20325,0.00013,0.19213,-0.10586,0.0959,0.0,True,Stable
Everton,2018-12-02 16:15:00,0.22222,0.09916,0.20325,0.00013,0.1644,0.0,True,Stable
Everton,2018-12-05 19:45:00,0.22668,0.14458,0.22222,0.09916,0.0389,0.0,True,Stable
Everton,2018-12-10 20:00:00,0.21841,0.18175,0.22668,0.14458,0.0725,0.0,True,Stable
Everton,2018-12-15 12:30:00,0.22746,0.23103,0.21841,0.18175,0.0797,0.0,True,Stable
Everton,2018-12-23 16:00:00,0.23405,0.13965,0.22746,0.23103,0.0583,0.0,True,Stable
Everton,2018-12-26 15:00:00,0.27002,0.01197,0.23405,0.13965,0.3197,0.0,True,Stable
Everton,2018-12-29 15:00:00,0.23831,-0.01506,0.27002,0.01197,0.2826,0.0,True,Stable
Everton,2019-01-01 12:30:00,0.25018,-0.02031,0.23831,-0.01506,0.1062,0.0,True,Stable
Everton,2019-01-13 14:15:00,0.23262,-0.09342,0.25018,-0.02031,0.1578,0.0,True,Stable
Everton,2019-01-19 15:00:00,0.25372,-0.06801,0.23262,-0.09342,0.1905,0.0,True,Stable
Everton,2019-01-29 19:45:00,0.28411,0.01119,0.25372,-0.06801,0.2754,0.0,True,Stable
Everton,2019-02-02 15:00:00,0.28804,-0.00875,0.28411,0.01119,0.0357,0.0,True,Stable
Everton,2019-02-06 19:45:00,0.26171,0.03737,0.28804,-0.00875,0.2394,0.0,True,Stable
Everton,2019-02-09 15:00:00,0.25619,0.0601,0.26171,0.03737,0.0504,0.0,True,Stable
Everton,2019-02-26 19:45:00,0.27422,0.00107,0.25619,0.0601,0.165,0.0,True,Stable
Everton,2019-03-03 16:15:00,0.27421,-0.00194,0.27422,0.00107,0.0,0.0,True,Stable
Everton,2019-03-09 15:00:00,0.26833,-0.04467,0.27421,-0.00194,0.0541,0.0,True,Stable
Everton,2019-03-17 16:30:00,0.27368,-0.08443,0.26833,-0.04467,0.0493,0.0,True,Stable
Everton,2019-03-30 17:30:00,0.28201,-0.10256,0.27368,-0.08443,0.0771,0.0,True,Stable
Everton,2019-04-07 14:05:00,0.33174,-0.04024,0.28201,-0.10256,0.4608,0.0,True,Stable
Everton,2019-04-13 15:00:00,0.3141,-0.02364,0.33174,-0.04024,0.1632,0.0,True,Stable
Everton,2019-04-21 13:30:00,0.30713,-0.0101,0.3141,-0.02364,0.0644,0.0,True,Stable
Everton,2019-04-27 15:00:00,0.28902,0.02754,0.30713,-0.0101,0.1675,0.0,True,Stable
Everton,2019-05-03 19:00:00,0.29624,0.02282,0.28902,0.02754,0.0669,0.0,True,Stable
Everton,2019-05-12 14:00:00,0.31776,0.03584,0.29624,0.02282,0.1995,0.0,True,Stable
Everton,2019-08-10 15:00:00,0.32948,0.04322,0.31776,0.03584,0.1087,0.0,True,Stable
Everton,2019-08-17 15:00:00,0.3592,0.09974,0.32948,0.04322,0.2752,0.0,True,Stable
Everton,2019-08-23 20:00:00,0.36936,0.12146,0.3592,0.09974,0.0937,0.0,True,Stable
Everton,2019-09-01 14:00:00,0.42158,0.1244,0.36936,0.12146,0.4792,0.0,True,Stable
Everton,2019-09-15 13:00:00,0.37777,0.11703,0.42158,0.1244,0.3974,0.0,True,Stable
Everton,2019-09-21 14:00:00,0.38623,0.13868,0.37777,0.11703,0.0763,0.0,True,Stable
Everton,2019-09-28 16:30:00,0.37119,0.16985,0.38623,0.13868,0.1349,0.0,True,Stable
Everton,2019-10-05 15:00:00,0.35718,0.18578,0.37119,0.16985,0.1252,0.0,True,Stable
Everton,2019-10-19 12:30:00,0.30645,0.23841,0.35718,0.18578,0.4523,0.0,True,Stable
Everton,2019-10-26 15:00:00,0.33568,0.25626,0.30645,0.23841,0.261,0.0,True,Stable
Everton,2019-11-03 16:30:00,0.34399,0.24217,0.33568,0.25626,0.0742,0.0,True,Stable
Everton,2019-11-09 15:00:00,0.32877,0.18839,0.34399,0.24217,0.1357,0.0,True,Stable
Everton,2019-11-23 15:00:00,0.33997,0.14962,0.32877,0.18839,0.0999,0.0,True,Stable
Everton,2019-12-01 16:30:00,0.36329,0.1297,0.33997,0.14962,0.208,0.0,True,Stable
Everton,2019-12-04 20:15:00,0.39549,0.12565,0.36329,0.1297,0.2865,0.0,True,Stable
Everton,2019-12-07 12:30:00,0.44688,0.09221,0.39549,0.12565,0.4549,0.0,True,Stable
Everton,2019-12-15 14:00:00,0.38924,0.08993,0.44688,0.09221,0.5046,0.0,True,Stable
Everton,2019-12-21 12:30:00,0.32746,0.1473,0.38924,0.08993,0.5388,0.0,True,Stable
Everton,2019-12-26 15:00:00,0.37613,0.16384,0.32746,0.1473,0.4248,0.0,True,Stable
Everton,2019-12-28 15:00:00,0.39212,0.17281,0.37613,0.16384,0.1393,0.0,True,Stable
Everton,2020-01-01 17:30:00,0.47148,0.20301,0.39212,0.17281,0.6885,0.0,True,Stable
Everton,2020-01-11 15:00:00,0.47788,0.22877,0.47148,0.20301,0.0549,0.0,True,Stable
Everton,2020-01-18 15:00:00,0.34982,0.21867,0.47788,0.22877,1.084,0.0,False,Unstable
Everton,2020-01-21 19:30:00,0.34239,0.22457,0.34982,0.21867,0.0628,0.0,True,Stable
Everton,2020-02-01 15:00:00,0.35601,0.22435,0.34239,0.22457,0.1154,0.0,True,Stable
Everton,2020-02-08 12:30:00,0.35051,0.21297,0.35601,0.22435,0.0466,0.0,True,Stable
Everton,2020-02-23 16:30:00,0.33869,0.24708,0.35051,0.21297,0.1001,0.0,True,Stable
Everton,2020-03-01 14:00:00,0.34904,0.26123,0.33869,0.24708,0.0877,0.0,True,Stable
Everton,2020-03-08 14:00:00,0.39492,0.29549,0.34904,0.26123,0.3894,0.0,True,Stable
Everton,2020-06-21 18:00:00,0.43236,0.32343,0.39492,0.29549,0.3168,0.0,True,Stable
Everton,2020-06-24 17:00:00,0.49452,0.33871,0.43236,0.32343,0.5231,0.0,True,Stable
Everton,2020-07-01 17:00:00,0.35911,0.28978,0.49452,0.33871,1.1259,0.0,False,Unstable
Everton,2020-07-06 19:00:00,0.36838,0.25027,0.35911,0.28978,0.0771,0.0,True,Stable
Everton,2020-07-09 17:00:00,0.30275,0.2446,0.36838,0.25027,0.5457,0.0,True,Stable
Everton,2020-07-12 11:00:00,0.27464,0.20297,0.30275,0.2446,0.2344,0.0,True,Stable
Everton,2020-07-16 17:00:00,0.25755,0.21023,0.27464,0.20297,0.1429,0.0,True,Stable
Everton,2020-07-20 17:00:00,0.25515,0.24915,0.25755,0.21023,0.0201,0.0,True,Stable
Everton,2020-07-26 15:00:00,0.26637,0.25923,0.25515,0.24915,0.0944,0.0,True,Stable
Everton,2020-09-13 15:30:00,0.21963,0.21747,0.26637,0.25923,0.3948,0.0,True,Stable
Everton,2020-09-19 11:30:00,0.21679,0.17668,0.21963,0.21747,0.0241,0.0,True,Stable
Everton,2020-09-26 14:00:00,0.20171,0.2067,0.21679,0.17668,0.1281,0.0,True,Stable
Everton,2020-10-03 14:00:00,0.1744,0.14088,0.20171,0.2067,0.2328,0.0,True,Stable
Everton,2020-10-17 11:30:00,0.11782,0.02064,0.1744,0.14088,0.4832,0.0,True,Stable
Everton,2020-10-25 14:00:00,0.1135,-0.08345,0.11782,0.02064,0.0369,0.0,True,Stable
Everton,2020-11-01 14:00:00,0.15536,-0.00533,0.1135,-0.08345,0.3571,0.0,True,Stable
Everton,2020-11-07 12:30:00,0.18384,-0.09045,0.15536,-0.00533,0.2433,0.0,True,Stable
Everton,2020-11-22 12:00:00,0.1733,-0.06086,0.18384,-0.09045,0.0902,0.0,True,Stable
Everton,2020-11-28 17:30:00,0.1968,0.02306,0.1733,-0.06086,0.2016,0.0,True,Stable
Everton,2020-12-05 12:30:00,0.17224,0.0848,0.1968,0.02306,0.2113,0.0,True,Stable
Everton,2020-12-12 20:00:00,0.16691,0.10607,0.17224,0.0848,0.0459,0.0,True,Stable
Everton,2020-12-16 18:00:00,0.16298,0.11716,0.16691,0.10607,0.034,0.0,True,Stable
Everton,2020-12-19 17:30:00,0.1694,0.07686,0.16298,0.11716,0.0556,0.0,True,Stable
Everton,2020-12-26 20:00:00,0.17286,0.05571,0.1694,0.07686,0.0299,0.0,True,Stable
Everton,2021-01-01 17:30:00,0.16163,0.0468,0.17286,0.05571,0.0975,0.0,True,Stable
Everton,2021-01-12 20:15:00,0.11403,-0.04761,0.16163,0.0468,0.4141,0.0,True,Stable
Everton,2021-01-27 20:15:00,0.09583,-0.09753,0.11403,-0.04761,0.1582,0.0,True,Stable
Everton,2021-01-30 12:30:00,0.15849,-0.00712,0.09583,-0.09753,0.5439,0.0,True,Stable
Everton,2021-02-03 19:30:00,0.16016,-0.03111,0.15849,-0.00712,0.0146,0.0,True,Stable
Everton,2021-02-06 20:00:00,0.15429,-0.17825,0.16016,-0.03111,0.0511,0.0001,True,Stable
Everton,2021-02-14 19:00:00,0.22704,-0.10634,0.15429,-0.17825,0.6344,0.0,True,Stable
Everton,2021-02-17 20:15:00,0.24261,-0.09655,0.22704,-0.10634,0.1361,0.0,True,Stable
Everton,2021-02-20 17:30:00,0.22718,-0.11205,0.24261,-0.09655,0.1353,0.0,True,Stable
Everton,2021-03-01 20:00:00,0.24007,-0.1091,0.22718,-0.11205,0.1134,0.0,True,Stable
Everton,2021-03-04 18:00:00,0.24937,-0.06468,0.24007,-0.1091,0.082,0.0,True,Stable
Everton,2021-03-08 18:00:00,0.2587,-0.07635,0.24937,-0.06468,0.0825,0.0,True,Stable
Everton,2021-03-13 17:30:00,0.26074,-0.07264,0.2587,-0.07635,0.0181,0.0,True,Stable
Everton,2021-04-05 17:00:00,0.24856,-0.05917,0.26074,-0.07264,0.1083,0.0,True,Stable
Everton,2021-04-12 19:15:00,0.24035,-0.05614,0.24856,-0.05917,0.0732,0.0,True,Stable
Everton,2021-04-16 19:00:00,0.1835,-0.0079,0.24035,-0.05614,0.5084,0.0,True,Stable
Everton,2021-04-23 19:00:00,0.17803,0.01207,0.1835,-0.0079,0.049,0.0,True,Stable
Everton,2021-05-01 19:00:00,0.17685,0.03341,0.17803,0.01207,0.0105,0.0,True,Stable
Everton,2021-05-09 15:30:00,0.19216,0.02064,0.17685,0.03341,0.1377,0.0,True,Stable
Everton,2021-05-13 21:00:00,0.18333,0.0443,0.19216,0.02064,0.0796,0.0,True,Stable
Everton,2021-05-16 18:00:00,0.16331,0.08221,0.18333,0.0443,0.181,0.0,True,Stable
Everton,2021-05-19 17:00:00,0.15268,0.09457,0.16331,0.08221,0.0962,0.0,True,Stable
Everton,2021-05-23 15:00:00,0.12837,0.13501,0.15268,0.09457,0.2204,0.0,True,Stable
Everton,2021-08-14 14:00:00,0.14386,0.13535,0.12837,0.13501,0.1404,0.0,True,Stable
Everton,2021-08-21 14:00:00,0.15758,0.08732,0.14386,0.13535,0.1246,0.0,True,Stable
Everton,2021-08-28 14:00:00,0.17129,0.07624,0.15758,0.08732,0.1245,0.0,True,Stable
Everton,2021-09-13 19:00:00,0.18455,0.09526,0.17129,0.07624,0.1208,0.0,True,Stable
Everton,2021-09-18 16:30:00,0.18809,0.09081,0.18455,0.09526,0.0323,0.0,True,Stable
Everton,2021-09-25 14:00:00,0.18358,0.09078,0.18809,0.09081,0.0413,0.0,True,Stable
Everton,2021-10-02 11:30:00,0.20607,0.13193,0.18358,0.09078,0.206,0.0,True,Stable
Everton,2021-10-17 13:00:00,0.20467,0.15528,0.20607,0.13193,0.0128,0.0,True,Stable
Everton,2021-10-23 14:00:00,0.1714,0.15095,0.20467,0.15528,0.3063,0.0,True,Stable
Everton,2021-11-01 20:00:00,0.16859,0.12388,0.1714,0.15095,0.0258,0.0,True,Stable
Everton,2021-11-07 14:00:00,0.16263,0.13938,0.16859,0.12388,0.0551,0.0,True,Stable
Everton,2021-11-21 14:00:00,0.16163,0.13736,0.16263,0.13938,0.0093,0.0,True,Stable
Everton,2021-11-28 14:00:00,0.1528,0.16928,0.16163,0.13736,0.0818,0.0,True,Stable
Everton,2021-12-01 20:15:00,0.14942,0.23229,0.1528,0.16928,0.0314,0.0,True,Stable
Everton,2021-12-06 20:00:00,0.18094,0.20611,0.14942,0.23229,0.2927,0.0,True,Stable
Everton,2021-12-12 16:30:00,0.23124,0.24515,0.18094,0.20611,0.468,0.0,True,Stable
Everton,2021-12-16 19:45:00,0.27411,0.23808,0.23124,0.24515,0.3999,0.0,True,Stable
Everton,2022-01-02 14:00:00,0.1775,0.17257,0.27411,0.23808,0.903,0.0,True,Stable
Everton,2022-01-15 15:00:00,0.16557,0.15827,0.1775,0.17257,0.1117,0.0,True,Stable
Everton,2022-01-22 12:30:00,0.26759,0.25519,0.16557,0.15827,0.9568,0.0,True,Stable
Everton,2022-02-08 19:45:00,0.20791,0.22143,0.26759,0.25519,0.5609,0.0,True,Stable
Everton,2022-02-12 15:00:00,0.19923,0.2085,0.20791,0.22143,0.0817,0.0,True,Stable
Everton,2022-02-19 15:00:00,0.22226,0.24498,0.19923,0.2085,0.2174,0.0,True,Stable
Everton,2022-02-26 17:30:00,0.23204,0.27065,0.22226,0.24498,0.0925,0.0,True,Stable
Everton,2022-03-07 20:00:00,0.20011,0.20541,0.23204,0.27065,0.3028,0.0,True,Stable
Everton,2022-03-13 14:00:00,0.20398,0.22048,0.20011,0.20541,0.0368,0.0,True,Stable
Everton,2022-03-17 19:45:00,0.20445,0.20503,0.20398,0.22048,0.0045,0.0,True,Stable
Everton,2022-04-03 13:00:00,0.22478,0.14809,0.20445,0.20503,0.1941,0.0,True,Stable
Everton,2022-04-06 18:30:00,0.23864,0.12902,0.22478,0.14809,0.1326,0.0,True,Stable
Everton,2022-04-09 11:30:00,0.24419,0.09714,0.23864,0.12902,0.0532,0.0,True,Stable
Everton,2022-04-20 18:45:00,0.23823,0.10181,0.24419,0.09714,0.0573,0.0,True,Stable
Everton,2022-04-24 15:30:00,0.24661,0.11922,0.23823,0.10181,0.0807,0.0,True,Stable
Everton,2022-05-01 13:00:00,0.23371,0.14703,0.24661,0.11922,0.1245,0.0,True,Stable
Everton,2022-05-08 13:00:00,0.23814,0.1107,0.23371,0.14703,0.0429,0.0,True,Stable
Everton,2022-05-11 18:45:00,0.27373,0.11781,0.23814,0.1107,0.3452,0.0,True,Stable
Everton,2022-05-15 15:30:00,0.29308,0.11111,0.27373,0.11781,0.188,0.0,True,Stable
Everton,2022-05-19 18:45:00,0.41664,0.05621,0.29308,0.11111,1.2022,0.0,False,Unstable
Everton,2022-05-22 15:00:00,0.3905,0.04693,0.41664,0.05621,0.2531,0.0,True,Stable
Everton,2022-08-06 16:30:00,0.39066,0.06379,0.3905,0.04693,0.0016,0.0,True,Stable
Everton,2022-08-13 11:30:00,0.34997,0.07786,0.39066,0.06379,0.3915,0.0,True,Stable
Everton,2022-08-20 14:00:00,0.36391,0.08846,0.34997,0.07786,0.134,0.0,True,Stable
Everton,2022-08-27 14:00:00,0.5001,0.13268,0.36391,0.08846,1.3076,0.0,False,Unstable
Everton,2022-08-30 19:00:00,0.46729,0.1442,0.5001,0.13268,0.3113,0.0,True,Stable
Everton,2022-09-03 11:30:00,0.40055,0.17201,0.46729,0.1442,0.628,0.0,True,Stable
Everton,2022-09-18 13:15:00,0.39251,0.15292,0.40055,0.17201,0.0754,0.0,True,Stable
Everton,2022-10-01 14:00:00,0.40206,0.13422,0.39251,0.15292,0.0893,0.0,True,Stable
Everton,2022-10-09 18:00:00,0.44246,0.11383,0.40206,0.13422,0.3769,0.0,True,Stable
Everton,2022-10-15 16:30:00,0.47907,0.10721,0.44246,0.11383,0.3396,0.0,True,Stable
Everton,2022-10-19 18:30:00,0.51881,0.08289,0.47907,0.10721,0.3656,0.0,True,Stable
Everton,2022-10-22 14:00:00,0.53566,0.06075,0.51881,0.08289,0.1532,0.0,True,Stable
Everton,2022-10-29 16:30:00,0.60955,0.06422,0.53566,0.06075,0.6633,0.0,True,Stable
Everton,2022-11-05 17:30:00,0.5732,0.09787,0.60955,0.06422,0.3197,0.0,True,Stable
Everton,2022-11-12 15:00:00,0.51692,0.11596,0.5732,0.09787,0.4876,0.0,True,Stable
Everton,2022-12-26 15:00:00,0.4761,0.14155,0.51692,0.11596,0.3504,0.0,True,Stable
Everton,2022-12-31 15:00:00,0.4838,0.17558,0.4761,0.14155,0.0657,0.0,True,Stable
Everton,2023-01-03 19:45:00,0.58089,0.17819,0.4838,0.17558,0.8232,0.0,True,Stable
Everton,2023-01-14 15:00:00,0.51326,0.1545,0.58089,0.17819,0.5654,0.0,True,Stable
Everton,2023-01-21 15:00:00,0.51072,0.15362,0.51326,0.1545,0.0211,0.0,True,Stable
Everton,2023-02-04 12:30:00,0.53493,0.16487,0.51072,0.15362,0.1994,0.0,True,Stable
Everton,2023-02-13 20:00:00,0.5333,0.18164,0.53493,0.16487,0.0133,0.0,True,Stable
Everton,2023-02-18 15:00:00,0.47863,0.18081,0.5333,0.18164,0.4424,0.0,True,Stable
Everton,2023-02-25 15:00:00,0.36396,0.23101,0.47863,0.18081,0.9235,0.0,True,Stable
Everton,2023-03-01 20:00:00,0.21929,0.30095,0.36396,0.23101,1.1656,0.0,False,Unstable
Everton,2023-03-05 14:00:00,0.26473,0.27074,0.21929,0.30095,0.3668,0.0,True,Stable
Everton,2023-03-11 15:00:00,0.22745,0.3154,0.26473,0.27074,0.3015,0.0,True,Stable
Everton,2023-03-18 17:30:00,0.24655,0.31663,0.22745,0.3154,0.1547,0.0,True,Stable
Everton,2023-04-03 19:00:00,0.29856,0.30319,0.24655,0.31663,0.4223,0.0,True,Stable
Everton,2023-04-08 11:30:00,0.30695,0.29398,0.29856,0.30319,0.0682,0.0,True,Stable
Everton,2023-04-15 14:00:00,0.31182,0.31621,0.30695,0.29398,0.0397,0.0,True,Stable
Everton,2023-04-22 14:00:00,0.31045,0.31179,0.31182,0.31621,0.0112,0.0,True,Stable
Everton,2023-04-27 18:45:00,0.31597,0.33563,0.31045,0.31179,0.0451,0.0,True,Stable
Everton,2023-05-01 19:00:00,0.27663,0.35209,0.31597,0.33563,0.3218,0.0,True,Stable
Everton,2023-05-08 16:30:00,0.35623,0.29996,0.27663,0.35209,0.6525,0.0,True,Stable
Everton,2023-05-14 13:00:00,0.35028,0.34147,0.35623,0.29996,0.0488,0.0,True,Stable
Everton,2023-05-20 14:00:00,0.39813,0.36486,0.35028,0.34147,0.3928,0.0,True,Stable
Everton,2023-05-28 15:30:00,0.39588,0.36917,0.39813,0.36486,0.0184,0.0,True,Stable
Everton,2023-08-12 14:00:00,0.42521,0.40558,0.39588,0.36917,0.2404,0.0,True,Stable
Everton,2023-08-20 13:00:00,0.3818,0.48337,0.42521,0.40558,0.3553,0.0,True,Stable
Everton,2023-08-26 14:00:00,0.18214,0.55689,0.3818,0.48337,1.634,0.0,False,Unstable
Everton,2023-09-02 11:30:00,0.18536,0.55386,0.18214,0.55689,0.0263,0.0,True,Stable
Everton,2023-09-17 15:30:00,0.15822,0.56869,0.18536,0.55386,0.2226,0.0,True,Stable
Everton,2023-09-23 16:30:00,0.24198,0.49549,0.15822,0.56869,0.6875,0.0,True,Stable
Everton,2023-09-30 14:00:00,0.22844,0.56556,0.24198,0.49549,0.1113,0.0,True,Stable
Everton,2023-10-07 14:00:00,0.2698,0.56165,0.22844,0.56556,0.3407,0.0,True,Stable
Everton,2023-10-21 11:30:00,0.27787,0.55325,0.2698,0.56165,0.0666,0.0,True,Stable
Everton,2023-10-29 13:00:00,0.31237,0.57552,0.27787,0.55325,0.2853,0.0,True,Stable
Everton,2023-11-04 15:00:00,0.36306,0.59394,0.31237,0.57552,0.4196,0.0,True,Stable
Everton,2023-11-11 15:00:00,0.33919,0.52048,0.36306,0.59394,0.1976,0.0,True,Stable
Everton,2023-11-26 16:30:00,0.35623,0.5184,0.33919,0.52048,0.1412,0.0,True,Stable
Everton,2023-12-02 17:30:00,0.33366,0.49656,0.35623,0.5184,0.1873,0.0,True,Stable
Everton,2023-12-07 19:30:00,0.32318,0.48539,0.33366,0.49656,0.087,0.0,True,Stable
Everton,2023-12-10 14:00:00,0.30149,0.45873,0.32318,0.48539,0.1804,0.0,True,Stable
Everton,2023-12-16 17:30:00,0.32009,0.49557,0.30149,0.45873,0.1549,0.0,True,Stable
Everton,2023-12-23 15:00:00,0.31349,0.48793,0.32009,0.49557,0.055,0.0,True,Stable
Everton,2023-12-27 20:15:00,0.33156,0.50654,0.31349,0.48793,0.1509,0.0,True,Stable
Everton,2023-12-30 15:00:00,0.32817,0.50392,0.33156,0.50654,0.0283,0.0,True,Stable
Everton,2024-01-14 14:00:00,0.33524,0.5166,0.32817,0.50392,0.0592,0.0,True,Stable
Everton,2024-01-30 19:45:00,0.3218,0.56589,0.33524,0.5166,0.1127,0.0,True,Stable
Everton,2024-02-03 12:30:00,0.29281,0.56472,0.3218,0.56589,0.2432,0.0,True,Stable
Everton,2024-02-10 12:30:00,0.28892,0.54686,0.29281,0.56472,0.0327,0.0,True,Stable
Everton,2024-02-19 20:00:00,0.23161,0.61387,0.28892,0.54686,0.4823,0.0,True,Stable
Everton,2024-02-24 15:00:00,0.26298,0.57346,0.23161,0.61387,0.2644,0.0,True,Stable
Everton,2024-03-02 15:00:00,0.26073,0.58275,0.26298,0.57346,0.019,0.0,True,Stable
Everton,2024-03-09 12:30:00,0.24705,0.64618,0.26073,0.58275,0.1157,0.0,True,Stable
Everton,2024-03-30 15:00:00,0.25565,0.67142,0.24705,0.64618,0.0729,0.0,True,Stable
Everton,2024-04-02 18:30:00,0.24636,0.63828,0.25565,0.67142,0.0788,0.0,True,Stable
Everton,2024-04-06 14:00:00,0.24558,0.66267,0.24636,0.63828,0.0066,0.0,True,Stable
Everton,2024-04-15 19:00:00,0.25195,0.64797,0.24558,0.66267,0.0542,0.0,True,Stable
Everton,2024-04-21 12:30:00,0.24868,0.53613,0.25195,0.64797,0.0279,0.0001,True,Stable
Everton,2024-04-24 19:00:00,0.22431,0.58714,0.24868,0.53613,0.2082,0.0,True,Stable
Everton,2024-04-27 16:30:00,0.21092,0.56984,0.22431,0.58714,0.1146,0.0,True,Stable
Everton,2024-05-03 19:00:00,0.20073,0.54814,0.21092,0.56984,0.0873,0.0,True,Stable
Everton,2024-05-11 14:00:00,0.18491,0.51166,0.20073,0.54814,0.1358,0.0,True,Stable
Everton,2024-05-19 15:00:00,0.1915,0.4977,0.18491,0.51166,0.0566,0.0,True,Stable
Everton,2024-08-17 14:00:00,0.20186,0.42084,0.1915,0.4977,0.0891,0.0,True,Stable
Everton,2024-08-24 14:00:00,0.23218,0.40447,0.20186,0.42084,0.2611,0.0,True,Stable
Everton,2024-08-31 14:00:00,0.24052,0.40804,0.23218,0.40447,0.0719,0.0,True,Stable
Everton,2024-09-14 16:30:00,0.26129,0.34364,0.24052,0.40804,0.1794,0.0,True,Stable
Everton,2024-09-21 14:00:00,0.21595,0.40209,0.26129,0.34364,0.3923,0.0,True,Stable
Everton,2024-09-28 14:00:00,0.22066,0.30485,0.21595,0.40209,0.0408,0.0,True,Stable
Everton,2024-10-05 16:30:00,0.19502,0.31513,0.22066,0.30485,0.2224,0.0,True,Stable
Everton,2024-10-19 14:00:00,0.17567,0.27689,0.19502,0.31513,0.1681,0.0,True,Stable
Everton,2024-10-26 16:30:00,0.18598,0.31386,0.17567,0.27689,0.0897,0.0,True,Stable
Everton,2024-11-02 15:00:00,0.19436,0.33166,0.18598,0.31386,0.0729,0.0,True,Stable
Everton,2024-11-09 15:00:00,0.19105,0.49937,0.19436,0.33166,0.0288,0.0001,True,Stable
Everton,2024-11-23 15:00:00,0.14686,0.50445,0.19105,0.49937,0.3854,0.0,True,Stable
Everton,2024-12-01 13:30:00,0.1379,0.59621,0.14686,0.50445,0.0781,0.0,True,Stable
Everton,2024-12-04 19:30:00,0.17731,0.49428,0.1379,0.59621,0.3436,0.0,True,Stable
Everton,2024-12-14 15:00:00,0.19027,0.46515,0.17731,0.49428,0.1131,0.0,True,Stable
Everton,2024-12-22 14:00:00,0.17429,0.43069,0.19027,0.46515,0.1396,0.0,True,Stable
Everton,2024-12-26 12:30:00,0.16681,0.41327,0.17429,0.43069,0.0654,0.0,True,Stable
Everton,2024-12-29 15:00:00,0.15081,0.37694,0.16681,0.41327,0.14,0.0,True,Stable
Everton,2025-01-04 15:00:00,0.19992,0.4566,0.15081,0.37694,0.4297,0.0,True,Stable
Everton,2025-01-15 19:30:00,0.18885,0.43743,0.19992,0.4566,0.097,0.0,True,Stable
Everton,2025-01-19 14:00:00,0.21203,0.32116,0.18885,0.43743,0.2033,0.0001,True,Stable
Everton,2025-01-25 15:00:00,0.23889,0.30954,0.21203,0.32116,0.2359,0.0,True,Stable
Everton,2025-02-01 15:00:00,0.26509,0.2628,0.23889,0.30954,0.2304,0.0,True,Stable
Everton,2025-02-12 19:30:00,0.31226,0.19795,0.26509,0.2628,0.4155,0.0,True,Stable
Everton,2025-02-15 17:30:00,0.22043,0.08362,0.31226,0.19795,0.8097,0.0001,True,Stable
Everton,2025-02-22 12:30:00,0.21665,0.06863,0.22043,0.08362,0.0334,0.0,True,Stable
Everton,2025-02-26 19:30:00,0.24898,0.05313,0.21665,0.06863,0.2858,0.0,True,Stable
Everton,2025-03-08 20:00:00,0.29436,0.07008,0.24898,0.05313,0.4019,0.0,True,Stable
Everton,2025-03-15 15:00:00,0.32385,0.08808,0.29436,0.07008,0.2614,0.0,True,Stable
Everton,2025-04-02 20:00:00,0.37977,0.10152,0.32385,0.08808,0.4964,0.0,True,Stable
Everton,2025-04-05 11:30:00,0.38275,0.10679,0.37977,0.10152,0.0264,0.0,True,Stable
Everton,2025-04-12 14:00:00,0.29566,0.16137,0.38275,0.10679,0.7724,0.0,True,Stable
Everton,2025-04-19 14:00:00,0.28756,0.18317,0.29566,0.16137,0.0719,0.0,True,Stable
Everton,2025-04-26 11:30:00,0.27464,0.2254,0.28756,0.18317,0.1148,0.0,True,Stable
Everton,2025-05-03 14:00:00,0.31027,0.18438,0.27464,0.2254,0.3172,0.0,True,Stable
Everton,2025-05-10 14:00:00,0.32008,0.1595,0.31027,0.18438,0.0875,0.0,True,Stable
Everton,2025-05-18 11:00:00,0.30759,0.14063,0.32008,0.1595,0.1115,0.0,True,Stable
Everton,2025-05-25 15:00:00,0.29339,0.1059,0.30759,0.14063,0.1269,0.0,True,Stable
Watford,2017-08-19 15:00:00,0.28953,-0.0786,0.28951,-0.09141,0.0002,0.1305,True,Stable
Watford,2017-08-26 15:00:00,0.30726,-0.0618,0.28953,-0.0786,0.1767,0.1732,True,Stable
Watford,2017-09-09 15:00:00,0.3725,-0.02526,0.30726,-0.0618,0.6522,0.3804,True,Stable
Watford,2017-09-16 15:00:00,0.35478,-0.03387,0.3725,-0.02526,0.1747,0.0901,True,Stable
Watford,2017-09-23 15:00:00,0.40018,-0.01669,0.35478,-0.03387,0.4449,0.1808,True,Stable
Watford,2017-09-30 15:00:00,0.49749,-0.00391,0.40018,-0.01669,0.9354,0.1348,True,Stable
Watford,2017-10-14 17:30:00,0.38707,-0.03493,0.49749,-0.00391,1.0034,0.3274,False,Unstable
Watford,2017-10-21 19:30:00,0.38269,-0.04045,0.38707,-0.03493,0.0395,0.0587,True,Stable
Watford,2017-10-28 15:00:00,0.38617,-0.02114,0.38269,-0.04045,0.0313,0.2067,True,Stable
Watford,2017-11-05 16:30:00,0.41018,0.00327,0.38617,-0.02114,0.214,0.2624,True,Stable
Watford,2017-11-19 16:00:00,0.38413,-0.01497,0.41018,0.00327,0.2298,0.196,True,Stable
Watford,2017-11-25 15:00:00,0.38401,-0.02357,0.38413,-0.01497,0.001,0.0928,True,Stable
Watford,2017-11-28 20:00:00,0.38398,-0.00601,0.38401,-0.02357,0.0002,0.1904,True,Stable
Watford,2017-12-02 15:00:00,0.33277,-0.04798,0.38398,-0.00601,0.4485,0.4562,True,Stable
Watford,2017-12-09 15:00:00,0.29193,-0.09517,0.33277,-0.04798,0.3598,0.517,True,Stable
Watford,2017-12-12 20:00:00,0.31132,-0.07411,0.29193,-0.09517,0.1724,0.2329,True,Stable
Watford,2017-12-16 15:00:00,0.31616,-0.06738,0.31132,-0.07411,0.0433,0.0751,True,Stable
Watford,2017-12-23 15:00:00,0.34535,-0.07086,0.31616,-0.06738,0.2634,0.0392,True,Stable
Watford,2017-12-26 15:00:00,0.37824,-0.07875,0.34535,-0.07086,0.2979,0.0896,True,Stable
Watford,2017-12-30 15:00:00,0.32108,-0.06097,0.37824,-0.07875,0.5178,0.2038,True,Stable
Watford,2018-01-02 20:00:00,0.30961,-0.04727,0.32108,-0.06097,0.1045,0.1583,True,Stable
Watford,2018-01-13 15:00:00,0.30689,-0.02855,0.30961,-0.04727,0.025,0.2178,True,Stable
Watford,2018-01-20 15:00:00,0.31354,-0.03469,0.30689,-0.02855,0.0616,0.0719,True,Stable
Watford,2018-01-31 20:00:00,0.31711,0.00816,0.31354,-0.03469,0.0333,0.5041,True,Stable
Watford,2018-02-05 20:00:00,0.39072,-0.00847,0.31711,0.00816,0.6906,0.1954,True,Stable
Watford,2018-02-10 15:00:00,0.37424,-0.00757,0.39072,-0.00847,0.1544,0.0106,True,Stable
Watford,2018-02-24 17:30:00,0.35794,-0.02614,0.37424,-0.00757,0.1528,0.2193,True,Stable
Watford,2018-03-03 15:00:00,0.34102,-0.00152,0.35794,-0.02614,0.1592,0.2921,True,Stable
Watford,2018-03-11 13:30:00,0.35515,0.01525,0.34102,-0.00152,0.1336,0.1994,True,Stable
Watford,2018-03-17 17:30:00,0.30069,0.03762,0.35515,0.01525,0.5165,0.2656,True,Stable
Watford,2018-03-31 15:00:00,0.37629,-0.01034,0.30069,0.03762,0.7221,0.5664,True,Stable
Watford,2018-04-07 14:00:00,0.36506,0.00708,0.37629,-0.01034,0.1074,0.2064,True,Stable
Watford,2018-04-14 14:00:00,0.38963,-0.02049,0.36506,0.00708,0.2355,0.3269,True,Stable
Watford,2018-04-21 14:00:00,0.53747,-0.05044,0.38963,-0.02049,1.4168,0.3569,False,Unstable
Watford,2018-04-30 19:00:00,0.44082,-0.02606,0.53747,-0.05044,0.8965,0.2924,True,Stable
Watford,2018-05-05 15:00:00,0.34138,0.01723,0.44082,-0.02606,0.916,0.5217,True,Stable
Watford,2018-05-13 15:00:00,0.2234,0.08977,0.34138,0.01723,1.0925,0.8738,False,Unstable
Watford,2018-08-11 17:00:00,0.2376,0.09081,0.2234,0.08977,0.132,0.0123,True,Stable
Watford,2018-08-19 15:30:00,0.29841,0.08479,0.2376,0.09081,0.5684,0.0701,True,Stable
Watford,2018-08-26 15:30:00,0.32632,0.0391,0.29841,0.08479,0.2625,0.5262,True,Stable
Watford,2018-09-02 15:00:00,0.27756,-0.0137,0.32632,0.0391,0.4613,0.6068,True,Stable
Watford,2018-09-15 16:30:00,0.21754,-0.05525,0.27756,-0.0137,0.5714,0.4795,True,Stable
Watford,2018-09-22 11:30:00,0.25404,-0.01522,0.21754,-0.05525,0.3487,0.4649,True,Stable
Watford,2018-09-29 14:00:00,0.36873,0.06232,0.25404,-0.01522,1.1018,0.9048,False,Unstable
Watford,2018-10-06 14:00:00,0.32578,0.09981,0.36873,0.06232,0.4136,0.4348,True,Stable
Watford,2018-10-20 14:00:00,0.28243,0.13745,0.32578,0.09981,0.4197,0.4307,True,Stable
Watford,2018-10-27 14:00:00,0.28276,0.12351,0.28243,0.13745,0.0032,0.1559,True,Stable
Watford,2018-11-03 15:00:00,0.22951,0.20574,0.28276,0.12351,0.5216,0.9046,True,Stable
Watford,2018-11-10 15:00:00,0.29787,0.16455,0.22951,0.20574,0.6723,0.4359,True,Stable
Watford,2018-11-24 15:00:00,0.30946,0.17987,0.29787,0.16455,0.1146,0.1586,True,Stable
Watford,2018-12-01 15:00:00,0.32963,0.26767,0.30946,0.17987,0.2005,0.8865,True,Stable
Watford,2018-12-04 20:00:00,0.28904,0.33302,0.32963,0.26767,0.4055,0.6295,True,Stable
Watford,2018-12-10 20:00:00,0.35997,0.27314,0.28904,0.33302,0.7127,0.5424,True,Stable
Watford,2018-12-15 15:00:00,0.37688,0.25521,0.35997,0.27314,0.1703,0.1567,True,Stable
Watford,2018-12-22 15:00:00,0.35028,0.22107,0.37688,0.25521,0.2683,0.2902,True,Stable
Watford,2018-12-26 19:30:00,0.34318,0.19622,0.35028,0.22107,0.0719,0.2073,True,Stable
Watford,2018-12-29 15:00:00,0.32562,0.18411,0.34318,0.19622,0.1784,0.0998,True,Stable
Watford,2019-01-02 19:45:00,0.28388,0.14196,0.32562,0.18411,0.4261,0.3438,True,Stable
Watford,2019-01-12 15:00:00,0.28554,0.143,0.28388,0.14196,0.0171,0.0085,True,Stable
Watford,2019-01-19 15:00:00,0.28948,0.1587,0.28554,0.143,0.0406,0.1271,True,Stable
Watford,2019-01-30 20:00:00,0.2639,0.10257,0.28948,0.1587,0.2653,0.4518,True,Stable
Watford,2019-02-02 15:00:00,0.2512,0.13763,0.2639,0.10257,0.1322,0.2823,True,Stable
Watford,2019-02-09 15:00:00,0.27989,0.17292,0.2512,0.13763,0.3001,0.2835,True,Stable
Watford,2019-02-22 19:45:00,0.28285,0.13918,0.27989,0.17292,0.0311,0.2694,True,Stable
Watford,2019-02-27 20:00:00,0.27684,0.13545,0.28285,0.13918,0.0634,0.0297,True,Stable
Watford,2019-03-03 12:00:00,0.26397,0.10873,0.27684,0.13545,0.1366,0.2125,True,Stable
Watford,2019-03-09 17:30:00,0.23987,0.01712,0.26397,0.10873,0.257,0.729,True,Stable
Watford,2019-03-30 15:00:00,0.20891,0.02804,0.23987,0.01712,0.3312,0.0873,True,Stable
Watford,2019-04-02 19:45:00,0.19755,-0.02045,0.20891,0.02804,0.1217,0.3893,True,Stable
Watford,2019-04-15 20:00:00,0.19975,-0.02777,0.19755,-0.02045,0.0236,0.0591,True,Stable
Watford,2019-04-20 15:00:00,0.18733,-0.03164,0.19975,-0.02777,0.1331,0.0314,True,Stable
Watford,2019-04-23 19:45:00,0.19492,-0.04828,0.18733,-0.03164,0.0813,0.1354,True,Stable
Watford,2019-04-27 15:00:00,0.20429,-0.13392,0.19492,-0.04828,0.1004,0.6998,True,Stable
Watford,2019-05-05 13:00:00,0.26313,-0.05205,0.20429,-0.13392,0.6311,0.669,True,Stable
Watford,2019-05-12 14:00:00,0.26007,-0.04432,0.26313,-0.05205,0.0329,0.0634,True,Stable
Watford,2019-08-10 15:00:00,0.22175,0.03305,0.26007,-0.04432,0.4145,0.6373,True,Stable
Watford,2019-08-17 15:00:00,0.18056,0.15718,0.22175,0.03305,0.4465,1.0265,False,Unstable
Watford,2019-08-24 15:00:00,0.15648,0.3486,0.18056,0.15718,0.2607,1.5767,False,Unstable
Watford,2019-08-31 15:00:00,0.19388,0.31655,0.15648,0.3486,0.4035,0.2557,True,Stable
Watford,2019-09-15 15:30:00,0.18116,0.32546,0.19388,0.31655,0.1373,0.0695,True,Stable
Watford,2019-09-21 14:00:00,0.13298,0.25776,0.18116,0.32546,0.5197,0.516,True,Stable
Watford,2019-09-28 14:00:00,0.13342,0.18371,0.13298,0.25776,0.0048,0.5578,True,Stable
Watford,2019-10-05 15:00:00,0.13616,0.16658,0.13342,0.18371,0.0292,0.1285,True,Stable
Watford,2019-10-19 15:00:00,0.12807,0.19522,0.13616,0.16658,0.0858,0.2145,True,Stable
Watford,2019-10-26 15:00:00,0.14367,0.11741,0.12807,0.19522,0.1645,0.5804,True,Stable
Watford,2019-11-02 17:30:00,0.10389,0.23979,0.14367,0.11741,0.4176,0.9141,True,Stable
Watford,2019-11-08 20:00:00,0.11926,0.17477,0.10389,0.23979,0.1599,0.4818,True,Stable
Watford,2019-11-23 15:00:00,0.12896,0.05569,0.11926,0.17477,0.1004,0.8807,True,Stable
Watford,2019-11-30 17:30:00,0.15436,-0.00551,0.12896,0.05569,0.2615,0.4542,True,Stable
Watford,2019-12-04 19:30:00,0.1066,0.03535,0.15436,-0.00551,0.4909,0.3045,True,Stable
Watford,2019-12-07 15:00:00,0.09788,0.16364,0.1066,0.03535,0.089,0.9595,True,Stable
Watford,2019-12-14 12:30:00,0.09011,0.29604,0.09788,0.16364,0.0787,0.9892,True,Stable
Watford,2019-12-22 14:00:00,0.10469,0.2688,0.09011,0.29604,0.1464,0.2009,True,Stable
Watford,2019-12-26 15:00:00,0.10859,0.31439,0.10469,0.2688,0.039,0.3331,True,Stable
Watford,2019-12-28 15:00:00,0.12609,0.38769,0.10859,0.31439,0.1738,0.528,True,Stable
Watford,2020-01-01 15:00:00,0.13264,0.25486,0.12609,0.38769,0.0648,0.936,True,Stable
Watford,2020-01-12 14:00:00,0.11225,0.14731,0.13264,0.25486,0.2013,0.7531,True,Stable
Watford,2020-01-18 12:30:00,0.16354,0.28559,0.11225,0.14731,0.5044,0.9692,True,Stable
Watford,2020-01-21 19:30:00,0.1706,0.3297,0.16354,0.28559,0.0694,0.3065,True,Stable
Watford,2020-02-01 15:00:00,0.14346,0.21172,0.1706,0.3297,0.2672,0.8098,True,Stable
Watford,2020-02-08 17:30:00,0.14608,0.28977,0.14346,0.21172,0.0258,0.5347,True,Stable
Watford,2020-02-23 14:00:00,0.15746,0.34738,0.14608,0.28977,0.1118,0.3916,True,Stable
Watford,2020-02-29 17:30:00,0.17319,0.26716,0.15746,0.34738,0.1546,0.5384,True,Stable
Watford,2020-03-07 15:00:00,0.18492,0.28505,0.17319,0.26716,0.1155,0.1195,True,Stable
Watford,2020-06-20 11:30:00,0.21451,0.32193,0.18492,0.28505,0.2917,0.2448,True,Stable
Watford,2020-06-25 17:00:00,0.25069,0.35956,0.21451,0.32193,0.3577,0.2475,True,Stable
Watford,2020-06-28 15:30:00,0.26254,0.34223,0.25069,0.35956,0.1175,0.1127,True,Stable
Watford,2020-07-04 19:00:00,0.30776,0.37147,0.26254,0.34223,0.4502,0.1884,True,Stable
Watford,2020-07-07 17:00:00,0.30535,0.33693,0.30776,0.37147,0.0241,0.2199,True,Stable
Watford,2020-07-11 11:30:00,0.36312,0.36694,0.30535,0.33693,0.578,0.1895,True,Stable
Watford,2020-07-17 19:00:00,0.24121,0.29281,0.36312,0.36694,1.2192,0.4633,False,Unstable
Watford,2020-07-21 17:00:00,0.24921,0.30459,0.24121,0.29281,0.0802,0.0733,True,Stable
Watford,2020-07-26 15:00:00,0.26053,0.2938,0.24921,0.30459,0.114,0.0668,True,Stable
Watford,2021-08-14 14:00:00,0.28439,0.26139,0.26053,0.2938,0.241,0.1999,True,Stable
Watford,2021-08-21 16:30:00,0.35004,0.21791,0.28439,0.26139,0.6651,0.2677,True,Stable
Watford,2021-08-29 13:00:00,0.36191,0.22592,0.35004,0.21791,0.1203,0.0493,True,Stable
Watford,2021-09-11 14:00:00,0.39809,0.21889,0.36191,0.22592,0.3666,0.0432,True,Stable
Watford,2021-09-18 14:00:00,0.44324,0.17556,0.39809,0.21889,0.456,0.2667,True,Stable
Watford,2021-09-25 14:00:00,0.53252,0.18103,0.44324,0.17556,0.8947,0.0337,True,Stable
Watford,2021-10-02 14:00:00,0.61021,0.16375,0.53252,0.18103,0.7632,0.1066,True,Stable
Watford,2021-10-16 11:30:00,0.69377,0.14812,0.61021,0.16375,0.7945,0.0967,True,Stable
Watford,2021-10-23 14:00:00,0.74019,0.11083,0.69377,0.14812,0.4212,0.2312,True,Stable
Watford,2021-10-30 14:00:00,0.91123,0.10017,0.74019,0.11083,1.4742,0.0662,False,Unstable
Watford,2021-11-07 14:00:00,0.91814,0.09855,0.91123,0.10017,0.0548,0.0101,True,Stable
Watford,2021-11-20 15:00:00,0.88326,0.07965,0.91814,0.09855,0.2574,0.1182,True,Stable
Watford,2021-11-28 14:00:00,0.80247,0.0672,0.88326,0.07965,0.5644,0.0781,True,Stable
Watford,2021-12-01 19:30:00,0.86469,0.07763,0.80247,0.0672,0.4194,0.0657,True,Stable
Watford,2021-12-04 17:30:00,0.87014,0.05654,0.86469,0.07763,0.0353,0.1331,True,Stable
Watford,2021-12-10 20:00:00,0.92458,0.02196,0.87014,0.05654,0.339,0.2189,True,Stable
Watford,2021-12-28 15:00:00,1.02627,0.02018,0.92458,0.02196,0.6076,0.0112,True,Stable
Watford,2022-01-01 15:00:00,1.14058,0.00771,1.02627,0.02018,0.6491,0.0794,True,Stable
Watford,2022-01-15 15:00:00,1.33653,-0.00061,1.14058,0.00771,1.0477,0.0531,False,Unstable
Watford,2022-01-21 20:00:00,1.16925,0.02011,1.33653,-0.00061,0.8261,0.1325,True,Stable
Watford,2022-02-05 18:00:00,0.98979,0.05995,1.16925,0.02011,0.8455,0.2556,True,Stable
Watford,2022-02-08 19:45:00,0.59485,0.07653,0.98979,0.05995,1.8138,0.1066,False,Unstable
Watford,2022-02-12 15:00:00,0.46628,0.08396,0.59485,0.07653,0.5895,0.0479,True,Stable
Watford,2022-02-19 15:00:00,0.32998,0.13388,0.46628,0.08396,0.6259,0.3231,True,Stable
Watford,2022-02-23 19:30:00,0.31021,0.13989,0.32998,0.13388,0.091,0.0389,True,Stable
Watford,2022-02-26 15:00:00,0.30411,0.1243,0.31021,0.13989,0.0282,0.1013,True,Stable
Watford,2022-03-06 14:00:00,0.27886,0.16874,0.30411,0.1243,0.1169,0.2895,True,Stable
Watford,2022-03-10 19:30:00,0.29413,0.18797,0.27886,0.16874,0.0709,0.1254,True,Stable
Watford,2022-03-13 14:00:00,0.30001,0.14915,0.29413,0.18797,0.0274,0.2535,True,Stable
Watford,2022-04-02 11:30:00,0.28525,0.12658,0.30001,0.14915,0.0689,0.1477,True,Stable
Watford,2022-04-09 14:00:00,0.28516,0.15703,0.28525,0.12658,0.0004,0.1997,True,Stable
Watford,2022-04-16 14:00:00,0.27401,0.16953,0.28516,0.15703,0.0524,0.0822,True,Stable
Watford,2022-04-23 14:00:00,0.2851,0.18929,0.27401,0.16953,0.0522,0.13,True,Stable
Watford,2022-04-30 14:00:00,0.26643,0.18719,0.2851,0.18929,0.0881,0.0138,True,Stable
Watford,2022-05-07 14:00:00,0.27486,0.19221,0.26643,0.18719,0.0399,0.0331,True,Stable
Watford,2022-05-11 18:45:00,0.26954,0.16226,0.27486,0.19221,0.0252,0.1976,True,Stable
Watford,2022-05-15 13:00:00,0.27454,0.15505,0.26954,0.16226,0.0238,0.0476,True,Stable
Watford,2022-05-22 15:00:00,0.27099,0.16331,0.27454,0.15505,0.0169,0.0547,True,Stable
Brentford,2023-08-19 14:00:00,0.47929,0.14683,0.36037,0.11786,3.4457,0.5491,False,Unstable
Brentford,2023-08-26 14:00:00,0.4996,0.11265,0.47929,0.14683,0.4673,0.6073,True,Stable
Brentford,2023-09-02 14:00:00,0.59277,0.1456,0.4996,0.11265,1.7962,0.572,False,Unstable
Brentford,2023-09-16 16:30:00,0.70963,0.17616,0.59277,0.1456,1.7563,0.5072,False,Unstable
Brentford,2023-09-23 16:30:00,0.58173,0.18361,0.70963,0.17616,1.4507,0.1163,False,Unstable
Brentford,2023-10-01 13:00:00,0.52217,0.18691,0.58173,0.18361,0.6281,0.0487,True,Stable
Brentford,2023-10-07 14:00:00,0.48063,0.21527,0.52217,0.18691,0.4255,0.3995,True,Stable
Brentford,2023-10-21 14:00:00,0.50222,0.22716,0.48063,0.21527,0.2189,0.1581,True,Stable
Brentford,2023-10-28 11:30:00,0.41492,0.18695,0.50222,0.22716,0.8716,0.506,True,Stable
Brentford,2023-11-04 15:00:00,0.48137,0.15175,0.41492,0.18695,0.6676,0.4322,True,Stable
Brentford,2023-11-12 14:00:00,0.50336,0.15528,0.48137,0.15175,0.2194,0.043,True,Stable
Brentford,2023-11-25 17:30:00,0.49566,0.18029,0.50336,0.15528,0.0759,0.3024,True,Stable
Brentford,2023-12-02 15:00:00,0.50507,0.16649,0.49566,0.18029,0.092,0.1643,True,Stable
Brentford,2023-12-06 19:30:00,0.47617,0.17639,0.50507,0.16649,0.2799,0.1169,True,Stable
Brentford,2023-12-09 15:00:00,0.3829,0.23549,0.47617,0.17639,0.9018,0.6908,True,Stable
Brentford,2023-12-17 14:00:00,0.42763,0.24284,0.3829,0.23549,0.4365,0.0832,True,Stable
Brentford,2023-12-27 19:30:00,0.43288,0.25742,0.42763,0.24284,0.0516,0.1605,True,Stable
Brentford,2023-12-30 15:00:00,0.47266,0.28726,0.43288,0.25742,0.3925,0.3182,True,Stable
Brentford,2024-01-20 17:30:00,0.61513,0.2945,0.47266,0.28726,1.4053,0.0743,False,Unstable
Brentford,2024-01-31 19:30:00,0.63171,0.283,0.61513,0.2945,0.157,0.1139,True,Stable
Brentford,2024-02-05 20:00:00,0.65195,0.2837,0.63171,0.283,0.1842,0.0067,True,Stable
Brentford,2024-02-10 15:00:00,0.61505,0.26536,0.65195,0.2837,0.3221,0.1724,True,Stable
Brentford,2024-02-17 12:30:00,0.51166,0.23809,0.61505,0.26536,0.8806,0.2523,True,Stable
Brentford,2024-02-20 18:30:00,0.54881,0.24203,0.51166,0.23809,0.3161,0.0361,True,Stable
Brentford,2024-02-26 20:00:00,0.52085,0.25328,0.54881,0.24203,0.2364,0.1024,True,Stable
Brentford,2024-03-02 15:00:00,0.57031,0.27786,0.52085,0.25328,0.4175,0.2216,True,Stable
Brentford,2024-03-09 17:30:00,0.56115,0.27263,0.57031,0.27786,0.0766,0.0465,True,Stable
Brentford,2024-03-16 15:00:00,0.60021,0.2814,0.56115,0.27263,0.3245,0.0771,True,Stable
Brentford,2024-03-30 20:00:00,0.58378,0.28572,0.60021,0.2814,0.1347,0.0375,True,Stable
Brentford,2024-04-03 18:30:00,0.5485,0.28558,0.58378,0.28572,0.2867,0.0011,True,Stable
Brentford,2024-04-06 14:00:00,0.636,0.25932,0.5485,0.28558,0.7093,0.2232,True,Stable
Brentford,2024-04-13 14:00:00,0.60273,0.25599,0.636,0.25932,0.2651,0.0281,True,Stable
Brentford,2024-04-20 14:00:00,0.54689,0.2404,0.60273,0.25599,0.4408,0.1313,True,Stable
Brentford,2024-04-27 16:30:00,0.41891,0.1913,0.54689,0.2404,1.0094,0.4129,False,Unstable
Brentford,2024-05-04 14:00:00,0.35053,0.21952,0.41891,0.1913,0.5431,0.2382,True,Stable
Brentford,2024-05-11 14:00:00,0.34039,0.21086,0.35053,0.21952,0.081,0.0733,True,Stable
Brentford,2024-05-19 15:00:00,0.34075,0.20614,0.34039,0.21086,0.0029,0.0399,True,Stable
Brentford,2024-08-18 13:00:00,0.34589,0.20713,0.34075,0.20614,0.0414,0.0084,True,Stable
Brentford,2024-08-25 15:30:00,0.33145,0.24127,0.34589,0.20713,0.1169,0.2909,True,Stable
Brentford,2024-08-31 14:00:00,0.25123,0.18594,0.33145,0.24127,0.6518,0.4711,True,Stable
Brentford,2024-09-14 14:00:00,0.25564,0.17666,0.25123,0.18594,0.0357,0.0794,True,Stable
Brentford,2024-09-21 14:00:00,0.27054,0.15914,0.25564,0.17666,0.1202,0.1505,True,Stable
Brentford,2024-09-28 14:00:00,0.29068,0.14444,0.27054,0.15914,0.1622,0.127,True,Stable
Brentford,2024-10-05 14:00:00,0.30736,0.1055,0.29068,0.14444,0.1346,0.3384,True,Stable
Brentford,2024-10-19 14:00:00,0.26406,0.07321,0.30736,0.1055,0.3502,0.2824,True,Stable
Brentford,2024-10-26 14:00:00,0.25396,0.05433,0.26406,0.07321,0.0816,0.1659,True,Stable
Brentford,2024-11-04 20:00:00,0.2063,0.06328,0.25396,0.05433,0.3841,0.079,True,Stable
Brentford,2024-11-09 15:00:00,0.16601,-0.0133,0.2063,0.06328,0.3221,0.6787,True,Stable
Brentford,2024-11-23 15:00:00,0.24599,0.01891,0.16601,-0.0133,0.6309,0.2849,True,Stable
Brentford,2024-11-30 15:00:00,0.24736,-0.04047,0.24599,0.01891,0.0107,0.5259,True,Stable
Brentford,2024-12-04 20:15:00,0.24822,-0.05832,0.24736,-0.04047,0.0068,0.1573,True,Stable
Brentford,2024-12-07 15:00:00,0.25458,-0.17143,0.24822,-0.05832,0.0499,0.9894,True,Stable
Brentford,2024-12-15 19:00:00,0.30069,-0.11131,0.25458,-0.17143,0.3618,0.5116,True,Stable
Brentford,2024-12-21 15:00:00,0.30879,-0.14371,0.30069,-0.11131,0.0638,0.2721,True,Stable
Brentford,2024-12-27 19:30:00,0.43476,-0.10404,0.30879,-0.14371,0.9948,0.3271,True,Stable
Brentford,2025-01-01 17:30:00,0.43092,-0.11014,0.43476,-0.10404,0.0305,0.0497,True,Stable
Brentford,2025-01-04 15:00:00,0.42399,-0.06031,0.43092,-0.11014,0.0552,0.4024,True,Stable
Brentford,2025-01-14 19:30:00,0.39749,-0.05341,0.42399,-0.06031,0.2123,0.0555,True,Stable
Brentford,2025-01-18 15:00:00,0.33561,0.00091,0.39749,-0.05341,0.4982,0.4361,True,Stable
Brentford,2025-01-26 14:00:00,0.35061,-0.00747,0.33561,0.00091,0.1213,0.0674,True,Stable
Brentford,2025-02-02 14:00:00,0.27218,0.03477,0.35061,-0.00747,0.6371,0.3404,True,Stable
Brentford,2025-02-15 15:00:00,0.21363,0.08855,0.27218,0.03477,0.476,0.4351,True,Stable
Brentford,2025-02-21 20:00:00,0.2849,0.02046,0.21363,0.08855,0.5768,0.5536,True,Stable
Brentford,2025-02-26 19:30:00,0.29368,0.00914,0.2849,0.02046,0.0712,0.0923,True,Stable
Brentford,2025-03-08 17:30:00,0.28293,0.03573,0.29368,0.00914,0.0874,0.2174,True,Stable
Brentford,2025-03-15 17:30:00,0.31467,-0.03411,0.28293,0.03573,0.2585,0.5734,True,Stable
Brentford,2025-04-02 19:45:00,0.34804,-0.07103,0.31467,-0.03411,0.2727,0.303,True,Stable
Brentford,2025-04-06 13:00:00,0.33695,0.00757,0.34804,-0.07103,0.091,0.6428,True,Stable
Brentford,2025-04-12 16:30:00,0.3341,0.0137,0.33695,0.00757,0.0235,0.0503,True,Stable
Brentford,2025-04-19 14:00:00,0.35193,0.01614,0.3341,0.0137,0.1476,0.02,True,Stable
Brentford,2025-05-01 18:30:00,0.37221,0.04103,0.35193,0.01614,0.1686,0.2053,True,Stable
Brentford,2025-05-04 13:00:00,0.38257,0.02987,0.37221,0.04103,0.0865,0.0924,True,Stable
Brentford,2025-05-10 14:00:00,0.34273,-0.01087,0.38257,0.02987,0.3343,0.3386,True,Stable
Brentford,2025-05-18 14:00:00,0.34643,-0.01495,0.34273,-0.01087,0.0312,0.0339,True,Stable
Brentford,2025-05-25 15:00:00,0.37151,0.0038,0.34643,-0.01495,0.2121,0.1563,True,Stable
