team,season,signal_date,match_date,z_ou,z_bucket,regime,reverted,venue,mu_est,spread_t0,spread_t5
Arsenal,2017,2017-08-11 19:45:00,2017-09-25 20:00:00,-0.13467467149311754,Neutral,Normal,False,home,-0.1897710792017293,-0.254196,0.6387912
Arsenal,2017,2017-08-19 17:30:00,2017-10-01 12:00:00,0.7211570039434826,Weak Long,Break,False,away,-0.1897710792017293,0.1552119999999999,0.4531112
Arsenal,2017,2017-08-27 16:00:00,2017-10-14 17:30:00,1.493951634483469,Weak Long,Break,True,away,-0.1897710792017293,0.5248972,0.3538416
Arsenal,2017,2017-09-09 15:00:00,2017-10-22 13:30:00,0.5107343910126445,Weak Long,Break,False,home,-0.1897710792017293,0.0545511999999999,0.2284356
Arsenal,2017,2017-09-17 13:30:00,2017-10-28 15:00:00,0.958638754799133,Weak Long,Break,True,away,-0.1897710792017293,0.2688172,0.0195735999999999
Arsenal,2017,2017-09-25 20:00:00,2017-11-05 14:15:00,1.7320370965217686,Strong Long,Break,True,home,-0.1897710792017293,0.6387912,-0.190977
Arsenal,2017,2017-10-01 12:00:00,2017-11-18 12:30:00,1.3438892696716143,Weak Long,Break,True,home,-0.1897710792017293,0.4531112,-0.2381210000000001
Arsenal,2017,2017-10-14 17:30:00,2017-11-26 14:00:00,1.1363748388643973,Weak Long,Break,True,away,-0.1897710792017293,0.3538416,-0.0854466
Arsenal,2017,2017-10-22 13:30:00,2017-11-29 19:45:00,0.8742245460274172,Weak Long,Break,True,away,-0.1897710792017293,0.2284356,0.0382733999999998
Arsenal,2017,2017-10-28 15:00:00,2017-12-02 17:30:00,0.43761677237609803,Neutral,Break,False,home,-0.1897710792017293,0.0195735999999999,0.6108334
Arsenal,2017,2017-11-05 14:15:00,2017-12-10 12:00:00,-0.0025208721305588913,Neutral,Break,False,away,-0.1897710792017293,-0.190977,0.6644224
Arsenal,2017,2017-11-18 12:30:00,2017-12-13 20:00:00,-0.10107128762508556,Neutral,Break,False,home,-0.1897710792017293,-0.2381210000000001,0.8203023999999999
Arsenal,2017,2017-11-26 14:00:00,2017-12-16 15:00:00,0.21808121439802536,Neutral,Break,False,away,-0.1897710792017293,-0.0854466,0.8748783999999998
Arsenal,2017,2017-11-29 19:45:00,2017-12-22 19:45:00,0.47670707145264085,Neutral,Break,False,home,-0.1897710792017293,0.0382733999999998,0.6053084
Arsenal,2017,2017-12-02 17:30:00,2017-12-28 20:00:00,1.6735937568324577,Strong Long,Break,True,home,-0.1897710792017293,0.6108334,-0.2745976
Arsenal,2017,2017-12-10 12:00:00,2017-12-31 16:30:00,1.7856168820644316,Strong Long,Break,True,away,-0.1897710792017293,0.6644224,-0.2127078
Arsenal,2017,2017-12-13 20:00:00,2018-01-03 19:45:00,2.111470410981935,Strong Long,Break,True,away,-0.1897710792017293,0.8203023999999999,-0.5706697999999999
Arsenal,2017,2017-12-16 15:00:00,2018-01-14 13:30:00,2.2255567735313426,Strong Long,Break,True,home,-0.1897710792017293,0.8748783999999998,-0.7737018
Arsenal,2017,2017-12-22 19:45:00,2018-01-20 15:00:00,1.6620442267627296,Strong Long,Break,True,home,-0.1897710792017293,0.6053084,-0.4868718
Arsenal,2017,2017-12-28 20:00:00,2018-01-30 19:45:00,-0.1773224348724051,Neutral,Normal,True,away,-0.1897710792017293,-0.2745976,-0.2238477999999999
Arsenal,2017,2017-12-31 16:30:00,2018-02-03 17:30:00,-0.047947212047164504,Neutral,Normal,False,away,-0.1897710792017293,-0.2127078,-0.568164
Arsenal,2017,2018-01-03 19:45:00,2018-02-10 12:30:00,-0.7962355166299676,Weak Short,Normal,True,home,-0.1897710792017293,-0.5706697999999999,-0.3171146
Arsenal,2017,2018-01-14 13:30:00,2018-03-01 19:45:00,-1.2206561843434562,Weak Short,Normal,True,away,-0.1897710792017293,-0.7737018,-0.0586826
Arsenal,2017,2018-01-20 15:00:00,2018-03-04 13:30:00,-0.6210631146782809,Weak Short,Normal,True,home,-0.1897710792017293,-0.4868718,-0.011418
Arsenal,2017,2018-01-30 19:45:00,2018-03-11 13:30:00,-0.0712344093280277,Neutral,Normal,True,away,-0.1897710792017293,-0.2238477999999999,-0.166124
Arsenal,2017,2018-02-03 17:30:00,2018-04-01 13:30:00,-0.7909973605306512,Weak Short,Normal,False,home,-0.1897710792017293,-0.568164,0.3079299999999999
Arsenal,2017,2018-02-10 12:30:00,2018-04-08 13:15:00,-0.2662005108859123,Neutral,Normal,True,away,-0.1897710792017293,-0.3171146,-0.0717394
Arsenal,2017,2018-03-01 19:45:00,2018-04-15 12:30:00,0.27402901942720204,Neutral,Normal,True,home,-0.1897710792017293,-0.0586826,-0.2490074
Arsenal,2017,2018-03-04 13:30:00,2018-04-22 12:30:00,0.3728315386912143,Neutral,Normal,False,away,-0.1897710792017293,-0.011418,-0.5947120000000001
Arsenal,2017,2018-03-11 13:30:00,2018-04-29 15:30:00,0.04943215426273543,Neutral,Normal,False,home,-0.1897710792017293,-0.166124,-0.5409298
Arsenal,2017,2018-04-01 13:30:00,2018-05-06 16:30:00,1.0404006479595418,Weak Long,Normal,False,home,-0.1897710792017293,0.3079299999999999,-1.0694118
Arsenal,2017,2018-04-08 13:15:00,2018-05-09 19:45:00,0.24673491911689888,Neutral,Normal,False,home,-0.1897710792017293,-0.0717394,-0.6783158
Arsenal,2017,2018-04-15 12:30:00,2018-05-13 15:00:00,-0.1238283562497165,Neutral,Normal,False,away,-0.1897710792017293,-0.2490074,-0.4949518000000001
Arsenal,2017,2018-04-22 12:30:00,2018-08-12 18:00:00,-0.8464936364204505,Weak Short,Normal,True,home,-0.1897710792017293,-0.5947120000000001,-0.0205124
Arsenal,2017,2018-04-29 15:30:00,2018-08-18 19:30:00,-0.7340666434582552,Weak Short,Normal,True,away,-0.1897710792017293,-0.5409298,0.1407753999999999
Arsenal,2017,2018-05-06 16:30:00,2018-08-25 17:00:00,-1.8388121186274882,Strong Short,Normal,True,home,-0.1897710792017293,-1.0694118,0.3129993999999998
Arsenal,2017,2018-05-09 19:45:00,2018-09-02 12:30:00,-1.0212600802292338,Weak Short,Normal,True,away,-0.1897710792017293,-0.6783158,-0.1138766000000001
Arsenal,2017,2018-05-13 15:00:00,2018-09-15 14:00:00,-0.6379536491512952,Weak Short,Normal,False,away,-0.1897710792017293,-0.4949518000000001,-0.5993946000000001
Arsenal,2018,2018-08-12 18:00:00,2018-09-23 15:00:00,0.2628335213273866,Neutral,Normal,False,home,-0.14572672836385195,-0.0205124,-0.9023232
Arsenal,2018,2018-08-18 19:30:00,2018-09-29 14:00:00,0.6013877505044471,Weak Long,Normal,False,away,-0.14572672836385195,0.1407753999999999,-1.0797972000000002
Arsenal,2018,2018-08-25 17:00:00,2018-10-07 11:00:00,0.9628978186298109,Weak Long,Normal,False,home,-0.14572672836385195,0.3129993999999998,-1.6094252
Arsenal,2018,2018-09-02 12:30:00,2018-10-22 19:00:00,0.06685561869784508,Neutral,Normal,False,away,-0.14572672836385195,-0.1138766000000001,-1.3081612
Arsenal,2018,2018-09-15 14:00:00,2018-10-28 12:30:00,-0.9522801884840258,Weak Short,Normal,False,away,-0.14572672836385195,-0.5993946000000001,-1.3200438
Arsenal,2018,2018-09-23 15:00:00,2018-11-03 17:30:00,-1.5881482372061617,Strong Short,Normal,False,home,-0.14572672836385195,-0.9023232,-0.9815106
Arsenal,2018,2018-09-29 14:00:00,2018-11-11 16:30:00,-1.9606784178457994,Strong Short,Normal,True,home,-0.14572672836385195,-1.0797972000000002,-0.9024640000000002
Arsenal,2018,2018-10-07 11:00:00,2018-11-25 13:30:00,-3.0724041608380666,Strong Short,Normal,True,away,-0.14572672836385195,-1.6094252,-0.187788
Arsenal,2018,2018-10-22 19:00:00,2018-12-02 14:05:00,-2.4400302224571226,Strong Short,Normal,True,home,-0.14572672836385195,-1.3081612,-0.4282200000000001
Arsenal,2018,2018-10-28 12:30:00,2018-12-05 20:00:00,-2.4649726203546662,Strong Short,Normal,True,away,-0.14572672836385195,-1.3200438,-0.2508074000000001
Arsenal,2018,2018-11-03 17:30:00,2018-12-08 15:00:00,-1.7543680577228753,Strong Short,Normal,True,home,-0.14572672836385195,-0.9815106,-0.1711374000000001
Arsenal,2018,2018-11-11 16:30:00,2018-12-16 13:30:00,-1.5884437861284497,Strong Short,Normal,True,home,-0.14572672836385195,-0.9024640000000002,-0.1927800000000001
Arsenal,2018,2018-11-25 13:30:00,2018-12-22 12:30:00,-0.08828951350928634,Neutral,Normal,False,away,-0.14572672836385195,-0.187788,-0.4417480000000001
Arsenal,2018,2018-12-02 14:05:00,2018-12-26 17:15:00,-0.592972883420086,Weak Short,Normal,True,home,-0.14572672836385195,-0.4282200000000001,-0.2267624000000001
Arsenal,2018,2018-12-05 20:00:00,2018-12-29 17:30:00,-0.2205715856201397,Neutral,Normal,True,away,-0.14572672836385195,-0.2508074000000001,-0.1568424000000001
Arsenal,2018,2018-12-08 15:00:00,2019-01-01 15:00:00,-0.05333875437973324,Neutral,Normal,False,home,-0.14572672836385195,-0.1711374000000001,-0.2745044000000001
Arsenal,2018,2018-12-16 13:30:00,2019-01-12 12:30:00,-0.09876806620857242,Neutral,Normal,True,away,-0.14572672836385195,-0.1927800000000001,-0.1088514
Arsenal,2018,2018-12-22 12:30:00,2019-01-19 17:30:00,-0.6213690895330547,Weak Short,Normal,False,home,-0.14572672836385195,-0.4417480000000001,0.2168526
Arsenal,2018,2018-12-26 17:15:00,2019-01-29 19:45:00,-0.17009947030476913,Neutral,Normal,False,away,-0.14572672836385195,-0.2267624000000001,0.397703
Arsenal,2018,2018-12-29 17:30:00,2019-02-03 16:30:00,-0.02333256230515548,Neutral,Normal,False,away,-0.14572672836385195,-0.1568424000000001,0.3220393999999999
Arsenal,2018,2019-01-01 15:00:00,2019-02-09 15:00:00,-0.2703132249059927,Neutral,Normal,False,home,-0.14572672836385195,-0.2745044000000001,0.1288913999999999
Arsenal,2018,2019-01-12 12:30:00,2019-02-24 14:05:00,0.07740386048960243,Neutral,Normal,False,away,-0.14572672836385195,-0.1088514,0.0618883999999999
Arsenal,2018,2019-01-19 17:30:00,2019-02-27 19:45:00,0.7610790464608004,Weak Long,Break,True,home,-0.14572672836385195,0.2168526,-0.3195036000000001
Arsenal,2018,2019-01-29 19:45:00,2019-03-02 12:30:00,1.1406965238419977,Weak Long,Break,True,home,-0.14572672836385195,0.397703,0.0332443999999998
Arsenal,2018,2019-02-03 16:30:00,2019-03-10 16:30:00,0.9818734028448642,Weak Long,Break,True,away,-0.14572672836385195,0.3220393999999999,-0.002018
Arsenal,2018,2019-02-09 15:00:00,2019-04-01 20:00:00,0.5764424139102335,Weak Long,Break,True,away,-0.14572672836385195,0.1288913999999999,-0.0866040000000001
Arsenal,2018,2019-02-24 14:05:00,2019-04-07 14:05:00,0.4357984903304551,Neutral,Break,True,home,-0.14572672836385195,0.0618883999999999,-0.1164030000000001
Arsenal,2018,2019-02-27 19:45:00,2019-04-15 20:00:00,-0.36476965291595,Neutral,Break,False,home,-0.14572672836385195,-0.3195036000000001,0.4995249999999999
Arsenal,2018,2019-03-02 12:30:00,2019-04-21 16:00:00,0.37567275645258114,Neutral,Break,True,away,-0.14572672836385195,0.0332443999999998,-0.083411
Arsenal,2018,2019-03-10 16:30:00,2019-04-24 19:45:00,0.3016545439719526,Neutral,Break,False,home,-0.14572672836385195,-0.002018,-0.0009062000000001
Arsenal,2018,2019-04-01 20:00:00,2019-04-28 12:00:00,0.12410268928008569,Neutral,Break,False,home,-0.14572672836385195,-0.0866040000000001,0.3103171999999999
Arsenal,2018,2019-04-07 14:05:00,2019-05-05 15:30:00,0.06155253064907186,Neutral,Break,False,away,-0.14572672836385195,-0.1164030000000001,0.5422961999999998
Arsenal,2018,2019-04-15 20:00:00,2019-05-12 14:00:00,1.3544279326854851,Weak Long,Break,True,away,-0.14572672836385195,0.4995249999999999,0.2634881999999999
Arsenal,2018,2019-04-21 16:00:00,2019-08-11 14:00:00,0.13080501675781425,Neutral,Break,False,home,-0.14572672836385195,-0.083411,0.3816161999999998
Arsenal,2018,2019-04-24 19:45:00,2019-08-17 12:30:00,0.3039882889421178,Neutral,Break,False,away,-0.14572672836385195,-0.0009062000000001,0.2265453999999998
Arsenal,2018,2019-04-28 12:00:00,2019-08-24 17:30:00,0.9572676956229954,Weak Long,Break,True,away,-0.14572672836385195,0.3103171999999999,0.1035143999999998
Arsenal,2018,2019-05-05 15:30:00,2019-09-01 16:30:00,1.4442076348512898,Weak Long,Break,True,home,-0.14572672836385195,0.5422961999999998,-0.1838236000000001
Arsenal,2018,2019-05-12 14:00:00,2019-09-15 15:30:00,0.8589703910647302,Weak Long,Break,True,away,-0.14572672836385195,0.2634881999999999,-0.3571436000000001
Arsenal,2019,2019-08-11 14:00:00,2019-09-22 15:30:00,1.0785780999419883,Weak Long,Break,True,away,-0.14017485286023873,0.3816161999999998,-0.4773436000000001
Arsenal,2019,2019-08-17 12:30:00,2019-09-30 19:00:00,0.7580360593997878,Weak Long,Break,True,home,-0.14017485286023873,0.2265453999999998,-0.1694256000000001
Arsenal,2019,2019-08-24 17:30:00,2019-10-06 14:00:00,0.5037224955957222,Weak Long,Break,True,away,-0.14017485286023873,0.1035143999999998,-0.1183160000000001
Arsenal,2019,2019-09-01 16:30:00,2019-10-21 20:00:00,-0.09022497127305491,Neutral,Break,False,home,-0.14017485286023873,-0.1838236000000001,0.0866129999999998
Arsenal,2019,2019-09-15 15:30:00,2019-10-27 16:30:00,-0.44848936706371445,Neutral,Break,False,away,-0.14017485286023873,-0.3571436000000001,0.1934089999999999
Arsenal,2019,2019-09-22 15:30:00,2019-11-02 15:00:00,-0.6969510585825077,Weak Short,Break,False,home,-0.14017485286023873,-0.4773436000000001,0.2920949999999999
Arsenal,2019,2019-09-30 19:00:00,2019-11-09 17:30:00,-0.06046331208430628,Neutral,Break,False,away,-0.14017485286023873,-0.1694256000000001,0.3435647999999999
Arsenal,2019,2019-10-06 14:00:00,2019-11-23 15:00:00,0.04518375670811401,Neutral,Break,False,home,-0.14017485286023873,-0.1183160000000001,0.2169927999999998
Arsenal,2019,2019-10-21 20:00:00,2019-12-01 14:00:00,0.4687861359198843,Neutral,Break,True,away,-0.14017485286023873,0.0866129999999998,0.0193597999999999
Arsenal,2019,2019-10-27 16:30:00,2019-12-05 20:15:00,0.6895408348170646,Weak Long,Break,True,home,-0.14017485286023873,0.1934089999999999,0.1044071999999999
Arsenal,2019,2019-11-02 15:00:00,2019-12-09 20:00:00,0.8935316042781598,Weak Long,Break,True,home,-0.14017485286023873,0.2920949999999999,-0.1423348000000001
Arsenal,2019,2019-11-09 17:30:00,2019-12-15 16:30:00,0.9999232313175441,Weak Long,Break,True,away,-0.14017485286023873,0.3435647999999999,-0.2782806000000001
Arsenal,2019,2019-11-23 15:00:00,2019-12-21 12:30:00,0.7382901762516811,Weak Long,Break,True,home,-0.14017485286023873,0.2169927999999998,-0.0235630000000001
Arsenal,2019,2019-12-01 14:00:00,2019-12-26 15:00:00,0.32976913232544425,Neutral,Break,False,away,-0.14017485286023873,0.0193597999999999,0.0690509999999998
Arsenal,2019,2019-12-05 20:15:00,2019-12-29 14:00:00,0.5055679747819786,Weak Long,Break,True,home,-0.14017485286023873,0.1044071999999999,0.0330183999999998
Arsenal,2019,2019-12-09 20:00:00,2020-01-01 20:00:00,-0.0044647597332469905,Neutral,Break,False,away,-0.14017485286023873,-0.1423348000000001,0.2561503999999998
Arsenal,2019,2019-12-15 16:30:00,2020-01-11 12:30:00,-0.2854741060134099,Neutral,Break,False,home,-0.14017485286023873,-0.2782806000000001,0.2876763999999999
Arsenal,2019,2019-12-21 12:30:00,2020-01-18 15:00:00,0.24104474386685137,Neutral,Break,False,away,-0.14017485286023873,-0.0235630000000001,0.1570767999999998
Arsenal,2019,2019-12-26 15:00:00,2020-01-21 20:15:00,0.43248427047518334,Neutral,Break,True,away,-0.14017485286023873,0.0690509999999998,-0.2142358
Arsenal,2019,2019-12-29 14:00:00,2020-02-02 14:00:00,0.35800240070962536,Neutral,Break,False,home,-0.14017485286023873,0.0330183999999998,0.1247713999999999
Arsenal,2019,2020-01-01 20:00:00,2020-02-16 16:30:00,0.8192316365829314,Weak Long,Break,True,home,-0.14017485286023873,0.2561503999999998,-0.0522086
Arsenal,2019,2020-01-11 12:30:00,2020-02-23 16:30:00,0.8843980532786179,Weak Long,Break,True,away,-0.14017485286023873,0.2876763999999999,-0.4729226000000001
Arsenal,2019,2020-01-18 15:00:00,2020-03-07 15:00:00,0.6144396711847924,Weak Long,Break,True,home,-0.14017485286023873,0.1570767999999998,-0.4067386
Arsenal,2019,2020-01-21 20:15:00,2020-06-17 19:15:00,-0.1530890865376791,Neutral,Break,False,away,-0.14017485286023873,-0.2142358,-0.0210022000000001
Arsenal,2019,2020-02-02 14:00:00,2020-06-20 14:00:00,0.5476621809252982,Weak Long,Break,True,away,-0.14017485286023873,0.1247713999999999,-0.3777982000000001
Arsenal,2019,2020-02-16 16:30:00,2020-06-25 17:00:00,0.18183231266409994,Neutral,Break,True,home,-0.14017485286023873,-0.0522086,-0.1451222000000001
Arsenal,2019,2020-02-23 16:30:00,2020-07-01 17:00:00,-0.6878125466174113,Weak Short,Normal,True,home,-0.14017485286023873,-0.4729226000000001,-0.2592642
Arsenal,2019,2020-03-07 15:00:00,2020-07-04 16:30:00,-0.5510056531774793,Weak Short,Normal,False,home,-0.14017485286023873,-0.4067386,-0.5146662000000001
Arsenal,2019,2020-06-17 19:15:00,2020-07-07 19:15:00,0.24633809411345142,Neutral,Normal,False,away,-0.14017485286023873,-0.0210022000000001,-0.555972
Arsenal,2019,2020-06-20 14:00:00,2020-07-12 15:30:00,-0.4911838500391226,Neutral,Normal,False,away,-0.14017485286023873,-0.3777982000000001,-0.5572440000000001
Arsenal,2019,2020-06-25 17:00:00,2020-07-15 19:15:00,-0.010226507810946521,Neutral,Normal,False,away,-0.14017485286023873,-0.1451222000000001,-0.7314020000000001
Arsenal,2019,2020-07-01 17:00:00,2020-07-21 19:15:00,-0.246165895442711,Neutral,Normal,True,home,-0.14017485286023873,-0.2592642,-0.1369666000000001
Arsenal,2019,2020-07-04 16:30:00,2020-07-26 15:00:00,-0.7740994473335836,Weak Short,Normal,True,away,-0.14017485286023873,-0.5146662000000001,-0.2029486000000001
Arsenal,2019,2020-07-07 19:15:00,2020-09-12 11:30:00,-0.8594813852498645,Weak Short,Normal,True,home,-0.14017485286023873,-0.555972,-0.4284206000000001
Arsenal,2019,2020-07-12 15:30:00,2020-09-19 19:00:00,-0.862110696993724,Weak Short,Normal,True,away,-0.14017485286023873,-0.5572440000000001,-0.5005986000000002
Arsenal,2019,2020-07-15 19:15:00,2020-09-28 19:15:00,-1.2221072965904798,Weak Short,Normal,True,home,-0.14017485286023873,-0.7314020000000001,-0.3279966000000002
Arsenal,2019,2020-07-21 19:15:00,2020-10-04 13:00:00,0.0066316799706730096,Neutral,Normal,False,away,-0.14017485286023873,-0.1369666000000001,-0.7419978000000003
Arsenal,2019,2020-07-26 15:00:00,2020-10-17 16:30:00,-0.12975766553509255,Neutral,Normal,False,home,-0.14017485286023873,-0.2029486000000001,-0.3648974000000002
Arsenal,2020,2020-09-12 11:30:00,2020-10-25 19:15:00,-0.6429343882496453,Weak Short,Normal,True,away,-0.14065467063783324,-0.4284206000000001,-0.0495834000000001
Arsenal,2020,2020-09-19 19:00:00,2020-11-01 16:30:00,-0.8041964194356905,Weak Short,Normal,True,home,-0.14065467063783324,-0.5005986000000002,0.0842269999999997
Arsenal,2020,2020-09-28 19:15:00,2020-11-08 19:15:00,-0.4185643832643681,Neutral,Normal,False,away,-0.14065467063783324,-0.3279966000000002,0.3266669999999998
Arsenal,2020,2020-10-04 13:00:00,2020-11-22 16:30:00,-1.3435370123959591,Weak Short,Normal,False,home,-0.14065467063783324,-0.7419978000000003,0.7353963999999998
Arsenal,2020,2020-10-17 16:30:00,2020-11-29 19:15:00,-0.5010091442772807,Weak Short,Normal,False,away,-0.14065467063783324,-0.3648974000000002,0.5914319999999998
Arsenal,2020,2020-10-25 19:15:00,2020-12-06 16:30:00,0.2034738851970264,Neutral,Break,False,home,-0.14065467063783324,-0.0495834000000001,0.5625871999999998
Arsenal,2020,2020-11-01 16:30:00,2020-12-13 19:15:00,0.5024366840805794,Weak Long,Break,False,away,-0.14065467063783324,0.0842269999999997,0.9336968
Arsenal,2020,2020-11-08 19:15:00,2020-12-16 18:00:00,1.0441026604271768,Weak Long,Break,False,home,-0.14065467063783324,0.3266669999999998,0.5878497999999999
Arsenal,2020,2020-11-22 16:30:00,2020-12-19 17:30:00,1.9572968920414273,Strong Long,Break,True,away,-0.14065467063783324,0.7353963999999998,0.4961061999999998
Arsenal,2020,2020-11-29 19:15:00,2020-12-26 17:30:00,1.635647752934217,Strong Long,Break,True,home,-0.14065467063783324,0.5914319999999998,0.2613761999999998
Arsenal,2020,2020-12-06 16:30:00,2020-12-29 18:00:00,1.5712019240506898,Strong Long,Break,True,away,-0.14065467063783324,0.5625871999999998,0.2051209999999998
Arsenal,2020,2020-12-13 19:15:00,2021-01-02 20:00:00,2.4003449854910266,Strong Long,Break,True,home,-0.14065467063783324,0.9336968,-0.1587450000000001
Arsenal,2020,2020-12-16 18:00:00,2021-01-14 20:00:00,1.6276443052338838,Strong Long,Break,True,home,-0.14065467063783324,0.5878497999999999,-0.0172612000000001
Arsenal,2020,2020-12-19 17:30:00,2021-01-18 20:00:00,1.4226682836716347,Weak Long,Break,True,away,-0.14065467063783324,0.4961061999999998,-0.2061852000000001
Arsenal,2020,2020-12-26 17:30:00,2021-01-26 20:15:00,0.8982281969374457,Weak Long,Break,True,home,-0.14065467063783324,0.2613761999999998,-0.1083752
Arsenal,2020,2020-12-29 18:00:00,2021-01-30 17:30:00,0.7725413142754548,Weak Long,Break,True,away,-0.14065467063783324,0.2051209999999998,-0.0217300000000001
Arsenal,2020,2021-01-02 20:00:00,2021-02-02 18:00:00,-0.04041790099154278,Neutral,Break,False,away,-0.14065467063783324,-0.1587450000000001,-0.0853350000000001
Arsenal,2020,2021-01-14 20:00:00,2021-02-06 12:30:00,0.27568901479886593,Neutral,Break,True,home,-0.14065467063783324,-0.0172612000000001,-0.0231160000000001
Arsenal,2020,2021-01-18 20:00:00,2021-02-14 16:30:00,-0.1464100732860397,Neutral,Normal,True,home,-0.14065467063783324,-0.2061852000000001,-0.1833760000000002
Arsenal,2020,2021-01-26 20:15:00,2021-02-21 16:30:00,0.07211966251028401,Neutral,Normal,False,away,-0.14065467063783324,-0.1083752,-0.0039184000000002
Arsenal,2020,2021-01-30 17:30:00,2021-02-28 12:00:00,0.2657047015044522,Neutral,Normal,False,home,-0.14065467063783324,-0.0217300000000001,-0.3320516000000002
Arsenal,2020,2021-02-02 18:00:00,2021-03-06 12:30:00,0.12359669776940303,Neutral,Normal,False,away,-0.14065467063783324,-0.0853350000000001,0.0320793999999997
Arsenal,2020,2021-02-06 12:30:00,2021-03-14 16:30:00,0.2626080629826885,Neutral,Normal,True,away,-0.14065467063783324,-0.0231160000000001,-0.1907924000000002
Arsenal,2020,2021-02-14 16:30:00,2021-03-21 15:00:00,-0.09544914444721465,Neutral,Normal,False,home,-0.14065467063783324,-0.1833760000000002,-0.2215864000000001
Arsenal,2020,2021-02-21 16:30:00,2021-04-03 19:00:00,0.3054998578495066,Neutral,Normal,True,home,-0.14065467063783324,-0.0039184000000002,-0.2555918000000002
Arsenal,2020,2021-02-28 12:00:00,2021-04-11 18:00:00,-0.4276241734561082,Neutral,Normal,True,away,-0.14065467063783324,-0.3320516000000002,-0.2892158000000002
Arsenal,2020,2021-03-06 12:30:00,2021-04-18 12:30:00,0.3859271119467244,Neutral,Normal,True,away,-0.14065467063783324,0.0320793999999997,-0.2254538000000002
Arsenal,2020,2021-03-14 16:30:00,2021-04-23 19:00:00,-0.11201906503365623,Neutral,Normal,False,home,-0.14065467063783324,-0.1907924000000002,0.0086415999999997
Arsenal,2020,2021-03-21 15:00:00,2021-05-02 13:00:00,-0.1808198490446159,Neutral,Normal,False,away,-0.14065467063783324,-0.2215864000000001,0.2957095999999998
Arsenal,2020,2021-04-03 19:00:00,2021-05-09 18:00:00,-0.25679562941112566,Neutral,Normal,True,home,-0.14065467063783324,-0.2555918000000002,-0.1224386000000002
Arsenal,2020,2021-04-11 18:00:00,2021-05-12 19:15:00,-0.3319192756274183,Neutral,Normal,False,away,-0.14065467063783324,-0.2892158000000002,0.0282939999999997
Arsenal,2020,2021-04-18 12:30:00,2021-05-19 18:00:00,-0.1894604982647235,Neutral,Normal,False,home,-0.14065467063783324,-0.2254538000000002,-0.5839520000000002
Arsenal,2020,2021-04-23 19:00:00,2021-05-23 15:00:00,0.33356174806115985,Neutral,Normal,False,home,-0.14065467063783324,0.0086415999999997,-0.9765246000000004
Arsenal,2020,2021-05-02 13:00:00,2021-08-13 19:00:00,0.974936803736234,Weak Long,Normal,False,away,-0.14065467063783324,0.2957095999999998,-0.7292566000000003
Arsenal,2020,2021-05-09 18:00:00,2021-08-22 15:30:00,0.04069883553555689,Neutral,Normal,False,home,-0.14065467063783324,-0.1224386000000002,-0.2173208000000002
Arsenal,2020,2021-05-12 19:15:00,2021-08-28 11:30:00,0.3774696693346868,Neutral,Normal,True,away,-0.14065467063783324,0.0282939999999997,-0.1323684000000002
Arsenal,2020,2021-05-19 18:00:00,2021-09-11 14:00:00,-0.9904268302293239,Weak Short,Normal,False,away,-0.14065467063783324,-0.5839520000000002,0.4457615999999998
Arsenal,2020,2021-05-23 15:00:00,2021-09-18 14:00:00,-1.867523104218444,Strong Short,Normal,False,home,-0.14065467063783324,-0.9765246000000004,0.7110367999999998
Arsenal,2021,2021-08-13 19:00:00,2021-09-26 15:30:00,-1.3233413180439488,Weak Short,Normal,True,away,-0.13936977740098183,-0.7292566000000003,0.1952647999999998
Arsenal,2021,2021-08-22 15:30:00,2021-10-02 16:30:00,-0.1748738995974823,Neutral,Normal,False,home,-0.13936977740098183,-0.2173208000000002,0.1421069999999998
Arsenal,2021,2021-08-28 11:30:00,2021-10-18 19:00:00,0.015706762116020827,Neutral,Normal,False,away,-0.13936977740098183,-0.1323684000000002,0.0674659999999998
Arsenal,2021,2021-09-11 14:00:00,2021-10-22 19:00:00,1.312673039189153,Weak Long,Break,True,home,-0.13936977740098183,0.4457615999999998,-0.1698840000000001
Arsenal,2021,2021-09-18 14:00:00,2021-10-30 11:30:00,1.9077865751479006,Strong Long,Break,True,away,-0.13936977740098183,0.7110367999999998,-0.3691640000000001
Arsenal,2021,2021-09-26 15:30:00,2021-11-07 14:00:00,0.7507130957253422,Weak Long,Break,True,home,-0.13936977740098183,0.1952647999999998,0.0402539999999998
Arsenal,2021,2021-10-02 16:30:00,2021-11-20 17:30:00,0.6314598586274609,Weak Long,Break,True,away,-0.13936977740098183,0.1421069999999998,0.0209969999999998
Arsenal,2021,2021-10-18 19:00:00,2021-11-27 12:30:00,0.46401160324023705,Neutral,Break,False,home,-0.13936977740098183,0.0674659999999998,0.2412629999999999
Arsenal,2021,2021-10-22 19:00:00,2021-12-02 20:15:00,-0.06845504935227294,Neutral,Break,False,home,-0.13936977740098183,-0.1698840000000001,-0.0251410000000001
Arsenal,2021,2021-10-30 11:30:00,2021-12-06 20:00:00,-0.5155161596477668,Weak Short,Break,False,away,-0.13936977740098183,-0.3691640000000001,0.1657289999999998
Arsenal,2021,2021-11-07 14:00:00,2021-12-11 15:00:00,0.40296469972076204,Neutral,Break,True,home,-0.13936977740098183,0.0402539999999998,-0.1158290000000001
Arsenal,2021,2021-11-20 17:30:00,2021-12-15 20:00:00,0.35976389782915064,Neutral,Break,True,away,-0.13936977740098183,0.0209969999999998,-0.0064700000000001
Arsenal,2021,2021-11-27 12:30:00,2021-12-18 17:30:00,0.853904617019974,Weak Long,Break,True,home,-0.13936977740098183,0.2412629999999999,-0.2374400000000001
Arsenal,2021,2021-12-02 20:15:00,2021-12-26 15:00:00,0.2562587517692678,Neutral,Break,False,away,-0.13936977740098183,-0.0251410000000001,-0.4956380000000001
Arsenal,2021,2021-12-06 20:00:00,2022-01-01 12:30:00,0.6844530217517089,Weak Long,Break,False,away,-0.13936977740098183,0.1657289999999998,-0.5396942000000001
Arsenal,2021,2021-12-11 15:00:00,2022-01-23 14:00:00,0.05281094982989744,Neutral,Break,False,home,-0.13936977740098183,-0.1158290000000001,-0.0855382000000001
Arsenal,2021,2021-12-15 20:00:00,2022-02-10 19:45:00,0.298144931969625,Neutral,Break,True,home,-0.13936977740098183,-0.0064700000000001,-0.1580082000000002
Arsenal,2021,2021-12-18 17:30:00,2022-02-19 15:00:00,-0.22000894521298336,Neutral,Normal,True,away,-0.13936977740098183,-0.2374400000000001,-0.1915302000000002
Arsenal,2021,2021-12-26 15:00:00,2022-02-24 19:45:00,-0.7992456200226777,Weak Short,Normal,False,away,-0.13936977740098183,-0.4956380000000001,0.3353137999999998
Arsenal,2021,2022-01-01 12:30:00,2022-03-06 14:00:00,-0.8980804940060195,Weak Short,Normal,True,home,-0.13936977740098183,-0.5396942000000001,-0.0311620000000002
Arsenal,2021,2022-01-23 14:00:00,2022-03-13 16:30:00,0.12076477700642664,Neutral,Normal,True,home,-0.13936977740098183,-0.0855382000000001,-0.1148460000000002
Arsenal,2021,2022-02-10 19:45:00,2022-03-16 20:15:00,-0.04181309665432446,Neutral,Normal,False,away,-0.13936977740098183,-0.1580082000000002,-0.0984870000000002
Arsenal,2021,2022-02-19 15:00:00,2022-03-19 12:30:00,-0.11701573886290303,Neutral,Normal,False,home,-0.13936977740098183,-0.1915302000000002,0.0260629999999997
Arsenal,2021,2022-02-24 19:45:00,2022-04-04 19:00:00,1.0648964630264943,Weak Long,Break,True,home,-0.13936977740098183,0.3353137999999998,0.1345389999999998
Arsenal,2021,2022-03-06 14:00:00,2022-04-09 14:00:00,0.24275135039888843,Neutral,Break,False,away,-0.13936977740098183,-0.0311620000000002,0.8039309999999997
Arsenal,2021,2022-03-13 16:30:00,2022-04-16 14:00:00,0.05501619406625043,Neutral,Break,False,home,-0.13936977740098183,-0.1148460000000002,0.8866049999999998
Arsenal,2021,2022-03-16 20:15:00,2022-04-20 18:45:00,0.09171567571681237,Neutral,Break,False,home,-0.13936977740098183,-0.0984870000000002,0.3544139999999998
Arsenal,2021,2022-03-19 12:30:00,2022-04-23 11:30:00,0.3711288696514957,Neutral,Break,False,away,-0.13936977740098183,0.0260629999999997,0.2337159999999997
Arsenal,2021,2022-04-04 19:00:00,2022-05-01 15:30:00,0.6144819457274392,Weak Long,Break,True,away,-0.13936977740098183,0.1345389999999998,-0.1837692000000002
Arsenal,2021,2022-04-09 14:00:00,2022-05-08 13:00:00,2.116183725850488,Strong Long,Break,True,home,-0.13936977740098183,0.8039309999999997,-0.3095352000000002
Arsenal,2021,2022-04-16 14:00:00,2022-05-12 18:45:00,2.301653066640179,Strong Long,Break,True,away,-0.13936977740098183,0.8866049999999998,-0.5020500000000001
Arsenal,2021,2022-04-20 18:45:00,2022-05-16 19:00:00,1.1077455026635175,Weak Long,Break,True,away,-0.13936977740098183,0.3544139999999998,0.0217787999999998
Arsenal,2021,2022-04-23 11:30:00,2022-05-22 15:00:00,0.8369738151361914,Weak Long,Break,True,home,-0.13936977740098183,0.2337159999999997,-0.0153732
Arsenal,2021,2022-05-01 15:30:00,2022-08-05 19:00:00,-0.09960485328982328,Neutral,Normal,False,away,-0.13936977740098183,-0.1837692000000002,0.0789159999999999
Arsenal,2021,2022-05-08 13:00:00,2022-08-13 14:00:00,-0.38174599940294585,Neutral,Normal,True,home,-0.13936977740098183,-0.3095352000000002,-0.2634840000000001
Arsenal,2021,2022-05-12 18:45:00,2022-08-20 16:30:00,-0.8136301836478017,Weak Short,Normal,False,away,-0.13936977740098183,-0.5020500000000001,-0.5988112000000001
Arsenal,2021,2022-05-16 19:00:00,2022-08-27 16:30:00,0.36151777366229504,Neutral,Normal,False,away,-0.13936977740098183,0.0217787999999998,-0.6024480000000001
Arsenal,2021,2022-05-22 15:00:00,2022-08-31 18:30:00,0.2781716557894624,Neutral,Normal,False,home,-0.13936977740098183,-0.0153732,-0.3137000000000001
Arsenal,2022,2022-08-05 19:00:00,2022-09-04 15:30:00,0.4182890163914277,Neutral,Normal,True,away,-0.09862023203230345,0.0789159999999999,-0.1164260000000001
Arsenal,2022,2022-08-13 14:00:00,2022-09-18 11:00:00,-0.38843171645799457,Neutral,Normal,True,home,-0.09862023203230345,-0.2634840000000001,-0.2545240000000001
Arsenal,2022,2022-08-20 16:30:00,2022-10-01 11:30:00,-1.1784883885618054,Weak Short,Normal,True,away,-0.09862023203230345,-0.5988112000000001,-0.09988
Arsenal,2022,2022-08-27 16:30:00,2022-10-09 15:30:00,-1.1870569690560424,Weak Short,Normal,True,home,-0.09862023203230345,-0.6024480000000001,-0.2307980000000001
Arsenal,2022,2022-08-31 18:30:00,2022-10-16 13:00:00,-0.5067444744041586,Weak Short,Normal,False,home,-0.09862023203230345,-0.3137000000000001,-0.4263886000000001
Arsenal,2022,2022-09-04 15:30:00,2022-10-23 13:00:00,-0.04195175871450644,Neutral,Normal,False,away,-0.09862023203230345,-0.1164260000000001,-0.3950706000000001
Arsenal,2022,2022-09-18 11:00:00,2022-10-30 14:00:00,-0.3673212673740844,Neutral,Normal,False,away,-0.09862023203230345,-0.2545240000000001,-0.4577146000000001
Arsenal,2022,2022-10-01 11:30:00,2022-11-06 12:00:00,-0.0029681102164730794,Neutral,Normal,False,home,-0.09862023203230345,-0.09988,-0.0788286000000001
Arsenal,2022,2022-10-09 15:30:00,2022-11-12 19:45:00,-0.311420986686043,Neutral,Normal,True,home,-0.09862023203230345,-0.2307980000000001,0.0132273999999998
Arsenal,2022,2022-10-16 13:00:00,2022-12-26 20:00:00,-0.7722474825109794,Weak Short,Normal,True,away,-0.09862023203230345,-0.4263886000000001,-0.1734680000000001
Arsenal,2022,2022-10-23 13:00:00,2022-12-31 17:30:00,-0.6984598659473747,Weak Short,Normal,False,away,-0.09862023203230345,-0.3950706000000001,-0.4450500000000001
Arsenal,2022,2022-10-30 14:00:00,2023-01-03 19:45:00,-0.8460539476898373,Weak Short,Normal,True,home,-0.09862023203230345,-0.4577146000000001,0.1476793999999998
Arsenal,2022,2022-11-06 12:00:00,2023-01-15 16:30:00,0.0466306071769447,Neutral,Normal,False,away,-0.09862023203230345,-0.0788286000000001,-0.1195486000000001
Arsenal,2022,2022-11-12 19:45:00,2023-01-22 16:30:00,0.26352162289886744,Neutral,Normal,True,away,-0.09862023203230345,0.0132273999999998,-0.1949946000000001
Arsenal,2022,2022-12-26 20:00:00,2023-02-04 12:30:00,-0.17634709762571188,Neutral,Normal,False,home,-0.09862023203230345,-0.1734680000000001,0.1653697999999998
Arsenal,2022,2022-12-31 17:30:00,2023-02-11 15:00:00,-0.8162151760974169,Weak Short,Normal,False,away,-0.09862023203230345,-0.4450500000000001,0.3946337999999998
Arsenal,2022,2023-01-03 19:45:00,2023-02-15 18:30:00,0.5803008751566668,Weak Long,Break,False,home,-0.09862023203230345,0.1476793999999998,0.3407843999999999
Arsenal,2022,2023-01-15 16:30:00,2023-02-18 12:30:00,-0.04930884446332539,Neutral,Break,False,away,-0.09862023203230345,-0.1195486000000001,0.1042823999999998
Arsenal,2022,2023-01-22 16:30:00,2023-02-25 15:00:00,-0.2270654227651873,Neutral,Break,False,home,-0.09862023203230345,-0.1949946000000001,0.0681481999999998
Arsenal,2022,2023-02-04 12:30:00,2023-03-01 20:00:00,0.6219808180667119,Weak Long,Break,True,away,-0.09862023203230345,0.1653697999999998,-0.2560342000000002
Arsenal,2022,2023-02-11 15:00:00,2023-03-04 15:00:00,1.162144434001262,Weak Long,Break,True,home,-0.09862023203230345,0.3946337999999998,-0.4369522000000002
Arsenal,2022,2023-02-15 18:30:00,2023-03-12 14:00:00,1.0352711062223436,Weak Long,Break,False,home,-0.09862023203230345,0.3407843999999999,-0.6485202000000003
Arsenal,2022,2023-02-18 12:30:00,2023-03-19 14:00:00,0.47805420563719725,Neutral,Break,False,away,-0.09862023203230345,0.1042823999999998,-0.9133462
Arsenal,2022,2023-02-25 15:00:00,2023-04-01 14:00:00,0.39291925147560963,Neutral,Break,False,away,-0.09862023203230345,0.0681481999999998,-0.9986620000000002
Arsenal,2022,2023-03-01 20:00:00,2023-04-09 15:30:00,-0.3708794147185625,Neutral,Normal,False,home,-0.09862023203230345,-0.2560342000000002,-0.905238
Arsenal,2022,2023-03-04 15:00:00,2023-04-16 13:00:00,-0.797136136522452,Weak Short,Normal,False,home,-0.09862023203230345,-0.4369522000000002,-0.6542320000000001
Arsenal,2022,2023-03-12 14:00:00,2023-04-21 19:00:00,-1.29560661551628,Weak Short,Normal,False,away,-0.09862023203230345,-0.6485202000000003,-0.7037240000000002
Arsenal,2022,2023-03-19 14:00:00,2023-04-26 19:00:00,-1.919557038406411,Strong Short,Normal,True,home,-0.09862023203230345,-0.9133462,-0.3311856000000002
Arsenal,2022,2023-04-01 14:00:00,2023-05-02 19:00:00,-2.1205676245618865,Strong Short,Normal,True,home,-0.09862023203230345,-0.9986620000000002,-0.2336416000000002
Arsenal,2022,2023-04-09 15:30:00,2023-05-07 15:30:00,-1.9004534956316164,Strong Short,Normal,True,away,-0.09862023203230345,-0.905238,-0.2827816000000002
Arsenal,2022,2023-04-16 13:00:00,2023-05-14 15:30:00,-1.3090640555918909,Weak Short,Normal,True,away,-0.09862023203230345,-0.6542320000000001,-0.2346154000000003
Arsenal,2022,2023-04-21 19:00:00,2023-05-20 16:30:00,-1.4256710138576143,Weak Short,Normal,True,home,-0.09862023203230345,-0.7037240000000002,-0.0157934000000002
Arsenal,2022,2023-04-26 19:00:00,2023-05-28 15:30:00,-0.5479418927637145,Weak Short,Normal,True,away,-0.09862023203230345,-0.3311856000000002,-0.2905358000000003
Arsenal,2022,2023-05-02 19:00:00,2023-08-12 11:30:00,-0.31812072697789673,Neutral,Normal,False,home,-0.09862023203230345,-0.2336416000000002,-0.4786518000000003
Arsenal,2022,2023-05-07 15:30:00,2023-08-21 19:00:00,-0.4338983461724662,Neutral,Normal,True,away,-0.09862023203230345,-0.2827816000000002,-0.0955878000000002
Arsenal,2022,2023-05-14 15:30:00,2023-08-26 14:00:00,-0.32041507466962815,Neutral,Normal,True,home,-0.09862023203230345,-0.2346154000000003,-0.0411420000000002
Arsenal,2022,2023-05-20 16:30:00,2023-09-03 15:30:00,0.19514638620530284,Neutral,Normal,False,away,-0.09862023203230345,-0.0157934000000002,-0.3572360000000003
Arsenal,2022,2023-05-28 15:30:00,2023-09-17 15:30:00,-0.4521678377222941,Neutral,Normal,True,home,-0.09862023203230345,-0.2905358000000003,-0.0016470000000002
Arsenal,2023,2023-08-12 11:30:00,2023-09-24 13:00:00,-0.8517652765102822,Weak Short,Normal,False,home,-0.12441027160574059,-0.4786518000000003,0.2984089999999997
Arsenal,2023,2023-08-21 19:00:00,2023-09-30 14:00:00,0.06930294313107713,Neutral,Normal,False,away,-0.12441027160574059,-0.0955878000000002,0.0720629999999998
Arsenal,2023,2023-08-26 14:00:00,2023-10-08 15:30:00,0.2002165661103952,Neutral,Normal,False,home,-0.12441027160574059,-0.0411420000000002,-0.2968014000000002
Arsenal,2023,2023-09-03 15:30:00,2023-10-21 16:30:00,-0.5598238914092774,Weak Short,Normal,True,home,-0.12441027160574059,-0.3572360000000003,-0.2671654000000002
Arsenal,2023,2023-09-17 15:30:00,2023-10-28 14:00:00,0.29518134832625337,Neutral,Normal,False,away,-0.12441027160574059,-0.0016470000000002,-0.6206944000000002
Arsenal,2023,2023-09-24 13:00:00,2023-11-04 17:30:00,1.016658818703808,Weak Long,Normal,False,home,-0.12441027160574059,0.2984089999999997,-0.5821798000000002
Arsenal,2023,2023-09-30 14:00:00,2023-11-11 15:00:00,0.472415279130935,Neutral,Normal,False,away,-0.12441027160574059,0.0720629999999998,-0.6706318000000003
Arsenal,2023,2023-10-08 15:30:00,2023-11-25 17:30:00,-0.41451034216753774,Neutral,Normal,False,home,-0.12441027160574059,-0.2968014000000002,-0.3825454000000003
Arsenal,2023,2023-10-21 16:30:00,2023-12-02 15:00:00,-0.34325128948367467,Neutral,Normal,False,away,-0.12441027160574059,-0.2671654000000002,0.0666085999999996
Arsenal,2023,2023-10-28 14:00:00,2023-12-05 20:15:00,-1.1933033085238092,Weak Short,Normal,True,home,-0.12441027160574059,-0.6206944000000002,0.1772465999999997
Arsenal,2023,2023-11-04 17:30:00,2023-12-09 17:30:00,-1.100695874642789,Weak Short,Normal,False,away,-0.12441027160574059,-0.5821798000000002,0.4134859999999997
Arsenal,2023,2023-11-11 15:00:00,2023-12-17 14:00:00,-1.3133765916084073,Weak Short,Normal,False,home,-0.12441027160574059,-0.6706318000000003,0.6410499999999997
Arsenal,2023,2023-11-25 17:30:00,2023-12-23 17:30:00,-0.6206797379471694,Weak Short,Normal,False,away,-0.12441027160574059,-0.3825454000000003,0.4459881999999998
Arsenal,2023,2023-12-02 15:00:00,2023-12-28 20:15:00,0.4593003048780373,Neutral,Break,False,home,-0.12441027160574059,0.0666085999999996,0.7429321999999998
Arsenal,2023,2023-12-05 20:15:00,2023-12-31 14:00:00,0.7253267278378581,Weak Long,Break,False,away,-0.12441027160574059,0.1772465999999997,1.1571222
Arsenal,2023,2023-12-09 17:30:00,2024-01-20 12:30:00,1.2933587109193871,Weak Long,Break,False,away,-0.12441027160574059,0.4134859999999997,0.5181221999999999
Arsenal,2023,2023-12-17 14:00:00,2024-01-30 19:30:00,1.840530902340315,Strong Long,Break,True,home,-0.12441027160574059,0.6410499999999997,0.2424561999999997
Arsenal,2023,2023-12-23 17:30:00,2024-02-04 16:30:00,1.3715094729028352,Weak Long,Break,True,away,-0.12441027160574059,0.4459881999999998,0.2426399999999996
Arsenal,2023,2023-12-28 20:15:00,2024-02-11 14:00:00,2.08550421376385,Strong Long,Break,True,home,-0.12441027160574059,0.7429321999999998,-0.7152540000000004
Arsenal,2023,2023-12-31 14:00:00,2024-02-17 15:00:00,3.0814141554270047,Strong Long,Break,True,away,-0.12441027160574059,1.1571222,-1.4059240000000002
Arsenal,2023,2024-01-20 12:30:00,2024-02-24 20:00:00,1.5449539494279325,Strong Long,Break,False,home,-0.12441027160574059,0.5181221999999999,-1.3915860000000002
Arsenal,2023,2024-01-30 19:30:00,2024-03-04 20:00:00,0.8821216502934404,Weak Long,Break,False,away,-0.12441027160574059,0.2424561999999997,-1.9752840000000005
Arsenal,2023,2024-02-04 16:30:00,2024-03-09 17:30:00,0.8825635929943207,Weak Long,Break,False,home,-0.12441027160574059,0.2426399999999996,-2.0270660000000005
Arsenal,2023,2024-02-11 14:00:00,2024-03-31 16:30:00,-1.4206696035084572,Weak Short,Normal,False,away,-0.12441027160574059,-0.7152540000000004,-1.5245716000000002
Arsenal,2023,2024-02-17 15:00:00,2024-04-03 18:30:00,-3.0813690878236035,Strong Short,Normal,True,away,-0.12441027160574059,-1.4059240000000002,-1.1369536000000005
Arsenal,2023,2024-02-24 20:00:00,2024-04-06 16:30:00,-3.0468937099932205,Strong Short,Normal,True,home,-0.12441027160574059,-1.3915860000000002,-0.6225896000000004
Arsenal,2023,2024-03-04 20:00:00,2024-04-14 15:30:00,-4.450381580605501,Strong Short,Normal,True,away,-0.12441027160574059,-1.9752840000000005,0.4608283999999997
Arsenal,2023,2024-03-09 17:30:00,2024-04-20 18:30:00,-4.574890160240937,Strong Short,Normal,True,home,-0.12441027160574059,-2.0270660000000005,0.4744483999999997
Arsenal,2023,2024-03-31 16:30:00,2024-04-23 19:00:00,-3.3666544022794653,Strong Short,Normal,True,away,-0.12441027160574059,-1.5245716000000002,0.0638839999999997
Arsenal,2023,2024-04-03 18:30:00,2024-04-28 13:00:00,-2.4346361986347893,Strong Short,Normal,True,home,-0.12441027160574059,-1.1369536000000005,-0.0619460000000002
Arsenal,2023,2024-04-06 16:30:00,2024-05-04 11:30:00,-1.197860271563574,Weak Short,Normal,True,away,-0.12441027160574059,-0.6225896000000004,-0.1122380000000002
Arsenal,2023,2024-04-14 15:30:00,2024-05-12 15:30:00,1.4071923786134255,Weak Long,Break,True,home,-0.12441027160574059,0.4608283999999997,-0.3440360000000003
Arsenal,2023,2024-04-20 18:30:00,2024-05-19 15:00:00,1.439941342628617,Weak Long,Break,True,away,-0.12441027160574059,0.4744483999999997,-0.0340540000000003
Arsenal,2023,2024-04-23 19:00:00,2024-08-17 14:00:00,0.4527490693893599,Neutral,Break,False,home,-0.12441027160574059,0.0638839999999997,0.1998899999999996
Arsenal,2023,2024-04-28 13:00:00,2024-08-24 16:30:00,0.15019384603902636,Neutral,Break,False,away,-0.12441027160574059,-0.0619460000000002,0.3797499999999997
Arsenal,2023,2024-05-04 11:30:00,2024-08-31 11:30:00,0.029267935741521953,Neutral,Break,False,home,-0.12441027160574059,-0.1122380000000002,0.4806019999999996
Arsenal,2023,2024-05-12 15:30:00,2024-09-15 13:00:00,-0.5280848073416909,Weak Short,Break,False,away,-0.12441027160574059,-0.3440360000000003,0.3585739999999996
Arsenal,2023,2024-05-19 15:00:00,2024-09-22 15:30:00,0.2172594924642626,Neutral,Break,False,home,-0.12441027160574059,-0.0340540000000003,-0.0269440000000003
Arsenal,2024,2024-08-17 14:00:00,2024-09-28 14:00:00,0.7341371451102844,Weak Long,Break,False,home,-0.13535520593869182,0.1998899999999996,0.4580059999999996
Arsenal,2024,2024-08-24 16:30:00,2024-10-05 14:00:00,1.1280037972815409,Weak Long,Break,False,away,-0.13535520593869182,0.3797499999999997,0.6255379999999996
Arsenal,2024,2024-08-31 11:30:00,2024-10-19 16:30:00,1.348854679105045,Weak Long,Break,False,home,-0.13535520593869182,0.4806019999999996,0.4900935999999996
Arsenal,2024,2024-09-15 13:00:00,2024-10-27 16:30:00,1.0816315064643576,Weak Long,Break,True,away,-0.13535520593869182,0.3585739999999996,0.2835735999999996
Arsenal,2024,2024-09-22 15:30:00,2024-11-02 12:30:00,0.23740441866407785,Neutral,Break,False,away,-0.13535520593869182,-0.0269440000000003,0.6090125999999996
Arsenal,2024,2024-09-28 14:00:00,2024-11-10 16:30:00,1.2993727994627584,Weak Long,Break,True,home,-0.13535520593869182,0.4580059999999996,0.3905025999999996
Arsenal,2024,2024-10-05 14:00:00,2024-11-23 15:00:00,1.6662429649890282,Strong Long,Break,True,home,-0.13535520593869182,0.6255379999999996,0.0722045999999996
Arsenal,2024,2024-10-19 16:30:00,2024-11-30 17:30:00,1.3696398715644507,Weak Long,Break,True,away,-0.13535520593869182,0.4900935999999996,-0.2760770000000003
Arsenal,2024,2024-10-27 16:30:00,2024-12-04 20:15:00,0.9173917841275118,Weak Long,Break,True,home,-0.13535520593869182,0.2835735999999996,0.0996309999999996
Arsenal,2024,2024-11-02 12:30:00,2024-12-08 14:00:00,1.6300547965591887,Strong Long,Break,True,away,-0.13535520593869182,0.6090125999999996,0.2040299999999996
Arsenal,2024,2024-11-10 16:30:00,2024-12-14 15:00:00,1.1515503922116896,Weak Long,Break,True,away,-0.13535520593869182,0.3905025999999996,0.2736599999999997
Arsenal,2024,2024-11-23 15:00:00,2024-12-21 17:30:00,0.45452510780822875,Neutral,Break,False,home,-0.13535520593869182,0.0722045999999996,0.1524959999999996
Arsenal,2024,2024-11-30 17:30:00,2024-12-27 20:15:00,-0.3081598015926862,Neutral,Break,False,away,-0.13535520593869182,-0.2760770000000003,0.5855499999999996
Arsenal,2024,2024-12-04 20:15:00,2025-01-01 17:30:00,0.5145848450989534,Weak Long,Break,False,home,-0.13535520593869182,0.0996309999999996,0.1918779999999996
Arsenal,2024,2024-12-08 14:00:00,2025-01-04 17:30:00,0.7432031294313618,Weak Long,Break,True,away,-0.13535520593869182,0.2040299999999996,0.0675019999999996
Arsenal,2024,2024-12-14 15:00:00,2025-01-15 20:00:00,0.8956824744257164,Weak Long,Break,True,home,-0.13535520593869182,0.2736599999999997,-0.1432260000000003
Arsenal,2024,2024-12-21 17:30:00,2025-01-18 17:30:00,0.6303513332955144,Weak Long,Break,False,away,-0.13535520593869182,0.1524959999999996,0.1748219999999996
Arsenal,2024,2024-12-27 20:15:00,2025-01-25 15:00:00,1.5786751917930746,Strong Long,Break,True,home,-0.13535520593869182,0.5855499999999996,-0.0806304000000004
Arsenal,2024,2025-01-01 17:30:00,2025-02-02 16:30:00,0.7165920566125855,Weak Long,Break,False,away,-0.13535520593869182,0.1918779999999996,-0.5739224000000004
Arsenal,2024,2025-01-04 17:30:00,2025-02-15 12:30:00,0.4442271131540502,Neutral,Break,False,away,-0.13535520593869182,0.0675019999999996,-0.7862064000000004
Arsenal,2024,2025-01-15 20:00:00,2025-02-22 15:00:00,-0.01723586849136536,Neutral,Break,False,home,-0.13535520593869182,-0.1432260000000003,-0.5626804000000004
Arsenal,2024,2025-01-18 17:30:00,2025-02-26 19:30:00,0.6792419530907744,Weak Long,Break,True,home,-0.13535520593869182,0.1748219999999996,-0.2280644000000003
Arsenal,2024,2025-01-25 15:00:00,2025-03-09 16:30:00,0.11983918662178403,Neutral,Break,False,away,-0.13535520593869182,-0.0806304000000004,-0.0395440000000002
Arsenal,2024,2025-02-02 16:30:00,2025-03-16 13:30:00,-0.9603969335987393,Weak Short,Normal,False,home,-0.13535520593869182,-0.5739224000000004,0.5931969999999998
Arsenal,2024,2025-02-15 12:30:00,2025-04-01 19:45:00,-1.4252673238440579,Weak Short,Normal,False,away,-0.13535520593869182,-0.7862064000000004,0.7035749999999997
Arsenal,2024,2025-02-22 15:00:00,2025-04-05 11:30:00,-0.9357786254495719,Weak Short,Normal,False,home,-0.13535520593869182,-0.5626804000000004,0.5096669999999998
Arsenal,2024,2025-02-26 19:30:00,2025-04-12 16:30:00,-0.20301934777283934,Neutral,Normal,False,away,-0.13535520593869182,-0.2280644000000003,0.1996087999999997
Arsenal,2024,2025-03-09 16:30:00,2025-04-20 13:00:00,0.20981229246949437,Neutral,Break,True,away,-0.13535520593869182,-0.0395440000000002,-0.2036592000000003
Arsenal,2024,2025-03-16 13:30:00,2025-04-23 19:00:00,1.595420984571645,Strong Long,Break,True,home,-0.13535520593869182,0.5931969999999998,-0.1585062000000003
Arsenal,2024,2025-04-01 19:45:00,2025-05-03 16:30:00,1.837132389738769,Strong Long,Break,True,home,-0.13535520593869182,0.7035749999999997,-0.0079162000000003
Arsenal,2024,2025-04-05 11:30:00,2025-05-11 15:30:00,1.4125027067118374,Weak Long,Break,True,away,-0.13535520593869182,0.5096669999999998,-0.0509462000000004
Arsenal,2024,2025-04-12 16:30:00,2025-05-18 15:30:00,0.7335213589288625,Weak Long,Break,True,home,-0.13535520593869182,0.1996087999999997,0.0274959999999995
Arsenal,2024,2025-04-20 13:00:00,2025-05-25 15:00:00,-0.1495755891852159,Neutral,Break,False,away,-0.13535520593869182,-0.2036592000000003,0.3461939999999995
Aston Villa,2020,2020-09-21 17:00:00,2020-11-01 12:00:00,-0.5759652632230899,Weak Short,Normal,False,home,0.05785318019247868,-0.0838291999999999,-0.8135888
Aston Villa,2020,2020-09-28 17:00:00,2020-11-08 19:15:00,-1.1170252917869656,Weak Short,Normal,False,away,0.05785318019247868,-0.2169251999999999,-0.8229268
Aston Villa,2020,2020-10-04 18:15:00,2020-11-21 15:00:00,-4.730122175143995,Strong Short,Normal,True,home,0.05785318019247868,-1.1057152,0.1148492
Aston Villa,2020,2020-10-18 18:15:00,2020-11-30 20:00:00,-4.486458163722947,Strong Short,Normal,True,away,0.05785318019247868,-1.045776,0.418196
Aston Villa,2020,2020-10-23 19:00:00,2020-12-12 12:30:00,-3.2525473043280178,Strong Short,Normal,True,home,0.05785318019247868,-0.7422448,0.17169
Aston Villa,2020,2020-11-01 12:00:00,2020-12-17 18:00:00,-3.542573951844556,Strong Short,Normal,True,home,0.05785318019247868,-0.8135888,0.6442640000000001
Aston Villa,2020,2020-11-08 19:15:00,2020-12-20 19:15:00,-3.5805346610073365,Strong Short,Normal,True,away,0.05785318019247868,-0.8229268,0.771086
Aston Villa,2020,2020-11-21 15:00:00,2020-12-26 15:00:00,0.2316994357838306,Neutral,Normal,False,home,0.05785318019247868,0.1148492,0.934486
Aston Villa,2020,2020-11-30 20:00:00,2020-12-28 17:30:00,1.4648606748350441,Weak Long,Normal,False,away,0.05785318019247868,0.418196,0.6025558
Aston Villa,2020,2020-12-12 12:30:00,2021-01-01 20:00:00,0.4627678741410582,Neutral,Normal,False,away,0.05785318019247868,0.17169,0.6616798
Aston Villa,2020,2020-12-17 18:00:00,2021-01-20 20:00:00,2.3838691990384637,Strong Long,Normal,True,home,0.05785318019247868,0.6442640000000001,0.4197494
Aston Villa,2020,2020-12-20 19:15:00,2021-01-23 20:00:00,2.899424249096526,Strong Long,Normal,True,away,0.05785318019247868,0.771086,0.6163413999999999
Aston Villa,2020,2020-12-26 15:00:00,2021-01-27 18:00:00,3.5636756816515036,Strong Long,Normal,True,home,0.05785318019247868,0.934486,0.4413494
Aston Villa,2020,2020-12-28 17:30:00,2021-01-30 20:00:00,2.2143175980636194,Strong Long,Normal,True,away,0.05785318019247868,0.6025558,0.4542792
Aston Villa,2020,2021-01-01 20:00:00,2021-02-03 20:15:00,2.4546676696571357,Strong Long,Normal,True,away,0.05785318019247868,0.6616798,0.289642
Aston Villa,2020,2021-01-20 20:00:00,2021-02-06 12:30:00,1.4711755351491866,Weak Long,Normal,True,away,0.05785318019247868,0.4197494,0.2088724
Aston Villa,2020,2021-01-23 20:00:00,2021-02-13 20:00:00,2.270358629572982,Strong Long,Normal,True,home,0.05785318019247868,0.6163413999999999,0.1171596000000001
Aston Villa,2020,2021-01-27 18:00:00,2021-02-21 14:00:00,1.558983558057311,Strong Long,Normal,True,away,0.05785318019247868,0.4413494,0.1174036
Aston Villa,2020,2021-01-30 20:00:00,2021-02-27 17:30:00,1.6115456031775641,Strong Long,Normal,True,away,0.05785318019247868,0.4542792,0.133553
Aston Villa,2020,2021-02-03 20:15:00,2021-03-03 18:00:00,0.9422647221993491,Weak Long,Normal,False,home,0.05785318019247868,0.289642,0.4736742
Aston Villa,2020,2021-02-06 12:30:00,2021-03-06 17:30:00,0.6139212552049027,Weak Long,Normal,False,home,0.05785318019247868,0.2088724,0.6253686
Aston Villa,2020,2021-02-13 20:00:00,2021-03-12 20:00:00,0.2410916420860037,Neutral,Normal,False,away,0.05785318019247868,0.1171596000000001,0.5462944000000001
Aston Villa,2020,2021-02-21 14:00:00,2021-03-21 19:30:00,0.24208354752996544,Neutral,Normal,False,home,0.05785318019247868,0.1174036,0.4925506
Aston Villa,2020,2021-02-27 17:30:00,2021-04-04 15:30:00,0.307733866287024,Neutral,Normal,False,away,0.05785318019247868,0.133553,0.2217576
Aston Villa,2020,2021-03-03 18:00:00,2021-04-10 14:00:00,1.6903898904138175,Strong Long,Normal,True,away,0.05785318019247868,0.4736742,-0.1144701999999999
Aston Villa,2020,2021-03-06 17:30:00,2021-04-21 19:15:00,2.3070558788505853,Strong Long,Normal,True,home,0.05785318019247868,0.6253686,-0.345402
Aston Villa,2020,2021-03-12 20:00:00,2021-04-25 18:00:00,1.9856045286171775,Strong Long,Normal,True,away,0.05785318019247868,0.5462944000000001,-0.1643469999999999
Aston Villa,2020,2021-03-21 19:30:00,2021-05-01 19:00:00,1.7671259720630266,Strong Long,Normal,True,home,0.05785318019247868,0.4925506,-0.3346612
Aston Villa,2020,2021-04-04 15:30:00,2021-05-09 13:05:00,0.6663019930185955,Weak Long,Normal,False,home,0.05785318019247868,0.2217576,-0.1260248
Aston Villa,2020,2021-04-10 14:00:00,2021-05-13 21:00:00,-0.7005266349790084,Weak Short,Normal,True,away,0.05785318019247868,-0.1144701999999999,0.0336462
Aston Villa,2020,2021-04-21 19:15:00,2021-05-16 11:00:00,-1.6393074120444897,Strong Short,Normal,True,home,0.05785318019247868,-0.345402,-0.0806403999999999
Aston Villa,2020,2021-04-25 18:00:00,2021-05-19 17:00:00,-0.9032851163208573,Weak Short,Normal,False,home,0.05785318019247868,-0.1643469999999999,-0.2840903999999999
Aston Villa,2020,2021-05-01 19:00:00,2021-05-23 15:00:00,-1.5956440596161758,Strong Short,Normal,False,away,0.05785318019247868,-0.3346612,-0.4056298
Aston Villa,2020,2021-05-09 13:05:00,2021-08-14 14:00:00,-0.7474982359741111,Weak Short,Normal,False,home,0.05785318019247868,-0.1260248,-0.4912881999999999
Aston Villa,2020,2021-05-13 21:00:00,2021-08-21 14:00:00,-0.09840588292952224,Neutral,Normal,False,home,0.05785318019247868,0.0336462,-0.7662314
Aston Villa,2020,2021-05-16 11:00:00,2021-08-28 14:00:00,-0.5630021973226536,Weak Short,Normal,False,away,0.05785318019247868,-0.0806403999999999,-0.7259985999999999
Aston Villa,2020,2021-05-19 17:00:00,2021-09-11 16:30:00,-1.3900643390197784,Weak Short,Normal,False,away,0.05785318019247868,-0.2840903999999999,-0.4186385999999998
Aston Villa,2020,2021-05-23 15:00:00,2021-09-18 16:30:00,-1.8841446362160608,Strong Short,Normal,False,home,0.05785318019247868,-0.4056298,-0.659178
Aston Villa,2021,2021-08-14 14:00:00,2021-09-25 11:30:00,-1.5255675714613006,Strong Short,Normal,True,away,0.04775772020902635,-0.4912881999999999,-0.372116
Aston Villa,2021,2021-08-21 14:00:00,2021-10-03 13:00:00,-2.303691316004531,Strong Short,Normal,True,home,0.04775772020902635,-0.7662314,-0.194178
Aston Villa,2021,2021-08-28 14:00:00,2021-10-16 14:00:00,-2.1898274452506485,Strong Short,Normal,True,home,0.04775772020902635,-0.7259985999999999,-0.2379188
Aston Villa,2021,2021-09-11 16:30:00,2021-10-22 19:00:00,-1.3199600903831439,Weak Short,Normal,True,away,0.04775772020902635,-0.4186385999999998,-0.3904408
Aston Villa,2021,2021-09-18 16:30:00,2021-10-31 16:30:00,-2.0007167653552185,Strong Short,Normal,True,home,0.04775772020902635,-0.659178,-0.0084738
Aston Villa,2021,2021-09-25 11:30:00,2021-11-05 20:00:00,-1.18829529664434,Weak Short,Normal,True,away,0.04775772020902635,-0.372116,-0.0157564
Aston Villa,2021,2021-10-03 13:00:00,2021-11-20 15:00:00,-0.6847084363163403,Weak Short,Normal,False,away,0.04775772020902635,-0.194178,-0.2166544
Aston Villa,2021,2021-10-16 14:00:00,2021-11-27 15:00:00,-0.8085003871095097,Weak Short,Normal,False,home,0.04775772020902635,-0.2379188,-0.3683454
Aston Villa,2021,2021-10-22 19:00:00,2021-12-01 20:15:00,-1.2401567792851391,Weak Short,Normal,False,away,0.04775772020902635,-0.3904408,-0.4961048
Aston Villa,2021,2021-10-31 16:30:00,2021-12-05 16:30:00,-0.1591422558055842,Neutral,Normal,False,home,0.04775772020902635,-0.0084738,-0.463979
Aston Villa,2021,2021-11-05 20:00:00,2021-12-11 15:00:00,-0.17975292732614018,Neutral,Normal,False,away,0.04775772020902635,-0.0157564,-0.5430798
Aston Villa,2021,2021-11-20 15:00:00,2021-12-14 19:45:00,-0.7483194677288336,Weak Short,Normal,False,home,0.04775772020902635,-0.2166544,-0.3644498
Aston Villa,2021,2021-11-27 15:00:00,2021-12-26 17:30:00,-1.177624025664826,Weak Short,Normal,True,away,0.04775772020902635,-0.3683454,-0.160505
Aston Villa,2021,2021-12-01 20:15:00,2022-01-02 14:00:00,-1.5391991536497929,Strong Short,Normal,True,home,0.04775772020902635,-0.4961048,-0.0872796
Aston Villa,2021,2021-12-05 16:30:00,2022-01-15 17:30:00,-1.4482791098282073,Weak Short,Normal,True,home,0.04775772020902635,-0.463979,-0.0913476
Aston Villa,2021,2021-12-11 15:00:00,2022-01-22 12:30:00,-1.6721442961371076,Strong Short,Normal,True,away,0.04775772020902635,-0.5430798,-0.1474132
Aston Villa,2021,2021-12-14 19:45:00,2022-02-09 20:00:00,-1.1665989890054629,Weak Short,Normal,False,away,0.04775772020902635,-0.3644498,-0.4396752
Aston Villa,2021,2021-12-26 17:30:00,2022-02-13 14:00:00,-0.589409622415854,Weak Short,Normal,False,home,0.04775772020902635,-0.160505,-0.2434398
Aston Villa,2021,2022-01-02 14:00:00,2022-02-19 15:00:00,-0.3821725551100401,Neutral,Normal,True,away,0.04775772020902635,-0.0872796,-0.0657418
Aston Villa,2021,2022-01-15 17:30:00,2022-02-26 15:30:00,-0.3936855053950512,Neutral,Normal,False,home,0.04775772020902635,-0.0913476,-0.1707698
Aston Villa,2021,2022-01-22 12:30:00,2022-03-05 15:00:00,-0.5523581861962601,Weak Short,Normal,False,away,0.04775772020902635,-0.1474132,-0.3720608
Aston Villa,2021,2022-02-09 20:00:00,2022-03-10 19:45:00,-1.3794963071888633,Weak Short,Normal,True,home,0.04775772020902635,-0.4396752,-0.4177408000000001
Aston Villa,2021,2022-02-13 14:00:00,2022-03-13 14:00:00,-0.8241255096570873,Weak Short,Normal,False,away,0.04775772020902635,-0.2434398,-0.498
Aston Villa,2021,2022-02-19 15:00:00,2022-03-19 12:30:00,-0.32121787943439806,Neutral,Normal,False,home,0.04775772020902635,-0.0657418,-0.6414650000000001
Aston Villa,2021,2022-02-26 15:30:00,2022-04-02 14:00:00,-0.6184602940199793,Weak Short,Normal,False,away,0.04775772020902635,-0.1707698,-0.3194930000000001
Aston Villa,2021,2022-03-05 15:00:00,2022-04-09 16:30:00,-1.1881390737201187,Weak Short,Normal,True,home,0.04775772020902635,-0.3720608,0.2071729999999999
Aston Villa,2021,2022-03-10 19:45:00,2022-04-23 14:00:00,-1.317419203764196,Weak Short,Normal,False,away,0.04775772020902635,-0.4177408000000001,0.6712333999999999
Aston Villa,2021,2022-03-13 14:00:00,2022-04-30 14:00:00,-1.544562807381394,Strong Short,Normal,False,away,0.04775772020902635,-0.498,0.7228353999999999
Aston Villa,2021,2022-03-19 12:30:00,2022-05-07 14:00:00,-1.950586753457873,Strong Short,Normal,True,home,0.04775772020902635,-0.6414650000000001,0.4234723999999999
Aston Villa,2021,2022-04-02 14:00:00,2022-05-10 19:00:00,-1.039365605678721,Weak Short,Normal,True,away,0.04775772020902635,-0.3194930000000001,0.3304124
Aston Villa,2021,2022-04-09 16:30:00,2022-05-15 13:00:00,0.45116523866878344,Neutral,Normal,True,home,0.04775772020902635,0.2071729999999999,-0.007123
Aston Villa,2021,2022-04-23 14:00:00,2022-05-19 19:00:00,1.764514381845371,Strong Long,Normal,True,away,0.04775772020902635,0.6712333999999999,-0.1264828
Aston Villa,2021,2022-04-30 14:00:00,2022-05-22 15:00:00,1.9105545147379823,Strong Long,Normal,True,home,0.04775772020902635,0.7228353999999999,-0.5392986000000001
Aston Villa,2021,2022-05-07 14:00:00,2022-08-06 14:00:00,1.0633196730045078,Weak Long,Normal,True,away,0.04775772020902635,0.4234723999999999,-0.2040316
Aston Villa,2021,2022-05-10 19:00:00,2022-08-13 11:30:00,0.799948199670405,Weak Long,Normal,True,home,0.04775772020902635,0.3304124,-0.1600916
Aston Villa,2021,2022-05-15 13:00:00,2022-08-20 14:00:00,-0.15531932236286222,Neutral,Normal,False,home,0.04775772020902635,-0.007123,-0.1592146
Aston Villa,2021,2022-05-19 19:00:00,2022-08-28 13:00:00,-0.4931225287121411,Neutral,Normal,True,home,0.04775772020902635,-0.1264828,-0.0975842
Aston Villa,2021,2022-05-22 15:00:00,2022-08-31 18:30:00,-1.6614430258279425,Strong Short,Normal,True,away,0.04775772020902635,-0.5392986000000001,0.1122811999999999
Aston Villa,2022,2022-08-06 14:00:00,2022-09-03 16:30:00,-0.4750619606460144,Neutral,Normal,True,away,-0.02818961949548395,-0.2040316,-0.1296194
Aston Villa,2022,2022-08-13 11:30:00,2022-09-16 19:00:00,-0.35635184096415734,Neutral,Normal,False,home,-0.02818961949548395,-0.1600916,-0.1942814
Aston Villa,2022,2022-08-20 14:00:00,2022-10-02 15:30:00,-0.3539825015248996,Neutral,Normal,False,away,-0.02818961949548395,-0.1592146,0.2242429999999999
Aston Villa,2022,2022-08-28 13:00:00,2022-10-10 19:00:00,-0.18747926620308067,Neutral,Normal,False,home,-0.02818961949548395,-0.0975842,0.0947694
Aston Villa,2022,2022-08-31 18:30:00,2022-10-16 13:00:00,0.3795017704623902,Neutral,Normal,False,away,-0.02818961949548395,0.1122811999999999,0.7244198
Aston Villa,2022,2022-09-03 16:30:00,2022-10-20 18:30:00,-0.2740268862766406,Neutral,Normal,False,home,-0.02818961949548395,-0.1296194,1.0108388
Aston Villa,2022,2022-09-16 19:00:00,2022-10-23 13:00:00,-0.448720417429764,Neutral,Normal,False,home,-0.02818961949548395,-0.1942814,0.8333427999999999
Aston Villa,2022,2022-10-02 15:30:00,2022-10-29 14:00:00,0.6819823958105045,Weak Long,Normal,False,away,-0.02818961949548395,0.2242429999999999,0.5082156
Aston Villa,2022,2022-10-10 19:00:00,2022-11-06 14:00:00,0.33219116796251014,Neutral,Normal,True,away,-0.02818961949548395,0.0947694,0.0924908
Aston Villa,2022,2022-10-16 13:00:00,2022-11-13 14:00:00,2.033280706918567,Strong Long,Normal,True,home,-0.02818961949548395,0.7244198,-0.5657192
Aston Villa,2022,2022-10-20 18:30:00,2022-12-26 17:30:00,2.807082112680011,Strong Long,Normal,True,away,-0.02818961949548395,1.0108388,-0.5697066
Aston Villa,2022,2022-10-23 13:00:00,2023-01-01 14:00:00,2.32755158461786,Strong Long,Normal,True,home,-0.02818961949548395,0.8333427999999999,-0.6174746
Aston Villa,2022,2022-10-29 14:00:00,2023-01-04 20:00:00,1.449174506242187,Weak Long,Normal,False,away,-0.02818961949548395,0.5082156,-0.6651854
Aston Villa,2022,2022-11-06 14:00:00,2023-01-13 20:00:00,0.32603520804655467,Neutral,Normal,False,home,-0.02818961949548395,0.0924908,-0.2517
Aston Villa,2022,2022-11-13 14:00:00,2023-01-21 15:00:00,-1.452212126404859,Weak Short,Normal,True,away,-0.02818961949548395,-0.5657192,-0.0497099999999999
Aston Villa,2022,2022-12-26 17:30:00,2023-02-04 15:00:00,-1.4629846510115827,Weak Short,Normal,True,home,-0.02818961949548395,-0.5697066,-0.28824
Aston Villa,2022,2023-01-01 14:00:00,2023-02-12 16:30:00,-1.5920366536734616,Strong Short,Normal,True,away,-0.02818961949548395,-0.6174746,-0.2766364
Aston Villa,2022,2023-01-04 20:00:00,2023-02-18 12:30:00,-1.7209341224517307,Strong Short,Normal,True,home,-0.02818961949548395,-0.6651854,-0.6159380000000001
Aston Villa,2022,2023-01-13 20:00:00,2023-02-25 15:00:00,-0.6038448798322372,Weak Short,Normal,False,home,-0.02818961949548395,-0.2517,-0.5330620000000001
Aston Villa,2022,2023-01-21 15:00:00,2023-03-04 15:00:00,-0.05814034923282183,Neutral,Normal,False,away,-0.02818961949548395,-0.0497099999999999,-0.5878050000000001
Aston Villa,2022,2023-02-04 15:00:00,2023-03-12 14:00:00,-0.7025628537324435,Weak Short,Normal,False,home,-0.02818961949548395,-0.28824,-0.289307
Aston Villa,2022,2023-02-12 16:30:00,2023-03-18 15:00:00,-0.6712140884902861,Weak Short,Normal,True,away,-0.02818961949548395,-0.2766364,-0.0534286
Aston Villa,2022,2023-02-18 12:30:00,2023-04-01 16:30:00,-1.5878853116183151,Strong Short,Normal,True,home,-0.02818961949548395,-0.6159380000000001,0.0325797999999999
Aston Villa,2022,2023-02-25 15:00:00,2023-04-04 18:45:00,-1.3639840854291123,Weak Short,Normal,True,away,-0.02818961949548395,-0.5330620000000001,-0.1791761999999999
Aston Villa,2022,2023-03-04 15:00:00,2023-04-08 14:00:00,-1.5118800363108578,Strong Short,Normal,True,home,-0.02818961949548395,-0.5878050000000001,-0.2718611999999999
Aston Villa,2022,2023-03-12 14:00:00,2023-04-15 11:30:00,-0.7054455050228517,Weak Short,Normal,False,away,-0.02818961949548395,-0.289307,-0.6865352
Aston Villa,2022,2023-03-18 15:00:00,2023-04-22 14:00:00,-0.06818667265223388,Neutral,Normal,False,home,-0.02818961949548395,-0.0534286,-0.6442791999999999
Aston Villa,2022,2023-04-01 16:30:00,2023-04-25 18:45:00,0.16417717481351538,Neutral,Normal,False,away,-0.02818961949548395,0.0325797999999999,-0.4296062
Aston Villa,2022,2023-04-04 18:45:00,2023-04-30 13:00:00,-0.4079115849350348,Neutral,Normal,True,away,-0.02818961949548395,-0.1791761999999999,-0.1429765999999999
Aston Villa,2022,2023-04-08 14:00:00,2023-05-06 14:00:00,-0.6583132108502129,Weak Short,Normal,False,home,-0.02818961949548395,-0.2718611999999999,0.2719034
Aston Villa,2022,2023-04-15 11:30:00,2023-05-13 14:00:00,-1.7786136243448512,Strong Short,Normal,True,home,-0.02818961949548395,-0.6865352,0.4482734
Aston Villa,2022,2023-04-22 14:00:00,2023-05-20 14:00:00,-1.6644530686489805,Strong Short,Normal,True,away,-0.02818961949548395,-0.6442791999999999,0.4089653999999999
Aston Villa,2022,2023-04-25 18:45:00,2023-05-28 15:30:00,-1.0844836211646087,Weak Short,Normal,False,home,-0.02818961949548395,-0.4296062,0.5528236
Aston Villa,2022,2023-04-30 13:00:00,2023-08-12 16:30:00,-0.3101132497407847,Neutral,Normal,False,away,-0.02818961949548395,-0.1429765999999999,0.563076
Aston Villa,2022,2023-05-06 14:00:00,2023-08-20 13:00:00,0.810743701866153,Weak Long,Normal,True,away,-0.02818961949548395,0.2719034,0.111432
Aston Villa,2022,2023-05-13 14:00:00,2023-08-27 13:00:00,1.2872321817999064,Weak Long,Normal,True,home,-0.02818961949548395,0.4482734,0.11884
Aston Villa,2022,2023-05-20 14:00:00,2023-09-03 13:00:00,1.1810360647208338,Weak Long,Normal,True,away,-0.02818961949548395,0.4089653999999999,0.1480446
Aston Villa,2022,2023-05-28 15:30:00,2023-09-16 14:00:00,1.5696893223270363,Strong Long,Normal,True,home,-0.02818961949548395,0.5528236,-0.1006094
Aston Villa,2023,2023-08-12 16:30:00,2023-09-24 13:00:00,1.5119164073417664,Strong Long,Normal,True,away,-0.013423096509616244,0.563076,-0.1708514
Aston Villa,2023,2023-08-20 13:00:00,2023-09-30 11:30:00,0.3274427836852295,Neutral,Normal,False,home,-0.013423096509616244,0.111432,-0.8380314
Aston Villa,2023,2023-08-27 13:00:00,2023-10-08 13:00:00,0.3468708744028026,Neutral,Normal,False,away,-0.013423096509616244,0.11884,-0.6421774000000001
Aston Villa,2023,2023-09-03 13:00:00,2023-10-22 15:30:00,0.4234623455381209,Neutral,Normal,False,away,-0.013423096509616244,0.1480446,-1.096992
Aston Villa,2023,2023-09-16 14:00:00,2023-10-29 14:00:00,-0.22865326856655555,Neutral,Normal,False,home,-0.013423096509616244,-0.1006094,-0.94472
Aston Villa,2023,2023-09-24 13:00:00,2023-11-05 14:00:00,-0.4128687043365037,Neutral,Normal,False,away,-0.013423096509616244,-0.1708514,-0.705446
Aston Villa,2023,2023-09-30 11:30:00,2023-11-12 14:00:00,-2.162603256840618,Strong Short,Normal,True,home,-0.013423096509616244,-0.8380314,0.08514
Aston Villa,2023,2023-10-08 13:00:00,2023-11-26 14:00:00,-1.6489599955825758,Strong Short,Normal,True,away,-0.013423096509616244,-0.6421774000000001,0.0014139999999999
Aston Villa,2023,2023-10-22 15:30:00,2023-12-03 14:00:00,-2.841748779124255,Strong Short,Normal,True,home,-0.013423096509616244,-1.096992,0.1121499999999999
Aston Villa,2023,2023-10-29 14:00:00,2023-12-06 20:15:00,-2.4424029057783714,Strong Short,Normal,True,home,-0.013423096509616244,-0.94472,0.3352819999999999
Aston Villa,2023,2023-11-05 14:00:00,2023-12-09 17:30:00,-1.8148871149634949,Strong Short,Normal,True,away,-0.013423096509616244,-0.705446,-0.0052501999999999
Aston Villa,2023,2023-11-12 14:00:00,2023-12-17 14:00:00,0.2584898461654624,Neutral,Normal,True,home,-0.013423096509616244,0.08514,-0.0840482
Aston Villa,2023,2023-11-26 14:00:00,2023-12-22 20:00:00,0.03891150877081681,Neutral,Normal,False,away,-0.013423096509616244,0.0014139999999999,-0.1198362
Aston Villa,2023,2023-12-03 14:00:00,2023-12-26 20:00:00,0.3293257978773482,Neutral,Normal,True,away,-0.013423096509616244,0.1121499999999999,0.0684158
Aston Villa,2023,2023-12-06 20:15:00,2023-12-30 15:00:00,0.9145078629412711,Weak Long,Normal,True,home,-0.013423096509616244,0.3352819999999999,-0.1848501999999999
Aston Villa,2023,2023-12-09 17:30:00,2024-01-14 14:00:00,0.021434094872322302,Neutral,Normal,False,home,-0.013423096509616244,-0.0052501999999999,0.15815
Aston Villa,2023,2023-12-17 14:00:00,2024-01-30 20:15:00,-0.18522015625663746,Neutral,Normal,False,away,-0.013423096509616244,-0.0840482,0.35384
Aston Villa,2023,2023-12-22 20:00:00,2024-02-03 17:30:00,-0.2790771366292764,Neutral,Normal,True,home,-0.013423096509616244,-0.1198362,-0.091852
Aston Villa,2023,2023-12-26 20:00:00,2024-02-11 16:30:00,0.21462925291777918,Neutral,Normal,False,away,-0.013423096509616244,0.0684158,0.2702239999999999
Aston Villa,2023,2023-12-30 15:00:00,2024-02-17 15:00:00,-0.44958171140145536,Neutral,Normal,False,home,-0.013423096509616244,-0.1848501999999999,0.1996439999999999
Aston Villa,2023,2024-01-14 14:00:00,2024-02-24 15:00:00,0.4499645901300977,Neutral,Normal,True,away,-0.013423096509616244,0.15815,-0.171334
Aston Villa,2023,2024-01-30 20:15:00,2024-03-02 17:30:00,0.9631777478679349,Weak Long,Normal,False,home,-0.013423096509616244,0.35384,-0.4431320000000001
Aston Villa,2023,2024-02-03 17:30:00,2024-03-10 13:00:00,-0.20568626510407234,Neutral,Normal,False,away,-0.013423096509616244,-0.091852,0.2053719999999999
Aston Villa,2023,2024-02-11 16:30:00,2024-03-17 14:00:00,0.7438878945417198,Weak Long,Normal,True,home,-0.013423096509616244,0.2702239999999999,-0.1417232
Aston Villa,2023,2024-02-17 15:00:00,2024-03-30 17:30:00,0.5587860259069578,Weak Long,Normal,True,away,-0.013423096509616244,0.1996439999999999,-0.1997752
Aston Villa,2023,2024-02-24 15:00:00,2024-04-03 19:15:00,-0.41413436262218145,Neutral,Normal,True,home,-0.013423096509616244,-0.171334,-0.0602112
Aston Villa,2023,2024-03-02 17:30:00,2024-04-06 14:00:00,-1.1269470247246327,Weak Short,Normal,True,away,-0.013423096509616244,-0.4431320000000001,-0.2447172
Aston Villa,2023,2024-03-10 13:00:00,2024-04-14 15:30:00,0.5738081781248654,Weak Long,Normal,False,home,-0.013423096509616244,0.2053719999999999,-0.7054414
Aston Villa,2023,2024-03-17 14:00:00,2024-04-21 14:00:00,-0.33647759849962255,Neutral,Normal,False,away,-0.013423096509616244,-0.1417232,-0.7623222000000001
Aston Villa,2023,2024-03-30 17:30:00,2024-04-27 19:00:00,-0.48872375432259213,Neutral,Normal,False,home,-0.013423096509616244,-0.1997752,-0.8964128
Aston Villa,2023,2024-04-03 19:15:00,2024-05-05 13:00:00,-0.12270565862775086,Neutral,Normal,False,away,-0.013423096509616244,-0.0602112,-0.9208177
Aston Villa,2023,2024-04-06 14:00:00,2024-05-13 19:00:00,-0.6065878543535282,Weak Short,Normal,False,home,-0.013423096509616244,-0.2447172,-0.6101737
Aston Villa,2023,2024-04-14 15:30:00,2024-05-19 15:00:00,-1.8148750510842695,Strong Short,Normal,True,away,-0.013423096509616244,-0.7054414,-0.2762143
Aston Villa,2023,2024-04-21 14:00:00,2024-08-17 16:30:00,-1.9640496383531867,Strong Short,Normal,True,home,-0.013423096509616244,-0.7623222000000001,-0.0675282999999999
Aston Villa,2023,2024-04-27 19:00:00,2024-08-24 16:30:00,-2.315713291319415,Strong Short,Normal,True,home,-0.013423096509616244,-0.8964128,0.4733483
Aston Villa,2023,2024-05-05 13:00:00,2024-08-31 14:00:00,-2.3797171535161348,Strong Short,Normal,True,away,-0.013423096509616244,-0.9208177,0.4932372000000001
Aston Villa,2023,2024-05-13 19:00:00,2024-09-14 16:30:00,-1.5650276539386774,Strong Short,Normal,True,home,-0.013423096509616244,-0.6101737,0.5816792000000002
Aston Villa,2023,2024-05-19 15:00:00,2024-09-21 14:00:00,-0.6891915957331819,Weak Short,Normal,False,away,-0.013423096509616244,-0.2762143,0.3366120000000001
Aston Villa,2024,2024-08-17 16:30:00,2024-09-29 13:00:00,-0.01492736318755389,Neutral,Normal,False,away,-0.06179425386174411,-0.0675282999999999,0.0315400000000001
Aston Villa,2024,2024-08-24 16:30:00,2024-10-06 13:00:00,1.393129226030134,Weak Long,Normal,True,home,-0.06179425386174411,0.4733483,-0.1252261999999999
Aston Villa,2024,2024-08-31 14:00:00,2024-10-19 14:00:00,1.4449057249529784,Weak Long,Normal,True,away,-0.06179425386174411,0.4932372000000001,-0.4708061999999999
Aston Villa,2024,2024-09-14 16:30:00,2024-10-26 14:00:00,1.6751455631408216,Strong Long,Normal,True,home,-0.06179425386174411,0.5816792000000002,-0.3077581999999999
Aston Villa,2024,2024-09-21 14:00:00,2024-11-03 14:00:00,1.037165503065882,Weak Long,Normal,True,home,-0.06179425386174411,0.3366120000000001,0.1150378000000001
Aston Villa,2024,2024-09-29 13:00:00,2024-11-09 20:00:00,0.24297577515785557,Neutral,Normal,False,away,-0.06179425386174411,0.0315400000000001,0.6187238
Aston Villa,2024,2024-10-06 13:00:00,2024-11-23 15:00:00,-0.16513151008358012,Neutral,Normal,False,home,-0.06179425386174411,-0.1252261999999999,0.7210720000000002
Aston Villa,2024,2024-10-19 14:00:00,2024-12-01 13:30:00,-1.0647751554212572,Weak Short,Normal,False,away,-0.06179425386174411,-0.4708061999999999,1.2089706000000002
Aston Villa,2024,2024-10-26 14:00:00,2024-12-04 20:15:00,-0.6403145469224507,Weak Short,Normal,False,home,-0.06179425386174411,-0.3077581999999999,1.0575166
Aston Villa,2024,2024-11-03 14:00:00,2024-12-07 15:00:00,0.4603444457107704,Neutral,Normal,False,away,-0.06179425386174411,0.1150378000000001,1.0626946
Aston Villa,2024,2024-11-09 20:00:00,2024-12-14 17:30:00,1.7715832591419676,Strong Long,Normal,True,away,-0.06179425386174411,0.6187238,0.6079052000000003
Aston Villa,2024,2024-11-23 15:00:00,2024-12-21 12:30:00,2.038024915898,Strong Long,Normal,True,home,-0.06179425386174411,0.7210720000000002,0.4109712000000002
Aston Villa,2024,2024-12-01 13:30:00,2024-12-26 15:00:00,3.308164608759709,Strong Long,Normal,True,away,-0.06179425386174411,1.2089706000000002,0.2809870000000002
Aston Villa,2024,2024-12-04 20:15:00,2024-12-30 19:45:00,2.913886500475165,Strong Long,Normal,True,home,-0.06179425386174411,1.0575166,0.2136350000000001
Aston Villa,2024,2024-12-07 15:00:00,2025-01-04 15:00:00,2.927366316423884,Strong Long,Normal,True,home,-0.06179425386174411,1.0626946,-0.0199209999999998
Aston Villa,2024,2024-12-14 17:30:00,2025-01-15 19:30:00,1.7434193470479518,Strong Long,Normal,True,away,-0.06179425386174411,0.6079052000000003,0.1592384000000001
Aston Villa,2024,2024-12-21 12:30:00,2025-01-18 17:30:00,1.2307437823424416,Weak Long,Normal,True,home,-0.06179425386174411,0.4109712000000002,-0.0115335999999998
Aston Villa,2024,2024-12-26 15:00:00,2025-01-26 16:30:00,0.8923577081358856,Weak Long,Normal,True,away,-0.06179425386174411,0.2809870000000002,-0.0750677999999998
Aston Villa,2024,2024-12-30 19:45:00,2025-02-01 17:30:00,0.7170211759268941,Weak Long,Normal,True,home,-0.06179425386174411,0.2136350000000001,0.0975000000000001
Aston Villa,2024,2025-01-04 15:00:00,2025-02-15 15:00:00,0.109008063968776,Neutral,Normal,False,home,-0.06179425386174411,-0.0199209999999998,0.4080620000000001
Aston Villa,2024,2025-01-15 19:30:00,2025-02-19 15:00:00,0.5754112577661918,Weak Long,Normal,True,away,-0.06179425386174411,0.1592384000000001,0.1555560000000001
Aston Villa,2024,2025-01-18 17:30:00,2025-02-22 17:30:00,0.13084286665094866,Neutral,Normal,False,away,-0.06179425386174411,-0.0115335999999998,0.4531780000000001
Aston Villa,2024,2025-01-26 16:30:00,2025-02-25 19:30:00,-0.034554839499907966,Neutral,Normal,False,home,-0.06179425386174411,-0.0750677999999998,0.4050512000000001
Aston Villa,2024,2025-02-01 17:30:00,2025-03-08 17:30:00,0.4146885329750706,Neutral,Normal,False,away,-0.06179425386174411,0.0975000000000001,0.3157654000000001
Aston Villa,2024,2025-02-15 15:00:00,2025-04-02 19:45:00,1.223170302126525,Weak Long,Normal,True,home,-0.06179425386174411,0.4080620000000001,-0.4224865999999999
Aston Villa,2024,2025-02-19 15:00:00,2025-04-05 16:30:00,0.5658249166596709,Weak Long,Normal,True,home,-0.06179425386174411,0.1555560000000001,-0.1003265999999999
Aston Villa,2024,2025-02-22 17:30:00,2025-04-12 14:00:00,1.3406201623703315,Weak Long,Normal,True,home,-0.06179425386174411,0.4531780000000001,-0.2392985999999998
Aston Villa,2024,2025-02-25 19:30:00,2025-04-19 16:30:00,1.2153323280325883,Weak Long,Normal,True,away,-0.06179425386174411,0.4050512000000001,-0.3619999999999998
Aston Villa,2024,2025-03-08 17:30:00,2025-04-22 19:00:00,0.9828958369483508,Weak Long,Normal,True,away,-0.06179425386174411,0.3157654000000001,-0.2494639999999998
Aston Villa,2024,2025-04-02 19:45:00,2025-05-03 11:30:00,-0.9389854075039633,Weak Short,Normal,True,away,-0.06179425386174411,-0.4224865999999999,0.1671320000000001
Aston Villa,2024,2025-04-05 16:30:00,2025-05-10 16:30:00,-0.10031072499344178,Neutral,Normal,False,home,-0.06179425386174411,-0.1003265999999999,0.0651860000000001
Aston Villa,2024,2025-04-12 14:00:00,2025-05-16 18:30:00,-0.46209461491724396,Neutral,Normal,True,away,-0.06179425386174411,-0.2392985999999998,0.0034540000000001
Aston Villa,2024,2025-04-19 16:30:00,2025-05-25 15:00:00,-0.7815214763792397,Weak Short,Normal,False,home,-0.06179425386174411,-0.3619999999999998,0.2597564000000001
Burnley,2018,2018-08-12 15:30:00,2018-09-22 14:00:00,3.400777115756331,Strong Long,Break,True,away,-0.09166056373486962,0.789164,-0.2872288
Burnley,2018,2018-08-19 15:30:00,2018-09-30 15:00:00,2.458371147473211,Strong Long,Break,True,home,-0.09166056373486962,0.5450744000000001,-0.5434518
Burnley,2018,2018-08-26 17:00:00,2018-10-06 14:00:00,0.9316624830063204,Weak Long,Break,False,away,-0.09166056373486962,0.1496464,-0.5865902000000001
Burnley,2018,2018-09-02 15:00:00,2018-10-20 14:00:00,1.6131270887324298,Strong Long,Break,False,home,-0.09166056373486962,0.3261504,-0.732389
Burnley,2018,2018-09-16 12:30:00,2018-10-28 12:30:00,1.6495770901473499,Strong Long,Break,False,away,-0.09166056373486962,0.3355912,-0.7202222
Burnley,2018,2018-09-22 14:00:00,2018-11-03 15:00:00,-0.7550697492349618,Weak Short,Normal,False,home,-0.09166056373486962,-0.2872288,-0.6025534
Burnley,2018,2018-09-30 15:00:00,2018-11-10 15:00:00,-1.7443215830345415,Strong Short,Normal,True,away,-0.09166056373486962,-0.5434518,-0.1511802
Burnley,2018,2018-10-06 14:00:00,2018-11-26 20:00:00,-1.910874707879617,Strong Short,Normal,True,home,-0.09166056373486962,-0.5865902000000001,0.0771682
Burnley,2018,2018-10-20 14:00:00,2018-12-01 15:00:00,-2.4737895526272706,Strong Short,Normal,True,away,-0.09166056373486962,-0.732389,0.0636164
Burnley,2018,2018-10-28 12:30:00,2018-12-05 19:45:00,-2.4268147329917475,Strong Short,Normal,True,home,-0.09166056373486962,-0.7202222,0.0212687999999999
Burnley,2018,2018-11-03 15:00:00,2018-12-08 15:00:00,-1.9725070549886174,Strong Short,Normal,True,away,-0.09166056373486962,-0.6025534,0.407268
Burnley,2018,2018-11-10 15:00:00,2018-12-15 15:00:00,-0.22979946890936476,Neutral,Normal,False,away,-0.09166056373486962,-0.1511802,0.4238286
Burnley,2018,2018-11-26 20:00:00,2018-12-22 12:30:00,0.6518312724573349,Weak Long,Break,False,home,-0.09166056373486962,0.0771682,0.3313286
Burnley,2018,2018-12-01 15:00:00,2018-12-26 15:00:00,0.5995091038726054,Weak Long,Break,False,away,-0.09166056373486962,0.0636164,0.4481251999999999
Burnley,2018,2018-12-05 19:45:00,2018-12-30 14:15:00,0.4360091801459643,Neutral,Break,False,home,-0.09166056373486962,0.0212687999999999,0.6162751999999999
Burnley,2018,2018-12-08 15:00:00,2019-01-02 19:45:00,1.9263141740191558,Strong Long,Break,False,home,-0.09166056373486962,0.407268,0.5863911999999999
Burnley,2018,2018-12-15 15:00:00,2019-01-12 15:00:00,1.9902530238445864,Strong Long,Break,True,away,-0.09166056373486962,0.4238286,0.2581121999999999
Burnley,2018,2018-12-22 12:30:00,2019-01-19 15:00:00,1.633119610269454,Strong Long,Break,False,away,-0.09166056373486962,0.3313286,0.6461501999999999
Burnley,2018,2018-12-26 15:00:00,2019-01-29 20:00:00,2.0840598097502028,Strong Long,Break,True,home,-0.09166056373486962,0.4481251999999999,0.2557788
Burnley,2018,2018-12-30 14:15:00,2019-02-02 15:00:00,2.7332704421032674,Strong Long,Break,True,home,-0.09166056373486962,0.6162751999999999,0.2763608
Burnley,2018,2019-01-02 19:45:00,2019-02-09 17:30:00,2.6178912536570054,Strong Long,Break,True,away,-0.09166056373486962,0.5863911999999999,-0.0901751999999999
Burnley,2018,2019-01-12 15:00:00,2019-02-23 12:30:00,1.3504382820350505,Weak Long,Break,True,home,-0.09166056373486962,0.2581121999999999,-0.0351073999999999
Burnley,2018,2019-01-19 15:00:00,2019-02-26 20:00:00,2.848614882433614,Strong Long,Break,True,away,-0.09166056373486962,0.6461501999999999,-0.0812173999999999
Burnley,2018,2019-01-29 20:00:00,2019-03-02 15:00:00,1.3414292538487134,Weak Long,Break,False,away,-0.09166056373486962,0.2557788,0.313606
Burnley,2018,2019-02-02 15:00:00,2019-03-10 12:00:00,1.4208943340455067,Weak Long,Break,True,home,-0.09166056373486962,0.2763608,-0.1924297999999999
Burnley,2018,2019-02-09 17:30:00,2019-03-16 15:00:00,0.005734843470645753,Neutral,Normal,False,away,-0.09166056373486962,-0.0901751999999999,0.0755042
Burnley,2018,2019-02-23 12:30:00,2019-03-30 15:00:00,0.21834620987143133,Neutral,Normal,False,home,-0.09166056373486962,-0.0351073999999999,-0.0269848
Burnley,2018,2019-02-26 20:00:00,2019-04-06 15:00:00,0.040320029331438405,Neutral,Normal,False,away,-0.09166056373486962,-0.0812173999999999,-0.6975488000000001
Burnley,2018,2019-03-02 15:00:00,2019-04-13 15:00:00,1.5646943925891663,Strong Long,Normal,False,home,-0.09166056373486962,0.313606,-0.7105767999999999
Burnley,2018,2019-03-10 12:00:00,2019-04-22 20:00:00,-0.38906012249432415,Neutral,Normal,False,away,-0.09166056373486962,-0.1924297999999999,-0.6471333999999999
Burnley,2018,2019-03-16 15:00:00,2019-04-28 14:05:00,0.6454067319147508,Weak Long,Normal,False,home,-0.09166056373486962,0.0755042,-0.6631532200000001
Burnley,2018,2019-03-30 15:00:00,2019-05-03 19:00:00,0.24970677057527277,Neutral,Normal,False,home,-0.09166056373486962,-0.0269848,-0.28303382
Burnley,2018,2019-04-06 15:00:00,2019-05-12 14:00:00,-2.3392749628365648,Strong Short,Normal,True,away,-0.09166056373486962,-0.6975488000000001,0.18500618
Burnley,2018,2019-04-13 15:00:00,2019-08-10 15:00:00,-2.3895747910750162,Strong Short,Normal,True,home,-0.09166056373486962,-0.7105767999999999,-0.40186162
Burnley,2018,2019-04-22 20:00:00,2019-08-17 12:30:00,-2.1446260558229886,Strong Short,Normal,True,away,-0.09166056373486962,-0.6471333999999999,-0.08127522
Burnley,2018,2019-04-28 14:05:00,2019-08-25 16:30:00,-2.2064770071901156,Strong Short,Normal,True,home,-0.09166056373486962,-0.6631532200000001,-0.0537474
Burnley,2018,2019-05-03 19:00:00,2019-08-31 17:30:00,-0.738873343534644,Weak Short,Normal,True,away,-0.09166056373486962,-0.28303382,-0.0249278
Burnley,2018,2019-05-12 14:00:00,2019-09-14 14:00:00,1.0681831201378411,Weak Long,Normal,True,home,-0.09166056373486962,0.18500618,-0.302475
Burnley,2019,2019-08-10 15:00:00,2019-09-21 14:00:00,-1.0526307088526456,Weak Short,Normal,True,home,-0.05929273622013555,-0.40186162,0.1943008
Burnley,2019,2019-08-17 12:30:00,2019-09-28 14:00:00,-0.06754681636061831,Neutral,Normal,False,away,-0.05929273622013555,-0.08127522,0.0497948
Burnley,2019,2019-08-25 16:30:00,2019-10-05 15:00:00,0.017039467017029263,Neutral,Normal,False,away,-0.05929273622013555,-0.0537474,-0.0839467999999999
Burnley,2019,2019-08-31 17:30:00,2019-10-19 15:00:00,0.10559507557704063,Neutral,Normal,True,home,-0.05929273622013555,-0.0249278,-0.0482867999999999
Burnley,2019,2019-09-14 14:00:00,2019-10-26 17:30:00,-0.7472398423304664,Weak Short,Normal,True,away,-0.05929273622013555,-0.302475,0.1303704
Burnley,2019,2019-09-21 14:00:00,2019-11-02 15:00:00,0.7792311457084549,Weak Long,Normal,False,home,-0.05929273622013555,0.1943008,0.195069
Burnley,2019,2019-09-28 14:00:00,2019-11-09 15:00:00,0.3351994183224745,Neutral,Normal,False,away,-0.05929273622013555,0.0497948,0.144391
Burnley,2019,2019-10-05 15:00:00,2019-11-23 15:00:00,-0.0757559307382206,Neutral,Normal,False,home,-0.05929273622013555,-0.0839467999999999,0.1651706
Burnley,2019,2019-10-19 15:00:00,2019-11-30 15:00:00,0.03381856027657509,Neutral,Normal,False,away,-0.05929273622013555,-0.0482867999999999,0.3762126
Burnley,2019,2019-10-26 17:30:00,2019-12-03 20:15:00,0.5827886039145039,Weak Long,Break,False,home,-0.05929273622013555,0.1303704,0.2265342
Burnley,2019,2019-11-02 15:00:00,2019-12-07 15:00:00,0.7815916371273435,Weak Long,Break,False,away,-0.05929273622013555,0.195069,0.3005015999999999
Burnley,2019,2019-11-09 15:00:00,2019-12-14 15:00:00,0.6258704914277412,Weak Long,Break,False,home,-0.05929273622013555,0.144391,0.5045455999999999
Burnley,2019,2019-11-23 15:00:00,2019-12-21 15:00:00,0.6897211390298458,Weak Long,Break,False,away,-0.05929273622013555,0.1651706,0.4008472
Burnley,2019,2019-11-30 15:00:00,2019-12-26 15:00:00,1.3382017821241956,Weak Long,Break,True,home,-0.05929273622013555,0.3762126,0.1437176
Burnley,2019,2019-12-03 20:15:00,2019-12-28 19:45:00,0.878276529855295,Weak Long,Break,False,home,-0.05929273622013555,0.2265342,0.3237404
Burnley,2019,2019-12-07 15:00:00,2020-01-01 12:30:00,1.1055603270142347,Weak Long,Break,False,away,-0.05929273622013555,0.3005015999999999,0.3752864000000001
Burnley,2019,2019-12-14 15:00:00,2020-01-11 15:00:00,1.7325378212549236,Strong Long,Break,True,home,-0.05929273622013555,0.5045455999999999,0.4315638
Burnley,2019,2019-12-21 15:00:00,2020-01-19 14:00:00,1.4138979054094756,Weak Long,Break,False,away,-0.05929273622013555,0.4008472,0.5044722000000001
Burnley,2019,2019-12-26 15:00:00,2020-01-22 20:15:00,0.6238012973096997,Weak Long,Break,True,away,-0.05929273622013555,0.1437176,0.1348786000000001
Burnley,2019,2019-12-28 19:45:00,2020-02-02 14:00:00,1.1769674970028672,Weak Long,Break,False,home,-0.05929273622013555,0.3237404,0.5066702000000001
Burnley,2019,2020-01-01 12:30:00,2020-02-15 12:30:00,1.3353557952038955,Weak Long,Break,True,home,-0.05929273622013555,0.3752864000000001,0.016374
Burnley,2019,2020-01-11 15:00:00,2020-02-22 15:00:00,1.5082825327427642,Strong Long,Break,True,away,-0.05929273622013555,0.4315638,-0.1072373999999999
Burnley,2019,2020-01-19 14:00:00,2020-02-29 15:00:00,1.7323122809397116,Strong Long,Break,True,home,-0.05929273622013555,0.5044722000000001,0.114513
Burnley,2019,2020-01-22 20:15:00,2020-03-07 17:30:00,0.5966412040376928,Weak Long,Break,False,away,-0.05929273622013555,0.1348786000000001,0.8376602
Burnley,2019,2020-02-02 14:00:00,2020-06-22 19:00:00,1.739066199370741,Strong Long,Break,True,home,-0.05929273622013555,0.5066702000000001,0.3946043599999999
Burnley,2019,2020-02-15 12:30:00,2020-06-25 17:00:00,0.23250544329983616,Neutral,Break,False,away,-0.05929273622013555,0.016374,0.6090193599999998
Burnley,2019,2020-02-22 15:00:00,2020-06-29 19:00:00,-0.14732226950516394,Neutral,Break,False,home,-0.05929273622013555,-0.1072373999999999,0.4611305599999999
Burnley,2019,2020-02-29 15:00:00,2020-07-05 11:00:00,0.5340626775595398,Weak Long,Break,False,away,-0.05929273622013555,0.114513,0.40154016
Burnley,2019,2020-03-07 17:30:00,2020-07-08 17:00:00,2.756117819701285,Strong Long,Break,True,home,-0.05929273622013555,0.8376602,-0.05448184
Burnley,2019,2020-06-22 19:00:00,2020-07-11 14:00:00,1.394715179232055,Weak Long,Break,True,away,-0.05929273622013555,0.3946043599999999,-0.1700838
Burnley,2019,2020-06-25 17:00:00,2020-07-15 17:00:00,2.0535602294546407,Strong Long,Break,True,home,-0.05929273622013555,0.6090193599999998,-0.0561685999999999
Burnley,2019,2020-06-29 19:00:00,2020-07-18 16:30:00,1.5991339819283115,Strong Long,Break,True,away,-0.05929273622013555,0.4611305599999999,0.0365101999999999
Burnley,2019,2020-07-05 11:00:00,2020-07-26 15:00:00,1.4160272026414893,Weak Long,Break,True,home,-0.05929273622013555,0.40154016,0.0610661999999999
Burnley,2019,2020-07-08 17:00:00,2020-09-20 18:00:00,0.014782711852113219,Neutral,Normal,False,away,-0.05929273622013555,-0.05448184,-0.0447078
Burnley,2019,2020-07-11 14:00:00,2020-09-26 19:00:00,-0.3404339434286711,Neutral,Normal,False,away,-0.05929273622013555,-0.1700838,0.1342531999999999
Burnley,2019,2020-07-15 17:00:00,2020-10-03 19:00:00,0.009599709371347477,Neutral,Normal,False,home,-0.05929273622013555,-0.0561685999999999,-0.084847
Burnley,2019,2020-07-18 16:30:00,2020-10-19 16:30:00,0.29437907947404024,Neutral,Normal,False,away,-0.05929273622013555,0.0365101999999999,0.1675569999999999
Burnley,2019,2020-07-26 15:00:00,2020-10-26 20:00:00,0.36983368411114964,Neutral,Normal,False,home,-0.05929273622013555,0.0610661999999999,0.269159
Burnley,2020,2020-09-20 18:00:00,2020-10-31 15:00:00,-0.13376426586806328,Neutral,Normal,False,away,-0.0018832617890402548,-0.0447078,0.4458191999999999
Burnley,2020,2020-09-26 19:00:00,2020-11-06 17:30:00,0.4252280264968792,Neutral,Normal,False,home,-0.0018832617890402548,0.1342531999999999,0.4417785999999999
Burnley,2020,2020-10-03 19:00:00,2020-11-23 17:30:00,-0.2591407636619676,Neutral,Normal,False,away,-0.0018832617890402548,-0.084847,0.7046948
Burnley,2020,2020-10-19 16:30:00,2020-11-28 15:00:00,0.5292538617708415,Weak Long,Break,False,away,-0.0018832617890402548,0.1675569999999999,0.5716062
Burnley,2020,2020-10-26 20:00:00,2020-12-05 12:30:00,0.8466120285717812,Weak Long,Break,False,home,-0.0018832617890402548,0.269159,0.327603
Burnley,2020,2020-10-31 15:00:00,2020-12-13 19:15:00,1.3984176743138659,Weak Long,Break,True,home,-0.0018832617890402548,0.4458191999999999,0.2092098
Burnley,2020,2020-11-06 17:30:00,2020-12-17 18:00:00,1.385796688420125,Weak Long,Break,True,away,-0.0018832617890402548,0.4417785999999999,0.2071705999999999
Burnley,2020,2020-11-23 17:30:00,2020-12-21 17:30:00,2.2070266174989737,Strong Long,Break,True,home,-0.0018832617890402548,0.7046948,-0.1025854
Burnley,2020,2020-11-28 15:00:00,2020-12-27 12:00:00,1.791318716885762,Strong Long,Break,True,away,-0.0018832617890402548,0.5716062,0.1226211999999999
Burnley,2020,2020-12-05 12:30:00,2020-12-29 18:00:00,1.0291643474288323,Weak Long,Break,True,home,-0.0018832617890402548,0.327603,0.1713005999999999
Burnley,2020,2020-12-13 19:15:00,2021-01-12 22:15:00,0.6593581535183091,Weak Long,Break,False,away,-0.0018832617890402548,0.2092098,0.3379419999999999
Burnley,2020,2020-12-17 18:00:00,2021-01-16 15:00:00,0.6529886256178691,Weak Long,Break,False,away,-0.0018832617890402548,0.2071705999999999,0.3537281999999999
Burnley,2020,2020-12-21 17:30:00,2021-01-21 20:00:00,-0.3145474102435485,Neutral,Break,False,home,-0.0018832617890402548,-0.1025854,0.5289162
Burnley,2020,2020-12-27 12:00:00,2021-01-27 18:00:00,0.38889497994042826,Neutral,Break,False,away,-0.0018832617890402548,0.1226211999999999,-0.2367296000000001
Burnley,2020,2020-12-29 18:00:00,2021-01-31 12:00:00,0.5409471555370665,Weak Long,Break,True,home,-0.0018832617890402548,0.1713005999999999,-0.153353
Burnley,2020,2021-01-12 22:15:00,2021-02-03 18:00:00,1.0614586535109456,Weak Long,Break,True,home,-0.0018832617890402548,0.3379419999999999,-0.2732863000000001
Burnley,2020,2021-01-16 15:00:00,2021-02-06 15:00:00,1.110767520391056,Weak Long,Break,True,away,-0.0018832617890402548,0.3537281999999999,-0.1745519000000001
Burnley,2020,2021-01-21 20:00:00,2021-02-13 15:00:00,1.6579746868397778,Strong Long,Break,True,away,-0.0018832617890402548,0.5289162,-0.3996659000000001
Burnley,2020,2021-01-27 18:00:00,2021-02-17 18:00:00,-0.733552522337588,Weak Short,Normal,True,home,-0.0018832617890402548,-0.2367296000000001,0.0980818999999999
Burnley,2020,2021-01-31 12:00:00,2021-02-20 15:00:00,-0.4731221673239541,Neutral,Normal,True,away,-0.0018832617890402548,-0.153353,0.1269697
Burnley,2020,2021-02-03 18:00:00,2021-02-28 14:00:00,-0.8477389290647381,Weak Short,Normal,True,home,-0.0018832617890402548,-0.2732863000000001,0.2378289999999999
Burnley,2020,2021-02-06 15:00:00,2021-03-03 18:00:00,-0.5393378327852292,Weak Short,Normal,True,home,-0.0018832617890402548,-0.1745519000000001,0.1135469999999999
Burnley,2020,2021-02-13 15:00:00,2021-03-06 12:30:00,-1.2424909829321422,Weak Short,Normal,True,away,-0.0018832617890402548,-0.3996659000000001,0.3432909999999999
Burnley,2020,2021-02-17 18:00:00,2021-03-13 17:30:00,0.3122454330557381,Neutral,Break,True,home,-0.0018832617890402548,0.0980818999999999,0.0517109999999999
Burnley,2020,2021-02-20 15:00:00,2021-04-04 11:00:00,0.4024777045751196,Neutral,Break,False,home,-0.0018832617890402548,0.1269697,-0.1547496
Burnley,2020,2021-02-28 14:00:00,2021-04-11 11:00:00,0.7487514415176537,Weak Long,Break,True,away,-0.0018832617890402548,0.2378289999999999,-0.106868
Burnley,2020,2021-03-03 18:00:00,2021-04-18 15:00:00,0.3605513304336756,Neutral,Break,False,home,-0.0018832617890402548,0.1135469999999999,-0.1684932
Burnley,2020,2021-03-06 12:30:00,2021-04-25 11:00:00,1.078166482433784,Weak Long,Break,False,home,-0.0018832617890402548,0.3432909999999999,-0.5411432
Burnley,2020,2021-03-13 17:30:00,2021-05-03 19:15:00,0.1674039553593376,Neutral,Break,False,away,-0.0018832617890402548,0.0517109999999999,-0.1542232
Burnley,2020,2021-04-04 11:00:00,2021-05-10 19:00:00,-0.47748450680304105,Neutral,Normal,True,away,-0.0018832617890402548,-0.1547496,-0.1231312
Burnley,2020,2021-04-11 11:00:00,2021-05-15 11:30:00,-0.32792429342637663,Neutral,Normal,True,home,-0.0018832617890402548,-0.106868,-0.0089792
Burnley,2020,2021-04-18 15:00:00,2021-05-19 19:15:00,-0.5204132257381545,Weak Short,Normal,False,away,-0.0018832617890402548,-0.1684932,0.1664695999999999
Burnley,2020,2021-04-25 11:00:00,2021-05-23 15:00:00,-1.6844013446567787,Strong Short,Normal,False,away,-0.0018832617890402548,-0.5411432,0.6300732
Burnley,2020,2021-05-03 19:15:00,2021-08-14 14:00:00,-0.47584027402215084,Neutral,Normal,False,home,-0.0018832617890402548,-0.1542232,0.6525451999999999
Burnley,2020,2021-05-10 19:00:00,2021-08-21 11:30:00,-0.3787230900870431,Neutral,Normal,False,away,-0.0018832617890402548,-0.1231312,0.858976
Burnley,2020,2021-05-15 11:30:00,2021-08-29 13:00:00,-0.02216446469914886,Neutral,Normal,False,home,-0.0018832617890402548,-0.0089792,0.7185039999999999
Burnley,2020,2021-05-19 19:15:00,2021-09-13 19:00:00,0.5258573216379766,Weak Long,Break,False,home,-0.0018832617890402548,0.1664695999999999,0.7152163999999999
Burnley,2020,2021-05-23 15:00:00,2021-09-18 14:00:00,1.9739428772207017,Strong Long,Break,False,away,-0.0018832617890402548,0.6300732,0.7586295999999999
Burnley,2021,2021-08-14 14:00:00,2021-09-25 14:00:00,1.9864768589509993,Strong Long,Break,True,home,0.027480914310002526,0.6525451999999999,0.2853067999999999
Burnley,2021,2021-08-21 11:30:00,2021-10-02 14:00:00,2.642521391589867,Strong Long,Break,True,away,0.027480914310002526,0.858976,0.264159
Burnley,2021,2021-08-29 13:00:00,2021-10-16 14:00:00,2.1960963058524334,Strong Long,Break,True,home,0.027480914310002526,0.7185039999999999,0.3373929999999999
Burnley,2021,2021-09-13 19:00:00,2021-10-23 14:00:00,2.1856481944005397,Strong Long,Break,True,away,0.027480914310002526,0.7152163999999999,-0.09209
Burnley,2021,2021-09-18 14:00:00,2021-10-30 14:00:00,2.3236169108147458,Strong Long,Break,True,home,0.027480914310002526,0.7586295999999999,-0.3014028
Burnley,2021,2021-09-25 14:00:00,2021-11-06 15:00:00,0.8193799698479899,Weak Long,Break,True,away,0.027480914310002526,0.2853067999999999,-0.0523616
Burnley,2021,2021-10-02 14:00:00,2021-11-20 15:00:00,0.7521714982083887,Weak Long,Break,False,home,0.027480914310002526,0.264159,-0.5608586
Burnley,2021,2021-10-16 14:00:00,2021-12-01 19:30:00,0.9849117932771224,Weak Long,Break,False,away,0.027480914310002526,0.3373929999999999,-0.7371892000000001
Burnley,2021,2021-10-23 14:00:00,2021-12-04 15:00:00,-0.38000068107912044,Neutral,Normal,False,away,0.027480914310002526,-0.09209,-0.3509084
Burnley,2021,2021-10-30 14:00:00,2021-12-12 14:00:00,-1.0452043137314804,Weak Short,Normal,True,home,0.027480914310002526,-0.3014028,-0.1871084
Burnley,2021,2021-11-06 15:00:00,2021-12-30 20:15:00,-0.253742392052047,Neutral,Normal,False,away,0.027480914310002526,-0.0523616,-0.1475752
Burnley,2021,2021-11-20 15:00:00,2022-01-02 14:00:00,-1.8697642100814607,Strong Short,Normal,True,home,0.027480914310002526,-0.5608586,0.2360753999999999
Burnley,2021,2021-12-01 19:30:00,2022-01-23 14:00:00,-2.4301492207820496,Strong Short,Normal,True,away,0.027480914310002526,-0.7371892000000001,0.2747605999999999
Burnley,2021,2021-12-04 15:00:00,2022-02-05 18:00:00,-1.2025348972248677,Weak Short,Normal,True,away,0.027480914310002526,-0.3509084,0.3070217999999999
Burnley,2021,2021-12-12 14:00:00,2022-02-08 20:00:00,-0.6819725855628166,Weak Short,Normal,True,home,0.027480914310002526,-0.1871084,0.1519639999999999
Burnley,2021,2021-12-30 20:15:00,2022-02-13 14:00:00,-0.5563346491806541,Weak Short,Normal,False,away,0.027480914310002526,-0.1475752,0.4097783999999999
Burnley,2021,2022-01-02 14:00:00,2022-02-19 15:00:00,0.6629208038506816,Weak Long,Break,True,away,0.027480914310002526,0.2360753999999999,-0.0180746
Burnley,2021,2022-01-23 14:00:00,2022-02-23 19:30:00,0.7858637656279025,Weak Long,Break,True,away,0.027480914310002526,0.2747605999999999,0.0152847999999999
Burnley,2021,2022-02-05 18:00:00,2022-02-26 15:00:00,0.888391023558255,Weak Long,Break,False,home,0.027480914310002526,0.3070217999999999,-0.2866985999999999
Burnley,2021,2022-02-08 20:00:00,2022-03-01 19:45:00,0.3956117390086094,Neutral,Break,True,home,0.027480914310002526,0.1519639999999999,-0.0328147999999999
Burnley,2021,2022-02-13 14:00:00,2022-03-05 15:00:00,1.2149552069192604,Weak Long,Break,True,home,0.027480914310002526,0.4097783999999999,-0.0951303999999999
Burnley,2021,2022-02-19 15:00:00,2022-03-12 15:00:00,-0.14477706860908768,Neutral,Normal,False,away,0.027480914310002526,-0.0180746,0.5056862
Burnley,2021,2022-02-23 19:30:00,2022-04-02 14:00:00,-0.03875969144389247,Neutral,Normal,False,home,0.027480914310002526,0.0152847999999999,0.40635866
Burnley,2021,2022-02-26 15:00:00,2022-04-06 18:30:00,-0.9984738354461252,Weak Short,Normal,False,away,0.027480914310002526,-0.2866985999999999,0.40403906
Burnley,2021,2022-03-01 19:45:00,2022-04-10 13:00:00,-0.19162195619370861,Neutral,Normal,False,home,0.027480914310002526,-0.0328147999999999,0.4849150599999999
Burnley,2021,2022-03-05 15:00:00,2022-04-17 13:15:00,-0.3896631820093845,Neutral,Normal,False,home,0.027480914310002526,-0.0951303999999999,0.4913426599999999
Burnley,2021,2022-03-12 15:00:00,2022-04-21 18:45:00,1.5197536567020549,Strong Long,Break,True,away,0.027480914310002526,0.5056862,0.3557664599999999
Burnley,2021,2022-04-02 14:00:00,2022-04-24 13:00:00,1.2040871497783379,Weak Long,Break,True,home,0.027480914310002526,0.40635866,0.3985379999999999
Burnley,2021,2022-04-06 18:30:00,2022-04-30 14:00:00,1.1967153772622738,Weak Long,Break,False,home,0.027480914310002526,0.40403906,0.4237039999999998
Burnley,2021,2022-04-10 13:00:00,2022-05-07 14:00:00,1.4537422241363884,Weak Long,Break,True,away,0.027480914310002526,0.4849150599999999,0.1964559999999999
Burnley,2021,2022-04-17 13:15:00,2022-05-15 11:00:00,1.4741693689131834,Weak Long,Break,True,away,0.027480914310002526,0.4913426599999999,0.1461595999999999
Burnley,2021,2022-04-21 18:45:00,2022-05-19 19:00:00,1.0433033122687598,Weak Long,Break,True,home,0.027480914310002526,0.3557664599999999,0.2429075999999999
Burnley,2021,2022-04-24 13:00:00,2022-05-22 15:00:00,1.1792328100449863,Weak Long,Break,True,home,0.027480914310002526,0.3985379999999999,0.2866395999999999
Burnley,2021,2022-04-30 14:00:00,2023-08-11 19:00:00,1.2592112663043704,Weak Long,Break,False,away,0.027480914310002526,0.4237039999999998,0.4748019999999999
Burnley,2021,2022-05-07 14:00:00,2023-08-27 13:00:00,0.5370089207574981,Weak Long,Break,False,home,0.027480914310002526,0.1964559999999999,0.3388669999999999
Burnley,2021,2022-05-15 11:00:00,2023-09-02 14:00:00,0.37716514632355924,Neutral,Break,True,away,0.027480914310002526,0.1461595999999999,0.1460973999999999
Burnley,2021,2022-05-19 19:00:00,2023-09-18 18:45:00,0.684633782029787,Weak Long,Break,True,away,0.027480914310002526,0.2429075999999999,-0.0186064
Burnley,2021,2022-05-22 15:00:00,2023-09-23 19:00:00,0.8236156563497186,Weak Long,Break,True,home,0.027480914310002526,0.2866395999999999,0.0701543999999999
Burnley,2023,2023-08-11 19:00:00,2023-09-30 14:00:00,1.3020429494286896,Weak Long,Break,True,home,0.05289226469707924,0.4748019999999999,0.1683177999999999
Burnley,2023,2023-08-27 13:00:00,2023-10-03 18:30:00,0.8825380328059144,Weak Long,Break,True,home,0.05289226469707924,0.3388669999999999,0.0262379999999999
Burnley,2023,2023-09-02 14:00:00,2023-10-07 14:00:00,0.2876375658518131,Neutral,Break,True,home,0.05289226469707924,0.1460973999999999,0.0843583999999999
Burnley,2023,2023-09-18 18:45:00,2023-10-21 14:00:00,-0.22064987951879939,Neutral,Break,False,away,0.05289226469707924,-0.0186064,0.2614539999999999
Burnley,2023,2023-09-23 19:00:00,2023-10-28 14:00:00,0.053272156773331324,Neutral,Break,True,home,0.05289226469707924,0.0701543999999999,0.0548751999999999
Burnley,2023,2023-09-30 14:00:00,2023-11-04 15:00:00,0.3562112742368848,Neutral,Break,False,away,0.05289226469707924,0.1683177999999999,0.1944653999999999
Burnley,2023,2023-10-03 18:30:00,2023-11-11 15:00:00,-0.08225692492286499,Neutral,Break,False,away,0.05289226469707924,0.0262379999999999,0.2759653999999999
Burnley,2023,2023-10-07 14:00:00,2023-11-25 15:00:00,0.09710669413096477,Neutral,Break,False,home,0.05289226469707924,0.0843583999999999,0.3730929999999999
Burnley,2023,2023-10-21 14:00:00,2023-12-02 15:00:00,0.64363610092289,Weak Long,Break,False,away,0.05289226469707924,0.2614539999999999,-0.2445948
Burnley,2023,2023-10-28 14:00:00,2023-12-05 19:30:00,0.00611947702151829,Neutral,Break,False,away,0.05289226469707924,0.0548751999999999,-0.0687964
Burnley,2023,2023-11-04 15:00:00,2023-12-09 15:00:00,0.43690459647093544,Neutral,Break,False,home,0.05289226469707924,0.1944653999999999,-0.3584324
Burnley,2023,2023-11-11 15:00:00,2023-12-16 17:30:00,0.6884192961785618,Weak Long,Break,True,away,0.05289226469707924,0.2759653999999999,-0.0616866
Burnley,2023,2023-11-25 15:00:00,2023-12-23 15:00:00,0.9881618624033771,Weak Long,Break,False,home,0.05289226469707924,0.3730929999999999,-0.4667146
Burnley,2023,2023-12-02 15:00:00,2023-12-26 17:30:00,-0.918065886431768,Weak Short,Normal,True,home,0.05289226469707924,-0.2445948,0.2068251999999999
Burnley,2023,2023-12-05 19:30:00,2023-12-30 15:00:00,-0.3755397295596063,Neutral,Normal,False,away,0.05289226469707924,-0.0687964,-0.1256372
Burnley,2023,2023-12-09 15:00:00,2024-01-12 19:45:00,-1.2693766812714844,Weak Short,Normal,True,away,0.05289226469707924,-0.3584324,-0.0319152
Burnley,2023,2023-12-16 17:30:00,2024-01-31 19:30:00,-0.3535983895352961,Neutral,Normal,False,home,0.05289226469707924,-0.0616866,-0.0959742
Burnley,2023,2023-12-23 15:00:00,2024-02-03 15:00:00,-1.603543123193952,Strong Short,Normal,True,away,0.05289226469707924,-0.4667146,0.0214537999999999
Burnley,2023,2023-12-26 17:30:00,2024-02-10 15:00:00,0.47504780365432586,Neutral,Normal,False,home,0.05289226469707924,0.2068251999999999,-0.1507780000000001
Burnley,2023,2023-12-30 15:00:00,2024-02-17 15:00:00,-0.5509544135245297,Weak Short,Normal,True,away,0.05289226469707924,-0.1256372,0.0924045999999998
Burnley,2023,2024-01-12 19:45:00,2024-02-24 15:00:00,-0.2617217670705645,Neutral,Normal,True,home,0.05289226469707924,-0.0319152,0.0035629199999998
Burnley,2023,2024-01-31 19:30:00,2024-03-03 13:00:00,-0.45941232104075874,Neutral,Normal,False,away,0.05289226469707924,-0.0959742,0.2262569199999999
Burnley,2023,2024-02-03 15:00:00,2024-03-10 14:00:00,-0.0970213007061929,Neutral,Normal,False,home,0.05289226469707924,0.0214537999999999,0.2016629199999998
Burnley,2023,2024-02-10 15:00:00,2024-03-16 15:00:00,-0.6285406805479593,Weak Short,Normal,False,away,0.05289226469707924,-0.1507780000000001,0.31896892
Burnley,2023,2024-02-17 15:00:00,2024-03-30 15:00:00,0.12193783004246755,Neutral,Break,False,home,0.05289226469707924,0.0924045999999998,0.27278432
Burnley,2023,2024-02-24 15:00:00,2024-04-02 18:45:00,-0.15223380758601135,Neutral,Break,False,away,0.05289226469707924,0.0035629199999998,0.282742
Burnley,2023,2024-03-03 13:00:00,2024-04-06 14:00:00,0.5350154505328862,Weak Long,Break,True,home,0.05289226469707924,0.2262569199999999,0.0312179999999999
Burnley,2023,2024-03-10 14:00:00,2024-04-13 14:00:00,0.45911664654994905,Neutral,Break,False,away,0.05289226469707924,0.2016629199999998,0.4253959999999999
Burnley,2023,2024-03-16 15:00:00,2024-04-20 14:00:00,0.8211311663524382,Weak Long,Break,True,home,0.05289226469707924,0.31896892,-0.02948
Burnley,2023,2024-03-30 15:00:00,2024-04-27 14:00:00,0.6786022608295322,Weak Long,Break,True,away,0.05289226469707924,0.27278432,0.1288579999999998
Burnley,2023,2024-04-02 18:45:00,2024-05-04 14:00:00,0.7093323577005093,Weak Long,Break,True,home,0.05289226469707924,0.282742,0.1609599999999998
Burnley,2023,2024-04-06 14:00:00,2024-05-11 14:00:00,-0.06688829664625175,Neutral,Break,False,away,0.05289226469707924,0.0312179999999999,0.0816281999999998
Burnley,2023,2024-04-13 14:00:00,2024-05-19 15:00:00,1.149572578216972,Weak Long,Break,True,home,0.05289226469707924,0.4253959999999999,-0.0723678000000001
Brighton,2019,2019-08-10 15:00:00,2019-09-21 16:30:00,-1.046844975411938,Weak Short,Break,False,away,0.0509291576620399,-0.2590725999999999,1.0329452
Brighton,2019,2019-08-17 15:00:00,2019-09-28 14:00:00,-0.1948719835281223,Neutral,Normal,False,home,0.0509291576620399,-0.0067781999999999,0.8752758
Brighton,2019,2019-08-24 15:00:00,2019-10-05 12:30:00,0.34063076049453556,Neutral,Break,False,home,0.0509291576620399,0.1518,0.5957676
Brighton,2019,2019-08-31 15:00:00,2019-10-19 15:00:00,0.3103636046390959,Neutral,Normal,False,away,0.0509291576620399,0.142837,0.4879285999999999
Brighton,2019,2019-09-14 14:00:00,2019-10-26 15:00:00,1.0466203598054789,Weak Long,Break,True,home,0.0509291576620399,0.3608644,-0.0186034
Brighton,2019,2019-09-21 16:30:00,2019-11-02 15:00:00,3.3161700999648662,Strong Long,Normal,True,away,0.0509291576620399,1.0329452,-0.1307954
Brighton,2019,2019-09-28 14:00:00,2019-11-10 14:00:00,2.7837362827793637,Strong Long,Break,True,away,0.0509291576620399,0.8752758,-0.227208
Brighton,2019,2019-10-05 12:30:00,2019-11-23 15:00:00,1.8398650061673576,Strong Long,Normal,True,home,0.0509291576620399,0.5957676,0.0096991999999999
Brighton,2019,2019-10-19 15:00:00,2019-11-30 15:00:00,1.475703473165599,Weak Long,Break,True,away,0.0509291576620399,0.4879285999999999,-0.0811485999999999
Brighton,2019,2019-10-26 15:00:00,2019-12-05 20:15:00,-0.2348045029325347,Neutral,Normal,False,home,0.0509291576620399,-0.0186034,0.1951854
Brighton,2019,2019-11-02 15:00:00,2019-12-08 16:30:00,-0.6136656821954477,Weak Short,Break,False,home,0.0509291576620399,-0.1307954,-0.1454823999999999
Brighton,2019,2019-11-10 14:00:00,2019-12-16 19:45:00,-0.9392414035642042,Weak Short,Normal,True,away,0.0509291576620399,-0.227208,0.1243876
Brighton,2019,2019-11-23 15:00:00,2019-12-21 15:00:00,-0.13922944934398576,Neutral,Break,True,home,0.0509291576620399,0.0096991999999999,0.0531206
Brighton,2019,2019-11-30 15:00:00,2019-12-26 12:30:00,-0.44601339687537117,Neutral,Normal,True,away,0.0509291576620399,-0.0811485999999999,0.0976144
Brighton,2019,2019-12-05 20:15:00,2019-12-28 12:30:00,0.48713892334744124,Neutral,Break,True,away,0.0509291576620399,0.1951854,0.0024744
Brighton,2019,2019-12-08 16:30:00,2020-01-01 12:30:00,-0.6632622143887803,Weak Short,Normal,False,home,0.0509291576620399,-0.1454823999999999,0.3261062
Brighton,2019,2019-12-16 19:45:00,2020-01-11 15:00:00,0.24806182340074392,Neutral,Break,False,away,0.0509291576620399,0.1243876,0.3360442
Brighton,2019,2019-12-21 15:00:00,2020-01-18 15:00:00,0.007400281913561024,Neutral,Normal,False,home,0.0509291576620399,0.0531206,0.310426
Brighton,2019,2019-12-26 12:30:00,2020-01-21 19:30:00,0.1576514008693529,Neutral,Break,False,away,0.0509291576620399,0.0976144,0.486866
Brighton,2019,2019-12-28 12:30:00,2020-02-01 15:00:00,-0.16362687739534998,Neutral,Normal,False,home,0.0509291576620399,0.0024744,0.4814719999999999
Brighton,2019,2020-01-01 12:30:00,2020-02-08 17:30:00,0.9292453897447244,Weak Long,Break,True,home,0.0509291576620399,0.3261062,0.319918
Brighton,2019,2020-01-11 15:00:00,2020-02-22 15:00:00,0.9628050232258535,Weak Long,Normal,True,away,0.0509291576620399,0.3360442,0.0253399999999999
Brighton,2019,2020-01-18 15:00:00,2020-02-29 12:30:00,0.8762949203433559,Weak Long,Break,False,home,0.0509291576620399,0.310426,0.322708
Brighton,2019,2020-01-21 19:30:00,2020-03-07 15:00:00,1.4721151790886176,Weak Long,Normal,True,away,0.0509291576620399,0.486866,0.1900287999999999
Brighton,2019,2020-02-01 15:00:00,2020-06-20 14:00:00,1.453900179793265,Weak Long,Break,True,away,0.0509291576620399,0.4814719999999999,0.1178653999999999
Brighton,2019,2020-02-08 17:30:00,2020-06-23 17:00:00,0.9083484563669899,Weak Long,Normal,False,home,0.0509291576620399,0.319918,0.3859173999999999
Brighton,2019,2020-02-22 15:00:00,2020-06-30 19:15:00,-0.08641202980769644,Neutral,Break,False,away,0.0509291576620399,0.0253399999999999,0.4358734
Brighton,2019,2020-02-29 12:30:00,2020-07-04 11:30:00,0.9177700077266551,Weak Long,Normal,True,home,0.0509291576620399,0.322708,0.0590586
Brighton,2019,2020-03-07 15:00:00,2020-07-08 19:15:00,0.4697256001426924,Neutral,Break,False,away,0.0509291576620399,0.1900287999999999,0.2702038
Brighton,2019,2020-06-20 14:00:00,2020-07-11 19:00:00,0.2260370053799527,Neutral,Normal,False,home,0.0509291576620399,0.1178653999999999,0.5659268
Brighton,2019,2020-06-23 17:00:00,2020-07-16 19:15:00,1.131221838735115,Weak Long,Break,True,away,0.0509291576620399,0.3859173999999999,0.2800007999999999
Brighton,2019,2020-06-30 19:15:00,2020-07-20 17:00:00,1.299918261575051,Weak Long,Normal,True,home,0.0509291576620399,0.4358734,0.3891539999999999
Brighton,2019,2020-07-04 11:30:00,2020-07-26 15:00:00,0.027452314879041446,Neutral,Break,False,away,0.0509291576620399,0.0590586,0.2824647999999999
Brighton,2019,2020-07-08 19:15:00,2020-09-14 19:15:00,0.7404685679782251,Weak Long,Normal,True,home,0.0509291576620399,0.2702038,0.0981067999999999
Brighton,2019,2020-07-11 19:00:00,2020-09-20 13:00:00,1.7390956048005157,Strong Long,Break,True,home,0.0509291576620399,0.5659268,-0.1564908
Brighton,2019,2020-07-16 19:15:00,2020-09-26 11:30:00,0.7735520585411771,Weak Long,Normal,True,away,0.0509291576620399,0.2800007999999999,0.1042991999999999
Brighton,2019,2020-07-20 17:00:00,2020-10-03 14:00:00,1.1421515136923521,Weak Long,Break,True,home,0.0509291576620399,0.3891539999999999,-0.2337440000000001
Brighton,2019,2020-07-26 15:00:00,2020-10-18 13:00:00,0.7818727404588168,Weak Long,Normal,True,away,0.0509291576620399,0.2824647999999999,-0.088964
Brighton,2020,2020-09-14 19:15:00,2020-10-26 17:30:00,-0.06076165334334391,Neutral,Break,False,home,0.11586476267952854,0.0981067999999999,-0.2681646000000001
Brighton,2020,2020-09-20 13:00:00,2020-11-01 19:15:00,-0.931907256722771,Weak Short,Normal,False,away,0.11586476267952854,-0.1564908,-0.1785932
Brighton,2020,2020-09-26 11:30:00,2020-11-06 17:30:00,-0.03957338591911537,Neutral,Break,False,home,0.11586476267952854,0.1042991999999999,-0.0558672
Brighton,2020,2020-10-03 14:00:00,2020-11-21 15:00:00,-1.1962411920269203,Weak Short,Normal,True,away,0.11586476267952854,-0.2337440000000001,0.0110727999999999
Brighton,2020,2020-10-18 13:00:00,2020-11-28 12:30:00,-0.7008537238918177,Weak Short,Break,True,away,0.11586476267952854,-0.088964,0.2538167999999999
Brighton,2020,2020-10-26 17:30:00,2020-12-07 20:00:00,-1.3140166712760644,Weak Short,Normal,False,home,0.11586476267952854,-0.2681646000000001,0.5512074
Brighton,2020,2020-11-01 19:15:00,2020-12-13 19:15:00,-1.0075340834647886,Weak Short,Break,False,away,0.11586476267952854,-0.1785932,0.8446505999999999
Brighton,2020,2020-11-06 17:30:00,2020-12-16 20:00:00,-0.5876078338837099,Weak Short,Normal,False,home,0.11586476267952854,-0.0558672,0.6190977999999999
Brighton,2020,2020-11-21 15:00:00,2020-12-20 12:00:00,-0.35856212924934255,Neutral,Break,False,away,0.11586476267952854,0.0110727999999999,1.0992158
Brighton,2020,2020-11-28 12:30:00,2020-12-27 14:15:00,0.4720245233614272,Neutral,Normal,False,home,0.11586476267952854,0.2538167999999999,0.7388738
Brighton,2020,2020-12-07 20:00:00,2020-12-29 18:00:00,1.4895930851875012,Weak Long,Break,False,home,0.11586476267952854,0.5512074,0.6919953999999999
Brighton,2020,2020-12-13 19:15:00,2021-01-02 17:30:00,2.493654999053107,Strong Long,Normal,True,away,0.11586476267952854,0.8446505999999999,0.4182208
Brighton,2020,2020-12-16 20:00:00,2021-01-13 18:00:00,1.7218907324224737,Strong Long,Break,True,away,0.11586476267952854,0.6190977999999999,0.3611464
Brighton,2020,2020-12-20 12:00:00,2021-01-16 15:00:00,3.364689740752969,Strong Long,Normal,True,home,0.11586476267952854,1.0992158,0.0098003999999999
Brighton,2020,2020-12-27 14:15:00,2021-01-27 19:30:00,2.1317230945121963,Strong Long,Break,True,away,0.11586476267952854,0.7388738,0.5669564
Brighton,2020,2020-12-29 18:00:00,2021-01-31 19:15:00,1.9713212994698934,Strong Long,Normal,True,home,0.11586476267952854,0.6919953999999999,0.5618548000000001
Brighton,2020,2021-01-02 17:30:00,2021-02-03 20:15:00,1.0345585840830973,Weak Long,Break,False,home,0.11586476267952854,0.4182208,0.7152488
Brighton,2020,2021-01-13 18:00:00,2021-02-06 15:00:00,0.8392695765452461,Weak Long,Normal,False,away,0.11586476267952854,0.3611464,0.6023683999999999
Brighton,2020,2021-01-16 15:00:00,2021-02-13 20:00:00,-0.36291584533205495,Neutral,Break,False,away,0.11586476267952854,0.0098003999999999,1.0399844
Brighton,2020,2021-01-27 19:30:00,2021-02-22 20:00:00,1.5434807577642364,Strong Long,Normal,False,home,0.11586476267952854,0.5669564,0.9001344
Brighton,2020,2021-01-31 19:15:00,2021-02-27 15:00:00,1.5260248335520663,Strong Long,Break,False,home,0.11586476267952854,0.5618548000000001,1.3695844
Brighton,2020,2021-02-03 20:15:00,2021-03-06 20:00:00,2.0508864531619286,Strong Long,Normal,False,away,0.11586476267952854,0.7152488,1.2825723999999998
Brighton,2020,2021-02-06 15:00:00,2021-03-14 12:00:00,1.6646484675418314,Strong Long,Break,False,away,0.11586476267952854,0.6023683999999999,1.1392294
Brighton,2020,2021-02-13 20:00:00,2021-03-20 20:00:00,3.162020219547709,Strong Long,Normal,True,home,0.11586476267952854,1.0399844,0.2631495999999999
Brighton,2020,2021-02-22 20:00:00,2021-04-04 18:30:00,2.68350151932189,Strong Long,Break,True,home,0.11586476267952854,0.9001344,0.0268835999999999
Brighton,2020,2021-02-27 15:00:00,2021-04-12 19:15:00,4.289798293158219,Strong Long,Normal,True,away,0.11586476267952854,1.3695844,-0.3644084
Brighton,2020,2021-03-06 20:00:00,2021-04-20 19:00:00,3.992073093701308,Strong Long,Break,True,home,0.11586476267952854,1.2825723999999998,-0.2234368
Brighton,2020,2021-03-14 12:00:00,2021-04-24 19:00:00,3.5016025463543685,Strong Long,Normal,True,away,0.11586476267952854,1.1392294,0.4094457999999999
Brighton,2020,2021-03-20 20:00:00,2021-05-01 14:00:00,0.5039581617273015,Weak Long,Break,False,home,0.11586476267952854,0.2631495999999999,0.9241456
Brighton,2020,2021-04-04 18:30:00,2021-05-09 11:00:00,-0.3044629982838054,Neutral,Normal,False,away,0.11586476267952854,0.0268835999999999,0.6971455999999999
Brighton,2020,2021-04-12 19:15:00,2021-05-15 19:00:00,-1.6433299217643993,Strong Short,Break,True,home,0.11586476267952854,-0.3644084,0.448733
Brighton,2020,2021-04-20 19:00:00,2021-05-18 18:00:00,-1.160973491297799,Weak Short,Normal,True,away,0.11586476267952854,-0.2234368,0.0024674
Brighton,2020,2021-04-24 19:00:00,2021-05-23 15:00:00,1.0045335458672833,Weak Long,Break,False,away,0.11586476267952854,0.4094457999999999,-0.370815
Brighton,2020,2021-05-01 14:00:00,2021-08-14 14:00:00,2.765659604519332,Strong Long,Normal,True,home,0.11586476267952854,0.9241456,-0.538839
Brighton,2020,2021-05-09 11:00:00,2021-08-21 16:30:00,1.988943516201413,Strong Long,Break,True,away,0.11586476267952854,0.6971455999999999,-0.4381889999999999
Brighton,2020,2021-05-15 19:00:00,2021-08-28 14:00:00,1.1389608599860663,Weak Long,Normal,False,home,0.11586476267952854,0.448733,-0.2823819999999999
Brighton,2020,2021-05-18 18:00:00,2021-09-11 14:00:00,-0.3880068544758225,Neutral,Break,False,home,0.11586476267952854,0.0024674,-0.0704495999999999
Brighton,2020,2021-05-23 15:00:00,2021-09-19 13:00:00,-1.6652511080702035,Strong Short,Normal,True,away,0.11586476267952854,-0.370815,-0.2143671999999999
Brighton,2021,2021-08-14 14:00:00,2021-09-27 19:00:00,-1.9499526293879132,Strong Short,Break,True,away,0.17042418037572038,-0.538839,-0.221514
Brighton,2021,2021-08-21 16:30:00,2021-10-02 16:30:00,-1.6732390799210894,Strong Short,Normal,True,home,0.17042418037572038,-0.4381889999999999,0.0457959999999999
Brighton,2021,2021-08-28 14:00:00,2021-10-16 14:00:00,-1.2448843059342305,Weak Short,Break,True,home,0.17042418037572038,-0.2823819999999999,0.1406156
Brighton,2021,2021-09-11 14:00:00,2021-10-23 16:30:00,-0.66222591893947,Weak Short,Normal,True,away,0.17042418037572038,-0.0704495999999999,0.3169352
Brighton,2021,2021-09-19 13:00:00,2021-10-30 14:00:00,-1.0578935784203098,Weak Short,Break,True,home,0.17042418037572038,-0.2143671999999999,0.3241232
Brighton,2021,2021-09-27 19:00:00,2021-11-06 17:30:00,-1.0775420274548804,Weak Short,Normal,True,away,0.17042418037572038,-0.221514,0.480456
Brighton,2021,2021-10-02 16:30:00,2021-11-20 15:00:00,-0.34263592802143206,Neutral,Break,False,home,0.17042418037572038,0.0457959999999999,0.3739114
Brighton,2021,2021-10-16 14:00:00,2021-11-27 17:30:00,-0.08195169478720998,Neutral,Normal,False,away,0.17042418037572038,0.1406156,0.5197634
Brighton,2021,2021-10-23 16:30:00,2021-12-01 19:30:00,0.4027976579854729,Neutral,Break,False,home,0.17042418037572038,0.3169352,0.5380034
Brighton,2021,2021-10-30 14:00:00,2021-12-04 15:00:00,0.4225593767491841,Neutral,Normal,False,away,0.17042418037572038,0.3241232,0.7333794
Brighton,2021,2021-11-06 17:30:00,2021-12-15 19:30:00,0.8523597144152252,Weak Long,Break,False,home,0.17042418037572038,0.480456,0.8873694000000001
Brighton,2021,2021-11-20 15:00:00,2021-12-26 20:00:00,0.5594403458854394,Weak Long,Normal,False,away,0.17042418037572038,0.3739114,0.5594845999999999
Brighton,2021,2021-11-27 17:30:00,2021-12-29 19:30:00,0.9604261841053614,Weak Long,Break,True,home,0.17042418037572038,0.5197634,0.1358145999999999
Brighton,2021,2021-12-01 19:30:00,2022-01-02 14:00:00,1.0105727826376503,Weak Long,Normal,False,away,0.17042418037572038,0.5380034,-0.2195314
Brighton,2021,2021-12-04 15:00:00,2022-01-14 20:00:00,1.547713234109385,Strong Long,Break,True,away,0.17042418037572038,0.7333794,-0.0808654
Brighton,2021,2021-12-15 19:30:00,2022-01-18 09:45:00,1.9710725930999085,Strong Long,Normal,True,home,0.17042418037572038,0.8873694000000001,-0.37159
Brighton,2021,2021-12-26 20:00:00,2022-01-23 14:00:00,1.0696302997643934,Weak Long,Break,True,home,0.17042418037572038,0.5594845999999999,-0.1207865999999999
Brighton,2021,2021-12-29 19:30:00,2022-02-12 15:00:00,-0.09515091735045142,Neutral,Normal,False,away,0.17042418037572038,0.1358145999999999,-0.1172005999999999
Brighton,2021,2022-01-02 14:00:00,2022-02-15 20:15:00,-1.0720913341297644,Weak Short,Break,True,away,0.17042418037572038,-0.2195314,0.4383633999999999
Brighton,2021,2022-01-14 20:00:00,2022-02-19 15:00:00,-0.6908617161430126,Weak Short,Normal,True,home,0.17042418037572038,-0.0808654,0.2914313999999999
Brighton,2021,2022-01-18 09:45:00,2022-02-26 15:30:00,-1.4901407621770164,Weak Short,Break,True,home,0.17042418037572038,-0.37159,0.4673413999999999
Brighton,2021,2022-01-23 14:00:00,2022-03-05 15:00:00,-0.8006156848561268,Weak Short,Normal,False,away,0.17042418037572038,-0.1207865999999999,0.5578554
Brighton,2021,2022-02-12 15:00:00,2022-03-12 12:30:00,-0.7907568195964344,Weak Short,Break,False,away,0.17042418037572038,-0.1172005999999999,0.7228066
Brighton,2021,2022-02-15 20:15:00,2022-03-16 19:30:00,0.7366359910939411,Weak Long,Normal,False,away,0.17042418037572038,0.4383633999999999,0.6787905999999999
Brighton,2021,2022-02-19 15:00:00,2022-04-02 14:00:00,0.33268094638197565,Neutral,Break,False,home,0.17042418037572038,0.2914313999999999,1.0662105999999998
Brighton,2021,2022-02-26 15:30:00,2022-04-09 14:00:00,0.8163042000998985,Weak Long,Normal,False,home,0.17042418037572038,0.4673413999999999,0.6600104
Brighton,2021,2022-03-05 15:00:00,2022-04-16 11:30:00,1.0651511967858407,Weak Long,Break,True,away,0.17042418037572038,0.5578554,0.4722513999999999
Brighton,2021,2022-03-12 12:30:00,2022-04-20 19:00:00,1.5186458022583882,Strong Long,Normal,True,home,0.17042418037572038,0.7228066,0.3698589999999999
Brighton,2021,2022-03-16 19:30:00,2022-04-24 13:00:00,1.3976341421159966,Weak Long,Break,True,home,0.17042418037572038,0.6787905999999999,0.1362029999999998
Brighton,2021,2022-04-02 14:00:00,2022-04-30 14:00:00,2.462754493178458,Strong Long,Normal,True,home,0.17042418037572038,1.0662105999999998,-0.3590330000000001
Brighton,2021,2022-04-09 14:00:00,2022-05-07 16:30:00,1.346002390484632,Weak Long,Break,True,away,0.17042418037572038,0.6600104,-0.3129822000000001
Brighton,2021,2022-04-16 11:30:00,2022-05-15 13:00:00,0.8298030925776143,Weak Long,Normal,True,away,0.17042418037572038,0.4722513999999999,-0.0034172
Brighton,2021,2022-04-20 19:00:00,2022-05-22 15:00:00,0.5482992233036273,Weak Long,Break,False,away,0.17042418037572038,0.3698589999999999,-0.29134
Brighton,2021,2022-04-24 13:00:00,2022-08-07 13:00:00,-0.09408310271942423,Neutral,Normal,False,home,0.17042418037572038,0.1362029999999998,-0.320246
Brighton,2021,2022-04-30 14:00:00,2022-08-13 14:00:00,-1.4556182381764713,Weak Short,Break,True,away,0.17042418037572038,-0.3590330000000001,0.020066
Brighton,2021,2022-05-07 16:30:00,2022-08-21 13:00:00,-1.3290123730618484,Weak Short,Normal,True,home,0.17042418037572038,-0.3129822000000001,0.2200839999999999
Brighton,2021,2022-05-15 13:00:00,2022-08-27 14:00:00,-0.4779360696272011,Neutral,Break,True,away,0.17042418037572038,-0.0034172,0.0902599999999999
Brighton,2021,2022-05-22 15:00:00,2022-08-30 18:30:00,-1.2695122242265686,Weak Short,Normal,True,home,0.17042418037572038,-0.29134,0.5054299999999999
Brighton,2022,2022-08-07 13:00:00,2022-09-04 13:00:00,-1.3431936048755186,Weak Short,Break,True,away,0.17508152127885188,-0.320246,0.1059819999999998
Brighton,2022,2022-08-13 14:00:00,2022-10-01 14:00:00,-0.42035995960939265,Neutral,Normal,False,home,0.17508152127885188,0.020066,-0.3425540000000001
Brighton,2022,2022-08-21 13:00:00,2022-10-08 16:30:00,0.12203449036251528,Neutral,Break,False,away,0.17508152127885188,0.2200839999999999,-0.127897
Brighton,2022,2022-08-27 14:00:00,2022-10-14 19:00:00,-0.2300129107371508,Neutral,Normal,True,home,0.17508152127885188,0.0902599999999999,0.1814669999999999
Brighton,2022,2022-08-30 18:30:00,2022-10-18 18:30:00,0.8958152836995357,Weak Long,Break,True,away,0.17508152127885188,0.5054299999999999,0.4511249999999999
Brighton,2022,2022-09-04 13:00:00,2022-10-22 14:00:00,-0.18737912006601976,Neutral,Normal,False,home,0.17508152127885188,0.1059819999999998,0.8105189999999999
Brighton,2022,2022-10-01 14:00:00,2022-10-29 14:00:00,-1.4036868374344553,Weak Short,Break,False,away,0.17508152127885188,-0.3425540000000001,0.7135849999999998
Brighton,2022,2022-10-08 16:30:00,2022-11-05 15:00:00,-0.8215953984258665,Weak Short,Normal,True,home,0.17508152127885188,-0.127897,0.3083879999999998
Brighton,2022,2022-10-14 19:00:00,2022-11-13 14:00:00,0.017315682682380634,Neutral,Break,False,away,0.17508152127885188,0.1814669999999999,-0.1571266000000001
Brighton,2022,2022-10-18 18:30:00,2022-12-26 15:00:00,0.7485548841068764,Weak Long,Normal,False,home,0.17508152127885188,0.4511249999999999,-0.9760746
Brighton,2022,2022-10-22 14:00:00,2022-12-31 17:30:00,1.7231337267770561,Strong Long,Break,False,away,0.17508152127885188,0.8105189999999999,-1.0504746
Brighton,2022,2022-10-29 14:00:00,2023-01-03 19:45:00,1.460275065988642,Weak Long,Normal,False,home,0.17508152127885188,0.7135849999999998,-1.1252126000000002
Brighton,2022,2022-11-05 15:00:00,2023-01-14 15:00:00,0.36149093683392947,Neutral,Break,False,away,0.17508152127885188,0.3083879999999998,-1.0198386000000002
Brighton,2022,2022-11-13 14:00:00,2023-01-21 15:00:00,-0.9008581288546226,Weak Short,Normal,False,home,0.17508152127885188,-0.1571266000000001,-0.9966780000000002
Brighton,2022,2022-12-26 15:00:00,2023-02-04 15:00:00,-3.1216225101382786,Strong Short,Break,True,away,0.17508152127885188,-0.9760746,-0.2867140000000001
Brighton,2022,2022-12-31 17:30:00,2023-02-11 15:00:00,-3.323375087795839,Strong Short,Normal,True,home,0.17508152127885188,-1.0504746,0.2119219999999998
Brighton,2022,2023-01-03 19:45:00,2023-02-18 15:00:00,-3.526044229583081,Strong Short,Break,True,away,0.17508152127885188,-1.1252126000000002,1.05321
Brighton,2022,2023-01-14 15:00:00,2023-03-04 15:00:00,-3.240298582834589,Strong Short,Normal,True,home,0.17508152127885188,-1.0198386000000002,1.0730719999999998
Brighton,2022,2023-01-21 15:00:00,2023-03-11 15:00:00,-3.1774933308171738,Strong Short,Break,True,away,0.17508152127885188,-0.9966780000000002,0.9868659999999998
Brighton,2022,2023-02-04 15:00:00,2023-03-15 19:30:00,-1.252263935063512,Weak Short,Normal,True,home,0.17508152127885188,-0.2867140000000001,0.5932193999999998
Brighton,2022,2023-02-11 15:00:00,2023-04-01 14:00:00,0.09990136484045846,Neutral,Break,False,away,0.17508152127885188,0.2119219999999998,0.4271573999999999
Brighton,2022,2023-02-18 15:00:00,2023-04-04 18:45:00,2.3812457539852696,Strong Long,Normal,True,home,0.17508152127885188,1.05321,0.0111913999999998
Brighton,2022,2023-03-04 15:00:00,2023-04-08 14:00:00,2.4351060993808935,Strong Long,Break,True,home,0.17508152127885188,1.0730719999999998,0.2063033999999998
Brighton,2022,2023-03-11 15:00:00,2023-04-15 14:00:00,2.201338858661167,Strong Long,Normal,True,away,0.17508152127885188,0.9868659999999998,0.4077413999999998
Brighton,2022,2023-03-15 19:30:00,2023-04-26 18:30:00,1.1338762748421518,Weak Long,Break,False,home,0.17508152127885188,0.5932193999999998,0.7561239999999998
Brighton,2022,2023-04-01 14:00:00,2023-04-29 14:00:00,0.6835612674366432,Weak Long,Normal,True,home,0.17508152127885188,0.4271573999999999,0.1131659999999997
Brighton,2022,2023-04-04 18:45:00,2023-05-04 19:00:00,-0.4444254626427237,Neutral,Break,True,away,0.17508152127885188,0.0111913999999998,0.2062879999999998
Brighton,2022,2023-04-08 14:00:00,2023-05-08 16:30:00,0.08466524880784057,Neutral,Normal,False,away,0.17508152127885188,0.2063033999999998,0.5586239999999998
Brighton,2022,2023-04-15 14:00:00,2023-05-14 15:30:00,0.6309103528156862,Weak Long,Break,True,away,0.17508152127885188,0.4077413999999998,0.2969619999999998
Brighton,2022,2023-04-26 18:30:00,2023-05-18 18:30:00,1.5756292716469078,Strong Long,Normal,True,away,0.17508152127885188,0.7561239999999998,-0.0504674000000001
Brighton,2022,2023-04-29 14:00:00,2023-05-21 13:00:00,-0.16789806471801041,Neutral,Break,False,home,0.17508152127885188,0.1131659999999997,0.3114265999999999
Brighton,2022,2023-05-04 19:00:00,2023-05-24 19:00:00,0.08462348819364801,Neutral,Normal,False,home,0.17508152127885188,0.2062879999999998,0.3144925999999999
Brighton,2022,2023-05-08 16:30:00,2023-05-28 15:30:00,1.0400629532683026,Weak Long,Break,True,home,0.17508152127885188,0.5586239999999998,-0.0867074
Brighton,2022,2023-05-14 15:30:00,2023-08-12 14:00:00,0.3305067304856057,Neutral,Normal,True,away,0.17508152127885188,0.2969619999999998,0.1442365999999998
Brighton,2022,2023-05-18 18:30:00,2023-08-19 14:00:00,-0.611627369030788,Weak Short,Break,True,away,0.17508152127885188,-0.0504674000000001,0.0566619999999998
Brighton,2022,2023-05-21 13:00:00,2023-08-26 16:30:00,0.36973079412519677,Neutral,Normal,True,home,0.17508152127885188,0.3114265999999999,0.2486859999999998
Brighton,2022,2023-05-24 19:00:00,2023-09-02 16:30:00,0.3780449527689882,Neutral,Break,False,home,0.17508152127885188,0.3144925999999999,-0.3097700000000001
Brighton,2022,2023-05-28 15:30:00,2023-09-16 14:00:00,-0.7099003987930189,Weak Short,Normal,False,away,0.17508152127885188,-0.0867074,-0.5681880000000001
Brighton,2023,2023-08-12 14:00:00,2023-09-24 13:00:00,-0.0595538704511578,Neutral,Break,False,home,0.16816155186507029,0.1442365999999998,-0.8126180000000002
Brighton,2023,2023-08-19 14:00:00,2023-09-30 11:30:00,-0.27754412650790067,Neutral,Normal,False,away,0.16816155186507029,0.0566619999999998,-0.4981040000000001
Brighton,2023,2023-08-26 16:30:00,2023-10-08 13:00:00,0.2004410533163862,Neutral,Break,False,home,0.16816155186507029,0.2486859999999998,-0.5265900000000002
Brighton,2023,2023-09-02 16:30:00,2023-10-21 14:00:00,-1.1896648271149761,Weak Short,Normal,True,home,0.16816155186507029,-0.3097700000000001,-0.1983594000000001
Brighton,2023,2023-09-16 14:00:00,2023-10-29 14:00:00,-1.8329176194733927,Strong Short,Break,True,away,0.16816155186507029,-0.5681880000000001,0.0778165999999998
Brighton,2023,2023-09-24 13:00:00,2023-11-04 15:00:00,-2.441351552234144,Strong Short,Normal,True,home,0.16816155186507029,-0.8126180000000002,0.1372483999999998
Brighton,2023,2023-09-30 11:30:00,2023-11-12 14:00:00,-1.6584648774057067,Strong Short,Break,True,away,0.16816155186507029,-0.4981040000000001,0.0088123999999998
Brighton,2023,2023-10-08 13:00:00,2023-11-25 15:00:00,-1.7293720860487654,Strong Short,Normal,True,home,0.16816155186507029,-0.5265900000000002,-0.3939776000000001
Brighton,2023,2023-10-21 14:00:00,2023-12-03 14:00:00,-0.9123421191444532,Weak Short,Break,False,away,0.16816155186507029,-0.1983594000000001,-0.6157126
Brighton,2023,2023-10-29 14:00:00,2023-12-06 19:30:00,-0.2248862020551715,Neutral,Normal,False,home,0.16816155186507029,0.0778165999999998,-0.7715066
Brighton,2023,2023-11-04 15:00:00,2023-12-09 15:00:00,-0.07694886291901641,Neutral,Break,False,away,0.16816155186507029,0.1372483999999998,-0.2675104
Brighton,2023,2023-11-12 14:00:00,2023-12-17 14:00:00,-0.39665111136666936,Neutral,Normal,False,home,0.16816155186507029,0.0088123999999998,-0.1521016
Brighton,2023,2023-11-25 15:00:00,2023-12-21 20:00:00,-1.399273963621723,Weak Short,Break,True,away,0.16816155186507029,-0.3939776000000001,0.2716204
Brighton,2023,2023-12-03 14:00:00,2023-12-28 19:30:00,-1.9512156159586096,Strong Short,Normal,True,away,0.16816155186507029,-0.6157126,0.4700128
Brighton,2023,2023-12-06 19:30:00,2024-01-02 18:30:00,-2.3390172610943476,Strong Short,Break,True,home,0.16816155186507029,-0.7715066,0.9928548
Brighton,2023,2023-12-09 15:00:00,2024-01-22 19:45:00,-1.0844724422812964,Weak Short,Normal,False,home,0.16816155186507029,-0.2675104,0.8743808
Brighton,2023,2023-12-17 14:00:00,2024-01-30 19:45:00,-0.7971974348795906,Weak Short,Break,False,away,0.16816155186507029,-0.1521016,0.944502
Brighton,2023,2023-12-21 20:00:00,2024-02-03 15:00:00,0.2575292470221845,Neutral,Normal,False,away,0.16816155186507029,0.2716204,0.462378
Brighton,2023,2023-12-28 19:30:00,2024-02-10 15:00:00,0.751366616256092,Weak Long,Break,False,home,0.16816155186507029,0.4700128,0.5915439999999998
Brighton,2023,2024-01-02 18:30:00,2024-02-18 14:00:00,2.052822306116161,Strong Long,Normal,True,away,0.16816155186507029,0.9928548,-0.168398
Brighton,2023,2024-01-22 19:45:00,2024-02-24 15:00:00,1.757917418214114,Strong Long,Break,True,home,0.16816155186507029,0.8743808,-0.3116580000000001
Brighton,2023,2024-01-30 19:45:00,2024-03-02 15:00:00,1.9324627583356342,Strong Long,Normal,True,away,0.16816155186507029,0.944502,-0.283994
Brighton,2023,2024-02-03 15:00:00,2024-03-10 14:00:00,0.732362110304115,Weak Long,Break,True,home,0.16816155186507029,0.462378,0.0377275999999999
Brighton,2023,2024-02-10 15:00:00,2024-03-31 14:00:00,1.0538814710985143,Weak Long,Normal,True,away,0.16816155186507029,0.5915439999999998,-0.1729984
Brighton,2023,2024-02-18 14:00:00,2024-04-03 18:30:00,-0.8377623522049692,Weak Short,Break,True,away,0.16816155186507029,-0.168398,0.4007116
Brighton,2023,2024-02-24 15:00:00,2024-04-06 16:30:00,-1.1943644272665628,Weak Short,Normal,True,home,0.16816155186507029,-0.3116580000000001,0.3556544
Brighton,2023,2024-03-02 15:00:00,2024-04-13 14:00:00,-1.1255033369098408,Weak Short,Break,True,away,0.16816155186507029,-0.283994,0.1031473999999999
Brighton,2023,2024-03-10 14:00:00,2024-04-25 19:00:00,-0.32467554023152345,Neutral,Normal,False,home,0.16816155186507029,0.0377275999999999,0.3106479999999999
Brighton,2023,2024-03-31 14:00:00,2024-04-28 13:00:00,-0.8492136448624688,Weak Short,Break,False,away,0.16816155186507029,-0.1729984,0.694168
Brighton,2023,2024-04-03 18:30:00,2024-05-05 13:00:00,0.5788624160309178,Weak Long,Normal,False,away,0.16816155186507029,0.4007116,0.776492
Brighton,2023,2024-04-06 16:30:00,2024-05-11 14:00:00,0.4667062592777053,Neutral,Break,False,home,0.16816155186507029,0.3556544,0.8739011999999999
Brighton,2023,2024-04-13 14:00:00,2024-05-15 18:45:00,-0.16183290146205248,Neutral,Normal,False,away,0.16816155186507029,0.1031473999999999,0.9608582
Brighton,2023,2024-04-25 19:00:00,2024-05-19 15:00:00,0.3546765536302664,Neutral,Break,False,home,0.16816155186507029,0.3106479999999999,1.240794
Brighton,2023,2024-04-28 13:00:00,2024-08-17 14:00:00,1.3093326183211933,Weak Long,Normal,False,away,0.16816155186507029,0.694168,0.7275959999999999
Brighton,2023,2024-05-05 13:00:00,2024-08-24 11:30:00,1.5142531071343341,Strong Long,Break,True,home,0.16816155186507029,0.776492,0.4287699999999999
Brighton,2023,2024-05-11 14:00:00,2024-08-31 11:30:00,1.7567236002942512,Strong Long,Normal,True,away,0.16816155186507029,0.8739011999999999,0.4091539999999999
Brighton,2023,2024-05-15 18:45:00,2024-09-14 14:00:00,1.9731765295217465,Strong Long,Break,True,home,0.16816155186507029,0.9608582,0.6956999999999999
Brighton,2023,2024-05-19 15:00:00,2024-09-22 13:00:00,2.6699913219552736,Strong Long,Normal,True,home,0.16816155186507029,1.240794,0.2150319999999999
Brighton,2024,2024-08-17 14:00:00,2024-09-28 14:00:00,1.274683205979638,Weak Long,Break,True,away,0.18219854282525474,0.7275959999999999,0.2982899999999999
Brighton,2024,2024-08-24 11:30:00,2024-10-06 15:30:00,0.5762778894546136,Weak Long,Normal,True,home,0.18219854282525474,0.4287699999999999,0.0644179999999999
Brighton,2024,2024-08-31 11:30:00,2024-10-19 14:00:00,0.5304320839057161,Weak Long,Break,True,away,0.18219854282525474,0.4091539999999999,0.0365019999999999
Brighton,2024,2024-09-14 14:00:00,2024-10-26 14:00:00,1.2001370286862225,Weak Long,Normal,False,home,0.18219854282525474,0.6956999999999999,-0.412196
Brighton,2024,2024-09-22 13:00:00,2024-11-02 15:00:00,0.07673716828769489,Neutral,Break,False,home,0.18219854282525474,0.2150319999999999,-0.3227320000000001
Brighton,2024,2024-09-28 14:00:00,2024-11-09 17:30:00,0.27132475384999694,Neutral,Normal,False,away,0.18219854282525474,0.2982899999999999,0.0100759999999999
Brighton,2024,2024-10-06 15:30:00,2024-11-23 15:00:00,-0.27527242372605226,Neutral,Break,False,home,0.18219854282525474,0.0644179999999999,0.0617599999999999
Brighton,2024,2024-10-19 14:00:00,2024-11-29 20:00:00,-0.34051668900455073,Neutral,Normal,True,away,0.18219854282525474,0.0365019999999999,0.100152
Brighton,2024,2024-10-26 14:00:00,2024-12-05 19:30:00,-1.389197421986772,Weak Short,Break,True,home,0.18219854282525474,-0.412196,0.217336
Brighton,2024,2024-11-02 15:00:00,2024-12-08 14:00:00,-1.1801053977399036,Weak Short,Normal,True,away,0.18219854282525474,-0.3227320000000001,0.038568
Brighton,2024,2024-11-09 17:30:00,2024-12-15 14:00:00,-0.4022785801870124,Neutral,Break,False,home,0.18219854282525474,0.0100759999999999,-0.071018
Brighton,2024,2024-11-23 15:00:00,2024-12-21 15:00:00,-0.2814846051671702,Neutral,Normal,True,away,0.18219854282525474,0.0617599999999999,0.1516219999999999
Brighton,2024,2024-11-29 20:00:00,2024-12-27 19:30:00,-0.19175621168056325,Neutral,Break,True,home,0.18219854282525474,0.100152,0.2447259999999999
Brighton,2024,2024-12-05 19:30:00,2024-12-30 19:45:00,0.08212199373552652,Neutral,Normal,False,away,0.18219854282525474,0.217336,0.0124563999999999
Brighton,2024,2024-12-08 14:00:00,2025-01-04 17:30:00,-0.3356881085465559,Neutral,Break,False,away,0.18219854282525474,0.038568,0.3411144
Brighton,2024,2024-12-15 14:00:00,2025-01-16 19:30:00,-0.5918085432366809,Weak Short,Normal,True,home,0.18219854282525474,-0.071018,0.0891544
Brighton,2024,2024-12-21 15:00:00,2025-01-19 14:00:00,-0.07146238971880986,Neutral,Break,False,away,0.18219854282525474,0.1516219999999999,-0.1452596
Brighton,2024,2024-12-27 19:30:00,2025-01-25 15:00:00,0.14613691084320904,Neutral,Normal,False,home,0.18219854282525474,0.2447259999999999,-0.2835795999999999
Brighton,2024,2024-12-30 19:45:00,2025-02-01 12:30:00,-0.3967151954231158,Neutral,Break,True,away,0.18219854282525474,0.0124563999999999,0.0800712
Brighton,2024,2025-01-04 17:30:00,2025-02-14 20:00:00,0.3714123922649753,Neutral,Normal,False,home,0.18219854282525474,0.3411144,-0.2591708
Brighton,2024,2025-01-16 19:30:00,2025-02-22 15:00:00,-0.2174594045386667,Neutral,Break,True,away,0.18219854282525474,0.0891544,0.1521792
Brighton,2024,2025-01-19 14:00:00,2025-02-25 19:30:00,-0.7653233249066971,Weak Short,Normal,True,away,0.18219854282525474,-0.1452596,0.4336892
Brighton,2024,2025-01-25 15:00:00,2025-03-08 15:00:00,-1.0885998248824063,Weak Short,Break,True,home,0.18219854282525474,-0.2835795999999999,0.2937672
Brighton,2024,2025-02-01 12:30:00,2025-03-15 15:00:00,-0.23868833097431855,Neutral,Normal,True,away,0.18219854282525474,0.0800712,0.164746
Brighton,2024,2025-02-14 20:00:00,2025-04-02 19:45:00,-1.0315524605633848,Weak Short,Break,True,home,0.18219854282525474,-0.2591708,0.4625638
Brighton,2024,2025-02-22 15:00:00,2025-04-05 14:00:00,-0.07016012203672126,Neutral,Normal,False,away,0.18219854282525474,0.1521792,0.2929798
Brighton,2024,2025-02-25 19:30:00,2025-04-12 14:00:00,0.5877748657319455,Weak Long,Break,False,home,0.18219854282525474,0.4336892,0.5166858
Brighton,2024,2025-03-08 15:00:00,2025-04-19 14:00:00,0.26075422931204073,Neutral,Normal,False,home,0.18219854282525474,0.2937672,0.3760658
Brighton,2024,2025-03-15 15:00:00,2025-04-26 14:00:00,-0.040789451707811834,Neutral,Break,False,away,0.18219854282525474,0.164746,0.0126937999999999
Brighton,2024,2025-04-02 19:45:00,2025-05-04 13:00:00,0.6552595362510216,Weak Long,Normal,False,home,0.18219854282525474,0.4625638,-0.1613354
Brighton,2024,2025-04-05 14:00:00,2025-05-10 14:00:00,0.2589139465179338,Neutral,Break,False,away,0.18219854282525474,0.2929798,-0.3332794
Brighton,2024,2025-04-12 14:00:00,2025-05-19 19:00:00,0.7817515166709562,Weak Long,Normal,False,home,0.18219854282525474,0.5166858,-0.8372614
Brighton,2024,2025-04-19 14:00:00,2025-05-25 15:00:00,0.4530995399027068,Neutral,Break,False,away,0.18219854282525474,0.3760658,-0.8622274000000001
Chelsea,2017,2017-08-12 15:00:00,2017-09-23 15:00:00,-0.9461100725405373,Weak Short,Break,False,home,-0.36252911503394913,-0.840174,-0.9191916
Chelsea,2017,2017-08-20 16:00:00,2017-09-30 17:30:00,-1.1228104253374724,Weak Short,Break,True,away,-0.36252911503394913,-0.9293814,-0.5037698
Chelsea,2017,2017-08-27 13:30:00,2017-10-14 15:00:00,-1.7565138744786,Strong Short,Break,True,home,-0.36252911503394913,-1.2493073999999995,-0.407368
Chelsea,2017,2017-09-09 15:00:00,2017-10-21 19:30:00,-1.6034866317198164,Strong Short,Break,True,away,-0.36252911503394913,-1.1720514000000002,-0.658624
Chelsea,2017,2017-09-17 13:30:00,2017-10-28 17:30:00,-0.40604132631952095,Neutral,Break,False,home,-0.36252911503394913,-0.5675196,-0.6543258
Chelsea,2017,2017-09-23 15:00:00,2017-11-05 16:30:00,-1.102626659697736,Weak Short,Break,True,away,-0.36252911503394913,-0.9191916,-0.0056157999999999
Chelsea,2017,2017-09-30 17:30:00,2017-11-18 15:00:00,-0.2797669124173777,Neutral,Break,False,home,-0.36252911503394913,-0.5037698,-0.6445042000000001
Chelsea,2017,2017-10-14 15:00:00,2017-11-25 17:30:00,-0.08881602638931729,Neutral,Break,False,away,-0.36252911503394913,-0.407368,-0.6268914000000001
Chelsea,2017,2017-10-21 19:30:00,2017-11-29 19:45:00,-0.5864992213075275,Weak Short,Break,False,home,-0.36252911503394913,-0.658624,0.0765025999999999
Chelsea,2017,2017-10-28 17:30:00,2017-12-02 12:30:00,-0.577985426976656,Weak Short,Break,False,away,-0.36252911503394913,-0.6543258,-0.0646334
Chelsea,2017,2017-11-05 16:30:00,2017-12-09 12:30:00,0.7069672323643835,Weak Long,Break,False,home,-0.36252911503394913,-0.0056157999999999,0.0048085999999999
Chelsea,2017,2017-11-18 15:00:00,2017-12-12 20:00:00,-0.5585309850241906,Weak Short,Break,False,away,-0.36252911503394913,-0.6445042000000001,0.2355306
Chelsea,2017,2017-11-25 17:30:00,2017-12-16 15:00:00,-0.5236438795403199,Weak Short,Break,False,away,-0.36252911503394913,-0.6268914000000001,0.34557
Chelsea,2017,2017-11-29 19:45:00,2017-12-23 12:30:00,0.8696258262828233,Weak Long,Normal,False,home,-0.36252911503394913,0.0765025999999999,0.455488
Chelsea,2017,2017-12-02 12:30:00,2017-12-26 15:00:00,0.5900662718921759,Weak Long,Normal,False,home,-0.36252911503394913,-0.0646334,0.4737680000000001
Chelsea,2017,2017-12-09 12:30:00,2017-12-30 15:00:00,0.7276156893051343,Weak Long,Normal,True,away,-0.36252911503394913,0.0048085999999999,-0.1449599999999999
Chelsea,2017,2017-12-12 20:00:00,2018-01-03 19:45:00,1.1846255203058642,Weak Long,Normal,False,away,-0.36252911503394913,0.2355306,0.2962600000000001
Chelsea,2017,2017-12-16 15:00:00,2018-01-13 15:00:00,1.4025895098578864,Weak Long,Normal,False,home,-0.36252911503394913,0.34557,0.3628132
Chelsea,2017,2017-12-23 12:30:00,2018-01-20 12:30:00,1.620313032555931,Strong Long,Normal,True,away,-0.36252911503394913,0.455488,-0.5031127999999999
Chelsea,2017,2017-12-26 15:00:00,2018-01-31 19:45:00,1.6565217153460132,Strong Long,Normal,True,home,-0.36252911503394913,0.4737680000000001,-0.3073907999999999
Chelsea,2017,2017-12-30 15:00:00,2018-02-05 20:00:00,0.43095684196844447,Neutral,Normal,False,home,-0.36252911503394913,-0.1449599999999999,-0.0117333999999999
Chelsea,2017,2018-01-03 19:45:00,2018-02-12 20:00:00,1.3049171822660404,Weak Long,Normal,True,away,-0.36252911503394913,0.2962600000000001,-0.3511033999999999
Chelsea,2017,2018-01-13 15:00:00,2018-02-25 14:05:00,1.4367445185606187,Weak Long,Normal,True,home,-0.36252911503394913,0.3628132,-0.3377766
Chelsea,2017,2018-01-20 12:30:00,2018-03-04 16:00:00,-0.2784655390807755,Neutral,Break,False,away,-0.36252911503394913,-0.5031127999999999,0.1818676
Chelsea,2017,2018-01-31 19:45:00,2018-03-10 17:30:00,0.10921694522121915,Neutral,Break,False,home,-0.36252911503394913,-0.3073907999999999,0.3279355999999999
Chelsea,2017,2018-02-05 20:00:00,2018-04-01 16:00:00,0.6948496044739784,Weak Long,Break,False,away,-0.36252911503394913,-0.0117333999999999,0.4550242
Chelsea,2017,2018-02-12 20:00:00,2018-04-08 15:30:00,0.022631843069701355,Neutral,Break,False,home,-0.36252911503394913,-0.3511033999999999,0.8031801999999999
Chelsea,2017,2018-02-25 14:05:00,2018-04-14 11:30:00,0.04902931975497837,Neutral,Break,False,away,-0.36252911503394913,-0.3377766,0.1980275999999999
Chelsea,2017,2018-03-04 16:00:00,2018-04-19 18:45:00,1.0783308515660295,Weak Long,Normal,True,away,-0.36252911503394913,0.1818676,0.1287073999999999
Chelsea,2017,2018-03-10 17:30:00,2018-04-28 16:30:00,1.3676596194971957,Weak Long,Normal,True,home,-0.36252911503394913,0.3279355999999999,-0.1560985999999999
Chelsea,2017,2018-04-01 16:00:00,2018-05-06 16:30:00,1.619394346173106,Strong Long,Normal,True,home,-0.36252911503394913,0.4550242,-0.236665
Chelsea,2017,2018-04-08 15:30:00,2018-05-09 19:45:00,2.3090152523800995,Strong Long,Normal,True,home,-0.36252911503394913,0.8031801999999999,-0.210299
Chelsea,2017,2018-04-14 11:30:00,2018-05-13 15:00:00,1.1103402779275022,Weak Long,Normal,False,away,-0.36252911503394913,0.1980275999999999,0.4255944
Chelsea,2017,2018-04-19 18:45:00,2018-08-11 17:00:00,0.9730321196810552,Weak Long,Normal,False,away,-0.36252911503394913,0.1287073999999999,0.3341084
Chelsea,2017,2018-04-28 16:30:00,2018-08-18 19:30:00,0.4088937109987722,Neutral,Normal,False,away,-0.36252911503394913,-0.1560985999999999,-0.0131456
Chelsea,2017,2018-05-06 16:30:00,2018-08-26 18:00:00,0.24930928971108732,Neutral,Normal,False,home,-0.36252911503394913,-0.236665,-0.0750411999999999
Chelsea,2017,2018-05-09 19:45:00,2018-09-01 14:00:00,0.3015345703699115,Neutral,Normal,True,home,-0.36252911503394913,-0.210299,-0.4927372
Chelsea,2017,2018-05-13 15:00:00,2018-09-15 14:00:00,1.561100347662408,Strong Long,Normal,True,away,-0.36252911503394913,0.4255944,-0.927104
Chelsea,2018,2018-08-11 17:00:00,2018-09-23 12:30:00,1.15748799960035,Weak Long,Normal,True,away,-0.24004598671415942,0.3341084,-0.4132699999999999
Chelsea,2018,2018-08-18 19:30:00,2018-09-29 16:30:00,0.45742831684933166,Neutral,Normal,False,home,-0.24004598671415942,-0.0131456,-0.0015919999999999
Chelsea,2018,2018-08-26 18:00:00,2018-10-07 13:15:00,0.3326475681763607,Neutral,Break,False,away,-0.24004598671415942,-0.0750411999999999,0.208468
Chelsea,2018,2018-09-01 14:00:00,2018-10-20 11:30:00,-0.5094222978190472,Weak Short,Break,False,home,-0.24004598671415942,-0.4927372,0.417978
Chelsea,2018,2018-09-15 14:00:00,2018-10-28 12:30:00,-1.3851002862815993,Weak Short,Break,False,home,-0.24004598671415942,-0.927104,0.4869300000000001
Chelsea,2018,2018-09-23 12:30:00,2018-11-04 16:00:00,-0.3492174252441835,Neutral,Break,True,away,-0.24004598671415942,-0.4132699999999999,-0.1122759999999999
Chelsea,2018,2018-09-29 16:30:00,2018-11-11 14:15:00,0.4807202286793818,Neutral,Normal,True,home,-0.24004598671415942,-0.0015919999999999,-0.0349559999999999
Chelsea,2018,2018-10-07 13:15:00,2018-11-24 17:30:00,0.9041985383854726,Weak Long,Normal,True,away,-0.24004598671415942,0.208468,-0.1517932
Chelsea,2018,2018-10-20 11:30:00,2018-12-02 12:00:00,1.3265680550308268,Weak Long,Normal,True,home,-0.24004598671415942,0.417978,-0.1599091999999999
Chelsea,2018,2018-10-28 12:30:00,2018-12-05 19:45:00,1.4655744170743117,Weak Long,Normal,True,away,-0.24004598671415942,0.4869300000000001,0.0582527999999999
Chelsea,2018,2018-11-04 16:00:00,2018-12-08 17:30:00,0.2575826811619631,Neutral,Normal,False,home,-0.24004598671415942,-0.1122759999999999,-0.0139634
Chelsea,2018,2018-11-11 14:15:00,2018-12-16 13:30:00,0.41345882562771075,Neutral,Normal,True,home,-0.24004598671415942,-0.0349559999999999,-0.3243394
Chelsea,2018,2018-11-24 17:30:00,2018-12-22 15:00:00,0.17791650454424637,Neutral,Normal,False,away,-0.24004598671415942,-0.1517932,0.1640158
Chelsea,2018,2018-12-02 12:00:00,2018-12-26 19:30:00,0.1615547509425393,Neutral,Normal,False,home,-0.24004598671415942,-0.1599091999999999,0.1689258
Chelsea,2018,2018-12-05 19:45:00,2018-12-30 12:00:00,0.6013665904269729,Weak Long,Normal,False,away,-0.24004598671415942,0.0582527999999999,0.095816
Chelsea,2018,2018-12-08 17:30:00,2019-01-02 19:45:00,0.4557796423673854,Neutral,Normal,False,home,-0.24004598671415942,-0.0139634,0.5607084
Chelsea,2018,2018-12-16 13:30:00,2019-01-12 17:30:00,-0.16993445766754603,Neutral,Normal,False,away,-0.24004598671415942,-0.3243394,0.5031984
Chelsea,2018,2018-12-22 15:00:00,2019-01-19 17:30:00,0.8145834640318731,Weak Long,Normal,False,home,-0.24004598671415942,0.1640158,0.1733432
Chelsea,2018,2018-12-26 19:30:00,2019-01-30 19:45:00,0.824481962083177,Weak Long,Normal,False,away,-0.24004598671415942,0.1689258,0.2779977999999999
Chelsea,2018,2018-12-30 12:00:00,2019-02-02 15:00:00,0.6770935276979996,Weak Long,Normal,True,away,-0.24004598671415942,0.095816,-0.0818244
Chelsea,2018,2019-01-02 19:45:00,2019-02-10 16:00:00,1.6143107406238681,Strong Long,Normal,True,home,-0.24004598671415942,0.5607084,-0.0716092
Chelsea,2018,2019-01-12 17:30:00,2019-02-27 20:00:00,1.4983713062184731,Weak Long,Normal,True,home,-0.24004598671415942,0.5031984,-0.2111236
Chelsea,2018,2019-01-19 17:30:00,2019-03-03 14:05:00,0.8333873847495376,Weak Long,Normal,True,away,-0.24004598671415942,0.1733432,-0.4549204000000001
Chelsea,2018,2019-01-30 19:45:00,2019-03-10 14:05:00,1.0443697379389454,Weak Long,Normal,True,away,-0.24004598671415942,0.2779977999999999,-0.5892750000000001
Chelsea,2018,2019-02-02 15:00:00,2019-03-17 16:30:00,0.31897272255892567,Neutral,Break,False,home,-0.24004598671415942,-0.0818244,0.0710409999999999
Chelsea,2018,2019-02-10 16:00:00,2019-03-31 13:05:00,0.3395664368753574,Neutral,Break,True,away,-0.24004598671415942,-0.0716092,-0.0936644
Chelsea,2018,2019-02-27 20:00:00,2019-04-03 19:45:00,0.058307166706551145,Neutral,Break,False,home,-0.24004598671415942,-0.2111236,0.2059719999999999
Chelsea,2018,2019-03-03 14:05:00,2019-04-08 20:00:00,-0.43318410614765224,Neutral,Break,False,away,-0.24004598671415942,-0.4549204000000001,0.345282
Chelsea,2018,2019-03-10 14:05:00,2019-04-14 16:30:00,-0.7040412846168418,Weak Short,Break,False,home,-0.24004598671415942,-0.5892750000000001,0.5104974
Chelsea,2018,2019-03-17 16:30:00,2019-04-22 20:00:00,0.6271474402802693,Weak Long,Normal,False,away,-0.24004598671415942,0.0710409999999999,0.1181033999999999
Chelsea,2018,2019-03-31 13:05:00,2019-04-28 16:30:00,0.29510343194233934,Neutral,Normal,False,away,-0.24004598671415942,-0.0936644,0.2283953999999999
Chelsea,2018,2019-04-03 19:45:00,2019-05-05 13:00:00,0.8991666338771109,Weak Long,Normal,True,home,-0.24004598671415942,0.2059719999999999,0.1965194
Chelsea,2018,2019-04-08 20:00:00,2019-05-12 14:00:00,1.1800138362248,Weak Long,Normal,False,home,-0.24004598671415942,0.345282,0.4034154
Chelsea,2018,2019-04-14 16:30:00,2019-08-11 16:30:00,1.5130859981281406,Strong Long,Normal,True,away,-0.24004598671415942,0.5104974,0.4478479999999999
Chelsea,2018,2019-04-22 20:00:00,2019-08-18 16:30:00,0.7220246449013867,Weak Long,Normal,False,home,-0.24004598671415942,0.1181033999999999,0.636712
Chelsea,2018,2019-04-28 16:30:00,2019-08-24 12:30:00,0.9443719253646076,Weak Long,Normal,False,away,-0.24004598671415942,0.2283953999999999,0.289608
Chelsea,2018,2019-05-05 13:00:00,2019-08-31 15:00:00,0.8801103115390754,Weak Long,Normal,False,home,-0.24004598671415942,0.1965194,0.35781
Chelsea,2018,2019-05-12 14:00:00,2019-09-14 14:00:00,1.2972100371648556,Weak Long,Normal,True,away,-0.24004598671415942,0.4034154,-0.282062
Chelsea,2019,2019-08-11 16:30:00,2019-09-22 15:30:00,1.3197337876878539,Weak Long,Normal,True,away,-0.17278413598144726,0.4478479999999999,-0.4544880000000001
Chelsea,2019,2019-08-18 16:30:00,2019-09-28 14:00:00,1.7213407745444447,Strong Long,Normal,True,home,-0.17278413598144726,0.636712,-0.04686
Chelsea,2019,2019-08-24 12:30:00,2019-10-06 14:00:00,0.9832467409230555,Weak Long,Normal,True,away,-0.17278413598144726,0.289608,-0.195314
Chelsea,2019,2019-08-31 15:00:00,2019-10-19 15:00:00,1.128273848882186,Weak Long,Normal,True,home,-0.17278413598144726,0.35781,0.0036639999999999
Chelsea,2019,2019-09-14 14:00:00,2019-10-26 17:30:00,-0.23237225568988903,Neutral,Break,True,away,-0.17278413598144726,-0.282062,-0.2122698
Chelsea,2019,2019-09-22 15:30:00,2019-11-02 17:30:00,-0.5990249068872298,Weak Short,Break,True,home,-0.17278413598144726,-0.4544880000000001,-0.2222858000000001
Chelsea,2019,2019-09-28 14:00:00,2019-11-09 12:30:00,0.26776946810418406,Neutral,Break,False,home,-0.17278413598144726,-0.04686,-0.4173658
Chelsea,2019,2019-10-06 14:00:00,2019-11-23 17:30:00,-0.04790828745965181,Neutral,Break,False,away,-0.17278413598144726,-0.195314,-0.083673
Chelsea,2019,2019-10-19 15:00:00,2019-11-30 15:00:00,0.37520546122061893,Neutral,Break,False,home,-0.17278413598144726,0.0036639999999999,0.2025609999999999
Chelsea,2019,2019-10-26 17:30:00,2019-12-04 19:30:00,-0.08396369107147296,Neutral,Break,False,away,-0.17278413598144726,-0.2122698,0.8003767999999999
Chelsea,2019,2019-11-02 17:30:00,2019-12-07 12:30:00,-0.10526206228226825,Neutral,Break,False,away,-0.17278413598144726,-0.2222858000000001,0.8152187999999999
Chelsea,2019,2019-11-09 12:30:00,2019-12-14 15:00:00,-0.5200869680132899,Weak Short,Break,False,home,-0.17278413598144726,-0.4173658,0.9616508
Chelsea,2019,2019-11-23 17:30:00,2019-12-22 16:30:00,0.18948902287824548,Neutral,Break,False,away,-0.17278413598144726,-0.083673,0.896304
Chelsea,2019,2019-11-30 15:00:00,2019-12-26 15:00:00,0.7981469686800358,Weak Long,Normal,False,home,-0.17278413598144726,0.2025609999999999,0.5219286
Chelsea,2019,2019-12-04 19:30:00,2019-12-29 14:00:00,2.0693633049498503,Strong Long,Normal,True,home,-0.17278413598144726,0.8003767999999999,0.4257806
Chelsea,2019,2019-12-07 12:30:00,2020-01-01 12:30:00,2.1009238506278276,Strong Long,Normal,True,away,-0.17278413598144726,0.8152187999999999,0.4893066
Chelsea,2019,2019-12-14 15:00:00,2020-01-11 15:00:00,2.412301954974788,Strong Long,Normal,True,home,-0.17278413598144726,0.9616508,0.0603345999999999
Chelsea,2019,2019-12-22 16:30:00,2020-01-18 17:30:00,2.2733462437290224,Strong Long,Normal,True,away,-0.17278413598144726,0.896304,0.5724585999999999
Chelsea,2019,2019-12-26 15:00:00,2020-01-21 20:15:00,1.4772613554113394,Weak Long,Normal,False,home,-0.17278413598144726,0.5219286,0.677688
Chelsea,2019,2019-12-29 14:00:00,2020-02-01 12:30:00,1.2728088998227283,Weak Long,Normal,False,away,-0.17278413598144726,0.4257806,0.539755
Chelsea,2019,2020-01-01 12:30:00,2020-02-17 20:00:00,1.4078927985384802,Weak Long,Normal,False,away,-0.17278413598144726,0.4893066,0.6128018
Chelsea,2019,2020-01-11 15:00:00,2020-02-22 12:30:00,0.49571179863460524,Neutral,Normal,False,home,-0.17278413598144726,0.0603345999999999,0.5939218
Chelsea,2019,2020-01-18 17:30:00,2020-02-29 15:00:00,1.5847101071367267,Strong Long,Normal,True,away,-0.17278413598144726,0.5724585999999999,0.1795918
Chelsea,2019,2020-01-21 20:15:00,2020-03-08 14:00:00,1.8084735679483526,Strong Long,Normal,True,home,-0.17278413598144726,0.677688,-0.4918661999999999
Chelsea,2019,2020-02-01 12:30:00,2020-06-21 15:15:00,1.515168033182118,Strong Long,Normal,True,away,-0.17278413598144726,0.539755,-0.4252432
Chelsea,2019,2020-02-17 20:00:00,2020-06-25 19:15:00,1.6704972925831474,Strong Long,Normal,True,home,-0.17278413598144726,0.6128018,-0.1720839999999999
Chelsea,2019,2020-02-22 12:30:00,2020-07-01 19:15:00,1.630350203080371,Strong Long,Normal,True,home,-0.17278413598144726,0.5939218,-0.2132519999999999
Chelsea,2019,2020-02-29 15:00:00,2020-07-04 19:00:00,0.7493044618894015,Weak Long,Normal,True,away,-0.17278413598144726,0.1795918,-0.2520399999999999
Chelsea,2019,2020-03-08 14:00:00,2020-07-07 17:00:00,-0.6785072130764609,Weak Short,Break,True,home,-0.17278413598144726,-0.4918661999999999,0.0737
Chelsea,2019,2020-06-21 15:15:00,2020-07-11 16:30:00,-0.5368377457065724,Weak Short,Break,False,away,-0.17278413598144726,-0.4252432,0.480696
Chelsea,2019,2020-06-25 19:15:00,2020-07-14 19:15:00,0.001488793533436523,Neutral,Break,False,home,-0.17278413598144726,-0.1720839999999999,0.4497339999999999
Chelsea,2019,2020-07-01 19:15:00,2020-07-22 19:15:00,-0.08605227535694031,Neutral,Break,False,away,-0.17278413598144726,-0.2132519999999999,0.410926
Chelsea,2019,2020-07-04 19:00:00,2020-07-26 15:00:00,-0.16853242936296275,Neutral,Break,False,home,-0.17278413598144726,-0.2520399999999999,0.285048
Chelsea,2019,2020-07-07 17:00:00,2020-09-14 19:15:00,0.5241324506494578,Weak Long,Normal,True,away,-0.17278413598144726,0.0737,0.0076659999999999
Chelsea,2019,2020-07-11 16:30:00,2020-09-20 15:30:00,1.3895829188312445,Weak Long,Normal,True,away,-0.17278413598144726,0.480696,-0.0465154
Chelsea,2019,2020-07-14 19:15:00,2020-09-26 16:30:00,1.3237442437684808,Weak Long,Normal,True,home,-0.17278413598144726,0.4497339999999999,-0.5846614000000001
Chelsea,2019,2020-07-22 19:15:00,2020-10-03 11:30:00,1.2412215610659514,Weak Long,Normal,False,away,-0.17278413598144726,0.410926,-0.7582054
Chelsea,2019,2020-07-26 15:00:00,2020-10-17 14:00:00,0.9735501981194189,Weak Long,Normal,False,home,-0.17278413598144726,0.285048,-0.7926654000000001
Chelsea,2020,2020-09-14 19:15:00,2020-10-24 16:30:00,0.2108592950637166,Neutral,Normal,False,away,-0.09395998087758134,0.0076659999999999,-0.4028082
Chelsea,2020,2020-09-20 15:30:00,2020-10-31 15:00:00,0.09844068211741323,Neutral,Break,False,home,-0.09395998087758134,-0.0465154,-0.9374908000000002
Chelsea,2020,2020-09-26 16:30:00,2020-11-07 17:30:00,-1.0181348748560408,Weak Short,Break,False,away,-0.09395998087758134,-0.5846614000000001,-1.0343388
Chelsea,2020,2020-10-03 11:30:00,2020-11-21 12:30:00,-1.378213716767717,Weak Short,Break,False,home,-0.09395998087758134,-0.7582054,-0.7733588000000001
Chelsea,2020,2020-10-17 14:00:00,2020-11-29 16:30:00,-1.4497132609310208,Weak Short,Break,True,home,-0.09395998087758134,-0.7926654000000001,-0.3758238000000001
Chelsea,2020,2020-10-24 16:30:00,2020-12-05 20:00:00,-0.6408156379251614,Weak Short,Break,True,away,-0.09395998087758134,-0.4028082,-0.040861
Chelsea,2020,2020-10-31 15:00:00,2020-12-12 20:00:00,-1.750205137984652,Strong Short,Break,True,away,-0.09395998087758134,-0.9374908000000002,0.5142390000000001
Chelsea,2020,2020-11-07 17:30:00,2020-12-15 18:00:00,-1.9511508098687966,Strong Short,Break,False,home,-0.09395998087758134,-1.0343388,0.8525389999999999
Chelsea,2020,2020-11-21 12:30:00,2020-12-21 20:00:00,-1.4096548424938984,Weak Short,Break,False,away,-0.09395998087758134,-0.7733588000000001,0.771007
Chelsea,2020,2020-11-29 16:30:00,2020-12-26 17:30:00,-0.5848268886645623,Weak Short,Break,False,home,-0.09395998087758134,-0.3758238000000001,0.8268840000000001
Chelsea,2020,2020-12-05 20:00:00,2020-12-28 17:30:00,0.11017274893450504,Neutral,Break,False,home,-0.09395998087758134,-0.040861,0.5553419999999999
Chelsea,2020,2020-12-12 20:00:00,2021-01-03 16:30:00,1.261925417682325,Weak Long,Normal,True,away,-0.09395998087758134,0.5142390000000001,0.2922906
Chelsea,2020,2020-12-15 18:00:00,2021-01-16 17:30:00,1.963849265344705,Strong Long,Normal,True,away,-0.09395998087758134,0.8525389999999999,0.2546246
Chelsea,2020,2020-12-21 20:00:00,2021-01-19 20:15:00,1.7946820908025556,Strong Long,Normal,True,home,-0.09395998087758134,0.771007,0.4954559999999999
Chelsea,2020,2020-12-26 17:30:00,2021-01-27 18:00:00,1.9106188298975333,Strong Long,Normal,True,away,-0.09395998087758134,0.8268840000000001,0.3772927999999999
Chelsea,2020,2020-12-28 17:30:00,2021-01-31 12:00:00,1.3472082314880203,Weak Long,Normal,True,home,-0.09395998087758134,0.5553419999999999,0.1579907999999999
Chelsea,2020,2021-01-03 16:30:00,2021-02-04 20:00:00,0.8014144070098178,Weak Long,Normal,False,home,-0.09395998087758134,0.2922906,0.4983881999999998
Chelsea,2020,2021-01-16 17:30:00,2021-02-07 19:15:00,0.7232628739147802,Weak Long,Normal,False,away,-0.09395998087758134,0.2546246,0.3507981999999999
Chelsea,2020,2021-01-19 20:15:00,2021-02-15 20:00:00,1.2229533939440964,Weak Long,Normal,True,away,-0.09395998087758134,0.4954559999999999,0.3362127999999999
Chelsea,2020,2021-01-27 18:00:00,2021-02-20 12:30:00,0.9777817474879943,Weak Long,Normal,True,home,-0.09395998087758134,0.3772927999999999,0.2932459999999999
Chelsea,2020,2021-01-31 12:00:00,2021-02-28 16:30:00,0.5227616362256374,Weak Long,Normal,False,home,-0.09395998087758134,0.1579907999999999,0.639734
Chelsea,2020,2021-02-04 20:00:00,2021-03-04 20:15:00,1.2290372872521533,Weak Long,Normal,True,away,-0.09395998087758134,0.4983881999999998,0.406404
Chelsea,2020,2021-02-07 19:15:00,2021-03-08 18:00:00,0.922809262787209,Weak Long,Normal,False,away,-0.09395998087758134,0.3507981999999999,0.592564
Chelsea,2020,2021-02-15 20:00:00,2021-03-13 12:30:00,0.8925466553745727,Weak Long,Normal,False,home,-0.09395998087758134,0.3362127999999999,0.6782148
Chelsea,2020,2021-02-20 12:30:00,2021-04-03 11:30:00,0.8033967246097485,Weak Long,Normal,False,away,-0.09395998087758134,0.2932459999999999,0.7003508
Chelsea,2020,2021-02-28 16:30:00,2021-04-10 16:30:00,1.5223094947216107,Strong Long,Normal,True,home,-0.09395998087758134,0.639734,0.4367067999999999
Chelsea,2020,2021-03-04 20:15:00,2021-04-20 19:00:00,1.0381833008845924,Weak Long,Normal,False,away,-0.09395998087758134,0.406404,0.5529063999999999
Chelsea,2020,2021-03-08 18:00:00,2021-04-24 16:30:00,1.4244385284365546,Weak Long,Normal,False,home,-0.09395998087758134,0.592564,0.7425763999999999
Chelsea,2020,2021-03-13 12:30:00,2021-05-01 16:30:00,1.6021516206368533,Strong Long,Normal,True,away,-0.09395998087758134,0.6782148,0.5170255999999999
Chelsea,2020,2021-04-03 11:30:00,2021-05-08 16:30:00,1.6480806371661303,Strong Long,Normal,True,home,-0.09395998087758134,0.7003508,0.1291363999999999
Chelsea,2020,2021-04-10 16:30:00,2021-05-12 19:15:00,1.1010572529122116,Weak Long,Normal,False,away,-0.09395998087758134,0.4367067999999999,0.4717644
Chelsea,2020,2021-04-20 19:00:00,2021-05-18 19:15:00,1.3421547117618406,Weak Long,Normal,True,home,-0.09395998087758134,0.5529063999999999,0.4825927999999999
Chelsea,2020,2021-04-24 16:30:00,2021-05-23 15:00:00,1.7356926845260254,Strong Long,Normal,True,away,-0.09395998087758134,0.7425763999999999,0.6653028
Chelsea,2020,2021-05-01 16:30:00,2021-08-14 14:00:00,1.2677072119297264,Weak Long,Normal,True,home,-0.09395998087758134,0.5170255999999999,0.3340608
Chelsea,2020,2021-05-08 16:30:00,2021-08-22 15:30:00,0.4628929058975576,Neutral,Normal,False,away,-0.09395998087758134,0.1291363999999999,0.93838
Chelsea,2020,2021-05-12 19:15:00,2021-08-28 16:30:00,1.1737967311321607,Weak Long,Normal,False,home,-0.09395998087758134,0.4717644,0.5395355999999999
Chelsea,2020,2021-05-18 19:15:00,2021-09-11 16:30:00,1.1962641038546769,Weak Long,Normal,True,home,-0.09395998087758134,0.4825927999999999,0.0115435999999999
Chelsea,2020,2021-05-23 15:00:00,2021-09-19 15:30:00,1.5753610775655655,Strong Long,Normal,True,away,-0.09395998087758134,0.6653028,-0.5579044000000002
Chelsea,2021,2021-08-14 14:00:00,2021-09-25 11:30:00,0.7241973711857146,Weak Long,Normal,True,home,-0.0315494404574398,0.3340608,-0.1564820000000001
Chelsea,2021,2021-08-22 15:30:00,2021-10-02 14:00:00,1.9212272340513854,Strong Long,Normal,True,away,-0.0315494404574398,0.93838,-0.3262600000000001
Chelsea,2021,2021-08-28 16:30:00,2021-10-16 16:30:00,1.131199948079434,Weak Long,Normal,True,away,-0.0315494404574398,0.5395355999999999,-0.3913364000000001
Chelsea,2021,2021-09-11 16:30:00,2021-10-23 11:30:00,0.08535829460529111,Neutral,Normal,False,home,-0.0315494404574398,0.0115435999999999,-0.8146244000000001
Chelsea,2021,2021-09-19 15:30:00,2021-10-30 14:00:00,-1.0425990189288985,Weak Short,Break,False,away,-0.0315494404574398,-0.5579044000000002,-0.8987884000000002
Chelsea,2021,2021-09-25 11:30:00,2021-11-06 15:00:00,-0.24746525448254533,Neutral,Break,False,home,-0.0315494404574398,-0.1564820000000001,-0.5364588
Chelsea,2021,2021-10-02 14:00:00,2021-11-20 12:30:00,-0.5837599412269147,Weak Short,Break,False,home,-0.0315494404574398,-0.3262600000000001,-0.7805888000000001
Chelsea,2021,2021-10-16 16:30:00,2021-11-28 16:30:00,-0.7126626703935397,Weak Short,Break,True,away,-0.0315494404574398,-0.3913364000000001,-0.36119
Chelsea,2021,2021-10-23 11:30:00,2021-12-01 19:30:00,-1.551107612392212,Strong Short,Break,True,home,-0.0315494404574398,-0.8146244000000001,0.1995067999999998
Chelsea,2021,2021-10-30 14:00:00,2021-12-04 12:30:00,-1.7178188824928913,Strong Short,Break,True,away,-0.0315494404574398,-0.8987884000000002,0.2403887999999998
Chelsea,2021,2021-11-06 15:00:00,2021-12-11 15:00:00,-1.0001197734786922,Weak Short,Break,True,home,-0.0315494404574398,-0.5364588,-0.2110932000000001
Chelsea,2021,2021-11-20 12:30:00,2021-12-16 19:45:00,-1.4836902117857926,Weak Short,Break,True,away,-0.0315494404574398,-0.7805888000000001,0.3150287999999998
Chelsea,2021,2021-11-28 16:30:00,2021-12-19 14:00:00,-0.6529489610526917,Weak Short,Break,True,home,-0.0315494404574398,-0.36119,0.2047691999999998
Chelsea,2021,2021-12-01 19:30:00,2021-12-26 17:30:00,0.4576740567386017,Neutral,Normal,False,away,-0.0315494404574398,0.1995067999999998,0.3887543999999998
Chelsea,2021,2021-12-04 12:30:00,2021-12-29 19:30:00,0.5386527429257596,Weak Long,Normal,False,away,-0.0315494404574398,0.2403887999999998,0.4673479999999997
Chelsea,2021,2021-12-11 15:00:00,2022-01-02 16:30:00,-0.3556386126133638,Neutral,Normal,False,home,-0.0315494404574398,-0.2110932000000001,0.3954599999999998
Chelsea,2021,2021-12-16 19:45:00,2022-01-15 12:30:00,0.6864989622156542,Weak Long,Normal,True,home,-0.0315494404574398,0.3150287999999998,0.0777333999999998
Chelsea,2021,2021-12-19 14:00:00,2022-01-18 09:45:00,0.4680977698199406,Neutral,Normal,True,away,-0.0315494404574398,0.2047691999999998,-0.1664582000000001
Chelsea,2021,2021-12-26 17:30:00,2022-01-23 16:30:00,0.8325339464718045,Weak Long,Normal,True,away,-0.0315494404574398,0.3887543999999998,-0.3237342000000002
Chelsea,2021,2021-12-29 19:30:00,2022-02-19 15:00:00,0.9882114199495945,Weak Long,Normal,True,home,-0.0315494404574398,0.4673479999999997,-0.2517478000000001
Chelsea,2021,2022-01-02 16:30:00,2022-03-05 15:00:00,0.8458163367192632,Weak Long,Normal,False,home,-0.0315494404574398,0.3954599999999998,-0.4721878000000002
Chelsea,2021,2022-01-15 12:30:00,2022-03-10 19:30:00,0.21646643615880468,Neutral,Normal,False,away,-0.0315494404574398,0.0777333999999998,-0.7687792000000002
Chelsea,2021,2022-01-18 09:45:00,2022-03-13 14:00:00,-0.26722601885660546,Neutral,Break,False,away,-0.0315494404574398,-0.1664582000000001,-0.6692340000000002
Chelsea,2021,2022-01-23 16:30:00,2022-04-02 14:00:00,-0.5787568600280615,Weak Short,Break,False,home,-0.0315494404574398,-0.3237342000000002,-0.4196300000000001
Chelsea,2021,2022-02-19 15:00:00,2022-04-09 14:00:00,-0.43616686699094886,Neutral,Break,False,away,-0.0315494404574398,-0.2517478000000001,-0.7649420000000002
Chelsea,2021,2022-03-05 15:00:00,2022-04-20 18:45:00,-0.8728123731574063,Weak Short,Break,False,away,-0.0315494404574398,-0.4721878000000002,-0.7035418000000002
Chelsea,2021,2022-03-10 19:30:00,2022-04-24 13:00:00,-1.4602978657069352,Weak Short,Break,True,away,-0.0315494404574398,-0.7687792000000002,-0.2597838000000002
Chelsea,2021,2022-03-13 14:00:00,2022-04-28 18:45:00,-1.2631196573942824,Weak Short,Break,True,home,-0.0315494404574398,-0.6692340000000002,0.0198081999999998
Chelsea,2021,2022-04-02 14:00:00,2022-05-01 13:00:00,-0.7687063706896352,Weak Short,Break,True,home,-0.0315494404574398,-0.4196300000000001,0.2040621999999998
Chelsea,2021,2022-04-09 14:00:00,2022-05-07 14:00:00,-1.4526971755587683,Weak Short,Break,True,away,-0.0315494404574398,-0.7649420000000002,0.4888921999999999
Chelsea,2021,2022-04-20 18:45:00,2022-05-11 18:30:00,-1.3310762292345,Weak Short,Break,True,home,-0.0315494404574398,-0.7035418000000002,0.4638379999999998
Chelsea,2021,2022-04-24 13:00:00,2022-05-19 19:00:00,-0.4520845012113884,Neutral,Break,False,home,-0.0315494404574398,-0.2597838000000002,0.3179119999999998
Chelsea,2021,2022-04-28 18:45:00,2022-05-22 15:00:00,0.10172873758416635,Neutral,Normal,False,away,-0.0315494404574398,0.0198081999999998,0.1426379999999998
Chelsea,2021,2022-05-01 13:00:00,2022-08-06 16:30:00,0.46669735078138286,Neutral,Normal,True,away,-0.0315494404574398,0.2040621999999998,0.0849859999999998
Chelsea,2021,2022-05-07 14:00:00,2022-08-14 15:30:00,1.0308859713647254,Weak Long,Normal,True,home,-0.0315494404574398,0.4888921999999999,0.0886799999999998
Chelsea,2021,2022-05-11 18:30:00,2022-08-21 13:00:00,0.9812588445247885,Weak Long,Normal,False,away,-0.0315494404574398,0.4638379999999998,0.5334723999999998
Chelsea,2021,2022-05-19 19:00:00,2022-08-27 14:00:00,0.6922099780175919,Weak Long,Normal,False,home,-0.0315494404574398,0.3179119999999998,0.3593123999999997
Chelsea,2021,2022-05-22 15:00:00,2022-08-30 18:45:00,0.3450288654798509,Neutral,Normal,False,home,-0.0315494404574398,0.1426379999999998,0.3417903999999998
Chelsea,2022,2022-08-06 16:30:00,2022-09-03 14:00:00,0.2828331964513707,Neutral,Normal,True,away,-0.054020678227363644,0.0849859999999998,-0.1013730000000001
Chelsea,2022,2022-08-14 15:30:00,2022-10-01 14:00:00,0.29034928014615896,Neutral,Normal,False,home,-0.054020678227363644,0.0886799999999998,-0.2182510000000001
Chelsea,2022,2022-08-21 13:00:00,2022-10-08 14:00:00,1.1953565636344465,Weak Long,Normal,True,away,-0.054020678227363644,0.5334723999999998,-0.4705654000000001
Chelsea,2022,2022-08-27 14:00:00,2022-10-16 13:00:00,0.8409978369738285,Weak Long,Normal,False,home,-0.054020678227363644,0.3593123999999997,-0.5731114000000002
Chelsea,2022,2022-08-30 18:45:00,2022-10-19 18:30:00,0.8053462889229138,Weak Long,Normal,False,away,-0.054020678227363644,0.3417903999999998,-0.5625704
Chelsea,2022,2022-09-03 14:00:00,2022-10-22 15:30:00,-0.09634651152833773,Neutral,Break,False,home,-0.054020678227363644,-0.1013730000000001,-0.2635610000000001
Chelsea,2022,2022-10-01 14:00:00,2022-10-29 14:00:00,-0.3341550740836873,Neutral,Break,True,away,-0.054020678227363644,-0.2182510000000001,-0.0994650000000001
Chelsea,2022,2022-10-08 14:00:00,2022-11-06 12:00:00,-0.8475324828006014,Weak Short,Break,True,home,-0.054020678227363644,-0.4705654000000001,0.0701139999999998
Chelsea,2022,2022-10-16 13:00:00,2022-11-12 17:30:00,-1.0561801055850508,Weak Short,Break,True,away,-0.054020678227363644,-0.5731114000000002,0.2946489999999998
Chelsea,2022,2022-10-19 18:30:00,2022-12-27 17:30:00,-1.0347326128328138,Weak Short,Break,True,away,-0.054020678227363644,-0.5625704,0.1659239999999998
Chelsea,2022,2022-10-22 15:30:00,2023-01-01 16:30:00,-0.426346127741201,Neutral,Break,False,home,-0.054020678227363644,-0.2635610000000001,0.2000579999999998
Chelsea,2022,2022-10-29 14:00:00,2023-01-05 20:00:00,-0.09246435460098093,Neutral,Break,False,away,-0.054020678227363644,-0.0994650000000001,0.2836651999999999
Chelsea,2022,2022-11-06 12:00:00,2023-01-12 19:00:00,0.25257353302178465,Neutral,Normal,False,home,-0.054020678227363644,0.0701139999999998,0.5077241999999998
Chelsea,2022,2022-11-12 17:30:00,2023-01-15 14:00:00,0.7094289343237014,Weak Long,Normal,False,away,-0.054020678227363644,0.2946489999999998,0.6618771999999998
Chelsea,2022,2022-12-27 17:30:00,2023-01-21 12:30:00,0.44751559550084863,Neutral,Normal,False,home,-0.054020678227363644,0.1659239999999998,1.0480552
Chelsea,2022,2023-01-01 16:30:00,2023-02-03 20:00:00,0.5169671387704485,Weak Long,Normal,False,away,-0.054020678227363644,0.2000579999999998,1.2563871999999998
Chelsea,2022,2023-01-05 20:00:00,2023-02-11 12:30:00,0.6870804881713422,Weak Long,Normal,False,home,-0.054020678227363644,0.2836651999999999,1.1377649999999997
Chelsea,2022,2023-01-12 19:00:00,2023-02-18 15:00:00,1.1429673849148616,Weak Long,Normal,False,away,-0.054020678227363644,0.5077241999999998,1.1813889999999998
Chelsea,2022,2023-01-15 14:00:00,2023-02-26 13:30:00,1.4566184000211673,Weak Long,Normal,False,home,-0.054020678227363644,0.6618771999999998,1.0078712
Chelsea,2022,2023-01-21 12:30:00,2023-03-04 15:00:00,2.2423645205100513,Strong Long,Normal,True,away,-0.054020678227363644,1.0480552,0.8124971999999998
Chelsea,2022,2023-02-03 20:00:00,2023-03-11 15:00:00,2.666252108031065,Strong Long,Normal,True,home,-0.054020678227363644,1.2563871999999998,0.2285111999999997
Chelsea,2022,2023-02-11 12:30:00,2023-03-18 17:30:00,2.42489466805816,Strong Long,Normal,True,away,-0.054020678227363644,1.1377649999999997,0.2284721999999997
Chelsea,2022,2023-02-18 15:00:00,2023-04-01 16:30:00,2.5136552622924433,Strong Long,Normal,True,home,-0.054020678227363644,1.1813889999999998,0.3810741999999998
Chelsea,2022,2023-02-26 13:30:00,2023-04-04 19:00:00,2.1606032029162856,Strong Long,Normal,True,away,-0.054020678227363644,1.0078712,0.7664239999999998
Chelsea,2022,2023-03-04 15:00:00,2023-04-08 14:00:00,1.7630809138568484,Strong Long,Normal,True,home,-0.054020678227363644,0.8124971999999998,0.7559255999999998
Chelsea,2022,2023-03-11 15:00:00,2023-04-15 14:00:00,0.5748601091506729,Weak Long,Normal,False,away,-0.054020678227363644,0.2285111999999997,0.9496315999999996
Chelsea,2022,2023-03-18 17:30:00,2023-04-26 18:45:00,0.5747807568864344,Weak Long,Normal,False,home,-0.054020678227363644,0.2284721999999997,1.2118255999999998
Chelsea,2022,2023-04-01 16:30:00,2023-05-02 19:00:00,0.8852759934841815,Weak Long,Normal,False,home,-0.054020678227363644,0.3810741999999998,0.6928179999999997
Chelsea,2022,2023-04-04 19:00:00,2023-05-06 14:00:00,1.669336997428392,Strong Long,Normal,True,home,-0.054020678227363644,0.7664239999999998,0.0087159999999998
Chelsea,2022,2023-04-08 14:00:00,2023-05-13 14:00:00,1.6479761817647847,Strong Long,Normal,True,away,-0.054020678227363644,0.7559255999999998,-0.3545094000000001
Chelsea,2022,2023-04-15 14:00:00,2023-05-21 15:00:00,2.042104635522947,Strong Long,Normal,True,home,-0.054020678227363644,0.9496315999999996,-0.0158754000000001
Chelsea,2022,2023-04-26 18:45:00,2023-05-25 19:00:00,2.5755838039775525,Strong Long,Normal,True,home,-0.054020678227363644,1.2118255999999998,-0.1213954000000001
Chelsea,2022,2023-05-02 19:00:00,2023-05-28 15:30:00,1.5195728240557378,Strong Long,Normal,True,away,-0.054020678227363644,0.6928179999999997,0.1254121999999998
Chelsea,2022,2023-05-06 14:00:00,2023-08-13 15:30:00,0.12764865302919964,Neutral,Normal,False,away,-0.054020678227363644,0.0087159999999998,0.5582241999999998
Chelsea,2022,2023-05-13 14:00:00,2023-08-20 15:30:00,-0.6113964218145848,Weak Short,Normal,False,home,-0.054020678227363644,-0.3545094000000001,0.8802199999999998
Chelsea,2022,2023-05-21 15:00:00,2023-08-25 19:00:00,0.0776131845473331,Neutral,Normal,False,away,-0.054020678227363644,-0.0158754000000001,0.7317619999999998
Chelsea,2022,2023-05-25 19:00:00,2023-09-02 14:00:00,-0.1370855570536567,Neutral,Normal,False,away,-0.054020678227363644,-0.1213954000000001,1.051918
Chelsea,2022,2023-05-28 15:30:00,2023-09-17 13:00:00,0.36508731195279165,Neutral,Normal,False,home,-0.054020678227363644,0.1254121999999998,1.127424
Chelsea,2023,2023-08-13 15:30:00,2023-09-24 13:00:00,1.1076983924597439,Weak Long,Normal,False,home,-0.004351814158651305,0.5582241999999998,1.18034
Chelsea,2023,2023-08-20 15:30:00,2023-10-02 19:00:00,1.7417002358767726,Strong Long,Normal,False,away,-0.004351814158651305,0.8802199999999998,1.05543
Chelsea,2023,2023-08-25 19:00:00,2023-10-07 14:00:00,1.4493900701230416,Weak Long,Normal,True,home,-0.004351814158651305,0.7317619999999998,0.5677239999999998
Chelsea,2023,2023-09-02 14:00:00,2023-10-21 16:30:00,2.079769392403091,Strong Long,Normal,True,home,-0.004351814158651305,1.051918,0.0545159999999997
Chelsea,2023,2023-09-17 13:00:00,2023-10-28 11:30:00,2.228438857001841,Strong Long,Normal,True,away,-0.004351814158651305,1.127424,0.1187639999999997
Chelsea,2023,2023-09-24 13:00:00,2023-11-06 20:00:00,2.3326291649072717,Strong Long,Normal,True,home,-0.004351814158651305,1.18034,-0.1089380000000002
Chelsea,2023,2023-10-02 19:00:00,2023-11-12 16:30:00,2.0866844343821502,Strong Long,Normal,True,away,-0.004351814158651305,1.05543,-0.2113840000000002
Chelsea,2023,2023-10-07 14:00:00,2023-11-25 15:00:00,1.1264032659770167,Weak Long,Normal,True,away,-0.004351814158651305,0.5677239999999998,0.1870961999999997
Chelsea,2023,2023-10-21 16:30:00,2023-12-03 14:00:00,0.1159092842034455,Neutral,Normal,True,home,-0.004351814158651305,0.0545159999999997,-0.0239718000000002
Chelsea,2023,2023-10-28 11:30:00,2023-12-06 20:15:00,0.2424120225492788,Neutral,Normal,True,home,-0.004351814158651305,0.1187639999999997,-0.0973338000000002
Chelsea,2023,2023-11-06 20:00:00,2023-12-10 14:00:00,-0.20592763824674465,Neutral,Normal,True,away,-0.004351814158651305,-0.1089380000000002,0.0680385999999997
Chelsea,2023,2023-11-12 16:30:00,2023-12-16 15:00:00,-0.40764130299237467,Neutral,Normal,False,home,-0.004351814158651305,-0.2113840000000002,0.4282065999999996
Chelsea,2023,2023-11-25 15:00:00,2023-12-24 13:00:00,0.37695645065902766,Neutral,Normal,False,away,-0.004351814158651305,0.1870961999999997,0.5854883999999997
Chelsea,2023,2023-12-03 14:00:00,2023-12-27 19:30:00,-0.03863127156078185,Neutral,Normal,False,home,-0.004351814158651305,-0.0239718000000002,0.9988903999999998
Chelsea,2023,2023-12-06 20:15:00,2023-12-30 12:30:00,-0.18307925267345493,Neutral,Normal,False,away,-0.004351814158651305,-0.0973338000000002,0.4435763999999996
Chelsea,2023,2023-12-10 14:00:00,2024-01-13 12:30:00,0.1425349523885309,Neutral,Normal,False,away,-0.004351814158651305,0.0680385999999997,0.4755939999999996
Chelsea,2023,2023-12-16 15:00:00,2024-01-31 20:15:00,0.8516969226372867,Weak Long,Normal,True,home,-0.004351814158651305,0.4282065999999996,0.1165443999999996
Chelsea,2023,2023-12-24 13:00:00,2024-02-04 14:00:00,1.1613809344658523,Weak Long,Normal,True,away,-0.004351814158651305,0.5854883999999997,0.0375843999999996
Chelsea,2023,2023-12-27 19:30:00,2024-02-12 20:00:00,1.9753593468311275,Strong Long,Normal,True,home,-0.004351814158651305,0.9988903999999998,-0.4545296000000003
Chelsea,2023,2023-12-30 12:30:00,2024-02-17 17:30:00,0.8819596823781002,Weak Long,Normal,True,away,-0.004351814158651305,0.4435763999999996,-0.0036496000000003
Chelsea,2023,2024-01-13 12:30:00,2024-03-02 15:00:00,0.9450015525571183,Weak Long,Normal,True,home,-0.004351814158651305,0.4755939999999996,-0.1823096000000003
Chelsea,2023,2024-01-31 20:15:00,2024-03-11 20:00:00,0.23804168451490534,Neutral,Normal,False,away,-0.004351814158651305,0.1165443999999996,-0.3212740000000003
Chelsea,2023,2024-02-04 14:00:00,2024-03-30 15:00:00,0.08257137851647746,Neutral,Normal,False,home,-0.004351814158651305,0.0375843999999996,0.1000779999999996
Chelsea,2023,2024-02-12 20:00:00,2024-04-04 19:15:00,-0.8863890339215965,Weak Short,Break,True,away,-0.004351814158651305,-0.4545296000000003,0.3422779999999997
Chelsea,2023,2024-02-17 17:30:00,2024-04-07 16:30:00,0.0013826424787474706,Neutral,Break,False,away,-0.004351814158651305,-0.0036496000000003,-0.1191702000000003
Chelsea,2023,2024-03-02 15:00:00,2024-04-15 19:00:00,-0.35039452152428097,Neutral,Break,False,away,-0.004351814158651305,-0.1823096000000003,-0.6754442000000003
Chelsea,2023,2024-03-11 20:00:00,2024-04-23 19:00:00,-0.6240120214088798,Weak Short,Break,True,home,-0.004351814158651305,-0.3212740000000003,-0.1113882000000003
Chelsea,2023,2024-03-30 15:00:00,2024-04-27 19:00:00,0.20561974623359186,Neutral,Break,False,home,-0.004351814158651305,0.1000779999999996,-0.6918722000000003
Chelsea,2023,2024-04-04 19:15:00,2024-05-02 18:30:00,0.6825056139238053,Weak Long,Break,False,home,-0.004351814158651305,0.3422779999999997,-0.5431042000000004
Chelsea,2023,2024-04-07 16:30:00,2024-05-05 13:00:00,-0.22607458942502642,Neutral,Break,False,away,-0.004351814158651305,-0.1191702000000003,-0.4037860000000003
Chelsea,2023,2024-04-15 19:00:00,2024-05-11 16:30:00,-1.3213644703643561,Weak Short,Break,True,home,-0.004351814158651305,-0.6754442000000003,0.0041639999999997
Chelsea,2023,2024-04-23 19:00:00,2024-05-15 18:45:00,-0.21075202203293214,Neutral,Break,False,away,-0.004351814158651305,-0.1113882000000003,-0.4077220000000002
Chelsea,2023,2024-04-27 19:00:00,2024-05-19 15:00:00,-1.3537107999862175,Weak Short,Break,True,away,-0.004351814158651305,-0.6918722000000003,-0.4009820000000003
Chelsea,2023,2024-05-02 18:30:00,2024-08-18 15:30:00,-1.0607902518254513,Weak Short,Break,True,home,-0.004351814158651305,-0.5431042000000004,-0.2336000000000003
Chelsea,2023,2024-05-05 13:00:00,2024-08-25 13:00:00,-0.7864761284066292,Weak Short,Break,False,home,-0.004351814158651305,-0.4037860000000003,-0.8714060000000003
Chelsea,2023,2024-05-11 16:30:00,2024-09-01 12:30:00,0.016767429496849246,Neutral,Break,False,away,-0.004351814158651305,0.0041639999999997,-0.3580560000000002
Chelsea,2023,2024-05-15 18:45:00,2024-09-14 19:00:00,-0.7942260160004715,Weak Short,Break,True,away,-0.004351814158651305,-0.4077220000000002,-0.2803108000000002
Chelsea,2023,2024-05-19 15:00:00,2024-09-21 11:30:00,-0.7809551210862189,Weak Short,Break,True,home,-0.004351814158651305,-0.4009820000000003,-0.3203988000000003
Chelsea,2024,2024-08-18 15:30:00,2024-09-28 14:00:00,-0.47102584673833714,Neutral,Break,False,home,0.006496192065593026,-0.2336000000000003,-0.6009668000000004
Chelsea,2024,2024-08-25 13:00:00,2024-10-06 13:00:00,-1.7222873041575264,Strong Short,Break,True,away,0.006496192065593026,-0.8714060000000003,0.4486671999999997
Chelsea,2024,2024-09-01 12:30:00,2024-10-20 15:30:00,-0.7151862904227216,Weak Short,Break,True,home,0.006496192065593026,-0.3580560000000002,0.1209891999999996
Chelsea,2024,2024-09-14 19:00:00,2024-10-27 14:00:00,-0.5626640936115497,Weak Short,Break,True,away,0.006496192065593026,-0.2803108000000002,0.0580319999999996
Chelsea,2024,2024-09-21 11:30:00,2024-11-03 16:30:00,-0.6413095897420668,Weak Short,Break,True,away,0.006496192065593026,-0.3203988000000003,0.2207199999999996
Chelsea,2024,2024-09-28 14:00:00,2024-11-10 16:30:00,-1.191733895228668,Weak Short,Break,True,home,0.006496192065593026,-0.6009668000000004,0.3371759999999997
Chelsea,2024,2024-10-06 13:00:00,2024-11-23 12:30:00,0.8674605441411927,Weak Long,Normal,True,home,0.006496192065593026,0.4486671999999997,0.2449879999999997
Chelsea,2024,2024-10-20 15:30:00,2024-12-01 13:30:00,0.22461483268001925,Neutral,Normal,True,away,0.006496192065593026,0.1209891999999996,-0.0329420000000002
Chelsea,2024,2024-10-27 14:00:00,2024-12-04 19:30:00,0.10110405067572424,Neutral,Normal,False,home,0.006496192065593026,0.0580319999999996,0.2100899999999997
Chelsea,2024,2024-11-03 16:30:00,2024-12-08 16:30:00,0.42026884997929476,Neutral,Normal,True,away,0.006496192065593026,0.2207199999999996,-0.1174000000000003
Chelsea,2024,2024-11-10 16:30:00,2024-12-15 19:00:00,0.6487347224941491,Weak Long,Normal,True,home,0.006496192065593026,0.3371759999999997,-0.0472420000000002
Chelsea,2024,2024-11-23 12:30:00,2024-12-22 14:00:00,0.46787833162206544,Neutral,Normal,True,away,0.006496192065593026,0.2449879999999997,0.0926239999999997
Chelsea,2024,2024-12-01 13:30:00,2024-12-26 15:00:00,-0.07737068902138282,Neutral,Normal,False,home,0.006496192065593026,-0.0329420000000002,0.4139979999999997
Chelsea,2024,2024-12-04 19:30:00,2024-12-30 19:45:00,0.3994146885377814,Neutral,Normal,False,away,0.006496192065593026,0.2100899999999997,0.5686219999999997
Chelsea,2024,2024-12-08 16:30:00,2025-01-04 15:00:00,-0.24306220050090793,Neutral,Normal,False,away,0.006496192065593026,-0.1174000000000003,0.9570519999999996
Chelsea,2024,2024-12-15 19:00:00,2025-01-14 19:30:00,-0.10542473498691843,Neutral,Normal,False,home,0.006496192065593026,-0.0472420000000002,0.9463759999999996
Chelsea,2024,2024-12-22 14:00:00,2025-01-20 20:00:00,0.16896737641277396,Neutral,Normal,False,away,0.006496192065593026,0.0926239999999997,0.6729579999999997
Chelsea,2024,2024-12-26 15:00:00,2025-01-25 17:30:00,0.7994457657923573,Weak Long,Normal,False,home,0.006496192065593026,0.4139979999999997,0.6613919999999996
Chelsea,2024,2024-12-30 19:45:00,2025-02-03 20:00:00,1.1027904373570412,Weak Long,Normal,True,away,0.006496192065593026,0.5686219999999997,0.2182799999999997
Chelsea,2024,2025-01-04 15:00:00,2025-02-14 20:00:00,1.864820722279628,Strong Long,Normal,True,away,0.006496192065593026,0.9570519999999996,0.2451555999999997
Chelsea,2024,2025-01-14 19:30:00,2025-02-22 17:30:00,1.8438763170538897,Strong Long,Normal,True,home,0.006496192065593026,0.9463759999999996,0.3723755999999997
Chelsea,2024,2025-01-20 20:00:00,2025-02-25 20:15:00,1.3074790345500567,Weak Long,Normal,True,home,0.006496192065593026,0.6729579999999997,0.1390795999999997
Chelsea,2024,2025-01-25 17:30:00,2025-03-09 14:00:00,1.284788608281708,Weak Long,Normal,True,away,0.006496192065593026,0.6613919999999996,0.1930815999999997
Chelsea,2024,2025-02-03 20:00:00,2025-03-16 13:30:00,0.41548200577258815,Neutral,Normal,False,home,0.006496192065593026,0.2182799999999997,0.3721567999999997
Chelsea,2024,2025-02-14 20:00:00,2025-04-03 19:00:00,0.4682071328880671,Neutral,Normal,False,away,0.006496192065593026,0.2451555999999997,0.3030851999999997
Chelsea,2024,2025-02-22 17:30:00,2025-04-06 13:00:00,0.7177900509115244,Weak Long,Normal,True,away,0.006496192065593026,0.3723755999999997,0.3639071999999997
Chelsea,2024,2025-02-25 20:15:00,2025-04-13 13:00:00,0.2601049664656786,Neutral,Normal,False,home,0.006496192065593026,0.1390795999999997,0.7489551999999997
Chelsea,2024,2025-03-09 14:00:00,2025-04-20 13:00:00,0.3660472455028012,Neutral,Normal,False,home,0.006496192065593026,0.1930815999999997,0.3456111999999997
Chelsea,2024,2025-03-16 13:30:00,2025-04-26 11:30:00,0.7173608043900377,Weak Long,Normal,True,away,0.006496192065593026,0.3721567999999997,0.2420665999999997
Chelsea,2024,2025-04-03 19:00:00,2025-05-04 15:30:00,0.5818546616408707,Weak Long,Normal,True,home,0.006496192065593026,0.3030851999999997,0.2850685999999997
Chelsea,2024,2025-04-06 13:00:00,2025-05-11 11:00:00,0.701176562600018,Weak Long,Normal,True,away,0.006496192065593026,0.3639071999999997,0.1186957999999997
Chelsea,2024,2025-04-13 13:00:00,2025-05-16 19:15:00,1.4565719675606863,Weak Long,Normal,True,home,0.006496192065593026,0.7489551999999997,-0.0036782000000002
Chelsea,2024,2025-04-20 13:00:00,2025-05-25 15:00:00,0.6652830783353019,Weak Long,Normal,True,away,0.006496192065593026,0.3456111999999997,0.3077257999999997
Crystal Palace,2017,2017-08-12 15:00:00,2017-09-23 15:00:00,0.3785345820920731,Neutral,Normal,False,home,0.029363979511461115,0.1796627999999999,1.1839445999999998
Crystal Palace,2017,2017-08-19 15:00:00,2017-09-30 15:00:00,0.4258303685393733,Neutral,Break,False,away,0.029363979511461115,0.1984417999999999,1.087336
Crystal Palace,2017,2017-08-26 15:00:00,2017-10-14 15:00:00,0.7166620547733814,Weak Long,Normal,False,home,0.029363979511461115,0.3139177999999999,0.8272917999999999
Crystal Palace,2017,2017-09-10 13:30:00,2017-10-21 15:00:00,2.226389697944766,Strong Long,Break,True,away,0.029363979511461115,0.9133618,0.5946687999999999
Crystal Palace,2017,2017-09-16 12:30:00,2017-10-28 15:00:00,3.098224897439741,Strong Long,Normal,True,home,0.029363979511461115,1.2595278,0.3715267999999999
Crystal Palace,2017,2017-09-23 15:00:00,2017-11-05 12:00:00,2.907865086682853,Strong Long,Break,True,away,0.029363979511461115,1.1839445999999998,0.4697671999999999
Crystal Palace,2017,2017-09-30 15:00:00,2017-11-18 15:00:00,2.6645518264148604,Strong Long,Normal,True,away,0.029363979511461115,1.087336,0.4268689999999999
Crystal Palace,2017,2017-10-14 15:00:00,2017-11-25 15:00:00,2.0096183927890534,Strong Long,Break,True,home,0.029363979511461115,0.8272917999999999,0.4198009999999999
Crystal Palace,2017,2017-10-21 15:00:00,2017-11-28 19:45:00,1.423746528966149,Weak Long,Normal,True,away,0.029363979511461115,0.5946687999999999,0.4232912
Crystal Palace,2017,2017-10-28 15:00:00,2017-12-02 15:00:00,0.861753005380044,Weak Long,Break,False,home,0.029363979511461115,0.3715267999999999,0.4017951999999999
Crystal Palace,2017,2017-11-05 12:00:00,2017-12-09 15:00:00,1.109176029976527,Weak Long,Normal,False,away,0.029363979511461115,0.4697671999999999,0.7037671999999999
Crystal Palace,2017,2017-11-18 15:00:00,2017-12-12 20:00:00,1.001134914572428,Weak Long,Break,False,home,0.029363979511461115,0.4268689999999999,0.5188911999999999
Crystal Palace,2017,2017-11-25 15:00:00,2017-12-16 12:30:00,0.9833338272616278,Weak Long,Normal,False,home,0.029363979511461115,0.4198009999999999,0.4739911999999998
Crystal Palace,2017,2017-11-28 19:45:00,2017-12-23 15:00:00,0.9921240585763075,Weak Long,Break,True,away,0.029363979511461115,0.4232912,0.4082239999999998
Crystal Palace,2017,2017-12-02 15:00:00,2017-12-28 20:00:00,0.9379853810391027,Weak Long,Normal,True,away,0.029363979511461115,0.4017951999999999,0.0754199999999998
Crystal Palace,2017,2017-12-09 15:00:00,2017-12-31 12:00:00,1.6985159324563317,Strong Long,Break,True,home,0.029363979511461115,0.7037671999999999,-0.10269
Crystal Palace,2017,2017-12-12 20:00:00,2018-01-02 19:45:00,1.2328971127518171,Weak Long,Normal,True,home,0.029363979511461115,0.5188911999999999,-0.055192
Crystal Palace,2017,2017-12-16 12:30:00,2018-01-13 15:00:00,1.1198143707802646,Weak Long,Break,True,away,0.029363979511461115,0.4739911999999998,0.2549719999999999
Crystal Palace,2017,2017-12-23 15:00:00,2018-01-20 15:00:00,0.954176613368428,Weak Long,Normal,True,away,0.029363979511461115,0.4082239999999998,0.1041203999999999
Crystal Palace,2017,2017-12-28 20:00:00,2018-01-30 19:45:00,0.11599423343300544,Neutral,Break,False,home,0.029363979511461115,0.0754199999999998,0.3066943999999999
Crystal Palace,2017,2017-12-31 12:00:00,2018-02-04 14:15:00,-0.3325841000314299,Neutral,Normal,False,home,0.029363979511461115,-0.10269,0.3628644
Crystal Palace,2017,2018-01-02 19:45:00,2018-02-10 15:00:00,-0.21295817401439676,Neutral,Break,False,away,0.029363979511461115,-0.055192,0.6257024
Crystal Palace,2017,2018-01-13 15:00:00,2018-02-25 00:00:00,0.5682043110828086,Weak Long,Normal,False,home,0.029363979511461115,0.2549719999999999,0.500752
Crystal Palace,2017,2018-01-20 15:00:00,2018-03-05 20:00:00,0.18827752803613124,Neutral,Break,False,away,0.029363979511461115,0.1041203999999999,0.3487875999999999
Crystal Palace,2017,2018-01-30 19:45:00,2018-03-10 17:30:00,0.6984695853222164,Weak Long,Normal,False,away,0.029363979511461115,0.3066943999999999,0.3449555999999999
Crystal Palace,2017,2018-02-04 14:15:00,2018-03-17 15:00:00,0.8399363473832876,Weak Long,Break,True,home,0.029363979511461115,0.3628644,0.0938895999999999
Crystal Palace,2017,2018-02-10 15:00:00,2018-03-31 12:30:00,1.5019060964772488,Strong Long,Normal,True,away,0.029363979511461115,0.6257024,0.1441995999999999
Crystal Palace,2017,2018-02-25 00:00:00,2018-04-07 14:00:00,1.187212692413947,Weak Long,Break,True,home,0.029363979511461115,0.500752,-0.063676
Crystal Palace,2017,2018-03-05 20:00:00,2018-04-14 14:00:00,0.8044832707199211,Weak Long,Normal,True,home,0.029363979511461115,0.3487875999999999,0.0878979999999999
Crystal Palace,2017,2018-03-10 17:30:00,2018-04-21 14:00:00,0.7948322001801664,Weak Long,Break,True,away,0.029363979511461115,0.3449555999999999,0.0965769999999999
Crystal Palace,2017,2018-03-17 15:00:00,2018-04-28 14:00:00,0.16251078156480483,Neutral,Normal,False,away,0.029363979511461115,0.0938895999999999,-0.4953130000000001
Crystal Palace,2017,2018-03-31 12:30:00,2018-05-05 12:30:00,0.2892188605979628,Neutral,Break,False,home,0.029363979511461115,0.1441995999999999,-0.8141070000000001
Crystal Palace,2017,2018-04-07 14:00:00,2018-05-13 15:00:00,-0.23432552329917739,Neutral,Normal,False,away,0.029363979511461115,-0.063676,-0.570241
Crystal Palace,2017,2018-04-14 14:00:00,2018-08-11 17:00:00,0.1474206578054117,Neutral,Break,False,home,0.029363979511461115,0.0878979999999999,-0.6544590000000001
Crystal Palace,2017,2018-04-21 14:00:00,2018-08-20 22:00:00,0.16927912367559209,Neutral,Normal,False,away,0.029363979511461115,0.0965769999999999,-0.6172024000000002
Crystal Palace,2017,2018-04-28 14:00:00,2018-08-26 15:30:00,-1.3214234185413802,Weak Short,Break,True,home,0.029363979511461115,-0.4953130000000001,-0.1309124
Crystal Palace,2017,2018-05-05 12:30:00,2018-09-01 14:00:00,-2.1243209607257683,Strong Short,Normal,True,away,0.029363979511461115,-0.8141070000000001,0.4765315999999998
Crystal Palace,2017,2018-05-13 15:00:00,2018-09-15 14:00:00,-1.5101330775713233,Strong Short,Break,True,home,0.029363979511461115,-0.570241,0.3528757999999999
Crystal Palace,2018,2018-08-11 17:00:00,2018-09-22 14:00:00,-1.752457164438093,Strong Short,Normal,True,away,0.11003545822478379,-0.6544590000000001,0.7234023999999999
Crystal Palace,2018,2018-08-20 22:00:00,2018-10-01 19:00:00,-1.6670535426195463,Strong Short,Break,True,home,0.11003545822478379,-0.6172024000000002,0.526849
Crystal Palace,2018,2018-08-26 15:30:00,2018-10-06 14:00:00,-0.5523268296575174,Weak Short,Normal,False,away,0.11003545822478379,-0.1309124,0.6904669999999999
Crystal Palace,2018,2018-09-01 14:00:00,2018-10-21 15:00:00,0.840122230427013,Weak Long,Break,False,home,0.11003545822478379,0.4765315999999998,0.520429
Crystal Palace,2018,2018-09-15 14:00:00,2018-10-28 12:30:00,0.556664985834918,Weak Long,Normal,False,away,0.11003545822478379,0.3528757999999999,0.6473328
Crystal Palace,2018,2018-09-22 14:00:00,2018-11-04 16:00:00,1.406026270013076,Weak Long,Break,True,home,0.11003545822478379,0.7234023999999999,0.3520835999999999
Crystal Palace,2018,2018-10-01 19:00:00,2018-11-10 17:30:00,0.9554652354380061,Weak Long,Normal,False,away,0.11003545822478379,0.526849,0.6125185999999999
Crystal Palace,2018,2018-10-06 14:00:00,2018-11-24 15:00:00,1.3305281717957784,Weak Long,Break,True,home,0.11003545822478379,0.6904669999999999,0.6156746
Crystal Palace,2018,2018-10-21 15:00:00,2018-12-01 15:00:00,0.9407486147030204,Weak Long,Normal,True,away,0.11003545822478379,0.520429,0.3228966
Crystal Palace,2018,2018-10-28 12:30:00,2018-12-04 19:45:00,1.231651277386585,Weak Long,Break,True,home,0.11003545822478379,0.6473328,0.3532466
Crystal Palace,2018,2018-11-04 16:00:00,2018-12-08 15:00:00,0.5548490190208594,Weak Long,Normal,True,away,0.11003545822478379,0.3520835999999999,0.2492598
Crystal Palace,2018,2018-11-10 17:30:00,2018-12-15 15:00:00,1.1518463899112046,Weak Long,Break,True,home,0.11003545822478379,0.6125185999999999,-0.0089473999999999
Crystal Palace,2018,2018-11-24 15:00:00,2018-12-22 15:00:00,1.1590809156183097,Weak Long,Normal,False,away,0.11003545822478379,0.6156746,-0.5903134
Crystal Palace,2018,2018-12-01 15:00:00,2018-12-26 15:00:00,0.4879434100812912,Neutral,Break,False,home,0.11003545822478379,0.3228966,-0.1114793999999999
Crystal Palace,2018,2018-12-04 19:45:00,2018-12-30 12:00:00,0.5575149738362474,Weak Long,Normal,False,away,0.11003545822478379,0.3532466,-0.1782589999999999
Crystal Palace,2018,2018-12-08 15:00:00,2019-01-02 19:45:00,0.31914514563612,Neutral,Break,True,away,0.11003545822478379,0.2492598,0.0241344
Crystal Palace,2018,2018-12-15 15:00:00,2019-01-12 15:00:00,-0.2727454203206732,Neutral,Normal,True,home,0.11003545822478379,-0.0089473999999999,0.1770784
Crystal Palace,2018,2018-12-22 15:00:00,2019-01-19 15:00:00,-1.6054156586720332,Strong Short,Break,True,away,0.11003545822478379,-0.5903134,0.086903
Crystal Palace,2018,2018-12-26 15:00:00,2019-01-30 19:45:00,-0.507780398077614,Weak Short,Normal,False,home,0.11003545822478379,-0.1114793999999999,-0.2929130000000001
Crystal Palace,2018,2018-12-30 12:00:00,2019-02-02 15:00:00,-0.660859844500364,Weak Short,Break,False,home,0.11003545822478379,-0.1782589999999999,-0.2935494000000001
Crystal Palace,2018,2019-01-02 19:45:00,2019-02-09 15:00:00,-0.19691172813521368,Neutral,Normal,True,away,0.11003545822478379,0.0241344,0.0539585999999999
Crystal Palace,2018,2019-01-12 15:00:00,2019-02-23 17:30:00,0.15368310701925073,Neutral,Break,False,home,0.11003545822478379,0.1770784,-0.4629033999999999
Crystal Palace,2018,2019-01-19 15:00:00,2019-02-27 20:00:00,-0.053026731209041285,Neutral,Normal,False,away,0.11003545822478379,0.086903,0.136722
Crystal Palace,2018,2019-01-30 19:45:00,2019-03-02 15:00:00,-0.923682186205825,Weak Short,Break,False,away,0.11003545822478379,-0.2929130000000001,-0.4286091999999999
Crystal Palace,2018,2019-02-02 15:00:00,2019-03-09 12:30:00,-0.9251410113515797,Weak Short,Normal,False,home,0.11003545822478379,-0.2935494000000001,-0.3791911999999999
Crystal Palace,2018,2019-02-09 15:00:00,2019-03-30 15:00:00,-0.12854546020307028,Neutral,Break,False,home,0.11003545822478379,0.0539585999999999,-0.5466131999999999
Crystal Palace,2018,2019-02-23 17:30:00,2019-04-03 19:45:00,-1.3133526294127595,Weak Short,Normal,True,away,0.11003545822478379,-0.4629033999999999,0.0507722
Crystal Palace,2018,2019-02-27 20:00:00,2019-04-06 15:00:00,0.06117378723274308,Neutral,Break,False,home,0.11003545822478379,0.136722,-0.1062981999999999
Crystal Palace,2018,2019-03-02 15:00:00,2019-04-14 14:05:00,-1.2347397423707427,Weak Short,Normal,True,away,0.11003545822478379,-0.4286091999999999,0.2160787999999999
Crystal Palace,2018,2019-03-09 12:30:00,2019-04-21 16:00:00,-1.1214584396477634,Weak Short,Break,True,home,0.11003545822478379,-0.3791911999999999,0.0399287999999999
Crystal Palace,2018,2019-03-30 15:00:00,2019-04-27 15:00:00,-1.5052413176372939,Strong Short,Normal,True,home,0.11003545822478379,-0.5466131999999999,-0.0772044
Crystal Palace,2018,2019-04-03 19:45:00,2019-05-04 16:30:00,-0.13584967208935642,Neutral,Break,False,away,0.11003545822478379,0.0507722,-0.4280858
Crystal Palace,2018,2019-04-06 15:00:00,2019-05-12 14:00:00,-0.49590348914426374,Neutral,Normal,False,away,0.11003545822478379,-0.1062981999999999,-0.8378854
Crystal Palace,2018,2019-04-14 14:05:00,2019-08-10 15:00:00,0.2430840564449107,Neutral,Break,False,home,0.11003545822478379,0.2160787999999999,-0.5272012000000001
Crystal Palace,2018,2019-04-21 16:00:00,2019-08-18 14:00:00,-0.1607060903569181,Neutral,Normal,False,away,0.11003545822478379,0.0399287999999999,-0.3912508
Crystal Palace,2018,2019-04-27 15:00:00,2019-08-24 15:00:00,-0.4292115233592907,Neutral,Break,False,home,0.11003545822478379,-0.0772044,-0.708121
Crystal Palace,2018,2019-05-04 16:30:00,2019-08-31 15:00:00,-1.2335399480883922,Weak Short,Normal,True,away,0.11003545822478379,-0.4280858,-0.387315
Crystal Palace,2018,2019-05-12 14:00:00,2019-09-14 14:00:00,-2.1729270649963155,Strong Short,Break,True,home,0.11003545822478379,-0.8378854,0.1563515999999999
Crystal Palace,2019,2019-08-10 15:00:00,2019-09-22 13:00:00,-1.406718825043561,Weak Short,Normal,True,home,0.08128385121887527,-0.5272012000000001,-0.021011
Crystal Palace,2019,2019-08-18 14:00:00,2019-09-28 14:00:00,-1.0924235328763736,Weak Short,Break,True,away,0.08128385121887527,-0.3912508,-0.1083994
Crystal Palace,2019,2019-08-24 15:00:00,2019-10-05 17:30:00,-1.8249760821007595,Strong Short,Normal,True,away,0.08128385121887527,-0.708121,0.169842
Crystal Palace,2019,2019-08-31 15:00:00,2019-10-19 17:30:00,-1.0833246011269149,Weak Short,Break,True,home,0.08128385121887527,-0.387315,0.2104268
Crystal Palace,2019,2019-09-14 14:00:00,2019-10-27 16:30:00,0.17354446942043975,Neutral,Normal,True,away,0.08128385121887527,0.1563515999999999,0.0507462
Crystal Palace,2019,2019-09-22 13:00:00,2019-11-03 14:00:00,-0.2364891177299612,Neutral,Break,True,home,0.08128385121887527,-0.021011,0.1423728
Crystal Palace,2019,2019-09-28 14:00:00,2019-11-09 12:30:00,-0.43851693603739533,Neutral,Normal,False,home,0.08128385121887527,-0.1083994,0.2772764
Crystal Palace,2019,2019-10-05 17:30:00,2019-11-23 15:00:00,0.20473208791551037,Neutral,Break,False,away,0.08128385121887527,0.169842,0.2682484
Crystal Palace,2019,2019-10-19 17:30:00,2019-11-30 15:00:00,0.29855756819027857,Neutral,Normal,False,home,0.08128385121887527,0.2104268,-0.0677779999999999
Crystal Palace,2019,2019-10-27 16:30:00,2019-12-03 19:30:00,-0.07059810057150294,Neutral,Break,False,away,0.08128385121887527,0.0507462,-0.1468093999999999
Crystal Palace,2019,2019-11-03 14:00:00,2019-12-07 15:00:00,0.1412277492773093,Neutral,Normal,False,home,0.08128385121887527,0.1423728,-0.1932421999999999
Crystal Palace,2019,2019-11-09 12:30:00,2019-12-16 19:45:00,0.45310300949283866,Neutral,Break,False,away,0.08128385121887527,0.2772764,-0.3921679999999999
Crystal Palace,2019,2019-11-23 15:00:00,2019-12-21 15:00:00,0.43223173660445174,Neutral,Normal,False,home,0.08128385121887527,0.2682484,-0.1997063999999999
Crystal Palace,2019,2019-11-30 15:00:00,2019-12-26 15:00:00,-0.34460684249416046,Neutral,Break,True,away,0.08128385121887527,-0.0677779999999999,0.0413372
Crystal Palace,2019,2019-12-03 19:30:00,2019-12-28 15:00:00,-0.5273146311684256,Weak Short,Normal,True,home,0.08128385121887527,-0.1468093999999999,-0.0078479999999999
Crystal Palace,2019,2019-12-07 15:00:00,2020-01-01 17:30:00,-0.6346597396943333,Weak Short,Break,True,away,0.08128385121887527,-0.1932421999999999,0.0097947999999999
Crystal Palace,2019,2019-12-16 19:45:00,2020-01-11 12:30:00,-1.094543950631494,Weak Short,Normal,True,home,0.08128385121887527,-0.3921679999999999,-0.0236045999999999
Crystal Palace,2019,2019-12-21 15:00:00,2020-01-18 15:00:00,-0.6496039224817846,Weak Short,Break,False,away,0.08128385121887527,-0.1997063999999999,-0.5033350000000001
Crystal Palace,2019,2019-12-26 15:00:00,2020-01-21 19:30:00,-0.09235018371359786,Neutral,Normal,False,home,0.08128385121887527,0.0413372,-0.3968072
Crystal Palace,2019,2019-12-28 15:00:00,2020-02-01 15:00:00,-0.20605839497521597,Neutral,Break,False,away,0.08128385121887527,-0.0078479999999999,-0.030362
Crystal Palace,2019,2020-01-01 17:30:00,2020-02-08 12:30:00,-0.16527110063369746,Neutral,Normal,False,away,0.08128385121887527,0.0097947999999999,-0.1170893999999999
Crystal Palace,2019,2020-01-11 12:30:00,2020-02-22 15:00:00,-0.24248510060139652,Neutral,Break,True,home,0.08128385121887527,-0.0236045999999999,0.1704422
Crystal Palace,2019,2020-01-18 15:00:00,2020-02-29 12:30:00,-1.3515440384896373,Weak Short,Normal,False,away,0.08128385121887527,-0.5033350000000001,0.6874170000000001
Crystal Palace,2019,2020-01-21 19:30:00,2020-03-07 15:00:00,-1.1052690291853051,Weak Short,Normal,True,home,0.08128385121887527,-0.3968072,0.5237206000000001
Crystal Palace,2019,2020-02-01 15:00:00,2020-06-20 18:45:00,-0.2581071142717541,Neutral,Break,True,home,0.08128385121887527,-0.030362,0.0873986
Crystal Palace,2019,2020-02-08 12:30:00,2020-06-24 19:15:00,-0.45860680770333245,Neutral,Normal,True,away,0.08128385121887527,-0.1170893999999999,0.1272397
Crystal Palace,2019,2020-02-22 15:00:00,2020-06-29 19:00:00,0.2061196530448424,Neutral,Break,False,home,0.08128385121887527,0.1704422,0.1892017
Crystal Palace,2019,2020-02-29 12:30:00,2020-07-04 14:00:00,1.4012816077656305,Weak Long,Normal,True,away,0.08128385121887527,0.6874170000000001,0.0563911
Crystal Palace,2019,2020-03-07 15:00:00,2020-07-07 17:00:00,1.022842060219491,Weak Long,Break,True,home,0.08128385121887527,0.5237206000000001,-0.0571902999999999
Crystal Palace,2019,2020-06-20 18:45:00,2020-07-12 13:15:00,0.014136308202789761,Neutral,Normal,False,away,0.08128385121887527,0.0873986,0.3799553
Crystal Palace,2019,2020-06-24 19:15:00,2020-07-16 19:15:00,0.10624247460437526,Neutral,Break,False,away,0.08128385121887527,0.1272397,0.4814778
Crystal Palace,2019,2020-06-29 19:00:00,2020-07-20 19:15:00,0.24948857680976216,Neutral,Normal,False,home,0.08128385121887527,0.1892017,0.3564356
Crystal Palace,2019,2020-07-04 14:00:00,2020-07-26 15:00:00,-0.05754800660521411,Neutral,Break,False,away,0.08128385121887527,0.0563911,0.252635
Crystal Palace,2019,2020-07-07 17:00:00,2020-09-12 14:00:00,-0.3201297959766179,Neutral,Normal,False,home,0.08128385121887527,-0.0571902999999999,0.474133
Crystal Palace,2019,2020-07-12 13:15:00,2020-09-19 16:30:00,0.6904799857643713,Weak Long,Break,True,away,0.08128385121887527,0.3799553,0.0622088
Crystal Palace,2019,2020-07-16 19:15:00,2020-09-26 14:00:00,0.9251835526464345,Weak Long,Normal,True,home,0.08128385121887527,0.4814778,-0.1635963999999999
Crystal Palace,2019,2020-07-20 19:15:00,2020-10-03 11:30:00,0.6361062510553556,Weak Long,Break,False,away,0.08128385121887527,0.3564356,-0.2309704
Crystal Palace,2019,2020-07-26 15:00:00,2020-10-18 13:00:00,0.396136086170741,Neutral,Normal,False,home,0.08128385121887527,0.252635,-0.2764434
Crystal Palace,2020,2020-09-12 14:00:00,2020-10-24 14:00:00,0.9669532482030055,Weak Long,Break,True,home,0.09023018950429318,0.474133,-0.1934834
Crystal Palace,2020,2020-09-19 16:30:00,2020-10-30 20:00:00,-0.07057873206333534,Neutral,Normal,False,away,0.09023018950429318,0.0622088,0.184158
Crystal Palace,2020,2020-09-26 14:00:00,2020-11-07 15:00:00,-0.639324429233924,Weak Short,Break,False,home,0.09023018950429318,-0.1635963999999999,-0.244127
Crystal Palace,2020,2020-10-03 11:30:00,2020-11-23 17:30:00,-0.8090223485075783,Weak Short,Normal,True,away,0.09023018950429318,-0.2309704,-0.0081148
Crystal Palace,2020,2020-10-18 13:00:00,2020-11-27 20:00:00,-0.9235572356024644,Weak Short,Break,True,home,0.09023018950429318,-0.2764434,0.1466299999999999
Crystal Palace,2020,2020-10-24 14:00:00,2020-12-06 12:00:00,-0.7146021582292592,Weak Short,Normal,False,away,0.09023018950429318,-0.1934834,-0.6781560000000001
Crystal Palace,2020,2020-10-30 20:00:00,2020-12-13 14:15:00,0.2365801941854649,Neutral,Break,False,away,0.09023018950429318,0.184158,-0.6698234000000001
Crystal Palace,2020,2020-11-07 15:00:00,2020-12-16 20:00:00,-0.8421604677333292,Weak Short,Normal,True,home,0.09023018950429318,-0.244127,-0.1119454
Crystal Palace,2020,2020-11-23 17:30:00,2020-12-19 12:30:00,-0.24770594131071155,Neutral,Break,False,away,0.09023018950429318,-0.0081148,-0.2707438000000001
Crystal Palace,2020,2020-11-27 20:00:00,2020-12-26 15:00:00,0.14205673536601382,Neutral,Normal,False,home,0.09023018950429318,0.1466299999999999,-0.2079052
Crystal Palace,2020,2020-12-06 12:00:00,2020-12-28 15:00:00,-1.9353688003902108,Strong Short,Break,True,away,0.09023018950429318,-0.6781560000000001,0.3190523999999999
Crystal Palace,2020,2020-12-13 14:15:00,2021-01-02 15:00:00,-1.914381106589343,Strong Short,Normal,True,home,0.09023018950429318,-0.6698234000000001,-0.1300560000000001
Crystal Palace,2020,2020-12-16 20:00:00,2021-01-14 20:00:00,-0.5092287361118967,Weak Short,Break,True,away,0.09023018950429318,-0.1119454,-0.0063452
Crystal Palace,2020,2020-12-19 12:30:00,2021-01-17 19:15:00,-0.9092013971381888,Weak Short,Normal,True,home,0.09023018950429318,-0.2707438000000001,-0.0938920800000001
Crystal Palace,2020,2020-12-26 15:00:00,2021-01-26 18:00:00,-0.7509269935096461,Weak Short,Break,False,away,0.09023018950429318,-0.2079052,-0.5379026800000001
Crystal Palace,2020,2020-12-28 15:00:00,2021-01-30 15:00:00,0.5763447769869604,Weak Long,Normal,False,home,0.09023018950429318,0.3190523999999999,-0.32841828
Crystal Palace,2020,2021-01-02 15:00:00,2021-02-02 20:15:00,-0.5548447176002668,Weak Short,Break,False,home,0.09023018950429318,-0.1300560000000001,-0.2863334800000001
Crystal Palace,2020,2021-01-14 20:00:00,2021-02-08 20:00:00,-0.24324877032566303,Neutral,Normal,False,away,0.09023018950429318,-0.0063452,-0.3542046800000001
Crystal Palace,2020,2021-01-17 19:15:00,2021-02-13 15:00:00,-0.46375702833172294,Neutral,Break,False,away,0.09023018950429318,-0.0938920800000001,-0.2353982000000001
Crystal Palace,2020,2021-01-26 18:00:00,2021-02-22 20:00:00,-1.5821064651388979,Strong Short,Normal,True,home,0.09023018950429318,-0.5379026800000001,-0.3252276
Crystal Palace,2020,2021-01-30 15:00:00,2021-02-28 12:00:00,-1.0544686998245358,Weak Short,Break,False,home,0.09023018950429318,-0.32841828,-0.38137864
Crystal Palace,2020,2021-02-02 20:15:00,2021-03-03 20:15:00,-0.9484678242189929,Weak Short,Normal,True,away,0.09023018950429318,-0.2863334800000001,0.0052383599999999
Crystal Palace,2020,2021-02-08 20:00:00,2021-03-07 19:15:00,-1.1194180634597388,Weak Short,Break,True,away,0.09023018950429318,-0.3542046800000001,-0.15694064
Crystal Palace,2020,2021-02-13 15:00:00,2021-03-13 15:00:00,-0.8201748472008412,Weak Short,Normal,True,home,0.09023018950429318,-0.2353982000000001,-0.2246758400000001
Crystal Palace,2020,2021-02-22 20:00:00,2021-04-05 17:00:00,-1.046432190828958,Weak Short,Break,True,away,0.09023018950429318,-0.3252276,0.0600967599999999
Crystal Palace,2020,2021-02-28 12:00:00,2021-04-10 16:30:00,-1.187862336776233,Weak Short,Normal,True,home,0.09023018950429318,-0.38137864,-0.0370728
Crystal Palace,2020,2021-03-03 20:15:00,2021-04-26 19:00:00,-0.214072737586305,Neutral,Break,False,home,0.09023018950429318,0.0052383599999999,-0.2409298
Crystal Palace,2020,2021-03-07 19:15:00,2021-05-01 11:30:00,-0.6225602676406566,Weak Short,Normal,True,away,0.09023018950429318,-0.15694064,-0.0804332
Crystal Palace,2020,2021-03-13 15:00:00,2021-05-08 14:00:00,-0.7931679575742336,Weak Short,Break,True,home,0.09023018950429318,-0.2246758400000001,-0.0910572
Crystal Palace,2020,2021-04-05 17:00:00,2021-05-11 21:00:00,-0.07589842205387687,Neutral,Normal,False,away,0.09023018950429318,0.0600967599999999,0.0533649999999999
Crystal Palace,2020,2021-04-10 16:30:00,2021-05-16 11:00:00,-0.32064375628869224,Neutral,Break,False,home,0.09023018950429318,-0.0370728,-0.0764984
Crystal Palace,2020,2021-04-26 19:00:00,2021-05-19 18:00:00,-0.8341075365209665,Weak Short,Normal,True,away,0.09023018950429318,-0.2409298,-0.0214454
Crystal Palace,2020,2021-05-01 11:30:00,2021-05-23 15:00:00,-0.4298575428958899,Neutral,Break,True,home,0.09023018950429318,-0.0804332,0.0606447999999999
Crystal Palace,2020,2021-05-08 14:00:00,2021-08-14 14:00:00,-0.45661668877357714,Neutral,Normal,True,away,0.09023018950429318,-0.0910572,0.0742209999999999
Crystal Palace,2020,2021-05-11 21:00:00,2021-08-21 14:00:00,-0.09285400825997436,Neutral,Break,False,away,0.09023018950429318,0.0533649999999999,0.1303115999999999
Crystal Palace,2020,2021-05-16 11:00:00,2021-08-28 14:00:00,-0.41994678544111547,Neutral,Normal,False,home,0.09023018950429318,-0.0764984,0.2750575999999999
Crystal Palace,2020,2021-05-19 18:00:00,2021-09-11 11:30:00,-0.2812823221500468,Neutral,Break,False,home,0.09023018950429318,-0.0214454,0.2541261999999999
Crystal Palace,2020,2021-05-23 15:00:00,2021-09-18 14:00:00,-0.07451804909578126,Neutral,Normal,False,away,0.09023018950429318,0.0606447999999999,0.2284963999999999
Crystal Palace,2021,2021-08-14 14:00:00,2021-09-27 19:00:00,0.07196560040082749,Neutral,Break,False,away,0.046944665638706015,0.0742209999999999,0.2378281999999999
Crystal Palace,2021,2021-08-21 14:00:00,2021-10-03 13:00:00,0.21995446328743032,Neutral,Normal,False,home,0.046944665638706015,0.1303115999999999,-0.0493744
Crystal Palace,2021,2021-08-28 14:00:00,2021-10-18 19:00:00,0.6018508228803784,Weak Long,Break,False,away,0.046944665638706015,0.2750575999999999,-0.2862426
Crystal Palace,2021,2021-09-11 11:30:00,2021-10-23 14:00:00,0.546625632124269,Weak Long,Normal,True,home,0.046944665638706015,0.2541261999999999,-0.0138106
Crystal Palace,2021,2021-09-18 14:00:00,2021-10-30 14:00:00,0.4790042310693497,Neutral,Break,False,away,0.046944665638706015,0.2284963999999999,-0.3325862
Crystal Palace,2021,2021-09-27 19:00:00,2021-11-06 15:00:00,0.5036251563346383,Weak Long,Normal,False,home,0.046944665638706015,0.2378281999999999,-0.2759362000000001
Crystal Palace,2021,2021-10-03 13:00:00,2021-11-20 15:00:00,-0.2541272334075971,Neutral,Break,False,home,0.046944665638706015,-0.0493744,-0.3603182000000001
Crystal Palace,2021,2021-10-18 19:00:00,2021-11-27 15:00:00,-0.8790778592164924,Weak Short,Normal,True,away,0.046944665638706015,-0.2862426,-0.0663402000000001
Crystal Palace,2021,2021-10-23 14:00:00,2021-11-30 20:15:00,-0.16029606879308828,Neutral,Break,False,home,0.046944665638706015,-0.0138106,-0.1760506
Crystal Palace,2021,2021-10-30 14:00:00,2021-12-05 14:00:00,-1.0013503374226724,Weak Short,Normal,True,away,0.046944665638706015,-0.3325862,0.1180099999999999
Crystal Palace,2021,2021-11-06 15:00:00,2021-12-12 16:30:00,-0.8518855593221345,Weak Short,Break,True,home,0.046944665638706015,-0.2759362000000001,-0.192584
Crystal Palace,2021,2021-11-20 15:00:00,2021-12-15 19:30:00,-1.0745181613641401,Weak Short,Normal,True,away,0.046944665638706015,-0.3603182000000001,-0.043774
Crystal Palace,2021,2021-11-27 15:00:00,2021-12-26 15:00:00,-0.2988896258576964,Neutral,Break,True,home,0.046944665638706015,-0.0663402000000001,-0.000535
Crystal Palace,2021,2021-11-30 20:15:00,2021-12-28 15:00:00,-0.5883484182905522,Weak Short,Normal,False,away,0.046944665638706015,-0.1760506,-0.2640446
Crystal Palace,2021,2021-12-05 14:00:00,2022-01-01 17:30:00,0.18749804820743773,Neutral,Break,False,away,0.046944665638706015,0.1180099999999999,-0.2297552
Crystal Palace,2021,2021-12-12 16:30:00,2022-01-14 20:00:00,-0.6319699710221927,Weak Short,Normal,True,home,0.046944665638706015,-0.192584,-0.147547
Crystal Palace,2021,2021-12-15 19:30:00,2022-01-23 14:00:00,-0.23935119557398268,Neutral,Break,True,home,0.046944665638706015,-0.043774,0.0791949999999999
Crystal Palace,2021,2021-12-26 15:00:00,2022-02-09 19:45:00,-0.12526986211786312,Neutral,Normal,True,away,0.046944665638706015,-0.000535,0.0892961999999999
Crystal Palace,2021,2021-12-28 15:00:00,2022-02-12 15:00:00,-0.8205108840306893,Weak Short,Break,True,home,0.046944665638706015,-0.2640446,0.3109441999999999
Crystal Palace,2021,2022-01-01 17:30:00,2022-02-19 15:00:00,-0.7300420832857537,Weak Short,Normal,True,home,0.046944665638706015,-0.2297552,0.2973408
Crystal Palace,2021,2022-01-14 20:00:00,2022-02-23 19:30:00,-0.5131448128348328,Weak Short,Break,False,away,0.046944665638706015,-0.147547,-0.2409148
Crystal Palace,2021,2022-01-23 14:00:00,2022-02-26 15:00:00,0.08508895090871943,Neutral,Normal,False,home,0.046944665638706015,0.0791949999999999,-0.3586148
Crystal Palace,2021,2022-02-09 19:45:00,2022-03-05 15:00:00,0.1117398532308581,Neutral,Break,False,away,0.046944665638706015,0.0892961999999999,-0.2968628000000001
Crystal Palace,2021,2022-02-12 15:00:00,2022-03-14 20:00:00,0.6965336596991388,Weak Long,Normal,False,away,0.046944665638706015,0.3109441999999999,-0.3016664
Crystal Palace,2021,2022-02-19 15:00:00,2022-04-04 19:00:00,0.6606425888710216,Weak Long,Break,False,home,0.046944665638706015,0.2973408,-0.7470570000000001
Crystal Palace,2021,2022-02-23 19:30:00,2022-04-10 13:00:00,-0.759485457296182,Weak Short,Normal,True,away,0.046944665638706015,-0.2409148,-0.0052036
Crystal Palace,2021,2022-02-26 15:00:00,2022-04-20 18:45:00,-1.0700239283011839,Weak Short,Break,True,home,0.046944665638706015,-0.3586148,0.0738239999999999
Crystal Palace,2021,2022-03-05 15:00:00,2022-04-25 19:00:00,-0.9070980858075489,Weak Short,Normal,True,away,0.046944665638706015,-0.2968628000000001,0.289618
Crystal Palace,2021,2022-03-14 20:00:00,2022-04-30 14:00:00,-0.9197718547057613,Weak Short,Break,True,home,0.046944665638706015,-0.3016664,-0.053939
Crystal Palace,2021,2022-04-04 19:00:00,2022-05-07 14:00:00,-2.094885838766937,Strong Short,Normal,True,home,0.046944665638706015,-0.7470570000000001,0.564931
Crystal Palace,2021,2022-04-10 13:00:00,2022-05-15 13:00:00,-0.1375874484027735,Neutral,Break,False,away,0.046944665638706015,-0.0052036,0.537415
Crystal Palace,2021,2022-04-20 18:45:00,2022-05-19 18:45:00,0.07091815967874607,Neutral,Normal,False,away,0.046944665638706015,0.0738239999999999,0.3713174
Crystal Palace,2021,2022-04-25 19:00:00,2022-05-22 15:00:00,0.64026683267835,Weak Long,Break,True,home,0.046944665638706015,0.289618,-0.081071
Crystal Palace,2021,2022-04-30 14:00:00,2022-08-05 19:00:00,-0.2661704271607783,Neutral,Normal,False,away,0.046944665638706015,-0.053939,0.4089596
Crystal Palace,2021,2022-05-07 14:00:00,2022-08-15 19:00:00,1.366649823908597,Weak Long,Break,True,home,0.046944665638706015,0.564931,0.2396115999999999
Crystal Palace,2021,2022-05-15 13:00:00,2022-08-20 14:00:00,1.2940518921484132,Weak Long,Normal,True,away,0.046944665638706015,0.537415,0.1438675999999998
Crystal Palace,2021,2022-05-19 18:45:00,2022-08-27 14:00:00,0.8558216904355808,Weak Long,Break,True,away,0.046944665638706015,0.3713174,-0.1581972000000001
Crystal Palace,2021,2022-05-22 15:00:00,2022-08-30 18:30:00,-0.33775521726534685,Neutral,Normal,True,home,0.046944665638706015,-0.081071,-0.0736482000000001
Crystal Palace,2022,2022-08-05 19:00:00,2022-09-03 14:00:00,1.0283759187458752,Weak Long,Break,True,home,0.035471136846307705,0.4089596,-0.1308032
Crystal Palace,2022,2022-08-15 19:00:00,2022-10-01 14:00:00,0.5620873388597768,Weak Long,Normal,False,away,0.035471136846307705,0.2396115999999999,-0.3177652000000001
Crystal Palace,2022,2022-08-20 14:00:00,2022-10-09 13:00:00,0.298462531996899,Neutral,Break,False,home,0.035471136846307705,0.1438675999999998,-0.3696512
Crystal Palace,2022,2022-08-27 14:00:00,2022-10-15 11:30:00,-0.533253027830074,Weak Short,Normal,True,away,0.035471136846307705,-0.1581972000000001,0.0813151999999999
Crystal Palace,2022,2022-08-30 18:30:00,2022-10-18 19:15:00,-0.30045291716570405,Neutral,Break,True,home,0.035471136846307705,-0.0736482000000001,-0.0229234
Crystal Palace,2022,2022-09-03 14:00:00,2022-10-22 14:00:00,-0.45782545054897344,Neutral,Normal,True,away,0.035471136846307705,-0.1308032,-0.087609
Crystal Palace,2022,2022-10-01 14:00:00,2022-10-29 14:00:00,-0.9726130209523128,Weak Short,Break,True,home,0.035471136846307705,-0.3177652000000001,-0.028815
Crystal Palace,2022,2022-10-09 13:00:00,2022-11-06 14:00:00,-1.1154777093806973,Weak Short,Normal,True,home,0.035471136846307705,-0.3696512,-0.1525150000000001
Crystal Palace,2022,2022-10-15 11:30:00,2022-11-12 15:00:00,0.1262286127036855,Neutral,Break,True,away,0.035471136846307705,0.0813151999999999,0.0072273999999999
Crystal Palace,2022,2022-10-18 19:15:00,2022-12-26 15:00:00,-0.16078551656453724,Neutral,Normal,False,home,0.035471136846307705,-0.0229234,0.2403441999999999
Crystal Palace,2022,2022-10-22 14:00:00,2022-12-31 15:00:00,-0.3388930617559785,Neutral,Break,True,away,0.035471136846307705,-0.087609,0.0714387999999999
Crystal Palace,2022,2022-10-29 14:00:00,2023-01-04 20:00:00,-0.17700764967066746,Neutral,Normal,False,home,0.035471136846307705,-0.028815,0.2281757999999999
Crystal Palace,2022,2022-11-06 14:00:00,2023-01-15 14:00:00,-0.5176074638515872,Weak Short,Break,False,away,0.035471136846307705,-0.1525150000000001,0.588961
Crystal Palace,2022,2022-11-12 15:00:00,2023-01-18 15:30:00,-0.07776727179973504,Neutral,Normal,False,away,0.035471136846307705,0.0072273999999999,0.2425247999999999
Crystal Palace,2022,2022-12-26 15:00:00,2023-01-21 17:30:00,0.5641045047762597,Weak Long,Break,True,home,0.035471136846307705,0.2403441999999999,0.2248047999999999
Crystal Palace,2022,2022-12-31 15:00:00,2023-02-04 15:00:00,0.09903459488010885,Neutral,Normal,False,away,0.035471136846307705,0.0714387999999999,0.3502367999999999
Crystal Palace,2022,2023-01-04 20:00:00,2023-02-11 15:00:00,0.5305996156988216,Weak Long,Break,True,home,0.035471136846307705,0.2281757999999999,0.1783875999999999
Crystal Palace,2022,2023-01-15 14:00:00,2023-02-18 15:00:00,1.5239979348518196,Strong Long,Normal,True,away,0.035471136846307705,0.588961,0.0353183999999998
Crystal Palace,2022,2023-01-18 15:30:00,2023-02-25 19:45:00,0.5701086434569624,Weak Long,Break,False,home,0.035471136846307705,0.2425247999999999,0.3504677999999999
Crystal Palace,2022,2023-01-21 17:30:00,2023-03-04 15:00:00,0.5213177889114013,Weak Long,Normal,False,home,0.035471136846307705,0.2248047999999999,0.3143891999999998
Crystal Palace,2022,2023-02-04 15:00:00,2023-03-11 17:30:00,0.8666865511776997,Weak Long,Break,True,away,0.035471136846307705,0.3502367999999999,0.2755287999999999
Crystal Palace,2022,2023-02-11 15:00:00,2023-03-15 19:30:00,0.3935110815969424,Neutral,Normal,False,home,0.035471136846307705,0.1783875999999999,0.532777
Crystal Palace,2022,2023-02-18 15:00:00,2023-03-19 14:00:00,-0.00042055086071990714,Neutral,Break,False,away,0.035471136846307705,0.0353183999999998,0.5467609999999998
Crystal Palace,2022,2023-02-25 19:45:00,2023-04-01 14:00:00,0.8673225944846987,Weak Long,Normal,True,home,0.035471136846307705,0.3504677999999999,0.3358857999999999
Crystal Palace,2022,2023-03-04 15:00:00,2023-04-09 13:00:00,0.7679825422946603,Weak Long,Break,True,away,0.035471136846307705,0.3143891999999998,-0.0492924000000001
Crystal Palace,2022,2023-03-11 17:30:00,2023-04-15 14:00:00,0.6609829867651844,Weak Long,Normal,False,home,0.035471136846307705,0.2755287999999999,-0.3137800000000001
Crystal Palace,2022,2023-03-15 19:30:00,2023-04-22 14:00:00,1.36929898610533,Weak Long,Break,False,away,0.035471136846307705,0.532777,-0.4830566000000001
Crystal Palace,2022,2023-03-19 14:00:00,2023-04-25 18:30:00,1.4078030103697274,Weak Long,Normal,True,away,0.035471136846307705,0.5467609999999998,-0.4053858000000002
Crystal Palace,2022,2023-04-01 14:00:00,2023-04-29 11:30:00,0.8271720165511,Weak Long,Break,False,home,0.035471136846307705,0.3358857999999999,-0.7285518000000002
Crystal Palace,2022,2023-04-09 13:00:00,2023-05-06 14:00:00,-0.23339082376046852,Neutral,Normal,False,away,0.035471136846307705,-0.0492924000000001,-0.3125920000000001
Crystal Palace,2022,2023-04-15 14:00:00,2023-05-13 14:00:00,-0.9616400348611747,Weak Short,Break,True,away,0.035471136846307705,-0.3137800000000001,-0.20473
Crystal Palace,2022,2023-04-22 14:00:00,2023-05-20 14:00:00,-1.4277320195432912,Weak Short,Normal,True,home,0.035471136846307705,-0.4830566000000001,-0.3367874
Crystal Palace,2022,2023-04-25 18:30:00,2023-05-28 15:30:00,-1.2138705801958107,Weak Short,Break,False,away,0.035471136846307705,-0.4053858000000002,-0.4512742000000001
Crystal Palace,2022,2023-04-29 11:30:00,2023-08-12 14:00:00,-2.1036869063849055,Strong Short,Normal,True,home,0.035471136846307705,-0.7285518000000002,0.1401817999999999
Crystal Palace,2022,2023-05-06 14:00:00,2023-08-21 19:00:00,-0.9583689549966077,Weak Short,Break,True,away,0.035471136846307705,-0.3125920000000001,0.2926799999999999
Crystal Palace,2022,2023-05-13 14:00:00,2023-08-26 14:00:00,-0.6613780321414552,Weak Short,Normal,False,home,0.035471136846307705,-0.20473,0.4243279999999999
Crystal Palace,2022,2023-05-20 14:00:00,2023-09-03 13:00:00,-1.024989397551442,Weak Short,Break,True,away,0.035471136846307705,-0.3367874,0.3486279999999999
Crystal Palace,2022,2023-05-28 15:30:00,2023-09-16 14:00:00,-1.3402212714897452,Weak Short,Normal,True,home,0.035471136846307705,-0.4512742000000001,0.3704479999999999
Crystal Palace,2023,2023-08-12 14:00:00,2023-09-23 14:00:00,0.30993532312864897,Neutral,Break,False,away,0.029666762987684593,0.1401817999999999,0.1896879999999999
Crystal Palace,2023,2023-08-21 19:00:00,2023-09-30 14:00:00,0.7376108700161766,Weak Long,Normal,True,home,0.029666762987684593,0.2926799999999999,0.0138859999999998
Crystal Palace,2023,2023-08-26 14:00:00,2023-10-07 16:30:00,1.1068128041809686,Weak Long,Break,True,away,0.029666762987684593,0.4243279999999999,0.1982543999999999
Crystal Palace,2023,2023-09-03 13:00:00,2023-10-21 14:00:00,0.8945149613252112,Weak Long,Normal,False,home,0.029666762987684593,0.3486279999999999,0.5499744
Crystal Palace,2023,2023-09-16 14:00:00,2023-10-27 19:00:00,0.9557083421853516,Weak Long,Break,False,away,0.029666762987684593,0.3704479999999999,0.4389491999999999
Crystal Palace,2023,2023-09-23 14:00:00,2023-11-04 15:00:00,0.4487736252156463,Neutral,Normal,False,home,0.029666762987684593,0.1896879999999999,0.2517831999999999
Crystal Palace,2023,2023-09-30 14:00:00,2023-11-11 15:00:00,-0.044256564609028506,Neutral,Break,False,away,0.029666762987684593,0.0138859999999998,0.1921411999999999
Crystal Palace,2023,2023-10-07 16:30:00,2023-11-25 15:00:00,0.4727977763522322,Neutral,Normal,True,home,0.029666762987684593,0.1982543999999999,0.1627427999999999
Crystal Palace,2023,2023-10-21 14:00:00,2023-12-03 14:00:00,1.4591834737000131,Weak Long,Break,True,away,0.029666762987684593,0.5499744,-0.0573108
Crystal Palace,2023,2023-10-27 19:00:00,2023-12-06 19:30:00,1.1478174173905142,Weak Long,Normal,True,home,0.029666762987684593,0.4389491999999999,0.2832043999999999
Crystal Palace,2023,2023-11-04 15:00:00,2023-12-09 12:30:00,0.6229173109712185,Weak Long,Break,False,away,0.029666762987684593,0.2517831999999999,0.5542024
Crystal Palace,2023,2023-11-11 15:00:00,2023-12-16 15:00:00,0.4556535336448899,Neutral,Normal,False,home,0.029666762987684593,0.1921411999999999,0.5057683999999999
Crystal Palace,2023,2023-11-25 15:00:00,2023-12-21 20:00:00,0.3732068110106667,Neutral,Break,False,away,0.029666762987684593,0.1627427999999999,0.4694944
Crystal Palace,2023,2023-12-03 14:00:00,2023-12-27 19:30:00,-0.24392535005463942,Neutral,Normal,False,away,0.029666762987684593,-0.0573108,0.4635733999999999
Crystal Palace,2023,2023-12-06 19:30:00,2023-12-30 15:00:00,0.7110369011949876,Weak Long,Break,True,home,0.029666762987684593,0.2832043999999999,-0.0671946
Crystal Palace,2023,2023-12-09 12:30:00,2024-01-20 12:30:00,1.4710407429152592,Weak Long,Normal,True,home,0.029666762987684593,0.5542024,-0.167882
Crystal Palace,2023,2023-12-16 15:00:00,2024-01-30 20:00:00,1.3352093859684193,Weak Long,Break,False,away,0.029666762987684593,0.5057683999999999,-0.465816
Crystal Palace,2023,2023-12-21 20:00:00,2024-02-03 15:00:00,1.233480298098542,Weak Long,Normal,False,home,0.029666762987684593,0.4694944,-0.7484066
Crystal Palace,2023,2023-12-27 19:30:00,2024-02-12 20:00:00,1.2168750731639455,Weak Long,Break,False,away,0.029666762987684593,0.4635733999999999,-0.7961188
Crystal Palace,2023,2023-12-30 15:00:00,2024-02-19 20:00:00,-0.2716441006387574,Neutral,Normal,False,home,0.029666762987684593,-0.0671946,-0.5712958
Crystal Palace,2023,2024-01-20 12:30:00,2024-02-24 15:00:00,-0.5540181801995868,Weak Short,Break,False,away,0.029666762987684593,-0.167882,-0.7456884
Crystal Palace,2023,2024-01-30 20:00:00,2024-03-02 15:00:00,-1.3895630350659967,Weak Short,Normal,False,home,0.029666762987684593,-0.465816,-0.5221310000000001
Crystal Palace,2023,2024-02-03 15:00:00,2024-03-09 15:00:00,-2.1820778936038328,Strong Short,Break,True,away,0.029666762987684593,-0.7484066,0.0798475999999999
Crystal Palace,2023,2024-02-12 20:00:00,2024-03-30 15:00:00,-2.315884989216811,Strong Short,Normal,True,home,0.029666762987684593,-0.7961188,0.1161387999999999
Crystal Palace,2023,2024-02-19 20:00:00,2024-04-02 18:45:00,-1.6853772227127166,Strong Short,Break,True,away,0.029666762987684593,-0.5712958,0.2040795999999999
Crystal Palace,2023,2024-02-24 15:00:00,2024-04-06 11:30:00,-2.174454802501448,Strong Short,Normal,True,home,0.029666762987684593,-0.7456884,0.2197995999999999
Crystal Palace,2023,2024-03-02 15:00:00,2024-04-14 13:00:00,-1.5474963642657587,Strong Short,Break,False,away,0.029666762987684593,-0.5221310000000001,0.5899802
Crystal Palace,2023,2024-03-09 15:00:00,2024-04-21 14:00:00,0.14073029657081754,Neutral,Normal,False,home,0.029666762987684593,0.0798475999999999,-0.1165258
Crystal Palace,2023,2024-03-30 15:00:00,2024-04-24 19:00:00,0.24250762120287653,Neutral,Break,False,away,0.029666762987684593,0.1161387999999999,-0.2093982
Crystal Palace,2023,2024-04-02 18:45:00,2024-04-27 14:00:00,0.48913433373933074,Neutral,Normal,False,away,0.029666762987684593,0.2040795999999999,-0.233502
Crystal Palace,2023,2024-04-06 11:30:00,2024-05-06 19:00:00,0.53322049080264,Weak Long,Break,False,home,0.029666762987684593,0.2197995999999999,-0.5193260000000001
Crystal Palace,2023,2024-04-14 13:00:00,2024-05-11 14:00:00,1.5713782562854668,Strong Long,Normal,False,away,0.029666762987684593,0.5899802,-0.8421800000000002
Crystal Palace,2023,2024-04-21 14:00:00,2024-05-19 15:00:00,-0.40999162171518994,Neutral,Break,False,home,0.029666762987684593,-0.1165258,-1.139502
Crystal Palace,2023,2024-04-24 19:00:00,2024-08-18 13:00:00,-0.6704488235756528,Weak Short,Normal,False,home,0.029666762987684593,-0.2093982,-0.99731
Crystal Palace,2023,2024-04-27 14:00:00,2024-08-24 14:00:00,-0.7380470368468101,Weak Short,Break,False,away,0.029666762987684593,-0.233502,-0.732864
Crystal Palace,2023,2024-05-06 19:00:00,2024-09-01 12:30:00,-1.5396298457821338,Strong Short,Normal,True,home,0.029666762987684593,-0.5193260000000001,-0.4540423999999999
Crystal Palace,2023,2024-05-11 14:00:00,2024-09-14 14:00:00,-2.4450619165529752,Strong Short,Break,True,away,0.029666762987684593,-0.8421800000000002,-0.1795144
Crystal Palace,2023,2024-05-19 15:00:00,2024-09-21 16:30:00,-3.2788904401138663,Strong Short,Normal,True,home,0.029666762987684593,-1.139502,0.7079636
Crystal Palace,2024,2024-08-18 13:00:00,2024-09-28 14:00:00,-2.728745261491254,Strong Short,Break,True,away,0.01901299134081074,-0.99731,0.7031656
Crystal Palace,2024,2024-08-24 14:00:00,2024-10-05 11:30:00,-2.0187290800523994,Strong Short,Normal,True,home,0.01901299134081074,-0.732864,0.5498418
Crystal Palace,2024,2024-09-01 12:30:00,2024-10-21 19:00:00,-1.2701155720595707,Weak Short,Break,False,away,0.01901299134081074,-0.4540423999999999,0.8249004
Crystal Palace,2024,2024-09-14 14:00:00,2024-10-27 14:00:00,-0.5330300337718078,Weak Short,Normal,False,home,0.01901299134081074,-0.1795144,0.6431906
Crystal Palace,2024,2024-09-21 16:30:00,2024-11-02 17:30:00,1.849776817800882,Strong Long,Break,True,home,0.01901299134081074,0.7079636,0.4390325999999999
Crystal Palace,2024,2024-09-28 14:00:00,2024-11-09 15:00:00,1.8368945747775665,Strong Long,Normal,False,away,0.01901299134081074,0.7031656,0.8063906
Crystal Palace,2024,2024-10-05 11:30:00,2024-11-23 15:00:00,1.4252325379167536,Weak Long,Break,False,home,0.01901299134081074,0.5498418,0.6073683999999999
Crystal Palace,2024,2024-10-21 19:00:00,2024-11-30 15:00:00,2.1637426944096374,Strong Long,Normal,True,away,0.01901299134081074,0.8249004,0.6995582
Crystal Palace,2024,2024-10-27 14:00:00,2024-12-03 19:30:00,1.675866536986126,Strong Long,Break,False,home,0.01901299134081074,0.6431906,0.8346799999999999
Crystal Palace,2024,2024-11-02 17:30:00,2024-12-07 15:00:00,1.1277187730940887,Weak Long,Normal,False,away,0.01901299134081074,0.4390325999999999,0.5479339999999999
Crystal Palace,2024,2024-11-09 15:00:00,2024-12-15 14:00:00,2.114045374294389,Strong Long,Break,True,home,0.01901299134081074,0.8063906,0.157096
Crystal Palace,2024,2024-11-23 15:00:00,2024-12-21 17:30:00,1.5796868191808313,Strong Long,Normal,True,away,0.01901299134081074,0.6073683999999999,0.355262
Crystal Palace,2024,2024-11-30 15:00:00,2024-12-26 15:00:00,1.8272089967278986,Strong Long,Break,True,home,0.01901299134081074,0.6995582,0.1960852
Crystal Palace,2024,2024-12-03 19:30:00,2024-12-29 15:00:00,2.1900001316482394,Strong Long,Normal,True,away,0.01901299134081074,0.8346799999999999,0.2760752
Crystal Palace,2024,2024-12-07 15:00:00,2025-01-04 15:00:00,1.4201102487879744,Weak Long,Break,True,home,0.01901299134081074,0.5479339999999999,0.4884432
Crystal Palace,2024,2024-12-15 14:00:00,2025-01-15 19:30:00,0.37074174133768634,Neutral,Normal,False,away,0.01901299134081074,0.157096,0.5401472
Crystal Palace,2024,2024-12-21 17:30:00,2025-01-18 15:00:00,0.9028014685069836,Weak Long,Break,True,home,0.01901299134081074,0.355262,0.3442291999999999
Crystal Palace,2024,2024-12-26 15:00:00,2025-01-26 14:00:00,0.4754245987125597,Neutral,Normal,False,away,0.01901299134081074,0.1960852,0.2905699999999999
Crystal Palace,2024,2024-12-29 15:00:00,2025-02-02 14:00:00,0.6901912972192263,Weak Long,Break,True,home,0.01901299134081074,0.2760752,0.1690019999999999
Crystal Palace,2024,2025-01-04 15:00:00,2025-02-15 17:30:00,1.260382248943989,Weak Long,Normal,True,home,0.01901299134081074,0.4884432,0.374974
Crystal Palace,2024,2025-01-15 19:30:00,2025-02-22 15:00:00,1.3992033188225828,Weak Long,Break,True,away,0.01901299134081074,0.5401472,0.2144399999999999
Crystal Palace,2024,2025-01-18 15:00:00,2025-02-25 19:30:00,0.8731792903436585,Weak Long,Normal,True,away,0.01901299134081074,0.3442291999999999,0.2943619999999999
Crystal Palace,2024,2025-01-26 14:00:00,2025-03-08 15:00:00,0.7291086661592739,Weak Long,Break,False,home,0.01901299134081074,0.2905699999999999,0.675766
Crystal Palace,2024,2025-02-02 14:00:00,2025-04-02 19:45:00,0.4027083910741578,Neutral,Normal,False,away,0.01901299134081074,0.1690019999999999,0.5740519999999999
Crystal Palace,2024,2025-02-15 17:30:00,2025-04-05 14:00:00,0.9557265986602953,Weak Long,Break,True,home,0.01901299134081074,0.374974,0.0015529999999999
Crystal Palace,2024,2025-02-22 15:00:00,2025-04-12 11:30:00,0.5247057563291386,Weak Long,Normal,True,away,0.01901299134081074,0.2144399999999999,-0.023237
Crystal Palace,2024,2025-02-25 19:30:00,2025-04-16 18:30:00,0.7392898803202601,Weak Long,Break,False,home,0.01901299134081074,0.2943619999999999,0.4468149999999999
Crystal Palace,2024,2025-03-08 15:00:00,2025-04-19 14:00:00,1.763328858658011,Strong Long,Normal,True,home,0.01901299134081074,0.675766,0.0866205999999998
Crystal Palace,2024,2025-04-02 19:45:00,2025-04-23 19:00:00,1.490234972273374,Weak Long,Break,True,away,0.01901299134081074,0.5740519999999999,0.2000985999999998
Crystal Palace,2024,2025-04-05 14:00:00,2025-05-05 19:00:00,-0.046878668536328674,Neutral,Normal,False,home,0.01901299134081074,0.0015529999999999,0.7793795999999998
Crystal Palace,2024,2025-04-12 11:30:00,2025-05-11 13:15:00,-0.11343781912990591,Neutral,Break,False,away,0.01901299134081074,-0.023237,1.3088555999999998
Crystal Palace,2024,2025-04-16 18:30:00,2025-05-20 19:00:00,1.1486138894143574,Weak Long,Normal,True,away,0.01901299134081074,0.4468149999999999,0.3706615999999997
Crystal Palace,2024,2025-04-19 14:00:00,2025-05-25 15:00:00,0.1815209764428648,Neutral,Break,False,home,0.01901299134081074,0.0866205999999998,0.3859779999999998
Manchester City,2017,2017-08-12 17:30:00,2017-09-23 15:00:00,-2.2681711693973945,Strong Short,Normal,True,away,-0.023273214406043335,-0.919974,-0.6453540000000002
Manchester City,2017,2017-08-21 20:00:00,2017-09-30 17:30:00,-1.0318760504207498,Weak Short,Break,False,home,-0.023273214406043335,-0.4312160000000002,-0.6276500000000002
Manchester City,2017,2017-08-26 12:30:00,2017-10-14 15:00:00,-1.1439312470020135,Weak Short,Normal,False,away,-0.023273214406043335,-0.4755160000000001,-1.0901260000000002
Manchester City,2017,2017-09-09 12:30:00,2017-10-21 15:00:00,-1.8696138532681978,Strong Short,Break,True,home,-0.023273214406043335,-0.7624080000000002,-0.5756800000000002
Manchester City,2017,2017-09-16 15:00:00,2017-10-28 15:00:00,-2.0075454530329004,Strong Short,Normal,True,away,-0.023273214406043335,-0.8169380000000002,-0.2202080000000003
Manchester City,2017,2017-09-23 15:00:00,2017-11-05 14:15:00,-1.5735301291006298,Strong Short,Break,True,home,-0.023273214406043335,-0.6453540000000002,-0.5352380000000003
Manchester City,2017,2017-09-30 17:30:00,2017-11-18 15:00:00,-1.5287485218709527,Strong Short,Normal,True,away,-0.023273214406043335,-0.6276500000000002,-0.5012620000000003
Manchester City,2017,2017-10-14 15:00:00,2017-11-26 16:00:00,-2.6985643027765196,Strong Short,Break,True,home,-0.023273214406043335,-1.0901260000000002,0.1403179999999996
Manchester City,2017,2017-10-21 15:00:00,2017-11-29 20:00:00,-1.3972923465588019,Weak Short,Normal,True,home,-0.023273214406043335,-0.5756800000000002,-0.0734020000000003
Manchester City,2017,2017-10-28 15:00:00,2017-12-03 16:00:00,-0.49813918991918515,Neutral,Break,True,away,-0.023273214406043335,-0.2202080000000003,0.0636339999999997
Manchester City,2017,2017-11-05 14:15:00,2017-12-10 16:30:00,-1.2949958169845477,Weak Short,Normal,True,home,-0.023273214406043335,-0.5352380000000003,0.2396599999999997
Manchester City,2017,2017-11-18 15:00:00,2017-12-13 19:45:00,-1.2090547930783395,Weak Short,Break,True,away,-0.023273214406043335,-0.5012620000000003,0.0732039999999997
Manchester City,2017,2017-11-26 16:00:00,2017-12-16 17:30:00,0.4137978710888675,Neutral,Normal,True,away,-0.023273214406043335,0.1403179999999996,-0.0299760000000002
Manchester City,2017,2017-11-29 20:00:00,2017-12-23 15:00:00,-0.12679889219211912,Neutral,Break,False,home,-0.023273214406043335,-0.0734020000000003,-0.4484320000000002
Manchester City,2017,2017-12-03 16:00:00,2017-12-27 19:45:00,0.21982855518282624,Neutral,Normal,False,home,-0.023273214406043335,0.0636339999999997,-0.3532640000000002
Manchester City,2017,2017-12-10 16:30:00,2017-12-31 12:00:00,0.6650797523253444,Weak Long,Break,True,away,-0.023273214406043335,0.2396599999999997,-0.1401740000000002
Manchester City,2017,2017-12-13 19:45:00,2018-01-02 20:00:00,0.24403551299959134,Neutral,Normal,True,away,-0.023273214406043335,0.0732039999999997,-0.0990340000000002
Manchester City,2017,2017-12-16 17:30:00,2018-01-14 16:00:00,-0.016954445990358922,Neutral,Break,False,home,-0.023273214406043335,-0.0299760000000002,-0.5836182000000003
Manchester City,2017,2017-12-23 15:00:00,2018-01-20 17:30:00,-1.0754232798641594,Weak Short,Normal,True,home,-0.023273214406043335,-0.4484320000000002,-0.1849662000000003
Manchester City,2017,2017-12-27 19:45:00,2018-01-31 20:00:00,-0.8346993758405539,Weak Short,Break,False,away,-0.023273214406043335,-0.3532640000000002,-0.4334302000000002
Manchester City,2017,2017-12-31 12:00:00,2018-02-03 12:30:00,-0.2956961740459372,Neutral,Normal,False,away,-0.023273214406043335,-0.1401740000000002,-0.4027742000000002
Manchester City,2017,2018-01-02 20:00:00,2018-02-10 17:30:00,-0.1916340795232917,Neutral,Break,False,home,-0.023273214406043335,-0.0990340000000002,-0.8393282000000003
Manchester City,2017,2018-01-14 16:00:00,2018-03-01 19:45:00,-1.4173717271796011,Weak Short,Normal,False,away,-0.023273214406043335,-0.5836182000000003,-0.5987100000000003
Manchester City,2017,2018-01-20 17:30:00,2018-03-04 16:00:00,-0.4089963721567115,Neutral,Break,False,home,-0.023273214406043335,-0.1849662000000003,-0.5181476000000003
Manchester City,2017,2018-01-31 20:00:00,2018-03-12 20:00:00,-1.0374767866796717,Weak Short,Normal,False,home,-0.023273214406043335,-0.4334302000000002,-0.5269336000000002
Manchester City,2017,2018-02-03 12:30:00,2018-03-31 17:30:00,-0.9599335788603663,Weak Short,Break,False,away,-0.023273214406043335,-0.4027742000000002,-0.9941376000000002
Manchester City,2017,2018-02-10 17:30:00,2018-04-07 16:30:00,-2.0641806282584945,Strong Short,Normal,True,home,-0.023273214406043335,-0.8393282000000003,-0.2264456000000002
Manchester City,2017,2018-03-01 19:45:00,2018-04-14 18:45:00,-1.4555458720049987,Weak Short,Break,True,away,-0.023273214406043335,-0.5987100000000003,0.1123183999999998
Manchester City,2017,2018-03-04 16:00:00,2018-04-22 15:30:00,-1.2517662880533416,Weak Short,Normal,True,home,-0.023273214406043335,-0.5181476000000003,-0.1949940000000001
Manchester City,2017,2018-03-12 20:00:00,2018-04-29 13:15:00,-1.2739901471315125,Weak Short,Break,True,away,-0.023273214406043335,-0.5269336000000002,-0.4659660000000001
Manchester City,2017,2018-03-31 17:30:00,2018-05-06 13:30:00,-2.4557652275728854,Strong Short,Normal,True,away,-0.023273214406043335,-0.9941376000000002,-0.0913080000000001
Manchester City,2017,2018-04-07 16:30:00,2018-05-09 20:00:00,-0.5139169663118551,Weak Short,Break,False,home,-0.023273214406043335,-0.2264456000000002,-0.6477120000000001
Manchester City,2017,2018-04-14 18:45:00,2018-05-13 15:00:00,0.34297392792415565,Neutral,Normal,False,away,-0.023273214406043335,0.1123183999999998,-0.8185632000000002
Manchester City,2017,2018-04-22 15:30:00,2018-08-12 18:00:00,-0.4343613179869051,Neutral,Break,False,home,-0.023273214406043335,-0.1949940000000001,-0.4983532000000002
Manchester City,2017,2018-04-29 13:15:00,2018-08-19 15:30:00,-1.119774878438784,Weak Short,Normal,True,away,-0.023273214406043335,-0.4659660000000001,-0.4357932000000002
Manchester City,2017,2018-05-06 13:30:00,2018-08-25 14:30:00,-0.17209145088250485,Neutral,Break,False,home,-0.023273214406043335,-0.0913080000000001,-0.4244892000000003
Manchester City,2017,2018-05-09 20:00:00,2018-09-01 16:30:00,-1.579494602092472,Strong Short,Normal,True,home,-0.023273214406043335,-0.6477120000000001,-0.0602112000000002
Manchester City,2017,2018-05-13 15:00:00,2018-09-15 14:00:00,-2.0116563357752,Strong Short,Break,True,away,-0.023273214406043335,-0.8185632000000002,0.3699079999999998
Manchester City,2018,2018-08-12 18:00:00,2018-09-22 14:00:00,-0.8316745121586102,Weak Short,Normal,True,away,-0.15943556190252614,-0.4983532000000002,-0.0168220000000001
Manchester City,2018,2018-08-19 15:30:00,2018-09-29 14:00:00,-0.6781576938168077,Weak Short,Break,False,home,-0.15943556190252614,-0.4357932000000002,0.4438599999999999
Manchester City,2018,2018-08-25 14:30:00,2018-10-07 15:30:00,-0.6504186574591396,Weak Short,Normal,False,away,-0.15943556190252614,-0.4244892000000003,0.4902359999999999
Manchester City,2018,2018-09-01 16:30:00,2018-10-20 14:00:00,0.24348798499474636,Neutral,Break,False,home,-0.15943556190252614,-0.0602112000000002,0.2935819999999998
Manchester City,2018,2018-09-15 14:00:00,2018-10-29 19:00:00,1.2989632262307018,Weak Long,Normal,True,home,-0.15943556190252614,0.3699079999999998,0.0975159999999997
Manchester City,2018,2018-09-22 14:00:00,2018-11-04 15:00:00,0.3499613215419994,Neutral,Break,True,away,-0.15943556190252614,-0.0168220000000001,-0.1667700000000003
Manchester City,2018,2018-09-29 14:00:00,2018-11-11 16:30:00,1.4804350253037994,Weak Long,Normal,True,home,-0.15943556190252614,0.4438599999999999,-0.5426360000000003
Manchester City,2018,2018-10-07 15:30:00,2018-11-24 15:00:00,1.594237710205005,Strong Long,Break,False,away,-0.15943556190252614,0.4902359999999999,-0.9658940000000004
Manchester City,2018,2018-10-20 14:00:00,2018-12-01 15:00:00,1.1116658368963601,Weak Long,Normal,False,home,-0.15943556190252614,0.2935819999999998,-0.8959340000000001
Manchester City,2018,2018-10-29 19:00:00,2018-12-04 20:00:00,0.6305368646296746,Weak Long,Break,False,away,-0.15943556190252614,0.0975159999999997,-0.9792440000000002
Manchester City,2018,2018-11-04 15:00:00,2018-12-08 17:30:00,-0.017998075464340412,Neutral,Normal,False,home,-0.15943556190252614,-0.1667700000000003,-0.1837784000000001
Manchester City,2018,2018-11-11 16:30:00,2018-12-15 12:30:00,-0.9403406656635075,Weak Short,Break,True,home,-0.15943556190252614,-0.5426360000000003,-0.2296104000000001
Manchester City,2018,2018-11-24 15:00:00,2018-12-22 15:00:00,-1.9789791167139326,Strong Short,Normal,True,away,-0.15943556190252614,-0.9658940000000004,-0.1670784000000001
Manchester City,2018,2018-12-01 15:00:00,2018-12-26 15:00:00,-1.807303339680804,Strong Short,Break,True,home,-0.15943556190252614,-0.8959340000000001,-0.0646304000000001
Manchester City,2018,2018-12-04 20:00:00,2018-12-30 14:15:00,-2.0117388597584185,Strong Short,Normal,True,away,-0.15943556190252614,-0.9792440000000002,-0.1748924000000001
Manchester City,2018,2018-12-08 17:30:00,2019-01-03 20:00:00,-0.05973521505968374,Neutral,Break,False,away,-0.15943556190252614,-0.1837784000000001,-0.5221880000000001
Manchester City,2018,2018-12-15 12:30:00,2019-01-14 20:00:00,-0.17220297110574334,Neutral,Normal,False,home,-0.15943556190252614,-0.2296104000000001,-0.2579900000000001
Manchester City,2018,2018-12-22 15:00:00,2019-01-20 13:30:00,-0.018754862337367586,Neutral,Break,False,home,-0.15943556190252614,-0.1670784000000001,-0.3094740000000001
Manchester City,2018,2018-12-26 15:00:00,2019-01-29 20:00:00,0.2326436511773538,Neutral,Normal,False,away,-0.15943556190252614,-0.0646304000000001,-0.3112440000000001
Manchester City,2018,2018-12-30 14:15:00,2019-02-03 16:30:00,-0.03792974115007286,Neutral,Break,False,away,-0.15943556190252614,-0.1748924000000001,-0.2986440000000002
Manchester City,2018,2019-01-03 20:00:00,2019-02-06 19:45:00,-0.890163045755368,Weak Short,Normal,True,home,-0.15943556190252614,-0.5221880000000001,0.0224859999999998
Manchester City,2018,2019-01-14 20:00:00,2019-02-10 16:00:00,-0.24184405003497952,Neutral,Break,False,home,-0.15943556190252614,-0.2579900000000001,-0.3929720000000002
Manchester City,2018,2019-01-20 13:30:00,2019-02-27 20:00:00,-0.3681813242598732,Neutral,Normal,False,away,-0.15943556190252614,-0.3094740000000001,0.3397579999999998
Manchester City,2018,2019-01-29 20:00:00,2019-03-02 15:00:00,-0.3725247508657714,Neutral,Break,False,away,-0.15943556190252614,-0.3112440000000001,0.3909959999999998
Manchester City,2018,2019-02-03 16:30:00,2019-03-09 17:30:00,-0.34160544282378463,Neutral,Normal,False,home,-0.15943556190252614,-0.2986440000000002,0.5362199999999999
Manchester City,2018,2019-02-06 19:45:00,2019-03-30 12:30:00,0.4464197469796521,Neutral,Break,False,away,-0.15943556190252614,0.0224859999999998,0.4774019999999998
Manchester City,2018,2019-02-10 16:00:00,2019-04-03 19:45:00,-0.5730781800447811,Weak Short,Normal,False,home,-0.15943556190252614,-0.3929720000000002,1.1767919999999998
Manchester City,2018,2019-02-27 20:00:00,2019-04-14 14:05:00,1.2249777391302328,Weak Long,Break,False,home,-0.15943556190252614,0.3397579999999998,0.6137819999999998
Manchester City,2018,2019-03-02 15:00:00,2019-04-20 12:30:00,1.3507113506743067,Weak Long,Normal,False,away,-0.15943556190252614,0.3909959999999998,0.7071219999999998
Manchester City,2018,2019-03-09 17:30:00,2019-04-24 20:00:00,1.707078461078238,Strong Long,Break,True,home,-0.15943556190252614,0.5362199999999999,0.2617901999999998
Manchester City,2018,2019-03-30 12:30:00,2019-04-28 14:05:00,1.562744186442238,Strong Long,Normal,True,away,-0.15943556190252614,0.4774019999999998,0.4685201999999998
Manchester City,2018,2019-04-03 19:45:00,2019-05-06 19:00:00,3.278986634972819,Strong Long,Break,True,home,-0.15943556190252614,1.1767919999999998,0.1779281999999998
Manchester City,2018,2019-04-14 14:05:00,2019-05-12 14:00:00,1.8974088872966979,Strong Long,Normal,True,away,-0.15943556190252614,0.6137819999999998,-0.1500758000000001
Manchester City,2018,2019-04-20 12:30:00,2019-08-10 12:30:00,2.1264571581410685,Strong Long,Break,True,home,-0.15943556190252614,0.7071219999999998,-0.7256918000000001
Manchester City,2018,2019-04-24 20:00:00,2019-08-17 17:30:00,1.0336515148797534,Weak Long,Normal,True,away,-0.15943556190252614,0.2617901999999998,-0.1916360000000002
Manchester City,2018,2019-04-28 14:05:00,2019-08-25 14:00:00,1.540949018968641,Strong Long,Break,True,away,-0.15943556190252614,0.4685201999999998,-0.4356800000000002
Manchester City,2018,2019-05-06 19:00:00,2019-08-31 15:00:00,0.8278614346402996,Weak Long,Normal,False,home,-0.15943556190252614,0.1779281999999998,-0.7912780000000003
Manchester City,2018,2019-05-12 14:00:00,2019-09-14 16:30:00,0.022968044560623624,Neutral,Break,False,away,-0.15943556190252614,-0.1500758000000001,-0.3668740000000002
Manchester City,2019,2019-08-10 12:30:00,2019-09-21 14:00:00,-1.4650042809228427,Weak Short,Normal,True,away,-0.11473148793770283,-0.7256918000000001,-0.2775300000000002
Manchester City,2019,2019-08-17 17:30:00,2019-09-28 16:30:00,-0.18440713278616366,Neutral,Break,False,home,-0.11473148793770283,-0.1916360000000002,-0.4960420000000002
Manchester City,2019,2019-08-25 14:00:00,2019-10-06 14:00:00,-0.7695932695528981,Weak Short,Normal,True,away,-0.11473148793770283,-0.4356800000000002,-0.1979860000000001
Manchester City,2019,2019-08-31 15:00:00,2019-10-19 17:30:00,-1.6222715565092554,Strong Short,Break,True,home,-0.11473148793770283,-0.7912780000000003,0.5445859999999999
Manchester City,2019,2019-09-14 16:30:00,2019-10-26 12:30:00,-0.6046053275163312,Weak Short,Normal,False,away,-0.11473148793770283,-0.3668740000000002,0.5137219999999999
Manchester City,2019,2019-09-21 14:00:00,2019-11-02 15:00:00,-0.39036990192386795,Neutral,Break,False,home,-0.11473148793770283,-0.2775300000000002,1.059888
Manchester City,2019,2019-09-28 16:30:00,2019-11-10 16:30:00,-0.9143335851825126,Weak Short,Normal,False,away,-0.11473148793770283,-0.4960420000000002,1.134456
Manchester City,2019,2019-10-06 14:00:00,2019-11-23 17:30:00,-0.19963361640579255,Neutral,Break,False,home,-0.11473148793770283,-0.1979860000000001,0.6578799999999999
Manchester City,2019,2019-10-19 17:30:00,2019-11-30 12:30:00,1.5809585716879426,Strong Long,Normal,True,away,-0.11473148793770283,0.5445859999999999,0.3424499999999998
Manchester City,2019,2019-10-26 12:30:00,2019-12-03 20:15:00,1.5069506676822368,Strong Long,Break,True,home,-0.11473148793770283,0.5137219999999999,0.0165559999999997
Manchester City,2019,2019-11-02 15:00:00,2019-12-07 17:30:00,2.816586518485126,Strong Long,Normal,True,home,-0.11473148793770283,1.059888,-0.0414920000000002
Manchester City,2019,2019-11-10 16:30:00,2019-12-15 16:30:00,2.9953909957368587,Strong Long,Break,True,away,-0.11473148793770283,1.134456,-0.3985940000000002
Manchester City,2019,2019-11-23 17:30:00,2019-12-21 17:30:00,1.8526230181764876,Strong Long,Normal,True,home,-0.11473148793770283,0.6578799999999999,-0.1275080000000002
Manchester City,2019,2019-11-30 12:30:00,2019-12-27 19:45:00,1.0962624310678877,Weak Long,Break,True,away,-0.11473148793770283,0.3424499999999998,-0.3121980000000002
Manchester City,2019,2019-12-03 20:15:00,2019-12-29 18:00:00,0.3148105172512883,Neutral,Normal,True,away,-0.11473148793770283,0.0165559999999997,-0.2070560000000002
Manchester City,2019,2019-12-07 17:30:00,2020-01-01 17:30:00,0.17561887612495308,Neutral,Break,False,home,-0.11473148793770283,-0.0414920000000002,-0.4617580000000002
Manchester City,2019,2019-12-15 16:30:00,2020-01-12 16:30:00,-0.6806658094713919,Weak Short,Normal,False,away,-0.11473148793770283,-0.3985940000000002,-0.6506020000000001
Manchester City,2019,2019-12-21 17:30:00,2020-01-18 15:00:00,-0.030636433327962936,Neutral,Break,False,home,-0.11473148793770283,-0.1275080000000002,-0.6742520000000002
Manchester City,2019,2019-12-27 19:45:00,2020-01-21 19:30:00,-0.4734993088727343,Neutral,Normal,True,away,-0.11473148793770283,-0.3121980000000002,-0.2037400000000001
Manchester City,2019,2019-12-29 18:00:00,2020-02-02 16:30:00,-0.2213823103317827,Neutral,Break,False,home,-0.11473148793770283,-0.2070560000000002,0.6292819999999999
Manchester City,2019,2020-01-01 17:30:00,2020-02-19 19:30:00,-0.8321249608651324,Weak Short,Normal,False,home,-0.11473148793770283,-0.4617580000000002,0.697322
Manchester City,2019,2020-01-12 16:30:00,2020-02-22 17:30:00,-1.2849485943557208,Weak Short,Break,False,away,-0.11473148793770283,-0.6506020000000001,1.4325579999999998
Manchester City,2019,2020-01-18 15:00:00,2020-03-08 16:30:00,-1.3416582538209538,Weak Short,Normal,False,home,-0.11473148793770283,-0.6742520000000002,1.4550238
Manchester City,2019,2020-01-21 19:30:00,2020-06-17 19:15:00,-0.21343096864946903,Neutral,Break,False,away,-0.11473148793770283,-0.2037400000000001,1.0278737999999998
Manchester City,2019,2020-02-02 16:30:00,2020-06-22 19:00:00,1.7840486908451247,Strong Long,Normal,True,away,-0.11473148793770283,0.6292819999999999,-0.0802122
Manchester City,2019,2020-02-19 19:30:00,2020-06-25 19:15:00,1.9471998633615917,Strong Long,Break,True,home,-0.11473148793770283,0.697322,-0.1696474000000001
Manchester City,2019,2020-02-22 17:30:00,2020-07-02 19:15:00,3.7102012665996416,Strong Long,Normal,True,away,-0.11473148793770283,1.4325579999999998,-0.7242794000000001
Manchester City,2019,2020-03-08 16:30:00,2020-07-05 18:00:00,3.764071366710172,Strong Long,Break,True,away,-0.11473148793770283,1.4550238,-0.1622232000000001
Manchester City,2019,2020-06-17 19:15:00,2020-07-08 17:00:00,2.7398205827535462,Strong Long,Normal,True,home,-0.11473148793770283,1.0278737999999998,-0.4523492000000001
Manchester City,2019,2020-06-22 19:00:00,2020-07-11 19:00:00,0.08277281454247125,Neutral,Break,False,home,-0.11473148793770283,-0.0802122,0.1089927999999998
Manchester City,2019,2020-06-25 19:15:00,2020-07-15 17:00:00,-0.13168129692497027,Neutral,Normal,True,away,-0.11473148793770283,-0.1696474000000001,-0.0636160000000001
Manchester City,2019,2020-07-02 19:15:00,2020-07-21 17:00:00,-1.4616175273064076,Weak Short,Break,True,home,-0.11473148793770283,-0.7242794000000001,0.1531459999999998
Manchester City,2019,2020-07-05 18:00:00,2020-07-26 15:00:00,-0.11387901980861591,Neutral,Normal,False,away,-0.11473148793770283,-0.1622232000000001,-0.8125060000000002
Manchester City,2019,2020-07-08 17:00:00,2020-09-21 19:15:00,-0.8095638680965705,Weak Short,Break,False,home,-0.11473148793770283,-0.4523492000000001,-0.6545280000000002
Manchester City,2019,2020-07-11 19:00:00,2020-09-27 15:30:00,0.5364620796215138,Weak Long,Normal,False,away,-0.11473148793770283,0.1089927999999998,-0.8687960000000002
Manchester City,2019,2020-07-15 17:00:00,2020-10-03 16:30:00,0.12256836847130383,Neutral,Break,False,home,-0.11473148793770283,-0.0636160000000001,-0.5512400000000003
Manchester City,2019,2020-07-21 17:00:00,2020-10-17 16:30:00,0.6423357767166646,Weak Long,Normal,False,away,-0.11473148793770283,0.1531459999999998,-0.4128220000000002
Manchester City,2019,2020-07-26 15:00:00,2020-10-24 11:30:00,-1.6731735713561036,Strong Short,Break,True,home,-0.11473148793770283,-0.8125060000000002,-0.1478288000000002
Manchester City,2020,2020-09-21 19:15:00,2020-10-31 12:30:00,-1.2119776529444033,Weak Short,Normal,True,away,-0.09692507900041622,-0.6545280000000002,0.2161551999999997
Manchester City,2020,2020-09-27 15:30:00,2020-11-08 16:30:00,-1.6776997967157505,Strong Short,Break,True,home,-0.09692507900041622,-0.8687960000000002,0.4438631999999998
Manchester City,2020,2020-10-03 16:30:00,2020-11-21 17:30:00,-0.9874760531448304,Weak Short,Normal,False,away,-0.09692507900041622,-0.5512400000000003,0.6934471999999998
Manchester City,2020,2020-10-17 16:30:00,2020-11-28 15:00:00,-0.6866176529332152,Weak Short,Break,True,home,-0.09692507900041622,-0.4128220000000002,0.0596591999999997
Manchester City,2020,2020-10-24 11:30:00,2020-12-05 15:00:00,-0.11064176671208392,Neutral,Normal,False,away,-0.09692507900041622,-0.1478288000000002,0.3338239999999997
Manchester City,2020,2020-10-31 12:30:00,2020-12-12 17:30:00,0.6804955416049302,Weak Long,Break,False,away,-0.09692507900041622,0.2161551999999997,0.4114059999999996
Manchester City,2020,2020-11-08 16:30:00,2020-12-15 20:00:00,1.175430193134258,Weak Long,Normal,False,home,-0.09692507900041622,0.4438631999999998,0.6116179999999997
Manchester City,2020,2020-11-21 17:30:00,2020-12-19 15:00:00,1.7179134175589408,Strong Long,Break,True,away,-0.09692507900041622,0.6934471999999998,0.3101659999999997
Manchester City,2020,2020-11-28 15:00:00,2020-12-26 20:00:00,0.3403437101992105,Neutral,Normal,False,home,-0.09692507900041622,0.0596591999999997,1.097058
Manchester City,2020,2020-12-05 15:00:00,2021-01-03 16:30:00,0.936254524705542,Weak Long,Break,False,home,-0.09692507900041622,0.3338239999999997,0.8805279999999996
Manchester City,2020,2020-12-12 17:30:00,2021-01-13 18:00:00,1.104882856318609,Weak Long,Normal,False,away,-0.09692507900041622,0.4114059999999996,1.0053699999999997
Manchester City,2020,2020-12-15 20:00:00,2021-01-17 19:15:00,1.540053585726402,Strong Long,Break,True,home,-0.09692507900041622,0.6116179999999997,0.0804015999999998
Manchester City,2020,2020-12-19 15:00:00,2021-01-20 20:00:00,0.8848326862726332,Weak Long,Normal,False,away,-0.09692507900041622,0.3101659999999997,0.3179735999999998
Manchester City,2020,2020-12-26 20:00:00,2021-01-26 20:15:00,2.5951815445086885,Strong Long,Break,True,home,-0.09692507900041622,1.097058,-0.4715004000000002
Manchester City,2020,2021-01-03 16:30:00,2021-01-30 15:00:00,2.1245428313512877,Strong Long,Normal,True,away,-0.09692507900041622,0.8805279999999996,-0.4013944000000002
Manchester City,2020,2021-01-13 18:00:00,2021-02-03 18:00:00,2.3958931210478474,Strong Long,Break,True,home,-0.09692507900041622,1.0053699999999997,-0.7587984000000002
Manchester City,2020,2021-01-17 19:15:00,2021-02-07 16:30:00,0.38542834717236024,Neutral,Normal,True,home,-0.09692507900041622,0.0804015999999998,-0.2406240000000002
Manchester City,2020,2021-01-20 20:00:00,2021-02-13 17:30:00,0.901802892788348,Weak Long,Break,False,home,-0.09692507900041622,0.3179735999999998,-0.6169560000000003
Manchester City,2020,2021-01-26 20:15:00,2021-02-17 20:15:00,-0.8141580707327589,Weak Short,Normal,True,away,-0.09692507900041622,-0.4715004000000002,-0.4201960000000003
Manchester City,2020,2021-01-30 15:00:00,2021-02-21 16:30:00,-0.6617791965600683,Weak Short,Break,True,home,-0.09692507900041622,-0.4013944000000002,-0.3086920000000003
Manchester City,2020,2021-02-03 18:00:00,2021-02-27 12:30:00,-1.4386145479539048,Weak Short,Normal,True,away,-0.09692507900041622,-0.7587984000000002,-0.5808832000000003
Manchester City,2020,2021-02-07 16:30:00,2021-03-02 20:00:00,-0.3123367443834624,Neutral,Break,False,away,-0.09692507900041622,-0.2406240000000002,-0.6388832000000002
Manchester City,2020,2021-02-13 17:30:00,2021-03-07 16:30:00,-1.1303130442031213,Weak Short,Normal,True,home,-0.09692507900041622,-0.6169560000000003,-0.2761992000000002
Manchester City,2020,2021-02-17 20:15:00,2021-03-10 18:00:00,-0.7026454083057858,Weak Short,Break,True,away,-0.09692507900041622,-0.4201960000000003,-0.3016292000000002
Manchester City,2020,2021-02-21 16:30:00,2021-03-13 20:00:00,-0.4602859242993999,Neutral,Normal,False,away,-0.09692507900041622,-0.3086920000000003,-0.5742092000000002
Manchester City,2020,2021-02-27 12:30:00,2021-04-03 16:30:00,-1.0519070211486516,Weak Short,Break,True,home,-0.09692507900041622,-0.5808832000000003,-0.3294480000000003
Manchester City,2020,2021-03-02 20:00:00,2021-04-10 11:30:00,-1.1779729028423163,Weak Short,Normal,True,home,-0.09692507900041622,-0.6388832000000002,0.0158099999999997
Manchester City,2020,2021-03-07 16:30:00,2021-04-21 19:15:00,-0.38966120911498753,Neutral,Break,False,home,-0.09692507900041622,-0.2761992000000002,-0.3266320000000003
Manchester City,2020,2021-03-10 18:00:00,2021-05-01 11:30:00,-0.44493457758860633,Neutral,Normal,True,home,-0.09692507900041622,-0.3016292000000002,0.0612479999999997
Manchester City,2020,2021-03-13 20:00:00,2021-05-08 16:30:00,-1.0374007505551426,Weak Short,Break,True,away,-0.09692507900041622,-0.5742092000000002,0.2744279999999997
Manchester City,2020,2021-04-03 16:30:00,2021-05-14 19:00:00,-0.5054001215482569,Weak Short,Normal,True,away,-0.09692507900041622,-0.3294480000000003,-0.2270480000000002
Manchester City,2020,2021-04-10 11:30:00,2021-05-18 18:00:00,0.2450352953791788,Neutral,Break,False,home,-0.09692507900041622,0.0158099999999997,-0.6104200000000002
Manchester City,2020,2021-04-21 19:15:00,2021-05-23 15:00:00,-0.499279405637061,Neutral,Normal,False,away,-0.09692507900041622,-0.3266320000000003,-0.9463900000000004
Manchester City,2020,2021-05-01 11:30:00,2021-08-15 15:30:00,0.3437970459377432,Neutral,Break,False,away,-0.09692507900041622,0.0612479999999997,-0.5341060000000002
Manchester City,2020,2021-05-08 16:30:00,2021-08-21 14:00:00,0.807154367652492,Weak Long,Normal,False,home,-0.09692507900041622,0.2744279999999997,-1.2045860000000002
Manchester City,2020,2021-05-14 19:00:00,2021-08-28 11:30:00,-0.28282863386840734,Neutral,Break,False,away,-0.09692507900041622,-0.2270480000000002,-0.8054400000000002
Manchester City,2020,2021-05-18 18:00:00,2021-09-11 14:00:00,-1.1161067234660556,Weak Short,Normal,True,away,-0.09692507900041622,-0.6104200000000002,-0.2696020000000002
Manchester City,2020,2021-05-23 15:00:00,2021-09-18 14:00:00,-1.8463542109250304,Strong Short,Break,True,home,-0.09692507900041622,-0.9463900000000004,0.3985899999999998
Manchester City,2021,2021-08-15 15:30:00,2021-09-25 11:30:00,-0.9323658300051574,Weak Short,Normal,True,away,-0.0993736728625535,-0.5341060000000002,0.1159079999999997
Manchester City,2021,2021-08-21 14:00:00,2021-10-03 15:30:00,-2.370337203834492,Strong Short,Break,True,home,-0.0993736728625535,-1.2045860000000002,0.4366899999999997
Manchester City,2021,2021-08-28 11:30:00,2021-10-16 14:00:00,-1.5142929937484586,Strong Short,Normal,True,home,-0.0993736728625535,-0.8054400000000002,0.5735679999999996
Manchester City,2021,2021-09-11 14:00:00,2021-10-23 16:30:00,-0.3650868951176822,Neutral,Break,False,away,-0.0993736728625535,-0.2696020000000002,0.1382039999999997
Manchester City,2021,2021-09-18 14:00:00,2021-10-30 14:00:00,1.0679774292794222,Weak Long,Normal,True,home,-0.0993736728625535,0.3985899999999998,0.0247799999999997
Manchester City,2021,2021-09-25 11:30:00,2021-11-06 12:30:00,0.4617123298031902,Neutral,Break,True,away,-0.0993736728625535,0.1159079999999997,-0.1053040000000002
Manchester City,2021,2021-10-03 15:30:00,2021-11-21 14:00:00,1.1496900968353485,Weak Long,Normal,True,away,-0.0993736728625535,0.4366899999999997,0.0086619999999997
Manchester City,2021,2021-10-16 14:00:00,2021-11-28 14:00:00,1.443250897615404,Weak Long,Break,True,home,-0.0993736728625535,0.5735679999999996,0.1216119999999997
Manchester City,2021,2021-10-23 16:30:00,2021-12-01 20:15:00,0.509530325494186,Weak Long,Normal,True,away,-0.0993736728625535,0.1382039999999997,0.0106539999999997
Manchester City,2021,2021-10-30 14:00:00,2021-12-04 17:30:00,0.26627107077336143,Neutral,Break,False,home,-0.0993736728625535,0.0247799999999997,0.0856219999999997
Manchester City,2021,2021-11-06 12:30:00,2021-12-11 12:30:00,-0.012718709970605572,Neutral,Normal,False,away,-0.0993736728625535,-0.1053040000000002,0.4770479999999998
Manchester City,2021,2021-11-21 14:00:00,2021-12-14 20:00:00,0.23170296642516133,Neutral,Break,True,home,-0.0993736728625535,0.0086619999999997,-0.1828580000000002
Manchester City,2021,2021-11-28 14:00:00,2021-12-19 14:15:00,0.4739456383527704,Neutral,Normal,False,home,-0.0993736728625535,0.1216119999999997,-0.3978600000000002
Manchester City,2021,2021-12-01 20:15:00,2021-12-26 15:00:00,0.23597518778399088,Neutral,Break,False,away,-0.0993736728625535,0.0106539999999997,-0.6359160000000001
Manchester City,2021,2021-12-04 17:30:00,2021-12-29 20:15:00,0.39675826550925863,Neutral,Normal,False,away,-0.0993736728625535,0.0856219999999997,-0.8388360000000002
Manchester City,2021,2021-12-11 12:30:00,2022-01-01 12:30:00,1.2362454731403905,Weak Long,Break,False,home,-0.0993736728625535,0.4770479999999998,-1.2494200000000002
Manchester City,2021,2021-12-14 20:00:00,2022-01-15 12:30:00,-0.17904795458037795,Neutral,Normal,False,home,-0.0993736728625535,-0.1828580000000002,-0.5317774000000003
Manchester City,2021,2021-12-19 14:15:00,2022-01-22 17:30:00,-0.6401604729493892,Weak Short,Break,True,away,-0.0993736728625535,-0.3978600000000002,-0.3353354000000003
Manchester City,2021,2021-12-26 15:00:00,2022-02-09 19:45:00,-1.1507166616027658,Weak Short,Normal,True,home,-0.0993736728625535,-0.6359160000000001,0.0954185999999997
Manchester City,2021,2021-12-29 20:15:00,2022-02-12 17:30:00,-1.5859170421919686,Strong Short,Break,True,away,-0.0993736728625535,-0.8388360000000002,0.1811985999999997
Manchester City,2021,2022-01-01 12:30:00,2022-02-19 17:30:00,-2.466492210060277,Strong Short,Normal,True,away,-0.0993736728625535,-1.2494200000000002,0.2554985999999998
Manchester City,2021,2022-01-15 12:30:00,2022-02-26 17:30:00,-0.9273717061817788,Weak Short,Break,False,home,-0.0993736728625535,-0.5317774000000003,0.4620019999999998
Manchester City,2021,2022-01-22 17:30:00,2022-03-06 16:30:00,-0.5060646237665208,Weak Short,Normal,True,away,-0.0993736728625535,-0.3353354000000003,0.0850559999999998
Manchester City,2021,2022-02-09 19:45:00,2022-03-14 20:00:00,0.4177689300493739,Neutral,Break,False,home,-0.0993736728625535,0.0954185999999997,0.4966059999999997
Manchester City,2021,2022-02-12 17:30:00,2022-04-02 14:00:00,0.6017403899692527,Weak Long,Normal,False,away,-0.0993736728625535,0.1811985999999997,0.3313159999999998
Manchester City,2021,2022-02-19 17:30:00,2022-04-10 15:30:00,0.7610908151504955,Weak Long,Break,True,home,-0.0993736728625535,0.2554985999999998,0.1370639999999997
Manchester City,2021,2022-02-26 17:30:00,2022-04-20 19:00:00,1.2039764758688294,Weak Long,Normal,True,away,-0.0993736728625535,0.4620019999999998,-0.3440920000000002
Manchester City,2021,2022-03-06 16:30:00,2022-04-23 14:00:00,0.3955443712878244,Neutral,Break,False,home,-0.0993736728625535,0.0850559999999998,-0.3569600000000001
Manchester City,2021,2022-03-14 20:00:00,2022-04-30 16:30:00,1.2781913091524326,Weak Long,Normal,False,away,-0.0993736728625535,0.4966059999999997,-0.96214
Manchester City,2021,2022-04-02 14:00:00,2022-05-08 15:30:00,0.9236955920836898,Weak Long,Break,False,away,-0.0993736728625535,0.3313159999999998,-1.0749300000000002
Manchester City,2021,2022-04-10 15:30:00,2022-05-11 19:15:00,0.5070853795358197,Weak Long,Normal,False,home,-0.0993736728625535,0.1370639999999997,-1.265616
Manchester City,2021,2022-04-20 19:00:00,2022-05-15 13:00:00,-0.5248448112919859,Weak Short,Break,False,home,-0.0993736728625535,-0.3440920000000002,-0.9418580000000002
Manchester City,2021,2022-04-23 14:00:00,2022-05-22 15:00:00,-0.5524426749694047,Weak Short,Normal,False,home,-0.0993736728625535,-0.3569600000000001,-0.6136780000000003
Manchester City,2021,2022-04-30 16:30:00,2022-08-07 15:30:00,-1.850365828551967,Strong Short,Break,True,away,-0.0993736728625535,-0.96214,-0.2990620000000002
Manchester City,2021,2022-05-08 15:30:00,2022-08-13 14:00:00,-2.0922653501696304,Strong Short,Normal,True,home,-0.0993736728625535,-1.0749300000000002,-0.5721600000000001
Manchester City,2021,2022-05-11 19:15:00,2022-08-21 15:30:00,-2.5012276001845755,Strong Short,Break,True,away,-0.0993736728625535,-1.265616,-0.1160040000000001
Manchester City,2021,2022-05-15 13:00:00,2022-08-27 14:00:00,-1.806867237387419,Strong Short,Normal,True,away,-0.0993736728625535,-0.9418580000000002,-0.4683900000000001
Manchester City,2021,2022-05-22 15:00:00,2022-08-31 18:30:00,-1.1030230578991258,Weak Short,Break,False,home,-0.0993736728625535,-0.6136780000000003,-0.965052
Manchester City,2022,2022-08-07 15:30:00,2022-09-03 16:30:00,-0.3955934257376004,Neutral,Normal,False,away,-0.11261113718302829,-0.2990620000000002,-0.898244
Manchester City,2022,2022-08-13 14:00:00,2022-09-17 11:30:00,-0.97502637525492,Weak Short,Break,False,home,-0.11261113718302829,-0.5721600000000001,-0.7515320000000002
Manchester City,2022,2022-08-21 15:30:00,2022-10-02 13:00:00,-0.007198648504733157,Neutral,Normal,False,away,-0.11261113718302829,-0.1160040000000001,-1.48409
Manchester City,2022,2022-08-27 14:00:00,2022-10-08 14:00:00,-0.7548572155708055,Weak Short,Break,False,home,-0.11261113718302829,-0.4683900000000001,-1.4140780000000004
Manchester City,2022,2022-08-31 18:30:00,2022-10-16 15:30:00,-1.8086266594084426,Strong Short,Normal,True,home,-0.11261113718302829,-0.965052,-0.7992974000000002
Manchester City,2022,2022-09-03 16:30:00,2022-10-22 14:00:00,-1.6668799000350563,Strong Short,Break,False,away,-0.11261113718302829,-0.898244,-1.2111054000000003
Manchester City,2022,2022-09-17 11:30:00,2022-10-29 11:30:00,-1.3556005538311846,Weak Short,Normal,False,away,-0.11261113718302829,-0.7515320000000002,-0.95518
Manchester City,2022,2022-10-02 13:00:00,2022-11-05 15:00:00,-2.9098713380643484,Strong Short,Break,True,home,-0.11261113718302829,-1.48409,-0.2787220000000001
Manchester City,2022,2022-10-08 14:00:00,2022-11-12 12:30:00,-2.7613266410632487,Strong Short,Normal,True,home,-0.11261113718302829,-1.4140780000000004,0.0952059999999998
Manchester City,2022,2022-10-16 15:30:00,2022-12-28 20:00:00,-1.4569445644313155,Weak Short,Break,True,away,-0.11261113718302829,-0.7992974000000002,0.1454053999999998
Manchester City,2022,2022-10-22 14:00:00,2022-12-31 15:00:00,-2.3306789897102576,Strong Short,Normal,True,home,-0.11261113718302829,-1.2111054000000003,0.6455933999999999
Manchester City,2022,2022-10-29 11:30:00,2023-01-05 20:00:00,-1.7876812036466465,Strong Short,Break,False,away,-0.11261113718302829,-0.95518,0.8487719999999997
Manchester City,2022,2022-11-05 15:00:00,2023-01-14 12:30:00,-0.35243797899986395,Neutral,Normal,False,home,-0.11261113718302829,-0.2787220000000001,0.7174979999999997
Manchester City,2022,2022-11-12 12:30:00,2023-01-19 19:00:00,0.4409263222660269,Neutral,Break,False,home,-0.11261113718302829,0.0952059999999998,0.2648299999999998
Manchester City,2022,2022-12-28 20:00:00,2023-01-22 14:00:00,0.5474345588917061,Weak Long,Normal,True,away,-0.11261113718302829,0.1454053999999998,0.0978459999999998
Manchester City,2022,2022-12-31 15:00:00,2023-02-05 16:30:00,1.6086851288452362,Strong Long,Break,True,home,-0.11261113718302829,0.6455933999999999,-0.0200706000000001
Manchester City,2022,2023-01-05 20:00:00,2023-02-12 16:30:00,2.0397698510943907,Strong Long,Normal,True,away,-0.11261113718302829,0.8487719999999997,-0.0420406000000001
Manchester City,2022,2023-01-14 12:30:00,2023-02-15 18:30:00,1.7612453616622579,Strong Long,Break,True,away,-0.11261113718302829,0.7174979999999997,-0.1877486000000001
Manchester City,2022,2023-01-19 19:00:00,2023-02-18 15:00:00,0.8008181362995455,Weak Long,Normal,False,home,-0.11261113718302829,0.2648299999999998,0.5058513999999998
Manchester City,2022,2023-01-22 14:00:00,2023-02-25 17:30:00,0.446527619187739,Neutral,Break,False,home,-0.11261113718302829,0.0978459999999998,0.2367493999999998
Manchester City,2022,2023-02-05 16:30:00,2023-03-04 12:30:00,0.19634357047608997,Neutral,Normal,True,away,-0.11261113718302829,-0.0200706000000001,-0.0497120000000001
Manchester City,2022,2023-02-12 16:30:00,2023-03-11 17:30:00,0.14972974722987245,Neutral,Break,False,home,-0.11261113718302829,-0.0420406000000001,0.0659939999999998
Manchester City,2022,2023-02-15 18:30:00,2023-04-01 11:30:00,-0.15941940878104532,Neutral,Normal,False,away,-0.11261113718302829,-0.1877486000000001,0.0667979999999999
Manchester City,2022,2023-02-18 15:00:00,2023-04-08 16:30:00,1.3121940551960358,Weak Long,Break,True,away,-0.11261113718302829,0.5058513999999998,-0.4831360000000001
Manchester City,2022,2023-02-25 17:30:00,2023-04-15 16:30:00,0.7412394323829439,Weak Long,Normal,False,away,-0.11261113718302829,0.2367493999999998,-0.5581440000000002
Manchester City,2022,2023-03-04 12:30:00,2023-04-26 19:00:00,0.1334533119248641,Neutral,Break,False,home,-0.11261113718302829,-0.0497120000000001,-0.8240960000000002
Manchester City,2022,2023-03-11 17:30:00,2023-04-30 13:00:00,0.37894712314593104,Neutral,Normal,False,away,-0.11261113718302829,0.0659939999999998,-0.9971
Manchester City,2022,2023-04-01 11:30:00,2023-05-03 19:00:00,0.38065297266299813,Neutral,Break,False,home,-0.11261113718302829,0.0667979999999999,-0.7997700000000002
Manchester City,2022,2023-04-08 16:30:00,2023-05-06 14:00:00,-0.7861438536039747,Weak Short,Normal,True,away,-0.11261113718302829,-0.4831360000000001,-0.4448240000000002
Manchester City,2022,2023-04-15 16:30:00,2023-05-14 13:00:00,-0.9452885806887397,Weak Short,Break,True,home,-0.11261113718302829,-0.5581440000000002,-0.5575520000000002
Manchester City,2022,2023-04-26 19:00:00,2023-05-21 15:00:00,-1.5095598378566069,Strong Short,Normal,True,home,-0.11261113718302829,-0.8240960000000002,-0.1187740000000002
Manchester City,2022,2023-04-30 13:00:00,2023-05-24 19:00:00,-1.87662300931262,Strong Short,Break,True,away,-0.11261113718302829,-0.9971,0.0024959999999998
Manchester City,2022,2023-05-03 19:00:00,2023-05-28 15:30:00,-1.4579472814484373,Weak Short,Normal,True,home,-0.11261113718302829,-0.7997700000000002,0.2399779999999998
Manchester City,2022,2023-05-06 14:00:00,2023-08-11 19:00:00,-0.7048571537310078,Weak Short,Break,True,home,-0.11261113718302829,-0.4448240000000002,-0.0468180000000002
Manchester City,2022,2023-05-14 13:00:00,2023-08-19 19:00:00,-0.9440325322881132,Weak Short,Normal,False,away,-0.11261113718302829,-0.5575520000000002,0.3895619999999998
Manchester City,2022,2023-05-21 15:00:00,2023-08-27 13:00:00,-0.013075766865772187,Neutral,Break,False,home,-0.11261113718302829,-0.1187740000000002,0.7180559999999998
Manchester City,2022,2023-05-24 19:00:00,2023-09-02 14:00:00,0.24422320195847905,Neutral,Normal,True,away,-0.11261113718302829,0.0024959999999998,-0.0675860000000001
Manchester City,2022,2023-05-28 15:30:00,2023-09-16 14:00:00,0.7480895639137922,Weak Long,Break,True,away,-0.11261113718302829,0.2399779999999998,-0.0747920000000001
Manchester City,2023,2023-08-11 19:00:00,2023-09-23 14:00:00,0.16564199559481432,Neutral,Normal,True,away,-0.12709615521632278,-0.0468180000000002,-0.0869720000000001
Manchester City,2023,2023-08-19 19:00:00,2023-09-30 14:00:00,1.0660470166480152,Weak Long,Break,True,home,-0.12709615521632278,0.3895619999999998,-0.1358780000000001
Manchester City,2023,2023-08-27 13:00:00,2023-10-08 15:30:00,1.7438453735522046,Strong Long,Normal,True,away,-0.12709615521632278,0.7180559999999998,-0.3338718000000001
Manchester City,2023,2023-09-02 14:00:00,2023-10-21 14:00:00,0.12279032623042366,Neutral,Break,False,home,-0.12709615521632278,-0.0675860000000001,0.0583259999999997
Manchester City,2023,2023-09-16 14:00:00,2023-10-29 15:30:00,0.10792182038297565,Neutral,Normal,False,away,-0.12709615521632278,-0.0747920000000001,0.1374239999999999
Manchester City,2023,2023-09-23 14:00:00,2023-11-04 15:00:00,0.08279020766830496,Neutral,Break,False,home,-0.12709615521632278,-0.0869720000000001,-0.450646
Manchester City,2023,2023-09-30 14:00:00,2023-11-12 16:30:00,-0.018120026438729838,Neutral,Normal,False,away,-0.12709615521632278,-0.1358780000000001,-0.6081480000000001
Manchester City,2023,2023-10-08 15:30:00,2023-11-25 12:30:00,-0.42665069158700253,Neutral,Break,False,away,-0.12709615521632278,-0.3338718000000001,-0.6205182
Manchester City,2023,2023-10-21 14:00:00,2023-12-03 16:30:00,0.3825909518568283,Neutral,Normal,False,home,-0.12709615521632278,0.0583259999999997,-0.431562
Manchester City,2023,2023-10-29 15:30:00,2023-12-06 20:15:00,0.5457978732447614,Weak Long,Break,False,away,-0.12709615521632278,0.1374239999999999,-0.5403560000000002
Manchester City,2023,2023-11-04 15:00:00,2023-12-10 14:00:00,-0.6675968302951711,Weak Short,Normal,False,home,-0.12709615521632278,-0.450646,0.2264519999999998
Manchester City,2023,2023-11-12 16:30:00,2023-12-16 15:00:00,-0.992578707617508,Weak Short,Break,False,away,-0.12709615521632278,-0.6081480000000001,0.4710959999999998
Manchester City,2023,2023-11-25 12:30:00,2023-12-27 20:15:00,-1.0181027696538805,Weak Short,Normal,True,home,-0.12709615521632278,-0.6205182,0.1684939999999998
Manchester City,2023,2023-12-03 16:30:00,2023-12-30 15:00:00,-0.6282198436739252,Weak Short,Break,False,home,-0.12709615521632278,-0.431562,0.2354939999999998
Manchester City,2023,2023-12-06 20:15:00,2024-01-13 17:30:00,-0.8527000303471506,Weak Short,Normal,True,away,-0.12709615521632278,-0.5403560000000002,-0.0539980000000001
Manchester City,2023,2023-12-10 14:00:00,2024-01-31 19:30:00,0.7294938680527825,Weak Long,Break,True,away,-0.12709615521632278,0.2264519999999998,-0.3311920000000001
Manchester City,2023,2023-12-16 15:00:00,2024-02-05 20:00:00,1.2342802605788818,Weak Long,Normal,True,home,-0.12709615521632278,0.4710959999999998,-0.5929140000000002
Manchester City,2023,2023-12-27 20:15:00,2024-02-10 12:30:00,0.609906182525945,Weak Long,Break,False,away,-0.12709615521632278,0.1684939999999998,-0.531614
Manchester City,2023,2023-12-30 15:00:00,2024-02-17 17:30:00,0.7481506859646094,Weak Long,Normal,True,home,-0.12709615521632278,0.2354939999999998,-0.2246460000000001
Manchester City,2023,2024-01-13 17:30:00,2024-02-20 18:30:00,0.15082713686810387,Neutral,Break,False,away,-0.12709615521632278,-0.0539980000000001,0.1719819999999998
Manchester City,2023,2024-01-31 19:30:00,2024-02-24 17:30:00,-0.42112132411961545,Neutral,Normal,False,home,-0.12709615521632278,-0.3311920000000001,0.5617419999999997
Manchester City,2023,2024-02-05 20:00:00,2024-03-03 15:30:00,-0.9611456215669913,Weak Short,Break,False,away,-0.12709615521632278,-0.5929140000000002,0.6685179999999997
Manchester City,2023,2024-02-10 12:30:00,2024-03-10 15:45:00,-0.8346622176746009,Weak Short,Normal,False,home,-0.12709615521632278,-0.531614,0.8251539999999998
Manchester City,2023,2024-02-17 17:30:00,2024-03-31 16:30:00,-0.20127955003937728,Neutral,Break,False,home,-0.12709615521632278,-0.2246460000000001,0.7137459999999998
Manchester City,2023,2024-02-20 18:30:00,2024-04-03 19:15:00,0.6171031501079459,Weak Long,Normal,False,home,-0.12709615521632278,0.1719819999999998,0.3816219999999998
Manchester City,2023,2024-02-24 17:30:00,2024-04-06 11:30:00,1.4213147569774072,Weak Long,Break,True,away,-0.12709615521632278,0.5617419999999997,-0.1248880000000002
Manchester City,2023,2024-03-03 15:30:00,2024-04-13 14:00:00,1.6416311017410916,Strong Long,Normal,True,home,-0.12709615521632278,0.6685179999999997,-0.1247440000000001
Manchester City,2023,2024-03-10 15:45:00,2024-04-25 19:00:00,1.9648261172727137,Strong Long,Break,True,away,-0.12709615521632278,0.8251539999999998,-0.6183080000000001
Manchester City,2023,2024-03-31 16:30:00,2024-04-28 15:30:00,1.734952331614583,Strong Long,Normal,False,home,-0.12709615521632278,0.7137459999999998,-1.0759134000000004
Manchester City,2023,2024-04-03 19:15:00,2024-05-04 16:30:00,1.0496640113151345,Weak Long,Break,False,home,-0.12709615521632278,0.3816219999999998,-1.1462374
Manchester City,2023,2024-04-06 11:30:00,2024-05-11 11:30:00,0.004556198826806168,Neutral,Normal,False,away,-0.12709615521632278,-0.1248880000000002,-0.9685634
Manchester City,2023,2024-04-13 14:00:00,2024-05-14 19:00:00,0.0048533213416596,Neutral,Break,False,home,-0.12709615521632278,-0.1247440000000001,-0.7563914
Manchester City,2023,2024-04-25 19:00:00,2024-05-19 15:00:00,-1.0135423517210427,Weak Short,Normal,True,away,-0.12709615521632278,-0.6183080000000001,-0.4743974000000001
Manchester City,2023,2024-04-28 15:30:00,2024-08-18 15:30:00,-1.9577428187934536,Strong Short,Break,True,away,-0.12709615521632278,-1.0759134000000004,-0.424734
Manchester City,2023,2024-05-04 16:30:00,2024-08-24 14:00:00,-2.102845900283313,Strong Short,Normal,True,home,-0.12709615521632278,-1.1462374,-0.5141820000000001
Manchester City,2023,2024-05-11 11:30:00,2024-08-31 16:30:00,-1.7362421106719506,Strong Short,Break,True,away,-0.12709615521632278,-0.9685634,-0.3060240000000001
Manchester City,2023,2024-05-14 19:00:00,2024-09-14 14:00:00,-1.298456845245259,Weak Short,Normal,True,away,-0.12709615521632278,-0.7563914,-0.5361280000000002
Manchester City,2023,2024-05-19 15:00:00,2024-09-22 15:30:00,-0.7166043004290981,Weak Short,Break,True,home,-0.12709615521632278,-0.4743974000000001,-0.2479600000000002
Manchester City,2024,2024-08-18 15:30:00,2024-09-28 11:30:00,-0.6028111866725367,Weak Short,Normal,True,away,-0.1332805863356985,-0.424734,-0.0310040000000002
Manchester City,2024,2024-08-24 14:00:00,2024-10-05 14:00:00,-0.7878158992527468,Weak Short,Break,True,home,-0.1332805863356985,-0.5141820000000001,-0.1732720000000002
Manchester City,2024,2024-08-31 16:30:00,2024-10-20 13:00:00,-0.35728407113729077,Neutral,Normal,False,away,-0.1332805863356985,-0.3060240000000001,-0.3387280000000002
Manchester City,2024,2024-09-14 14:00:00,2024-10-26 14:00:00,-0.8332066673222988,Weak Short,Break,True,home,-0.1332805863356985,-0.5361280000000002,0.1832859999999997
Manchester City,2024,2024-09-22 15:30:00,2024-11-02 15:00:00,-0.2371906802145505,Neutral,Normal,False,home,-0.1332805863356985,-0.2479600000000002,0.3026499999999998
Manchester City,2024,2024-09-28 11:30:00,2024-11-09 17:30:00,0.21153799368036033,Neutral,Break,False,away,-0.1332805863356985,-0.0310040000000002,0.5702859999999998
Manchester City,2024,2024-10-05 14:00:00,2024-11-23 17:30:00,-0.08271397896700215,Neutral,Normal,False,home,-0.1332805863356985,-0.1732720000000002,1.3287159999999998
Manchester City,2024,2024-10-20 13:00:00,2024-12-01 16:00:00,-0.4249255401497137,Neutral,Break,False,away,-0.1332805863356985,-0.3387280000000002,1.604581
Manchester City,2024,2024-10-26 14:00:00,2024-12-04 19:30:00,0.6547525972356453,Weak Long,Normal,False,home,-0.1332805863356985,0.1832859999999997,1.2123469999999998
Manchester City,2024,2024-11-02 15:00:00,2024-12-07 15:00:00,0.901632376687664,Weak Long,Break,False,away,-0.1332805863356985,0.3026499999999998,0.858727
Manchester City,2024,2024-11-09 17:30:00,2024-12-15 16:30:00,1.455182162665182,Weak Long,Normal,True,away,-0.1332805863356985,0.5702859999999998,0.4656795999999999
Manchester City,2024,2024-11-23 17:30:00,2024-12-21 12:30:00,3.023837964496508,Strong Long,Break,True,home,-0.1332805863356985,1.3287159999999998,0.0531355999999998
Manchester City,2024,2024-12-01 16:00:00,2024-12-26 12:30:00,3.59440773728002,Strong Long,Normal,True,away,-0.1332805863356985,1.604581,0.2080625999999998
Manchester City,2024,2024-12-04 19:30:00,2024-12-29 14:30:00,2.783152723929403,Strong Long,Break,True,home,-0.1332805863356985,1.2123469999999998,0.0837285999999998
Manchester City,2024,2024-12-07 15:00:00,2025-01-04 15:00:00,2.051762793884978,Strong Long,Normal,True,away,-0.1332805863356985,0.858727,-0.2372194000000001
Manchester City,2024,2024-12-15 16:30:00,2025-01-14 19:30:00,1.238825430641543,Weak Long,Break,True,home,-0.1332805863356985,0.4656795999999999,-0.0342100000000001
Manchester City,2024,2024-12-21 12:30:00,2025-01-19 16:30:00,0.38556337730675566,Neutral,Normal,False,away,-0.1332805863356985,0.0531355999999998,-0.6130080000000001
Manchester City,2024,2024-12-26 12:30:00,2025-01-25 17:30:00,0.7059978767468119,Weak Long,Break,False,home,-0.1332805863356985,0.2080625999999998,-1.070512
Manchester City,2024,2024-12-29 14:30:00,2025-02-02 16:30:00,0.4488386788447036,Neutral,Normal,False,away,-0.1332805863356985,0.0837285999999998,-1.0378778
Manchester City,2024,2025-01-04 15:00:00,2025-02-15 15:00:00,-0.2149759675777222,Neutral,Break,False,home,-0.1332805863356985,-0.2372194000000001,-1.0098418000000002
Manchester City,2024,2025-01-14 19:30:00,2025-02-23 16:30:00,0.2049070448773448,Neutral,Normal,False,away,-0.1332805863356985,-0.0342100000000001,-1.0239758
Manchester City,2024,2025-01-19 16:30:00,2025-02-26 19:30:00,-0.9922170678138303,Weak Short,Break,True,away,-0.1332805863356985,-0.6130080000000001,-0.1871498000000001
Manchester City,2024,2025-01-25 17:30:00,2025-03-08 12:30:00,-1.9384695946930925,Strong Short,Normal,True,home,-0.1332805863356985,-1.070512,0.1106709999999998
Manchester City,2024,2025-02-02 16:30:00,2025-03-15 15:00:00,-1.8709724925635303,Strong Short,Break,True,away,-0.1332805863356985,-1.0378778,0.1673167999999997
Manchester City,2024,2025-02-15 15:00:00,2025-04-02 19:45:00,-1.81298581737908,Strong Short,Normal,True,home,-0.1332805863356985,-1.0098418000000002,0.5576387999999998
Manchester City,2024,2025-02-23 16:30:00,2025-04-06 15:30:00,-1.842219077011589,Strong Short,Break,True,home,-0.1332805863356985,-1.0239758,0.5787215999999998
Manchester City,2024,2025-02-26 19:30:00,2025-04-12 11:30:00,-0.11141734181743607,Neutral,Normal,False,away,-0.1332805863356985,-0.1871498000000001,0.2208875999999998
Manchester City,2024,2025-03-08 12:30:00,2025-04-19 14:00:00,0.5045634683114445,Weak Long,Break,True,away,-0.1332805863356985,0.1106709999999998,0.0526187999999998
Manchester City,2024,2025-03-15 15:00:00,2025-04-22 19:00:00,0.6217236054623705,Weak Long,Normal,True,home,-0.1332805863356985,0.1673167999999997,-0.0802012000000001
Manchester City,2024,2025-04-02 19:45:00,2025-05-02 19:00:00,1.4290240417352065,Weak Long,Break,True,home,-0.1332805863356985,0.5576387999999998,-0.1226386000000001
Manchester City,2024,2025-04-06 15:30:00,2025-05-10 14:00:00,1.472629458898095,Weak Long,Normal,True,away,-0.1332805863356985,0.5787215999999998,0.0567085999999998
Manchester City,2024,2025-04-12 11:30:00,2025-05-20 19:00:00,0.7325237402523257,Weak Long,Break,True,home,-0.1332805863356985,0.2208875999999998,-0.1431814000000001
Manchester City,2024,2025-04-19 14:00:00,2025-05-25 15:00:00,0.38449448325142244,Neutral,Normal,True,away,-0.1332805863356985,0.0526187999999998,-0.0273134000000002
Manchester United,2017,2017-08-13 16:00:00,2017-09-23 15:00:00,-0.6653698904547071,Weak Short,Break,True,home,0.009105702269475723,-0.2503373999999999,-0.1052999999999999
Manchester United,2017,2017-08-19 12:30:00,2017-09-30 15:00:00,-1.2634175292610343,Weak Short,Break,True,away,0.009105702269475723,-0.4835299999999999,-0.0923259999999999
Manchester United,2017,2017-08-26 17:30:00,2017-10-14 12:30:00,-0.9042236431945958,Weak Short,Break,True,home,0.009105702269475723,-0.3434719999999999,-0.1937043999999999
Manchester United,2017,2017-09-09 17:30:00,2017-10-21 15:00:00,-1.1564272071164967,Weak Short,Break,True,away,0.009105702269475723,-0.441812,-0.2255473999999999
Manchester United,2017,2017-09-17 16:00:00,2017-10-28 12:30:00,-1.028904632249173,Weak Short,Break,True,home,0.009105702269475723,-0.3920879999999999,-0.0942921999999999
Manchester United,2017,2017-09-23 15:00:00,2017-11-05 16:30:00,-0.2934057946445966,Neutral,Break,True,away,0.009105702269475723,-0.1052999999999999,0.0459310000000001
Manchester United,2017,2017-09-30 15:00:00,2017-11-18 17:30:00,-0.2601325687108693,Neutral,Break,False,home,0.009105702269475723,-0.0923259999999999,-0.1342369999999999
Manchester United,2017,2017-10-14 12:30:00,2017-11-25 15:00:00,-0.5201284379878676,Weak Short,Break,True,away,0.009105702269475723,-0.1937043999999999,-0.0800125999999999
Manchester United,2017,2017-10-21 15:00:00,2017-11-28 20:00:00,-0.6017932548067113,Weak Short,Break,False,away,0.009105702269475723,-0.2255473999999999,-0.5144575999999998
Manchester United,2017,2017-10-28 12:30:00,2017-12-02 17:30:00,-0.26517510122442683,Neutral,Break,False,home,0.009105702269475723,-0.0942921999999999,-0.6894948
Manchester United,2017,2017-11-05 16:30:00,2017-12-10 16:30:00,0.09444245810578937,Neutral,Break,False,away,0.009105702269475723,0.0459310000000001,-0.7566999999999999
Manchester United,2017,2017-11-18 17:30:00,2017-12-13 20:00:00,-0.36761786022531695,Neutral,Break,False,home,0.009105702269475723,-0.1342369999999999,-0.4234619999999999
Manchester United,2017,2017-11-25 15:00:00,2017-12-17 14:15:00,-0.22855352291062603,Neutral,Break,False,home,0.009105702269475723,-0.0800125999999999,-0.7439612
Manchester United,2017,2017-11-28 20:00:00,2017-12-23 19:45:00,-1.3427347037937876,Weak Short,Break,True,away,0.009105702269475723,-0.5144575999999998,-0.2403811999999999
Manchester United,2017,2017-12-02 17:30:00,2017-12-26 15:00:00,-1.791636530709697,Strong Short,Break,True,away,0.009105702269475723,-0.6894948,-0.0925171999999999
Manchester United,2017,2017-12-10 16:30:00,2017-12-30 17:30:00,-1.9639915332934281,Strong Short,Break,True,home,0.009105702269475723,-0.7566999999999999,0.1944648000000001
Manchester United,2017,2017-12-13 20:00:00,2018-01-01 17:30:00,-1.1093666478530546,Weak Short,Break,True,home,0.009105702269475723,-0.4234619999999999,-0.0011271999999998
Manchester United,2017,2017-12-17 14:15:00,2018-01-15 20:00:00,-1.931321503192876,Strong Short,Break,True,away,0.009105702269475723,-0.7439612,0.0087760000000001
Manchester United,2017,2017-12-23 19:45:00,2018-01-20 15:00:00,-0.6398361389485121,Weak Short,Break,True,away,0.009105702269475723,-0.2403811999999999,-0.0496203999999999
Manchester United,2017,2017-12-26 15:00:00,2018-01-31 20:00:00,-0.2606229217861375,Neutral,Break,False,home,0.009105702269475723,-0.0925171999999999,0.1524530000000001
Manchester United,2017,2017-12-30 17:30:00,2018-02-03 15:00:00,0.475373449796483,Neutral,Break,False,home,0.009105702269475723,0.1944648000000001,-0.2952629999999999
Manchester United,2017,2018-01-01 17:30:00,2018-02-11 14:15:00,-0.026243384397256788,Neutral,Break,False,away,0.009105702269475723,-0.0011271999999998,0.1962330000000001
Manchester United,2017,2018-01-15 20:00:00,2018-02-25 14:05:00,-0.0008455571221770504,Neutral,Break,False,home,0.009105702269475723,0.0087760000000001,0.2666050000000001
Manchester United,2017,2018-01-20 15:00:00,2018-03-05 20:00:00,-0.15060943957294867,Neutral,Break,False,away,0.009105702269475723,-0.0496203999999999,-0.0546825999999999
Manchester United,2017,2018-01-31 20:00:00,2018-03-10 12:30:00,0.3676296457821032,Neutral,Break,False,away,0.009105702269475723,0.1524530000000001,-0.4492717999999999
Manchester United,2017,2018-02-03 15:00:00,2018-03-31 15:00:00,-0.7805864496506573,Weak Short,Break,False,home,0.009105702269475723,-0.2952629999999999,-0.3473137999999999
Manchester United,2017,2018-02-11 14:15:00,2018-04-07 16:30:00,0.4799081898994595,Neutral,Break,False,away,0.009105702269475723,0.1962330000000001,-1.0479378
Manchester United,2017,2018-02-25 14:05:00,2018-04-15 15:00:00,0.6603847935227256,Weak Long,Break,False,home,0.009105702269475723,0.2666050000000001,-0.7800602
Manchester United,2017,2018-03-05 20:00:00,2018-04-18 18:45:00,-0.16359199887013645,Neutral,Break,False,away,0.009105702269475723,-0.0546825999999999,-0.5077442
Manchester United,2017,2018-03-10 12:30:00,2018-04-29 15:30:00,-1.1755586708763561,Weak Short,Break,True,home,0.009105702269475723,-0.4492717999999999,-0.3674204
Manchester United,2017,2018-03-31 15:00:00,2018-05-04 20:00:00,-0.9140763547247479,Weak Short,Break,True,home,0.009105702269475723,-0.3473137999999999,-0.2656675999999999
Manchester United,2017,2018-04-07 16:30:00,2018-05-10 19:45:00,-2.7109023641737795,Strong Short,Break,True,away,0.009105702269475723,-1.0479378,0.2101814000000001
Manchester United,2017,2018-04-15 15:00:00,2018-05-13 15:00:00,-2.023901292231077,Strong Short,Break,True,home,0.009105702269475723,-0.7800602,-0.0261581999999999
Manchester United,2017,2018-04-18 18:45:00,2018-08-10 22:00:00,-1.3255174635453306,Weak Short,Break,True,away,0.009105702269475723,-0.5077442,-0.0466121999999998
Manchester United,2017,2018-04-29 15:30:00,2018-08-19 18:00:00,-0.9656419046368092,Weak Short,Break,True,home,0.009105702269475723,-0.3674204,-0.0427881999999998
Manchester United,2017,2018-05-04 20:00:00,2018-08-27 22:00:00,-0.7046858460743484,Weak Short,Break,True,away,0.009105702269475723,-0.2656675999999999,0.1073650000000001
Manchester United,2017,2018-05-10 19:45:00,2018-09-02 15:00:00,0.5156803699991975,Weak Long,Break,True,away,0.009105702269475723,0.2101814000000001,0.1688680000000001
Manchester United,2017,2018-05-13 15:00:00,2018-09-15 16:30:00,-0.09043809060560659,Neutral,Break,False,home,0.009105702269475723,-0.0261581999999999,0.207062
Manchester United,2018,2018-08-10 22:00:00,2018-09-22 14:00:00,0.10641934583116641,Neutral,Break,False,home,-0.0861742917247072,-0.0466121999999998,0.228888
Manchester United,2018,2018-08-19 18:00:00,2018-09-29 11:30:00,0.11670564669943502,Neutral,Break,False,away,-0.0861742917247072,-0.0427881999999998,0.2888778000000001
Manchester United,2018,2018-08-27 22:00:00,2018-10-06 16:30:00,0.5206075796317859,Weak Long,Break,True,home,-0.0861742917247072,0.1073650000000001,-0.1105021999999999
Manchester United,2018,2018-09-02 15:00:00,2018-10-20 11:30:00,0.6860464819071846,Weak Long,Break,False,away,-0.0861742917247072,0.1688680000000001,-0.4683121999999999
Manchester United,2018,2018-09-15 16:30:00,2018-10-28 15:00:00,0.7887857537070411,Weak Long,Break,True,away,-0.0861742917247072,0.207062,-0.2953301999999999
Manchester United,2018,2018-09-22 14:00:00,2018-11-03 12:30:00,0.8474962146774466,Weak Long,Break,True,home,-0.0861742917247072,0.228888,0.0386018000000001
Manchester United,2018,2018-09-29 11:30:00,2018-11-11 16:30:00,1.0088647114941989,Weak Long,Break,True,away,-0.0861742917247072,0.2888778000000001,0.0596320000000001
Manchester United,2018,2018-10-06 16:30:00,2018-11-24 15:00:00,-0.06544042469019418,Neutral,Break,False,home,-0.0861742917247072,-0.1105021999999999,0.4468600000000001
Manchester United,2018,2018-10-20 11:30:00,2018-12-01 17:30:00,-1.027925077847933,Weak Short,Break,False,away,-0.0861742917247072,-0.4683121999999999,0.4049126000000001
Manchester United,2018,2018-10-28 15:00:00,2018-12-05 20:00:00,-0.5626152198994911,Weak Short,Break,False,home,-0.0861742917247072,-0.2953301999999999,0.1694846
Manchester United,2018,2018-11-03 12:30:00,2018-12-08 15:00:00,0.3356392313407482,Neutral,Break,False,away,-0.0861742917247072,0.0386018000000001,-0.2581253999999999
Manchester United,2018,2018-11-11 16:30:00,2018-12-16 16:00:00,0.3922090442382018,Neutral,Break,False,away,-0.0861742917247072,0.0596320000000001,-0.3206935999999999
Manchester United,2018,2018-11-24 15:00:00,2018-12-22 17:30:00,1.4338261238976995,Weak Long,Break,False,home,-0.0861742917247072,0.4468600000000001,-1.0441375999999998
Manchester United,2018,2018-12-01 17:30:00,2018-12-26 15:00:00,1.3209904604453955,Weak Long,Break,False,away,-0.0861742917247072,0.4049126000000001,-1.0654022
Manchester United,2018,2018-12-05 20:00:00,2018-12-30 16:30:00,0.6877050941235482,Weak Long,Break,False,home,-0.0861742917247072,0.1694846,-1.0490122
Manchester United,2018,2018-12-08 15:00:00,2019-01-02 20:00:00,-0.4625368290669179,Neutral,Break,False,home,-0.0861742917247072,-0.2581253999999999,-0.7448201999999999
Manchester United,2018,2018-12-16 16:00:00,2019-01-13 16:30:00,-0.6308410471594923,Weak Short,Break,False,away,-0.0861742917247072,-0.3206935999999999,-0.6848745999999999
Manchester United,2018,2018-12-22 17:30:00,2019-01-19 15:00:00,-2.576856383284942,Strong Short,Break,True,away,-0.0861742917247072,-1.0441375999999998,-0.1019105999999999
Manchester United,2018,2018-12-26 15:00:00,2019-01-29 20:00:00,-2.63405671629838,Strong Short,Break,True,home,-0.0861742917247072,-1.0654022,0.3852274000000001
Manchester United,2018,2018-12-30 16:30:00,2019-02-03 14:05:00,-2.589968726959749,Strong Short,Break,True,home,-0.0861742917247072,-1.0490122,0.6009134000000002
Manchester United,2018,2019-01-02 20:00:00,2019-02-09 12:30:00,-1.771712860401076,Strong Short,Break,True,away,-0.0861742917247072,-0.7448201999999999,0.2922514000000001
Manchester United,2018,2019-01-13 16:30:00,2019-02-24 14:05:00,-1.6104632585891294,Strong Short,Break,True,away,-0.0861742917247072,-0.6848745999999999,0.3956698000000001
Manchester United,2018,2019-01-19 15:00:00,2019-02-27 20:00:00,-0.042329602896309104,Neutral,Break,False,home,-0.0861742917247072,-0.1019105999999999,-0.0241621999999998
Manchester United,2018,2019-01-29 20:00:00,2019-03-02 15:00:00,1.2680386064045897,Weak Long,Normal,True,home,-0.0861742917247072,0.3852274000000001,-0.3625641999999999
Manchester United,2018,2019-02-03 14:05:00,2019-03-10 16:30:00,1.8482193305346588,Strong Long,Normal,True,away,-0.0861742917247072,0.6009134000000002,0.0120618000000001
Manchester United,2018,2019-02-09 12:30:00,2019-03-30 15:00:00,1.017939466883632,Weak Long,Normal,True,away,-0.0861742917247072,0.2922514000000001,0.1817478000000001
Manchester United,2018,2019-02-24 14:05:00,2019-04-02 19:45:00,1.296127954779801,Weak Long,Normal,True,home,-0.0861742917247072,0.3956698000000001,0.294468
Manchester United,2018,2019-02-27 20:00:00,2019-04-13 17:30:00,0.1668083245164777,Neutral,Break,False,away,-0.0861742917247072,-0.0241621999999998,0.7165400000000001
Manchester United,2018,2019-03-02 15:00:00,2019-04-21 13:30:00,-0.7434701238161157,Weak Short,Break,False,home,-0.0861742917247072,-0.3625641999999999,0.8693044000000001
Manchester United,2018,2019-03-10 16:30:00,2019-04-24 20:00:00,0.264248429812545,Neutral,Break,False,away,-0.0861742917247072,0.0120618000000001,0.4981462000000001
Manchester United,2018,2019-03-30 15:00:00,2019-04-28 16:30:00,0.720692271113023,Weak Long,Normal,False,home,-0.0861742917247072,0.1817478000000001,0.5270082000000001
Manchester United,2018,2019-04-02 19:45:00,2019-05-05 13:00:00,1.0239019706766765,Weak Long,Normal,False,away,-0.0861742917247072,0.294468,0.4954122000000002
Manchester United,2018,2019-04-13 17:30:00,2019-05-12 14:00:00,2.1592470491473543,Strong Long,Normal,False,home,-0.0861742917247072,0.7165400000000001,0.7442722000000002
Manchester United,2018,2019-04-21 13:30:00,2019-08-11 16:30:00,2.57017293313285,Strong Long,Normal,True,away,-0.0861742917247072,0.8693044000000001,0.3579598000000001
Manchester United,2018,2019-04-24 20:00:00,2019-08-19 20:00:00,1.5717825265101992,Strong Long,Normal,True,home,-0.0861742917247072,0.4981462000000001,0.2837220000000001
Manchester United,2018,2019-04-28 16:30:00,2019-08-24 15:00:00,1.649419350689061,Strong Long,Normal,True,home,-0.0861742917247072,0.5270082000000001,0.5058780000000002
Manchester United,2018,2019-05-05 13:00:00,2019-08-31 12:30:00,1.5644282517785448,Strong Long,Normal,False,away,-0.0861742917247072,0.4954122000000002,0.5104920000000002
Manchester United,2018,2019-05-12 14:00:00,2019-09-14 14:00:00,2.2338447878866328,Strong Long,Normal,True,home,-0.0861742917247072,0.7442722000000002,0.1514200000000001
Manchester United,2019,2019-08-11 16:30:00,2019-09-22 13:00:00,0.957853105266083,Weak Long,Normal,False,home,-0.034830183894382805,0.3579598000000001,0.7321880000000001
Manchester United,2019,2019-08-19 20:00:00,2019-09-30 19:00:00,0.7768176660394991,Weak Long,Normal,False,away,-0.034830183894382805,0.2837220000000001,0.7302240000000001
Manchester United,2019,2019-08-24 15:00:00,2019-10-06 16:30:00,1.3185647145352923,Weak Long,Normal,False,home,-0.034830183894382805,0.5058780000000002,0.6769428000000002
Manchester United,2019,2019-08-31 12:30:00,2019-10-20 16:30:00,1.3298163614940037,Weak Long,Normal,True,away,-0.034830183894382805,0.5104920000000002,0.4546032000000001
Manchester United,2019,2019-09-14 14:00:00,2019-10-27 16:30:00,0.4541875412168953,Neutral,Normal,False,home,-0.034830183894382805,0.1514200000000001,0.7370292
Manchester United,2019,2019-09-22 13:00:00,2019-11-02 12:30:00,1.8704416593177098,Strong Long,Normal,True,away,-0.034830183894382805,0.7321880000000001,0.609603
Manchester United,2019,2019-09-30 19:00:00,2019-11-10 14:00:00,1.8656522716655841,Strong Long,Normal,True,home,-0.034830183894382805,0.7302240000000001,0.713501
Manchester United,2019,2019-10-06 16:30:00,2019-11-24 16:30:00,1.7357213544708467,Strong Long,Normal,True,away,-0.034830183894382805,0.6769428000000002,0.1857902000000001
Manchester United,2019,2019-10-20 16:30:00,2019-12-01 16:30:00,1.1935265811415863,Weak Long,Normal,True,home,-0.034830183894382805,0.4546032000000001,0.1970258
Manchester United,2019,2019-10-27 16:30:00,2019-12-04 19:30:00,1.8822473535648956,Strong Long,Normal,True,away,-0.034830183894382805,0.7370292,-0.2100721999999998
Manchester United,2019,2019-11-02 12:30:00,2019-12-07 17:30:00,1.5715072981487261,Strong Long,Normal,True,away,-0.034830183894382805,0.609603,-0.4115279999999998
Manchester United,2019,2019-11-10 14:00:00,2019-12-15 14:00:00,1.824871757558402,Strong Long,Normal,True,home,-0.034830183894382805,0.713501,-0.4454719999999998
Manchester United,2019,2019-11-24 16:30:00,2019-12-22 14:00:00,0.5380023128467865,Weak Long,Normal,False,away,-0.034830183894382805,0.1857902000000001,0.1945780000000001
Manchester United,2019,2019-12-01 16:30:00,2019-12-26 17:30:00,0.5654013168713424,Weak Long,Normal,True,home,-0.034830183894382805,0.1970258,-0.1757539999999998
Manchester United,2019,2019-12-04 19:30:00,2019-12-28 19:45:00,-0.4273431507484389,Neutral,Break,True,home,-0.034830183894382805,-0.2100721999999998,-0.0500359999999997
Manchester United,2019,2019-12-07 17:30:00,2020-01-01 20:00:00,-0.9186109312826524,Weak Short,Break,True,away,-0.034830183894382805,-0.4115279999999998,0.1663066000000002
Manchester United,2019,2019-12-15 14:00:00,2020-01-11 15:00:00,-1.0013863765289712,Weak Short,Break,True,home,-0.034830183894382805,-0.4454719999999998,-0.1034353999999998
Manchester United,2019,2019-12-22 14:00:00,2020-01-19 16:30:00,0.5594321401427916,Weak Long,Break,True,away,-0.034830183894382805,0.1945780000000001,-0.1259153999999998
Manchester United,2019,2019-12-26 17:30:00,2020-01-22 20:15:00,-0.3436551857162619,Neutral,Break,False,home,-0.034830183894382805,-0.1757539999999998,0.5580086000000002
Manchester United,2019,2019-12-28 19:45:00,2020-02-01 17:30:00,-0.037080727035001274,Neutral,Break,False,away,-0.034830183894382805,-0.0500359999999997,0.7741406000000002
Manchester United,2019,2020-01-01 20:00:00,2020-02-17 20:00:00,0.4904898315540346,Neutral,Break,False,away,-0.034830183894382805,0.1663066000000002,0.3673908000000001
Manchester United,2019,2020-01-11 15:00:00,2020-02-23 14:00:00,-0.16729988538069662,Neutral,Break,False,home,-0.034830183894382805,-0.1034353999999998,0.4413188000000002
Manchester United,2019,2020-01-19 16:30:00,2020-03-01 14:00:00,-0.22211935300788388,Neutral,Break,False,away,-0.034830183894382805,-0.1259153999999998,0.1827408000000001
Manchester United,2019,2020-01-22 20:15:00,2020-03-08 16:30:00,1.4456897918967622,Weak Long,Normal,True,home,-0.034830183894382805,0.5580086000000002,-0.1526791999999999
Manchester United,2019,2020-02-01 17:30:00,2020-06-19 19:15:00,1.972746783765056,Strong Long,Normal,True,home,-0.034830183894382805,0.7741406000000002,-0.2352811999999999
Manchester United,2019,2020-02-17 20:00:00,2020-06-24 17:00:00,0.9808514326322753,Weak Long,Normal,True,away,-0.034830183894382805,0.3673908000000001,-0.0033239999999999
Manchester United,2019,2020-02-23 14:00:00,2020-06-30 19:15:00,1.1611313971670933,Weak Long,Normal,True,home,-0.034830183894382805,0.4413188000000002,-0.2623579999999999
Manchester United,2019,2020-03-01 14:00:00,2020-07-04 14:00:00,0.5305660813262194,Weak Long,Normal,False,away,-0.034830183894382805,0.1827408000000001,-0.7609619999999999
Manchester United,2019,2020-03-08 16:30:00,2020-07-09 19:15:00,-0.28738524569829854,Neutral,Break,False,home,-0.034830183894382805,-0.1526791999999999,-0.7356799999999999
Manchester United,2019,2020-06-19 19:15:00,2020-07-13 19:00:00,-0.488817526167201,Neutral,Break,False,away,-0.034830183894382805,-0.2352811999999999,-0.9896339999999996
Manchester United,2019,2020-06-24 17:00:00,2020-07-16 19:15:00,0.07683061512697215,Neutral,Break,False,home,-0.034830183894382805,-0.0033239999999999,-0.977058
Manchester United,2019,2020-06-30 19:15:00,2020-07-22 17:00:00,-0.5548466970323178,Weak Short,Break,False,away,-0.034830183894382805,-0.2623579999999999,-0.6220317999999999
Manchester United,2019,2020-07-04 14:00:00,2020-07-26 15:00:00,-1.77073663639113,Strong Short,Break,True,home,-0.034830183894382805,-0.7609619999999999,-0.2665117999999998
Manchester United,2019,2020-07-09 19:15:00,2020-09-19 16:30:00,-1.709084244017885,Strong Short,Break,True,away,-0.034830183894382805,-0.7356799999999999,-0.2200997999999998
Manchester United,2019,2020-07-13 19:00:00,2020-09-26 11:30:00,-2.32837352701587,Strong Short,Break,True,home,-0.034830183894382805,-0.9896339999999996,-0.4055937999999998
Manchester United,2019,2020-07-16 19:15:00,2020-10-04 15:30:00,-2.297705839076391,Strong Short,Break,True,away,-0.034830183894382805,-0.977058,-0.4118027999999998
Manchester United,2019,2020-07-22 17:00:00,2020-10-17 19:00:00,-1.4319430598191254,Weak Short,Break,False,home,-0.034830183894382805,-0.6220317999999999,-0.7651769999999998
Manchester United,2019,2020-07-26 15:00:00,2020-10-24 16:30:00,-0.5649761056012592,Weak Short,Break,False,away,-0.034830183894382805,-0.2665117999999998,-0.5175295999999998
Manchester United,2020,2020-09-19 16:30:00,2020-11-01 16:30:00,-0.44633764873843407,Neutral,Break,False,home,-0.03280272252327935,-0.2200997999999998,-0.4581809999999998
Manchester United,2020,2020-09-26 11:30:00,2020-11-07 12:30:00,-0.8883784799701846,Weak Short,Break,False,away,-0.03280272252327935,-0.4055937999999998,-0.4540629999999998
Manchester United,2020,2020-10-04 15:30:00,2020-11-21 20:00:00,-0.9031748158145674,Weak Short,Break,True,home,-0.03280272252327935,-0.4118027999999998,-0.1427619999999997
Manchester United,2020,2020-10-17 19:00:00,2020-11-29 14:00:00,-1.7452819734792622,Strong Short,Break,True,away,-0.03280272252327935,-0.7651769999999998,0.1088740000000002
Manchester United,2020,2020-10-24 16:30:00,2020-12-05 17:30:00,-1.1551266986542983,Weak Short,Break,True,home,-0.03280272252327935,-0.5175295999999998,-0.2633953999999997
Manchester United,2020,2020-11-01 16:30:00,2020-12-12 17:30:00,-1.0136962239411502,Weak Short,Break,True,home,-0.03280272252327935,-0.4581809999999998,-0.2238945999999997
Manchester United,2020,2020-11-07 12:30:00,2020-12-17 20:00:00,-1.0038828383706608,Weak Short,Break,True,away,-0.03280272252327935,-0.4540629999999998,-0.1858445999999997
Manchester United,2020,2020-11-21 20:00:00,2020-12-20 16:30:00,-0.2620380735627684,Neutral,Break,False,home,-0.03280272252327935,-0.1427619999999997,-0.7163465999999998
Manchester United,2020,2020-11-29 14:00:00,2020-12-26 12:30:00,0.33762222061296093,Neutral,Break,False,away,-0.03280272252327935,0.1088740000000002,-0.5945946
Manchester United,2020,2020-12-05 17:30:00,2020-12-29 20:00:00,-0.5495130776616195,Weak Short,Break,True,away,-0.03280272252327935,-0.2633953999999997,-0.2555965999999999
Manchester United,2020,2020-12-12 17:30:00,2021-01-01 20:00:00,-0.4553808336735706,Neutral,Break,False,home,-0.03280272252327935,-0.2238945999999997,-0.2809739999999999
Manchester United,2020,2020-12-17 20:00:00,2021-01-12 22:15:00,-0.36470591357713555,Neutral,Break,True,away,-0.03280272252327935,-0.1858445999999997,0.0096840000000001
Manchester United,2020,2020-12-20 16:30:00,2021-01-17 16:30:00,-1.6289168586756628,Strong Short,Break,True,home,-0.03280272252327935,-0.7163465999999998,0.4920560000000001
Manchester United,2020,2020-12-26 12:30:00,2021-01-20 20:15:00,-1.3387761787392334,Weak Short,Break,True,away,-0.03280272252327935,-0.5945946,0.4120120000000001
Manchester United,2020,2020-12-29 20:00:00,2021-01-27 20:15:00,-0.5309281744593051,Weak Short,Break,False,home,-0.03280272252327935,-0.2555965999999999,0.3142180000000001
Manchester United,2020,2021-01-01 20:00:00,2021-01-30 17:30:00,-0.5914036992229127,Weak Short,Break,False,home,-0.03280272252327935,-0.2809739999999999,0.5239360000000002
Manchester United,2020,2021-01-12 22:15:00,2021-02-02 20:15:00,0.10124783626695844,Neutral,Break,False,away,-0.03280272252327935,0.0096840000000001,-0.3175559999999998
Manchester United,2020,2021-01-17 16:30:00,2021-02-06 20:00:00,1.250762752344686,Weak Long,Normal,False,away,-0.03280272252327935,0.4920560000000001,-0.8118759999999998
Manchester United,2020,2021-01-20 20:15:00,2021-02-14 14:00:00,1.0600141766758544,Weak Long,Normal,False,away,-0.03280272252327935,0.4120120000000001,-0.8639009999999999
Manchester United,2020,2021-01-27 20:15:00,2021-02-21 19:00:00,0.826966525272155,Weak Long,Normal,False,home,-0.03280272252327935,0.3142180000000001,-1.117401
Manchester United,2020,2021-01-30 17:30:00,2021-02-28 16:30:00,1.326734275411029,Weak Long,Normal,False,away,-0.03280272252327935,0.5239360000000002,-1.3481569999999998
Manchester United,2020,2021-02-02 20:15:00,2021-03-03 20:15:00,-0.6785803070275848,Weak Short,Break,False,home,-0.03280272252327935,-0.3175559999999998,-0.4378537999999997
Manchester United,2020,2021-02-06 20:00:00,2021-03-07 16:30:00,-1.856567862929549,Strong Short,Break,True,home,-0.03280272252327935,-0.8118759999999998,-0.1585697999999996
Manchester United,2020,2021-02-14 14:00:00,2021-03-14 19:15:00,-1.980545858146817,Strong Short,Break,True,away,-0.03280272252327935,-0.8639009999999999,0.0969092000000002
Manchester United,2020,2021-02-21 19:00:00,2021-04-04 18:30:00,-2.5846481510363377,Strong Short,Break,True,home,-0.03280272252327935,-1.117401,0.2987372000000002
Manchester United,2020,2021-02-28 16:30:00,2021-04-11 15:30:00,-3.1345504338687404,Strong Short,Break,True,away,-0.03280272252327935,-1.3481569999999998,0.0463032000000003
Manchester United,2020,2021-03-03 20:15:00,2021-04-18 15:00:00,-0.9652555607142315,Weak Short,Break,True,away,-0.03280272252327935,-0.4378537999999997,-0.0955899999999996
Manchester United,2020,2021-03-07 16:30:00,2021-04-25 13:00:00,-0.2997087963459594,Neutral,Break,False,away,-0.03280272252327935,-0.1585697999999996,0.1048580000000003
Manchester United,2020,2021-03-14 19:15:00,2021-05-09 13:05:00,0.3091095456071836,Neutral,Break,False,home,-0.03280272252327935,0.0969092000000002,-0.2578119999999996
Manchester United,2020,2021-04-04 18:30:00,2021-05-11 17:00:00,0.7900750587010937,Weak Long,Break,True,home,-0.03280272252327935,0.2987372000000002,-0.3621851999999996
Manchester United,2020,2021-04-11 15:30:00,2021-05-13 19:15:00,0.1885130934021855,Neutral,Break,False,away,-0.03280272252327935,0.0463032000000003,-0.2390031999999997
Manchester United,2020,2021-04-18 15:00:00,2021-05-18 17:00:00,-0.14962500310839158,Neutral,Break,False,home,-0.03280272252327935,-0.0955899999999996,-0.2294271999999997
Manchester United,2020,2021-04-25 13:00:00,2021-05-23 15:00:00,0.3280519057875398,Neutral,Break,False,away,-0.03280272252327935,0.1048580000000003,-0.4422391999999996
Manchester United,2020,2021-05-09 13:05:00,2021-08-14 11:30:00,-0.53620757572032,Weak Short,Break,False,away,-0.03280272252327935,-0.2578119999999996,-0.8913291999999998
Manchester United,2020,2021-05-11 17:00:00,2021-08-22 13:00:00,-0.7849337667902075,Weak Short,Break,False,home,-0.03280272252327935,-0.3621851999999996,-0.4815579999999998
Manchester United,2020,2021-05-13 19:15:00,2021-08-29 15:30:00,-0.491385330329786,Neutral,Break,False,home,-0.03280272252327935,-0.2390031999999997,-0.4353973999999997
Manchester United,2020,2021-05-18 17:00:00,2021-09-11 14:00:00,-0.46856527685163984,Neutral,Break,False,home,-0.03280272252327935,-0.2294271999999997,-0.6652313999999997
Manchester United,2020,2021-05-23 15:00:00,2021-09-19 13:00:00,-0.9757061729242419,Weak Short,Break,False,away,-0.03280272252327935,-0.4422391999999996,-0.6966093999999997
Manchester United,2021,2021-08-14 11:30:00,2021-09-25 11:30:00,-1.927919930096214,Strong Short,Break,True,home,-0.07526501385522515,-0.8913291999999998,0.3599146000000003
Manchester United,2021,2021-08-22 13:00:00,2021-10-02 11:30:00,-0.9598513925078116,Weak Short,Break,True,away,-0.07526501385522515,-0.4815579999999998,0.1174886000000003
Manchester United,2021,2021-08-29 15:30:00,2021-10-16 14:00:00,-0.8507987686625943,Weak Short,Break,True,away,-0.07526501385522515,-0.4353973999999997,-0.0663399999999997
Manchester United,2021,2021-09-11 14:00:00,2021-10-24 15:30:00,-1.393772663040952,Weak Short,Break,True,home,-0.07526501385522515,-0.6652313999999997,0.4501760000000002
Manchester United,2021,2021-09-19 13:00:00,2021-10-30 16:30:00,-1.467901968791207,Weak Short,Break,True,away,-0.07526501385522515,-0.6966093999999997,0.1483200000000002
Manchester United,2021,2021-09-25 11:30:00,2021-11-06 12:30:00,1.0280949280308467,Weak Long,Break,True,home,-0.07526501385522515,0.3599146000000003,-0.0847877999999997
Manchester United,2021,2021-10-02 11:30:00,2021-11-20 15:00:00,0.4553729229377459,Neutral,Break,True,home,-0.07526501385522515,0.1174886000000003,0.0388802000000002
Manchester United,2021,2021-10-16 14:00:00,2021-11-28 16:30:00,0.021084998435186075,Neutral,Break,False,away,-0.07526501385522515,-0.0663399999999997,0.1465656000000002
Manchester United,2021,2021-10-24 15:30:00,2021-12-02 20:15:00,1.2413339782585877,Weak Long,Break,True,home,-0.07526501385522515,0.4501760000000002,-0.3534083999999998
Manchester United,2021,2021-10-30 16:30:00,2021-12-05 14:00:00,0.5282109074271463,Weak Long,Break,True,away,-0.07526501385522515,0.1483200000000002,-0.0565571999999997
Manchester United,2021,2021-11-06 12:30:00,2021-12-11 17:30:00,-0.022497212241707094,Neutral,Break,False,home,-0.07526501385522515,-0.0847877999999997,0.0111646000000002
Manchester United,2021,2021-11-20 15:00:00,2021-12-27 20:00:00,0.26966363241131497,Neutral,Break,True,away,-0.07526501385522515,0.0388802000000002,0.0287506000000002
Manchester United,2021,2021-11-28 16:30:00,2021-12-30 20:15:00,0.5240662055975763,Weak Long,Break,True,away,-0.07526501385522515,0.1465656000000002,-0.1223707999999997
Manchester United,2021,2021-12-02 20:15:00,2022-01-03 17:30:00,-0.6571029419955776,Weak Short,Break,False,home,-0.07526501385522515,-0.3534083999999998,0.2601856000000003
Manchester United,2021,2021-12-05 14:00:00,2022-01-15 17:30:00,0.04419648330654802,Neutral,Break,False,home,-0.07526501385522515,-0.0565571999999997,0.1568664000000002
Manchester United,2021,2021-12-11 17:30:00,2022-01-19 20:00:00,0.20418660435179023,Neutral,Break,False,away,-0.07526501385522515,0.0111646000000002,-0.2508295999999997
Manchester United,2021,2021-12-27 20:00:00,2022-01-22 15:00:00,0.24573284601550313,Neutral,Break,False,away,-0.07526501385522515,0.0287506000000002,-0.2502895999999998
Manchester United,2021,2021-12-30 20:15:00,2022-02-08 20:00:00,-0.11128558938530554,Neutral,Break,False,home,-0.07526501385522515,-0.1223707999999997,0.1549324000000001
Manchester United,2021,2022-01-03 17:30:00,2022-02-12 12:30:00,0.7924890406840693,Weak Long,Break,False,home,-0.07526501385522515,0.2601856000000003,0.3995960000000002
Manchester United,2021,2022-01-15 17:30:00,2022-02-15 20:15:00,0.548401445341098,Weak Long,Break,False,away,-0.07526501385522515,0.1568664000000002,0.6787120000000002
Manchester United,2021,2022-01-19 20:00:00,2022-02-20 14:00:00,-0.4147645128830063,Neutral,Break,False,away,-0.07526501385522515,-0.2508295999999997,0.5887720000000002
Manchester United,2021,2022-01-22 15:00:00,2022-02-26 15:00:00,-0.413488783865697,Neutral,Break,False,home,-0.07526501385522515,-0.2502895999999998,0.9199720000000002
Manchester United,2021,2022-02-08 20:00:00,2022-03-06 16:30:00,0.5438324454902153,Weak Long,Break,False,away,-0.07526501385522515,0.1549324000000001,0.6255544000000002
Manchester United,2021,2022-02-12 12:30:00,2022-03-12 17:30:00,1.1218406936372638,Weak Long,Normal,True,home,-0.07526501385522515,0.3995960000000002,-0.1692395999999998
Manchester United,2021,2022-02-15 20:15:00,2022-04-02 16:30:00,1.7812413980731159,Strong Long,Normal,True,home,-0.07526501385522515,0.6787120000000002,-0.3386861999999998
Manchester United,2021,2022-02-20 14:00:00,2022-04-09 11:30:00,1.568761642856788,Strong Long,Normal,True,away,-0.07526501385522515,0.5887720000000002,0.0917872000000002
Manchester United,2021,2022-02-26 15:00:00,2022-04-16 14:00:00,2.3512087734732856,Strong Long,Normal,True,home,-0.07526501385522515,0.9199720000000002,-0.6576527999999997
Manchester United,2021,2022-03-06 16:30:00,2022-04-19 19:00:00,1.655658633609168,Strong Long,Normal,True,away,-0.07526501385522515,0.6255544000000002,-0.5079637999999997
Manchester United,2021,2022-03-12 17:30:00,2022-04-23 11:30:00,-0.2220113082121128,Neutral,Break,False,home,-0.07526501385522515,-0.1692395999999998,0.0969042000000003
Manchester United,2021,2022-04-02 16:30:00,2022-04-28 18:45:00,-0.6223223165536629,Weak Short,Break,True,home,-0.07526501385522515,-0.3386861999999998,0.0401700000000003
Manchester United,2021,2022-04-09 11:30:00,2022-05-02 19:00:00,0.3946543641127854,Neutral,Break,False,away,-0.07526501385522515,0.0917872000000002,-0.3440793999999997
Manchester United,2021,2022-04-16 14:00:00,2022-05-07 16:30:00,-1.3758685150213559,Weak Short,Break,True,home,-0.07526501385522515,-0.6576527999999997,0.1085896000000003
Manchester United,2021,2022-04-19 19:00:00,2022-05-22 15:00:00,-1.0222340689620175,Weak Short,Break,True,away,-0.07526501385522515,-0.5079637999999997,0.2429452000000003
Manchester United,2021,2022-04-23 11:30:00,2022-08-07 13:00:00,0.4067430777823648,Neutral,Break,False,away,-0.07526501385522515,0.0969042000000003,0.1186632000000002
Manchester United,2021,2022-04-28 18:45:00,2022-08-13 16:30:00,0.2727107347937704,Neutral,Break,False,home,-0.07526501385522515,0.0401700000000003,0.3741796000000003
Manchester United,2021,2022-05-02 19:00:00,2022-08-22 19:00:00,-0.635063541990984,Weak Short,Break,False,home,-0.07526501385522515,-0.3440793999999997,0.6094856000000003
Manchester United,2021,2022-05-07 16:30:00,2022-08-27 11:30:00,0.4343493812247139,Neutral,Break,False,away,-0.07526501385522515,0.1085896000000003,0.4920606000000004
Manchester United,2021,2022-05-22 15:00:00,2022-09-01 19:00:00,0.7517592655914345,Weak Long,Normal,False,away,-0.07526501385522515,0.2429452000000003,0.3555976000000003
Manchester United,2022,2022-08-07 13:00:00,2022-09-04 15:30:00,0.42481819576263546,Neutral,Normal,True,home,-0.0572468117769869,0.1186632000000002,0.0771996000000003
Manchester United,2022,2022-08-13 16:30:00,2022-10-02 13:00:00,1.0418837904905662,Weak Long,Normal,True,away,-0.0572468117769869,0.3741796000000003,-0.3593379999999996
Manchester United,2022,2022-08-22 19:00:00,2022-10-09 18:00:00,1.6101417842359795,Strong Long,Normal,True,home,-0.0572468117769869,0.6094856000000003,-0.3976419999999997
Manchester United,2022,2022-08-27 11:30:00,2022-10-16 13:00:00,1.326563401553196,Weak Long,Normal,True,away,-0.0572468117769869,0.4920606000000004,-0.1831479999999997
Manchester United,2022,2022-09-01 19:00:00,2022-10-19 19:15:00,0.9970087340118651,Weak Long,Normal,True,away,-0.0572468117769869,0.3555976000000003,-0.2611399999999997
Manchester United,2022,2022-09-04 15:30:00,2022-10-22 15:30:00,0.32468465837105903,Neutral,Break,True,home,-0.0572468117769869,0.0771996000000003,-0.1207609999999997
Manchester United,2022,2022-10-02 13:00:00,2022-10-30 16:15:00,-0.7295425214307208,Weak Short,Break,False,away,-0.0572468117769869,-0.3593379999999996,0.2868490000000003
Manchester United,2022,2022-10-09 18:00:00,2022-11-06 14:00:00,-0.822045705337737,Weak Short,Break,True,away,-0.0572468117769869,-0.3976419999999997,0.2250628000000002
Manchester United,2022,2022-10-16 13:00:00,2022-11-13 16:30:00,-0.30404816124439193,Neutral,Break,False,home,-0.0572468117769869,-0.1831479999999997,0.2171788000000002
Manchester United,2022,2022-10-19 19:15:00,2022-12-27 20:00:00,-0.4923968537902355,Neutral,Break,True,home,-0.0572468117769869,-0.2611399999999997,0.1025688000000003
Manchester United,2022,2022-10-22 15:30:00,2022-12-31 12:30:00,-0.15338514603953066,Neutral,Break,False,away,-0.0572468117769869,-0.1207609999999997,0.4458378000000003
Manchester United,2022,2022-10-30 16:15:00,2023-01-03 20:00:00,0.8309826169183534,Weak Long,Normal,False,home,-0.0572468117769869,0.2868490000000003,0.2903238000000003
Manchester United,2022,2022-11-06 14:00:00,2023-01-14 12:30:00,0.6817705184034285,Weak Long,Normal,False,away,-0.0572468117769869,0.2250628000000002,0.3833420000000003
Manchester United,2022,2022-11-13 16:30:00,2023-01-18 15:30:00,0.6627308593097851,Weak Long,Normal,True,away,-0.0572468117769869,0.2171788000000002,0.1868880000000003
Manchester United,2022,2022-12-27 20:00:00,2023-01-22 16:30:00,0.3859506298929333,Neutral,Normal,True,home,-0.0572468117769869,0.1025688000000003,0.0140012000000003
Manchester United,2022,2022-12-31 12:30:00,2023-02-04 15:00:00,1.2149365174393376,Weak Long,Normal,True,away,-0.0572468117769869,0.4458378000000003,-0.2613847999999997
Manchester United,2022,2023-01-03 20:00:00,2023-02-08 19:00:00,0.8393741703707369,Weak Long,Normal,True,home,-0.0572468117769869,0.2903238000000003,-0.2561367999999997
Manchester United,2022,2023-01-14 12:30:00,2023-02-12 14:00:00,1.0640107530070044,Weak Long,Normal,True,home,-0.0572468117769869,0.3833420000000003,-0.3918427999999997
Manchester United,2022,2023-01-18 15:30:00,2023-02-19 14:00:00,0.5895793492040357,Weak Long,Normal,True,away,-0.0572468117769869,0.1868880000000003,-0.2213907999999998
Manchester United,2022,2023-01-22 16:30:00,2023-03-05 16:30:00,0.17206213284293775,Neutral,Break,False,away,-0.0572468117769869,0.0140012000000003,0.2916684000000001
Manchester United,2022,2023-02-04 15:00:00,2023-03-12 14:00:00,-0.49298803955204723,Neutral,Break,False,home,-0.0572468117769869,-0.2613847999999997,0.4597806000000002
Manchester United,2022,2023-02-08 19:00:00,2023-04-02 15:30:00,-0.48031425328575605,Neutral,Break,False,home,-0.0572468117769869,-0.2561367999999997,0.5265920000000002
Manchester United,2022,2023-02-12 14:00:00,2023-04-05 19:00:00,-0.8080407851175625,Weak Short,Break,False,away,-0.0572468117769869,-0.3918427999999997,0.6947420000000002
Manchester United,2022,2023-02-19 14:00:00,2023-04-08 11:30:00,-0.39640354871095523,Neutral,Break,False,home,-0.0572468117769869,-0.2213907999999998,0.9225720000000004
Manchester United,2022,2023-03-05 16:30:00,2023-04-16 15:30:00,0.8426213451065702,Weak Long,Normal,False,away,-0.0572468117769869,0.2916684000000001,1.0225576000000005
Manchester United,2022,2023-03-12 14:00:00,2023-04-27 19:15:00,1.2486080241378217,Weak Long,Normal,False,home,-0.0572468117769869,0.4597806000000002,0.8333914000000003
Manchester United,2022,2023-04-02 15:30:00,2023-04-30 13:00:00,1.409955852596604,Weak Long,Normal,False,away,-0.0572468117769869,0.5265920000000002,0.8276860000000003
Manchester United,2022,2023-04-05 19:00:00,2023-05-04 19:00:00,1.816033817664606,Strong Long,Normal,False,home,-0.0572468117769869,0.6947420000000002,1.0629960000000005
Manchester United,2022,2023-04-08 11:30:00,2023-05-07 18:00:00,2.366237461919396,Strong Long,Normal,True,home,-0.0572468117769869,0.9225720000000004,0.8246800000000004
Manchester United,2022,2023-04-16 15:30:00,2023-05-13 14:00:00,2.607700138006837,Strong Long,Normal,True,away,-0.0572468117769869,1.0225576000000005,0.7774220000000003
Manchester United,2022,2023-04-27 19:15:00,2023-05-20 14:00:00,2.1508685854903535,Strong Long,Normal,False,away,-0.0572468117769869,0.8333914000000003,0.9279720000000002
Manchester United,2022,2023-04-30 13:00:00,2023-05-25 19:00:00,2.1370901898798924,Strong Long,Normal,False,home,-0.0572468117769869,0.8276860000000003,1.0513140000000003
Manchester United,2022,2023-05-04 19:00:00,2023-05-28 15:30:00,2.705357843523375,Strong Long,Normal,True,away,-0.0572468117769869,1.0629960000000005,0.9366360000000004
Manchester United,2022,2023-05-07 18:00:00,2023-08-14 19:00:00,2.129830776481175,Strong Long,Normal,False,away,-0.0572468117769869,0.8246800000000004,0.8919700000000003
Manchester United,2022,2023-05-13 14:00:00,2023-08-19 16:30:00,2.0157039107471064,Strong Long,Normal,False,home,-0.0572468117769869,0.7774220000000003,1.1609420000000004
Manchester United,2022,2023-05-20 14:00:00,2023-08-26 14:00:00,2.3792783243123017,Strong Long,Normal,False,away,-0.0572468117769869,0.9279720000000002,1.0229820000000005
Manchester United,2022,2023-05-25 19:00:00,2023-09-03 15:30:00,2.677146111213387,Strong Long,Normal,True,home,-0.0572468117769869,1.0513140000000003,0.8317418000000003
Manchester United,2022,2023-05-28 15:30:00,2023-09-16 14:00:00,2.4002016635293653,Strong Long,Normal,True,home,-0.0572468117769869,0.9366360000000004,0.6262000000000003
Manchester United,2023,2023-08-14 19:00:00,2023-09-23 19:00:00,2.0105545933200397,Strong Long,Normal,True,home,0.002351287448655033,0.8919700000000003,0.4000806000000003
Manchester United,2023,2023-08-19 16:30:00,2023-09-30 14:00:00,2.6184362424408882,Strong Long,Normal,True,away,0.002351287448655033,1.1609420000000004,0.2216886000000003
Manchester United,2023,2023-08-26 14:00:00,2023-10-07 14:00:00,2.3066441142167156,Strong Long,Normal,True,home,0.002351287448655033,1.0229820000000005,0.0747946000000003
Manchester United,2023,2023-09-03 15:30:00,2023-10-21 19:00:00,1.8744377575914872,Strong Long,Normal,True,away,0.002351287448655033,0.8317418000000003,-0.0260531999999997
Manchester United,2023,2023-09-16 14:00:00,2023-10-29 15:30:00,1.409909522878329,Weak Long,Normal,True,home,0.002351287448655033,0.6262000000000003,0.1728822000000003
Manchester United,2023,2023-09-23 19:00:00,2023-11-04 12:30:00,0.8988755350646651,Weak Long,Normal,True,away,0.002351287448655033,0.4000806000000003,0.1442466000000003
Manchester United,2023,2023-09-30 14:00:00,2023-11-11 15:00:00,0.4957063458926829,Neutral,Normal,True,home,0.002351287448655033,0.2216886000000003,0.1816406000000003
Manchester United,2023,2023-10-07 14:00:00,2023-11-26 16:30:00,0.16372321394601969,Neutral,Normal,False,home,0.002351287448655033,0.0747946000000003,0.1375966000000003
Manchester United,2023,2023-10-21 19:00:00,2023-12-02 20:00:00,-0.06419466216825796,Neutral,Normal,False,away,0.002351287448655033,-0.0260531999999997,0.3297574000000003
Manchester United,2023,2023-10-29 15:30:00,2023-12-06 20:15:00,0.38540298747748813,Neutral,Normal,False,home,0.002351287448655033,0.1728822000000003,0.5947298000000003
Manchester United,2023,2023-11-04 12:30:00,2023-12-09 15:00:00,0.32068600670787284,Neutral,Normal,False,away,0.002351287448655033,0.1442466000000003,0.8779028000000002
Manchester United,2023,2023-11-11 15:00:00,2023-12-17 16:30:00,0.405197131981972,Neutral,Normal,False,home,0.002351287448655033,0.1816406000000003,0.6562358000000003
Manchester United,2023,2023-11-26 16:30:00,2023-12-23 12:30:00,0.3056568848414568,Neutral,Normal,False,away,0.002351287448655033,0.1375966000000003,0.9876670000000004
Manchester United,2023,2023-12-02 20:00:00,2023-12-26 20:00:00,0.7399438143373952,Weak Long,Normal,False,away,0.002351287448655033,0.3297574000000003,0.5433402000000003
Manchester United,2023,2023-12-06 20:15:00,2023-12-30 17:30:00,1.3387862941624666,Weak Long,Normal,True,home,0.002351287448655033,0.5947298000000003,0.0658232000000003
Manchester United,2023,2023-12-09 15:00:00,2024-01-14 16:30:00,1.9787624635276717,Strong Long,Normal,True,home,0.002351287448655033,0.8779028000000002,-0.3721221999999997
Manchester United,2023,2023-12-17 16:30:00,2024-02-01 20:15:00,1.4777909813076968,Weak Long,Normal,False,away,0.002351287448655033,0.6562358000000003,-0.6532691999999997
Manchester United,2023,2023-12-23 12:30:00,2024-02-04 14:00:00,2.2268315670419065,Strong Long,Normal,False,away,0.002351287448655033,0.9876670000000004,-1.2059263999999996
Manchester United,2023,2023-12-26 20:00:00,2024-02-11 16:30:00,1.2226448564081251,Weak Long,Normal,False,home,0.002351287448655033,0.5433402000000003,-0.7569523999999997
Manchester United,2023,2023-12-30 17:30:00,2024-02-18 16:30:00,0.14344768553814538,Neutral,Break,False,away,0.002351287448655033,0.0658232000000003,-0.3693873999999996
Manchester United,2023,2024-01-14 16:30:00,2024-02-24 15:00:00,-0.8463169441515234,Weak Short,Break,True,home,0.002351287448655033,-0.3721221999999997,0.0380380000000003
Manchester United,2023,2024-02-01 20:15:00,2024-03-03 15:30:00,-1.4817143163887045,Weak Short,Break,True,away,0.002351287448655033,-0.6532691999999997,0.0233948000000002
Manchester United,2023,2024-02-04 14:00:00,2024-03-09 12:30:00,-2.730729716261221,Strong Short,Break,True,home,0.002351287448655033,-1.2059263999999996,0.6102728000000003
Manchester United,2023,2024-02-11 16:30:00,2024-03-30 20:00:00,-1.7160402484638901,Strong Short,Break,True,away,0.002351287448655033,-0.7569523999999997,0.5190038000000003
Manchester United,2023,2024-02-18 16:30:00,2024-04-04 19:15:00,-0.8401362460341887,Weak Short,Break,True,away,0.002351287448655033,-0.3693873999999996,-0.0855701999999996
Manchester United,2023,2024-02-24 15:00:00,2024-04-07 14:30:00,0.08065262435277071,Neutral,Break,False,home,0.002351287448655033,0.0380380000000003,-0.5147403999999997
Manchester United,2023,2024-03-03 15:30:00,2024-04-13 16:30:00,0.04755872400475504,Neutral,Break,False,away,0.002351287448655033,0.0233948000000002,-0.4409451999999996
Manchester United,2023,2024-03-09 12:30:00,2024-04-24 19:00:00,1.373913759000016,Weak Long,Normal,False,home,0.002351287448655033,0.6102728000000003,-0.7186431999999996
Manchester United,2023,2024-03-30 20:00:00,2024-04-27 14:00:00,1.1676441464246896,Weak Long,Normal,True,away,0.002351287448655033,0.5190038000000003,-0.3041621999999996
Manchester United,2023,2024-04-04 19:15:00,2024-05-06 19:00:00,-0.19870417286351796,Neutral,Break,True,away,0.002351287448655033,-0.0855701999999996,0.0507492000000004
Manchester United,2023,2024-04-07 14:30:00,2024-05-12 15:30:00,-1.1686366897408298,Weak Short,Break,True,home,0.002351287448655033,-0.5147403999999997,0.3981812000000003
Manchester United,2023,2024-04-13 16:30:00,2024-05-15 19:00:00,-1.0018581853864628,Weak Short,Break,True,away,0.002351287448655033,-0.4409451999999996,0.1930452000000004
Manchester United,2023,2024-04-24 19:00:00,2024-05-19 15:00:00,-1.6294607544180397,Strong Short,Break,True,home,0.002351287448655033,-0.7186431999999996,0.0912312000000003
Manchester United,2023,2024-04-27 14:00:00,2024-08-16 19:00:00,-0.6927260987317291,Weak Short,Break,True,home,0.002351287448655033,-0.3041621999999996,-0.1126267999999997
Manchester United,2023,2024-05-06 19:00:00,2024-08-24 11:30:00,0.1093801692953855,Neutral,Break,False,away,0.002351287448655033,0.0507492000000004,-0.1237981999999997
Manchester United,2023,2024-05-12 15:30:00,2024-09-01 15:00:00,0.8945828562566845,Weak Long,Break,True,home,0.002351287448655033,0.3981812000000003,0.0660420000000003
Manchester United,2023,2024-05-15 19:00:00,2024-09-14 11:30:00,0.4309717369801268,Neutral,Break,False,home,0.002351287448655033,0.1930452000000004,0.3720160000000003
Manchester United,2023,2024-05-19 15:00:00,2024-09-21 16:30:00,0.20087023115948333,Neutral,Break,False,away,0.002351287448655033,0.0912312000000003,1.0413200000000002
Manchester United,2024,2024-08-16 19:00:00,2024-09-29 15:30:00,-0.2743339275472729,Neutral,Break,False,home,0.01078091190863039,-0.1126267999999997,0.9529282000000004
Manchester United,2024,2024-08-24 11:30:00,2024-10-06 13:00:00,-0.2991678215625082,Neutral,Break,False,away,0.01078091190863039,-0.1237981999999997,0.9855236000000004
Manchester United,2024,2024-09-01 15:00:00,2024-10-19 14:00:00,0.12284476474100463,Neutral,Break,False,home,0.01078091190863039,0.0660420000000003,0.6384596000000002
Manchester United,2024,2024-09-14 11:30:00,2024-10-27 14:00:00,0.8030214558824543,Weak Long,Normal,False,away,0.01078091190863039,0.3720160000000003,0.9582696000000004
Manchester United,2024,2024-09-21 16:30:00,2024-11-03 16:30:00,2.2908765680414507,Strong Long,Normal,True,away,0.01078091190863039,1.0413200000000002,0.7202576000000003
Manchester United,2024,2024-09-29 15:30:00,2024-11-10 14:00:00,2.0943826108815724,Strong Long,Normal,True,home,0.01078091190863039,0.9529282000000004,0.2474934000000002
Manchester United,2024,2024-10-06 13:00:00,2024-11-24 16:30:00,2.166841811069928,Strong Long,Normal,True,away,0.01078091190863039,0.9855236000000004,0.2116100000000003
Manchester United,2024,2024-10-19 14:00:00,2024-12-01 13:30:00,1.3953225214102962,Weak Long,Normal,True,home,0.01078091190863039,0.6384596000000002,-0.1891779999999996
Manchester United,2024,2024-10-27 14:00:00,2024-12-04 20:15:00,2.106256481792378,Strong Long,Normal,True,away,0.01078091190863039,0.9582696000000004,-0.4631573999999998
Manchester United,2024,2024-11-03 16:30:00,2024-12-07 17:30:00,1.5771585368298688,Strong Long,Normal,False,home,0.01078091190863039,0.7202576000000003,-0.8013173999999996
Manchester United,2024,2024-11-10 14:00:00,2024-12-15 16:30:00,0.526209144900703,Weak Long,Normal,False,home,0.01078091190863039,0.2474934000000002,-0.4393733999999997
Manchester United,2024,2024-11-24 16:30:00,2024-12-22 14:00:00,0.44644075844007236,Neutral,Normal,True,away,0.01078091190863039,0.2116100000000003,-0.0361313999999996
Manchester United,2024,2024-12-01 13:30:00,2024-12-26 17:30:00,-0.44450636677056404,Neutral,Break,False,home,0.01078091190863039,-0.1891779999999996,0.4833218000000003
Manchester United,2024,2024-12-04 20:15:00,2024-12-30 20:00:00,-1.0535594292298573,Weak Short,Break,False,away,0.01078091190863039,-0.4631573999999998,0.6322512000000003
Manchester United,2024,2024-12-07 17:30:00,2025-01-05 16:30:00,-1.8052852290572692,Strong Short,Break,True,home,0.01078091190863039,-0.8013173999999996,0.6732492000000002
Manchester United,2024,2024-12-15 16:30:00,2025-01-16 20:00:00,-1.0006878701362472,Weak Short,Break,False,away,0.01078091190863039,-0.4393733999999997,0.6856192000000003
Manchester United,2024,2024-12-22 14:00:00,2025-01-19 14:00:00,-0.1042855310837116,Neutral,Break,False,home,0.01078091190863039,-0.0361313999999996,0.2921992000000002
Manchester United,2024,2024-12-26 17:30:00,2025-01-26 19:00:00,1.0504529721186442,Weak Long,Normal,True,away,0.01078091190863039,0.4833218000000003,0.0608216000000002
Manchester United,2024,2024-12-30 20:00:00,2025-02-02 14:00:00,1.3815213194477685,Weak Long,Normal,True,home,0.01078091190863039,0.6322512000000003,0.1620876000000003
Manchester United,2024,2025-01-05 16:30:00,2025-02-16 16:30:00,1.4726594030215918,Weak Long,Normal,True,away,0.01078091190863039,0.6732492000000002,0.5124536000000003
Manchester United,2024,2025-01-16 20:00:00,2025-02-22 12:30:00,1.500157771083649,Strong Long,Normal,True,home,0.01078091190863039,0.6856192000000003,0.2198966000000002
Manchester United,2024,2025-01-19 14:00:00,2025-02-26 19:30:00,0.6255896253298618,Weak Long,Normal,True,home,0.01078091190863039,0.2921992000000002,-0.1633453999999997
Manchester United,2024,2025-01-26 19:00:00,2025-03-09 16:30:00,0.11123987544179982,Neutral,Normal,True,away,0.01078091190863039,0.0608216000000002,0.0584710000000002
Manchester United,2024,2025-02-02 14:00:00,2025-03-16 19:00:00,0.3363530314783589,Neutral,Normal,False,home,0.01078091190863039,0.1620876000000003,-0.6151569999999997
Manchester United,2024,2025-02-16 16:30:00,2025-04-01 20:00:00,1.1152126292496243,Weak Long,Normal,False,away,0.01078091190863039,0.5124536000000003,-0.5270849999999998
Manchester United,2024,2025-02-22 12:30:00,2025-04-06 15:30:00,0.46486177515656674,Neutral,Normal,True,away,0.01078091190863039,0.2198966000000002,-0.0095879999999997
Manchester United,2024,2025-02-26 19:30:00,2025-04-13 15:30:00,-0.3870807933833464,Neutral,Break,False,home,0.01078091190863039,-0.1633453999999997,0.2673216000000002
Manchester United,2024,2025-03-09 16:30:00,2025-04-20 13:00:00,0.10601451861345138,Neutral,Break,False,home,0.01078091190863039,0.0584710000000002,0.4330396000000003
Manchester United,2024,2025-03-16 19:00:00,2025-04-27 13:00:00,-1.391452795930374,Weak Short,Break,False,away,0.01078091190863039,-0.6151569999999997,0.9873336
Manchester United,2024,2025-04-01 20:00:00,2025-05-04 13:00:00,-1.1956697505009921,Weak Short,Break,True,away,0.01078091190863039,-0.5270849999999998,0.2407656000000002
Manchester United,2024,2025-04-06 15:30:00,2025-05-11 13:15:00,-0.04527985745247533,Neutral,Break,False,home,0.01078091190863039,-0.0095879999999997,0.4567056000000002
Manchester United,2024,2025-04-13 15:30:00,2025-05-16 19:15:00,0.5702870059846217,Weak Long,Normal,False,away,0.01078091190863039,0.2673216000000002,0.5669184000000003
Manchester United,2024,2025-04-20 13:00:00,2025-05-25 15:00:00,0.9386762184751561,Weak Long,Normal,False,home,0.01078091190863039,0.4330396000000003,0.5315044000000002
Liverpool,2017,2017-08-12 12:30:00,2017-09-23 17:30:00,0.2307065648005078,Neutral,Break,False,away,-0.30387961663999835,-0.2017919999999999,0.4182472
Liverpool,2017,2017-08-19 15:00:00,2017-10-01 16:30:00,1.2671318122308004,Weak Long,Normal,True,home,-0.30387961663999835,0.2568260000000001,0.1772412
Liverpool,2017,2017-08-27 16:00:00,2017-10-14 12:30:00,0.40851454108538,Neutral,Normal,False,home,-0.30387961663999835,-0.1231119999999998,0.6706492000000001
Liverpool,2017,2017-09-09 12:30:00,2017-10-22 16:00:00,1.0302395200032148,Weak Long,Normal,False,away,-0.30387961663999835,0.1520012000000001,0.4711662
Liverpool,2017,2017-09-16 15:00:00,2017-10-28 15:00:00,1.9421946642583907,Strong Long,Normal,True,home,-0.30387961663999835,0.5555412000000001,0.0622262
Liverpool,2017,2017-09-23 17:30:00,2017-11-04 17:30:00,1.631925621349707,Strong Long,Normal,True,away,-0.30387961663999835,0.4182472,0.0518822000000001
Liverpool,2017,2017-10-01 16:30:00,2017-11-18 15:00:00,1.0872790894164093,Weak Long,Normal,True,away,-0.30387961663999835,0.1772412,-0.2645137999999999
Liverpool,2017,2017-10-14 12:30:00,2017-11-25 17:30:00,2.2023258352573616,Strong Long,Normal,True,home,-0.30387961663999835,0.6706492000000001,-0.5491817999999998
Liverpool,2017,2017-10-22 16:00:00,2017-11-29 20:00:00,1.7515166266498994,Strong Long,Normal,True,away,-0.30387961663999835,0.4711662,-0.565222
Liverpool,2017,2017-10-28 15:00:00,2017-12-02 15:00:00,0.8273580879877801,Weak Long,Normal,False,home,-0.30387961663999835,0.0622262,-1.038604
Liverpool,2017,2017-11-04 17:30:00,2017-12-10 14:15:00,0.8039818080349241,Weak Long,Normal,True,away,-0.30387961663999835,0.0518822000000001,-0.6349259999999999
Liverpool,2017,2017-11-18 15:00:00,2017-12-13 20:00:00,0.08896233085357731,Neutral,Break,False,home,-0.30387961663999835,-0.2645137999999999,-0.0196499999999999
Liverpool,2017,2017-11-25 17:30:00,2017-12-17 16:30:00,-0.5543554245234172,Weak Short,Break,True,home,-0.30387961663999835,-0.5491817999999998,-0.2703039999999999
Liverpool,2017,2017-11-29 20:00:00,2017-12-22 19:45:00,-0.5906044776653165,Weak Short,Break,True,away,-0.30387961663999835,-0.565222,-0.3759239999999998
Liverpool,2017,2017-12-02 15:00:00,2017-12-26 17:30:00,-1.660394709359334,Strong Short,Break,True,away,-0.30387961663999835,-1.038604,-0.1182119999999999
Liverpool,2017,2017-12-10 14:15:00,2017-12-30 15:00:00,-0.7481277005804245,Weak Short,Break,True,home,-0.30387961663999835,-0.6349259999999999,-0.1841359999999999
Liverpool,2017,2017-12-13 20:00:00,2018-01-01 15:00:00,0.6423270581467097,Weak Long,Break,False,home,-0.30387961663999835,-0.0196499999999999,-0.6869379999999999
Liverpool,2017,2017-12-17 16:30:00,2018-01-14 16:00:00,0.07587712820633964,Neutral,Break,False,away,-0.30387961663999835,-0.2703039999999999,-1.13383
Liverpool,2017,2017-12-22 19:45:00,2018-01-22 20:00:00,-0.16281222684206112,Neutral,Break,False,away,-0.30387961663999835,-0.3759239999999998,-0.5063739999999999
Liverpool,2017,2017-12-26 17:30:00,2018-01-30 20:00:00,0.4195879915657544,Neutral,Break,True,home,-0.30387961663999835,-0.1182119999999999,-0.3089219999999999
Liverpool,2017,2017-12-30 15:00:00,2018-02-04 16:30:00,0.27060714473550646,Neutral,Break,False,home,-0.30387961663999835,-0.1841359999999999,-0.5642119999999998
Liverpool,2017,2018-01-01 15:00:00,2018-02-11 16:30:00,-0.8656689875978213,Weak Short,Break,True,away,-0.30387961663999835,-0.6869379999999999,-0.4180899999999999
Liverpool,2017,2018-01-14 16:00:00,2018-02-24 15:00:00,-1.8755947900622216,Strong Short,Break,True,home,-0.30387961663999835,-1.13383,0.1628200000000001
Liverpool,2017,2018-01-22 20:00:00,2018-03-03 17:30:00,-0.45761459728387055,Neutral,Break,True,away,-0.30387961663999835,-0.5063739999999999,-0.3626599999999999
Liverpool,2017,2018-01-30 20:00:00,2018-03-10 12:30:00,-0.011395220906131064,Neutral,Break,False,away,-0.30387961663999835,-0.3089219999999999,-0.2175382
Liverpool,2017,2018-02-04 16:30:00,2018-03-17 17:30:00,-0.5883219909336471,Weak Short,Break,False,home,-0.30387961663999835,-0.5642119999999998,-0.7130462
Liverpool,2017,2018-02-11 16:30:00,2018-03-31 12:30:00,-0.2581026580574644,Neutral,Break,False,away,-0.30387961663999835,-0.4180899999999999,-0.8401222
Liverpool,2017,2018-02-24 15:00:00,2018-04-07 11:30:00,1.0546887947087407,Weak Long,Break,True,home,-0.30387961663999835,0.1628200000000001,-0.634758
Liverpool,2017,2018-03-03 17:30:00,2018-04-14 16:30:00,-0.1328370743580433,Neutral,Break,False,home,-0.30387961663999835,-0.3626599999999999,-0.6205879999999999
Liverpool,2017,2018-03-10 12:30:00,2018-04-21 00:00:00,0.19512191868743117,Neutral,Break,False,away,-0.30387961663999835,-0.2175382,-0.6481458
Liverpool,2017,2018-03-17 17:30:00,2018-04-28 11:30:00,-0.9246705916451103,Weak Short,Break,False,home,-0.30387961663999835,-0.7130462,0.4127542
Liverpool,2017,2018-03-31 12:30:00,2018-05-06 16:30:00,-1.2118481004704333,Weak Short,Break,False,away,-0.30387961663999835,-0.8401222,0.5540806
Liverpool,2017,2018-04-07 11:30:00,2018-05-13 15:00:00,-0.7477480394210978,Weak Short,Break,False,away,-0.30387961663999835,-0.634758,0.2665783999999999
Liverpool,2017,2018-04-14 16:30:00,2018-08-12 15:30:00,-0.7157254285421367,Weak Short,Break,False,home,-0.30387961663999835,-0.6205879999999999,0.4073804
Liverpool,2017,2018-04-21 00:00:00,2018-08-20 22:00:00,-0.7780029660213342,Weak Short,Break,False,away,-0.30387961663999835,-0.6481458,0.6438864
Liverpool,2017,2018-04-28 11:30:00,2018-08-25 19:30:00,1.619512057372422,Strong Long,Normal,True,home,-0.30387961663999835,0.4127542,0.3833943999999999
Liverpool,2017,2018-05-06 16:30:00,2018-09-01 11:30:00,1.938893872060098,Strong Long,Normal,True,away,-0.30387961663999835,0.5540806,0.143438
Liverpool,2017,2018-05-13 15:00:00,2018-09-15 11:30:00,1.2891711425297399,Weak Long,Normal,False,home,-0.30387961663999835,0.2665783999999999,0.443506
Liverpool,2018,2018-08-12 15:30:00,2018-09-22 14:00:00,1.503135781577578,Strong Long,Normal,True,home,-0.2551061472487568,0.4073804,0.1304499999999999
Liverpool,2018,2018-08-20 22:00:00,2018-09-29 16:30:00,2.039751404391576,Strong Long,Normal,True,away,-0.2551061472487568,0.6438864,0.1142259999999999
Liverpool,2018,2018-08-25 19:30:00,2018-10-07 15:30:00,1.448713220083085,Weak Long,Normal,True,home,-0.2551061472487568,0.3833943999999999,0.0382007999999999
Liverpool,2018,2018-09-01 11:30:00,2018-10-20 16:30:00,0.9042688802599737,Weak Long,Normal,True,away,-0.2551061472487568,0.143438,0.1255205999999999
Liverpool,2018,2018-09-15 11:30:00,2018-10-27 14:00:00,1.5851022489971334,Strong Long,Normal,True,away,-0.2551061472487568,0.443506,-0.4161574
Liverpool,2018,2018-09-22 14:00:00,2018-11-03 17:30:00,0.8748000138924893,Weak Long,Normal,True,home,-0.2551061472487568,0.1304499999999999,-0.1328274
Liverpool,2018,2018-09-29 16:30:00,2018-11-11 12:00:00,0.8379888891661216,Weak Long,Normal,True,away,-0.2551061472487568,0.1142259999999999,-0.2361354
Liverpool,2018,2018-10-07 15:30:00,2018-11-24 15:00:00,0.665493011482009,Weak Long,Normal,False,home,-0.2551061472487568,0.0382007999999999,-0.6323062
Liverpool,2018,2018-10-20 16:30:00,2018-12-02 16:15:00,0.8636155490116857,Weak Long,Normal,True,away,-0.2551061472487568,0.1255205999999999,-0.149922
Liverpool,2018,2018-10-27 14:00:00,2018-12-05 19:45:00,-0.365414062645696,Neutral,Break,False,home,-0.2551061472487568,-0.4161574,0.13752
Liverpool,2018,2018-11-03 17:30:00,2018-12-08 12:30:00,0.2774419512054961,Neutral,Break,True,away,-0.2551061472487568,-0.1328274,-0.340358
Liverpool,2018,2018-11-11 12:00:00,2018-12-16 16:00:00,0.04304330270749397,Neutral,Break,False,home,-0.2551061472487568,-0.2361354,-0.4643219999999999
Liverpool,2018,2018-11-24 15:00:00,2018-12-21 20:00:00,-0.8558406181347673,Weak Short,Break,True,away,-0.2551061472487568,-0.6323062,-0.1222379999999999
Liverpool,2018,2018-12-02 16:15:00,2018-12-26 15:00:00,0.23865549578467732,Neutral,Break,False,home,-0.2551061472487568,-0.149922,-0.6874100000000001
Liverpool,2018,2018-12-05 19:45:00,2018-12-29 17:30:00,0.8908413509126706,Weak Long,Break,False,away,-0.2551061472487568,0.13752,-0.894144
Liverpool,2018,2018-12-08 12:30:00,2019-01-03 20:00:00,-0.19343050941690956,Neutral,Break,False,away,-0.2551061472487568,-0.340358,-0.379362
Liverpool,2018,2018-12-16 16:00:00,2019-01-12 15:00:00,-0.474696181604991,Neutral,Break,True,home,-0.2551061472487568,-0.4643219999999999,-0.0469319999999999
Liverpool,2018,2018-12-21 20:00:00,2019-01-19 15:00:00,0.3014685614235312,Neutral,Break,True,away,-0.2551061472487568,-0.1222379999999999,-0.313664
Liverpool,2018,2018-12-26 15:00:00,2019-01-30 20:00:00,-0.9808672980347191,Weak Short,Break,True,home,-0.2551061472487568,-0.6874100000000001,-0.2483728
Liverpool,2018,2018-12-29 17:30:00,2019-02-04 20:00:00,-1.4499323288027717,Weak Short,Break,True,home,-0.2551061472487568,-0.894144,0.0355172
Liverpool,2018,2019-01-03 20:00:00,2019-02-09 15:00:00,-0.28192786573022577,Neutral,Break,True,away,-0.2551061472487568,-0.379362,-0.1344968
Liverpool,2018,2019-01-12 15:00:00,2019-02-24 14:05:00,0.4723326244563123,Neutral,Break,True,away,-0.2551061472487568,-0.0469319999999999,-0.311693
Liverpool,2018,2019-01-19 15:00:00,2019-02-27 20:00:00,-0.1328636847469356,Neutral,Break,False,home,-0.2551061472487568,-0.313664,-0.5291410000000001
Liverpool,2018,2019-01-30 20:00:00,2019-03-03 16:15:00,0.015277495401869493,Neutral,Break,False,home,-0.2551061472487568,-0.2483728,-0.2821538
Liverpool,2018,2019-02-04 20:00:00,2019-03-10 12:00:00,0.6594041102051552,Weak Long,Break,True,away,-0.2551061472487568,0.0355172,-0.2824218000000001
Liverpool,2018,2019-02-09 15:00:00,2019-03-17 14:15:00,0.27365419901009436,Neutral,Break,False,home,-0.2551061472487568,-0.1344968,-0.0415538
Liverpool,2018,2019-02-24 14:05:00,2019-03-31 15:30:00,-0.1283916231816206,Neutral,Break,True,away,-0.2551061472487568,-0.311693,-0.2990376
Liverpool,2018,2019-02-27 20:00:00,2019-04-05 20:00:00,-0.621765972879549,Weak Short,Break,True,home,-0.2551061472487568,-0.5291410000000001,-0.0462616
Liverpool,2018,2019-03-03 16:15:00,2019-04-14 16:30:00,-0.06136923810290276,Neutral,Break,False,away,-0.2551061472487568,-0.2821538,-0.346838
Liverpool,2018,2019-03-10 12:00:00,2019-04-21 16:00:00,-0.06197731141569062,Neutral,Break,False,home,-0.2551061472487568,-0.2824218000000001,-0.2867119999999999
Liverpool,2018,2019-03-17 14:15:00,2019-04-26 20:00:00,0.4845353852430077,Neutral,Break,False,away,-0.2551061472487568,-0.0415538,-0.715742
Liverpool,2018,2019-03-31 15:30:00,2019-05-04 18:45:00,-0.0996774030224692,Neutral,Break,False,home,-0.2551061472487568,-0.2990376,-0.8382
Liverpool,2018,2019-04-05 20:00:00,2019-05-12 14:00:00,0.4738537153103898,Neutral,Break,False,away,-0.2551061472487568,-0.0462616,-0.699114
Liverpool,2018,2019-04-14 16:30:00,2019-08-09 20:00:00,-0.20813317757684927,Neutral,Break,False,home,-0.2551061472487568,-0.346838,-0.91388
Liverpool,2018,2019-04-21 16:00:00,2019-08-17 15:00:00,-0.07171147606688978,Neutral,Break,False,away,-0.2551061472487568,-0.2867119999999999,-1.094644
Liverpool,2018,2019-04-26 20:00:00,2019-08-24 17:30:00,-1.0451506304895664,Weak Short,Break,False,home,-0.2551061472487568,-0.715742,-0.854846
Liverpool,2018,2019-05-04 18:45:00,2019-08-31 17:30:00,-1.322999293688625,Weak Short,Break,False,away,-0.2551061472487568,-0.8382,-0.910894
Liverpool,2018,2019-05-12 14:00:00,2019-09-14 11:30:00,-1.0074228579334743,Weak Short,Break,False,home,-0.2551061472487568,-0.699114,-0.8647260000000001
Liverpool,2019,2019-08-09 20:00:00,2019-09-22 15:30:00,-1.5844219347850552,Strong Short,Break,True,home,-0.25653188550368744,-0.91388,-0.7056320000000001
Liverpool,2019,2019-08-17 15:00:00,2019-09-28 11:30:00,-2.0201217417875323,Strong Short,Break,True,away,-0.25653188550368744,-1.094644,-0.4155180000000001
Liverpool,2019,2019-08-24 17:30:00,2019-10-05 15:00:00,-1.4421308679432934,Weak Short,Break,True,home,-0.25653188550368744,-0.854846,-0.023426
Liverpool,2019,2019-08-31 17:30:00,2019-10-20 16:30:00,-1.5772247073298684,Strong Short,Break,True,away,-0.25653188550368744,-0.910894,0.3428839999999999
Liverpool,2019,2019-09-14 11:30:00,2019-10-27 16:30:00,-1.4659448690341328,Weak Short,Break,False,home,-0.25653188550368744,-0.8647260000000001,0.394024
Liverpool,2019,2019-09-22 15:30:00,2019-11-02 15:00:00,-1.082476783047697,Weak Short,Break,False,away,-0.25653188550368744,-0.7056320000000001,0.665666
Liverpool,2019,2019-09-28 11:30:00,2019-11-10 16:30:00,-0.3832080469679648,Neutral,Break,False,away,-0.25653188550368744,-0.4155180000000001,0.137888
Liverpool,2019,2019-10-05 15:00:00,2019-11-23 15:00:00,0.5618607096827808,Weak Long,Normal,True,home,-0.25653188550368744,-0.023426,-0.283264
Liverpool,2019,2019-10-20 16:30:00,2019-11-30 15:00:00,1.444786493041621,Weak Long,Normal,True,away,-0.25653188550368744,0.3428839999999999,-0.416024
Liverpool,2019,2019-10-27 16:30:00,2019-12-04 20:15:00,1.5680504622506823,Strong Long,Normal,False,home,-0.25653188550368744,0.394024,-0.970932
Liverpool,2019,2019-11-02 15:00:00,2019-12-07 15:00:00,2.222795693456934,Strong Long,Normal,True,away,-0.25653188550368744,0.665666,-1.0396880000000002
Liverpool,2019,2019-11-10 16:30:00,2019-12-14 12:30:00,0.9506797149426646,Weak Long,Normal,False,home,-0.25653188550368744,0.137888,-0.7927200000000001
Liverpool,2019,2019-11-23 15:00:00,2019-12-26 20:00:00,-0.0644330570623106,Neutral,Break,False,away,-0.25653188550368744,-0.283264,-0.767356
Liverpool,2019,2019-11-30 15:00:00,2019-12-29 16:30:00,-0.3844276709104711,Neutral,Break,False,home,-0.25653188550368744,-0.416024,-0.542772
Liverpool,2019,2019-12-04 20:15:00,2020-01-02 20:00:00,-1.721935739464667,Strong Short,Break,True,home,-0.25653188550368744,-0.970932,0.1837339999999999
Liverpool,2019,2019-12-07 15:00:00,2020-01-11 17:30:00,-1.887659976205735,Strong Short,Break,True,away,-0.25653188550368744,-1.0396880000000002,0.32397
Liverpool,2019,2019-12-14 12:30:00,2020-01-19 16:30:00,-1.2923870793026577,Weak Short,Break,False,home,-0.25653188550368744,-0.7927200000000001,0.411932
Liverpool,2019,2019-12-26 20:00:00,2020-01-23 20:00:00,-1.231251621441519,Weak Short,Break,False,away,-0.25653188550368744,-0.767356,0.376034
Liverpool,2019,2019-12-29 16:30:00,2020-01-29 19:45:00,-0.689931416888376,Weak Short,Break,False,home,-0.25653188550368744,-0.542772,0.397638
Liverpool,2019,2020-01-02 20:00:00,2020-02-01 15:00:00,1.0611834289113504,Weak Long,Normal,True,home,-0.25653188550368744,0.1837339999999999,0.132238
Liverpool,2019,2020-01-11 17:30:00,2020-02-15 17:30:00,1.3991976249614457,Weak Long,Normal,True,away,-0.25653188550368744,0.32397,0.197772
Liverpool,2019,2020-01-19 16:30:00,2020-02-24 20:00:00,1.6112145443898271,Strong Long,Normal,True,home,-0.25653188550368744,0.411932,0.09288
Liverpool,2019,2020-01-23 20:00:00,2020-02-29 17:30:00,1.5246887335437795,Strong Long,Normal,True,away,-0.25653188550368744,0.376034,0.2160382
Liverpool,2019,2020-01-29 19:45:00,2020-03-07 12:30:00,1.5767613731760157,Strong Long,Normal,True,away,-0.25653188550368744,0.397638,0.0750922
Liverpool,2019,2020-02-01 15:00:00,2020-06-21 18:00:00,0.9370613843593403,Weak Long,Normal,False,home,-0.25653188550368744,0.132238,0.2630168
Liverpool,2019,2020-02-15 17:30:00,2020-06-24 19:15:00,1.0950195571819177,Weak Long,Normal,True,away,-0.25653188550368744,0.197772,-0.2381872
Liverpool,2019,2020-02-24 20:00:00,2020-07-02 19:15:00,0.8421958524835051,Weak Long,Normal,True,home,-0.25653188550368744,0.09288,0.0293159999999999
Liverpool,2019,2020-02-29 17:30:00,2020-07-05 15:30:00,1.1390470173768052,Weak Long,Normal,True,away,-0.25653188550368744,0.2160382,-0.1951502
Liverpool,2019,2020-03-07 12:30:00,2020-07-08 19:15:00,0.7993214912888055,Weak Long,Normal,True,home,-0.25653188550368744,0.0750922,-0.2508082
Liverpool,2019,2020-06-21 18:00:00,2020-07-11 14:00:00,1.2522806643045485,Weak Long,Normal,True,away,-0.25653188550368744,0.2630168,-0.1473348
Liverpool,2019,2020-06-24 19:15:00,2020-07-15 19:15:00,0.04421663568784584,Neutral,Break,False,home,-0.25653188550368744,-0.2381872,0.3838671999999999
Liverpool,2019,2020-07-02 19:15:00,2020-07-22 19:15:00,0.6889860179351132,Weak Long,Break,True,away,-0.25653188550368744,0.0293159999999999,-0.489696
Liverpool,2019,2020-07-05 15:30:00,2020-07-26 15:00:00,0.14794974954882265,Neutral,Break,False,home,-0.25653188550368744,-0.1951502,-0.7928000000000001
Liverpool,2019,2020-07-08 19:15:00,2020-09-12 16:30:00,0.013795936521096584,Neutral,Break,False,away,-0.25653188550368744,-0.2508082,-0.8852240000000002
Liverpool,2019,2020-07-11 14:00:00,2020-09-20 15:30:00,0.2632003555972961,Neutral,Break,False,home,-0.25653188550368744,-0.1473348,-1.0701
Liverpool,2019,2020-07-15 19:15:00,2020-09-28 19:15:00,1.54356928347746,Strong Long,Break,False,away,-0.25653188550368744,0.3838671999999999,-1.367092
Liverpool,2019,2020-07-22 19:15:00,2020-10-04 18:15:00,-0.5620010604210292,Weak Short,Break,False,home,-0.25653188550368744,-0.489696,-0.72604
Liverpool,2019,2020-07-26 15:00:00,2020-10-17 11:30:00,-1.2925799052224214,Weak Short,Break,True,away,-0.25653188550368744,-0.7928000000000001,-0.140692
Liverpool,2020,2020-09-12 16:30:00,2020-10-24 19:00:00,-1.47410094815245,Weak Short,Break,True,home,-0.25114435084178455,-0.8852240000000002,0.109056
Liverpool,2020,2020-09-20 15:30:00,2020-10-31 17:30:00,-1.9038985094721186,Strong Short,Break,True,away,-0.25114435084178455,-1.0701,-0.028762
Liverpool,2020,2020-09-28 19:15:00,2020-11-08 16:30:00,-2.5943420355731326,Strong Short,Break,True,home,-0.25114435084178455,-1.367092,0.0611479999999999
Liverpool,2020,2020-10-04 18:15:00,2020-11-22 19:15:00,-1.1040318477764668,Weak Short,Break,False,away,-0.25114435084178455,-0.72604,0.284228
Liverpool,2020,2020-10-17 11:30:00,2020-11-28 12:30:00,0.2567783326869008,Neutral,Break,False,away,-0.25114435084178455,-0.140692,0.041462
Liverpool,2020,2020-10-24 19:00:00,2020-12-06 19:15:00,0.837389560452888,Weak Long,Break,True,home,-0.25114435084178455,0.109056,-0.5202019999999999
Liverpool,2020,2020-10-31 17:30:00,2020-12-13 16:30:00,0.5169918868448798,Weak Long,Break,True,home,-0.25114435084178455,-0.028762,-0.2679159999999999
Liverpool,2020,2020-11-08 16:30:00,2020-12-16 20:00:00,0.7260136026882094,Weak Long,Break,True,away,-0.25114435084178455,0.0611479999999999,-0.461928
Liverpool,2020,2020-11-22 19:15:00,2020-12-19 12:30:00,1.2446273761319866,Weak Long,Break,False,home,-0.25114435084178455,0.284228,-1.442614
Liverpool,2020,2020-11-28 12:30:00,2020-12-27 16:30:00,0.6802478202603174,Weak Long,Break,False,away,-0.25114435084178455,0.041462,-1.207862
Liverpool,2020,2020-12-06 19:15:00,2020-12-30 20:00:00,-0.6255020741610812,Weak Short,Break,True,home,-0.25114435084178455,-0.5202019999999999,-0.4626760000000001
Liverpool,2020,2020-12-13 16:30:00,2021-01-04 20:00:00,-0.03899053369561234,Neutral,Break,False,away,-0.25114435084178455,-0.2679159999999999,-0.3531579999999999
Liverpool,2020,2020-12-16 20:00:00,2021-01-17 16:30:00,-0.4900273609027764,Neutral,Break,False,home,-0.25114435084178455,-0.461928,0.0436859999999999
Liverpool,2020,2020-12-19 12:30:00,2021-01-21 20:00:00,-2.7699146973896154,Strong Short,Break,False,away,-0.25114435084178455,-1.442614,1.199696
Liverpool,2020,2020-12-27 16:30:00,2021-01-28 20:00:00,-2.2241659949354573,Strong Short,Break,False,home,-0.25114435084178455,-1.207862,1.026322
Liverpool,2020,2020-12-30 20:00:00,2021-01-31 16:30:00,-0.4917663025494322,Neutral,Break,False,away,-0.25114435084178455,-0.4626760000000001,0.573846
Liverpool,2020,2021-01-04 20:00:00,2021-02-03 20:15:00,-0.23716013776542796,Neutral,Break,False,away,-0.25114435084178455,-0.3531579999999999,0.518474
Liverpool,2020,2021-01-17 16:30:00,2021-02-07 16:30:00,0.6854181494343308,Weak Long,Normal,False,home,-0.25114435084178455,0.0436859999999999,0.3135199999999999
Liverpool,2020,2021-01-21 20:00:00,2021-02-13 12:30:00,3.372896669421514,Strong Long,Normal,True,home,-0.25114435084178455,1.199696,0.1203559999999999
Liverpool,2020,2021-01-28 20:00:00,2021-02-20 17:30:00,2.969838823101622,Strong Long,Normal,True,away,-0.25114435084178455,1.026322,0.510852
Liverpool,2020,2021-01-31 16:30:00,2021-02-28 19:15:00,1.917927913325997,Strong Long,Normal,False,away,-0.25114435084178455,0.573846,0.8603359999999999
Liverpool,2020,2021-02-03 20:15:00,2021-03-04 20:15:00,1.7891997357075247,Strong Long,Normal,False,home,-0.25114435084178455,0.518474,0.6907068
Liverpool,2020,2021-02-07 16:30:00,2021-03-07 14:00:00,1.3127250749472776,Weak Long,Normal,False,home,-0.25114435084178455,0.3135199999999999,0.7956036
Liverpool,2020,2021-02-13 12:30:00,2021-03-15 20:00:00,0.8636596682165363,Weak Long,Normal,False,away,-0.25114435084178455,0.1203559999999999,0.6699936
Liverpool,2020,2021-02-20 17:30:00,2021-04-03 19:00:00,1.7714801993026992,Strong Long,Normal,True,home,-0.25114435084178455,0.510852,0.2493655999999999
Liverpool,2020,2021-02-28 19:15:00,2021-04-10 14:00:00,2.5839565127249013,Strong Long,Normal,True,away,-0.25114435084178455,0.8603359999999999,0.1174475999999999
Liverpool,2020,2021-03-04 20:15:00,2021-04-19 19:00:00,2.1896045336221177,Strong Long,Normal,True,home,-0.25114435084178455,0.6907068,0.1881267999999999
Liverpool,2020,2021-03-07 14:00:00,2021-04-24 11:30:00,2.433467386724938,Strong Long,Normal,True,home,-0.25114435084178455,0.7956036,0.4171899999999999
Liverpool,2020,2021-03-15 20:00:00,2021-05-08 19:15:00,2.1414507286548607,Strong Long,Normal,True,away,-0.25114435084178455,0.6699936,0.4588839999999999
Liverpool,2020,2021-04-03 19:00:00,2021-05-13 19:15:00,1.163579676583366,Weak Long,Normal,False,away,-0.25114435084178455,0.2493655999999999,0.35902
Liverpool,2020,2021-04-10 14:00:00,2021-05-16 15:30:00,0.8568982539315986,Weak Long,Normal,False,home,-0.25114435084178455,0.1174475999999999,0.3455439999999999
Liverpool,2020,2021-04-19 19:00:00,2021-05-19 19:15:00,1.0212124309801347,Weak Long,Normal,True,away,-0.25114435084178455,0.1881267999999999,0.1720899999999999
Liverpool,2020,2021-04-24 11:30:00,2021-05-23 15:00:00,1.5537358777665191,Strong Long,Normal,True,home,-0.25114435084178455,0.4171899999999999,-0.1566300000000001
Liverpool,2020,2021-05-08 19:15:00,2021-08-14 16:30:00,1.6506656010494885,Strong Long,Normal,True,home,-0.25114435084178455,0.4588839999999999,-0.4519080000000001
Liverpool,2020,2021-05-13 19:15:00,2021-08-21 11:30:00,1.4185029424911717,Weak Long,Normal,True,away,-0.25114435084178455,0.35902,-0.1116180000000001
Liverpool,2020,2021-05-16 15:30:00,2021-08-28 16:30:00,1.3871740953917975,Weak Long,Normal,True,away,-0.25114435084178455,0.3455439999999999,0.0895979999999999
Liverpool,2020,2021-05-19 19:15:00,2021-09-12 15:30:00,0.9839302660080925,Weak Long,Normal,False,away,-0.25114435084178455,0.1720899999999999,0.423286
Liverpool,2020,2021-05-23 15:00:00,2021-09-18 14:00:00,0.21972585679866802,Neutral,Normal,False,home,-0.25114435084178455,-0.1566300000000001,0.336176
Liverpool,2021,2021-08-14 16:30:00,2021-09-25 16:30:00,-0.5397761759163527,Weak Short,Normal,False,away,-0.19693106307382624,-0.4519080000000001,0.430192
Liverpool,2021,2021-08-21 11:30:00,2021-10-03 15:30:00,0.18060440876279646,Neutral,Normal,False,home,-0.19693106307382624,-0.1116180000000001,0.0921755999999999
Liverpool,2021,2021-08-28 16:30:00,2021-10-16 11:30:00,0.6065707895756316,Weak Long,Normal,True,home,-0.19693106307382624,0.0895979999999999,-0.3936424
Liverpool,2021,2021-09-12 15:30:00,2021-10-24 15:30:00,1.3129751991686727,Weak Long,Normal,False,away,-0.19693106307382624,0.423286,-0.8644324000000001
Liverpool,2021,2021-09-18 14:00:00,2021-10-30 14:00:00,1.1285667454045283,Weak Long,Normal,False,home,-0.19693106307382624,0.336176,-0.9384624
Liverpool,2021,2021-09-25 16:30:00,2021-11-07 16:30:00,1.327594930332663,Weak Long,Normal,False,away,-0.19693106307382624,0.430192,-0.8986523999999999
Liverpool,2021,2021-10-03 15:30:00,2021-11-20 17:30:00,0.6120274676886205,Weak Long,Normal,False,home,-0.19693106307382624,0.0921755999999999,-0.693778
Liverpool,2021,2021-10-16 11:30:00,2021-11-27 15:00:00,-0.4164301857471397,Neutral,Break,False,away,-0.19693106307382624,-0.3936424,-0.6103280000000002
Liverpool,2021,2021-10-24 15:30:00,2021-12-01 20:15:00,-1.413074152543392,Weak Short,Break,True,away,-0.19693106307382624,-0.8644324000000001,-0.6477240000000002
Liverpool,2021,2021-10-30 14:00:00,2021-12-04 15:00:00,-1.5697927592723508,Strong Short,Break,True,home,-0.19693106307382624,-0.9384624,-0.2426160000000002
Liverpool,2021,2021-11-07 16:30:00,2021-12-11 15:00:00,-1.4855165505207653,Weak Short,Break,True,away,-0.19693106307382624,-0.8986523999999999,0.2084639999999998
Liverpool,2021,2021-11-20 17:30:00,2021-12-16 20:00:00,-1.0518054803812085,Weak Short,Break,True,home,-0.19693106307382624,-0.693778,0.2015399999999998
Liverpool,2021,2021-11-27 15:00:00,2021-12-19 16:30:00,-0.8751451030810384,Weak Short,Break,False,home,-0.19693106307382624,-0.6103280000000002,0.2968719999999998
Liverpool,2021,2021-12-01 20:15:00,2021-12-28 20:00:00,-0.9543109685036528,Weak Short,Break,False,away,-0.19693106307382624,-0.6477240000000002,1.070102
Liverpool,2021,2021-12-04 15:00:00,2022-01-02 16:30:00,-0.09671321982399496,Neutral,Break,False,away,-0.19693106307382624,-0.2426160000000002,0.7432319999999999
Liverpool,2021,2021-12-11 15:00:00,2022-01-16 14:00:00,0.8582054499490532,Weak Long,Normal,False,home,-0.19693106307382624,0.2084639999999998,0.4990679999999999
Liverpool,2021,2021-12-16 20:00:00,2022-01-23 14:00:00,0.8435476134909782,Weak Long,Normal,False,home,-0.19693106307382624,0.2015399999999998,0.2106379999999999
Liverpool,2021,2021-12-19 16:30:00,2022-02-10 19:45:00,1.0453617188088913,Weak Long,Normal,False,away,-0.19693106307382624,0.2968719999999998,0.4467439999999999
Liverpool,2021,2021-12-28 20:00:00,2022-02-13 14:00:00,2.6822593046664207,Strong Long,Normal,True,away,-0.19693106307382624,1.070102,0.0928239999999998
Liverpool,2021,2022-01-02 16:30:00,2022-02-19 15:00:00,1.9902883336885089,Strong Long,Normal,True,away,-0.19693106307382624,0.7432319999999999,0.1659279999999999
Liverpool,2021,2022-01-16 14:00:00,2022-02-23 19:45:00,1.4734027211885832,Weak Long,Normal,True,home,-0.19693106307382624,0.4990679999999999,-0.06621
Liverpool,2021,2022-01-23 14:00:00,2022-03-05 17:30:00,0.8628077226902228,Weak Long,Normal,False,away,-0.19693106307382624,0.2106379999999999,0.4721259999999999
Liverpool,2021,2022-02-10 19:45:00,2022-03-12 12:30:00,1.362634865204711,Weak Long,Normal,True,home,-0.19693106307382624,0.4467439999999999,0.422756
Liverpool,2021,2022-02-13 14:00:00,2022-03-16 20:15:00,0.6134001050599975,Weak Long,Normal,True,away,-0.19693106307382624,0.0928239999999998,0.086674
Liverpool,2021,2022-02-19 15:00:00,2022-04-02 11:30:00,0.7681584061043556,Weak Long,Normal,True,home,-0.19693106307382624,0.1659279999999999,0.103078
Liverpool,2021,2022-02-23 19:45:00,2022-04-10 15:30:00,0.2767313639748535,Neutral,Normal,False,home,-0.19693106307382624,-0.06621,0.0969839999999999
Liverpool,2021,2022-03-05 17:30:00,2022-04-19 19:00:00,1.416367563786292,Weak Long,Normal,True,home,-0.19693106307382624,0.4721259999999999,-0.4888120000000001
Liverpool,2021,2022-03-12 12:30:00,2022-04-24 15:30:00,1.3118532099539444,Weak Long,Normal,True,away,-0.19693106307382624,0.422756,-0.644642
Liverpool,2021,2022-03-16 20:15:00,2022-04-30 11:30:00,0.6003807962475828,Weak Long,Normal,True,away,-0.19693106307382624,0.086674,-0.153134
Liverpool,2021,2022-04-02 11:30:00,2022-05-07 18:45:00,0.63510742092382,Weak Long,Normal,True,home,-0.19693106307382624,0.103078,-0.190816
Liverpool,2021,2022-04-10 15:30:00,2022-05-10 19:00:00,0.6222066619152249,Weak Long,Normal,True,away,-0.19693106307382624,0.0969839999999999,-0.099948
Liverpool,2021,2022-04-19 19:00:00,2022-05-17 18:45:00,-0.6179004966339738,Weak Short,Break,True,home,-0.19693106307382624,-0.4888120000000001,0.0864739999999999
Liverpool,2021,2022-04-24 15:30:00,2022-05-22 15:00:00,-0.9477864953719674,Weak Short,Break,True,home,-0.19693106307382624,-0.644642,0.1844499999999999
Liverpool,2021,2022-04-30 11:30:00,2022-08-06 11:30:00,0.09271666491625533,Neutral,Break,False,away,-0.19693106307382624,-0.153134,-0.094198
Liverpool,2021,2022-05-07 18:45:00,2022-08-15 19:00:00,0.012945348709843993,Neutral,Break,False,home,-0.19693106307382624,-0.190816,0.1433739999999999
Liverpool,2021,2022-05-10 19:00:00,2022-08-22 19:00:00,0.20530934109464796,Neutral,Break,False,away,-0.19693106307382624,-0.099948,0.2971419999999999
Liverpool,2021,2022-05-17 18:45:00,2022-08-27 14:00:00,0.5999574040910812,Weak Long,Normal,True,away,-0.19693106307382624,0.0864739999999999,-0.369144
Liverpool,2021,2022-05-22 15:00:00,2022-08-31 19:00:00,0.8073687537179416,Weak Long,Normal,True,home,-0.19693106307382624,0.1844499999999999,-0.4556759999999999
Liverpool,2022,2022-08-06 11:30:00,2022-09-03 11:30:00,0.1538723224984432,Neutral,Normal,False,away,-0.1668584138693567,-0.094198,-0.246664
Liverpool,2022,2022-08-15 19:00:00,2022-10-01 14:00:00,0.6569764675742932,Weak Long,Normal,False,home,-0.1668584138693567,0.1433739999999999,-0.663556
Liverpool,2022,2022-08-22 19:00:00,2022-10-09 15:30:00,0.9826096153359121,Weak Long,Normal,False,away,-0.1668584138693567,0.2971419999999999,-1.0151278
Liverpool,2022,2022-08-27 14:00:00,2022-10-16 15:30:00,-0.4283784152653703,Neutral,Break,True,home,-0.1668584138693567,-0.369144,0.0126421999999998
Liverpool,2022,2022-08-31 19:00:00,2022-10-19 18:30:00,-0.6116264743030658,Weak Short,Break,False,home,-0.1668584138693567,-0.4556759999999999,0.3085361999999999
Liverpool,2022,2022-09-03 11:30:00,2022-10-22 11:30:00,-0.16900359125879486,Neutral,Break,False,away,-0.1668584138693567,-0.246664,0.4708061999999999
Liverpool,2022,2022-10-01 14:00:00,2022-10-29 18:45:00,-1.051852130855049,Weak Short,Break,False,home,-0.1668584138693567,-0.663556,0.8222842
Liverpool,2022,2022-10-09 15:30:00,2022-11-06 16:30:00,-1.7963726546195402,Strong Short,Break,False,away,-0.1668584138693567,-1.0151278,0.96235
Liverpool,2022,2022-10-16 15:30:00,2022-11-12 15:00:00,0.3801268789307363,Neutral,Normal,False,home,-0.1668584138693567,0.0126421999999998,0.7113459999999999
Liverpool,2022,2022-10-19 18:30:00,2022-12-26 17:30:00,1.006739012949365,Weak Long,Normal,False,home,-0.1668584138693567,0.3085361999999999,0.5646019999999999
Liverpool,2022,2022-10-22 11:30:00,2022-12-30 20:00:00,1.3503767716981157,Weak Long,Normal,True,away,-0.1668584138693567,0.4708061999999999,0.1300239999999999
Liverpool,2022,2022-10-29 18:45:00,2023-01-02 17:30:00,2.0946986560235823,Strong Long,Normal,True,home,-0.1668584138693567,0.8222842,0.1691679999999999
Liverpool,2022,2022-11-06 16:30:00,2023-01-14 15:00:00,2.3913147747722774,Strong Long,Normal,True,away,-0.1668584138693567,0.96235,0.5337780000000001
Liverpool,2022,2022-11-12 15:00:00,2023-01-21 12:30:00,1.859765800858606,Strong Long,Normal,False,home,-0.1668584138693567,0.7113459999999999,0.8451919999999999
Liverpool,2022,2022-12-26 17:30:00,2023-02-04 15:00:00,1.5490073164201597,Strong Long,Normal,False,away,-0.1668584138693567,0.5646019999999999,1.00419
Liverpool,2022,2022-12-30 20:00:00,2023-02-13 20:00:00,0.6287052894187756,Weak Long,Normal,False,home,-0.1668584138693567,0.1300239999999999,1.0458459999999998
Liverpool,2022,2023-01-02 17:30:00,2023-02-18 17:30:00,0.7116001956149985,Weak Long,Normal,False,away,-0.1668584138693567,0.1691679999999999,0.8580219999999998
Liverpool,2022,2023-01-14 15:00:00,2023-02-25 19:45:00,1.483731601404005,Weak Long,Normal,False,away,-0.1668584138693567,0.5337780000000001,0.870562
Liverpool,2022,2023-01-21 12:30:00,2023-03-01 20:00:00,2.1432103035854517,Strong Long,Normal,True,home,-0.1668584138693567,0.8451919999999999,0.7506939999999999
Liverpool,2022,2023-02-04 15:00:00,2023-03-05 16:30:00,2.479918976572041,Strong Long,Normal,True,away,-0.1668584138693567,1.00419,-0.2211540000000001
Liverpool,2022,2023-02-13 20:00:00,2023-03-11 12:30:00,2.568133523182246,Strong Long,Normal,True,home,-0.1668584138693567,1.0458459999999998,0.1591939999999999
Liverpool,2022,2023-02-18 17:30:00,2023-04-01 11:30:00,2.1703802822922147,Strong Long,Normal,True,away,-0.1668584138693567,0.8580219999999998,-0.0102698000000001
Liverpool,2022,2023-02-25 19:45:00,2023-04-04 19:00:00,2.196936130537173,Strong Long,Normal,True,away,-0.1668584138693567,0.870562,-0.2400724000000001
Liverpool,2022,2023-03-01 20:00:00,2023-04-09 15:30:00,1.94309271606934,Strong Long,Normal,True,home,-0.1668584138693567,0.7506939999999999,0.1475695999999998
Liverpool,2022,2023-03-05 16:30:00,2023-04-17 19:00:00,-0.11498128753240924,Neutral,Normal,False,home,-0.1668584138693567,-0.2211540000000001,0.1899835999999997
Liverpool,2022,2023-03-11 12:30:00,2023-04-22 14:00:00,0.6904783431113931,Weak Long,Normal,True,away,-0.1668584138693567,0.1591939999999999,-0.1714564000000002
Liverpool,2022,2023-04-01 11:30:00,2023-04-26 18:45:00,0.33160633706562664,Neutral,Normal,True,away,-0.1668584138693567,-0.0102698000000001,-0.0941906000000002
Liverpool,2022,2023-04-04 19:00:00,2023-04-30 15:30:00,-0.15504461763108654,Neutral,Normal,False,away,-0.1668584138693567,-0.2400724000000001,-0.4488120000000002
Liverpool,2022,2023-04-09 15:30:00,2023-05-03 19:00:00,0.6658614529727415,Weak Long,Normal,False,home,-0.1668584138693567,0.1475695999999998,-0.8420920000000001
Liverpool,2022,2023-04-17 19:00:00,2023-05-06 16:30:00,0.7556812095486304,Weak Long,Normal,True,away,-0.1668584138693567,0.1899835999999997,0.0253559999999998
Liverpool,2022,2023-04-22 14:00:00,2023-05-15 19:00:00,-0.009737114985469716,Neutral,Break,False,home,-0.1668584138693567,-0.1714564000000002,-0.285964
Liverpool,2022,2023-04-26 18:45:00,2023-05-20 14:00:00,0.15388799341367507,Neutral,Break,False,away,-0.1668584138693567,-0.0941906000000002,-0.2431624
Liverpool,2022,2023-04-30 15:30:00,2023-05-28 15:30:00,-0.5970906415795104,Weak Short,Break,True,home,-0.1668584138693567,-0.4488120000000002,0.0717055999999999
Liverpool,2022,2023-05-03 19:00:00,2023-08-13 15:30:00,-1.4299362554373314,Weak Short,Break,True,home,-0.1668584138693567,-0.8420920000000001,-0.0030504
Liverpool,2022,2023-05-06 16:30:00,2023-08-19 14:00:00,0.4070507819145279,Neutral,Break,True,home,-0.1668584138693567,0.0253559999999998,-0.1505544
Liverpool,2022,2023-05-15 19:00:00,2023-08-27 15:30:00,-0.25222885728964406,Neutral,Break,True,away,-0.1668584138693567,-0.285964,-0.1335002000000001
Liverpool,2022,2023-05-20 14:00:00,2023-09-03 13:00:00,-0.16158828358618363,Neutral,Break,True,home,-0.1668584138693567,-0.2431624,-0.1709258
Liverpool,2022,2023-05-28 15:30:00,2023-09-16 11:30:00,0.5052049241644887,Weak Long,Break,True,away,-0.1668584138693567,0.0717055999999999,-0.2062138
Liverpool,2023,2023-08-13 15:30:00,2023-09-24 13:00:00,0.2582750385542886,Neutral,Break,True,away,-0.1283117663781665,-0.0030504,-0.0376778000000001
Liverpool,2023,2023-08-19 14:00:00,2023-09-30 16:30:00,-0.04586184250046064,Neutral,Break,False,home,-0.1283117663781665,-0.1505544,-0.0639758000000001
Liverpool,2023,2023-08-27 15:30:00,2023-10-08 13:00:00,-0.01069797442309408,Neutral,Break,False,away,-0.1283117663781665,-0.1335002000000001,0.2668579999999999
Liverpool,2023,2023-09-03 13:00:00,2023-10-21 11:30:00,-0.08786540890353252,Neutral,Break,False,home,-0.1283117663781665,-0.1709258,0.3777179999999999
Liverpool,2023,2023-09-16 11:30:00,2023-10-29 14:00:00,-0.16062534937063846,Neutral,Break,False,away,-0.1283117663781665,-0.2062138,0.3531719999999998
Liverpool,2023,2023-09-24 13:00:00,2023-11-05 16:30:00,0.18687718198744807,Neutral,Break,False,home,-0.1283117663781665,-0.0376778000000001,0.5324979999999998
Liverpool,2023,2023-09-30 16:30:00,2023-11-12 14:00:00,0.1326536239959509,Neutral,Break,False,away,-0.1283117663781665,-0.0639758000000001,0.2199079999999999
Liverpool,2023,2023-10-08 13:00:00,2023-11-25 12:30:00,0.8147962104986268,Weak Long,Normal,True,away,-0.1283117663781665,0.2668579999999999,0.0711055999999998
Liverpool,2023,2023-10-21 11:30:00,2023-12-03 14:00:00,1.0433772295471238,Weak Long,Normal,True,home,-0.1283117663781665,0.3777179999999999,-0.2403684000000001
Liverpool,2023,2023-10-29 14:00:00,2023-12-06 19:30:00,0.9927661011548775,Weak Long,Normal,True,home,-0.1283117663781665,0.3531719999999998,-0.2209924000000001
Liverpool,2023,2023-11-05 16:30:00,2023-12-09 12:30:00,1.362516415261776,Weak Long,Normal,True,away,-0.1283117663781665,0.5324979999999998,-0.7546824000000001
Liverpool,2023,2023-11-12 14:00:00,2023-12-17 16:30:00,0.7179905200392462,Weak Long,Normal,True,home,-0.1283117663781665,0.2199079999999999,-0.0724684
Liverpool,2023,2023-11-25 12:30:00,2023-12-23 17:30:00,0.41117648225409287,Neutral,Normal,True,away,-0.1283117663781665,0.0711055999999998,-0.0291438000000001
Liverpool,2023,2023-12-03 14:00:00,2023-12-26 17:30:00,-0.23104834479905104,Neutral,Break,False,home,-0.1283117663781665,-0.2403684000000001,0.1620961999999998
Liverpool,2023,2023-12-06 19:30:00,2024-01-01 19:00:00,-0.19109718274706042,Neutral,Break,False,away,-0.1283117663781665,-0.2209924000000001,0.7361661999999998
Liverpool,2023,2023-12-09 12:30:00,2024-01-21 16:30:00,-1.29150674486137,Weak Short,Break,True,away,-0.1283117663781665,-0.7546824000000001,0.3686941999999996
Liverpool,2023,2023-12-17 16:30:00,2024-01-31 20:15:00,0.11514282512917078,Neutral,Break,True,home,-0.1283117663781665,-0.0724684,-0.0929878000000003
Liverpool,2023,2023-12-23 17:30:00,2024-02-04 16:30:00,0.20447334306051201,Neutral,Break,True,home,-0.1283117663781665,-0.0291438000000001,-0.1811576000000003
Liverpool,2023,2023-12-26 17:30:00,2024-02-10 15:00:00,0.5987890031979335,Weak Long,Normal,True,away,-0.1283117663781665,0.1620961999999998,-0.0885916000000003
Liverpool,2023,2024-01-01 19:00:00,2024-02-17 12:30:00,1.7824576447744327,Strong Long,Normal,True,home,-0.1283117663781665,0.7361661999999998,-0.8049896000000004
Liverpool,2023,2024-01-21 16:30:00,2024-02-21 15:00:00,1.0247711552219398,Weak Long,Normal,True,away,-0.1283117663781665,0.3686941999999996,-0.3710736000000002
Liverpool,2023,2024-01-31 20:15:00,2024-03-02 15:00:00,0.07283409914807933,Neutral,Break,False,home,-0.1283117663781665,-0.0929878000000003,-0.2390956000000002
Liverpool,2023,2024-02-04 16:30:00,2024-03-10 15:45:00,-0.10896224518984395,Neutral,Break,False,away,-0.1283117663781665,-0.1811576000000003,0.1034779999999997
Liverpool,2023,2024-02-10 15:00:00,2024-03-31 14:00:00,0.08189857574866569,Neutral,Break,False,home,-0.1283117663781665,-0.0885916000000003,0.3163079999999997
Liverpool,2023,2024-02-17 12:30:00,2024-04-04 18:30:00,-1.3952346092080834,Weak Short,Break,True,away,-0.1283117663781665,-0.8049896000000004,0.4019479999999998
Liverpool,2023,2024-02-21 15:00:00,2024-04-07 14:30:00,-0.5005479642374205,Weak Short,Break,False,home,-0.1283117663781665,-0.3710736000000002,0.9482579999999998
Liverpool,2023,2024-03-02 15:00:00,2024-04-14 13:00:00,-0.22842397242808857,Neutral,Break,False,away,-0.1283117663781665,-0.2390956000000002,1.4927339999999998
Liverpool,2023,2024-03-10 15:45:00,2024-04-21 15:30:00,0.47792477903422587,Neutral,Normal,False,home,-0.1283117663781665,0.1034779999999997,0.8466399999999998
Liverpool,2023,2024-03-31 14:00:00,2024-04-24 19:00:00,0.916756623559678,Weak Long,Normal,False,home,-0.1283117663781665,0.3163079999999997,0.978652
Liverpool,2023,2024-04-04 18:30:00,2024-04-27 11:30:00,1.0933368010025186,Weak Long,Normal,False,home,-0.1283117663781665,0.4019479999999998,1.1337039999999998
Liverpool,2023,2024-04-07 14:30:00,2024-05-05 15:30:00,2.2197674028100636,Strong Long,Normal,True,away,-0.1283117663781665,0.9482579999999998,0.4992339999999998
Liverpool,2023,2024-04-14 13:00:00,2024-05-13 19:00:00,3.3424165001170225,Strong Long,Normal,True,home,-0.1283117663781665,1.4927339999999998,-0.3298240000000001
Liverpool,2023,2024-04-21 15:30:00,2024-05-19 15:00:00,2.0102423622754237,Strong Long,Normal,True,away,-0.1283117663781665,0.8466399999999998,0.7971599999999999
Liverpool,2023,2024-04-24 19:00:00,2024-08-17 11:30:00,2.2824364583121386,Strong Long,Normal,True,away,-0.1283117663781665,0.978652,0.808662
Liverpool,2023,2024-04-27 11:30:00,2024-08-25 15:30:00,2.6021364778458524,Strong Long,Normal,True,away,-0.1283117663781665,1.1337039999999998,0.8938199999999998
Liverpool,2023,2024-05-05 15:30:00,2024-09-01 15:00:00,1.2939297382129828,Weak Long,Normal,False,home,-0.1283117663781665,0.4992339999999998,0.8621699999999999
Liverpool,2023,2024-05-13 19:00:00,2024-09-14 14:00:00,-0.41549586606546574,Neutral,Normal,False,away,-0.1283117663781665,-0.3298240000000001,1.316322
Liverpool,2023,2024-05-19 15:00:00,2024-09-21 14:00:00,1.908220092543152,Strong Long,Normal,True,home,-0.1283117663781665,0.7971599999999999,0.4719099999999999
Liverpool,2024,2024-08-17 11:30:00,2024-09-28 16:30:00,1.814021034150749,Strong Long,Normal,True,away,-0.08722057511361299,0.808662,0.1095459999999997
Liverpool,2024,2024-08-25 15:30:00,2024-10-05 11:30:00,1.986452564261287,Strong Long,Normal,True,home,-0.08722057511361299,0.8938199999999998,0.1804559999999997
Liverpool,2024,2024-09-01 15:00:00,2024-10-20 15:30:00,1.922366301925411,Strong Long,Normal,True,away,-0.08722057511361299,0.8621699999999999,0.4046959999999996
Liverpool,2024,2024-09-14 14:00:00,2024-10-27 16:30:00,2.84195253296373,Strong Long,Normal,True,home,-0.08722057511361299,1.316322,0.0412999999999997
Liverpool,2024,2024-09-21 14:00:00,2024-11-02 15:00:00,1.1321513022666747,Weak Long,Normal,True,home,-0.08722057511361299,0.4719099999999999,0.1159119999999997
Liverpool,2024,2024-09-28 16:30:00,2024-11-09 20:00:00,0.3984213065296318,Neutral,Normal,False,away,-0.08722057511361299,0.1095459999999997,0.2288559999999998
Liverpool,2024,2024-10-05 11:30:00,2024-11-24 14:00:00,0.5420028819557605,Weak Long,Normal,True,away,-0.08722057511361299,0.1804559999999997,0.0518619999999998
Liverpool,2024,2024-10-20 15:30:00,2024-12-01 16:00:00,0.9960535443948393,Weak Long,Normal,True,home,-0.08722057511361299,0.4046959999999996,0.3469359999999998
Liverpool,2024,2024-10-27 16:30:00,2024-12-04 19:30:00,0.2602339112887409,Neutral,Normal,False,away,-0.08722057511361299,0.0412999999999997,0.3217759999999998
Liverpool,2024,2024-11-02 15:00:00,2024-12-14 15:00:00,0.41131145332363456,Neutral,Normal,False,home,-0.08722057511361299,0.1159119999999997,0.3790979999999998
Liverpool,2024,2024-11-09 20:00:00,2024-12-22 16:30:00,0.6400052546905601,Weak Long,Normal,True,home,-0.08722057511361299,0.2288559999999998,0.0831339999999998
Liverpool,2024,2024-11-24 14:00:00,2024-12-26 20:00:00,0.28162029684297557,Neutral,Normal,True,away,-0.08722057511361299,0.0518619999999998,-0.1746660000000001
Liverpool,2024,2024-12-01 16:00:00,2024-12-29 17:15:00,0.8790986466848807,Weak Long,Normal,False,home,-0.08722057511361299,0.3469359999999998,-0.8550380000000001
Liverpool,2024,2024-12-04 19:30:00,2025-01-05 16:30:00,0.82815361160208,Weak Long,Normal,False,away,-0.08722057511361299,0.3217759999999998,-0.5281700000000001
Liverpool,2024,2024-12-14 15:00:00,2025-01-14 20:00:00,0.9442216283356374,Weak Long,Normal,True,home,-0.08722057511361299,0.3790979999999998,-0.2029840000000001
Liverpool,2024,2024-12-22 16:30:00,2025-01-18 15:00:00,0.3449411687471626,Neutral,Normal,False,away,-0.08722057511361299,0.0831339999999998,0.3890859999999999
Liverpool,2024,2024-12-26 20:00:00,2025-01-25 15:00:00,-0.17706320503447553,Neutral,Break,False,home,-0.08722057511361299,-0.1746660000000001,0.2428339999999998
Liverpool,2024,2024-12-29 17:15:00,2025-02-01 15:00:00,-1.5547092864873877,Strong Short,Break,False,away,-0.08722057511361299,-0.8550380000000001,0.7274779999999998
Liverpool,2024,2025-01-05 16:30:00,2025-02-12 19:30:00,-0.8928530970022966,Weak Short,Break,True,home,-0.08722057511361299,-0.5281700000000001,0.3408985999999999
Liverpool,2024,2025-01-14 20:00:00,2025-02-16 14:00:00,-0.2344026924539807,Neutral,Break,True,away,-0.08722057511361299,-0.2029840000000001,-0.0301674000000001
Liverpool,2024,2025-01-18 15:00:00,2025-02-19 15:00:00,0.9644457543454551,Weak Long,Normal,True,away,-0.08722057511361299,0.3890859999999999,-0.4541074000000001
Liverpool,2024,2025-01-25 15:00:00,2025-02-23 16:30:00,0.6683085019237631,Weak Long,Normal,True,home,-0.08722057511361299,0.2428339999999998,-0.3263138000000001
Liverpool,2024,2025-02-01 15:00:00,2025-02-26 20:15:00,1.6496362277850058,Strong Long,Normal,True,away,-0.08722057511361299,0.7274779999999998,-0.5906398000000002
Liverpool,2024,2025-02-12 19:30:00,2025-03-08 15:00:00,0.8668738631074205,Weak Long,Normal,True,away,-0.08722057511361299,0.3408985999999999,0.0215315999999997
Liverpool,2024,2025-02-16 14:00:00,2025-04-02 20:00:00,0.11552368870223291,Neutral,Break,False,home,-0.08722057511361299,-0.0301674000000001,0.1074515999999997
Liverpool,2024,2025-02-19 15:00:00,2025-04-06 13:00:00,-0.7428880033884876,Weak Short,Break,True,away,-0.08722057511361299,-0.4541074000000001,-0.0198304000000002
Liverpool,2024,2025-02-23 16:30:00,2025-04-13 13:00:00,-0.48412610214216806,Neutral,Break,True,away,-0.08722057511361299,-0.3263138000000001,0.1045619999999997
Liverpool,2024,2025-02-26 20:15:00,2025-04-20 15:30:00,-1.0193445975037092,Weak Short,Break,False,home,-0.08722057511361299,-0.5906398000000002,0.9299199999999996
Liverpool,2024,2025-03-08 15:00:00,2025-04-27 15:30:00,0.22020601655381092,Neutral,Normal,False,home,-0.08722057511361299,0.0215315999999997,0.0341359999999997
Liverpool,2024,2025-04-02 20:00:00,2025-05-04 15:30:00,0.3941804765821987,Neutral,Normal,True,home,-0.08722057511361299,0.1074515999999997,0.0600399999999997
Liverpool,2024,2025-04-06 13:00:00,2025-05-11 15:30:00,0.13645448471379512,Neutral,Normal,False,away,-0.08722057511361299,-0.0198304000000002,0.3281279999999997
Liverpool,2024,2025-04-13 13:00:00,2025-05-19 19:00:00,0.3883294919488417,Neutral,Normal,False,home,-0.08722057511361299,0.1045619999999997,0.6553239999999998
Liverpool,2024,2025-04-20 15:30:00,2025-05-25 15:00:00,2.0595493753300107,Strong Long,Normal,True,away,-0.08722057511361299,0.9299199999999996,0.1341559999999998
Leicester,2017,2017-08-11 19:45:00,2017-09-23 17:30:00,-0.8048191964281312,Weak Short,Break,False,away,-0.005138018948822516,-0.3451117999999999,0.4065246000000001
Leicester,2017,2017-08-19 15:00:00,2017-09-30 15:00:00,0.08428579049608843,Neutral,Normal,False,home,-0.005138018948822516,0.0304662,0.5487762
Leicester,2017,2017-08-26 17:30:00,2017-10-16 20:00:00,0.10584855957174769,Neutral,Normal,False,away,-0.005138018948822516,0.0395748,0.4075170000000001
Leicester,2017,2017-09-09 15:00:00,2017-10-21 15:00:00,0.4009601690348946,Neutral,Normal,False,home,-0.005138018948822516,0.1642366000000001,0.2993390000000001
Leicester,2017,2017-09-16 15:00:00,2017-10-29 16:00:00,-0.17252720110483635,Neutral,Normal,False,away,-0.005138018948822516,-0.0780173999999998,0.1245130000000001
Leicester,2017,2017-09-23 17:30:00,2017-11-04 12:30:00,0.9745280273010748,Weak Long,Normal,True,home,-0.005138018948822516,0.4065246000000001,-0.1738929999999998
Leicester,2017,2017-09-30 15:00:00,2017-11-18 15:00:00,1.311279932252774,Weak Long,Normal,True,away,-0.005138018948822516,0.5487762,-0.2734454599999999
Leicester,2017,2017-10-16 20:00:00,2017-11-24 20:00:00,0.9768773336742478,Weak Long,Normal,True,home,-0.005138018948822516,0.4075170000000001,-0.3755306599999998
Leicester,2017,2017-10-21 15:00:00,2017-11-28 19:45:00,0.7207877882922279,Weak Long,Normal,False,away,-0.005138018948822516,0.2993390000000001,-0.5522436599999999
Leicester,2017,2017-10-29 16:00:00,2017-12-02 15:00:00,0.306922576687678,Neutral,Normal,False,home,-0.005138018948822516,0.1245130000000001,-0.3032416599999999
Leicester,2017,2017-11-04 12:30:00,2017-12-09 17:30:00,-0.39949330158024154,Neutral,Break,False,away,-0.005138018948822516,-0.1738929999999998,-0.6935478599999999
Leicester,2017,2017-11-18 15:00:00,2017-12-13 19:45:00,-0.6351636247796142,Weak Short,Break,False,home,-0.005138018948822516,-0.2734454599999999,-1.063799
Leicester,2017,2017-11-24 20:00:00,2017-12-16 12:30:00,-0.8768296979019916,Weak Short,Break,False,away,-0.005138018948822516,-0.3755306599999998,-0.8029209999999999
Leicester,2017,2017-11-28 19:45:00,2017-12-23 19:45:00,-1.2951620005244557,Weak Short,Break,False,home,-0.005138018948822516,-0.5522436599999999,-0.6749059999999998
Leicester,2017,2017-12-02 15:00:00,2017-12-26 15:00:00,-0.7057001045824552,Weak Short,Break,False,home,-0.005138018948822516,-0.3032416599999999,-0.6879019999999998
Leicester,2017,2017-12-09 17:30:00,2017-12-30 15:00:00,-1.629671127505635,Strong Short,Break,True,away,-0.005138018948822516,-0.6935478599999999,-0.2187883999999999
Leicester,2017,2017-12-13 19:45:00,2018-01-01 15:00:00,-2.5061658502752793,Strong Short,Break,True,away,-0.005138018948822516,-1.063799,-0.1777983999999999
Leicester,2017,2017-12-16 12:30:00,2018-01-13 15:00:00,-1.888589925224247,Strong Short,Break,True,home,-0.005138018948822516,-0.8029209999999999,-0.0567645999999999
Leicester,2017,2017-12-23 19:45:00,2018-01-20 15:00:00,-1.5855402926549695,Strong Short,Break,True,home,-0.005138018948822516,-0.6749059999999998,-0.0658305999999999
Leicester,2017,2017-12-26 15:00:00,2018-01-31 19:45:00,-1.6163056953411417,Strong Short,Break,True,away,-0.005138018948822516,-0.6879019999999998,0.1546634000000001
Leicester,2017,2017-12-30 15:00:00,2018-02-03 15:00:00,-0.5057740848794702,Weak Short,Break,False,away,-0.005138018948822516,-0.2187883999999999,0.2936620000000001
Leicester,2017,2018-01-01 15:00:00,2018-02-10 17:30:00,-0.40873854655181585,Neutral,Break,False,home,-0.005138018948822516,-0.1777983999999999,0.4254572000000002
Leicester,2017,2018-01-13 15:00:00,2018-02-24 12:30:00,-0.1222154936403337,Neutral,Normal,False,away,-0.005138018948822516,-0.0567645999999999,0.1777492000000001
Leicester,2017,2018-01-20 15:00:00,2018-03-03 15:00:00,-0.14367741582814816,Neutral,Normal,False,home,-0.005138018948822516,-0.0658305999999999,0.6694832000000002
Leicester,2017,2018-01-31 19:45:00,2018-03-10 15:00:00,0.37829755338428955,Neutral,Normal,True,away,-0.005138018948822516,0.1546634000000001,-0.0875047999999998
Leicester,2017,2018-02-03 15:00:00,2018-03-31 15:00:00,0.707348638473099,Weak Long,Normal,False,home,-0.005138018948822516,0.2936620000000001,-0.3312727999999999
Leicester,2017,2018-02-10 17:30:00,2018-04-07 14:00:00,1.0193471303247919,Weak Long,Normal,True,away,-0.005138018948822516,0.4254572000000002,-0.1347679999999999
Leicester,2017,2018-02-24 12:30:00,2018-04-14 14:00:00,0.43294851778352267,Neutral,Normal,True,home,-0.005138018948822516,0.1777492000000001,0.039882
Leicester,2017,2018-03-03 15:00:00,2018-04-19 18:45:00,1.5970293522312122,Strong Long,Normal,True,home,-0.005138018948822516,0.6694832000000002,-0.2526663999999999
Leicester,2017,2018-03-10 15:00:00,2018-04-28 14:00:00,-0.19498670260104975,Neutral,Normal,False,away,-0.005138018948822516,-0.0875047999999998,0.3625646
Leicester,2017,2018-03-31 15:00:00,2018-05-05 15:00:00,-0.7720581616655937,Weak Short,Normal,False,away,-0.005138018948822516,-0.3312727999999999,0.5877481999999999
Leicester,2017,2018-04-07 14:00:00,2018-05-09 19:45:00,-0.30687277371809296,Neutral,Normal,False,home,-0.005138018948822516,-0.1347679999999999,0.4089022
Leicester,2017,2018-04-14 14:00:00,2018-05-13 15:00:00,0.10657579346719183,Neutral,Normal,False,away,-0.005138018948822516,0.039882,-0.3360037999999999
Leicester,2017,2018-04-19 18:45:00,2018-08-10 22:00:00,-0.5859734009922849,Weak Short,Normal,False,home,-0.005138018948822516,-0.2526663999999999,-0.2914273999999999
Leicester,2017,2018-04-28 14:00:00,2018-08-18 17:00:00,0.8704616143983255,Weak Long,Normal,False,away,-0.005138018948822516,0.3625646,-0.8351377999999998
Leicester,2017,2018-05-05 15:00:00,2018-08-25 17:00:00,1.4035382635459024,Weak Long,Normal,False,home,-0.005138018948822516,0.5877481999999999,-1.2098983999999997
Leicester,2017,2018-05-09 19:45:00,2018-09-01 11:30:00,0.980156514637689,Weak Long,Normal,False,home,-0.005138018948822516,0.4089022,-1.053257
Leicester,2017,2018-05-13 15:00:00,2018-09-15 14:00:00,-0.7832578477311739,Weak Short,Break,False,away,-0.005138018948822516,-0.3360037999999999,-0.5429709999999999
Leicester,2018,2018-08-10 22:00:00,2018-09-22 14:00:00,-0.6061144976557067,Weak Short,Break,False,away,-0.04135295341922518,-0.2914273999999999,-0.929789
Leicester,2018,2018-08-18 17:00:00,2018-09-29 14:00:00,-1.923925095547953,Strong Short,Break,True,home,-0.04135295341922518,-0.8351377999999998,-0.7056755999999998
Leicester,2018,2018-08-25 17:00:00,2018-10-06 14:00:00,-2.832245941263718,Strong Short,Break,True,away,-0.04135295341922518,-1.2098983999999997,-0.3883185999999999
Leicester,2018,2018-09-01 11:30:00,2018-10-22 19:00:00,-2.4525885041636037,Strong Short,Break,True,home,-0.04135295341922518,-1.053257,-0.3980637999999999
Leicester,2018,2018-09-15 14:00:00,2018-10-27 16:30:00,-1.215789835688542,Weak Short,Break,True,away,-0.04135295341922518,-0.5429709999999999,-0.1723797999999999
Leicester,2018,2018-09-22 14:00:00,2018-11-03 15:00:00,-2.1533346386856578,Strong Short,Break,True,home,-0.04135295341922518,-0.929789,0.3033882
Leicester,2018,2018-09-29 14:00:00,2018-11-10 15:00:00,-1.610142870329444,Strong Short,Break,False,away,-0.04135295341922518,-0.7056755999999998,0.7365262000000001
Leicester,2018,2018-10-06 14:00:00,2018-11-24 15:00:00,-0.8409532099600828,Weak Short,Break,False,home,-0.04135295341922518,-0.3883185999999999,0.7406242000000001
Leicester,2018,2018-10-22 19:00:00,2018-12-01 15:00:00,-0.864573004318586,Weak Short,Break,False,away,-0.04135295341922518,-0.3980637999999999,0.6376420000000002
Leicester,2018,2018-10-27 16:30:00,2018-12-05 19:45:00,-0.3175745158314911,Neutral,Break,False,home,-0.04135295341922518,-0.1723797999999999,0.4901040000000002
Leicester,2018,2018-11-03 15:00:00,2018-12-08 19:45:00,0.8355616252796558,Weak Long,Normal,False,away,-0.04135295341922518,0.3033882,0.3250764000000001
Leicester,2018,2018-11-10 15:00:00,2018-12-15 15:00:00,1.885373890687586,Strong Long,Normal,True,home,-0.04135295341922518,0.7365262000000001,0.2023174000000001
Leicester,2018,2018-11-24 15:00:00,2018-12-22 15:00:00,1.8953063617791128,Strong Long,Normal,True,away,-0.04135295341922518,0.7406242000000001,0.0685738000000001
Leicester,2018,2018-12-01 15:00:00,2018-12-26 15:00:00,1.6457046720666135,Strong Long,Normal,True,home,-0.04135295341922518,0.6376420000000002,0.0964858000000001
Leicester,2018,2018-12-05 19:45:00,2018-12-29 15:00:00,1.2881114754093008,Weak Long,Normal,True,away,-0.04135295341922518,0.4901040000000002,0.3566318
Leicester,2018,2018-12-08 19:45:00,2019-01-01 12:30:00,0.8881281014942118,Weak Long,Normal,True,home,-0.04135295341922518,0.3250764000000001,0.2139122
Leicester,2018,2018-12-15 15:00:00,2019-01-12 15:00:00,0.5905926650069674,Weak Long,Normal,True,away,-0.04135295341922518,0.2023174000000001,0.1868172
Leicester,2018,2018-12-22 15:00:00,2019-01-19 12:30:00,0.2664334554714105,Neutral,Normal,True,away,-0.04135295341922518,0.0685738000000001,-0.0368191999999999
Leicester,2018,2018-12-26 15:00:00,2019-01-30 20:00:00,0.3340847812661137,Neutral,Normal,True,home,-0.04135295341922518,0.0964858000000001,0.0771928000000001
Leicester,2018,2018-12-29 15:00:00,2019-02-03 14:05:00,0.9646100678879554,Weak Long,Normal,True,home,-0.04135295341922518,0.3566318,0.0540308
Leicester,2018,2019-01-01 12:30:00,2019-02-10 13:30:00,0.6186954019059505,Weak Long,Normal,False,away,-0.04135295341922518,0.2139122,0.5295300000000001
Leicester,2018,2019-01-12 15:00:00,2019-02-23 17:30:00,0.5530242686153414,Weak Long,Normal,False,home,-0.04135295341922518,0.1868172,0.3669034000000001
Leicester,2018,2019-01-19 12:30:00,2019-02-26 19:45:00,0.010988622443280988,Neutral,Normal,False,away,-0.04135295341922518,-0.0368191999999999,0.6835834000000001
Leicester,2018,2019-01-30 20:00:00,2019-03-03 12:00:00,0.28732363808192024,Neutral,Normal,False,away,-0.04135295341922518,0.0771928000000001,0.6170800000000001
Leicester,2018,2019-02-03 14:05:00,2019-03-09 15:00:00,0.23118505940404252,Neutral,Normal,False,home,-0.04135295341922518,0.0540308,0.163934
Leicester,2018,2019-02-10 13:30:00,2019-03-16 15:00:00,1.3836697002151892,Weak Long,Normal,True,away,-0.04135295341922518,0.5295300000000001,-0.5186031999999999
Leicester,2018,2019-02-23 17:30:00,2019-03-30 15:00:00,0.9895057170006266,Weak Long,Normal,False,home,-0.04135295341922518,0.3669034000000001,-0.5292425999999999
Leicester,2018,2019-02-26 19:45:00,2019-04-06 15:00:00,1.757054507938811,Strong Long,Normal,True,home,-0.04135295341922518,0.6835834000000001,-0.5898325999999999
Leicester,2018,2019-03-03 12:00:00,2019-04-12 20:00:00,1.5958678076000512,Strong Long,Normal,True,away,-0.04135295341922518,0.6170800000000001,-0.3732938
Leicester,2018,2019-03-09 15:00:00,2019-04-20 15:00:00,0.49756142759981575,Neutral,Normal,False,home,-0.04135295341922518,0.163934,-0.4389817999999999
Leicester,2018,2019-03-16 15:00:00,2019-04-28 12:00:00,-1.1567287158583555,Weak Short,Break,True,away,-0.04135295341922518,-0.5186031999999999,-0.0248325999999999
Leicester,2018,2019-03-30 15:00:00,2019-05-06 19:00:00,-1.182515815158304,Weak Short,Break,True,home,-0.04135295341922518,-0.5292425999999999,0.1039288
Leicester,2018,2019-04-06 15:00:00,2019-05-12 14:00:00,-1.329369993644298,Weak Short,Break,True,away,-0.04135295341922518,-0.5898325999999999,0.249238
Leicester,2018,2019-04-12 20:00:00,2019-08-11 14:00:00,-0.8045370577746339,Weak Short,Break,True,home,-0.04135295341922518,-0.3732938,0.1825144
Leicester,2018,2019-04-20 15:00:00,2019-08-18 16:30:00,-0.9637474435872756,Weak Short,Break,False,away,-0.04135295341922518,-0.4389817999999999,0.4108026000000001
Leicester,2018,2019-04-28 12:00:00,2019-08-24 15:00:00,0.04004097919918487,Neutral,Normal,False,home,-0.04135295341922518,-0.0248325999999999,0.0158384000000001
Leicester,2018,2019-05-06 19:00:00,2019-08-31 15:00:00,0.3521246500641206,Neutral,Normal,False,away,-0.04135295341922518,0.1039288,-0.2440909999999999
Leicester,2018,2019-05-12 14:00:00,2019-09-14 14:00:00,0.7043158234005953,Weak Long,Normal,True,home,-0.04135295341922518,0.249238,-0.2213239999999998
Leicester,2019,2019-08-11 14:00:00,2019-09-21 11:30:00,0.4739441357305029,Neutral,Normal,False,home,-0.02365330196756903,0.1825144,-0.4725717999999999
Leicester,2019,2019-08-18 16:30:00,2019-09-29 15:30:00,0.9987394970499586,Weak Long,Normal,False,away,-0.02365330196756903,0.4108026000000001,-1.097284
Leicester,2019,2019-08-24 15:00:00,2019-10-05 15:00:00,0.09078463978072757,Neutral,Normal,False,away,-0.02365330196756903,0.0158384000000001,-1.01861766
Leicester,2019,2019-08-31 15:00:00,2019-10-19 15:00:00,-0.5067484056878917,Weak Short,Break,False,home,-0.02365330196756903,-0.2440909999999999,-1.10032966
Leicester,2019,2019-09-14 14:00:00,2019-10-25 20:00:00,-0.4544109831178242,Neutral,Break,False,away,-0.02365330196756903,-0.2213239999999998,-2.11606586
Leicester,2019,2019-09-21 11:30:00,2019-11-03 14:00:00,-1.0319865213266248,Weak Short,Break,False,home,-0.02365330196756903,-0.4725717999999999,-2.1773364600000003
Leicester,2019,2019-09-29 15:30:00,2019-11-09 17:30:00,-2.468092569381986,Strong Short,Break,False,home,-0.02365330196756903,-1.097284,-1.66810246
Leicester,2019,2019-10-05 15:00:00,2019-11-23 15:00:00,-2.2872521653489306,Strong Short,Break,False,away,-0.02365330196756903,-1.01861766,-1.1859106
Leicester,2019,2019-10-19 15:00:00,2019-12-01 16:30:00,-2.4750940186034365,Strong Short,Break,True,home,-0.02365330196756903,-1.10032966,-0.9030346
Leicester,2019,2019-10-25 20:00:00,2019-12-04 19:30:00,-4.810097080891591,Strong Short,Break,True,away,-0.02365330196756903,-2.11606586,0.0783434
Leicester,2019,2019-11-03 14:00:00,2019-12-08 14:00:00,-4.950947666534037,Strong Short,Break,True,away,-0.02365330196756903,-2.1773364600000003,0.288682
Leicester,2019,2019-11-09 17:30:00,2019-12-14 15:00:00,-3.7803061658951447,Strong Short,Break,True,home,-0.02365330196756903,-1.66810246,0.427414
Leicester,2019,2019-11-23 15:00:00,2019-12-21 17:30:00,-2.6718299003939037,Strong Short,Break,True,away,-0.02365330196756903,-1.1859106,0.128356
Leicester,2019,2019-12-01 16:30:00,2019-12-26 20:00:00,-2.021546562803077,Strong Short,Break,True,home,-0.02365330196756903,-0.9030346,0.1038588
Leicester,2019,2019-12-04 19:30:00,2019-12-28 17:30:00,0.23447289900425514,Neutral,Normal,False,home,-0.02365330196756903,0.0783434,0.1710868
Leicester,2019,2019-12-08 14:00:00,2020-01-01 15:00:00,0.7180052129233645,Weak Long,Normal,True,away,-0.02365330196756903,0.288682,0.0517987999999999
Leicester,2019,2019-12-14 15:00:00,2020-01-11 15:00:00,1.036926252497774,Weak Long,Normal,True,home,-0.02365330196756903,0.427414,-0.0050204
Leicester,2019,2019-12-21 17:30:00,2020-01-19 14:00:00,0.3494432763059528,Neutral,Normal,False,away,-0.02365330196756903,0.128356,0.2590336
Leicester,2019,2019-12-26 20:00:00,2020-01-22 19:30:00,0.29312842111275855,Neutral,Normal,True,home,-0.02365330196756903,0.1038588,0.0174387999999999
Leicester,2019,2019-12-28 17:30:00,2020-02-01 12:30:00,0.44767404612002726,Neutral,Normal,True,away,-0.02365330196756903,0.1710868,-0.1753471999999999
Leicester,2019,2020-01-01 15:00:00,2020-02-14 20:00:00,0.17345142286978799,Neutral,Normal,True,away,-0.02365330196756903,0.0517987999999999,0.042842
Leicester,2019,2020-01-11 15:00:00,2020-02-22 17:30:00,0.042833841260741384,Neutral,Normal,False,home,-0.02365330196756903,-0.0050204,0.2314729999999999
Leicester,2019,2020-01-19 14:00:00,2020-02-28 20:00:00,0.6498486336934973,Weak Long,Normal,True,away,-0.02365330196756903,0.2590336,0.249805
Leicester,2019,2020-01-22 19:30:00,2020-03-09 20:00:00,0.09446368449813107,Neutral,Normal,False,home,-0.02365330196756903,0.0174387999999999,0.1496789999999999
Leicester,2019,2020-02-01 12:30:00,2020-06-20 11:30:00,-0.34871821683243454,Neutral,Normal,False,home,-0.02365330196756903,-0.1753471999999999,0.228257
Leicester,2019,2020-02-14 20:00:00,2020-06-23 17:00:00,0.15286127807795885,Neutral,Normal,False,away,-0.02365330196756903,0.042842,0.223881
Leicester,2019,2020-02-22 17:30:00,2020-07-01 17:00:00,0.586491548065852,Weak Long,Normal,False,home,-0.02365330196756903,0.2314729999999999,0.2399952
Leicester,2019,2020-02-28 20:00:00,2020-07-04 14:00:00,0.628633667385678,Weak Long,Normal,True,away,-0.02365330196756903,0.249805,-0.2038007999999999
Leicester,2019,2020-03-09 20:00:00,2020-07-07 19:15:00,0.3984611908955579,Neutral,Normal,True,home,-0.02365330196756903,0.1496789999999999,0.1141972
Leicester,2019,2020-06-20 11:30:00,2020-07-12 18:00:00,0.5790985164417763,Weak Long,Normal,False,away,-0.02365330196756903,0.228257,0.2358752000000001
Leicester,2019,2020-06-23 17:00:00,2020-07-16 17:00:00,0.5690388440577725,Weak Long,Normal,False,home,-0.02365330196756903,0.223881,0.3462820000000001
Leicester,2019,2020-07-01 17:00:00,2020-07-19 15:00:00,0.6060826221040051,Weak Long,Normal,False,away,-0.02365330196756903,0.2399952,0.425684
Leicester,2019,2020-07-04 14:00:00,2020-07-26 15:00:00,-0.4141281560795759,Neutral,Normal,False,home,-0.02365330196756903,-0.2038007999999999,0.7352516
Leicester,2019,2020-07-07 19:15:00,2020-09-13 13:00:00,0.31689462700279164,Neutral,Normal,False,away,-0.02365330196756903,0.1141972,0.7259376000000001
Leicester,2019,2020-07-12 18:00:00,2020-09-20 18:00:00,0.5966114497497788,Weak Long,Normal,True,away,-0.02365330196756903,0.2358752000000001,-0.0087573999999999
Leicester,2019,2020-07-16 17:00:00,2020-09-27 15:30:00,0.850417719623232,Weak Long,Normal,False,home,-0.02365330196756903,0.3462820000000001,-0.6468193999999998
Leicester,2019,2020-07-19 15:00:00,2020-10-04 11:00:00,1.0329492796402953,Weak Long,Normal,False,away,-0.02365330196756903,0.425684,-0.7957849999999999
Leicester,2019,2020-07-26 15:00:00,2020-10-18 18:15:00,1.744592021117063,Strong Long,Normal,False,home,-0.02365330196756903,0.7352516,-0.8123995999999998
Leicester,2020,2020-09-13 13:00:00,2020-10-25 19:15:00,1.5091615020482565,Strong Long,Normal,False,away,-0.03698928699283727,0.7259376000000001,-0.8563271999999997
Leicester,2020,2020-09-20 18:00:00,2020-11-02 20:00:00,0.05584608132989692,Neutral,Normal,False,home,-0.03698928699283727,-0.0087573999999999,-0.4384861999999999
Leicester,2020,2020-09-27 15:30:00,2020-11-08 14:00:00,-1.2063175974407465,Weak Short,Break,True,away,-0.03698928699283727,-0.6468193999999998,0.1989718000000001
Leicester,2020,2020-10-04 11:00:00,2020-11-22 19:15:00,-1.5009895410861542,Strong Short,Break,True,home,-0.03698928699283727,-0.7957849999999999,0.5045614
Leicester,2020,2020-10-18 18:15:00,2020-11-30 17:30:00,-1.5338552260153662,Strong Short,Break,True,home,-0.03698928699283727,-0.8123995999999998,0.4258704000000001
Leicester,2020,2020-10-25 19:15:00,2020-12-06 14:15:00,-1.6207493228516692,Strong Short,Break,True,away,-0.03698928699283727,-0.8563271999999997,0.356716
Leicester,2020,2020-11-02 20:00:00,2020-12-13 19:15:00,-0.7942093726568538,Weak Short,Break,True,away,-0.03698928699283727,-0.4384861999999999,0.270104
Leicester,2020,2020-11-08 14:00:00,2020-12-16 18:00:00,0.46675952118383396,Neutral,Normal,False,home,-0.03698928699283727,0.1989718000000001,0.2269700000000001
Leicester,2020,2020-11-22 19:15:00,2020-12-20 14:15:00,1.0712526483878506,Weak Long,Normal,True,away,-0.03698928699283727,0.5045614,-0.2202799999999999
Leicester,2020,2020-11-30 17:30:00,2020-12-26 12:30:00,0.9155923488462064,Weak Long,Normal,True,home,-0.03698928699283727,0.4258704000000001,-0.4679879999999999
Leicester,2020,2020-12-06 14:15:00,2020-12-28 15:00:00,0.778796595600947,Weak Long,Normal,True,away,-0.03698928699283727,0.356716,-0.2018039999999999
Leicester,2020,2020-12-13 19:15:00,2021-01-03 14:15:00,0.6074676016384748,Weak Long,Normal,True,home,-0.03698928699283727,0.270104,-0.1900897999999999
Leicester,2020,2020-12-16 18:00:00,2021-01-16 20:00:00,0.5221433414253719,Weak Long,Normal,False,home,-0.03698928699283727,0.2269700000000001,-0.3338177999999999
Leicester,2020,2020-12-20 14:15:00,2021-01-19 20:15:00,-0.3625711617579712,Neutral,Break,False,away,-0.03698928699283727,-0.2202799999999999,-0.4543817999999999
Leicester,2020,2020-12-26 12:30:00,2021-01-27 20:15:00,-0.8525674952505136,Weak Short,Break,True,home,-0.03698928699283727,-0.4679879999999999,-0.3038927999999999
Leicester,2020,2020-12-28 15:00:00,2021-01-31 14:00:00,-0.326023402874091,Neutral,Break,False,away,-0.03698928699283727,-0.2018039999999999,-0.3012927999999998
Leicester,2020,2021-01-03 14:15:00,2021-02-03 18:00:00,-0.30285130084348094,Neutral,Break,True,away,-0.03698928699283727,-0.1900897999999999,-0.0991109999999998
Leicester,2020,2021-01-16 20:00:00,2021-02-07 14:00:00,-0.5871626392750864,Weak Short,Break,True,home,-0.03698928699283727,-0.3338177999999999,0.0032974000000001
Leicester,2020,2021-01-19 20:15:00,2021-02-13 12:30:00,-0.8256527887704393,Weak Short,Break,True,home,-0.03698928699283727,-0.4543817999999999,-0.0109165999999998
Leicester,2020,2021-01-27 20:15:00,2021-02-21 14:00:00,-0.5279673759821596,Weak Short,Break,True,away,-0.03698928699283727,-0.3038927999999999,-0.1216215999999998
Leicester,2020,2021-01-31 14:00:00,2021-02-28 12:00:00,-0.5228242620452634,Weak Short,Break,False,home,-0.03698928699283727,-0.3012927999999998,-0.3617705999999999
Leicester,2020,2021-02-03 18:00:00,2021-03-03 18:00:00,-0.12288424921191733,Neutral,Break,False,away,-0.03698928699283727,-0.0991109999999998,-0.2561505999999999
Leicester,2020,2021-02-07 14:00:00,2021-03-06 20:00:00,0.07969193128624029,Neutral,Break,False,away,-0.03698928699283727,0.0032974000000001,-0.5749949999999998
Leicester,2020,2021-02-13 12:30:00,2021-03-14 14:00:00,0.05157492301737957,Neutral,Break,False,home,-0.03698928699283727,-0.0109165999999998,-0.4806189999999999
Leicester,2020,2021-02-21 14:00:00,2021-04-03 16:30:00,-0.16741293405341306,Neutral,Break,False,away,-0.03698928699283727,-0.1216215999999998,-0.2713667999999999
Leicester,2020,2021-02-28 12:00:00,2021-04-11 13:05:00,-0.6424566528348032,Weak Short,Break,True,home,-0.03698928699283727,-0.3617705999999999,-0.3437057999999999
Leicester,2020,2021-03-03 18:00:00,2021-04-22 19:00:00,-0.43352753975213204,Neutral,Break,False,away,-0.03698928699283727,-0.2561505999999999,-0.4576838
Leicester,2020,2021-03-06 20:00:00,2021-04-26 19:00:00,-1.064240261806444,Weak Short,Break,True,away,-0.03698928699283727,-0.5749949999999998,-0.4184478
Leicester,2020,2021-03-14 14:00:00,2021-04-30 19:00:00,-0.877553138380103,Weak Short,Break,True,home,-0.03698928699283727,-0.4806189999999999,-0.0245537999999999
Leicester,2020,2021-04-03 16:30:00,2021-05-07 19:00:00,-0.46362702063159184,Neutral,Break,True,home,-0.03698928699283727,-0.2713667999999999,-0.0185099999999999
Leicester,2020,2021-04-11 13:05:00,2021-05-11 17:00:00,-0.6067222972012506,Weak Short,Break,True,away,-0.03698928699283727,-0.3437057999999999,-0.0545815999999999
Leicester,2020,2021-04-22 19:00:00,2021-05-18 19:15:00,-0.8321845434702974,Weak Short,Break,True,home,-0.03698928699283727,-0.4576838,-0.0223023999999999
Leicester,2020,2021-04-26 19:00:00,2021-05-23 15:00:00,-0.7545709979210482,Weak Short,Break,True,home,-0.03698928699283727,-0.4184478,0.0959676
Leicester,2020,2021-04-30 19:00:00,2021-08-14 14:00:00,0.024598894794211377,Neutral,Break,False,away,-0.03698928699283727,-0.0245537999999999,-0.2734519999999999
Leicester,2020,2021-05-07 19:00:00,2021-08-23 19:00:00,0.03655426095260039,Neutral,Break,False,home,-0.03698928699283727,-0.0185099999999999,-0.4110999999999999
Leicester,2020,2021-05-11 17:00:00,2021-08-28 14:00:00,-0.03479971931129738,Neutral,Break,False,away,-0.03698928699283727,-0.0545815999999999,-0.3546623999999999
Leicester,2020,2021-05-18 19:15:00,2021-09-11 14:00:00,0.029052435839414237,Neutral,Break,False,away,-0.03698928699283727,-0.0223023999999999,-0.1611615999999999
Leicester,2020,2021-05-23 15:00:00,2021-09-19 13:00:00,0.26300477634582875,Neutral,Break,True,home,-0.03698928699283727,0.0959676,-0.0755235999999999
Leicester,2021,2021-08-14 14:00:00,2021-09-25 14:00:00,-0.40866524129361415,Neutral,Break,True,home,-0.07935056710724825,-0.2734519999999999,0.023326
Leicester,2021,2021-08-23 19:00:00,2021-10-03 13:00:00,-0.6984722370238554,Weak Short,Break,True,away,-0.07935056710724825,-0.4110999999999999,-0.0933819999999999
Leicester,2021,2021-08-28 14:00:00,2021-10-16 14:00:00,-0.5796473263660538,Weak Short,Break,True,away,-0.07935056710724825,-0.3546623999999999,-0.1549019999999999
Leicester,2021,2021-09-11 14:00:00,2021-10-24 13:00:00,-0.17224667020397177,Neutral,Break,False,home,-0.07935056710724825,-0.1611615999999999,-0.5144139999999998
Leicester,2021,2021-09-19 13:00:00,2021-10-30 11:30:00,0.00805737707856341,Neutral,Break,False,away,-0.07935056710724825,-0.0755235999999999,-0.1675579999999998
Leicester,2021,2021-09-25 14:00:00,2021-11-07 14:00:00,0.21617740501312133,Neutral,Break,False,home,-0.07935056710724825,0.023326,-0.2409655999999999
Leicester,2021,2021-10-03 13:00:00,2021-11-20 12:30:00,-0.029542074076185948,Neutral,Break,False,away,-0.07935056710724825,-0.0933819999999999,0.0502912000000001
Leicester,2021,2021-10-16 14:00:00,2021-11-28 14:00:00,-0.1590675766430554,Neutral,Break,True,home,-0.07935056710724825,-0.1549019999999999,-0.1108767999999998
Leicester,2021,2021-10-24 13:00:00,2021-12-01 19:30:00,-0.9159917066628921,Weak Short,Break,True,away,-0.07935056710724825,-0.5144139999999998,-0.0233647999999998
Leicester,2021,2021-10-30 11:30:00,2021-12-05 16:30:00,-0.1857137853635737,Neutral,Break,False,home,-0.07935056710724825,-0.1675579999999998,-0.4244439999999999
Leicester,2021,2021-11-07 14:00:00,2021-12-12 14:00:00,-0.3402676911215018,Neutral,Break,False,away,-0.07935056710724825,-0.2409655999999999,-0.7719603999999999
Leicester,2021,2021-11-20 12:30:00,2021-12-26 15:00:00,0.27295050452248676,Neutral,Break,False,home,-0.07935056710724825,0.0502912000000001,-0.9850112
Leicester,2021,2021-11-28 14:00:00,2021-12-28 20:00:00,-0.0663759941396914,Neutral,Break,False,home,-0.07935056710724825,-0.1108767999999998,-0.6938867999999999
Leicester,2021,2021-12-01 19:30:00,2022-01-19 19:30:00,0.11787361217747178,Neutral,Break,False,away,-0.07935056710724825,-0.0233647999999998,-0.5918447999999998
Leicester,2021,2021-12-05 16:30:00,2022-01-23 14:00:00,-0.7265669754219747,Weak Short,Break,False,away,-0.07935056710724825,-0.4244439999999999,-0.4464095999999998
Leicester,2021,2021-12-12 14:00:00,2022-02-10 19:45:00,-1.4582353167781066,Weak Short,Break,True,home,-0.07935056710724825,-0.7719603999999999,0.0510392
Leicester,2021,2021-12-26 15:00:00,2022-02-13 16:30:00,-1.9067969543313184,Strong Short,Break,True,away,-0.07935056710724825,-0.9850112,0.0455752
Leicester,2021,2021-12-28 20:00:00,2022-02-20 16:30:00,-1.2938575164334263,Weak Short,Break,True,home,-0.07935056710724825,-0.6938867999999999,0.2324928
Leicester,2021,2022-01-19 19:30:00,2022-03-01 19:45:00,-1.0790161423611162,Weak Short,Break,True,home,-0.07935056710724825,-0.5918447999999998,0.2015468000000001
Leicester,2021,2022-01-23 14:00:00,2022-03-05 12:30:00,-0.7728138118846343,Weak Short,Break,True,home,-0.07935056710724825,-0.4464095999999998,-0.0685853999999998
Leicester,2021,2022-02-10 19:45:00,2022-03-13 16:30:00,0.2745253594626689,Neutral,Normal,True,away,-0.07935056710724825,0.0510392,-0.0677541999999999
Leicester,2021,2022-02-13 16:30:00,2022-03-20 14:00:00,0.26302133888358287,Neutral,Normal,True,home,-0.07935056710724825,0.0455752,-0.0934101999999998
Leicester,2021,2022-02-20 16:30:00,2022-04-02 16:30:00,0.6565615872352257,Weak Long,Normal,True,away,-0.07935056710724825,0.2324928,-0.1882301999999999
Leicester,2021,2022-03-01 19:45:00,2022-04-10 13:00:00,0.5914072276377886,Weak Long,Normal,False,away,-0.07935056710724825,0.2015468000000001,-0.3714991999999999
Leicester,2021,2022-03-05 12:30:00,2022-04-17 13:15:00,0.022665209359276458,Neutral,Normal,False,home,-0.07935056710724825,-0.0685853999999998,-0.3351081999999999
Leicester,2021,2022-03-13 16:30:00,2022-04-20 18:45:00,0.02441523533023823,Neutral,Normal,False,away,-0.07935056710724825,-0.0677541999999999,-0.4876636
Leicester,2021,2022-03-20 14:00:00,2022-04-23 14:00:00,-0.02960144694959905,Neutral,Break,False,home,-0.07935056710724825,-0.0934101999999998,-0.2962665999999999
Leicester,2021,2022-04-02 16:30:00,2022-05-01 13:00:00,-0.22923747024918573,Neutral,Break,False,away,-0.07935056710724825,-0.1882301999999999,-0.4567159999999999
Leicester,2021,2022-04-10 13:00:00,2022-05-08 13:00:00,-0.6150958793832494,Weak Short,Break,True,home,-0.07935056710724825,-0.3714991999999999,-0.1376049999999999
Leicester,2021,2022-04-17 13:15:00,2022-05-11 18:45:00,-0.5384775022065434,Weak Short,Break,True,away,-0.07935056710724825,-0.3351081999999999,-0.1317057999999999
Leicester,2021,2022-04-20 18:45:00,2022-05-15 13:00:00,-0.8596708515935688,Weak Short,Break,False,away,-0.07935056710724825,-0.4876636,-0.6343783999999999
Leicester,2021,2022-04-23 14:00:00,2022-05-19 19:00:00,-0.4566995802218016,Neutral,Break,False,home,-0.07935056710724825,-0.2962665999999999,-0.8731459599999999
Leicester,2021,2022-05-01 13:00:00,2022-05-22 15:00:00,-0.7945131233224626,Weak Short,Break,False,away,-0.07935056710724825,-0.4567159999999999,-0.8438565599999999
Leicester,2021,2022-05-08 13:00:00,2022-08-07 13:00:00,-0.12265010886185998,Neutral,Break,False,home,-0.07935056710724825,-0.1376049999999999,-1.24767556
Leicester,2021,2022-05-11 18:45:00,2022-08-13 14:00:00,-0.11022980904484966,Neutral,Break,False,home,-0.07935056710724825,-0.1317057999999999,-1.42365576
Leicester,2021,2022-05-15 13:00:00,2022-08-20 14:00:00,-1.1685672788367047,Weak Short,Break,False,away,-0.07935056710724825,-0.6343783999999999,-1.02966016
Leicester,2021,2022-05-19 19:00:00,2022-08-27 14:00:00,-1.6712735240523282,Strong Short,Break,True,away,-0.07935056710724825,-0.8731459599999999,-0.6459735999999998
Leicester,2021,2022-05-22 15:00:00,2022-09-01 19:00:00,-1.6096070049547653,Strong Short,Break,True,home,-0.07935056710724825,-0.8438565599999999,-0.4070363999999999
Leicester,2022,2022-08-07 13:00:00,2022-09-04 13:00:00,-2.4261204973171586,Strong Short,Break,True,home,-0.12830575518000853,-1.24767556,-0.2850773999999999
Leicester,2022,2022-08-13 14:00:00,2022-09-17 16:30:00,-2.807539728480565,Strong Short,Break,True,away,-0.12830575518000853,-1.42365576,-0.1043151999999999
Leicester,2022,2022-08-20 14:00:00,2022-10-03 19:00:00,-1.9535942344206372,Strong Short,Break,True,home,-0.12830575518000853,-1.02966016,-0.5029648
Leicester,2022,2022-08-27 14:00:00,2022-10-08 14:00:00,-1.12199253875867,Weak Short,Break,False,away,-0.12830575518000853,-0.6459735999999998,-0.6587608
Leicester,2022,2022-09-01 19:00:00,2022-10-15 11:30:00,-0.6041203967771461,Weak Short,Break,False,home,-0.12830575518000853,-0.4070363999999999,-0.5871288
Leicester,2022,2022-09-04 13:00:00,2022-10-20 19:15:00,-0.3397866364253688,Neutral,Break,False,away,-0.12830575518000853,-0.2850773999999999,-0.669177
Leicester,2022,2022-09-17 16:30:00,2022-10-23 13:00:00,0.0519970946273624,Neutral,Break,False,away,-0.12830575518000853,-0.1043151999999999,-1.19026
Leicester,2022,2022-10-03 19:00:00,2022-10-29 11:30:00,-0.8120354723068689,Weak Short,Break,True,home,-0.12830575518000853,-0.5029648,-0.5014805999999999
Leicester,2022,2022-10-08 14:00:00,2022-11-05 17:30:00,-1.1497074975593349,Weak Short,Break,True,away,-0.12830575518000853,-0.6587608,-0.4841505999999999
Leicester,2022,2022-10-15 11:30:00,2022-11-12 15:00:00,-0.9944524042778344,Weak Short,Break,False,home,-0.12830575518000853,-0.5871288,-0.7577037999999998
Leicester,2022,2022-10-20 19:15:00,2022-12-26 15:00:00,-1.172283554386434,Weak Short,Break,True,home,-0.12830575518000853,-0.669177,-0.4265555999999998
Leicester,2022,2022-10-23 13:00:00,2022-12-30 20:00:00,-2.3016780955468663,Strong Short,Break,True,away,-0.12830575518000853,-1.19026,0.1482918000000001
Leicester,2022,2022-10-29 11:30:00,2023-01-03 19:45:00,-0.8088186193717504,Weak Short,Break,False,home,-0.12830575518000853,-0.5014805999999999,0.3000144000000001
Leicester,2022,2022-11-05 17:30:00,2023-01-14 15:00:00,-0.7712576024160823,Weak Short,Break,False,away,-0.12830575518000853,-0.4841505999999999,0.4071186000000001
Leicester,2022,2022-11-12 15:00:00,2023-01-21 15:00:00,-1.3641564127725283,Weak Short,Break,True,away,-0.12830575518000853,-0.7577037999999998,0.3578686
Leicester,2022,2022-12-26 15:00:00,2023-02-04 15:00:00,-0.6464262826491063,Weak Short,Break,True,home,-0.12830575518000853,-0.4265555999999998,-0.0047613999999999
Leicester,2022,2022-12-30 20:00:00,2023-02-11 15:00:00,0.5994971413740675,Weak Long,Normal,False,away,-0.12830575518000853,0.1482918000000001,-0.4950077999999999
Leicester,2022,2023-01-03 19:45:00,2023-02-19 14:00:00,0.92834048535318,Weak Long,Normal,True,home,-0.12830575518000853,0.3000144000000001,-0.5060937999999998
Leicester,2022,2023-01-14 15:00:00,2023-02-25 15:00:00,1.1604779736522708,Weak Long,Normal,True,away,-0.12830575518000853,0.4071186000000001,-0.6627087399999999
Leicester,2022,2023-01-21 15:00:00,2023-03-04 17:30:00,1.0537335948255744,Weak Long,Normal,True,home,-0.12830575518000853,0.3578686,-0.2004887399999999
Leicester,2022,2023-02-04 15:00:00,2023-03-11 15:00:00,0.2677698568778627,Neutral,Normal,False,away,-0.12830575518000853,-0.0047613999999999,0.37222126
Leicester,2022,2023-02-11 15:00:00,2023-03-18 15:00:00,-0.7947894820058733,Weak Short,Break,False,home,-0.12830575518000853,-0.4950077999999999,0.97407126
Leicester,2022,2023-02-19 14:00:00,2023-04-01 14:00:00,-0.8188172623850153,Weak Short,Break,False,away,-0.12830575518000853,-0.5060937999999998,0.53450706
Leicester,2022,2023-02-25 15:00:00,2023-04-04 18:45:00,-1.158264257009996,Weak Short,Break,False,home,-0.12830575518000853,-0.6627087399999999,0.4647572
Leicester,2022,2023-03-04 17:30:00,2023-04-08 14:00:00,-0.15644929698409774,Neutral,Break,False,away,-0.12830575518000853,-0.2004887399999999,0.2770482000000001
Leicester,2022,2023-03-11 15:00:00,2023-04-15 16:30:00,1.0848415293679252,Weak Long,Normal,True,home,-0.12830575518000853,0.37222126,0.1901542
Leicester,2022,2023-03-18 15:00:00,2023-04-22 14:00:00,2.3892903496084745,Strong Long,Normal,True,away,-0.12830575518000853,0.97407126,0.2397462
Leicester,2022,2023-04-01 14:00:00,2023-04-25 19:00:00,1.4365795377617008,Weak Long,Normal,False,away,-0.12830575518000853,0.53450706,0.6171424000000001
Leicester,2022,2023-04-04 18:45:00,2023-05-01 19:00:00,1.2854037919962382,Weak Long,Normal,False,home,-0.12830575518000853,0.4647572,0.947795
Leicester,2022,2023-04-08 14:00:00,2023-05-08 14:00:00,0.8785635766626283,Weak Long,Normal,False,home,-0.12830575518000853,0.2770482000000001,0.7865340000000002
Leicester,2022,2023-04-15 16:30:00,2023-05-15 19:00:00,0.6902296466369036,Weak Long,Normal,False,away,-0.12830575518000853,0.1901542,0.7066492000000002
Leicester,2022,2023-04-22 14:00:00,2023-05-22 19:00:00,0.7977152757693607,Weak Long,Normal,False,home,-0.12830575518000853,0.2397462,0.5895726400000001
Leicester,2022,2023-04-25 19:00:00,2023-05-28 15:30:00,1.615683254257799,Strong Long,Normal,True,away,-0.12830575518000853,0.6171424000000001,0.3784106400000002
Leicester,2022,2023-05-01 19:00:00,2024-08-19 19:00:00,2.332339221657434,Strong Long,Normal,True,home,-0.12830575518000853,0.947795,0.1186666400000001
Leicester,2022,2023-05-08 14:00:00,2024-08-24 14:00:00,1.982822363302676,Strong Long,Normal,True,away,-0.12830575518000853,0.7865340000000002,0.1049356400000001
Leicester,2022,2023-05-15 19:00:00,2024-08-31 14:00:00,1.8096801632276536,Strong Long,Normal,True,home,-0.12830575518000853,0.7066492000000002,-0.0456153599999998
Leicester,2022,2023-05-22 19:00:00,2024-09-14 14:00:00,1.555928596276051,Strong Long,Normal,True,away,-0.12830575518000853,0.5895726400000001,-0.1320227999999998
Leicester,2022,2023-05-28 15:30:00,2024-09-21 14:00:00,1.0982563826353848,Weak Long,Normal,True,home,-0.12830575518000853,0.3784106400000002,-0.0704627999999999
Leicester,2024,2024-08-19 19:00:00,2024-09-28 14:00:00,0.4661920448377899,Neutral,Normal,False,home,-0.10505105361553492,0.1186666400000001,-0.4081089999999999
Leicester,2024,2024-08-24 14:00:00,2024-10-05 14:00:00,0.43757882759861855,Neutral,Normal,False,away,-0.10505105361553492,0.1049356400000001,-0.3970973999999999
Leicester,2024,2024-08-31 14:00:00,2024-10-19 14:00:00,0.12385451993169758,Neutral,Normal,False,home,-0.10505105361553492,-0.0456153599999998,-0.3843935999999999
Leicester,2024,2024-09-14 14:00:00,2024-10-25 19:00:00,-0.05620482401999342,Neutral,Break,False,away,-0.10505105361553492,-0.1320227999999998,-0.3482845999999999
Leicester,2024,2024-09-21 14:00:00,2024-11-02 15:00:00,0.07207641210580872,Neutral,Break,False,home,-0.10505105361553492,-0.0704627999999999,-0.1481545999999999
Leicester,2024,2024-09-28 14:00:00,2024-11-10 14:00:00,-0.6315244961004921,Weak Short,Break,False,away,-0.10505105361553492,-0.4081089999999999,0.2677226
Leicester,2024,2024-10-05 14:00:00,2024-11-23 12:30:00,-0.6085780753772484,Weak Short,Break,False,home,-0.10505105361553492,-0.3970973999999999,0.2789074000000001
Leicester,2024,2024-10-19 14:00:00,2024-11-30 15:00:00,-0.582105379349065,Weak Short,Break,False,away,-0.10505105361553492,-0.3843935999999999,0.2927664000000001
Leicester,2024,2024-10-25 19:00:00,2024-12-03 20:15:00,-0.5068599739678663,Weak Short,Break,False,home,-0.10505105361553492,-0.3482845999999999,0.2824054
Leicester,2024,2024-11-02 15:00:00,2024-12-08 14:00:00,-0.08982092611444158,Neutral,Break,True,away,-0.10505105361553492,-0.1481545999999999,-0.1004345999999999
Leicester,2024,2024-11-10 14:00:00,2024-12-14 15:00:00,0.7768009272406186,Weak Long,Normal,True,away,-0.10505105361553492,0.2677226,-0.1465417999999999
Leicester,2024,2024-11-23 12:30:00,2024-12-22 14:00:00,0.8001082691805128,Weak Long,Normal,True,home,-0.10505105361553492,0.2789074000000001,0.0175968
Leicester,2024,2024-11-30 15:00:00,2024-12-26 20:00:00,0.8289882180347606,Weak Long,Normal,True,away,-0.10505105361553492,0.2927664000000001,-0.1197201999999999
Leicester,2024,2024-12-03 20:15:00,2024-12-29 14:30:00,0.8073975440987721,Weak Long,Normal,False,home,-0.10505105361553492,0.2824054,0.2925738
Leicester,2024,2024-12-08 14:00:00,2025-01-04 15:00:00,0.009619954131225822,Neutral,Normal,False,home,-0.10505105361553492,-0.1004345999999999,0.3707938
Leicester,2024,2024-12-14 15:00:00,2025-01-15 19:30:00,-0.08646010776447904,Neutral,Normal,False,away,-0.10505105361553492,-0.1465417999999999,0.7532500000000001
Leicester,2024,2024-12-22 14:00:00,2025-01-18 15:00:00,0.255578594379098,Neutral,Normal,False,home,-0.10505105361553492,0.0175968,0.7309008
Leicester,2024,2024-12-26 20:00:00,2025-01-26 14:00:00,-0.030568164897815334,Neutral,Normal,False,away,-0.10505105361553492,-0.1197201999999999,0.7676448
Leicester,2024,2024-12-29 14:30:00,2025-02-01 15:00:00,0.8285868703077002,Weak Long,Normal,False,home,-0.10505105361553492,0.2925738,0.488656
Leicester,2024,2025-01-04 15:00:00,2025-02-15 12:30:00,0.9915848932082891,Weak Long,Normal,False,away,-0.10505105361553492,0.3707938,0.5722018
Leicester,2024,2025-01-15 19:30:00,2025-02-21 20:00:00,1.7885627050987551,Strong Long,Normal,True,home,-0.10505105361553492,0.7532500000000001,0.297974
Leicester,2024,2025-01-18 15:00:00,2025-02-27 20:00:00,1.7419905315701198,Strong Long,Normal,True,home,-0.10505105361553492,0.7309008,0.2205028
Leicester,2024,2025-01-26 14:00:00,2025-03-09 14:00:00,1.8185591758229867,Strong Long,Normal,True,away,-0.10505105361553492,0.7676448,0.3612622
Leicester,2024,2025-02-01 15:00:00,2025-03-16 19:00:00,1.2371909476024825,Weak Long,Normal,False,away,-0.10505105361553492,0.488656,0.532745
Leicester,2024,2025-02-15 12:30:00,2025-04-02 19:45:00,1.4112870895309921,Weak Long,Normal,True,home,-0.10505105361553492,0.5722018,0.5070514000000002
Leicester,2024,2025-02-21 20:00:00,2025-04-07 19:00:00,0.839840027086884,Weak Long,Normal,False,home,-0.10505105361553492,0.297974,0.4323862
Leicester,2024,2025-02-27 20:00:00,2025-04-12 14:00:00,0.6784023841344919,Weak Long,Normal,False,away,-0.10505105361553492,0.2205028,0.3713586
Leicester,2024,2025-03-09 14:00:00,2025-04-20 15:30:00,0.9717225567843661,Weak Long,Normal,False,away,-0.10505105361553492,0.3612622,0.3961022
Leicester,2024,2025-03-16 19:00:00,2025-04-26 14:00:00,1.3290654021111001,Weak Long,Normal,True,home,-0.10505105361553492,0.532745,0.3451482
Leicester,2024,2025-04-02 19:45:00,2025-05-03 14:00:00,1.2755240316022973,Weak Long,Normal,True,away,-0.10505105361553492,0.5070514000000002,0.245678
Leicester,2024,2025-04-07 19:00:00,2025-05-11 13:15:00,1.1199336457741578,Weak Long,Normal,True,home,-0.10505105361553492,0.4323862,0.020661
Leicester,2024,2025-04-12 14:00:00,2025-05-18 14:00:00,0.9927618464598137,Weak Long,Normal,True,away,-0.10505105361553492,0.3713586,-0.2185182
Leicester,2024,2025-04-20 15:30:00,2025-05-25 15:00:00,1.044323568262972,Weak Long,Normal,True,home,-0.10505105361553492,0.3961022,-0.2336188
Southampton,2017,2017-08-12 15:00:00,2017-09-23 15:00:00,2.2247531039355706,Strong Long,Normal,True,home,0.09260613069860432,1.2032980000000002,0.2371824000000001
Southampton,2017,2017-08-19 15:00:00,2017-09-30 15:00:00,1.379396820676443,Weak Long,Normal,True,home,0.09260613069860432,0.7812600000000001,0.4942644000000001
Southampton,2017,2017-08-26 15:00:00,2017-10-15 16:00:00,1.8882558824091265,Strong Long,Normal,True,away,0.09260613069860432,1.0353042,0.2779722000000001
Southampton,2017,2017-09-09 15:00:00,2017-10-21 17:30:00,1.3538180819438668,Weak Long,Normal,True,home,0.09260613069860432,0.7684900000000001,0.4162964000000001
Southampton,2017,2017-09-16 12:30:00,2017-10-29 13:30:00,0.8566170762152036,Weak Long,Normal,True,away,0.09260613069860432,0.5202660000000001,0.3021684000000001
Southampton,2017,2017-09-23 15:00:00,2017-11-04 15:00:00,0.2895911213305404,Neutral,Normal,False,home,0.09260613069860432,0.2371824000000001,0.2996078000000001
Southampton,2017,2017-09-30 15:00:00,2017-11-18 15:00:00,0.8045349984525602,Weak Long,Normal,True,away,0.09260613069860432,0.4942644000000001,0.3268230000000002
Southampton,2017,2017-10-15 16:00:00,2017-11-26 13:30:00,0.37129446018363693,Neutral,Normal,True,home,0.09260613069860432,0.2779722000000001,-0.0219989999999997
Southampton,2017,2017-10-21 17:30:00,2017-11-29 20:00:00,0.6483624768001315,Weak Long,Normal,True,home,0.09260613069860432,0.4162964000000001,-0.0852549999999997
Southampton,2017,2017-10-29 13:30:00,2017-12-03 13:30:00,0.4197602611328275,Neutral,Normal,True,away,0.09260613069860432,0.3021684000000001,0.0065450000000002
Southampton,2017,2017-11-04 15:00:00,2017-12-10 12:00:00,0.4146312933647276,Neutral,Normal,True,home,0.09260613069860432,0.2996078000000001,-0.1074227999999997
Southampton,2017,2017-11-18 15:00:00,2017-12-13 19:45:00,0.4691442526720741,Neutral,Normal,False,away,0.09260613069860432,0.3268230000000002,-0.1967019999999998
Southampton,2017,2017-11-26 13:30:00,2017-12-16 15:00:00,-0.22955792447551737,Neutral,Break,False,home,0.09260613069860432,-0.0219989999999997,0.3266462000000001
Southampton,2017,2017-11-29 20:00:00,2017-12-23 15:00:00,-0.3562618161957875,Neutral,Break,False,away,0.09260613069860432,-0.0852549999999997,0.3329362000000002
Southampton,2017,2017-12-03 13:30:00,2017-12-26 12:30:00,-0.1723833341558105,Neutral,Break,True,away,0.09260613069860432,0.0065450000000002,0.0506318000000002
Southampton,2017,2017-12-10 12:00:00,2017-12-30 17:30:00,-0.40066466384465244,Neutral,Break,True,home,0.09260613069860432,-0.1074227999999997,0.1767738000000002
Southampton,2017,2017-12-13 19:45:00,2018-01-02 19:45:00,-0.5794938988527522,Weak Short,Break,True,home,0.09260613069860432,-0.1967019999999998,0.0423360000000001
Southampton,2017,2017-12-16 15:00:00,2018-01-13 15:00:00,0.4687901163362932,Neutral,Break,False,away,0.09260613069860432,0.3266462000000001,-0.3035527999999998
Southampton,2017,2017-12-23 15:00:00,2018-01-21 16:00:00,0.4813891975131066,Neutral,Break,False,home,0.09260613069860432,0.3329362000000002,-0.4207447999999997
Southampton,2017,2017-12-26 12:30:00,2018-01-31 19:45:00,-0.0840759936111475,Neutral,Break,False,away,0.09260613069860432,0.0506318000000002,-0.0841823999999998
Southampton,2017,2017-12-30 17:30:00,2018-02-03 15:00:00,0.16859066740722722,Neutral,Break,False,away,0.09260613069860432,0.1767738000000002,-0.6548183999999998
Southampton,2017,2018-01-02 19:45:00,2018-02-11 16:30:00,-0.10069275952952723,Neutral,Break,False,home,0.09260613069860432,0.0423360000000001,-0.3730099999999998
Southampton,2017,2018-01-13 15:00:00,2018-02-24 15:00:00,-0.7935196385995624,Weak Short,Break,True,away,0.09260613069860432,-0.3035527999999998,-0.2127413999999998
Southampton,2017,2018-01-21 16:00:00,2018-03-03 15:00:00,-1.028259149135826,Weak Short,Break,True,home,0.09260613069860432,-0.4207447999999997,-0.0465803999999998
Southampton,2017,2018-01-31 19:45:00,2018-03-10 15:00:00,-0.3541133623849371,Neutral,Break,True,home,0.09260613069860432,-0.0841823999999998,-0.0020217999999998
Southampton,2017,2018-02-03 15:00:00,2018-03-31 15:00:00,-1.4971164285871639,Weak Short,Break,True,away,0.09260613069860432,-0.6548183999999998,0.4879164000000002
Southampton,2017,2018-02-11 16:30:00,2018-04-08 13:15:00,-0.932644742115326,Weak Short,Break,True,home,0.09260613069860432,-0.3730099999999998,0.3504458000000002
Southampton,2017,2018-02-24 15:00:00,2018-04-14 11:30:00,-0.6116213555502685,Weak Short,Break,True,away,0.09260613069860432,-0.2127413999999998,0.2770898000000002
Southampton,2017,2018-03-03 15:00:00,2018-04-19 18:45:00,-0.2787952939571896,Neutral,Break,True,home,0.09260613069860432,-0.0465803999999998,0.2107450000000002
Southampton,2017,2018-03-10 15:00:00,2018-04-28 14:00:00,-0.18954292217258695,Neutral,Break,True,away,0.09260613069860432,-0.0020217999999998,0.0565684000000002
Southampton,2017,2018-03-31 15:00:00,2018-05-05 17:30:00,0.7918197413284886,Weak Long,Normal,True,away,0.09260613069860432,0.4879164000000002,-0.1057605999999997
Southampton,2017,2018-04-08 13:15:00,2018-05-08 19:45:00,0.5164615141702655,Weak Long,Normal,True,away,0.09260613069860432,0.3504458000000002,-0.0414285999999997
Southampton,2017,2018-04-14 11:30:00,2018-05-13 15:00:00,0.36952698335845113,Neutral,Normal,True,home,0.09260613069860432,0.2770898000000002,0.2014562000000002
Southampton,2017,2018-04-19 18:45:00,2018-08-12 15:30:00,0.23663612153660057,Neutral,Normal,False,away,0.09260613069860432,0.2107450000000002,0.2752100000000002
Southampton,2017,2018-04-28 14:00:00,2018-08-18 17:00:00,-0.07218478449918096,Neutral,Normal,False,home,0.09260613069860432,0.0565684000000002,0.4849840000000002
Southampton,2017,2018-05-05 17:30:00,2018-08-25 17:00:00,-0.39733522143891337,Neutral,Normal,False,away,0.09260613069860432,-0.1057605999999997,0.4664836000000002
Southampton,2017,2018-05-08 19:45:00,2018-09-01 14:00:00,-0.2684760655936431,Neutral,Normal,False,away,0.09260613069860432,-0.0414285999999997,0.5959776000000002
Southampton,2017,2018-05-13 15:00:00,2018-09-17 19:00:00,0.21803034327981471,Neutral,Normal,False,home,0.09260613069860432,0.2014562000000002,0.5336948000000002
Southampton,2018,2018-08-12 15:30:00,2018-09-22 14:00:00,0.41938284934472986,Neutral,Normal,False,home,0.08861307697826137,0.2752100000000002,0.3918002000000002
Southampton,2018,2018-08-18 17:00:00,2018-09-29 14:00:00,0.8908569573512809,Weak Long,Normal,True,away,0.08861307697826137,0.4849840000000002,0.3727836000000002
Southampton,2018,2018-08-25 17:00:00,2018-10-07 13:15:00,0.8492766872140648,Weak Long,Normal,False,home,0.08861307697826137,0.4664836000000002,0.7616848000000003
Southampton,2018,2018-09-01 14:00:00,2018-10-20 14:00:00,1.1403187998791249,Weak Long,Normal,False,away,0.08861307697826137,0.5959776000000002,0.6523874000000003
Southampton,2018,2018-09-17 19:00:00,2018-10-27 14:00:00,1.0003361157802833,Weak Long,Normal,False,home,0.08861307697826137,0.5336948000000002,0.8517774000000002
Southampton,2018,2018-09-22 14:00:00,2018-11-04 15:00:00,0.6814232382742702,Weak Long,Normal,False,away,0.08861307697826137,0.3918002000000002,0.9526160000000002
Southampton,2018,2018-09-29 14:00:00,2018-11-10 15:00:00,0.6386827913060217,Weak Long,Normal,False,away,0.08861307697826137,0.3727836000000002,0.8571126000000003
Southampton,2018,2018-10-07 13:15:00,2018-11-24 15:00:00,1.5127512953755313,Strong Long,Normal,True,home,0.08861307697826137,0.7616848000000003,0.4940386000000002
Southampton,2018,2018-10-20 14:00:00,2018-12-01 17:30:00,1.2671017192963452,Weak Long,Normal,True,away,0.08861307697826137,0.6523874000000003,0.1009028000000002
Southampton,2018,2018-10-27 14:00:00,2018-12-05 20:00:00,1.7152374386677933,Strong Long,Normal,True,home,0.08861307697826137,0.8517774000000002,0.0273388000000001
Southampton,2018,2018-11-04 15:00:00,2018-12-08 15:00:00,1.94187557774904,Strong Long,Normal,True,away,0.08861307697826137,0.9526160000000002,-0.0353675999999998
Southampton,2018,2018-11-10 15:00:00,2018-12-16 13:30:00,1.7272284797931787,Strong Long,Normal,True,home,0.08861307697826137,0.8571126000000003,-0.4334635999999998
Southampton,2018,2018-11-24 15:00:00,2018-12-22 15:00:00,0.9112074748527641,Weak Long,Normal,False,away,0.08861307697826137,0.4940386000000002,-0.4474455999999998
Southampton,2018,2018-12-01 17:30:00,2018-12-27 19:45:00,0.027621565109698463,Neutral,Normal,False,home,0.08861307697826137,0.1009028000000002,-0.1149063999999998
Southampton,2018,2018-12-05 20:00:00,2018-12-30 14:15:00,-0.13771599474707102,Neutral,Break,False,away,0.08861307697826137,0.0273388000000001,-0.4354981999999998
Southampton,2018,2018-12-08 15:00:00,2019-01-02 19:45:00,-0.2786507340679685,Neutral,Break,False,away,0.08861307697826137,-0.0353675999999998,-0.5040901999999998
Southampton,2018,2018-12-16 13:30:00,2019-01-12 15:00:00,-1.1733848598460723,Weak Short,Break,True,home,0.08861307697826137,-0.4334635999999998,-0.2630981999999998
Southampton,2018,2018-12-22 15:00:00,2019-01-19 15:00:00,-1.2048098742813578,Weak Short,Break,True,away,0.08861307697826137,-0.4474455999999998,-0.3714241999999997
Southampton,2018,2018-12-27 19:45:00,2019-01-30 19:45:00,-0.45741685752421885,Neutral,Break,False,home,0.08861307697826137,-0.1149063999999998,-0.3622401999999998
Southampton,2018,2018-12-30 14:15:00,2019-02-02 15:00:00,-1.177957691656259,Weak Short,Break,True,home,0.08861307697826137,-0.4354981999999998,-0.2489669999999998
Southampton,2018,2019-01-02 19:45:00,2019-02-09 15:00:00,-1.332120514581814,Weak Short,Break,True,away,0.08861307697826137,-0.5040901999999998,-0.1392685999999998
Southampton,2018,2019-01-12 15:00:00,2019-02-24 14:05:00,-0.7904829034540538,Weak Short,Break,True,away,0.08861307697826137,-0.2630981999999998,0.1000468000000001
Southampton,2018,2019-01-19 15:00:00,2019-02-27 19:45:00,-1.0339492254192049,Weak Short,Break,True,home,0.08861307697826137,-0.3714241999999997,0.1196748000000002
Southampton,2018,2019-01-30 19:45:00,2019-03-02 15:00:00,-1.013307877073213,Weak Short,Break,True,home,0.08861307697826137,-0.3622401999999998,-0.2311421999999997
Southampton,2018,2019-02-02 15:00:00,2019-03-09 15:00:00,-0.7587225570094889,Weak Short,Break,True,away,0.08861307697826137,-0.2489669999999998,-0.1731475999999998
Southampton,2018,2019-02-09 15:00:00,2019-03-30 15:00:00,-0.5121717199670249,Weak Short,Break,False,home,0.08861307697826137,-0.1392685999999998,-0.3429923999999998
Southampton,2018,2019-02-24 14:05:00,2019-04-05 20:00:00,0.02569767637013278,Neutral,Break,False,away,0.08861307697826137,0.1000468000000001,-0.5219469999999997
Southampton,2018,2019-02-27 19:45:00,2019-04-13 15:00:00,0.06981226536568338,Neutral,Break,False,home,0.08861307697826137,0.1196748000000002,-0.1919089999999998
Southampton,2018,2019-03-02 15:00:00,2019-04-20 17:30:00,-0.7186607205550416,Weak Short,Break,True,away,0.08861307697826137,-0.2311421999999997,0.1465980000000001
Southampton,2018,2019-03-09 15:00:00,2019-04-23 19:45:00,-0.5883159099293364,Weak Short,Break,False,home,0.08861307697826137,-0.1731475999999998,0.3550520000000001
Southampton,2018,2019-03-30 15:00:00,2019-04-27 15:00:00,-0.9700478003425957,Weak Short,Break,True,away,0.08861307697826137,-0.3429923999999998,0.3306388000000002
Southampton,2018,2019-04-05 20:00:00,2019-05-04 14:00:00,-1.372254272110637,Weak Short,Break,True,home,0.08861307697826137,-0.5219469999999997,0.4756972000000002
Southampton,2018,2019-04-13 15:00:00,2019-05-12 14:00:00,-0.6304827863294341,Weak Short,Break,True,home,0.08861307697826137,-0.1919089999999998,0.3022168000000002
Southampton,2018,2019-04-20 17:30:00,2019-08-10 15:00:00,0.13032306129216578,Neutral,Normal,False,away,0.08861307697826137,0.1465980000000001,0.4655168000000002
Southampton,2018,2019-04-23 19:45:00,2019-08-17 15:00:00,0.5988304249806953,Weak Long,Normal,False,away,0.08861307697826137,0.3550520000000001,0.4696128000000003
Southampton,2018,2019-04-27 15:00:00,2019-08-24 15:00:00,0.5439609383256022,Weak Long,Normal,False,home,0.08861307697826137,0.3306388000000002,0.5381288000000002
Southampton,2018,2019-05-04 14:00:00,2019-08-31 12:30:00,0.869984562553855,Weak Long,Normal,True,away,0.08861307697826137,0.4756972000000002,0.4033148000000002
Southampton,2018,2019-05-12 14:00:00,2019-09-14 14:00:00,0.4800815390780206,Neutral,Normal,False,home,0.08861307697826137,0.3022168000000002,0.5304292000000002
Southampton,2019,2019-08-10 15:00:00,2019-09-20 19:00:00,0.8315321731574694,Weak Long,Normal,False,away,0.10176099659283463,0.4655168000000002,0.5489672000000002
Southampton,2019,2019-08-17 15:00:00,2019-09-28 14:00:00,0.8408954760913354,Weak Long,Normal,True,home,0.10176099659283463,0.4696128000000003,0.3533852000000002
Southampton,2019,2019-08-24 15:00:00,2019-10-06 14:00:00,0.9975204916715948,Weak Long,Normal,True,away,0.10176099659283463,0.5381288000000002,0.3918832000000002
Southampton,2019,2019-08-31 12:30:00,2019-10-19 15:00:00,0.6893407256251659,Weak Long,Normal,False,home,0.10176099659283463,0.4033148000000002,0.5133500000000002
Southampton,2019,2019-09-14 14:00:00,2019-10-25 20:00:00,0.979919493803042,Weak Long,Normal,True,away,0.10176099659283463,0.5304292000000002,0.4894988000000002
Southampton,2019,2019-09-20 19:00:00,2019-11-02 15:00:00,1.0222966690442536,Weak Long,Normal,True,home,0.10176099659283463,0.5489672000000002,0.2322346000000002
Southampton,2019,2019-09-28 14:00:00,2019-11-09 15:00:00,0.5752035258774262,Weak Long,Normal,True,away,0.10176099659283463,0.3533852000000002,0.1481788000000002
Southampton,2019,2019-10-06 14:00:00,2019-11-23 15:00:00,0.6632085152201905,Weak Long,Normal,True,home,0.10176099659283463,0.3918832000000002,0.2147148000000002
Southampton,2019,2019-10-19 15:00:00,2019-11-30 17:30:00,0.940877080846968,Weak Long,Normal,True,away,0.10176099659283463,0.5133500000000002,0.1327448000000002
Southampton,2019,2019-10-25 20:00:00,2019-12-04 19:30:00,0.886354128958243,Weak Long,Normal,True,home,0.10176099659283463,0.4894988000000002,0.0417420000000002
Southampton,2019,2019-11-02 15:00:00,2019-12-08 14:00:00,0.2982577816343618,Neutral,Normal,False,away,0.10176099659283463,0.2322346000000002,0.2414742000000002
Southampton,2019,2019-11-09 15:00:00,2019-12-14 17:30:00,0.10610936397117077,Neutral,Normal,False,home,0.10176099659283463,0.1481788000000002,0.4541948000000003
Southampton,2019,2019-11-23 15:00:00,2019-12-21 15:00:00,0.2582081735433606,Neutral,Normal,False,away,0.10176099659283463,0.2147148000000002,0.2604588000000002
Southampton,2019,2019-11-30 17:30:00,2019-12-26 15:00:00,0.07082781673452929,Neutral,Normal,False,home,0.10176099659283463,0.1327448000000002,0.0633030000000002
Southampton,2019,2019-12-04 19:30:00,2019-12-28 15:00:00,-0.1372011833216219,Neutral,Normal,True,home,0.10176099659283463,0.0417420000000002,0.1587130000000002
Southampton,2019,2019-12-08 14:00:00,2020-01-01 15:00:00,0.3193791619536356,Neutral,Normal,True,away,0.10176099659283463,0.2414742000000002,0.0825870000000002
Southampton,2019,2019-12-14 17:30:00,2020-01-11 15:00:00,0.8056505042567795,Weak Long,Normal,True,home,0.10176099659283463,0.4541948000000003,0.0026122000000002
Southampton,2019,2019-12-21 15:00:00,2020-01-18 15:00:00,0.36277724810555634,Neutral,Normal,False,away,0.10176099659283463,0.2604588000000002,-0.1668809999999997
Southampton,2019,2019-12-26 15:00:00,2020-01-21 19:30:00,-0.08791354304889758,Neutral,Normal,False,away,0.10176099659283463,0.0633030000000002,-0.1370251999999997
Southampton,2019,2019-12-28 15:00:00,2020-02-01 15:00:00,0.1301901515116806,Neutral,Normal,False,home,0.10176099659283463,0.1587130000000002,-0.0896395999999997
Southampton,2019,2020-01-01 15:00:00,2020-02-15 12:30:00,-0.043831039685453606,Neutral,Normal,False,home,0.10176099659283463,0.0825870000000002,-0.2532185999999997
Southampton,2019,2020-01-11 15:00:00,2020-02-22 15:00:00,-0.2266504438542339,Neutral,Break,False,away,0.10176099659283463,0.0026122000000002,-0.1285685999999998
Southampton,2019,2020-01-18 15:00:00,2020-02-29 15:00:00,-0.614105565150691,Weak Short,Break,True,home,0.10176099659283463,-0.1668809999999997,0.0877512000000002
Southampton,2019,2020-01-21 19:30:00,2020-03-07 15:00:00,-0.5458563220518365,Weak Short,Break,True,away,0.10176099659283463,-0.1370251999999997,0.3314054000000002
Southampton,2019,2020-02-01 15:00:00,2020-06-19 17:00:00,-0.4375346112356774,Neutral,Break,True,away,0.10176099659283463,-0.0896395999999997,-0.0376561999999998
Southampton,2019,2020-02-15 12:30:00,2020-06-25 17:00:00,-0.8114700923437879,Weak Short,Break,True,home,0.10176099659283463,-0.2532185999999997,0.1711998000000001
Southampton,2019,2020-02-22 15:00:00,2020-06-28 15:30:00,-0.5265248504721178,Weak Short,Break,False,home,0.10176099659283463,-0.1285685999999998,-0.3673721999999998
Southampton,2019,2020-02-29 15:00:00,2020-07-05 18:00:00,-0.032025871469860516,Neutral,Break,False,away,0.10176099659283463,0.0877512000000002,-0.4153337999999998
Southampton,2019,2020-03-07 15:00:00,2020-07-09 17:00:00,0.5249585244551163,Weak Long,Break,False,home,0.10176099659283463,0.3314054000000002,-0.2257399999999997
Southampton,2019,2020-06-19 17:00:00,2020-07-13 19:00:00,-0.31870250143774914,Neutral,Break,False,away,0.10176099659283463,-0.0376561999999998,-0.0389179999999997
Southampton,2019,2020-06-25 17:00:00,2020-07-16 19:15:00,0.15873450968418878,Neutral,Break,True,home,0.10176099659283463,0.1711998000000001,0.0809110000000002
Southampton,2019,2020-06-28 15:30:00,2020-07-19 13:00:00,-1.0724209560623756,Weak Short,Break,True,away,0.10176099659283463,-0.3673721999999998,0.4626850000000002
Southampton,2019,2020-07-05 18:00:00,2020-07-26 15:00:00,-1.1820593813536093,Weak Short,Break,True,home,0.10176099659283463,-0.4153337999999998,0.2655440000000001
Southampton,2019,2020-07-09 17:00:00,2020-09-12 14:00:00,-0.7486550396097736,Weak Short,Break,True,away,0.10176099659283463,-0.2257399999999997,0.2587100000000002
Southampton,2019,2020-07-13 19:00:00,2020-09-20 11:00:00,-0.3215869290847098,Neutral,Break,False,away,0.10176099659283463,-0.0389179999999997,0.3531060000000002
Southampton,2019,2020-07-16 19:15:00,2020-09-26 19:00:00,-0.047662313053900604,Neutral,Normal,False,home,0.10176099659283463,0.0809110000000002,0.0269424000000002
Southampton,2019,2020-07-19 13:00:00,2020-10-04 11:00:00,0.8250587841808775,Weak Long,Normal,True,away,0.10176099659283463,0.4626850000000002,-0.2322957999999997
Southampton,2019,2020-07-26 15:00:00,2020-10-17 14:00:00,0.3744018252733525,Neutral,Normal,False,home,0.10176099659283463,0.2655440000000001,-0.2762117999999997
Southampton,2020,2020-09-12 14:00:00,2020-10-25 14:00:00,0.3565743684821668,Neutral,Normal,False,away,0.11367524346741763,0.2587100000000002,-0.7804437999999998
Southampton,2020,2020-09-20 11:00:00,2020-11-01 12:00:00,0.5886511126499067,Weak Long,Normal,False,home,0.11367524346741763,0.3531060000000002,-1.4351937999999995
Southampton,2020,2020-09-26 19:00:00,2020-11-06 20:00:00,-0.21323653464477804,Neutral,Break,False,away,0.11367524346741763,0.0269424000000002,-1.5793545999999998
Southampton,2020,2020-10-04 11:00:00,2020-11-23 20:00:00,-0.8505851237789085,Weak Short,Break,False,home,0.11367524346741763,-0.2322957999999997,-1.3534703999999995
Southampton,2020,2020-10-17 14:00:00,2020-11-29 14:00:00,-0.9585545535944776,Weak Short,Break,False,away,0.11367524346741763,-0.2762117999999997,-1.3384097999999998
Southampton,2020,2020-10-25 14:00:00,2020-12-07 20:00:00,-2.1982312439752976,Strong Short,Break,False,home,0.11367524346741763,-0.7804437999999998,-1.2171097999999998
Southampton,2020,2020-11-01 12:00:00,2020-12-13 12:00:00,-3.807963099602947,Strong Short,Break,True,away,0.11367524346741763,-1.4351937999999995,-0.7618297999999999
Southampton,2020,2020-11-06 20:00:00,2020-12-16 18:00:00,-4.162388807266586,Strong Short,Break,True,home,0.11367524346741763,-1.5793545999999998,-0.5364033999999999
Southampton,2020,2020-11-23 20:00:00,2020-12-19 15:00:00,-3.607042503451438,Strong Short,Break,True,away,0.11367524346741763,-1.3534703999999995,-0.4347089999999999
Southampton,2020,2020-11-29 14:00:00,2020-12-26 15:00:00,-3.570015351737249,Strong Short,Break,True,home,0.11367524346741763,-1.3384097999999998,-0.1105237999999998
Southampton,2020,2020-12-07 20:00:00,2020-12-29 18:00:00,-3.2717939327412444,Strong Short,Break,True,away,0.11367524346741763,-1.2171097999999998,0.1540734000000001
Southampton,2020,2020-12-13 12:00:00,2021-01-04 20:00:00,-2.152467901080066,Strong Short,Break,True,home,0.11367524346741763,-0.7618297999999999,0.1982146000000001
Southampton,2020,2020-12-16 18:00:00,2021-01-16 20:00:00,-1.5982471188281206,Strong Short,Break,True,away,0.11367524346741763,-0.5364033999999999,0.2512520000000002
Southampton,2020,2020-12-19 15:00:00,2021-01-26 20:15:00,-1.3482269352176732,Weak Short,Break,True,home,0.11367524346741763,-0.4347089999999999,0.1328656000000002
Southampton,2020,2020-12-26 15:00:00,2021-01-30 20:00:00,-0.5512032718911801,Weak Short,Break,False,away,0.11367524346741763,-0.1105237999999998,0.5540378000000001
Southampton,2020,2020-12-29 18:00:00,2021-02-02 20:15:00,0.0993206559436889,Neutral,Normal,False,home,0.11367524346741763,0.1540734000000001,0.5214172000000001
Southampton,2020,2021-01-04 20:00:00,2021-02-06 15:00:00,0.20784374992708904,Neutral,Normal,False,home,0.11367524346741763,0.1982146000000001,0.5082200000000002
Southampton,2020,2021-01-16 20:00:00,2021-02-14 12:00:00,0.3382385453752236,Neutral,Normal,False,away,0.11367524346741763,0.2512520000000002,0.4033106000000002
Southampton,2020,2021-01-26 20:15:00,2021-02-20 12:30:00,0.04718034094135219,Neutral,Normal,False,home,0.11367524346741763,0.1328656000000002,0.3036232000000002
Southampton,2020,2021-01-30 20:00:00,2021-02-23 20:00:00,1.0826508366187557,Weak Long,Normal,True,home,0.11367524346741763,0.5540378000000001,0.1544712000000002
Southampton,2020,2021-02-02 20:15:00,2021-03-01 20:00:00,1.0024516476616159,Weak Long,Normal,True,away,0.11367524346741763,0.5214172000000001,0.1860412000000002
Southampton,2020,2021-02-06 15:00:00,2021-03-06 15:00:00,0.9700057473254736,Weak Long,Normal,True,away,0.11367524346741763,0.5082200000000002,0.3739232000000002
Southampton,2020,2021-02-14 12:00:00,2021-03-10 18:00:00,0.7120813439122876,Weak Long,Normal,True,home,0.11367524346741763,0.4033106000000002,0.3243252000000002
Southampton,2020,2021-02-20 12:30:00,2021-03-14 12:00:00,0.46699545863592895,Neutral,Normal,False,home,0.11367524346741763,0.3036232000000002,0.4319946000000002
Southampton,2020,2021-02-23 20:00:00,2021-04-04 11:00:00,0.10029866485116323,Neutral,Normal,False,away,0.11367524346741763,0.1544712000000002,0.0165766000000001
Southampton,2020,2021-03-01 20:00:00,2021-04-12 17:00:00,0.17791490720651254,Neutral,Normal,True,away,0.11367524346741763,0.1860412000000002,0.1834680000000002
Southampton,2020,2021-03-06 15:00:00,2021-04-21 19:00:00,0.6398311202634568,Weak Long,Normal,True,away,0.11367524346741763,0.3739232000000002,0.1209640000000001
Southampton,2020,2021-03-10 18:00:00,2021-04-30 19:00:00,0.517892241950482,Weak Long,Normal,True,away,0.11367524346741763,0.3243252000000002,0.1906534000000001
Southampton,2020,2021-03-14 12:00:00,2021-05-08 19:15:00,0.7826022275271384,Weak Long,Normal,True,home,0.11367524346741763,0.4319946000000002,0.4294434000000001
Southampton,2020,2021-04-04 11:00:00,2021-05-11 21:00:00,-0.23872131275713432,Neutral,Normal,False,home,0.11367524346741763,0.0165766000000001,0.2666434000000002
Southampton,2020,2021-04-12 17:00:00,2021-05-15 14:00:00,0.17158858111120728,Neutral,Normal,False,away,0.11367524346741763,0.1834680000000002,-0.1751045999999998
Southampton,2020,2021-04-21 19:00:00,2021-05-18 17:00:00,0.017919730551221296,Neutral,Normal,False,away,0.11367524346741763,0.1209640000000001,0.0743074000000001
Southampton,2020,2021-04-30 19:00:00,2021-05-23 15:00:00,0.18925420505229443,Neutral,Normal,False,home,0.11367524346741763,0.1906534000000001,0.3538540000000002
Southampton,2020,2021-05-08 19:15:00,2021-08-14 14:00:00,0.7763299894055997,Weak Long,Normal,True,away,0.11367524346741763,0.4294434000000001,0.0241942000000001
Southampton,2020,2021-05-11 21:00:00,2021-08-22 13:00:00,0.3760789835313251,Neutral,Normal,True,home,0.11367524346741763,0.2666434000000002,0.2239554000000002
Southampton,2020,2021-05-15 14:00:00,2021-08-28 14:00:00,-0.7099780271747512,Weak Short,Normal,False,home,0.11367524346741763,-0.1751045999999998,0.6577354000000002
Southampton,2020,2021-05-18 17:00:00,2021-09-11 14:00:00,-0.0967875856691331,Neutral,Normal,False,home,0.11367524346741763,0.0743074000000001,0.5344824000000002
Southampton,2020,2021-05-23 15:00:00,2021-09-18 14:00:00,0.5904901037579777,Weak Long,Normal,False,away,0.11367524346741763,0.3538540000000002,0.3623090000000002
Southampton,2021,2021-08-14 14:00:00,2021-09-26 13:00:00,-0.1270529597309271,Neutral,Normal,False,away,0.08124612403069514,0.0241942000000001,0.6280572000000002
Southampton,2021,2021-08-22 13:00:00,2021-10-02 14:00:00,0.3178093675368897,Neutral,Normal,False,home,0.08124612403069514,0.2239554000000002,0.8158200000000002
Southampton,2021,2021-08-28 14:00:00,2021-10-16 14:00:00,1.283824691444803,Weak Long,Normal,False,away,0.08124612403069514,0.6577354000000002,0.6899120000000002
Southampton,2021,2021-09-11 14:00:00,2021-10-23 14:00:00,1.0093438792413314,Weak Long,Normal,True,home,0.08124612403069514,0.5344824000000002,0.4366190000000001
Southampton,2021,2021-09-18 14:00:00,2021-10-30 14:00:00,0.6259187725759093,Weak Long,Normal,False,away,0.08124612403069514,0.3623090000000002,0.5199484000000002
Southampton,2021,2021-09-26 13:00:00,2021-11-05 20:00:00,1.2177322114180527,Weak Long,Normal,True,home,0.08124612403069514,0.6280572000000002,0.3177160000000001
Southampton,2021,2021-10-02 14:00:00,2021-11-20 15:00:00,1.6358744541675034,Strong Long,Normal,True,away,0.08124612403069514,0.8158200000000002,0.2386840000000002
Southampton,2021,2021-10-16 14:00:00,2021-11-27 15:00:00,1.355481034916737,Weak Long,Normal,True,home,0.08124612403069514,0.6899120000000002,0.2657464000000001
Southampton,2021,2021-10-23 14:00:00,2021-12-01 19:30:00,0.7914049607809831,Weak Long,Normal,True,home,0.08124612403069514,0.4366190000000001,0.3629504000000002
Southampton,2021,2021-10-30 14:00:00,2021-12-04 15:00:00,0.976977087970001,Weak Long,Normal,True,away,0.08124612403069514,0.5199484000000002,0.2499084000000001
Southampton,2021,2021-11-05 20:00:00,2021-12-11 15:00:00,0.5266114708583897,Weak Long,Normal,False,home,0.08124612403069514,0.3177160000000001,0.3707154000000002
Southampton,2021,2021-11-20 15:00:00,2021-12-15 19:30:00,0.3506095272946243,Neutral,Normal,True,away,0.08124612403069514,0.2386840000000002,0.0695160000000001
Southampton,2021,2021-11-27 15:00:00,2021-12-26 15:00:00,0.4108766975231397,Neutral,Normal,False,away,0.08124612403069514,0.2657464000000001,-0.4524243999999998
Southampton,2021,2021-12-01 19:30:00,2021-12-28 15:00:00,0.6273471515439449,Weak Long,Normal,False,home,0.08124612403069514,0.3629504000000002,-0.5641537999999998
Southampton,2021,2021-12-04 15:00:00,2022-01-11 21:45:00,0.3756059365381853,Neutral,Normal,False,home,0.08124612403069514,0.2499084000000001,-1.1140138
Southampton,2021,2021-12-11 15:00:00,2022-01-15 15:00:00,0.6446395785579727,Weak Long,Normal,False,away,0.08124612403069514,0.3707154000000002,-1.2310008
Southampton,2021,2021-12-15 19:30:00,2022-01-22 17:30:00,-0.02612264181149861,Neutral,Normal,False,away,0.08124612403069514,0.0695160000000001,-0.9555934
Southampton,2021,2021-12-26 15:00:00,2022-02-09 19:45:00,-1.1884685880668027,Weak Short,Break,False,away,0.08124612403069514,-0.4524243999999998,-0.8802933999999997
Southampton,2021,2021-12-28 15:00:00,2022-02-12 12:30:00,-1.43728668141144,Weak Short,Break,False,home,0.08124612403069514,-0.5641537999999998,-0.8154247999999997
Southampton,2021,2022-01-11 21:45:00,2022-02-19 15:00:00,-2.6618087571272535,Strong Short,Break,True,home,0.08124612403069514,-1.1140138,-0.1883347999999997
Southampton,2021,2022-01-15 15:00:00,2022-02-25 20:00:00,-2.9223353713049818,Strong Short,Break,True,away,0.08124612403069514,-1.2310008,0.0459352000000002
Southampton,2021,2022-01-22 17:30:00,2022-03-05 15:00:00,-2.309011177663882,Strong Short,Break,True,home,0.08124612403069514,-0.9555934,0.3113852000000002
Southampton,2021,2022-02-09 19:45:00,2022-03-10 19:30:00,-2.1413202885259177,Strong Short,Break,True,away,0.08124612403069514,-0.8802933999999997,0.7244692000000003
Southampton,2021,2022-02-12 12:30:00,2022-03-13 14:00:00,-1.9968598209145645,Strong Short,Break,True,away,0.08124612403069514,-0.8154247999999997,0.8403840000000002
Southampton,2021,2022-02-19 15:00:00,2022-04-02 14:00:00,-0.6003488027269729,Weak Short,Break,False,home,0.08124612403069514,-0.1883347999999997,0.9074560000000002
Southampton,2021,2022-02-25 20:00:00,2022-04-09 14:00:00,-0.0786363910622885,Neutral,Break,False,home,0.08124612403069514,0.0459352000000002,0.8026752000000001
Southampton,2021,2022-03-05 15:00:00,2022-04-16 14:00:00,0.5125129651352209,Weak Long,Normal,False,away,0.08124612403069514,0.3113852000000002,0.5447952000000003
Southampton,2021,2022-03-10 19:30:00,2022-04-21 18:45:00,1.4324389046925463,Weak Long,Normal,True,home,0.08124612403069514,0.7244692000000003,0.6487992000000002
Southampton,2021,2022-03-13 14:00:00,2022-04-24 13:00:00,1.690577760950836,Strong Long,Normal,True,home,0.08124612403069514,0.8403840000000002,0.3827600000000001
Southampton,2021,2022-04-02 14:00:00,2022-04-30 14:00:00,1.8399451356687841,Strong Long,Normal,True,away,0.08124612403069514,0.9074560000000002,0.1000372000000001
Southampton,2021,2022-04-09 14:00:00,2022-05-07 14:00:00,1.606601370508264,Strong Long,Normal,True,home,0.08124612403069514,0.8026752000000001,0.1848068000000002
Southampton,2021,2022-04-16 14:00:00,2022-05-17 18:45:00,1.0323101820501228,Weak Long,Normal,True,home,0.08124612403069514,0.5447952000000003,0.0010940000000001
Southampton,2021,2022-04-21 18:45:00,2022-05-22 15:00:00,1.263924036418048,Weak Long,Normal,True,away,0.08124612403069514,0.6487992000000002,-0.2522979999999998
Southampton,2021,2022-04-24 13:00:00,2022-08-06 14:00:00,0.6714625491198731,Weak Long,Normal,True,away,0.08124612403069514,0.3827600000000001,-0.1603415999999998
Southampton,2021,2022-04-30 14:00:00,2022-08-13 14:00:00,0.04184717446416695,Neutral,Normal,False,home,0.08124612403069514,0.1000372000000001,-0.2085807999999998
Southampton,2021,2022-05-07 14:00:00,2022-08-20 14:00:00,0.23062658476787928,Neutral,Normal,False,away,0.08124612403069514,0.1848068000000002,-0.5579855999999997
Southampton,2021,2022-05-17 18:45:00,2022-08-27 11:30:00,-0.17849642689247805,Neutral,Break,False,home,0.08124612403069514,0.0010940000000001,-0.1105127999999998
Southampton,2021,2022-05-22 15:00:00,2022-08-30 18:45:00,-0.7427929711215202,Weak Short,Break,True,away,0.08124612403069514,-0.2522979999999998,-0.2326227999999998
Southampton,2022,2022-08-06 14:00:00,2022-09-03 14:00:00,-0.5073660032427993,Weak Short,Break,True,away,0.07603772273457558,-0.1603415999999998,0.1317440000000001
Southampton,2022,2022-08-13 14:00:00,2022-09-16 19:00:00,-0.6109069129149721,Weak Short,Break,True,home,0.07603772273457558,-0.2085807999999998,0.2935924000000002
Southampton,2022,2022-08-20 14:00:00,2022-10-01 14:00:00,-1.3608714818925585,Weak Short,Break,True,away,0.07603772273457558,-0.5579855999999997,0.6372044000000001
Southampton,2022,2022-08-27 11:30:00,2022-10-08 14:00:00,-0.400413166548311,Neutral,Break,False,home,0.07603772273457558,-0.1105127999999998,0.3856600000000002
Southampton,2022,2022-08-30 18:45:00,2022-10-16 13:00:00,-0.6625108066432757,Weak Short,Break,False,home,0.07603772273457558,-0.2326227999999998,0.4023838000000002
Southampton,2022,2022-09-03 14:00:00,2022-10-19 18:30:00,0.11956828932719309,Neutral,Normal,False,away,0.07603772273457558,0.1317440000000001,0.2084638000000001
Southampton,2022,2022-09-16 19:00:00,2022-10-23 13:00:00,0.4669606707304024,Neutral,Normal,True,away,0.07603772273457558,0.2935924000000002,0.0893340000000002
Southampton,2022,2022-10-01 14:00:00,2022-10-29 14:00:00,1.204491538868237,Weak Long,Normal,True,home,0.07603772273457558,0.6372044000000001,0.1690180000000002
Southampton,2022,2022-10-08 14:00:00,2022-11-06 14:00:00,0.6645751223658719,Weak Long,Normal,True,away,0.07603772273457558,0.3856600000000002,0.2792444000000001
Southampton,2022,2022-10-16 13:00:00,2022-11-12 15:00:00,0.7004711874991136,Weak Long,Normal,False,home,0.07603772273457558,0.4023838000000002,0.4612026000000002
Southampton,2022,2022-10-19 18:30:00,2022-12-26 15:00:00,0.28424013052412744,Neutral,Normal,False,away,0.07603772273457558,0.2084638000000001,0.5548646000000002
Southampton,2022,2022-10-23 13:00:00,2022-12-31 15:00:00,0.028539209674196406,Neutral,Normal,False,home,0.07603772273457558,0.0893340000000002,0.5700762000000001
Southampton,2022,2022-10-29 14:00:00,2023-01-04 19:30:00,0.19957342761971406,Neutral,Normal,False,away,0.07603772273457558,0.1690180000000002,0.4243442000000001
Southampton,2022,2022-11-06 14:00:00,2023-01-14 15:00:00,0.4361640370387918,Neutral,Normal,True,home,0.07603772273457558,0.2792444000000001,0.1107122000000001
Southampton,2022,2022-11-12 15:00:00,2023-01-21 15:00:00,0.8267202143864915,Weak Long,Normal,True,away,0.07603772273457558,0.4612026000000002,0.1583470000000001
Southampton,2022,2022-12-26 15:00:00,2023-02-04 15:00:00,1.0277568957932115,Weak Long,Normal,True,home,0.07603772273457558,0.5548646000000002,0.1458060000000001
Southampton,2022,2022-12-31 15:00:00,2023-02-11 15:00:00,1.060407165730715,Weak Long,Normal,True,away,0.07603772273457558,0.5700762000000001,0.2664698000000002
Southampton,2022,2023-01-04 19:30:00,2023-02-18 15:00:00,0.7476071224392614,Weak Long,Normal,True,home,0.07603772273457558,0.4243442000000001,0.0645022000000001
Southampton,2022,2023-01-14 15:00:00,2023-02-25 15:00:00,0.07442550702476675,Neutral,Normal,False,away,0.07603772273457558,0.1107122000000001,0.3259038000000002
Southampton,2022,2023-01-21 15:00:00,2023-03-04 17:30:00,0.1766691288935377,Neutral,Normal,False,home,0.07603772273457558,0.1583470000000001,0.2600790000000001
Southampton,2022,2023-02-04 15:00:00,2023-03-12 14:00:00,0.14975105089475832,Neutral,Normal,False,away,0.07603772273457558,0.1458060000000001,0.3673080000000002
Southampton,2022,2023-02-11 15:00:00,2023-03-15 19:30:00,0.4087445585918414,Neutral,Normal,False,home,0.07603772273457558,0.2664698000000002,0.3786974000000002
Southampton,2022,2023-02-18 15:00:00,2023-03-18 15:00:00,-0.024759915535124438,Neutral,Normal,False,away,0.07603772273457558,0.0645022000000001,0.3589450000000002
Southampton,2022,2023-02-25 15:00:00,2023-04-02 13:00:00,0.5363140544677248,Weak Long,Normal,False,away,0.07603772273457558,0.3259038000000002,0.3443716000000002
Southampton,2022,2023-03-04 17:30:00,2023-04-08 16:30:00,0.39502730694726745,Neutral,Normal,True,home,0.07603772273457558,0.2600790000000001,0.1742678000000002
Southampton,2022,2023-03-12 14:00:00,2023-04-15 14:00:00,0.6251842789376285,Weak Long,Normal,True,away,0.07603772273457558,0.3673080000000002,0.0738516000000002
Southampton,2022,2023-03-15 19:30:00,2023-04-21 19:00:00,0.6496305557544132,Weak Long,Normal,False,home,0.07603772273457558,0.3786974000000002,-0.3118177999999997
Southampton,2022,2023-03-18 15:00:00,2023-04-27 18:45:00,0.6072338853243765,Weak Long,Normal,True,home,0.07603772273457558,0.3589450000000002,-0.1205649999999998
Southampton,2022,2023-04-02 13:00:00,2023-04-30 13:00:00,0.5759534517140257,Weak Long,Normal,False,away,0.07603772273457558,0.3443716000000002,-0.2047821999999998
Southampton,2022,2023-04-08 16:30:00,2023-05-08 19:00:00,0.21084162998619135,Neutral,Normal,False,home,0.07603772273457558,0.1742678000000002,-0.0411503999999997
Southampton,2022,2023-04-15 14:00:00,2023-05-13 14:00:00,-0.004692307015724832,Neutral,Normal,False,home,0.07603772273457558,0.0738516000000002,-0.1469103999999997
Southampton,2022,2023-04-21 19:00:00,2023-05-21 13:00:00,-0.8324954320410375,Weak Short,Break,True,away,0.07603772273457558,-0.3118177999999997,0.1396954000000001
Southampton,2022,2023-04-27 18:45:00,2023-05-28 15:30:00,-0.4219892692242802,Neutral,Break,False,home,0.07603772273457558,-0.1205649999999998,-0.4877833999999998
Southampton,2022,2023-04-30 13:00:00,2024-08-17 14:00:00,-0.6027535749765173,Weak Short,Break,True,away,0.07603772273457558,-0.2047821999999998,-0.0762523999999997
Southampton,2022,2023-05-08 19:00:00,2024-08-24 14:00:00,-0.2515332930627406,Neutral,Break,False,away,0.07603772273457558,-0.0411503999999997,-0.0954539999999998
Southampton,2022,2023-05-13 14:00:00,2024-08-31 14:00:00,-0.47853719459777827,Neutral,Break,True,home,0.07603772273457558,-0.1469103999999997,0.0040422000000001
Southampton,2022,2023-05-21 13:00:00,2024-09-14 11:30:00,0.13663522221926663,Neutral,Break,False,away,0.07603772273457558,0.1396954000000001,0.3024964000000002
Southampton,2022,2023-05-28 15:30:00,2024-09-21 14:00:00,-1.210189056624565,Weak Short,Break,False,home,0.07603772273457558,-0.4877833999999998,1.2141944000000002
Southampton,2024,2024-08-17 14:00:00,2024-09-30 19:00:00,-0.3475134126880545,Neutral,Break,False,away,0.07942659194539982,-0.0762523999999997,0.7624420000000002
Southampton,2024,2024-08-24 14:00:00,2024-10-05 14:00:00,-0.3903760588401526,Neutral,Break,False,home,0.07942659194539982,-0.0954539999999998,0.7740776000000003
Southampton,2024,2024-08-31 14:00:00,2024-10-19 14:00:00,-0.16827631641877355,Neutral,Break,False,away,0.07942659194539982,0.0040422000000001,0.7302036000000003
Southampton,2024,2024-09-14 11:30:00,2024-10-26 14:00:00,0.49794612167010666,Neutral,Normal,False,home,0.07942659194539982,0.3024964000000002,0.5330154000000003
Southampton,2024,2024-09-21 14:00:00,2024-11-02 15:00:00,2.5330780258643033,Strong Long,Normal,True,home,0.07942659194539982,1.2141944000000002,0.0614584000000002
Southampton,2024,2024-09-30 19:00:00,2024-11-09 15:00:00,1.5246566823532959,Strong Long,Normal,True,away,0.07942659194539982,0.7624420000000002,0.2807758000000002
Southampton,2024,2024-10-05 14:00:00,2024-11-24 14:00:00,1.5506301744355886,Strong Long,Normal,True,away,0.07942659194539982,0.7740776000000003,0.1341198000000001
Southampton,2024,2024-10-19 14:00:00,2024-11-29 20:00:00,1.4526927245732262,Weak Long,Normal,True,home,0.07942659194539982,0.7302036000000003,0.0355616000000001
Southampton,2024,2024-10-26 14:00:00,2024-12-04 19:30:00,1.0125206533932674,Weak Long,Normal,True,away,0.07942659194539982,0.5330154000000003,0.1435918000000001
Southampton,2024,2024-11-02 15:00:00,2024-12-07 15:00:00,-0.04010937908031822,Neutral,Normal,False,home,0.07942659194539982,0.0614584000000002,0.3126892000000001
Southampton,2024,2024-11-09 15:00:00,2024-12-15 19:00:00,0.44946045422514075,Neutral,Normal,False,away,0.07942659194539982,0.2807758000000002,0.4088702000000001
Southampton,2024,2024-11-24 14:00:00,2024-12-22 14:00:00,0.12208855635818883,Neutral,Normal,False,home,0.07942659194539982,0.1341198000000001,0.5569064000000001
Southampton,2024,2024-11-29 20:00:00,2024-12-26 15:00:00,-0.09791734169133247,Neutral,Normal,False,away,0.07942659194539982,0.0355616000000001,1.0095786
Southampton,2024,2024-12-04 19:30:00,2024-12-29 15:00:00,0.14323236647571397,Neutral,Normal,False,home,0.07942659194539982,0.1435918000000001,0.8712566
Southampton,2024,2024-12-07 15:00:00,2025-01-04 15:00:00,0.5206989328785007,Weak Long,Normal,False,away,0.07942659194539982,0.3126892000000001,0.8440130000000001
Southampton,2024,2024-12-15 19:00:00,2025-01-16 20:00:00,0.7353983417587461,Weak Long,Normal,False,home,0.07942659194539982,0.4088702000000001,0.6627110000000002
Southampton,2024,2024-12-22 14:00:00,2025-01-19 14:00:00,1.0658511820585745,Weak Long,Normal,True,away,0.07942659194539982,0.5569064000000001,0.4585488000000001
Southampton,2024,2024-12-26 15:00:00,2025-01-25 15:00:00,2.0763257431103437,Strong Long,Normal,True,home,0.07942659194539982,1.0095786,-0.0159929999999998
Southampton,2024,2024-12-29 15:00:00,2025-02-01 15:00:00,1.7675573622956995,Strong Long,Normal,True,away,0.07942659194539982,0.8712566,-0.2245669999999998
Southampton,2024,2025-01-04 15:00:00,2025-02-15 15:00:00,1.7067430141836002,Strong Long,Normal,True,home,0.07942659194539982,0.8440130000000001,-0.2796061999999998
Southampton,2024,2025-01-16 20:00:00,2025-02-22 15:00:00,1.3020328091659121,Weak Long,Normal,True,away,0.07942659194539982,0.6627110000000002,-0.3221867999999998
Southampton,2024,2025-01-19 14:00:00,2025-02-25 20:15:00,0.8462930720484931,Weak Long,Normal,True,away,0.07942659194539982,0.4585488000000001,-0.0050229999999998
Southampton,2024,2025-01-25 15:00:00,2025-03-08 15:00:00,-0.21299976072479523,Neutral,Break,False,home,0.07942659194539982,-0.0159929999999998,-0.0678339999999998
Southampton,2024,2025-02-01 15:00:00,2025-03-15 15:00:00,-0.6785877095690401,Weak Short,Break,True,away,0.07942659194539982,-0.2245669999999998,0.1534540000000001
Southampton,2024,2025-02-15 15:00:00,2025-04-02 19:45:00,-0.8014486041869128,Weak Short,Break,True,home,0.07942659194539982,-0.2796061999999998,0.0960312000000001
Southampton,2024,2025-02-22 15:00:00,2025-04-06 13:00:00,-0.8964988703493166,Weak Short,Break,True,home,0.07942659194539982,-0.3221867999999998,0.0212896000000001
Southampton,2024,2025-02-25 20:15:00,2025-04-12 14:00:00,-0.1885120498940044,Neutral,Break,False,away,0.07942659194539982,-0.0050229999999998,-0.0652669999999998
Southampton,2024,2025-03-08 15:00:00,2025-04-19 14:00:00,-0.3287214942871496,Neutral,Break,True,away,0.07942659194539982,-0.0678339999999998,0.0169952000000001
Southampton,2024,2025-03-15 15:00:00,2025-04-26 14:00:00,0.16524719799398427,Neutral,Break,False,home,0.07942659194539982,0.1534540000000001,-0.0523085999999998
Southampton,2024,2025-04-02 19:45:00,2025-05-03 14:00:00,0.0370655278486483,Neutral,Break,False,home,0.07942659194539982,0.0960312000000001,0.1203854000000001
Southampton,2024,2025-04-06 13:00:00,2025-05-10 14:00:00,-0.12977592044949535,Neutral,Break,False,away,0.07942659194539982,0.0212896000000001,0.1916966000000001
Southampton,2024,2025-04-12 14:00:00,2025-05-18 11:00:00,-0.32299132530787517,Neutral,Break,False,home,0.07942659194539982,-0.0652669999999998,0.3192954000000002
Southampton,2024,2025-04-19 14:00:00,2025-05-25 15:00:00,-0.13936206679331925,Neutral,Break,False,away,0.07942659194539982,0.0169952000000001,0.2543488000000001
Wolverhampton Wanderers,2020,2020-09-14 17:00:00,2020-10-25 16:30:00,-0.7469170648041559,Weak Short,Break,False,away,0.1281075405409742,-0.1164938,-0.1233527999999999
Wolverhampton Wanderers,2020,2020-09-21 19:15:00,2020-10-30 20:00:00,-0.8321512553320691,Weak Short,Break,False,home,0.1281075405409742,-0.1444063999999999,-0.1990981999999999
Wolverhampton Wanderers,2020,2020-09-27 18:00:00,2020-11-08 14:00:00,-0.7714137338085847,Weak Short,Break,False,away,0.1281075405409742,-0.1245159999999999,-0.1602565999999999
Wolverhampton Wanderers,2020,2020-10-04 13:00:00,2020-11-23 20:00:00,-0.5230758584808436,Weak Short,Break,True,home,0.1281075405409742,-0.0431899999999999,-0.0240165999999999
Wolverhampton Wanderers,2020,2020-10-19 19:00:00,2020-11-29 19:15:00,-0.8567560221254789,Weak Short,Break,True,away,0.1281075405409742,-0.152464,0.0537251999999999
Wolverhampton Wanderers,2020,2020-10-25 16:30:00,2020-12-06 19:15:00,-0.7678617748215297,Weak Short,Break,True,home,0.1281075405409742,-0.1233527999999999,0.1735506
Wolverhampton Wanderers,2020,2020-10-30 20:00:00,2020-12-12 12:30:00,-0.9991586749746156,Weak Short,Break,False,home,0.1281075405409742,-0.1990981999999999,0.5308805999999999
Wolverhampton Wanderers,2020,2020-11-08 14:00:00,2020-12-15 18:00:00,-0.8805515823064655,Weak Short,Break,True,away,0.1281075405409742,-0.1602565999999999,0.1517652
Wolverhampton Wanderers,2020,2020-11-23 20:00:00,2020-12-21 17:30:00,-0.46452777522568645,Neutral,Break,True,home,0.1281075405409742,-0.0240165999999999,0.1282511999999999
Wolverhampton Wanderers,2020,2020-11-29 19:15:00,2020-12-27 19:15:00,-0.2271346483516963,Neutral,Break,True,away,0.1281075405409742,0.0537251999999999,0.0753908
Wolverhampton Wanderers,2020,2020-12-06 19:15:00,2020-12-29 20:00:00,0.1387653743507202,Neutral,Break,True,away,0.1281075405409742,0.1735506,0.0860494
Wolverhampton Wanderers,2020,2020-12-12 12:30:00,2021-01-02 17:30:00,1.2299117849803058,Weak Long,Normal,False,home,0.1281075405409742,0.5308805999999999,-0.3773586
Wolverhampton Wanderers,2020,2020-12-15 18:00:00,2021-01-12 20:15:00,0.07224126214595208,Neutral,Break,False,home,0.1281075405409742,0.1517652,-0.1436162
Wolverhampton Wanderers,2020,2020-12-21 17:30:00,2021-01-16 12:30:00,0.00043867994030413645,Neutral,Break,False,away,0.1281075405409742,0.1282511999999999,-0.2463441999999999
Wolverhampton Wanderers,2020,2020-12-27 19:15:00,2021-01-27 18:00:00,-0.16097635860793993,Neutral,Break,False,home,0.1281075405409742,0.0753908,-0.0684797999999999
Wolverhampton Wanderers,2020,2020-12-29 20:00:00,2021-01-30 15:00:00,-0.12842915257335982,Neutral,Break,False,away,0.1281075405409742,0.0860494,-0.0605075999999999
Wolverhampton Wanderers,2020,2021-01-02 17:30:00,2021-02-02 18:00:00,-1.5434963897407823,Strong Short,Break,True,away,0.1281075405409742,-0.3773586,0.0881044
Wolverhampton Wanderers,2020,2021-01-12 20:15:00,2021-02-07 14:00:00,-0.8297382928221221,Weak Short,Break,True,home,0.1281075405409742,-0.1436162,0.3886174
Wolverhampton Wanderers,2020,2021-01-16 12:30:00,2021-02-14 12:00:00,-1.143429526334998,Weak Short,Break,True,home,0.1281075405409742,-0.2463441999999999,0.2186234
Wolverhampton Wanderers,2020,2021-01-27 18:00:00,2021-02-19 20:00:00,-0.6003010410726778,Weak Short,Break,True,away,0.1281075405409742,-0.0684797999999999,0.0106492
Wolverhampton Wanderers,2020,2021-01-30 15:00:00,2021-02-27 20:00:00,-0.5759570525611586,Weak Short,Break,True,away,0.1281075405409742,-0.0605075999999999,-0.0238781999999999
Wolverhampton Wanderers,2020,2021-02-02 18:00:00,2021-03-02 20:00:00,-0.1221539843147647,Neutral,Break,False,home,0.1281075405409742,0.0881044,-0.0724373999999999
Wolverhampton Wanderers,2020,2021-02-07 14:00:00,2021-03-06 17:30:00,0.795495475001634,Weak Long,Break,True,home,0.1281075405409742,0.3886174,0.0867246
Wolverhampton Wanderers,2020,2021-02-14 12:00:00,2021-03-15 20:00:00,0.27640012076726844,Neutral,Break,False,away,0.1281075405409742,0.2186234,0.5263526000000001
Wolverhampton Wanderers,2020,2021-02-19 20:00:00,2021-04-05 19:15:00,-0.3586719466033962,Neutral,Break,False,home,0.1281075405409742,0.0106492,0.5992407999999999
Wolverhampton Wanderers,2020,2021-02-27 20:00:00,2021-04-09 19:00:00,-0.464105155621312,Neutral,Break,False,away,0.1281075405409742,-0.0238781999999999,0.4292135999999999
Wolverhampton Wanderers,2020,2021-03-02 20:00:00,2021-04-17 19:15:00,-0.6123860074474788,Weak Short,Break,False,away,0.1281075405409742,-0.0724373999999999,0.6106568
Wolverhampton Wanderers,2020,2021-03-06 17:30:00,2021-04-25 11:00:00,-0.12636735519710512,Neutral,Break,False,away,0.1281075405409742,0.0867246,0.2508174
Wolverhampton Wanderers,2020,2021-03-15 20:00:00,2021-05-03 17:00:00,1.2160850395423897,Weak Long,Normal,True,home,0.1281075405409742,0.5263526000000001,-0.0387049999999999
Wolverhampton Wanderers,2020,2021-04-05 19:15:00,2021-05-09 11:00:00,1.4386571656086342,Weak Long,Normal,True,home,0.1281075405409742,0.5992407999999999,-0.2060229999999999
Wolverhampton Wanderers,2020,2021-04-09 19:00:00,2021-05-16 13:05:00,0.9194604315269765,Weak Long,Normal,True,away,0.1281075405409742,0.4292135999999999,0.1267622
Wolverhampton Wanderers,2020,2021-04-17 19:15:00,2021-05-19 17:00:00,1.4735171757498131,Weak Long,Normal,True,home,0.1281075405409742,0.6106568,0.1346594
Wolverhampton Wanderers,2020,2021-04-25 11:00:00,2021-05-23 15:00:00,0.3747080365420674,Neutral,Normal,False,home,0.1281075405409742,0.2508174,0.004576
Wolverhampton Wanderers,2020,2021-05-03 17:00:00,2021-08-14 14:00:00,-0.5093804182668294,Weak Short,Normal,False,away,0.1281075405409742,-0.0387049999999999,0.3011764
Wolverhampton Wanderers,2020,2021-05-09 11:00:00,2021-08-22 13:00:00,-1.0203043125206595,Weak Short,Normal,False,home,0.1281075405409742,-0.2060229999999999,0.7794504
Wolverhampton Wanderers,2020,2021-05-16 13:05:00,2021-08-29 15:30:00,-0.004108145138551129,Neutral,Normal,False,away,0.1281075405409742,0.1267622,0.9201884
Wolverhampton Wanderers,2020,2021-05-19 17:00:00,2021-09-11 14:00:00,0.020006822633603427,Neutral,Normal,False,away,0.1281075405409742,0.1346594,0.9789272
Wolverhampton Wanderers,2020,2021-05-23 15:00:00,2021-09-18 11:30:00,-0.3772171299941991,Neutral,Normal,False,home,0.1281075405409742,0.004576,1.243308
Wolverhampton Wanderers,2021,2021-08-14 14:00:00,2021-09-26 13:00:00,0.6623051163167493,Weak Long,Normal,False,away,0.10504935096762966,0.3011764,0.9598466
Wolverhampton Wanderers,2021,2021-08-22 13:00:00,2021-10-02 14:00:00,2.277397571763809,Strong Long,Normal,True,home,0.10504935096762966,0.7794504,0.4892906
Wolverhampton Wanderers,2021,2021-08-29 15:30:00,2021-10-16 14:00:00,2.7526583678654335,Strong Long,Normal,True,home,0.10504935096762966,0.9201884,-0.0305933999999999
Wolverhampton Wanderers,2021,2021-09-11 14:00:00,2021-10-23 14:00:00,2.95101452505151,Strong Long,Normal,True,away,0.10504935096762966,0.9789272,-0.1707085999999999
Wolverhampton Wanderers,2021,2021-09-18 11:30:00,2021-11-01 20:00:00,3.843807015224629,Strong Long,Normal,True,home,0.10504935096762966,1.243308,-0.4366526
Wolverhampton Wanderers,2021,2021-09-26 13:00:00,2021-11-06 15:00:00,2.88658088846369,Strong Long,Normal,True,away,0.10504935096762966,0.9598466,-0.3677872
Wolverhampton Wanderers,2021,2021-10-02 14:00:00,2021-11-20 15:00:00,1.2975514922068443,Weak Long,Normal,True,home,0.10504935096762966,0.4892906,-0.1356791999999999
Wolverhampton Wanderers,2021,2021-10-16 14:00:00,2021-11-27 15:00:00,-0.4580545539249528,Neutral,Normal,True,away,0.10504935096762966,-0.0305933999999999,0.0844862
Wolverhampton Wanderers,2021,2021-10-23 14:00:00,2021-12-01 19:30:00,-0.9312122050066672,Weak Short,Normal,True,away,0.10504935096762966,-0.1707085999999999,0.2550956
Wolverhampton Wanderers,2021,2021-11-01 20:00:00,2021-12-04 15:00:00,-1.829283494626034,Strong Short,Normal,True,home,0.10504935096762966,-0.4366526,0.335441
Wolverhampton Wanderers,2021,2021-11-06 15:00:00,2021-12-11 12:30:00,-1.5967306316618253,Strong Short,Normal,True,away,0.10504935096762966,-0.3677872,0.29986578
Wolverhampton Wanderers,2021,2021-11-20 15:00:00,2021-12-15 19:30:00,-0.812920766084967,Weak Short,Normal,True,home,0.10504935096762966,-0.1356791999999999,0.25953178
Wolverhampton Wanderers,2021,2021-11-27 15:00:00,2021-12-19 14:00:00,-0.06944009080158564,Neutral,Normal,False,away,0.10504935096762966,0.0844862,0.26437458
Wolverhampton Wanderers,2021,2021-12-01 19:30:00,2022-01-03 17:30:00,0.5066939971236404,Weak Long,Normal,True,home,0.10504935096762966,0.2550956,0.09022138
Wolverhampton Wanderers,2021,2021-12-04 15:00:00,2022-01-15 15:00:00,0.7780138877509298,Weak Long,Normal,True,home,0.10504935096762966,0.335441,-0.0689780199999999
Wolverhampton Wanderers,2021,2021-12-11 12:30:00,2022-01-22 15:00:00,0.6578792590174647,Weak Long,Normal,False,away,0.10504935096762966,0.29986578,-0.4405926
Wolverhampton Wanderers,2021,2021-12-15 19:30:00,2022-02-10 19:45:00,0.5216746167036409,Weak Long,Normal,False,away,0.10504935096762966,0.25953178,-0.3357927999999999
Wolverhampton Wanderers,2021,2021-12-19 14:00:00,2022-02-13 14:00:00,0.5380283590003978,Weak Long,Normal,False,home,0.10504935096762966,0.26437458,-0.4260149999999999
Wolverhampton Wanderers,2021,2022-01-03 17:30:00,2022-02-20 16:30:00,-0.05007285371859372,Neutral,Normal,False,away,0.10504935096762966,0.09022138,-0.6996445999999998
Wolverhampton Wanderers,2021,2022-01-15 15:00:00,2022-02-24 19:45:00,-0.5876762982957576,Weak Short,Normal,False,home,0.10504935096762966,-0.0689780199999999,-0.5376106
Wolverhampton Wanderers,2021,2022-01-22 15:00:00,2022-02-27 14:00:00,-1.8425885546428056,Strong Short,Normal,True,away,0.10504935096762966,-0.4405926,-0.0028491999999999
Wolverhampton Wanderers,2021,2022-02-10 19:45:00,2022-03-05 15:00:00,-1.4886881412555821,Weak Short,Normal,True,home,0.10504935096762966,-0.3357927999999999,0.011052
Wolverhampton Wanderers,2021,2022-02-13 14:00:00,2022-03-10 19:30:00,-1.793361183348265,Strong Short,Normal,False,away,0.10504935096762966,-0.4260149999999999,-0.452926
Wolverhampton Wanderers,2021,2022-02-20 16:30:00,2022-03-13 14:00:00,-2.7173861199891793,Strong Short,Normal,True,home,0.10504935096762966,-0.6996445999999998,-0.2050544
Wolverhampton Wanderers,2021,2022-02-24 19:45:00,2022-03-18 20:00:00,-2.170210461421269,Strong Short,Normal,True,away,0.10504935096762966,-0.5376106,-0.3787724
Wolverhampton Wanderers,2021,2022-02-27 14:00:00,2022-04-02 14:00:00,-0.3643646437428933,Neutral,Normal,False,away,0.10504935096762966,-0.0028491999999999,-0.6328739999999999
Wolverhampton Wanderers,2021,2022-03-05 15:00:00,2022-04-08 19:00:00,-0.31742142031519177,Neutral,Normal,False,home,0.10504935096762966,0.011052,-0.7136735999999999
Wolverhampton Wanderers,2021,2022-03-10 19:30:00,2022-04-24 13:00:00,-1.8842374447978438,Strong Short,Normal,True,home,0.10504935096762966,-0.452926,-0.1051671999999999
Wolverhampton Wanderers,2021,2022-03-13 14:00:00,2022-04-30 14:00:00,-1.04719518224627,Weak Short,Normal,True,away,0.10504935096762966,-0.2050544,0.0575882
Wolverhampton Wanderers,2021,2022-03-18 20:00:00,2022-05-07 14:00:00,-1.633826759909602,Strong Short,Normal,True,home,0.10504935096762966,-0.3787724,0.1462782
Wolverhampton Wanderers,2021,2022-04-02 14:00:00,2022-05-11 19:15:00,-2.4919072264978475,Strong Short,Normal,True,home,0.10504935096762966,-0.6328739999999999,0.1043476
Wolverhampton Wanderers,2021,2022-04-08 19:00:00,2022-05-15 13:00:00,-2.76476091363773,Strong Short,Normal,True,away,0.10504935096762966,-0.7136735999999999,0.0427874
Wolverhampton Wanderers,2021,2022-04-24 13:00:00,2022-05-22 15:00:00,-0.7098842200870648,Weak Short,Break,True,away,0.10504935096762966,-0.1051671999999999,-0.0523769999999999
Wolverhampton Wanderers,2021,2022-04-30 14:00:00,2022-08-06 14:00:00,-0.16027245230694662,Neutral,Break,False,home,0.10504935096762966,0.0575882,-0.1373213999999999
Wolverhampton Wanderers,2021,2022-05-07 14:00:00,2022-08-13 14:00:00,0.13922647482185346,Neutral,Break,True,away,0.10504935096762966,0.1462782,0.1209136
Wolverhampton Wanderers,2021,2022-05-11 19:15:00,2022-08-20 11:30:00,-0.0023697560256700856,Neutral,Break,False,home,0.10504935096762966,0.1043476,0.3757668
Wolverhampton Wanderers,2021,2022-05-15 13:00:00,2022-08-28 13:00:00,-0.2102535518745184,Neutral,Break,False,home,0.10504935096762966,0.0427874,0.4024496000000001
Wolverhampton Wanderers,2021,2022-05-22 15:00:00,2022-08-31 18:30:00,-0.5316160019912841,Weak Short,Break,False,away,0.10504935096762966,-0.0523769999999999,0.6855256000000001
Wolverhampton Wanderers,2022,2022-08-06 14:00:00,2022-09-03 14:00:00,-0.6454558082329701,Weak Short,Break,False,away,0.0858596666729767,-0.1373213999999999,0.6853656000000001
Wolverhampton Wanderers,2022,2022-08-13 14:00:00,2022-09-17 11:30:00,0.10137851388841873,Neutral,Break,False,home,0.0858596666729767,0.1209136,0.5524896
Wolverhampton Wanderers,2022,2022-08-20 11:30:00,2022-10-01 16:30:00,0.8384324254901259,Weak Long,Normal,False,away,0.0858596666729767,0.3757668,0.5304626
Wolverhampton Wanderers,2022,2022-08-28 13:00:00,2022-10-08 14:00:00,0.9156010155352422,Weak Long,Normal,False,home,0.0858596666729767,0.4024496000000001,0.6536564
Wolverhampton Wanderers,2022,2022-08-31 18:30:00,2022-10-15 14:00:00,1.7342773087132946,Strong Long,Normal,True,away,0.0858596666729767,0.6855256000000001,0.3919004000000001
Wolverhampton Wanderers,2022,2022-09-03 14:00:00,2022-10-18 19:15:00,1.7338145771256346,Strong Long,Normal,True,home,0.0858596666729767,0.6853656000000001,0.3433898000000001
Wolverhampton Wanderers,2022,2022-09-17 11:30:00,2022-10-23 13:00:00,1.34952756186356,Weak Long,Normal,False,home,0.0858596666729767,0.5524896,0.6047608
Wolverhampton Wanderers,2022,2022-10-01 16:30:00,2022-10-29 14:00:00,1.28582388260487,Weak Long,Normal,True,away,0.0858596666729767,0.5304626,0.4010842000000001
Wolverhampton Wanderers,2022,2022-10-08 14:00:00,2022-11-05 15:00:00,1.6421092742541739,Strong Long,Normal,True,away,0.0858596666729767,0.6536564,0.1098984
Wolverhampton Wanderers,2022,2022-10-15 14:00:00,2022-11-12 19:45:00,0.8850919651318386,Weak Long,Normal,True,home,0.0858596666729767,0.3919004000000001,0.1676302
Wolverhampton Wanderers,2022,2022-10-18 19:15:00,2022-12-26 15:00:00,0.744795796654669,Weak Long,Normal,True,away,0.0858596666729767,0.3433898000000001,0.0402148
Wolverhampton Wanderers,2022,2022-10-23 13:00:00,2022-12-31 12:30:00,1.5006996578941971,Strong Long,Normal,True,home,0.0858596666729767,0.6047608,-0.1658208
Wolverhampton Wanderers,2022,2022-10-29 14:00:00,2023-01-04 20:00:00,0.9116521798490473,Weak Long,Normal,True,away,0.0858596666729767,0.4010842000000001,-0.1108373999999999
Wolverhampton Wanderers,2022,2022-11-05 15:00:00,2023-01-14 15:00:00,0.06952175773595479,Neutral,Break,False,home,0.0858596666729767,0.1098984,-0.0080949999999999
Wolverhampton Wanderers,2022,2022-11-12 19:45:00,2023-01-22 14:00:00,0.23648630443894866,Neutral,Break,False,home,0.0858596666729767,0.1676302,-0.0167073999999999
Wolverhampton Wanderers,2022,2022-12-26 15:00:00,2023-02-04 15:00:00,-0.13200826015076864,Neutral,Break,True,away,0.0858596666729767,0.0402148,0.0657966
Wolverhampton Wanderers,2022,2022-12-31 12:30:00,2023-02-11 15:00:00,-0.7278781370414833,Weak Short,Break,False,home,0.0858596666729767,-0.1658208,-0.3286075999999999
Wolverhampton Wanderers,2022,2023-01-04 20:00:00,2023-02-18 15:00:00,-0.5688621621855215,Weak Short,Break,False,away,0.0858596666729767,-0.1108373999999999,-0.1128289999999999
Wolverhampton Wanderers,2022,2023-01-14 15:00:00,2023-02-24 20:00:00,-0.2717237004854243,Neutral,Break,False,home,0.0858596666729767,-0.0080949999999999,-0.0746559999999999
Wolverhampton Wanderers,2022,2023-01-22 14:00:00,2023-03-01 20:00:00,-0.29663138502020175,Neutral,Break,True,away,0.0858596666729767,-0.0167073999999999,-0.0111493999999999
Wolverhampton Wanderers,2022,2023-02-04 15:00:00,2023-03-04 15:00:00,-0.05802384184323888,Neutral,Break,False,home,0.0858596666729767,0.0657966,-0.0253099999999999
Wolverhampton Wanderers,2022,2023-02-11 15:00:00,2023-03-12 16:30:00,-1.1986693521297171,Weak Short,Break,True,away,0.0858596666729767,-0.3286075999999999,0.1935388
Wolverhampton Wanderers,2022,2023-02-18 15:00:00,2023-03-18 15:00:00,-0.5746220136229214,Weak Short,Break,True,home,0.0858596666729767,-0.1128289999999999,0.1639718000000001
Wolverhampton Wanderers,2022,2023-02-24 20:00:00,2023-04-01 14:00:00,-0.4642229330244752,Neutral,Break,True,away,0.0858596666729767,-0.0746559999999999,0.0413002000000001
Wolverhampton Wanderers,2022,2023-03-01 20:00:00,2023-04-08 14:00:00,-0.2805572464938568,Neutral,Break,False,away,0.0858596666729767,-0.0111493999999999,-0.1958311999999998
Wolverhampton Wanderers,2022,2023-03-04 15:00:00,2023-04-15 14:00:00,-0.32151072724523505,Neutral,Break,False,home,0.0858596666729767,-0.0253099999999999,-0.3205025999999998
Wolverhampton Wanderers,2022,2023-03-12 16:30:00,2023-04-22 14:00:00,0.31141585201427435,Neutral,Break,False,away,0.0858596666729767,0.1935388,-0.3432295999999999
Wolverhampton Wanderers,2022,2023-03-18 15:00:00,2023-04-25 18:30:00,0.22590594668709935,Neutral,Break,False,home,0.0858596666729767,0.1639718000000001,-0.6702876
Wolverhampton Wanderers,2022,2023-04-01 14:00:00,2023-04-29 14:00:00,-0.12886920474297872,Neutral,Break,False,away,0.0858596666729767,0.0413002000000001,-0.4262383999999999
Wolverhampton Wanderers,2022,2023-04-08 14:00:00,2023-05-06 14:00:00,-0.8146703872809612,Weak Short,Break,False,home,0.0858596666729767,-0.1958311999999998,-0.3852589999999999
Wolverhampton Wanderers,2022,2023-04-15 14:00:00,2023-05-13 14:00:00,-1.1752291051423067,Weak Short,Normal,True,home,0.0858596666729767,-0.3205025999999998,-0.1193251999999998
Wolverhampton Wanderers,2022,2023-04-22 14:00:00,2023-05-20 14:00:00,-1.2409572350970104,Weak Short,Normal,True,away,0.0858596666729767,-0.3432295999999999,0.0193748000000001
Wolverhampton Wanderers,2022,2023-04-25 18:30:00,2023-05-28 15:30:00,-2.186832657577996,Strong Short,Normal,True,home,0.0858596666729767,-0.6702876,0.2712608000000001
Wolverhampton Wanderers,2022,2023-04-29 14:00:00,2023-08-14 19:00:00,-1.4810246964330414,Weak Short,Normal,True,away,0.0858596666729767,-0.4262383999999999,0.4949198000000001
Wolverhampton Wanderers,2022,2023-05-06 14:00:00,2023-08-19 14:00:00,-1.3625093037870357,Weak Short,Normal,False,home,0.0858596666729767,-0.3852589999999999,0.8713518000000002
Wolverhampton Wanderers,2022,2023-05-13 14:00:00,2023-08-26 14:00:00,-0.5934094944964083,Weak Short,Normal,False,away,0.0858596666729767,-0.1193251999999998,0.8980500000000002
Wolverhampton Wanderers,2022,2023-05-20 14:00:00,2023-09-03 13:00:00,-0.1922790494435046,Neutral,Normal,False,home,0.0858596666729767,0.0193748000000001,0.6679200000000002
Wolverhampton Wanderers,2022,2023-05-28 15:30:00,2023-09-16 11:30:00,0.5361935048650446,Weak Long,Normal,False,away,0.0858596666729767,0.2712608000000001,0.4981426000000001
Wolverhampton Wanderers,2023,2023-08-14 19:00:00,2023-09-23 14:00:00,1.1770638019736388,Weak Long,Normal,True,away,0.09376507845296259,0.4949198000000001,0.1062834000000001
Wolverhampton Wanderers,2023,2023-08-19 14:00:00,2023-09-30 14:00:00,2.281586464441135,Strong Long,Normal,True,home,0.09376507845296259,0.8713518000000002,-0.4965615999999999
Wolverhampton Wanderers,2023,2023-08-26 14:00:00,2023-10-08 13:00:00,2.3599240312449394,Strong Long,Normal,True,away,0.09376507845296259,0.8980500000000002,-0.4245535999999998
Wolverhampton Wanderers,2023,2023-09-03 13:00:00,2023-10-21 14:00:00,1.684679099056271,Strong Long,Normal,True,away,0.09376507845296259,0.6679200000000002,-0.1914675999999998
Wolverhampton Wanderers,2023,2023-09-16 11:30:00,2023-10-28 16:30:00,1.1865201065295754,Weak Long,Normal,False,home,0.09376507845296259,0.4981426000000001,-0.3265555999999999
Wolverhampton Wanderers,2023,2023-09-23 14:00:00,2023-11-04 15:00:00,0.03673112234017856,Neutral,Normal,False,away,0.09376507845296259,0.1062834000000001,-0.2495463999999999
Wolverhampton Wanderers,2023,2023-09-30 14:00:00,2023-11-11 12:30:00,-1.7321300915184137,Strong Short,Normal,True,home,0.09376507845296259,-0.4965615999999999,-0.0025753999999998
Wolverhampton Wanderers,2023,2023-10-08 13:00:00,2023-11-27 20:00:00,-1.5208450044935073,Strong Short,Normal,True,home,0.09376507845296259,-0.4245535999999998,-0.2392893999999998
Wolverhampton Wanderers,2023,2023-10-21 14:00:00,2023-12-02 15:00:00,-0.8369266093945286,Weak Short,Break,False,away,0.09376507845296259,-0.1914675999999998,-0.2844253999999998
Wolverhampton Wanderers,2023,2023-10-28 16:30:00,2023-12-05 19:30:00,-1.2333003433688166,Weak Short,Break,True,home,0.09376507845296259,-0.3265555999999999,-0.0333319999999998
Wolverhampton Wanderers,2023,2023-11-04 15:00:00,2023-12-09 15:00:00,-1.0073407899342206,Weak Short,Break,True,away,0.09376507845296259,-0.2495463999999999,-0.0585399999999998
Wolverhampton Wanderers,2023,2023-11-11 12:30:00,2023-12-17 14:00:00,-0.28268117950721094,Neutral,Break,True,home,0.09376507845296259,-0.0025753999999998,0.0709332000000001
Wolverhampton Wanderers,2023,2023-11-27 20:00:00,2023-12-24 13:00:00,-0.977244812575948,Weak Short,Break,True,away,0.09376507845296259,-0.2392893999999998,0.1044352
Wolverhampton Wanderers,2023,2023-12-02 15:00:00,2023-12-27 19:30:00,-1.1096823707355437,Weak Short,Break,False,away,0.09376507845296259,-0.2844253999999998,-0.3323707999999999
Wolverhampton Wanderers,2023,2023-12-05 19:30:00,2023-12-30 15:00:00,-0.372926859259325,Neutral,Break,False,home,0.09376507845296259,-0.0333319999999998,-0.4271888
Wolverhampton Wanderers,2023,2023-12-09 15:00:00,2024-01-22 19:45:00,-0.4468918975012402,Neutral,Break,False,home,0.09376507845296259,-0.0585399999999998,-0.2033548
Wolverhampton Wanderers,2023,2023-12-17 14:00:00,2024-02-01 20:15:00,-0.06699304835401979,Neutral,Break,False,away,0.09376507845296259,0.0709332000000001,-0.4593779999999999
Wolverhampton Wanderers,2023,2023-12-24 13:00:00,2024-02-04 14:00:00,0.031308154088880776,Neutral,Break,False,home,0.09376507845296259,0.1044352,-0.710638
Wolverhampton Wanderers,2023,2023-12-27 19:30:00,2024-02-10 15:00:00,-1.2503632396868263,Weak Short,Normal,True,away,0.09376507845296259,-0.3323707999999999,-0.0780419999999999
Wolverhampton Wanderers,2023,2023-12-30 15:00:00,2024-02-17 15:00:00,-1.5285771795480578,Strong Short,Normal,True,home,0.09376507845296259,-0.4271888,-0.0518139999999998
Wolverhampton Wanderers,2023,2024-01-22 19:45:00,2024-02-25 13:30:00,-0.8718059017854088,Weak Short,Normal,False,away,0.09376507845296259,-0.2033548,-0.2368099999999998
Wolverhampton Wanderers,2023,2024-02-01 20:15:00,2024-03-02 15:00:00,-1.6230263785712509,Strong Short,Normal,True,home,0.09376507845296259,-0.4593779999999999,0.0095258000000001
Wolverhampton Wanderers,2023,2024-02-04 14:00:00,2024-03-09 15:00:00,-2.3602707259476245,Strong Short,Normal,True,away,0.09376507845296259,-0.710638,0.1707118000000001
Wolverhampton Wanderers,2023,2024-02-10 15:00:00,2024-03-30 17:30:00,-0.5041144528723065,Weak Short,Normal,False,home,0.09376507845296259,-0.0780419999999999,0.2916138000000001
Wolverhampton Wanderers,2023,2024-02-17 15:00:00,2024-04-02 18:45:00,-0.4271565417723001,Neutral,Normal,False,away,0.09376507845296259,-0.0518139999999998,0.3384738000000001
Wolverhampton Wanderers,2023,2024-02-25 13:30:00,2024-04-06 14:00:00,-0.9699697841795262,Weak Short,Normal,False,home,0.09376507845296259,-0.2368099999999998,0.4519198000000001
Wolverhampton Wanderers,2023,2024-03-02 15:00:00,2024-04-13 14:00:00,-0.24717397065394783,Neutral,Normal,False,away,0.09376507845296259,0.0095258000000001,0.241742
Wolverhampton Wanderers,2023,2024-03-09 15:00:00,2024-04-20 18:30:00,0.22577622984039328,Neutral,Normal,False,home,0.09376507845296259,0.1707118000000001,0.4154672
Wolverhampton Wanderers,2023,2024-03-30 17:30:00,2024-04-24 18:45:00,0.580525557574606,Weak Long,Normal,True,away,0.09376507845296259,0.2916138000000001,0.1798940000000001
Wolverhampton Wanderers,2023,2024-04-02 18:45:00,2024-04-27 14:00:00,0.7180216577021905,Weak Long,Normal,True,away,0.09376507845296259,0.3384738000000001,0.0758740000000001
Wolverhampton Wanderers,2023,2024-04-06 14:00:00,2024-05-04 16:30:00,1.0508936716815747,Weak Long,Normal,True,home,0.09376507845296259,0.4519198000000001,-0.2014305999999998
Wolverhampton Wanderers,2023,2024-04-13 14:00:00,2024-05-11 14:00:00,0.43419226678623907,Neutral,Normal,False,away,0.09376507845296259,0.241742,-0.0615865999999998
Wolverhampton Wanderers,2023,2024-04-20 18:30:00,2024-05-19 15:00:00,0.9439348509493765,Weak Long,Normal,True,home,0.09376507845296259,0.4154672,0.0517610000000001
Wolverhampton Wanderers,2023,2024-04-24 18:45:00,2024-08-17 14:00:00,0.25271854077917916,Neutral,Break,True,home,0.09376507845296259,0.1798940000000001,0.0700372000000001
Wolverhampton Wanderers,2023,2024-04-27 14:00:00,2024-08-25 13:00:00,-0.052495806964553964,Neutral,Break,False,home,0.09376507845296259,0.0758740000000001,0.2556352
Wolverhampton Wanderers,2023,2024-05-04 16:30:00,2024-08-31 14:00:00,-0.866159935164292,Weak Short,Break,True,away,0.09376507845296259,-0.2014305999999998,0.3637842000000001
Wolverhampton Wanderers,2023,2024-05-11 14:00:00,2024-09-15 15:30:00,-0.45583119794188676,Neutral,Break,False,home,0.09376507845296259,-0.0615865999999998,0.4265022000000001
Wolverhampton Wanderers,2023,2024-05-19 15:00:00,2024-09-21 14:00:00,-0.1232479081676364,Neutral,Break,False,away,0.09376507845296259,0.0517610000000001,0.1842748000000001
Wolverhampton Wanderers,2024,2024-08-17 14:00:00,2024-09-28 16:30:00,-0.022048198199322012,Neutral,Break,False,away,0.07758751699521368,0.0700372000000001,0.0188928000000001
Wolverhampton Wanderers,2024,2024-08-25 13:00:00,2024-10-05 14:00:00,0.5199292435414548,Weak Long,Normal,False,home,0.07758751699521368,0.2556352,-0.5254763999999998
Wolverhampton Wanderers,2024,2024-08-31 14:00:00,2024-10-20 13:00:00,0.8357425515880034,Weak Long,Normal,False,away,0.07758751699521368,0.3637842000000001,-0.5607593999999999
Wolverhampton Wanderers,2024,2024-09-15 15:30:00,2024-10-26 14:00:00,1.018889682435847,Weak Long,Normal,False,home,0.07758751699521368,0.4265022000000001,-0.8325493999999999
Wolverhampton Wanderers,2024,2024-09-21 14:00:00,2024-11-02 17:30:00,0.3115448480544425,Neutral,Normal,False,away,0.07758751699521368,0.1842748000000001,-0.8065367999999999
Wolverhampton Wanderers,2024,2024-09-28 16:30:00,2024-11-09 15:00:00,-0.17139846636690464,Neutral,Normal,False,home,0.07758751699521368,0.0188928000000001,-0.9737656
Wolverhampton Wanderers,2024,2024-10-05 14:00:00,2024-11-23 15:00:00,-1.7610482814428934,Strong Short,Normal,False,away,0.07758751699521368,-0.5254763999999998,-1.0452103999999998
Wolverhampton Wanderers,2024,2024-10-20 13:00:00,2024-11-30 15:00:00,-1.8640805882400566,Strong Short,Normal,False,home,0.07758751699521368,-0.5607593999999999,-1.224247
Wolverhampton Wanderers,2024,2024-10-26 14:00:00,2024-12-04 19:30:00,-2.657753197269926,Strong Short,Normal,False,away,0.07758751699521368,-0.8325493999999999,-0.8768502
Wolverhampton Wanderers,2024,2024-11-02 17:30:00,2024-12-09 20:00:00,-2.5817920209586185,Strong Short,Normal,True,home,0.07758751699521368,-0.8065367999999999,-0.7117522
Wolverhampton Wanderers,2024,2024-11-09 15:00:00,2024-12-14 15:00:00,-3.0701283026501245,Strong Short,Normal,True,home,0.07758751699521368,-0.9737656,-0.4468123999999999
Wolverhampton Wanderers,2024,2024-11-23 15:00:00,2024-12-22 14:00:00,-3.278759160362391,Strong Short,Normal,True,away,0.07758751699521368,-1.0452103999999998,-0.2875563999999999
Wolverhampton Wanderers,2024,2024-11-30 15:00:00,2024-12-26 17:30:00,-3.8015762082075564,Strong Short,Normal,True,home,0.07758751699521368,-1.224247,-0.2954653999999999
Wolverhampton Wanderers,2024,2024-12-04 19:30:00,2024-12-29 15:00:00,-2.7871189999783064,Strong Short,Normal,True,away,0.07758751699521368,-0.8768502,-0.7368707999999999
Wolverhampton Wanderers,2024,2024-12-09 20:00:00,2025-01-06 20:00:00,-2.3050050134239313,Strong Short,Normal,True,away,0.07758751699521368,-0.7117522,-0.4510788
Wolverhampton Wanderers,2024,2024-12-14 15:00:00,2025-01-15 19:30:00,-1.531336142965666,Strong Short,Normal,True,home,0.07758751699521368,-0.4468123999999999,-0.2037087999999999
Wolverhampton Wanderers,2024,2024-12-22 14:00:00,2025-01-20 20:00:00,-1.0662817810551433,Weak Short,Normal,True,away,0.07758751699521368,-0.2875563999999999,0.1826812
Wolverhampton Wanderers,2024,2024-12-26 17:30:00,2025-01-25 15:00:00,-1.089377394082912,Weak Short,Normal,False,home,0.07758751699521368,-0.2954653999999999,0.5203282000000001
Wolverhampton Wanderers,2024,2024-12-29 15:00:00,2025-02-01 17:30:00,-2.3783555590554033,Strong Short,Normal,True,away,0.07758751699521368,-0.7368707999999999,0.7924808000000001
Wolverhampton Wanderers,2024,2025-01-06 20:00:00,2025-02-16 14:00:00,-1.5437947500489477,Strong Short,Normal,True,home,0.07758751699521368,-0.4510788,0.4222127999999999
Wolverhampton Wanderers,2024,2025-01-15 19:30:00,2025-02-22 15:00:00,-0.8214326569045385,Weak Short,Normal,True,away,0.07758751699521368,-0.2037087999999999,0.3475948000000001
Wolverhampton Wanderers,2024,2025-01-20 20:00:00,2025-02-25 19:30:00,0.30689126746004947,Neutral,Normal,False,away,0.07758751699521368,0.1826812,0.3199374000000001
Wolverhampton Wanderers,2024,2025-01-25 15:00:00,2025-03-08 20:00:00,1.2928774164026469,Weak Long,Normal,True,home,0.07758751699521368,0.5203282000000001,0.1794790000000001
Wolverhampton Wanderers,2024,2025-02-01 17:30:00,2025-03-15 15:00:00,2.0876088785471794,Strong Long,Normal,True,home,0.07758751699521368,0.7924808000000001,-0.1126693999999998
Wolverhampton Wanderers,2024,2025-02-16 14:00:00,2025-04-01 19:45:00,1.0063639114760143,Weak Long,Normal,True,away,0.07758751699521368,0.4222127999999999,-0.1026093999999998
Wolverhampton Wanderers,2024,2025-02-22 15:00:00,2025-04-05 14:00:00,0.7884667749346012,Weak Long,Normal,True,away,0.07758751699521368,0.3475948000000001,-0.1609373999999998
Wolverhampton Wanderers,2024,2025-02-25 19:30:00,2025-04-13 13:00:00,0.7077025053993619,Weak Long,Normal,False,home,0.07758751699521368,0.3199374000000001,-0.5007779999999998
Wolverhampton Wanderers,2024,2025-03-08 20:00:00,2025-04-20 13:00:00,0.29754030374307916,Neutral,Normal,False,home,0.07758751699521368,0.1794790000000001,-0.6257016
Wolverhampton Wanderers,2024,2025-03-15 15:00:00,2025-04-26 14:00:00,-0.5555822646071248,Weak Short,Normal,False,away,0.07758751699521368,-0.1126693999999998,-0.4185131999999999
Wolverhampton Wanderers,2024,2025-04-01 19:45:00,2025-05-02 19:00:00,-0.5262053690376025,Weak Short,Normal,False,home,0.07758751699521368,-0.1026093999999998,-0.3147401999999999
Wolverhampton Wanderers,2024,2025-04-05 14:00:00,2025-05-10 14:00:00,-0.6965329599699188,Weak Short,Normal,False,away,0.07758751699521368,-0.1609373999999998,-0.3298701999999999
Wolverhampton Wanderers,2024,2025-04-13 13:00:00,2025-05-20 19:00:00,-1.6889247906343157,Strong Short,Normal,True,home,0.07758751699521368,-0.5007779999999998,-0.0900521999999999
Wolverhampton Wanderers,2024,2025-04-20 13:00:00,2025-05-25 15:00:00,-2.0537227579671975,Strong Short,Normal,True,away,0.07758751699521368,-0.6257016,0.094163
Tottenham,2017,2017-08-13 13:30:00,2017-09-23 12:30:00,-1.6941310244395416,Strong Short,Normal,True,away,-0.32104942276937676,-1.1116866,-0.023692
Tottenham,2017,2017-08-20 16:00:00,2017-09-30 12:30:00,-2.0055729180829998,Strong Short,Normal,True,home,-0.32104942276937676,-1.257034,-0.45637
Tottenham,2017,2017-08-27 16:00:00,2017-10-14 15:00:00,-1.4730073956607228,Weak Short,Normal,True,home,-0.32104942276937676,-1.00849,-0.534942
Tottenham,2017,2017-09-09 15:00:00,2017-10-22 16:00:00,-0.3903958663469355,Neutral,Normal,False,away,-0.32104942276937676,-0.5032439999999999,-0.645926
Tottenham,2017,2017-09-16 17:30:00,2017-10-28 12:30:00,1.4475062991020369,Weak Long,Normal,True,home,-0.32104942276937676,0.35449,-0.6642979999999999
Tottenham,2017,2017-09-23 12:30:00,2017-11-05 12:00:00,0.6371600650320066,Weak Long,Normal,True,away,-0.32104942276937676,-0.023692,-0.3565894
Tottenham,2017,2017-09-30 12:30:00,2017-11-18 12:30:00,-0.2899570052276899,Neutral,Normal,False,away,-0.32104942276937676,-0.45637,0.2494709999999999
Tottenham,2017,2017-10-14 15:00:00,2017-11-25 15:00:00,-0.45831648374160766,Neutral,Normal,False,home,-0.32104942276937676,-0.534942,0.2411549999999999
Tottenham,2017,2017-10-22 16:00:00,2017-11-28 19:45:00,-0.6961264970210028,Weak Short,Normal,False,home,-0.32104942276937676,-0.645926,0.8181730000000002
Tottenham,2017,2017-10-28 12:30:00,2017-12-02 15:00:00,-0.735492942310135,Weak Short,Normal,False,away,-0.32104942276937676,-0.6642979999999999,0.5585204
Tottenham,2017,2017-11-05 12:00:00,2017-12-09 15:00:00,-0.07615298112488211,Neutral,Normal,False,home,-0.32104942276937676,-0.3565894,0.3640078000000001
Tottenham,2017,2017-11-18 12:30:00,2017-12-13 20:00:00,1.222477738367257,Weak Long,Break,True,away,-0.32104942276937676,0.2494709999999999,0.2204574
Tottenham,2017,2017-11-25 15:00:00,2017-12-16 17:30:00,1.2046587007543446,Weak Long,Break,True,home,-0.32104942276937676,0.2411549999999999,-0.1261033999999999
Tottenham,2017,2017-11-28 19:45:00,2017-12-23 17:30:00,2.44105906695533,Strong Long,Break,True,away,-0.32104942276937676,0.8181730000000002,-0.3653133999999999
Tottenham,2017,2017-12-02 15:00:00,2017-12-26 12:30:00,1.8846906872426727,Strong Long,Break,True,away,-0.32104942276937676,0.5585204,-0.7062507999999998
Tottenham,2017,2017-12-09 15:00:00,2018-01-02 19:45:00,1.4679004833483305,Weak Long,Break,True,home,-0.32104942276937676,0.3640078000000001,-0.5864147999999999
Tottenham,2017,2017-12-13 20:00:00,2018-01-04 20:00:00,1.1603090960288744,Weak Long,Break,True,home,-0.32104942276937676,0.2204574,-0.4312867999999999
Tottenham,2017,2017-12-16 17:30:00,2018-01-13 17:30:00,0.417718916812791,Neutral,Normal,True,away,-0.32104942276937676,-0.1261033999999999,-0.2250459999999999
Tottenham,2017,2017-12-23 17:30:00,2018-01-21 16:00:00,-0.09484625723539733,Neutral,Normal,False,away,-0.32104942276937676,-0.3653133999999999,-0.2256339999999999
Tottenham,2017,2017-12-26 12:30:00,2018-01-31 20:00:00,-0.8253869443744666,Weak Short,Normal,False,home,-0.32104942276937676,-0.7062507999999998,0.1598799999999999
Tottenham,2017,2018-01-02 19:45:00,2018-02-04 16:30:00,-0.5686093840833473,Weak Short,Normal,False,away,-0.32104942276937676,-0.5864147999999999,0.3449779999999999
Tottenham,2017,2018-01-04 20:00:00,2018-02-10 12:30:00,-0.2362101937495512,Neutral,Normal,False,home,-0.32104942276937676,-0.4312867999999999,0.5422899999999999
Tottenham,2017,2018-01-13 17:30:00,2018-02-25 00:00:00,0.20571051001633478,Neutral,Normal,False,home,-0.32104942276937676,-0.2250459999999999,0.629706
Tottenham,2017,2018-01-21 16:00:00,2018-03-03 15:00:00,0.2044505780639067,Neutral,Normal,False,away,-0.32104942276937676,-0.2256339999999999,0.495988
Tottenham,2017,2018-01-31 20:00:00,2018-03-11 16:00:00,1.0305073921938057,Weak Long,Break,False,home,-0.32104942276937676,0.1598799999999999,0.199896
Tottenham,2017,2018-02-04 16:30:00,2018-04-01 16:00:00,1.4271245427559542,Weak Long,Break,True,away,-0.32104942276937676,0.3449779999999999,-0.230988
Tottenham,2017,2018-02-10 12:30:00,2018-04-07 14:00:00,1.8499131369693909,Strong Long,Break,True,home,-0.32104942276937676,0.5422899999999999,-0.5983280000000001
Tottenham,2017,2018-02-25 00:00:00,2018-04-14 18:45:00,2.037223020563707,Strong Long,Break,True,away,-0.32104942276937676,0.629706,-0.8394732000000001
Tottenham,2017,2018-03-03 15:00:00,2018-04-17 18:45:00,1.7506999239399221,Strong Long,Break,True,home,-0.32104942276937676,0.495988,-0.6945652000000001
Tottenham,2017,2018-03-11 16:00:00,2018-04-30 19:00:00,1.1162513326842214,Weak Long,Break,True,away,-0.32104942276937676,0.199896,-0.4472991999999999
Tottenham,2017,2018-04-01 16:00:00,2018-05-05 15:00:00,0.1929783405242802,Neutral,Normal,False,away,-0.32104942276937676,-0.230988,0.068697
Tottenham,2017,2018-04-07 14:00:00,2018-05-09 20:00:00,-0.5941362911167947,Weak Short,Normal,False,away,-0.32104942276937676,-0.5983280000000001,0.0759572
Tottenham,2017,2018-04-14 18:45:00,2018-05-13 15:00:00,-1.1108480983526343,Weak Short,Normal,True,home,-0.32104942276937676,-0.8394732000000001,-0.4465495999999999
Tottenham,2017,2018-04-17 18:45:00,2018-08-11 14:30:00,-0.8003477252872321,Weak Short,Normal,True,away,-0.32104942276937676,-0.6945652000000001,-0.4028515999999998
Tottenham,2017,2018-04-30 19:00:00,2018-08-18 17:00:00,-0.27052062639421154,Neutral,Normal,True,home,-0.32104942276937676,-0.4472991999999999,-0.3029395999999998
Tottenham,2017,2018-05-05 15:00:00,2018-08-27 22:00:00,0.8351258016865699,Weak Long,Normal,False,away,-0.32104942276937676,0.068697,-0.7352137999999998
Tottenham,2017,2018-05-09 20:00:00,2018-09-02 15:00:00,0.8506825329127923,Weak Long,Normal,False,home,-0.32104942276937676,0.0759572,-0.7857578
Tottenham,2017,2018-05-13 15:00:00,2018-09-15 11:30:00,-0.26891442742900723,Neutral,Normal,False,home,-0.32104942276937676,-0.4465495999999999,-0.1946201999999999
Tottenham,2018,2018-08-11 14:30:00,2018-09-22 16:30:00,-0.3168690137752232,Neutral,Normal,True,away,-0.2546094173831775,-0.4028515999999998,-0.2875042
Tottenham,2018,2018-08-18 17:00:00,2018-09-29 14:00:00,-0.10330620496160364,Neutral,Normal,True,home,-0.2546094173831775,-0.3029395999999998,-0.2734641999999999
Tottenham,2018,2018-08-27 22:00:00,2018-10-06 14:00:00,-1.0272962394885907,Weak Short,Normal,False,away,-0.2546094173831775,-0.7352137999999998,0.2952538
Tottenham,2018,2018-09-02 15:00:00,2018-10-20 14:00:00,-1.1353344992439316,Weak Short,Normal,False,away,-0.2546094173831775,-0.7857578,0.4023036000000001
Tottenham,2018,2018-09-15 11:30:00,2018-10-29 19:00:00,0.12822749782690984,Neutral,Normal,False,home,-0.2546094173831775,-0.1946201999999999,0.5331572
Tottenham,2018,2018-09-22 16:30:00,2018-11-03 19:45:00,-0.07031289705903232,Neutral,Normal,False,away,-0.2546094173831775,-0.2875042,0.2360932
Tottenham,2018,2018-09-29 14:00:00,2018-11-10 17:30:00,-0.04030226934921527,Neutral,Normal,False,away,-0.2546094173831775,-0.2734641999999999,0.2793891999999999
Tottenham,2018,2018-10-06 14:00:00,2018-11-24 17:30:00,1.1753376287897874,Weak Long,Break,True,home,-0.2546094173831775,0.2952538,0.0183472
Tottenham,2018,2018-10-20 14:00:00,2018-12-02 14:05:00,1.4041575500298413,Weak Long,Break,True,away,-0.2546094173831775,0.4023036000000001,-0.1866867999999999
Tottenham,2018,2018-10-29 19:00:00,2018-12-05 20:00:00,1.6838583102926106,Strong Long,Break,True,home,-0.2546094173831775,0.5331572,-0.52789
Tottenham,2018,2018-11-03 19:45:00,2018-12-08 19:45:00,1.0488813081566402,Weak Long,Break,True,away,-0.2546094173831775,0.2360932,-0.4705423999999999
Tottenham,2018,2018-11-10 17:30:00,2018-12-15 15:00:00,1.1414269019831522,Weak Long,Break,True,away,-0.2546094173831775,0.2793891999999999,-0.4320543999999998
Tottenham,2018,2018-11-24 17:30:00,2018-12-23 16:00:00,0.5834472525083657,Weak Long,Break,False,home,-0.2546094173831775,0.0183472,-1.1903244
Tottenham,2018,2018-12-02 14:05:00,2018-12-26 15:00:00,0.14518521249023328,Neutral,Normal,False,away,-0.2546094173831775,-0.1866867999999999,-1.5619304
Tottenham,2018,2018-12-05 20:00:00,2018-12-29 15:00:00,-0.5841397311421153,Weak Short,Normal,False,home,-0.2546094173831775,-0.52789,-1.4536735999999997
Tottenham,2018,2018-12-08 19:45:00,2019-01-01 17:30:00,-0.46155871450027103,Neutral,Normal,False,away,-0.2546094173831775,-0.4705423999999999,-1.5607031999999998
Tottenham,2018,2018-12-15 15:00:00,2019-01-13 16:30:00,-0.3792902644080037,Neutral,Normal,False,home,-0.2546094173831775,-0.4320543999999998,-1.3492352
Tottenham,2018,2018-12-23 16:00:00,2019-01-20 16:00:00,-2.000099286738688,Strong Short,Normal,True,away,-0.2546094173831775,-1.1903244,-0.6736312
Tottenham,2018,2018-12-26 15:00:00,2019-01-30 20:00:00,-2.7944104919191863,Strong Short,Normal,True,home,-0.2546094173831775,-1.5619304,-0.2480492
Tottenham,2018,2018-12-29 15:00:00,2019-02-02 12:30:00,-2.56301059720009,Strong Short,Normal,True,home,-0.2546094173831775,-1.4536735999999997,0.3172279999999999
Tottenham,2018,2019-01-01 17:30:00,2019-02-10 13:30:00,-2.7917873407564016,Strong Short,Normal,True,away,-0.2546094173831775,-1.5607031999999998,0.282952
Tottenham,2018,2019-01-13 16:30:00,2019-02-23 12:30:00,-2.3397725672136995,Strong Short,Normal,True,home,-0.2546094173831775,-1.3492352,-0.1087238
Tottenham,2018,2019-01-20 16:00:00,2019-02-27 20:00:00,-0.8956628718245908,Weak Short,Normal,True,away,-0.2546094173831775,-0.6736312,0.0490899999999999
Tottenham,2018,2019-01-30 20:00:00,2019-03-02 12:30:00,0.014022524329202892,Neutral,Normal,False,home,-0.2546094173831775,-0.2480492,0.3302299999999999
Tottenham,2018,2019-02-02 12:30:00,2019-03-09 15:00:00,1.2223076811702045,Weak Long,Break,True,home,-0.2546094173831775,0.3172279999999999,-0.0368359999999999
Tottenham,2018,2019-02-10 13:30:00,2019-03-31 15:30:00,1.1490424193908828,Weak Long,Break,False,home,-0.2546094173831775,0.282952,0.33052
Tottenham,2018,2019-02-23 12:30:00,2019-04-03 19:45:00,0.31183183415265825,Neutral,Break,False,away,-0.2546094173831775,-0.1087238,0.4762298
Tottenham,2018,2019-02-27 20:00:00,2019-04-13 12:30:00,0.6491602671492029,Weak Long,Break,False,away,-0.2546094173831775,0.0490899999999999,0.088976
Tottenham,2018,2019-03-02 12:30:00,2019-04-20 12:30:00,1.2500995744382273,Weak Long,Break,True,home,-0.2546094173831775,0.3302299999999999,0.175128
Tottenham,2018,2019-03-09 15:00:00,2019-04-23 19:45:00,0.465492660554209,Neutral,Break,False,away,-0.2546094173831775,-0.0368359999999999,0.122016
Tottenham,2018,2019-03-31 15:30:00,2019-04-27 12:30:00,1.2507194520761082,Weak Long,Break,False,away,-0.2546094173831775,0.33052,0.383128
Tottenham,2018,2019-04-03 19:45:00,2019-05-04 11:30:00,1.5621754749729648,Strong Long,Break,True,home,-0.2546094173831775,0.4762298,0.4110484
Tottenham,2018,2019-04-13 12:30:00,2019-05-12 14:00:00,0.7344169549578751,Weak Long,Break,False,home,-0.2546094173831775,0.088976,0.430378
Tottenham,2018,2019-04-20 12:30:00,2019-08-10 17:30:00,0.9185676386085971,Weak Long,Break,True,away,-0.2546094173831775,0.175128,0.105114
Tottenham,2018,2019-04-23 19:45:00,2019-08-17 17:30:00,0.8050402554943671,Weak Long,Break,True,home,-0.2546094173831775,0.122016,-0.2806175999999999
Tottenham,2018,2019-04-27 12:30:00,2019-08-25 16:30:00,1.3631695306058835,Weak Long,Break,True,home,-0.2546094173831775,0.383128,-0.2995196
Tottenham,2018,2019-05-04 11:30:00,2019-09-01 16:30:00,1.422849639573773,Weak Long,Break,True,away,-0.2546094173831775,0.4110484,-0.451164
Tottenham,2018,2019-05-12 14:00:00,2019-09-14 14:00:00,1.4641668353985362,Weak Long,Break,True,home,-0.2546094173831775,0.430378,-0.8177976000000001
Tottenham,2019,2019-08-10 17:30:00,2019-09-21 11:30:00,0.640824658727487,Weak Long,Break,False,home,-0.2161689069985969,0.105114,-0.6648516000000001
Tottenham,2019,2019-08-17 17:30:00,2019-09-28 14:00:00,-0.1285481138224295,Neutral,Normal,False,away,-0.2161689069985969,-0.2806175999999999,-0.4417440000000001
Tottenham,2019,2019-08-25 16:30:00,2019-10-05 12:30:00,-0.1662496766364136,Neutral,Normal,False,home,-0.2161689069985969,-0.2995196,-0.5978972
Tottenham,2019,2019-09-01 16:30:00,2019-10-19 15:00:00,-0.46871665748441405,Neutral,Normal,False,away,-0.2161689069985969,-0.451164,-0.6106018000000001
Tottenham,2019,2019-09-14 14:00:00,2019-10-27 16:30:00,-1.1999969294195034,Weak Short,Normal,True,home,-0.2161689069985969,-0.8177976000000001,0.0497961999999999
Tottenham,2019,2019-09-21 11:30:00,2019-11-03 16:30:00,-0.8949338024410046,Weak Short,Normal,True,away,-0.2161689069985969,-0.6648516000000001,-0.1689952
Tottenham,2019,2019-09-28 14:00:00,2019-11-09 15:00:00,-0.4499277080765352,Neutral,Normal,False,home,-0.2161689069985969,-0.4417440000000001,0.0950687999999999
Tottenham,2019,2019-10-05 12:30:00,2019-11-23 12:30:00,-0.7613878540084256,Weak Short,Normal,True,away,-0.2161689069985969,-0.5978972,-0.15927
Tottenham,2019,2019-10-19 15:00:00,2019-11-30 15:00:00,-0.7867282029094171,Weak Short,Normal,True,home,-0.2161689069985969,-0.6106018000000001,-0.1512154
Tottenham,2019,2019-10-27 16:30:00,2019-12-04 19:30:00,0.5304888470974263,Weak Long,Normal,True,away,-0.2161689069985969,0.0497961999999999,-0.3130384
Tottenham,2019,2019-11-03 16:30:00,2019-12-07 15:00:00,0.09409176159010017,Neutral,Normal,False,away,-0.2161689069985969,-0.1689952,-0.6823490000000001
Tottenham,2019,2019-11-09 15:00:00,2019-12-15 14:00:00,0.620788697518142,Weak Long,Normal,False,home,-0.2161689069985969,0.0950687999999999,-0.986588
Tottenham,2019,2019-11-23 12:30:00,2019-12-22 16:30:00,0.11348945700214955,Neutral,Normal,False,away,-0.2161689069985969,-0.15927,-0.7726166000000001
Tottenham,2019,2019-11-30 15:00:00,2019-12-26 12:30:00,0.12955500603619435,Neutral,Normal,False,home,-0.2161689069985969,-0.1512154,-0.9537046
Tottenham,2019,2019-12-04 19:30:00,2019-12-28 17:30:00,-0.19321401307539812,Neutral,Normal,False,away,-0.2161689069985969,-0.3130384,-0.8977896
Tottenham,2019,2019-12-07 15:00:00,2020-01-01 15:00:00,-0.9298337773209857,Weak Short,Normal,True,home,-0.2161689069985969,-0.6823490000000001,-0.1615576
Tottenham,2019,2019-12-15 14:00:00,2020-01-11 17:30:00,-1.53666298951883,Strong Short,Normal,True,away,-0.2161689069985969,-0.986588,0.2617693999999999
Tottenham,2019,2019-12-22 16:30:00,2020-01-18 12:30:00,-1.1098797825832636,Weak Short,Normal,False,home,-0.2161689069985969,-0.7726166000000001,0.5598299999999999
Tottenham,2019,2019-12-26 12:30:00,2020-01-22 19:30:00,-1.4710743972726466,Weak Short,Normal,False,home,-0.2161689069985969,-0.9537046,0.7991039999999999
Tottenham,2019,2019-12-28 17:30:00,2020-02-02 16:30:00,-1.3595474220983839,Weak Short,Normal,False,away,-0.2161689069985969,-0.8977896,0.5187845999999998
Tottenham,2019,2020-01-01 15:00:00,2020-02-16 14:00:00,0.10892665438373511,Neutral,Normal,False,away,-0.2161689069985969,-0.1615576,0.4752325999999999
Tottenham,2019,2020-01-11 17:30:00,2020-02-22 12:30:00,0.9532864830450074,Weak Long,Break,True,home,-0.2161689069985969,0.2617693999999999,0.1072403999999999
Tottenham,2019,2020-01-18 12:30:00,2020-03-01 14:00:00,1.547792378361574,Strong Long,Break,True,away,-0.2161689069985969,0.5598299999999999,-0.3199956
Tottenham,2019,2020-01-22 19:30:00,2020-03-07 17:30:00,2.0250436608053994,Strong Long,Break,True,home,-0.2161689069985969,0.7991039999999999,-0.3372216
Tottenham,2019,2020-02-02 16:30:00,2020-06-19 19:15:00,1.4659240191231284,Weak Long,Break,True,home,-0.2161689069985969,0.5187845999999998,-0.1143098
Tottenham,2019,2020-02-16 14:00:00,2020-06-23 19:15:00,1.3790560441112447,Weak Long,Break,True,away,-0.2161689069985969,0.4752325999999999,-0.2381078000000001
Tottenham,2019,2020-02-22 12:30:00,2020-07-02 17:00:00,0.6450659349505137,Weak Long,Break,True,away,-0.2161689069985969,0.1072403999999999,-0.0882356000000001
Tottenham,2019,2020-03-01 14:00:00,2020-07-06 19:00:00,-0.20709070934084353,Neutral,Normal,False,home,-0.2161689069985969,-0.3199956,-0.1120280000000001
Tottenham,2019,2020-03-07 17:30:00,2020-07-09 17:00:00,-0.24144935504149362,Neutral,Normal,False,away,-0.2161689069985969,-0.3372216,-0.0435112000000001
Tottenham,2019,2020-06-19 19:15:00,2020-07-12 15:30:00,0.20316620043825578,Neutral,Normal,False,home,-0.2161689069985969,-0.1143098,0.0132103999999998
Tottenham,2019,2020-06-23 19:15:00,2020-07-15 17:00:00,-0.043758890729112,Neutral,Normal,False,home,-0.2161689069985969,-0.2381078000000001,-0.2850796000000001
Tottenham,2019,2020-07-02 17:00:00,2020-07-19 15:00:00,0.25517329435024266,Neutral,Normal,False,away,-0.2161689069985969,-0.0882356000000001,-0.7347432000000002
Tottenham,2019,2020-07-06 19:00:00,2020-07-26 15:00:00,0.20771743448909405,Neutral,Normal,False,home,-0.2161689069985969,-0.1120280000000001,-0.7750484000000001
Tottenham,2019,2020-07-09 17:00:00,2020-09-13 15:30:00,0.34437971567696696,Neutral,Normal,False,away,-0.2161689069985969,-0.0435112000000001,-0.7063144
Tottenham,2019,2020-07-12 15:30:00,2020-09-20 11:00:00,0.4575155195765367,Neutral,Normal,False,home,-0.2161689069985969,0.0132103999999998,-1.2139984
Tottenham,2019,2020-07-15 17:00:00,2020-09-27 13:00:00,-0.13744793253346554,Neutral,Normal,False,away,-0.2161689069985969,-0.2850796000000001,-0.5264284
Tottenham,2019,2020-07-19 15:00:00,2020-10-04 15:30:00,-1.0343382330605073,Weak Short,Normal,True,home,-0.2161689069985969,-0.7347432000000002,-0.6194728
Tottenham,2019,2020-07-26 15:00:00,2020-10-18 15:30:00,-1.114730203726584,Weak Short,Normal,True,away,-0.2161689069985969,-0.7750484000000001,-0.7263292000000001
Tottenham,2020,2020-09-13 15:30:00,2020-10-26 20:00:00,-0.9409516464667141,Weak Short,Normal,False,home,-0.2522090333029472,-0.7063144,-0.9314492
Tottenham,2020,2020-09-20 11:00:00,2020-11-01 19:15:00,-1.9929235691053186,Strong Short,Normal,True,away,-0.2522090333029472,-1.2139984,-0.3929852000000001
Tottenham,2020,2020-09-27 13:00:00,2020-11-08 12:00:00,-0.5682098990888805,Weak Short,Normal,False,home,-0.2522090333029472,-0.5264284,-0.6563892000000001
Tottenham,2020,2020-10-04 15:30:00,2020-11-21 17:30:00,-0.7610071831450167,Weak Short,Normal,True,away,-0.2522090333029472,-0.6194728,-0.3645008000000001
Tottenham,2020,2020-10-18 15:30:00,2020-11-29 16:30:00,-0.9824243098502898,Weak Short,Normal,True,home,-0.2522090333029472,-0.7263292000000001,-0.0743268000000001
Tottenham,2020,2020-10-26 20:00:00,2020-12-06 16:30:00,-1.407453423967793,Weak Short,Normal,True,away,-0.2522090333029472,-0.9314492,-0.3556698000000001
Tottenham,2020,2020-11-01 19:15:00,2020-12-13 14:15:00,-0.29170226901377916,Neutral,Normal,True,home,-0.2522090333029472,-0.3929852000000001,-0.2685578
Tottenham,2020,2020-11-08 12:00:00,2020-12-16 20:00:00,-0.8375016487671278,Weak Short,Normal,True,away,-0.2522090333029472,-0.6563892000000001,-0.3394638
Tottenham,2020,2020-11-21 17:30:00,2020-12-20 14:15:00,-0.23267974903440805,Neutral,Normal,False,home,-0.2522090333029472,-0.3645008000000001,0.0974941999999999
Tottenham,2020,2020-11-29 16:30:00,2020-12-27 19:15:00,0.36858974277493506,Neutral,Normal,False,away,-0.2522090333029472,-0.0743268000000001,-0.066262
Tottenham,2020,2020-12-06 16:30:00,2021-01-02 12:30:00,-0.21438103556535731,Neutral,Normal,False,home,-0.2522090333029472,-0.3556698000000001,0.1613321999999999
Tottenham,2020,2020-12-13 14:15:00,2021-01-13 20:00:00,-0.03387627645359839,Neutral,Normal,False,away,-0.2522090333029472,-0.2685578,0.5084921999999998
Tottenham,2020,2020-12-16 20:00:00,2021-01-17 14:00:00,-0.18080058595835505,Neutral,Normal,False,away,-0.2522090333029472,-0.3394638,0.0620421999999999
Tottenham,2020,2020-12-20 14:15:00,2021-01-28 20:00:00,0.7246200051422496,Weak Long,Break,True,home,-0.2522090333029472,0.0974941999999999,-0.3062270000000001
Tottenham,2020,2020-12-27 19:15:00,2021-01-31 19:15:00,0.3853008133654912,Neutral,Break,True,away,-0.2522090333029472,-0.066262,-0.1133440000000001
Tottenham,2020,2021-01-02 12:30:00,2021-02-04 20:00:00,0.8568987131523568,Weak Long,Break,True,home,-0.2522090333029472,0.1613321999999999,0.0948251999999998
Tottenham,2020,2021-01-13 20:00:00,2021-02-07 12:00:00,1.5762488850372653,Strong Long,Break,True,home,-0.2522090333029472,0.5084921999999998,-0.3479248000000001
Tottenham,2020,2021-01-17 14:00:00,2021-02-13 17:30:00,0.6511599224896865,Weak Long,Break,False,away,-0.2522090333029472,0.0620421999999999,0.0800051999999998
Tottenham,2020,2021-01-28 20:00:00,2021-02-21 12:00:00,-0.11193061881667897,Neutral,Normal,False,home,-0.2522090333029472,-0.3062270000000001,0.2132291999999998
Tottenham,2020,2021-01-31 19:15:00,2021-02-28 14:00:00,0.28774220986080934,Neutral,Normal,True,away,-0.2522090333029472,-0.1133440000000001,-0.1896996
Tottenham,2020,2021-02-04 20:00:00,2021-03-04 18:00:00,0.7190895707351724,Weak Long,Normal,True,home,-0.2522090333029472,0.0948251999999998,-0.1932088
Tottenham,2020,2021-02-07 12:00:00,2021-03-07 19:15:00,-0.1983326224957392,Neutral,Normal,False,home,-0.2522090333029472,-0.3479248000000001,-0.5308848000000002
Tottenham,2020,2021-02-13 17:30:00,2021-03-14 16:30:00,0.6883810514721975,Weak Long,Normal,False,away,-0.2522090333029472,0.0800051999999998,-0.6744716000000001
Tottenham,2020,2021-02-21 12:00:00,2021-03-21 19:30:00,0.964434477267782,Weak Long,Normal,True,away,-0.2522090333029472,0.2132291999999998,-0.6845908
Tottenham,2020,2021-02-28 14:00:00,2021-04-04 13:05:00,0.12952578520250982,Neutral,Normal,True,home,-0.2522090333029472,-0.1896996,-0.2688008
Tottenham,2020,2021-03-04 18:00:00,2021-04-11 15:30:00,0.12225437253060484,Neutral,Normal,False,away,-0.2522090333029472,-0.1932088,-0.3948206000000001
Tottenham,2020,2021-03-07 19:15:00,2021-04-16 19:00:00,-0.5774440047058526,Weak Short,Normal,True,home,-0.2522090333029472,-0.5308848000000002,-0.1468386
Tottenham,2020,2021-03-14 16:30:00,2021-04-21 19:00:00,-0.8749701864675876,Weak Short,Normal,True,away,-0.2522090333029472,-0.6744716000000001,-0.2303038000000001
Tottenham,2020,2021-03-21 19:30:00,2021-05-02 18:15:00,-0.8959381789187277,Weak Short,Normal,True,away,-0.2522090333029472,-0.6845908,-0.5222938000000001
Tottenham,2020,2021-04-04 13:05:00,2021-05-08 11:30:00,-0.03437979670872003,Neutral,Normal,False,away,-0.2522090333029472,-0.2688008,-0.6028918000000001
Tottenham,2020,2021-04-11 15:30:00,2021-05-16 13:05:00,-0.2955054010148091,Neutral,Normal,True,home,-0.2522090333029472,-0.3948206000000001,-0.359358
Tottenham,2020,2021-04-16 19:00:00,2021-05-19 17:00:00,0.21833805538674494,Neutral,Normal,True,away,-0.2522090333029472,-0.1468386,-0.2771
Tottenham,2020,2021-04-21 19:00:00,2021-05-23 15:00:00,0.04538982988147837,Neutral,Normal,False,home,-0.2522090333029472,-0.2303038000000001,-0.5642900000000001
Tottenham,2020,2021-05-02 18:15:00,2021-08-15 15:30:00,-0.5596425951924776,Weak Short,Normal,True,home,-0.2522090333029472,-0.5222938000000001,-0.204294
Tottenham,2020,2021-05-08 11:30:00,2021-08-22 13:00:00,-0.7266496961072715,Weak Short,Normal,True,away,-0.2522090333029472,-0.6028918000000001,-0.0657900000000001
Tottenham,2020,2021-05-16 13:05:00,2021-08-29 13:00:00,-0.22202335410420357,Neutral,Normal,True,home,-0.2522090333029472,-0.359358,-0.3094914000000001
Tottenham,2020,2021-05-19 17:00:00,2021-09-11 11:30:00,-0.05157656749598596,Neutral,Normal,True,home,-0.2522090333029472,-0.2771,-0.2725364800000001
Tottenham,2020,2021-05-23 15:00:00,2021-09-19 15:30:00,-0.6466629134564278,Weak Short,Normal,False,away,-0.2522090333029472,-0.5642900000000001,0.2981395199999999
Tottenham,2021,2021-08-15 15:30:00,2021-09-26 15:30:00,0.11845809501296818,Neutral,Normal,False,home,-0.25843327319558523,-0.204294,0.2821447199999998
Tottenham,2021,2021-08-22 13:00:00,2021-10-03 13:00:00,0.42150833974758034,Neutral,Normal,False,away,-0.25843327319558523,-0.0657900000000001,0.0932467199999998
Tottenham,2021,2021-08-29 13:00:00,2021-10-17 15:30:00,-0.11171646901005598,Neutral,Normal,False,home,-0.25843327319558523,-0.3094914000000001,-0.1809298800000001
Tottenham,2021,2021-09-11 11:30:00,2021-10-24 13:00:00,-0.030858172136694752,Neutral,Normal,False,away,-0.25843327319558523,-0.2725364800000001,-0.0620032000000001
Tottenham,2021,2021-09-19 15:30:00,2021-10-30 16:30:00,1.2177953069265066,Weak Long,Break,True,home,-0.25843327319558523,0.2981395199999999,0.0284367999999998
Tottenham,2021,2021-09-26 15:30:00,2021-11-07 14:00:00,1.1827982811764834,Weak Long,Break,True,away,-0.25843327319558523,0.2821447199999998,0.1927631999999998
Tottenham,2021,2021-10-03 13:00:00,2021-11-21 16:30:00,0.7694846936275405,Weak Long,Break,False,home,-0.25843327319558523,0.0932467199999998,0.2998771999999998
Tottenham,2021,2021-10-17 15:30:00,2021-12-02 19:30:00,0.16957937875934967,Neutral,Break,False,away,-0.25843327319558523,-0.1809298800000001,0.6043571999999998
Tottenham,2021,2021-10-24 13:00:00,2021-12-05 14:00:00,0.4297939536414826,Neutral,Break,False,away,-0.25843327319558523,-0.0620032000000001,0.2712535999999998
Tottenham,2021,2021-10-30 16:30:00,2021-12-19 16:30:00,0.6276789543187072,Weak Long,Break,False,home,-0.25843327319558523,0.0284367999999998,0.1992335999999998
Tottenham,2021,2021-11-07 14:00:00,2021-12-26 15:00:00,0.9872292614315545,Weak Long,Break,True,away,-0.25843327319558523,0.1927631999999998,0.0031699999999998
Tottenham,2021,2021-11-21 16:30:00,2021-12-28 15:00:00,1.2215973945865772,Weak Long,Break,False,home,-0.25843327319558523,0.2998771999999998,0.3015159999999998
Tottenham,2021,2021-12-02 19:30:00,2022-01-01 15:00:00,1.8878073128329442,Strong Long,Break,True,home,-0.25843327319558523,0.6043571999999998,0.4745239999999998
Tottenham,2021,2021-12-05 14:00:00,2022-01-19 19:30:00,1.1589682359688793,Weak Long,Break,False,home,-0.25843327319558523,0.2712535999999998,0.92261
Tottenham,2021,2021-12-19 16:30:00,2022-01-23 16:30:00,1.0013866597993333,Weak Long,Break,False,home,-0.25843327319558523,0.1992335999999998,0.8288195999999999
Tottenham,2021,2021-12-26 15:00:00,2022-02-09 19:45:00,0.5723945587513553,Weak Long,Break,False,home,-0.25843327319558523,0.0031699999999998,0.8130955999999999
Tottenham,2021,2021-12-28 15:00:00,2022-02-13 14:00:00,1.2251831303131346,Weak Long,Break,False,away,-0.25843327319558523,0.3015159999999998,0.6189009999999999
Tottenham,2021,2022-01-01 15:00:00,2022-02-19 17:30:00,1.603728997154856,Strong Long,Break,True,away,-0.25843327319558523,0.4745239999999998,0.2318669999999999
Tottenham,2021,2022-01-19 19:30:00,2022-02-23 19:30:00,2.584152464795889,Strong Long,Break,True,away,-0.25843327319558523,0.92261,0.1207759999999998
Tottenham,2021,2022-01-23 16:30:00,2022-02-26 12:30:00,2.37893670442971,Strong Long,Break,True,away,-0.25843327319558523,0.8288195999999999,-0.2509376000000001
Tottenham,2021,2022-02-09 19:45:00,2022-03-07 20:00:00,2.344532195908606,Strong Long,Break,True,home,-0.25843327319558523,0.8130955999999999,-0.5509516000000001
Tottenham,2021,2022-02-13 14:00:00,2022-03-12 17:30:00,1.9196295139922699,Strong Long,Break,True,home,-0.25843327319558523,0.6189009999999999,-0.7938430000000002
Tottenham,2021,2022-02-19 17:30:00,2022-03-16 19:30:00,1.0727893619344524,Weak Long,Break,True,away,-0.25843327319558523,0.2318669999999999,-0.5839210000000002
Tottenham,2021,2022-02-23 19:30:00,2022-03-20 16:30:00,0.829719452489145,Weak Long,Break,False,away,-0.25843327319558523,0.1207759999999998,-0.8126620000000002
Tottenham,2021,2022-02-26 12:30:00,2022-04-03 15:30:00,0.01640072197461987,Neutral,Normal,False,away,-0.25843327319558523,-0.2509376000000001,-0.7850920000000002
Tottenham,2021,2022-03-07 20:00:00,2022-04-09 16:30:00,-0.6400374756500697,Weak Short,Normal,False,home,-0.25843327319558523,-0.5509516000000001,-1.0369298
Tottenham,2021,2022-03-12 17:30:00,2022-04-16 11:30:00,-1.1714899839814727,Weak Short,Normal,False,away,-0.25843327319558523,-0.7938430000000002,-0.8444298000000001
Tottenham,2021,2022-03-16 19:30:00,2022-04-23 16:30:00,-0.7121753542582931,Weak Short,Normal,False,away,-0.25843327319558523,-0.5839210000000002,-0.7512708000000001
Tottenham,2021,2022-03-20 16:30:00,2022-05-01 13:00:00,-1.2126664305509631,Weak Short,Normal,False,home,-0.25843327319558523,-0.8126620000000002,-0.9301848
Tottenham,2021,2022-04-03 15:30:00,2022-05-07 18:45:00,-1.152342575302499,Weak Short,Normal,True,home,-0.25843327319558523,-0.7850920000000002,-0.6552778
Tottenham,2021,2022-04-09 16:30:00,2022-05-12 18:45:00,-1.703370032440389,Strong Short,Normal,True,away,-0.25843327319558523,-1.0369298,0.0330459999999999
Tottenham,2021,2022-04-16 11:30:00,2022-05-15 11:00:00,-1.2821751780577513,Weak Short,Normal,True,home,-0.25843327319558523,-0.8444298000000001,0.1946959999999999
Tottenham,2021,2022-04-23 16:30:00,2022-05-22 15:00:00,-1.0783409368139478,Weak Short,Normal,True,away,-0.25843327319558523,-0.7512708000000001,-0.1458550000000001
Tottenham,2021,2022-05-01 13:00:00,2022-08-06 14:00:00,-1.4698092805906502,Weak Short,Normal,True,home,-0.25843327319558523,-0.9301848,-0.3530910000000001
Tottenham,2021,2022-05-07 18:45:00,2022-08-14 15:30:00,-0.8683058321035446,Weak Short,Normal,True,away,-0.25843327319558523,-0.6552778,-0.4322020000000002
Tottenham,2021,2022-05-12 18:45:00,2022-08-20 11:30:00,0.6377640001515409,Weak Long,Normal,True,home,-0.25843327319558523,0.0330459999999999,-0.4240300000000001
Tottenham,2021,2022-05-15 11:00:00,2022-08-28 15:30:00,0.9914582765720782,Weak Long,Normal,True,home,-0.25843327319558523,0.1946959999999999,-0.6139820000000001
Tottenham,2021,2022-05-22 15:00:00,2022-08-31 18:45:00,0.24632410070266655,Neutral,Normal,False,away,-0.25843327319558523,-0.1458550000000001,-0.4323250000000002
Tottenham,2022,2022-08-06 14:00:00,2022-09-03 14:00:00,-0.2751559709889809,Neutral,Normal,False,home,-0.22464259088396202,-0.3530910000000001,0.1798809999999999
Tottenham,2022,2022-08-14 15:30:00,2022-09-17 16:30:00,-0.44462372984027654,Neutral,Normal,False,away,-0.22464259088396202,-0.4322020000000002,-0.5402970000000001
Tottenham,2022,2022-08-20 11:30:00,2022-10-01 11:30:00,-0.42711806659075613,Neutral,Normal,False,home,-0.22464259088396202,-0.4240300000000001,-0.5329730000000001
Tottenham,2022,2022-08-28 15:30:00,2022-10-08 16:30:00,-0.8340240560147462,Weak Short,Normal,False,away,-0.22464259088396202,-0.6139820000000001,-0.6675908000000002
Tottenham,2022,2022-08-31 18:45:00,2022-10-15 16:30:00,-0.4448872144927105,Neutral,Normal,False,away,-0.22464259088396202,-0.4323250000000002,-0.5134298000000002
Tottenham,2022,2022-09-03 14:00:00,2022-10-19 19:15:00,0.8665508759791095,Weak Long,Normal,True,home,-0.22464259088396202,0.1798809999999999,-0.5173706000000002
Tottenham,2022,2022-09-17 16:30:00,2022-10-23 15:30:00,-0.6761796119935898,Weak Short,Normal,False,home,-0.22464259088396202,-0.5402970000000001,0.3984173999999998
Tottenham,2022,2022-10-01 11:30:00,2022-10-29 14:00:00,-0.6604904933397125,Weak Short,Normal,False,away,-0.22464259088396202,-0.5329730000000001,0.1367973999999998
Tottenham,2022,2022-10-08 16:30:00,2022-11-06 16:30:00,-0.9488622351643882,Weak Short,Normal,False,away,-0.22464259088396202,-0.6675908000000002,0.3459411999999998
Tottenham,2022,2022-10-15 16:30:00,2022-11-12 15:00:00,-0.6186259952954123,Weak Short,Normal,True,home,-0.22464259088396202,-0.5134298000000002,-0.0367848000000001
Tottenham,2022,2022-10-19 19:15:00,2022-12-26 12:30:00,-0.6270677865012017,Weak Short,Normal,True,away,-0.22464259088396202,-0.5173706000000002,-0.3917326000000001
Tottenham,2022,2022-10-23 15:30:00,2023-01-01 14:00:00,1.3346889849074532,Weak Long,Break,True,home,-0.22464259088396202,0.3984173999999998,-0.390882
Tottenham,2022,2022-10-29 14:00:00,2023-01-04 20:00:00,0.7742592713318962,Weak Long,Break,False,away,-0.22464259088396202,0.1367973999999998,-0.6967740000000001
Tottenham,2022,2022-11-06 16:30:00,2023-01-15 16:30:00,1.2222770067118502,Weak Long,Break,True,home,-0.22464259088396202,0.3459411999999998,-0.518182
Tottenham,2022,2022-11-12 15:00:00,2023-01-19 19:00:00,0.4024198759194086,Neutral,Normal,True,home,-0.22464259088396202,-0.0367848000000001,-0.4012760000000001
Tottenham,2022,2022-12-26 12:30:00,2023-01-23 20:00:00,-0.35793213802552726,Neutral,Normal,True,away,-0.22464259088396202,-0.3917326000000001,-0.1792724
Tottenham,2022,2023-01-01 14:00:00,2023-02-05 16:30:00,-0.35611002383560514,Neutral,Normal,True,home,-0.22464259088396202,-0.390882,-0.208813
Tottenham,2022,2023-01-04 20:00:00,2023-02-11 15:00:00,-1.0113770750742506,Weak Short,Normal,False,away,-0.22464259088396202,-0.6967740000000001,0.2815769999999999
Tottenham,2022,2023-01-15 16:30:00,2023-02-19 16:30:00,-0.6288059283466075,Weak Short,Normal,True,home,-0.22464259088396202,-0.518182,-0.174403
Tottenham,2022,2023-01-19 19:00:00,2023-02-26 13:30:00,-0.3783755480421046,Neutral,Normal,True,away,-0.22464259088396202,-0.4012760000000001,-0.2221384000000001
Tottenham,2022,2023-01-23 20:00:00,2023-03-04 15:00:00,0.09718982907257544,Neutral,Normal,False,away,-0.22464259088396202,-0.1792724,0.0302765999999999
Tottenham,2022,2023-02-05 16:30:00,2023-03-11 15:00:00,0.03390938416450227,Neutral,Normal,False,home,-0.22464259088396202,-0.208813,-0.3070954000000001
Tottenham,2022,2023-02-11 15:00:00,2023-03-18 15:00:00,1.0843991297509155,Weak Long,Normal,True,away,-0.22464259088396202,0.2815769999999999,-0.5535674
Tottenham,2022,2023-02-19 16:30:00,2023-04-03 19:00:00,0.10762082229665929,Neutral,Normal,False,home,-0.22464259088396202,-0.174403,-0.3612974
Tottenham,2022,2023-02-26 13:30:00,2023-04-08 14:00:00,0.0053643566234894136,Neutral,Normal,False,home,-0.22464259088396202,-0.2221384000000001,-0.4277322
Tottenham,2022,2023-03-04 15:00:00,2023-04-15 14:00:00,0.5460755642994096,Weak Long,Normal,False,away,-0.22464259088396202,0.0302765999999999,-0.6177002
Tottenham,2022,2023-03-11 15:00:00,2023-04-23 13:00:00,-0.17662642074918314,Neutral,Normal,False,home,-0.22464259088396202,-0.3070954000000001,-0.3880640000000001
Tottenham,2022,2023-03-18 15:00:00,2023-04-27 19:15:00,-0.704606821194083,Weak Short,Normal,True,away,-0.22464259088396202,-0.5535674,-0.090532
Tottenham,2022,2023-04-03 19:00:00,2023-04-30 15:30:00,-0.29273532425511656,Neutral,Normal,False,away,-0.22464259088396202,-0.3612974,-0.479032
Tottenham,2022,2023-04-08 14:00:00,2023-05-06 14:00:00,-0.43504874041385605,Neutral,Normal,True,home,-0.22464259088396202,-0.4277322,-0.1665298000000001
Tottenham,2022,2023-04-15 14:00:00,2023-05-13 14:00:00,-0.8419890042641789,Weak Short,Normal,True,home,-0.22464259088396202,-0.6177002,-0.1907278
Tottenham,2022,2023-04-23 13:00:00,2023-05-20 11:30:00,-0.35007344049772626,Neutral,Normal,False,away,-0.22464259088396202,-0.3880640000000001,-0.043994
Tottenham,2022,2023-04-27 19:15:00,2023-05-28 15:30:00,0.28728522298198744,Neutral,Normal,False,home,-0.22464259088396202,-0.090532,-0.5118420000000001
Tottenham,2022,2023-04-30 15:30:00,2023-08-13 13:00:00,-0.5449406914133338,Weak Short,Normal,True,away,-0.22464259088396202,-0.479032,-0.3110640000000001
Tottenham,2022,2023-05-06 14:00:00,2023-08-19 16:30:00,0.12448641063441261,Neutral,Normal,True,home,-0.22464259088396202,-0.1665298000000001,-0.2345860000000001
Tottenham,2022,2023-05-13 14:00:00,2023-08-26 11:30:00,0.0726506251092185,Neutral,Normal,True,away,-0.22464259088396202,-0.1907278,-0.2193660000000001
Tottenham,2022,2023-05-20 11:30:00,2023-09-02 14:00:00,0.3869766762744699,Neutral,Normal,False,home,-0.22464259088396202,-0.043994,-0.8631300000000002
Tottenham,2022,2023-05-28 15:30:00,2023-09-16 14:00:00,-0.6152246869122028,Weak Short,Normal,True,away,-0.22464259088396202,-0.5118420000000001,-0.4379420000000001
Tottenham,2023,2023-08-13 13:00:00,2023-09-24 13:00:00,-0.16705931670953794,Neutral,Normal,True,away,-0.23662140885324429,-0.3110640000000001,-0.2862420000000001
Tottenham,2023,2023-08-19 16:30:00,2023-09-30 16:30:00,0.004567734773997538,Neutral,Normal,False,home,-0.23662140885324429,-0.2345860000000001,-0.3564040000000001
Tottenham,2023,2023-08-26 11:30:00,2023-10-07 11:30:00,0.038723488370841226,Neutral,Normal,False,away,-0.23662140885324429,-0.2193660000000001,-0.1327400000000001
Tottenham,2023,2023-09-02 14:00:00,2023-10-23 19:00:00,-1.4059706350534993,Weak Short,Normal,True,away,-0.23662140885324429,-0.8631300000000002,0.3147359999999998
Tottenham,2023,2023-09-16 14:00:00,2023-10-27 19:00:00,-0.4517908347686923,Neutral,Normal,False,home,-0.23662140885324429,-0.4379420000000001,0.0807385999999998
Tottenham,2023,2023-09-24 13:00:00,2023-11-06 20:00:00,-0.11135536692104558,Neutral,Normal,False,away,-0.23662140885324429,-0.2862420000000001,0.0302281999999997
Tottenham,2023,2023-09-30 16:30:00,2023-11-11 12:30:00,-0.26880845390276337,Neutral,Normal,True,home,-0.23662140885324429,-0.3564040000000001,-0.1209548000000001
Tottenham,2023,2023-10-07 11:30:00,2023-11-26 14:00:00,0.23312403443392785,Neutral,Normal,True,away,-0.23662140885324429,-0.1327400000000001,-0.1517648000000001
Tottenham,2023,2023-10-23 19:00:00,2023-12-03 16:30:00,1.2373211432710638,Weak Long,Normal,True,home,-0.23662140885324429,0.3147359999999998,-0.5921954000000001
Tottenham,2023,2023-10-27 19:00:00,2023-12-07 20:15:00,0.7121990974956326,Weak Long,Normal,True,away,-0.23662140885324429,0.0807385999999998,-0.2674800000000001
Tottenham,2023,2023-11-06 20:00:00,2023-12-10 16:30:00,0.598846878278943,Weak Long,Normal,True,home,-0.23662140885324429,0.0302281999999997,-0.1790656000000001
Tottenham,2023,2023-11-11 12:30:00,2023-12-15 20:00:00,0.2595716288681934,Neutral,Normal,True,away,-0.23662140885324429,-0.1209548000000001,-0.1440526000000001
Tottenham,2023,2023-11-26 14:00:00,2023-12-23 15:00:00,0.19042979126512163,Neutral,Normal,False,home,-0.23662140885324429,-0.1517648000000001,-0.4740826000000002
Tottenham,2023,2023-12-03 16:30:00,2023-12-28 19:30:00,-0.7979564800955888,Weak Short,Normal,True,away,-0.23662140885324429,-0.5921954000000001,0.0532119999999998
Tottenham,2023,2023-12-07 20:15:00,2023-12-31 14:00:00,-0.06925088275652648,Neutral,Normal,True,home,-0.23662140885324429,-0.2674800000000001,-0.2392700000000001
Tottenham,2023,2023-12-10 16:30:00,2024-01-14 16:30:00,0.1291630765610014,Neutral,Normal,False,home,-0.23662140885324429,-0.1790656000000001,-0.4570580000000001
Tottenham,2023,2023-12-15 20:00:00,2024-01-31 19:30:00,0.20773701878743292,Neutral,Normal,True,away,-0.23662140885324429,-0.1440526000000001,-0.3061460000000001
Tottenham,2023,2023-12-23 15:00:00,2024-02-03 12:30:00,-0.5328952650211293,Weak Short,Normal,True,home,-0.23662140885324429,-0.4740826000000002,-0.4367258000000001
Tottenham,2023,2023-12-28 19:30:00,2024-02-10 15:00:00,0.6504256568281637,Weak Long,Normal,True,away,-0.23662140885324429,0.0532119999999998,-0.4287798
Tottenham,2023,2023-12-31 14:00:00,2024-02-17 15:00:00,-0.005943799381561955,Neutral,Normal,False,home,-0.23662140885324429,-0.2392700000000001,-0.1392978
Tottenham,2023,2024-01-14 16:30:00,2024-03-02 15:00:00,-0.49468974316273057,Neutral,Normal,True,away,-0.23662140885324429,-0.4570580000000001,-0.0692458
Tottenham,2023,2024-01-31 19:30:00,2024-03-10 13:00:00,-0.1560226546734487,Neutral,Normal,False,home,-0.23662140885324429,-0.3061460000000001,-0.4908718
Tottenham,2023,2024-02-03 12:30:00,2024-03-16 17:30:00,-0.44906151627168306,Neutral,Normal,False,away,-0.23662140885324429,-0.4367258000000001,0.153782
Tottenham,2023,2024-02-10 15:00:00,2024-03-30 15:00:00,-0.43122960969609014,Neutral,Normal,False,home,-0.23662140885324429,-0.4287798,0.224972
Tottenham,2023,2024-02-17 15:00:00,2024-04-02 19:15:00,0.21840743778889646,Neutral,Normal,False,home,-0.23662140885324429,-0.1392978,0.184282
Tottenham,2023,2024-03-02 15:00:00,2024-04-07 19:00:00,0.3756136697840405,Neutral,Normal,False,home,-0.23662140885324429,-0.0692458,-0.024262
Tottenham,2023,2024-03-10 13:00:00,2024-04-13 11:30:00,-0.5705725172082595,Weak Short,Normal,False,away,-0.23662140885324429,-0.4908718,0.4724952
Tottenham,2023,2024-03-16 17:30:00,2024-04-28 13:00:00,0.8761184386438388,Weak Long,Break,False,away,-0.23662140885324429,0.153782,0.1642831999999999
Tottenham,2023,2024-03-30 15:00:00,2024-05-02 18:30:00,1.0358784976819004,Weak Long,Break,False,home,-0.23662140885324429,0.224972,0.3253651999999999
Tottenham,2023,2024-04-02 19:15:00,2024-05-05 15:30:00,0.9445645940120208,Weak Long,Break,True,away,-0.23662140885324429,0.184282,0.0809291999999999
Tottenham,2023,2024-04-07 19:00:00,2024-05-11 14:00:00,0.4765634456480152,Neutral,Break,False,home,-0.23662140885324429,-0.024262,0.5574492
Tottenham,2023,2024-04-13 11:30:00,2024-05-14 19:00:00,1.5913542814336912,Strong Long,Break,False,away,-0.23662140885324429,0.4724952,0.7785
Tottenham,2023,2024-04-28 13:00:00,2024-05-19 15:00:00,0.8996845621439157,Weak Long,Break,False,home,-0.23662140885324429,0.1642831999999999,0.696934
Tottenham,2023,2024-05-02 18:30:00,2024-08-19 19:00:00,1.2611745162100634,Weak Long,Break,False,away,-0.23662140885324429,0.3253651999999999,0.524356
Tottenham,2023,2024-05-05 15:30:00,2024-08-24 14:00:00,0.7126268298632779,Weak Long,Break,False,away,-0.23662140885324429,0.0809291999999999,0.412232
Tottenham,2023,2024-05-11 14:00:00,2024-09-01 12:30:00,1.7820026317008564,Strong Long,Break,True,home,-0.23662140885324429,0.5574492,0.338364
Tottenham,2023,2024-05-14 19:00:00,2024-09-15 13:00:00,2.2780707432110514,Strong Long,Break,True,home,-0.23662140885324429,0.7785,0.1283129999999999
Tottenham,2023,2024-05-19 15:00:00,2024-09-21 14:00:00,2.095025526530358,Strong Long,Break,True,away,-0.23662140885324429,0.696934,0.2679249999999999
Tottenham,2024,2024-08-19 19:00:00,2024-09-29 15:30:00,1.659272582415744,Strong Long,Break,False,away,-0.20587772063978071,0.524356,0.6678149999999998
Tottenham,2024,2024-08-24 14:00:00,2024-10-06 15:30:00,1.4044989753193973,Weak Long,Break,False,home,-0.20587772063978071,0.412232,0.7640869999999997
Tottenham,2024,2024-09-01 12:30:00,2024-10-19 11:30:00,1.2366525123944843,Weak Long,Break,True,away,-0.20587772063978071,0.338364,0.1255829999999999
Tottenham,2024,2024-09-15 13:00:00,2024-10-27 14:00:00,0.7593644122179409,Weak Long,Break,False,home,-0.20587772063978071,0.1283129999999999,0.1709039999999999
Tottenham,2024,2024-09-21 14:00:00,2024-11-03 14:00:00,1.0765975900740212,Weak Long,Break,True,home,-0.20587772063978071,0.2679249999999999,-0.388556
Tottenham,2024,2024-09-29 15:30:00,2024-11-10 14:00:00,1.9852471008099748,Strong Long,Break,True,away,-0.20587772063978071,0.6678149999999998,-0.7198200000000001
Tottenham,2024,2024-10-06 15:30:00,2024-11-23 17:30:00,2.2040010223823363,Strong Long,Break,True,away,-0.20587772063978071,0.7640869999999997,-0.67748
Tottenham,2024,2024-10-19 11:30:00,2024-12-01 13:30:00,0.7531611734164977,Weak Long,Break,True,home,-0.20587772063978071,0.1255829999999999,-0.163412
Tottenham,2024,2024-10-27 14:00:00,2024-12-05 20:15:00,0.8561417542663918,Weak Long,Break,True,away,-0.20587772063978071,0.1709039999999999,-0.2424652
Tottenham,2024,2024-11-03 14:00:00,2024-12-08 16:30:00,-0.4150904727868892,Neutral,Normal,False,home,-0.20587772063978071,-0.388556,0.1890087999999999
Tottenham,2024,2024-11-10 14:00:00,2024-12-15 19:00:00,-1.1678046479961595,Weak Short,Normal,True,home,-0.20587772063978071,-0.7198200000000001,-0.1825232000000001
Tottenham,2024,2024-11-23 17:30:00,2024-12-22 16:30:00,-1.0715976403576577,Weak Short,Normal,True,away,-0.20587772063978071,-0.67748,-0.4029312000000001
Tottenham,2024,2024-12-01 13:30:00,2024-12-26 15:00:00,0.09649267619191886,Neutral,Normal,True,home,-0.20587772063978071,-0.163412,-0.1935872000000001
Tottenham,2024,2024-12-05 20:15:00,2024-12-29 15:00:00,-0.08313585040817487,Neutral,Normal,False,away,-0.20587772063978071,-0.2424652,-0.2615080000000001
Tottenham,2024,2024-12-08 16:30:00,2025-01-04 12:30:00,0.8972803615383222,Weak Long,Normal,True,home,-0.20587772063978071,0.1890087999999999,-0.311818
Tottenham,2024,2024-12-15 19:00:00,2025-01-15 20:00:00,0.05306727788344139,Neutral,Normal,False,away,-0.20587772063978071,-0.1825232000000001,-0.1350478
Tottenham,2024,2024-12-22 16:30:00,2025-01-19 14:00:00,-0.4477545015116174,Neutral,Normal,False,home,-0.20587772063978071,-0.4029312000000001,0.0959001999999999
Tottenham,2024,2024-12-26 15:00:00,2025-01-26 14:00:00,0.027927118872757,Neutral,Normal,False,away,-0.20587772063978071,-0.1935872000000001,-0.0606498000000001
Tottenham,2024,2024-12-29 15:00:00,2025-02-02 14:00:00,-0.12640582690931942,Neutral,Normal,False,home,-0.20587772063978071,-0.2615080000000001,-0.3284448000000001
Tottenham,2024,2025-01-04 12:30:00,2025-02-16 16:30:00,-0.24072265625020253,Neutral,Normal,True,home,-0.20587772063978071,-0.311818,-0.1348928000000001
Tottenham,2024,2025-01-15 20:00:00,2025-02-22 15:00:00,0.16094319121459194,Neutral,Normal,False,away,-0.20587772063978071,-0.1350478,-0.5728250000000001
Tottenham,2024,2025-01-19 14:00:00,2025-02-26 19:30:00,0.685714471330241,Weak Long,Normal,True,away,-0.20587772063978071,0.0959001999999999,-0.1874110000000001
Tottenham,2024,2025-01-26 14:00:00,2025-03-09 14:00:00,0.32999394592146986,Neutral,Normal,False,home,-0.20587772063978071,-0.0606498000000001,-0.3722710000000001
Tottenham,2024,2025-02-02 14:00:00,2025-03-16 13:30:00,-0.2785028800245021,Neutral,Normal,False,away,-0.20587772063978071,-0.3284448000000001,0.1203879999999999
Tottenham,2024,2025-02-16 16:30:00,2025-04-03 19:00:00,0.16129538975460042,Neutral,Normal,False,home,-0.20587772063978071,-0.1348928000000001,0.2067179999999999
Tottenham,2024,2025-02-22 15:00:00,2025-04-06 13:00:00,-0.8337954583924396,Weak Short,Normal,False,away,-0.20587772063978071,-0.5728250000000001,0.6188359999999999
Tottenham,2024,2025-02-26 19:30:00,2025-04-13 13:00:00,0.04196098095534819,Neutral,Normal,False,home,-0.20587772063978071,-0.1874110000000001,0.2877579999999999
Tottenham,2024,2025-03-09 14:00:00,2025-04-21 19:00:00,-0.3780869035995253,Neutral,Normal,False,home,-0.20587772063978071,-0.3722710000000001,0.698132
Tottenham,2024,2025-03-16 13:30:00,2025-04-27 15:30:00,0.7413568417045937,Weak Long,Break,False,away,-0.20587772063978071,0.1203879999999999,0.3189644
Tottenham,2024,2025-04-03 19:00:00,2025-05-04 13:00:00,0.9375200672462048,Weak Long,Break,True,away,-0.20587772063978071,0.2067179999999999,0.0078207999999999
Tottenham,2024,2025-04-06 13:00:00,2025-05-11 13:15:00,1.873954634415876,Strong Long,Break,True,home,-0.20587772063978071,0.6188359999999999,0.2395791999999999
Tottenham,2024,2025-04-13 13:00:00,2025-05-16 18:30:00,1.1216630974546165,Weak Long,Break,False,away,-0.20587772063978071,0.2877579999999999,0.4184083999999999
Tottenham,2024,2025-04-21 19:00:00,2025-05-25 15:00:00,2.0541348629870284,Strong Long,Break,True,home,-0.20587772063978071,0.698132,0.3084583999999999
West Ham,2017,2017-08-13 16:00:00,2017-09-23 12:30:00,1.5840429655249777,Strong Long,Normal,True,away,-0.012478806633174078,0.6402160000000001,-0.2032243999999998
West Ham,2017,2017-08-19 15:00:00,2017-09-30 15:00:00,1.0409936714847488,Weak Long,Normal,True,away,-0.012478806633174078,0.4164560000000001,-0.1713253999999998
West Ham,2017,2017-08-26 15:00:00,2017-10-14 15:00:00,0.7245485382595511,Weak Long,Normal,False,away,-0.012478806633174078,0.2860668000000001,-0.3159837999999998
West Ham,2017,2017-09-11 20:00:00,2017-10-20 20:00:00,0.19550746966265484,Neutral,Normal,False,home,-0.012478806633174078,0.0680788,-0.1920995999999998
West Ham,2017,2017-09-16 15:00:00,2017-10-28 15:00:00,0.48351289584780527,Neutral,Normal,False,away,-0.012478806633174078,0.1867496000000001,-0.4967993999999998
West Ham,2017,2017-09-23 12:30:00,2017-11-04 17:30:00,-0.46292572318170944,Neutral,Break,False,home,-0.012478806633174078,-0.2032243999999998,-0.2060433999999998
West Ham,2017,2017-09-30 15:00:00,2017-11-19 16:00:00,-0.385509163338175,Neutral,Break,True,home,-0.012478806633174078,-0.1713253999999998,0.1422576000000001
West Ham,2017,2017-10-14 15:00:00,2017-11-24 20:00:00,-0.7365846102321197,Weak Short,Break,True,away,-0.012478806633174078,-0.3159837999999998,0.1302786000000001
West Ham,2017,2017-10-20 20:00:00,2017-11-29 20:00:00,-0.435926640296749,Neutral,Break,False,home,-0.012478806633174078,-0.1920995999999998,0.2237724000000001
West Ham,2017,2017-10-28 15:00:00,2017-12-03 16:00:00,-1.1754109595861615,Weak Short,Break,True,away,-0.012478806633174078,-0.4967993999999998,0.3701000000000001
West Ham,2017,2017-11-04 17:30:00,2017-12-09 12:30:00,-0.4697672317618819,Neutral,Break,False,home,-0.012478806633174078,-0.2060433999999998,0.2276354000000001
West Ham,2017,2017-11-19 16:00:00,2017-12-13 20:00:00,0.37553403818585557,Neutral,Normal,True,away,-0.012478806633174078,0.1422576000000001,0.0219318000000001
West Ham,2017,2017-11-24 20:00:00,2017-12-16 16:00:00,0.3464618738432211,Neutral,Normal,True,home,-0.012478806633174078,0.1302786000000001,0.0833604000000001
West Ham,2017,2017-11-29 20:00:00,2017-12-23 15:00:00,0.5733645467389056,Weak Long,Normal,True,away,-0.012478806633174078,0.2237724000000001,-0.0601595999999998
West Ham,2017,2017-12-03 16:00:00,2017-12-26 15:00:00,0.9284910209907871,Weak Long,Normal,True,away,-0.012478806633174078,0.3701000000000001,-0.1798641999999998
West Ham,2017,2017-12-09 12:30:00,2018-01-02 19:45:00,0.5827397676134023,Weak Long,Normal,True,home,-0.012478806633174078,0.2276354000000001,-0.2516095999999999
West Ham,2017,2017-12-13 20:00:00,2018-01-04 20:00:00,0.08351204701305531,Neutral,Normal,False,home,-0.012478806633174078,0.0219318000000001,-0.4100573999999999
West Ham,2017,2017-12-16 16:00:00,2018-01-13 15:00:00,0.23259480471720087,Neutral,Normal,False,away,-0.012478806633174078,0.0833604000000001,-1.0291747999999998
West Ham,2017,2017-12-23 15:00:00,2018-01-20 15:00:00,-0.1157178279278367,Neutral,Normal,False,home,-0.012478806633174078,-0.0601595999999998,-1.0969226
West Ham,2017,2017-12-26 15:00:00,2018-01-30 19:45:00,-0.40623221174696433,Neutral,Break,False,away,-0.012478806633174078,-0.1798641999999998,-0.8488505999999999
West Ham,2017,2018-01-02 19:45:00,2018-02-03 15:00:00,-0.5803530949282026,Weak Short,Break,False,home,-0.012478806633174078,-0.2516095999999999,-0.7719803999999999
West Ham,2017,2018-01-04 20:00:00,2018-02-10 15:00:00,-0.9648944156835987,Weak Short,Break,False,away,-0.012478806633174078,-0.4100573999999999,-0.7278489999999997
West Ham,2017,2018-01-13 15:00:00,2018-02-24 15:00:00,-2.4674474501760106,Strong Short,Break,True,away,-0.012478806633174078,-1.0291747999999998,-0.2581655999999998
West Ham,2017,2018-01-20 15:00:00,2018-03-03 15:00:00,-2.6318664480432736,Strong Short,Break,True,home,-0.012478806633174078,-1.0969226,-0.3547715999999997
West Ham,2017,2018-01-30 19:45:00,2018-03-10 15:00:00,-2.02981369298809,Strong Short,Break,True,home,-0.012478806633174078,-0.8488505999999999,-0.2326895999999997
West Ham,2017,2018-02-03 15:00:00,2018-03-31 15:00:00,-1.8432552918318013,Strong Short,Break,True,away,-0.012478806633174078,-0.7719803999999999,-0.4314977999999998
West Ham,2017,2018-02-10 15:00:00,2018-04-08 15:30:00,-1.7361515842209367,Strong Short,Break,True,home,-0.012478806633174078,-0.7278489999999997,-0.5377049999999999
West Ham,2017,2018-02-24 15:00:00,2018-04-16 19:00:00,-0.5962640315197636,Weak Short,Break,False,away,-0.012478806633174078,-0.2581655999999998,-0.4432677999999998
West Ham,2017,2018-03-03 15:00:00,2018-04-22 12:30:00,-0.830719788134218,Weak Short,Break,False,away,-0.012478806633174078,-0.3547715999999997,-0.4180777999999998
West Ham,2017,2018-03-10 15:00:00,2018-04-29 13:15:00,-0.5344356269122872,Weak Short,Break,False,home,-0.012478806633174078,-0.2326895999999997,-0.7176403999999998
West Ham,2017,2018-03-31 15:00:00,2018-05-05 15:00:00,-1.0169287117326695,Weak Short,Break,False,home,-0.012478806633174078,-0.4314977999999998,-0.5215283999999999
West Ham,2017,2018-04-08 15:30:00,2018-05-10 19:45:00,-1.2746858845159617,Weak Short,Break,True,away,-0.012478806633174078,-0.5377049999999999,-0.2254305999999998
West Ham,2017,2018-04-16 19:00:00,2018-05-13 15:00:00,-1.045493648230942,Weak Short,Break,False,home,-0.012478806633174078,-0.4432677999999998,-0.5503237999999998
West Ham,2017,2018-04-22 12:30:00,2018-08-12 15:30:00,-0.9843593448841715,Weak Short,Break,True,away,-0.012478806633174078,-0.4180777999999998,-0.3941053999999998
West Ham,2017,2018-04-29 13:15:00,2018-08-18 17:00:00,-1.71137605229772,Strong Short,Break,True,home,-0.012478806633174078,-0.7176403999999998,-0.2193387999999999
West Ham,2017,2018-05-05 15:00:00,2018-08-25 17:00:00,-1.2354264493623541,Weak Short,Break,True,away,-0.012478806633174078,-0.5215283999999999,-0.0695447999999998
West Ham,2017,2018-05-10 19:45:00,2018-09-01 14:00:00,-0.5168185602987818,Weak Short,Break,True,home,-0.012478806633174078,-0.2254305999999998,-0.0483759999999998
West Ham,2017,2018-05-13 15:00:00,2018-09-16 15:00:00,-1.3053107970634892,Weak Short,Break,True,home,-0.012478806633174078,-0.5503237999999998,0.0199000000000001
West Ham,2018,2018-08-12 15:30:00,2018-09-23 12:30:00,-0.6486064096875906,Weak Short,Break,False,away,-0.1376900584706377,-0.3941053999999998,0.1425894000000001
West Ham,2018,2018-08-18 17:00:00,2018-09-29 11:30:00,-0.2065317027561921,Neutral,Break,True,home,-0.1376900584706377,-0.2193387999999999,-0.2173805999999998
West Ham,2018,2018-08-25 17:00:00,2018-10-05 19:00:00,0.1723744420682881,Neutral,Normal,False,away,-0.1376900584706377,-0.0695447999999998,0.0340754000000001
West Ham,2018,2018-09-01 14:00:00,2018-10-20 14:00:00,0.2259212356552171,Neutral,Normal,False,home,-0.1376900584706377,-0.0483759999999998,-0.0348483999999998
West Ham,2018,2018-09-16 15:00:00,2018-10-27 16:30:00,0.39862639036125447,Neutral,Normal,False,away,-0.1376900584706377,0.0199000000000001,0.3722956000000001
West Ham,2018,2018-09-23 12:30:00,2018-11-03 15:00:00,0.7089710474558547,Weak Long,Normal,True,home,-0.1376900584706377,0.1425894000000001,-0.1197663999999998
West Ham,2018,2018-09-29 11:30:00,2018-11-10 15:00:00,-0.20157840681112538,Neutral,Normal,False,home,-0.1376900584706377,-0.2173805999999998,0.3078796000000001
West Ham,2018,2018-10-05 19:00:00,2018-11-24 15:00:00,0.4344832749183457,Neutral,Normal,False,away,-0.1376900584706377,0.0340754000000001,0.1864764000000001
West Ham,2018,2018-10-20 14:00:00,2018-12-01 15:00:00,0.26013950050379336,Neutral,Normal,False,home,-0.1376900584706377,-0.0348483999999998,0.0030168000000001
West Ham,2018,2018-10-27 16:30:00,2018-12-04 19:45:00,1.2900162874806953,Weak Long,Normal,True,away,-0.1376900584706377,0.3722956000000001,-0.3940251999999998
West Ham,2018,2018-11-03 15:00:00,2018-12-08 15:00:00,0.04533815995473811,Neutral,Normal,False,home,-0.1376900584706377,-0.1197663999999998,-0.3982331999999998
West Ham,2018,2018-11-10 15:00:00,2018-12-15 17:30:00,1.1270750600282358,Weak Long,Normal,False,away,-0.1376900584706377,0.3078796000000001,-0.7358091999999998
West Ham,2018,2018-11-24 15:00:00,2018-12-22 15:00:00,0.8199838649112398,Weak Long,Normal,False,home,-0.1376900584706377,0.1864764000000001,-0.4886959999999997
West Ham,2018,2018-12-01 15:00:00,2018-12-27 19:45:00,0.3559200855406297,Neutral,Normal,False,away,-0.1376900584706377,0.0030168000000001,-0.5601439999999999
West Ham,2018,2018-12-04 19:45:00,2018-12-30 14:15:00,-0.6484035425980216,Weak Short,Break,True,home,-0.1376900584706377,-0.3940251999999998,-0.1439111999999998
West Ham,2018,2018-12-08 15:00:00,2019-01-02 19:45:00,-0.6590477410133213,Weak Short,Break,True,home,-0.1376900584706377,-0.3982331999999998,-0.1233099999999998
West Ham,2018,2018-12-15 17:30:00,2019-01-12 12:30:00,-1.5129512401205527,Strong Short,Break,True,away,-0.1376900584706377,-0.7358091999999998,0.0599188000000001
West Ham,2018,2018-12-22 15:00:00,2019-01-19 15:00:00,-0.8878747354058064,Weak Short,Break,True,home,-0.1376900584706377,-0.4886959999999997,-0.1587325999999998
West Ham,2018,2018-12-27 19:45:00,2019-01-29 19:45:00,-1.0686035111606398,Weak Short,Break,True,away,-0.1376900584706377,-0.5601439999999999,0.0133572000000001
West Ham,2018,2018-12-30 14:15:00,2019-02-04 20:00:00,-0.01573646977380977,Neutral,Break,False,away,-0.1376900584706377,-0.1439111999999998,-0.1595877999999998
West Ham,2018,2019-01-02 19:45:00,2019-02-09 15:00:00,0.036374571194173436,Neutral,Break,False,home,-0.1376900584706377,-0.1233099999999998,0.2619630000000001
West Ham,2018,2019-01-12 12:30:00,2019-02-22 19:45:00,0.4998545385414346,Neutral,Normal,False,home,-0.1376900584706377,0.0599188000000001,0.2738262000000001
West Ham,2018,2019-01-19 15:00:00,2019-02-27 20:00:00,-0.053227420912717545,Neutral,Normal,False,away,-0.1376900584706377,-0.1587325999999998,0.1594886000000001
West Ham,2018,2019-01-29 19:45:00,2019-03-02 17:30:00,0.38207628071495614,Neutral,Normal,False,away,-0.1376900584706377,0.0133572000000001,0.1112428000000001
West Ham,2018,2019-02-04 20:00:00,2019-03-09 15:00:00,-0.05539066199749995,Neutral,Normal,False,home,-0.1376900584706377,-0.1595877999999998,0.2121528000000001
West Ham,2018,2019-02-09 15:00:00,2019-03-16 15:00:00,1.0109283392687414,Weak Long,Normal,True,away,-0.1376900584706377,0.2619630000000001,-0.3610411999999998
West Ham,2018,2019-02-22 19:45:00,2019-03-30 17:30:00,1.0409364796300493,Weak Long,Normal,True,home,-0.1376900584706377,0.2738262000000001,-0.2889504199999998
West Ham,2018,2019-02-27 20:00:00,2019-04-08 20:00:00,0.7517178245137999,Weak Long,Normal,True,away,-0.1376900584706377,0.1594886000000001,-0.2747364199999998
West Ham,2018,2019-03-02 17:30:00,2019-04-13 17:30:00,0.6296793578063691,Weak Long,Normal,True,home,-0.1376900584706377,0.1112428000000001,-0.1668924199999998
West Ham,2018,2019-03-09 15:00:00,2019-04-20 15:00:00,0.8849326995572955,Weak Long,Normal,True,away,-0.1376900584706377,0.2121528000000001,-0.3529502199999997
West Ham,2018,2019-03-16 15:00:00,2019-04-27 12:30:00,-0.564970025361746,Weak Short,Break,True,home,-0.1376900584706377,-0.3610411999999998,0.0691333800000001
West Ham,2018,2019-03-30 17:30:00,2019-05-04 14:00:00,-0.38261532806285753,Neutral,Break,True,home,-0.1376900584706377,-0.2889504199999998,-0.1489673999999998
West Ham,2018,2019-04-08 20:00:00,2019-05-12 14:00:00,-0.3466608042332304,Neutral,Break,False,away,-0.1376900584706377,-0.2747364199999998,-0.4030183999999998
West Ham,2018,2019-04-13 17:30:00,2019-08-10 12:30:00,-0.07386780663351866,Neutral,Break,False,away,-0.1376900584706377,-0.1668924199999998,-0.2485923999999997
West Ham,2018,2019-04-20 15:00:00,2019-08-17 15:00:00,-0.5445037714420162,Weak Short,Break,True,home,-0.1376900584706377,-0.3529502199999997,-0.1199963999999998
West Ham,2018,2019-04-27 12:30:00,2019-08-24 15:00:00,0.5231629553269984,Weak Long,Break,True,away,-0.1376900584706377,0.0691333800000001,-0.0267719999999998
West Ham,2018,2019-05-04 14:00:00,2019-08-31 15:00:00,-0.028526202670064223,Neutral,Break,False,home,-0.1376900584706377,-0.1489673999999998,0.2148100000000001
West Ham,2018,2019-05-12 14:00:00,2019-09-16 19:00:00,-0.6711519753899592,Weak Short,Break,False,away,-0.1376900584706377,-0.4030183999999998,0.4816778000000001
West Ham,2019,2019-08-10 12:30:00,2019-09-22 13:00:00,-0.32898678104593915,Neutral,Break,True,home,-0.12957366751112917,-0.2485923999999997,-0.0556301999999998
West Ham,2019,2019-08-17 15:00:00,2019-09-28 14:00:00,0.02647309666145989,Neutral,Break,False,away,-0.12957366751112917,-0.1199963999999998,-0.1982501999999998
West Ham,2019,2019-08-24 15:00:00,2019-10-05 17:30:00,0.28416022396981844,Neutral,Normal,False,away,-0.12957366751112917,-0.0267719999999998,-0.2426321999999998
West Ham,2019,2019-08-31 15:00:00,2019-10-19 12:30:00,0.9519314468407389,Weak Long,Normal,True,home,-0.12957366751112917,0.2148100000000001,-0.1921237999999998
West Ham,2019,2019-09-16 19:00:00,2019-10-26 15:00:00,1.689596658449519,Strong Long,Normal,True,away,-0.12957366751112917,0.4816778000000001,-0.0313975999999998
West Ham,2019,2019-09-22 13:00:00,2019-11-02 15:00:00,0.20439155120506936,Neutral,Normal,False,home,-0.12957366751112917,-0.0556301999999998,0.1730444000000001
West Ham,2019,2019-09-28 14:00:00,2019-11-09 15:00:00,-0.18983290179991746,Neutral,Normal,False,away,-0.12957366751112917,-0.1982501999999998,0.4088086000000001
West Ham,2019,2019-10-05 17:30:00,2019-11-23 12:30:00,-0.3125118365444647,Neutral,Normal,False,home,-0.12957366751112917,-0.2426321999999998,0.0939444000000001
West Ham,2019,2019-10-19 12:30:00,2019-11-30 15:00:00,-0.17289855396027537,Neutral,Normal,False,away,-0.12957366751112917,-0.1921237999999998,0.0261900000000001
West Ham,2019,2019-10-26 15:00:00,2019-12-04 19:30:00,0.27137432697206304,Neutral,Normal,True,home,-0.12957366751112917,-0.0313975999999998,-0.1411965999999998
West Ham,2019,2019-11-02 15:00:00,2019-12-09 20:00:00,0.8364846594727325,Weak Long,Normal,True,home,-0.12957366751112917,0.1730444000000001,-0.1440211999999998
West Ham,2019,2019-11-09 15:00:00,2019-12-14 17:30:00,1.4881745541800548,Weak Long,Normal,True,away,-0.12957366751112917,0.4088086000000001,-0.2582293999999999
West Ham,2019,2019-11-23 12:30:00,2019-12-26 15:00:00,0.6178396290934417,Weak Long,Normal,True,home,-0.12957366751112917,0.0939444000000001,-0.0312515999999998
West Ham,2019,2019-11-30 15:00:00,2019-12-28 17:30:00,0.4305556487352796,Neutral,Normal,True,away,-0.12957366751112917,0.0261900000000001,-0.0988987999999998
West Ham,2019,2019-12-04 19:30:00,2020-01-01 17:30:00,-0.03212764130373663,Neutral,Break,False,away,-0.12957366751112917,-0.1411965999999998,-0.5336441999999998
West Ham,2019,2019-12-09 20:00:00,2020-01-10 20:00:00,-0.03993528672484082,Neutral,Break,False,home,-0.12957366751112917,-0.1440211999999998,-0.2570595999999998
West Ham,2019,2019-12-14 17:30:00,2020-01-18 15:00:00,-0.35562498784448865,Neutral,Break,True,away,-0.12957366751112917,-0.2582293999999999,-0.1008355999999998
West Ham,2019,2019-12-26 15:00:00,2020-01-22 19:30:00,0.2717778942847733,Neutral,Break,False,away,-0.12957366751112917,-0.0312515999999998,-0.0275951999999998
West Ham,2019,2019-12-28 17:30:00,2020-01-29 19:45:00,0.08479023184388877,Neutral,Break,False,home,-0.12957366751112917,-0.0988987999999998,0.1916522000000002
West Ham,2019,2020-01-01 17:30:00,2020-02-01 15:00:00,-1.1169154722048715,Weak Short,Break,True,home,-0.12957366751112917,-0.5336441999999998,0.1875502
West Ham,2019,2020-01-10 20:00:00,2020-02-19 19:30:00,-0.35239147385538977,Neutral,Break,False,away,-0.12957366751112917,-0.2570595999999998,0.0245140400000001
West Ham,2019,2020-01-18 15:00:00,2020-02-24 20:00:00,0.07943660738322365,Neutral,Break,False,home,-0.12957366751112917,-0.1008355999999998,-0.3847107599999998
West Ham,2019,2020-01-22 19:30:00,2020-02-29 15:00:00,0.2818847677244552,Neutral,Normal,False,away,-0.12957366751112917,-0.0275951999999998,-0.4598547599999998
West Ham,2019,2020-01-29 19:45:00,2020-03-07 15:00:00,0.8879195898936147,Weak Long,Normal,True,home,-0.12957366751112917,0.1916522000000002,-0.3122929599999998
West Ham,2019,2020-02-01 15:00:00,2020-06-20 16:30:00,0.8765810069022635,Weak Long,Normal,True,home,-0.12957366751112917,0.1875502,0.1145730400000002
West Ham,2019,2020-02-19 19:30:00,2020-06-23 19:15:00,0.42592302768452767,Neutral,Normal,False,away,-0.12957366751112917,0.0245140400000001,0.2628632000000002
West Ham,2019,2020-02-24 20:00:00,2020-07-01 19:15:00,-0.7052396629344254,Weak Short,Break,False,away,-0.12957366751112917,-0.3847107599999998,0.3562100000000001
West Ham,2019,2020-02-29 15:00:00,2020-07-05 13:15:00,-0.9129496776350755,Weak Short,Break,False,home,-0.12957366751112917,-0.4598547599999998,0.4049760000000001
West Ham,2019,2020-03-07 15:00:00,2020-07-08 17:00:00,-0.5050653003427514,Weak Short,Break,False,away,-0.12957366751112917,-0.3122929599999998,0.4813880000000001
West Ham,2019,2020-06-20 16:30:00,2020-07-11 11:30:00,0.6748604839541683,Weak Long,Normal,False,home,-0.12957366751112917,0.1145730400000002,0.3551500000000002
West Ham,2019,2020-06-23 19:15:00,2020-07-17 19:00:00,1.0847581645881745,Weak Long,Normal,True,away,-0.12957366751112917,0.2628632000000002,-0.2442589999999998
West Ham,2019,2020-07-01 19:15:00,2020-07-22 17:00:00,1.342783625040887,Weak Long,Normal,True,home,-0.12957366751112917,0.3562100000000001,-0.0072349999999998
West Ham,2019,2020-07-05 13:15:00,2020-07-26 15:00:00,1.4775806358054446,Weak Long,Normal,True,away,-0.12957366751112917,0.4049760000000001,-0.0570719999999998
West Ham,2019,2020-07-08 17:00:00,2020-09-12 19:00:00,1.688795604975386,Strong Long,Normal,True,home,-0.12957366751112917,0.4813880000000001,-0.2844249999999998
West Ham,2019,2020-07-11 11:30:00,2020-09-19 19:00:00,1.3398536157842245,Weak Long,Normal,True,away,-0.12957366751112917,0.3551500000000002,-0.0338469999999999
West Ham,2019,2020-07-17 19:00:00,2020-09-27 18:00:00,-0.3170085715055397,Neutral,Normal,False,home,-0.12957366751112917,-0.2442589999999998,0.2107600000000001
West Ham,2019,2020-07-22 17:00:00,2020-10-04 11:00:00,0.33816361156172997,Neutral,Normal,True,away,-0.12957366751112917,-0.0072349999999998,-0.0408039999999998
West Ham,2019,2020-07-26 15:00:00,2020-10-18 15:30:00,0.20040618578407235,Neutral,Normal,False,home,-0.12957366751112917,-0.0570719999999998,-0.2971129999999998
West Ham,2020,2020-09-12 19:00:00,2020-10-24 11:30:00,-0.5364884345402389,Weak Short,Normal,False,home,-0.10021769934168831,-0.2844249999999998,-0.6166541999999998
West Ham,2020,2020-09-19 19:00:00,2020-10-31 17:30:00,0.19329913886101271,Neutral,Normal,False,away,-0.10021769934168831,-0.0338469999999999,-0.9755986
West Ham,2020,2020-09-27 18:00:00,2020-11-07 20:00:00,0.9056966716330836,Weak Long,Normal,False,home,-0.10021769934168831,0.2107600000000001,-0.7017765999999999
West Ham,2020,2020-10-04 11:00:00,2020-11-22 14:00:00,0.17303745528084033,Neutral,Normal,False,away,-0.10021769934168831,-0.0408039999999998,-0.2853906
West Ham,2020,2020-10-18 15:30:00,2020-11-30 20:00:00,-0.5734411787209533,Weak Short,Break,True,away,-0.10021769934168831,-0.2971129999999998,-0.2710479999999999
West Ham,2020,2020-10-24 11:30:00,2020-12-05 17:30:00,-1.5040783334181895,Strong Short,Break,True,home,-0.10021769934168831,-0.6166541999999998,0.1822162000000001
West Ham,2020,2020-10-31 17:30:00,2020-12-11 20:00:00,-2.5494740292173756,Strong Short,Break,True,away,-0.10021769934168831,-0.9755986,0.2854266000000001
West Ham,2020,2020-11-07 20:00:00,2020-12-16 20:00:00,-1.7519902400424374,Strong Short,Break,True,home,-0.10021769934168831,-0.7017765999999999,0.0900924000000001
West Ham,2020,2020-11-22 14:00:00,2020-12-21 20:00:00,-0.5393006641887969,Weak Short,Break,True,away,-0.10021769934168831,-0.2853906,-0.0772001999999998
West Ham,2020,2020-11-30 20:00:00,2020-12-27 14:15:00,-0.49752903519397346,Neutral,Break,False,home,-0.10021769934168831,-0.2710479999999999,0.0862272000000001
West Ham,2020,2020-12-05 17:30:00,2020-12-29 18:00:00,0.8225652293769772,Weak Long,Normal,True,home,-0.10021769934168831,0.1822162000000001,-0.0052927999999998
West Ham,2020,2020-12-11 20:00:00,2021-01-01 17:30:00,1.1231569308263165,Weak Long,Normal,True,away,-0.10021769934168831,0.2854266000000001,0.0771132000000001
West Ham,2020,2020-12-16 20:00:00,2021-01-16 15:00:00,0.5542623278672587,Weak Long,Normal,False,home,-0.10021769934168831,0.0900924000000001,0.3340134000000002
West Ham,2020,2020-12-21 20:00:00,2021-01-19 18:00:00,0.06703655145438055,Neutral,Normal,False,away,-0.10021769934168831,-0.0772001999999998,0.3134900000000001
West Ham,2020,2020-12-27 14:15:00,2021-01-26 18:00:00,0.5430052545060278,Weak Long,Normal,False,home,-0.10021769934168831,0.0862272000000001,0.4963780000000001
West Ham,2020,2020-12-29 18:00:00,2021-01-31 16:30:00,0.27646087025169386,Neutral,Normal,False,away,-0.10021769934168831,-0.0052927999999998,0.2584982000000001
West Ham,2020,2021-01-01 17:30:00,2021-02-03 20:15:00,0.5164614879184622,Weak Long,Normal,True,away,-0.10021769934168831,0.0771132000000001,-0.0227997999999998
West Ham,2020,2021-01-16 15:00:00,2021-02-06 17:30:00,1.2646619427241368,Weak Long,Normal,True,home,-0.10021769934168831,0.3340134000000002,0.0191140000000001
West Ham,2020,2021-01-19 18:00:00,2021-02-15 18:00:00,1.2048892480584306,Weak Long,Normal,True,home,-0.10021769934168831,0.3134900000000001,-0.1504399999999998
West Ham,2020,2021-01-26 18:00:00,2021-02-21 12:00:00,1.737535329215628,Strong Long,Normal,True,away,-0.10021769934168831,0.4963780000000001,-0.3925899999999999
West Ham,2020,2021-01-31 16:30:00,2021-02-27 12:30:00,1.0447302066463078,Weak Long,Normal,True,home,-0.10021769934168831,0.2584982000000001,-0.1834181999999999
West Ham,2020,2021-02-03 20:15:00,2021-03-08 20:00:00,0.22547318957926565,Neutral,Normal,False,away,-0.10021769934168831,-0.0227997999999998,0.1335658000000001
West Ham,2020,2021-02-06 17:30:00,2021-03-14 19:15:00,0.3475436442641355,Neutral,Normal,False,away,-0.10021769934168831,0.0191140000000001,0.0376054000000001
West Ham,2020,2021-02-15 18:00:00,2021-03-21 15:00:00,-0.14626827146859353,Neutral,Break,False,home,-0.10021769934168831,-0.1504399999999998,0.0733934000000001
West Ham,2020,2021-02-21 12:00:00,2021-04-05 19:15:00,-0.851509996197473,Weak Short,Break,True,home,-0.10021769934168831,-0.3925899999999999,-0.0257105999999998
West Ham,2020,2021-02-27 12:30:00,2021-04-11 13:05:00,-0.24231453472052,Neutral,Break,False,away,-0.10021769934168831,-0.1834181999999999,-0.6066785999999998
West Ham,2020,2021-03-08 20:00:00,2021-04-17 11:30:00,0.6808749877715679,Weak Long,Normal,False,home,-0.10021769934168831,0.1335658000000001,-0.6683085999999998
West Ham,2020,2021-03-14 19:15:00,2021-04-24 16:30:00,0.4013983080206979,Neutral,Normal,False,away,-0.10021769934168831,0.0376054000000001,-0.7076313999999998
West Ham,2020,2021-03-21 15:00:00,2021-05-03 19:15:00,0.505627879957915,Weak Long,Normal,False,home,-0.10021769934168831,0.0733934000000001,-0.5239353999999998
West Ham,2020,2021-04-05 19:15:00,2021-05-09 15:30:00,0.2169957267985891,Neutral,Normal,False,away,-0.10021769934168831,-0.0257105999999998,-0.0239153999999998
West Ham,2020,2021-04-11 13:05:00,2021-05-15 19:00:00,-1.47502522852781,Weak Short,Break,False,home,-0.10021769934168831,-0.6066785999999998,0.5560246000000001
West Ham,2020,2021-04-17 11:30:00,2021-05-19 19:15:00,-1.6545174750487304,Strong Short,Break,False,away,-0.10021769934168831,-0.6683085999999998,0.6565246000000002
West Ham,2020,2021-04-24 16:30:00,2021-05-23 15:00:00,-1.7690418578410854,Strong Short,Break,True,home,-0.10021769934168831,-0.7076313999999998,0.3997880000000002
West Ham,2020,2021-05-03 19:15:00,2021-08-15 13:00:00,-1.2340425439208036,Weak Short,Break,True,away,-0.10021769934168831,-0.5239353999999998,0.1167120000000001
West Ham,2020,2021-05-09 15:30:00,2021-08-23 19:00:00,0.22222409741280877,Neutral,Normal,False,home,-0.10021769934168831,-0.0239153999999998,-0.4454699999999999
West Ham,2020,2021-05-15 19:00:00,2021-08-28 14:00:00,1.9112510882832041,Strong Long,Normal,True,away,-0.10021769934168831,0.5560246000000001,-0.7407299999999999
West Ham,2020,2021-05-19 19:15:00,2021-09-11 14:00:00,2.203948975275781,Strong Long,Normal,True,away,-0.10021769934168831,0.6565246000000002,-0.7096305999999999
West Ham,2020,2021-05-23 15:00:00,2021-09-19 13:00:00,1.456224991856295,Weak Long,Normal,True,home,-0.10021769934168831,0.3997880000000002,-0.3728985999999999
West Ham,2021,2021-08-15 13:00:00,2021-09-25 14:00:00,0.5892351126286225,Weak Long,Normal,True,away,-0.088281388822581,0.1167120000000001,-0.1768525999999999
West Ham,2021,2021-08-23 19:00:00,2021-10-03 13:00:00,-1.0267066306169748,Weak Short,Break,True,home,-0.088281388822581,-0.4454699999999999,0.2404374
West Ham,2021,2021-08-28 14:00:00,2021-10-17 13:00:00,-1.8754050220821854,Strong Short,Break,True,home,-0.088281388822581,-0.7407299999999999,0.5570094
West Ham,2021,2021-09-11 14:00:00,2021-10-24 13:00:00,-1.7860125857361409,Strong Short,Break,False,away,-0.088281388822581,-0.7096305999999999,0.558864
West Ham,2021,2021-09-19 13:00:00,2021-10-31 16:30:00,-0.8181066494262331,Weak Short,Break,True,home,-0.088281388822581,-0.3728985999999999,0.1582259999999999
West Ham,2021,2021-09-25 14:00:00,2021-11-07 16:30:00,-0.2545900035778666,Neutral,Break,False,away,-0.088281388822581,-0.1768525999999999,-0.189102
West Ham,2021,2021-10-03 13:00:00,2021-11-20 15:00:00,0.9448726793948274,Weak Long,Normal,True,home,-0.088281388822581,0.2404374,-0.1763517999999999
West Ham,2021,2021-10-17 13:00:00,2021-11-28 14:00:00,1.8548305036274517,Strong Long,Normal,True,away,-0.088281388822581,0.5570094,-0.5480672
West Ham,2021,2021-10-24 13:00:00,2021-12-01 19:30:00,1.8601613850093233,Strong Long,Normal,True,home,-0.088281388822581,0.558864,-0.6656451999999999
West Ham,2021,2021-10-31 16:30:00,2021-12-04 12:30:00,0.7085633827068131,Weak Long,Normal,False,away,-0.088281388822581,0.1582259999999999,-0.5949471999999999
West Ham,2021,2021-11-07 16:30:00,2021-12-12 14:00:00,-0.2897998053675233,Neutral,Break,True,home,-0.088281388822581,-0.189102,-0.0457805999999999
West Ham,2021,2021-11-20 15:00:00,2021-12-15 20:00:00,-0.2531504988889627,Neutral,Break,True,away,-0.088281388822581,-0.1763517999999999,-0.0652757999999999
West Ham,2021,2021-11-28 14:00:00,2021-12-26 15:00:00,-1.3216130812328204,Weak Short,Break,True,away,-0.088281388822581,-0.5480672,0.0078616
West Ham,2021,2021-12-01 19:30:00,2021-12-28 15:00:00,-1.659580497989904,Strong Short,Break,True,home,-0.088281388822581,-0.6656451999999999,-0.2533283999999999
West Ham,2021,2021-12-04 12:30:00,2022-01-01 17:30:00,-1.456365437095074,Weak Short,Break,True,home,-0.088281388822581,-0.5949471999999999,-0.2105163999999998
West Ham,2021,2021-12-12 14:00:00,2022-01-12 21:45:00,0.12216470605475577,Neutral,Break,False,away,-0.088281388822581,-0.0457805999999999,-0.2318449999999998
West Ham,2021,2021-12-15 20:00:00,2022-01-16 14:00:00,0.06612750195906866,Neutral,Break,False,away,-0.088281388822581,-0.0652757999999999,-0.2286359999999997
West Ham,2021,2021-12-26 15:00:00,2022-01-22 15:00:00,0.27635439939166234,Neutral,Break,True,home,-0.088281388822581,0.0078616,-0.0885205999999997
West Ham,2021,2021-12-28 15:00:00,2022-02-08 19:45:00,-0.47441283242706783,Neutral,Break,False,away,-0.088281388822581,-0.2533283999999999,0.1243400000000002
West Ham,2021,2022-01-01 17:30:00,2022-02-13 16:30:00,-0.35135357775183695,Neutral,Break,True,away,-0.088281388822581,-0.2105163999999998,0.0270616000000001
West Ham,2021,2022-01-12 21:45:00,2022-02-19 12:30:00,-0.4126607257305841,Neutral,Break,True,home,-0.088281388822581,-0.2318449999999998,-0.1817827999999998
West Ham,2021,2022-01-16 14:00:00,2022-02-27 14:00:00,-0.403436743009552,Neutral,Break,True,home,-0.088281388822581,-0.2286359999999997,-0.1282807999999999
West Ham,2021,2022-01-22 15:00:00,2022-03-05 17:30:00,-0.0006875910773411388,Neutral,Break,False,away,-0.088281388822581,-0.0885205999999997,0.0917718
West Ham,2021,2022-02-08 19:45:00,2022-03-13 14:00:00,0.6111611145594519,Weak Long,Normal,True,home,-0.088281388822581,0.1243400000000002,0.0276792
West Ham,2021,2022-02-13 16:30:00,2022-03-20 16:30:00,0.33154307756050383,Neutral,Normal,False,away,-0.088281388822581,0.0270616000000001,0.2076584000000001
West Ham,2021,2022-02-19 12:30:00,2022-04-03 13:00:00,-0.26876142134390907,Neutral,Normal,False,home,-0.088281388822581,-0.1817827999999998,0.1373828
West Ham,2021,2022-02-27 14:00:00,2022-04-10 13:00:00,-0.11497472033404788,Neutral,Normal,False,home,-0.088281388822581,-0.1282807999999999,0.0618656000000001
West Ham,2021,2022-03-05 17:30:00,2022-04-17 13:15:00,0.5175467443334902,Weak Long,Normal,False,away,-0.088281388822581,0.0917718,0.1525576000000001
West Ham,2021,2022-03-13 14:00:00,2022-04-24 13:00:00,0.33331831337493456,Neutral,Normal,False,home,-0.088281388822581,0.0276792,0.3134166000000001
West Ham,2021,2022-03-20 16:30:00,2022-05-01 15:30:00,0.8506523834731379,Weak Long,Normal,False,away,-0.088281388822581,0.2076584000000001,0.2748190000000001
West Ham,2021,2022-04-03 13:00:00,2022-05-08 13:00:00,0.6486514734980222,Weak Long,Normal,False,home,-0.088281388822581,0.1373828,0.2272930000000001
West Ham,2021,2022-04-10 13:00:00,2022-05-15 13:00:00,0.43158405438281355,Neutral,Normal,True,away,-0.088281388822581,0.0618656000000001,-0.0199117999999999
West Ham,2021,2022-04-17 13:15:00,2022-05-22 15:00:00,0.6922700752415919,Weak Long,Normal,False,home,-0.088281388822581,0.1525576000000001,-0.5244927999999999
West Ham,2021,2022-04-24 13:00:00,2022-08-07 15:30:00,1.1546448451145932,Weak Long,Normal,False,away,-0.088281388822581,0.3134166000000001,-0.5530501999999998
West Ham,2021,2022-05-01 15:30:00,2022-08-14 13:00:00,1.0436995052974232,Weak Long,Normal,True,home,-0.088281388822581,0.2748190000000001,-0.0261773999999999
West Ham,2021,2022-05-08 13:00:00,2022-08-21 13:00:00,0.9070902803676134,Weak Long,Normal,False,away,-0.088281388822581,0.2272930000000001,0.2757614000000001
West Ham,2021,2022-05-15 13:00:00,2022-08-28 13:00:00,0.19652225177424112,Neutral,Normal,False,home,-0.088281388822581,-0.0199117999999999,0.3409192000000001
West Ham,2021,2022-05-22 15:00:00,2022-08-31 18:45:00,-1.2538505825545112,Weak Short,Break,False,away,-0.088281388822581,-0.5244927999999999,0.5916842000000001
West Ham,2022,2022-08-07 15:30:00,2022-09-03 14:00:00,-1.328595316476014,Weak Short,Break,False,home,-0.10060508063981545,-0.5530501999999998,0.6263666000000001
West Ham,2022,2022-08-14 13:00:00,2022-09-18 13:15:00,0.21855527595052088,Neutral,Normal,False,away,-0.10060508063981545,-0.0261773999999999,0.3401688000000001
West Ham,2022,2022-08-21 13:00:00,2022-10-01 16:30:00,1.1051920377961828,Weak Long,Normal,True,home,-0.10060508063981545,0.2757614000000001,-0.0056899999999998
West Ham,2022,2022-08-28 13:00:00,2022-10-09 13:00:00,1.2965265095533312,Weak Long,Normal,True,away,-0.10060508063981545,0.3409192000000001,0.2147442000000001
West Ham,2022,2022-08-31 18:45:00,2022-10-16 13:00:00,2.0328925134727593,Strong Long,Normal,True,home,-0.10060508063981545,0.5916842000000001,0.2516642000000001
West Ham,2022,2022-09-03 14:00:00,2022-10-19 18:30:00,2.134736631648482,Strong Long,Normal,False,away,-0.10060508063981545,0.6263666000000001,0.6650422
West Ham,2022,2022-09-18 13:15:00,2022-10-24 19:00:00,1.2943229761681252,Weak Long,Normal,False,away,-0.10060508063981545,0.3401688000000001,0.529402
West Ham,2022,2022-10-01 16:30:00,2022-10-30 16:15:00,0.27871608335466,Neutral,Normal,False,home,-0.10060508063981545,-0.0056899999999998,0.9216
West Ham,2022,2022-10-09 13:00:00,2022-11-06 14:00:00,0.9260163484681165,Weak Long,Normal,False,home,-0.10060508063981545,0.2147442000000001,0.6727638
West Ham,2022,2022-10-16 13:00:00,2022-11-12 15:00:00,1.0344311306933285,Weak Long,Normal,False,away,-0.10060508063981545,0.2516642000000001,0.675454
West Ham,2022,2022-10-19 18:30:00,2022-12-26 20:00:00,2.2483066953383357,Strong Long,Normal,True,away,-0.10060508063981545,0.6650422,0.1834600000000001
West Ham,2022,2022-10-24 19:00:00,2022-12-30 19:45:00,1.8500021789790673,Strong Long,Normal,True,home,-0.10060508063981545,0.529402,0.4159880000000001
West Ham,2022,2022-10-30 16:15:00,2023-01-04 19:45:00,3.0016831312857764,Strong Long,Normal,True,away,-0.10060508063981545,0.9216,0.0744120000000001
West Ham,2022,2022-11-06 14:00:00,2023-01-14 15:00:00,2.2709810068884497,Strong Long,Normal,True,home,-0.10060508063981545,0.6727638,0.3829172000000002
West Ham,2022,2022-11-12 15:00:00,2023-01-21 15:00:00,2.2788807210580666,Strong Long,Normal,True,home,-0.10060508063981545,0.675454,0.3325310000000001
West Ham,2022,2022-12-26 20:00:00,2023-02-04 17:30:00,0.8341509711634043,Weak Long,Normal,False,away,-0.10060508063981545,0.1834600000000001,0.3828890000000001
West Ham,2022,2022-12-30 19:45:00,2023-02-11 12:30:00,1.5169644186515976,Strong Long,Normal,True,home,-0.10060508063981545,0.4159880000000001,0.170161
West Ham,2022,2023-01-04 19:45:00,2023-02-19 16:30:00,0.5139338754945278,Weak Long,Normal,False,away,-0.10060508063981545,0.0744120000000001,0.3847056
West Ham,2022,2023-01-14 15:00:00,2023-02-25 15:00:00,1.4198527290520977,Weak Long,Normal,True,away,-0.10060508063981545,0.3829172000000002,0.0477486
West Ham,2022,2023-01-21 15:00:00,2023-03-04 15:00:00,1.2718947415072444,Weak Long,Normal,True,home,-0.10060508063981545,0.3325310000000001,0.0039996000000001
West Ham,2022,2023-02-04 17:30:00,2023-03-12 14:00:00,1.4197699203614487,Weak Long,Normal,True,away,-0.10060508063981545,0.3828890000000001,0.1776056
West Ham,2022,2023-02-11 12:30:00,2023-04-02 13:00:00,0.7950987450308716,Weak Long,Normal,False,home,-0.10060508063981545,0.170161,0.2431016
West Ham,2022,2023-02-19 16:30:00,2023-04-05 19:00:00,1.4251043270079902,Weak Long,Normal,True,away,-0.10060508063981545,0.3847056,0.1367510000000001
West Ham,2022,2023-02-25 15:00:00,2023-04-08 14:00:00,0.43563737754263926,Neutral,Normal,False,home,-0.10060508063981545,0.0477486,0.373209
West Ham,2022,2023-03-04 15:00:00,2023-04-16 13:00:00,0.3071693843798335,Neutral,Normal,False,away,-0.10060508063981545,0.0039996000000001,0.31539
West Ham,2022,2023-03-12 14:00:00,2023-04-23 13:00:00,0.816959652066457,Weak Long,Normal,True,home,-0.10060508063981545,0.1776056,-0.2092339999999999
West Ham,2022,2023-04-02 13:00:00,2023-04-26 18:45:00,1.0092872408157119,Weak Long,Normal,True,home,-0.10060508063981545,0.2431016,-0.3020904
West Ham,2022,2023-04-05 19:00:00,2023-04-29 11:30:00,0.6969910019608738,Weak Long,Normal,False,home,-0.10060508063981545,0.1367510000000001,-0.4722503999999999
West Ham,2022,2023-04-08 14:00:00,2023-05-03 19:00:00,1.3913448095288359,Weak Long,Normal,True,away,-0.10060508063981545,0.373209,-0.4203574
West Ham,2022,2023-04-16 13:00:00,2023-05-07 18:00:00,1.2215605653934207,Weak Long,Normal,True,home,-0.10060508063981545,0.31539,-0.2593113999999998
West Ham,2022,2023-04-23 13:00:00,2023-05-14 13:00:00,-0.3189864744256368,Neutral,Break,False,away,-0.10060508063981545,-0.2092339999999999,0.0767070000000001
West Ham,2022,2023-04-26 18:45:00,2023-05-21 12:30:00,-0.5916572865658639,Weak Short,Break,True,home,-0.10060508063981545,-0.3020904,-0.0151605999999998
West Ham,2022,2023-04-29 11:30:00,2023-05-28 15:30:00,-1.091328449714349,Weak Short,Break,True,away,-0.10060508063981545,-0.4722503999999999,0.1823858000000001
West Ham,2022,2023-05-03 19:00:00,2023-08-12 14:00:00,-0.9389457765287336,Weak Short,Break,True,away,-0.10060508063981545,-0.4203574,0.1806508000000001
West Ham,2022,2023-05-07 18:00:00,2023-08-20 15:30:00,-0.4660376774431022,Neutral,Break,True,home,-0.10060508063981545,-0.2593113999999998,-0.2301171999999998
West Ham,2022,2023-05-14 13:00:00,2023-08-26 16:30:00,0.5206730934037062,Weak Long,Normal,False,away,-0.10060508063981545,0.0767070000000001,-0.2802395999999998
West Ham,2022,2023-05-21 12:30:00,2023-09-01 19:00:00,0.25090587109729023,Neutral,Normal,False,home,-0.10060508063981545,-0.0151605999999998,-0.3311855999999998
West Ham,2022,2023-05-28 15:30:00,2023-09-16 14:00:00,0.830996606074934,Weak Long,Normal,True,away,-0.10060508063981545,0.1823858000000001,-0.3461295999999998
West Ham,2023,2023-08-12 14:00:00,2023-09-24 13:00:00,0.6689916013795811,Weak Long,Normal,False,away,-0.05361404708418227,0.1806508000000001,-0.3350535999999998
West Ham,2023,2023-08-20 15:30:00,2023-09-30 14:00:00,-0.5040411670269354,Weak Short,Break,False,home,-0.05361404708418227,-0.2301171999999998,0.1619844000000001
West Ham,2023,2023-08-26 16:30:00,2023-10-08 13:00:00,-0.6471760208402286,Weak Short,Break,True,away,-0.05361404708418227,-0.2802395999999998,-0.0422865999999999
West Ham,2023,2023-09-01 19:00:00,2023-10-22 15:30:00,-0.7926628343681529,Weak Short,Break,True,away,-0.05361404708418227,-0.3311855999999998,0.0445818000000001
West Ham,2023,2023-09-16 14:00:00,2023-10-29 13:00:00,-0.8353385094233349,Weak Short,Break,True,home,-0.05361404708418227,-0.3461295999999998,0.1891710000000001
West Ham,2023,2023-09-24 13:00:00,2023-11-04 15:00:00,-0.8037087063645021,Weak Short,Break,True,away,-0.05361404708418227,-0.3350535999999998,0.0324250000000001
West Ham,2023,2023-09-30 14:00:00,2023-11-12 14:00:00,0.6156858451663819,Weak Long,Normal,False,home,-0.05361404708418227,0.1619844000000001,-0.3942769999999999
West Ham,2023,2023-10-08 13:00:00,2023-11-25 15:00:00,0.03234786208306579,Neutral,Normal,False,home,-0.05361404708418227,-0.0422865999999999,-0.3066199999999998
West Ham,2023,2023-10-22 15:30:00,2023-12-03 14:00:00,0.2804184998616772,Neutral,Normal,False,away,-0.05361404708418227,0.0445818000000001,-0.2092243999999998
West Ham,2023,2023-10-29 13:00:00,2023-12-07 20:15:00,0.6933227902584062,Weak Long,Normal,False,home,-0.05361404708418227,0.1891710000000001,-0.3847599999999999
West Ham,2023,2023-11-04 15:00:00,2023-12-10 14:00:00,0.24570224942599492,Neutral,Normal,True,away,-0.05361404708418227,0.0324250000000001,-0.1391699999999998
West Ham,2023,2023-11-12 14:00:00,2023-12-17 14:00:00,-0.9728333432798573,Weak Short,Break,True,home,-0.05361404708418227,-0.3942769999999999,-0.3443179999999999
West Ham,2023,2023-11-25 15:00:00,2023-12-23 12:30:00,-0.7225106955073674,Weak Short,Break,False,away,-0.05361404708418227,-0.3066199999999998,-0.3153079999999998
West Ham,2023,2023-12-03 14:00:00,2023-12-28 20:15:00,-0.4443774662913288,Neutral,Break,False,home,-0.05361404708418227,-0.2092243999999998,-0.4252059999999998
West Ham,2023,2023-12-07 20:15:00,2024-01-02 18:30:00,-0.9456555863539896,Weak Short,Break,True,away,-0.05361404708418227,-0.3847599999999999,-0.1767659999999998
West Ham,2023,2023-12-10 14:00:00,2024-01-21 14:00:00,-0.24432267436241148,Neutral,Break,False,away,-0.05361404708418227,-0.1391699999999998,-0.2885459999999998
West Ham,2023,2023-12-17 14:00:00,2024-02-01 19:30:00,-0.8301651118771649,Weak Short,Break,True,home,-0.05361404708418227,-0.3443179999999999,0.1663580000000001
West Ham,2023,2023-12-23 12:30:00,2024-02-04 14:00:00,-0.7473210719045449,Weak Short,Break,False,home,-0.05361404708418227,-0.3153079999999998,0.4995620000000002
West Ham,2023,2023-12-28 20:15:00,2024-02-11 14:00:00,-1.0611574836560431,Weak Short,Break,False,away,-0.05361404708418227,-0.4252059999999998,0.6183530000000002
West Ham,2023,2024-01-02 18:30:00,2024-02-17 15:00:00,-0.3516858086888717,Neutral,Break,False,home,-0.05361404708418227,-0.1767659999999998,0.5257362000000002
West Ham,2023,2024-01-21 14:00:00,2024-02-26 20:00:00,-0.6708966597105688,Weak Short,Break,True,away,-0.05361404708418227,-0.2885459999999998,0.0546622000000001
West Ham,2023,2024-02-01 19:30:00,2024-03-02 15:00:00,0.6281755622716645,Weak Long,Normal,True,home,-0.05361404708418227,0.1663580000000001,-0.1720017999999998
West Ham,2023,2024-02-04 14:00:00,2024-03-10 14:00:00,1.5797083266645215,Strong Long,Normal,True,away,-0.05361404708418227,0.4995620000000002,-0.4333137999999998
West Ham,2023,2024-02-11 14:00:00,2024-03-17 14:00:00,1.9189405346061785,Strong Long,Normal,True,home,-0.05361404708418227,0.6183530000000002,-0.4058687999999998
West Ham,2023,2024-02-17 15:00:00,2024-03-30 12:30:00,1.6544541546911107,Strong Long,Normal,False,away,-0.05361404708418227,0.5257362000000002,-0.9109552
West Ham,2023,2024-02-26 20:00:00,2024-04-02 19:15:00,0.30920516172103596,Neutral,Normal,False,home,-0.05361404708418227,0.0546622000000001,-0.4306672
West Ham,2023,2024-03-02 15:00:00,2024-04-06 14:00:00,-0.3380806526999866,Neutral,Break,False,away,-0.05361404708418227,-0.1720017999999998,-0.4382971999999999
West Ham,2023,2024-03-10 14:00:00,2024-04-14 13:00:00,-1.0843109792537682,Weak Short,Break,True,home,-0.05361404708418227,-0.4333137999999998,-0.1225111999999998
West Ham,2023,2024-03-17 14:00:00,2024-04-21 14:00:00,-1.0059361196519567,Weak Short,Break,True,home,-0.05361404708418227,-0.4058687999999998,-0.3190971999999999
West Ham,2023,2024-03-30 12:30:00,2024-04-27 11:30:00,-2.4483145378259175,Strong Short,Break,True,away,-0.05361404708418227,-0.9109552,-0.1592089999999999
West Ham,2023,2024-04-02 19:15:00,2024-05-05 13:00:00,-1.076753066941065,Weak Short,Break,True,home,-0.05361404708418227,-0.4306672,-0.0744631999999999
West Ham,2023,2024-04-06 14:00:00,2024-05-11 14:00:00,-1.0985421060651974,Weak Short,Break,True,away,-0.05361404708418227,-0.4382971999999999,0.2392888000000001
West Ham,2023,2024-04-14 13:00:00,2024-05-19 15:00:00,-0.19675003413159878,Neutral,Break,False,home,-0.05361404708418227,-0.1225111999999998,-0.2032933999999999
West Ham,2023,2024-04-21 14:00:00,2024-08-17 16:30:00,-0.7581419142438851,Weak Short,Break,False,away,-0.05361404708418227,-0.3190971999999999,0.2885746000000001
West Ham,2023,2024-04-27 11:30:00,2024-08-24 14:00:00,-0.3015481730529091,Neutral,Break,False,home,-0.05361404708418227,-0.1592089999999999,0.4366116000000001
West Ham,2023,2024-05-05 13:00:00,2024-08-31 16:30:00,-0.05953905748201503,Neutral,Normal,False,away,-0.05361404708418227,-0.0744631999999999,0.2472720000000001
West Ham,2023,2024-05-11 14:00:00,2024-09-14 14:00:00,0.836444507822686,Weak Long,Normal,True,home,-0.05361404708418227,0.2392888000000001,0.0417978
West Ham,2023,2024-05-19 15:00:00,2024-09-21 11:30:00,-0.427440272183173,Neutral,Normal,False,away,-0.05361404708418227,-0.2032933999999999,0.3454194000000001
West Ham,2024,2024-08-17 16:30:00,2024-09-28 14:00:00,1.038518323087291,Weak Long,Normal,True,home,-0.06834649074742306,0.2885746000000001,-0.0397971999999999
West Ham,2024,2024-08-24 14:00:00,2024-10-05 14:00:00,1.4692553710799732,Weak Long,Normal,True,away,-0.06834649074742306,0.4366116000000001,0.1321648000000001
West Ham,2024,2024-08-31 16:30:00,2024-10-19 11:30:00,0.9183418807220542,Weak Long,Normal,True,home,-0.06834649074742306,0.2472720000000001,0.1144852000000001
West Ham,2024,2024-09-14 14:00:00,2024-10-27 14:00:00,0.32048222167291096,Neutral,Normal,False,away,-0.06834649074742306,0.0417978,0.3765654000000001
West Ham,2024,2024-09-21 11:30:00,2024-11-02 15:00:00,1.2039172527179538,Weak Long,Normal,True,home,-0.06834649074742306,0.3454194000000001,0.2513754000000001
West Ham,2024,2024-09-28 14:00:00,2024-11-09 15:00:00,0.08306867349939441,Neutral,Normal,False,away,-0.06834649074742306,-0.0397971999999999,0.5003920000000001
West Ham,2024,2024-10-05 14:00:00,2024-11-25 20:00:00,0.5834192902162803,Weak Long,Normal,False,home,-0.06834649074742306,0.1321648000000001,0.2101528
West Ham,2024,2024-10-19 11:30:00,2024-11-30 17:30:00,0.5319776998456875,Weak Long,Normal,True,away,-0.06834649074742306,0.1144852000000001,0.0854702
West Ham,2024,2024-10-27 14:00:00,2024-12-03 20:15:00,1.2945414621843714,Weak Long,Normal,True,home,-0.06834649074742306,0.3765654000000001,0.2622782
West Ham,2024,2024-11-02 15:00:00,2024-12-09 20:00:00,0.9302813715434919,Weak Long,Normal,True,away,-0.06834649074742306,0.2513754000000001,0.0754308
West Ham,2024,2024-11-09 15:00:00,2024-12-16 20:00:00,1.654834525046836,Strong Long,Normal,True,home,-0.06834649074742306,0.5003920000000001,0.0143448
West Ham,2024,2024-11-25 20:00:00,2024-12-21 15:00:00,0.8103377018218468,Weak Long,Normal,False,away,-0.06834649074742306,0.2101528,0.2716540000000001
West Ham,2024,2024-11-30 17:30:00,2024-12-26 15:00:00,0.4475539716729488,Neutral,Normal,False,home,-0.06834649074742306,0.0854702,0.6047980000000001
West Ham,2024,2024-12-03 20:15:00,2024-12-29 17:15:00,0.9620047912754142,Weak Long,Normal,False,away,-0.06834649074742306,0.2622782,0.3330218000000001
West Ham,2024,2024-12-09 20:00:00,2025-01-04 15:00:00,0.41834275069699195,Neutral,Normal,False,home,-0.06834649074742306,0.0754308,0.5999778000000001
West Ham,2024,2024-12-16 20:00:00,2025-01-14 19:30:00,0.24060337936630444,Neutral,Normal,False,away,-0.06834649074742306,0.0143448,0.0237882
West Ham,2024,2024-12-21 15:00:00,2025-01-18 15:00:00,0.9892851631727766,Weak Long,Normal,True,home,-0.06834649074742306,0.2716540000000001,0.0221266
West Ham,2024,2024-12-26 15:00:00,2025-01-26 16:30:00,1.958620282882539,Strong Long,Normal,True,away,-0.06834649074742306,0.6047980000000001,-0.0223233999999999
West Ham,2024,2024-12-29 17:15:00,2025-02-03 20:00:00,1.1678444761405165,Weak Long,Normal,True,home,-0.06834649074742306,0.3330218000000001,-0.0886191999999999
West Ham,2024,2025-01-04 15:00:00,2025-02-15 15:00:00,1.944595149174518,Strong Long,Normal,True,away,-0.06834649074742306,0.5999778000000001,-0.0604979999999999
West Ham,2024,2025-01-14 19:30:00,2025-02-22 15:00:00,0.26808044414750165,Neutral,Normal,False,home,-0.06834649074742306,0.0237882,0.3574056
West Ham,2024,2025-01-18 15:00:00,2025-02-27 20:00:00,0.26324575634009784,Neutral,Normal,False,home,-0.06834649074742306,0.0221266,0.2540672
West Ham,2024,2025-01-26 16:30:00,2025-03-10 20:00:00,0.1339114562443469,Neutral,Normal,False,away,-0.06834649074742306,-0.0223233999999999,0.2830924
West Ham,2024,2025-02-03 20:00:00,2025-03-15 15:00:00,-0.058986651568654326,Neutral,Normal,False,away,-0.06834649074742306,-0.0886191999999999,0.1489382
West Ham,2024,2025-02-15 15:00:00,2025-04-01 19:45:00,0.022836424243553533,Neutral,Normal,False,home,-0.06834649074742306,-0.0604979999999999,0.360359
West Ham,2024,2025-02-22 15:00:00,2025-04-05 14:00:00,1.2387929959757193,Weak Long,Normal,True,away,-0.06834649074742306,0.3574056,0.1365574
West Ham,2024,2025-02-27 20:00:00,2025-04-13 13:00:00,0.9381135890687501,Weak Long,Normal,False,home,-0.06834649074742306,0.2540672,0.2888794
West Ham,2024,2025-03-10 20:00:00,2025-04-19 14:00:00,1.0225669957535466,Weak Long,Normal,True,home,-0.06834649074742306,0.2830924,0.1209282
West Ham,2024,2025-03-15 15:00:00,2025-04-26 14:00:00,0.6322241484665853,Weak Long,Normal,True,away,-0.06834649074742306,0.1489382,0.0659904
West Ham,2024,2025-04-01 19:45:00,2025-05-04 13:00:00,1.2473863800455234,Weak Long,Normal,True,away,-0.06834649074742306,0.360359,-0.2497915999999999
West Ham,2024,2025-04-05 14:00:00,2025-05-11 13:15:00,0.5962002541443022,Weak Long,Normal,True,home,-0.06834649074742306,0.1365574,0.000612
West Ham,2024,2025-04-13 13:00:00,2025-05-18 13:15:00,1.0394051868593759,Weak Long,Normal,True,away,-0.06834649074742306,0.2888794,-0.1224925999999999
West Ham,2024,2025-04-19 14:00:00,2025-05-25 15:00:00,0.5507246266289701,Weak Long,Normal,False,home,-0.06834649074742306,0.1209282,-0.5258627999999999
Newcastle United,2018,2018-08-11 14:30:00,2018-09-22 14:00:00,0.6249004736179805,Weak Long,Normal,True,home,0.003891453994311476,0.2488074000000001,-0.0080839999999998
Newcastle United,2018,2018-08-18 14:30:00,2018-09-29 14:00:00,0.609632360230038,Weak Long,Normal,False,away,0.003891453994311476,0.2428234,-0.2394337999999998
Newcastle United,2018,2018-08-26 18:00:00,2018-10-06 16:30:00,0.4031841976404836,Neutral,Normal,False,home,0.003891453994311476,0.1619106,-0.1693771999999998
Newcastle United,2018,2018-09-01 16:30:00,2018-10-20 14:00:00,-0.24741297516598468,Neutral,Normal,False,away,0.003891453994311476,-0.0930765999999999,0.2620082000000001
Newcastle United,2018,2018-09-15 14:00:00,2018-10-27 14:00:00,-0.16058527593230282,Neutral,Normal,False,home,0.003891453994311476,-0.0590463999999999,0.4391132000000001
Newcastle United,2018,2018-09-22 14:00:00,2018-11-03 15:00:00,-0.030555245564376752,Neutral,Normal,False,away,0.003891453994311476,-0.0080839999999998,0.3315664000000001
Newcastle United,2018,2018-09-29 14:00:00,2018-11-10 15:00:00,-0.6208418395947515,Weak Short,Normal,False,home,0.003891453994311476,-0.2394337999999998,0.3671962000000001
Newcastle United,2018,2018-10-06 16:30:00,2018-11-26 20:00:00,-0.4420931577141173,Neutral,Normal,False,away,0.003891453994311476,-0.1693771999999998,0.3906742000000001
Newcastle United,2018,2018-10-20 14:00:00,2018-12-01 15:00:00,0.6585821766947767,Weak Long,Break,False,home,0.003891453994311476,0.2620082000000001,0.2735022000000001
Newcastle United,2018,2018-10-27 14:00:00,2018-12-05 19:45:00,1.1104637311017809,Weak Long,Break,True,away,0.003891453994311476,0.4391132000000001,0.3184010000000001
Newcastle United,2018,2018-11-03 15:00:00,2018-12-09 16:00:00,0.8360591961902922,Weak Long,Break,True,home,0.003891453994311476,0.3315664000000001,0.272106
Newcastle United,2018,2018-11-10 15:00:00,2018-12-15 15:00:00,0.9269682580869675,Weak Long,Break,True,home,0.003891453994311476,0.3671962000000001,0.1432242
Newcastle United,2018,2018-11-26 20:00:00,2018-12-22 15:00:00,0.9868721294309026,Weak Long,Break,True,away,0.003891453994311476,0.3906742000000001,0.2657238000000001
Newcastle United,2018,2018-12-01 15:00:00,2018-12-26 15:00:00,0.6879089974302393,Weak Long,Break,True,home,0.003891453994311476,0.2735022000000001,0.1318196000000001
Newcastle United,2018,2018-12-05 19:45:00,2018-12-29 15:00:00,0.8024678158430972,Weak Long,Break,True,away,0.003891453994311476,0.3184010000000001,-0.0402657999999999
Newcastle United,2018,2018-12-09 16:00:00,2019-01-02 20:00:00,0.6843466077390217,Weak Long,Break,True,home,0.003891453994311476,0.272106,0.2060898
Newcastle United,2018,2018-12-15 15:00:00,2019-01-12 17:30:00,0.35550604356086396,Neutral,Normal,True,away,0.003891453994311476,0.1432242,0.0989112
Newcastle United,2018,2018-12-22 15:00:00,2019-01-19 15:00:00,0.6680624912175439,Weak Long,Normal,True,home,0.003891453994311476,0.2657238000000001,-0.0553903999999999
Newcastle United,2018,2018-12-26 15:00:00,2019-01-29 20:00:00,0.3264073259899875,Neutral,Normal,False,away,0.003891453994311476,0.1318196000000001,-0.3481869999999999
Newcastle United,2018,2018-12-29 15:00:00,2019-02-02 12:30:00,-0.11266677153832085,Neutral,Normal,False,away,0.003891453994311476,-0.0402657999999999,-0.2004991999999999
Newcastle United,2018,2019-01-02 20:00:00,2019-02-11 20:00:00,0.5159069641826926,Weak Long,Normal,False,home,0.003891453994311476,0.2060898,-0.4518221999999999
Newcastle United,2018,2019-01-12 17:30:00,2019-02-23 15:00:00,0.24244188771863723,Neutral,Normal,False,away,0.003891453994311476,0.0989112,-0.1242257999999999
Newcastle United,2018,2019-01-19 15:00:00,2019-02-26 20:00:00,-0.15125703018592634,Neutral,Normal,False,home,0.003891453994311476,-0.0553903999999999,-0.0872017999999999
Newcastle United,2018,2019-01-29 20:00:00,2019-03-02 17:30:00,-0.8983244914833814,Weak Short,Normal,True,home,0.003891453994311476,-0.3481869999999999,0.351431
Newcastle United,2018,2019-02-02 12:30:00,2019-03-09 15:00:00,-0.5215006150770083,Weak Short,Normal,True,away,0.003891453994311476,-0.2004991999999999,0.1471926
Newcastle United,2018,2019-02-11 20:00:00,2019-03-16 15:00:00,-1.162748619922899,Weak Short,Normal,True,away,0.003891453994311476,-0.4518221999999999,0.065834
Newcastle United,2018,2019-02-23 15:00:00,2019-04-01 20:00:00,-0.32688983304427527,Neutral,Normal,False,home,0.003891453994311476,-0.1242257999999999,-0.1319630999999999
Newcastle United,2018,2019-02-26 20:00:00,2019-04-06 15:00:00,-0.2324234844354561,Neutral,Normal,False,home,0.003891453994311476,-0.0872017999999999,0.1160479000000001
Newcastle United,2018,2019-03-02 17:30:00,2019-04-12 20:00:00,0.8867435152421164,Weak Long,Normal,True,away,0.003891453994311476,0.351431,-0.1318892999999998
Newcastle United,2018,2019-03-09 15:00:00,2019-04-20 17:30:00,0.36563137463852274,Neutral,Normal,False,home,0.003891453994311476,0.1471926,-0.3616152999999999
Newcastle United,2018,2019-03-16 15:00:00,2019-04-27 17:30:00,0.15804575801348292,Neutral,Normal,False,away,0.003891453994311476,0.065834,-0.2797152999999999
Newcastle United,2018,2019-04-01 20:00:00,2019-05-04 18:45:00,-0.34663147303701014,Neutral,Normal,False,away,0.003891453994311476,-0.1319630999999999,-0.4291302
Newcastle United,2018,2019-04-06 15:00:00,2019-05-12 14:00:00,0.28616599846314783,Neutral,Normal,False,home,0.003891453994311476,0.1160479000000001,-1.0259232
Newcastle United,2018,2019-04-12 20:00:00,2019-08-11 14:00:00,-0.34644317310919737,Neutral,Normal,False,away,0.003891453994311476,-0.1318892999999998,-0.9389738
Newcastle United,2018,2019-04-20 17:30:00,2019-08-17 15:00:00,-0.9325866584297894,Weak Short,Normal,False,home,0.003891453994311476,-0.3616152999999999,-0.600954
Newcastle United,2018,2019-04-27 17:30:00,2019-08-25 16:30:00,-0.7236196653695504,Weak Short,Normal,False,away,0.003891453994311476,-0.2797152999999999,-0.5856920000000001
Newcastle United,2018,2019-05-04 18:45:00,2019-08-31 15:00:00,-1.1048502193548535,Weak Short,Normal,False,home,0.003891453994311476,-0.4291302,-0.4368439999999999
Newcastle United,2018,2019-05-12 14:00:00,2019-09-14 11:30:00,-2.6275613144635135,Strong Short,Normal,True,away,0.003891453994311476,-1.0259232,-0.1704713999999999
Newcastle United,2019,2019-08-11 14:00:00,2019-09-21 16:30:00,-2.4294243675308005,Strong Short,Normal,True,home,-0.03208339281346552,-0.9389738,-0.0269675999999999
Newcastle United,2019,2019-08-17 15:00:00,2019-09-29 15:30:00,-1.5239196534876847,Strong Short,Normal,True,away,-0.03208339281346552,-0.600954,-0.0002265999999999
Newcastle United,2019,2019-08-25 16:30:00,2019-10-06 16:30:00,-1.483035027954725,Weak Short,Normal,True,away,-0.03208339281346552,-0.5856920000000001,0.0269766000000001
Newcastle United,2019,2019-08-31 15:00:00,2019-10-19 15:00:00,-1.084293398985387,Weak Short,Normal,True,home,-0.03208339281346552,-0.4368439999999999,0.0581310000000001
Newcastle United,2019,2019-09-14 11:30:00,2019-10-27 14:00:00,-0.3707208656843163,Neutral,Normal,False,away,-0.03208339281346552,-0.1704713999999999,0.1205372000000001
Newcastle United,2019,2019-09-21 16:30:00,2019-11-02 15:00:00,0.01370444722072793,Neutral,Normal,False,home,-0.03208339281346552,-0.0269675999999999,-0.3126927999999999
Newcastle United,2019,2019-09-29 15:30:00,2019-11-09 15:00:00,0.08533960456425323,Neutral,Normal,False,away,-0.03208339281346552,-0.0002265999999999,-0.2573995999999999
Newcastle United,2019,2019-10-06 16:30:00,2019-11-25 20:00:00,0.1582129268875541,Neutral,Normal,True,home,-0.03208339281346552,0.0269766000000001,-0.0478907999999999
Newcastle United,2019,2019-10-19 15:00:00,2019-11-30 12:30:00,0.2416709256887629,Neutral,Normal,False,away,-0.03208339281346552,0.0581310000000001,-0.4456567999999999
Newcastle United,2019,2019-10-27 14:00:00,2019-12-05 19:30:00,0.4088478433886062,Neutral,Normal,False,home,-0.03208339281346552,0.1205372000000001,-0.6595226
Newcastle United,2019,2019-11-02 15:00:00,2019-12-08 14:00:00,-0.7517108199349595,Weak Short,Normal,False,away,-0.03208339281346552,-0.3126927999999999,-0.6250085999999999
Newcastle United,2019,2019-11-09 15:00:00,2019-12-14 15:00:00,-0.603588570130277,Weak Short,Normal,False,home,-0.03208339281346552,-0.2573995999999999,-0.4736765999999999
Newcastle United,2019,2019-11-25 20:00:00,2019-12-21 15:00:00,-0.04234569017615508,Neutral,Normal,False,away,-0.03208339281346552,-0.0478907999999999,-0.670371
Newcastle United,2019,2019-11-30 12:30:00,2019-12-26 17:30:00,-1.107901577985313,Weak Short,Normal,True,home,-0.03208339281346552,-0.4456567999999999,-0.3019853999999999
Newcastle United,2019,2019-12-05 19:30:00,2019-12-28 15:00:00,-1.680816212194913,Strong Short,Normal,True,away,-0.03208339281346552,-0.6595226,0.1176816
Newcastle United,2019,2019-12-08 14:00:00,2020-01-01 15:00:00,-1.5883583452282912,Strong Short,Normal,True,home,-0.03208339281346552,-0.6250085999999999,0.4528072000000001
Newcastle United,2019,2019-12-14 15:00:00,2020-01-11 15:00:00,-1.1829624501192686,Weak Short,Normal,True,away,-0.03208339281346552,-0.4736765999999999,0.0722542
Newcastle United,2019,2019-12-21 15:00:00,2020-01-18 17:30:00,-1.7098774604999691,Strong Short,Normal,True,home,-0.03208339281346552,-0.670371,0.1079782
Newcastle United,2019,2019-12-26 17:30:00,2020-01-21 19:30:00,-0.7230272896354172,Weak Short,Normal,True,away,-0.03208339281346552,-0.3019853999999999,-0.1878715999999999
Newcastle United,2019,2019-12-28 15:00:00,2020-02-01 15:00:00,0.40119811617907103,Neutral,Normal,True,home,-0.03208339281346552,0.1176816,-0.1268349999999999
Newcastle United,2019,2020-01-01 15:00:00,2020-02-16 16:30:00,1.2989496993600789,Weak Long,Normal,True,home,-0.03208339281346552,0.4528072000000001,-0.0495345999999999
Newcastle United,2019,2020-01-11 15:00:00,2020-02-22 15:00:00,0.2795048755857028,Neutral,Normal,False,away,-0.03208339281346552,0.0722542,0.1464654
Newcastle United,2019,2020-01-18 17:30:00,2020-02-29 15:00:00,0.3752041523868732,Neutral,Normal,False,home,-0.03208339281346552,0.1079782,0.3912938
Newcastle United,2019,2020-01-21 19:30:00,2020-03-07 15:00:00,-0.41733341064556706,Neutral,Normal,False,away,-0.03208339281346552,-0.1878715999999999,1.0898756
Newcastle United,2019,2020-02-01 15:00:00,2020-06-21 13:00:00,-0.25382544741630053,Neutral,Normal,False,home,-0.03208339281346552,-0.1268349999999999,0.732713
Newcastle United,2019,2020-02-16 16:30:00,2020-06-24 17:00:00,-0.046749185619155975,Neutral,Normal,False,away,-0.03208339281346552,-0.0495345999999999,0.4317506
Newcastle United,2019,2020-02-22 15:00:00,2020-07-01 17:00:00,0.4783056305556675,Neutral,Normal,True,away,-0.03208339281346552,0.1464654,0.0457656
Newcastle United,2019,2020-02-29 15:00:00,2020-07-05 13:15:00,1.1341644599249339,Weak Long,Break,True,home,-0.03208339281346552,0.3912938,-0.2794183999999999
Newcastle United,2019,2020-03-07 15:00:00,2020-07-08 17:00:00,3.0055610853436967,Strong Long,Break,True,away,-0.03208339281346552,1.0898756,-0.6489003999999999
Newcastle United,2019,2020-06-21 13:00:00,2020-07-11 11:30:00,2.048775660407359,Strong Long,Break,True,home,-0.03208339281346552,0.732713,-0.3809283999999999
Newcastle United,2019,2020-06-24 17:00:00,2020-07-15 17:00:00,1.2425422032260645,Weak Long,Break,True,home,-0.03208339281346552,0.4317506,-0.3017939999999998
Newcastle United,2019,2020-07-01 17:00:00,2020-07-20 17:00:00,0.2085458602605577,Neutral,Normal,False,away,-0.03208339281346552,0.0457656,0.2371102000000001
Newcastle United,2019,2020-07-05 13:15:00,2020-07-26 15:00:00,-0.6625736567955333,Weak Short,Normal,True,home,-0.03208339281346552,-0.2794183999999999,0.2067270000000001
Newcastle United,2019,2020-07-08 17:00:00,2020-09-12 19:00:00,-1.6523609200093405,Strong Short,Normal,True,away,-0.03208339281346552,-0.6489003999999999,0.0952630000000001
Newcastle United,2019,2020-07-11 11:30:00,2020-09-20 13:00:00,-0.934503832254239,Weak Short,Normal,True,away,-0.03208339281346552,-0.3809283999999999,0.1011306000000001
Newcastle United,2019,2020-07-15 17:00:00,2020-09-27 13:00:00,-0.7225145575343155,Weak Short,Normal,True,home,-0.03208339281346552,-0.3017939999999998,0.0781798
Newcastle United,2019,2020-07-20 17:00:00,2020-10-03 19:00:00,0.7211295530107884,Weak Long,Normal,False,away,-0.03208339281346552,0.2371102000000001,-0.3163803999999999
Newcastle United,2019,2020-07-26 15:00:00,2020-10-17 19:00:00,0.6397374841801613,Weak Long,Normal,True,home,-0.03208339281346552,0.2067270000000001,-0.2107399999999998
Newcastle United,2020,2020-09-12 19:00:00,2020-10-25 16:30:00,0.3285457607696757,Neutral,Normal,False,away,-0.02563538812861959,0.0952630000000001,-0.2918249999999999
Newcastle United,2020,2020-09-20 13:00:00,2020-11-01 14:00:00,0.3444911768809414,Neutral,Normal,False,home,-0.02563538812861959,0.1011306000000001,-0.2697405999999999
Newcastle United,2020,2020-09-27 13:00:00,2020-11-06 20:00:00,0.2821215443077532,Neutral,Normal,False,away,-0.02563538812861959,0.0781798,-0.2231591999999999
Newcastle United,2020,2020-10-03 19:00:00,2020-11-21 12:30:00,-0.7901101296209782,Weak Short,Normal,True,home,-0.02563538812861959,-0.3163803999999999,0.05924
Newcastle United,2020,2020-10-17 19:00:00,2020-11-27 20:00:00,-0.5030285057610426,Weak Short,Normal,True,home,-0.02563538812861959,-0.2107399999999998,-0.0584011999999999
Newcastle United,2020,2020-10-25 16:30:00,2020-12-12 15:00:00,-0.7233799382687089,Weak Short,Normal,True,away,-0.02563538812861959,-0.2918249999999999,-0.1283055999999998
Newcastle United,2020,2020-11-01 14:00:00,2020-12-16 18:00:00,-0.663364779163174,Weak Short,Normal,False,home,-0.02563538812861959,-0.2697405999999999,-0.3656515999999999
Newcastle United,2020,2020-11-06 20:00:00,2020-12-19 20:00:00,-0.5367781328264584,Weak Short,Normal,False,away,-0.02563538812861959,-0.2231591999999999,-0.3473281999999998
Newcastle United,2020,2020-11-21 12:30:00,2020-12-26 20:00:00,0.23065194991410834,Neutral,Normal,False,home,-0.02563538812861959,0.05924,-0.3807947999999999
Newcastle United,2020,2020-11-27 20:00:00,2020-12-30 20:00:00,-0.08904228381495148,Neutral,Normal,False,away,-0.02563538812861959,-0.0584011999999999,-0.0730657999999999
Newcastle United,2020,2020-12-12 15:00:00,2021-01-03 14:15:00,-0.2790100297431609,Neutral,Normal,True,home,-0.02563538812861959,-0.1283055999999998,-0.0009815999999999
Newcastle United,2020,2020-12-16 18:00:00,2021-01-12 18:00:00,-0.9240064051512453,Weak Short,Normal,False,away,-0.02563538812861959,-0.3656515999999999,0.3196344000000001
Newcastle United,2020,2020-12-19 20:00:00,2021-01-18 20:00:00,-0.8742119001452517,Weak Short,Normal,False,home,-0.02563538812861959,-0.3473281999999998,0.2999436000000001
Newcastle United,2020,2020-12-26 20:00:00,2021-01-23 20:00:00,-0.9651586011523563,Weak Short,Normal,False,away,-0.02563538812861959,-0.3807947999999999,0.3398258000000001
Newcastle United,2020,2020-12-30 20:00:00,2021-01-26 18:00:00,-0.12889386693330776,Neutral,Normal,False,home,-0.02563538812861959,-0.0730657999999999,0.2035188
Newcastle United,2020,2021-01-03 14:15:00,2021-01-30 12:30:00,0.06699756466525053,Neutral,Normal,False,home,-0.02563538812861959,-0.0009815999999999,0.3682660000000001
Newcastle United,2020,2021-01-12 18:00:00,2021-02-02 20:15:00,0.9382831894402132,Weak Long,Normal,False,away,-0.02563538812861959,0.3196344000000001,0.3402860000000001
Newcastle United,2020,2021-01-18 20:00:00,2021-02-06 15:00:00,0.884772725270244,Weak Long,Normal,True,away,-0.02563538812861959,0.2999436000000001,-0.1113625999999998
Newcastle United,2020,2021-01-23 20:00:00,2021-02-15 20:00:00,0.9931540522919773,Weak Long,Normal,True,away,-0.02563538812861959,0.3398258000000001,-0.1049147999999998
Newcastle United,2020,2021-01-26 18:00:00,2021-02-21 19:00:00,0.6227348291209536,Weak Long,Normal,False,home,-0.02563538812861959,0.2035188,-0.2638391999999998
Newcastle United,2020,2021-01-30 12:30:00,2021-02-27 20:00:00,1.0704413287402046,Weak Long,Normal,True,away,-0.02563538812861959,0.3682660000000001,-0.0911231999999998
Newcastle United,2020,2021-02-02 20:15:00,2021-03-07 12:00:00,0.9944046625064439,Weak Long,Normal,True,home,-0.02563538812861959,0.3402860000000001,-0.1817177999999998
Newcastle United,2020,2021-02-06 15:00:00,2021-03-12 20:00:00,-0.2329668118733036,Neutral,Normal,False,home,-0.02563538812861959,-0.1113625999999998,0.2108058000000001
Newcastle United,2020,2021-02-15 20:00:00,2021-03-20 20:00:00,-0.21544468118917054,Neutral,Normal,False,away,-0.02563538812861959,-0.1049147999999998,0.1444742000000001
Newcastle United,2020,2021-02-21 19:00:00,2021-04-04 13:05:00,-0.6473275103242918,Weak Short,Normal,False,away,-0.02563538812861959,-0.2638391999999998,0.5363146000000001
Newcastle United,2020,2021-02-27 20:00:00,2021-04-11 11:00:00,-0.17796550727817922,Neutral,Normal,False,home,-0.02563538812861959,-0.0911231999999998,0.2144926000000001
Newcastle United,2020,2021-03-07 12:00:00,2021-04-17 11:30:00,-0.4241596231745719,Neutral,Normal,True,away,-0.02563538812861959,-0.1817177999999998,0.0098572000000001
Newcastle United,2020,2021-03-12 20:00:00,2021-04-24 11:30:00,0.6425375162848357,Weak Long,Normal,True,home,-0.02563538812861959,0.2108058000000001,0.0073618000000001
Newcastle United,2020,2021-03-20 20:00:00,2021-05-02 13:00:00,0.46227898412074253,Neutral,Normal,True,away,-0.02563538812861959,0.1444742000000001,0.0217704000000001
Newcastle United,2020,2021-04-04 13:05:00,2021-05-07 19:00:00,1.5271195027663222,Strong Long,Normal,True,home,-0.02563538812861959,0.5363146000000001,-0.4639035999999999
Newcastle United,2020,2021-04-11 11:00:00,2021-05-14 19:00:00,0.6525565291894329,Weak Long,Normal,False,away,-0.02563538812861959,0.2144926000000001,-0.4958375999999999
Newcastle United,2020,2021-04-17 11:30:00,2021-05-19 17:00:00,0.09645239733052882,Neutral,Normal,False,home,-0.02563538812861959,0.0098572000000001,-0.2171015999999998
Newcastle United,2020,2021-04-24 11:30:00,2021-05-23 15:00:00,0.08967105719758647,Neutral,Normal,False,away,-0.02563538812861959,0.0073618000000001,-0.2689263999999999
Newcastle United,2020,2021-05-02 13:00:00,2021-08-15 13:00:00,0.12882695101802127,Neutral,Normal,False,home,-0.02563538812861959,0.0217704000000001,-0.3676719999999999
Newcastle United,2020,2021-05-07 19:00:00,2021-08-21 14:00:00,-1.19100978366445,Weak Short,Normal,True,away,-0.02563538812861959,-0.4639035999999999,-0.0158679999999998
Newcastle United,2020,2021-05-14 19:00:00,2021-08-28 14:00:00,-1.2777915885075135,Weak Short,Normal,True,home,-0.02563538812861959,-0.4958375999999999,-0.0143379999999998
Newcastle United,2020,2021-05-19 17:00:00,2021-09-11 14:00:00,-0.5203163848143914,Weak Short,Normal,False,home,-0.02563538812861959,-0.2171015999999998,-0.2549455999999998
Newcastle United,2020,2021-05-23 15:00:00,2021-09-17 19:00:00,-0.6611521610914254,Weak Short,Normal,True,away,-0.02563538812861959,-0.2689263999999999,-0.1399235999999998
Newcastle United,2021,2021-08-15 13:00:00,2021-09-25 14:00:00,-0.9610774484197252,Weak Short,Normal,True,home,-0.036329545059016775,-0.3676719999999999,0.2289004000000001
Newcastle United,2021,2021-08-21 14:00:00,2021-10-02 14:00:00,0.05934986363141395,Neutral,Normal,False,away,-0.036329545059016775,-0.0158679999999998,0.0756178000000001
Newcastle United,2021,2021-08-28 14:00:00,2021-10-17 15:30:00,0.06378771478557434,Neutral,Normal,True,home,-0.036329545059016775,-0.0143379999999998,-0.0334045999999998
Newcastle United,2021,2021-09-11 14:00:00,2021-10-23 14:00:00,-0.6341081776064267,Weak Short,Normal,True,away,-0.036329545059016775,-0.2549455999999998,-0.0134503999999998
Newcastle United,2021,2021-09-17 19:00:00,2021-10-30 14:00:00,-0.30048038972810226,Neutral,Normal,True,home,-0.036329545059016775,-0.1399235999999998,-0.0172631999999998
Newcastle United,2021,2021-09-25 14:00:00,2021-11-06 17:30:00,0.7693143907176831,Weak Long,Normal,False,away,-0.036329545059016775,0.2289004000000001,-0.4764749999999998
Newcastle United,2021,2021-10-02 14:00:00,2021-11-20 15:00:00,0.3247095780884638,Neutral,Normal,False,away,-0.036329545059016775,0.0756178000000001,-0.6127423999999999
Newcastle United,2021,2021-10-17 15:30:00,2021-11-27 12:30:00,0.00848396784706812,Neutral,Normal,False,home,-0.036329545059016775,-0.0334045999999998,-0.3047973999999999
Newcastle United,2021,2021-10-23 14:00:00,2021-11-30 19:30:00,0.06636224856624935,Neutral,Normal,False,away,-0.036329545059016775,-0.0134503999999998,-0.2178879999999998
Newcastle United,2021,2021-10-30 14:00:00,2021-12-04 15:00:00,0.05530300746782925,Neutral,Normal,False,home,-0.036329545059016775,-0.0172631999999998,-0.1081931999999998
Newcastle United,2021,2021-11-06 17:30:00,2021-12-12 14:00:00,-1.276666676606727,Weak Short,Normal,True,away,-0.036329545059016775,-0.4764749999999998,0.1487294000000001
Newcastle United,2021,2021-11-20 15:00:00,2021-12-16 20:00:00,-1.6719179435115872,Strong Short,Normal,True,home,-0.036329545059016775,-0.6127423999999999,0.1532334000000002
Newcastle United,2021,2021-11-27 12:30:00,2021-12-19 14:15:00,-0.7787061306567363,Weak Short,Normal,True,away,-0.036329545059016775,-0.3047973999999999,0.1509984000000002
Newcastle United,2021,2021-11-30 19:30:00,2021-12-27 20:00:00,-0.5266205220963522,Weak Short,Normal,False,home,-0.036329545059016775,-0.2178879999999998,0.1728984000000002
Newcastle United,2021,2021-12-04 15:00:00,2022-01-15 15:00:00,-0.20844457779217357,Neutral,Normal,False,home,-0.036329545059016775,-0.1081931999999998,0.0393904000000002
Newcastle United,2021,2021-12-12 14:00:00,2022-01-22 15:00:00,0.5367738907959886,Weak Long,Normal,True,away,-0.036329545059016775,0.1487294000000001,-0.0311883999999997
Newcastle United,2021,2021-12-16 20:00:00,2022-02-08 19:45:00,0.5498379964158179,Weak Long,Normal,True,away,-0.036329545059016775,0.1532334000000002,0.0649956000000002
Newcastle United,2021,2021-12-19 14:15:00,2022-02-13 14:00:00,0.5433552530631718,Weak Long,Normal,True,home,-0.036329545059016775,0.1509984000000002,-0.0643317999999997
Newcastle United,2021,2021-12-27 20:00:00,2022-02-19 12:30:00,0.6068774362501735,Weak Long,Normal,True,home,-0.036329545059016775,0.1728984000000002,-0.1309889999999997
Newcastle United,2021,2022-01-15 15:00:00,2022-02-26 15:00:00,0.21962996442687574,Neutral,Normal,True,home,-0.036329545059016775,0.0393904000000002,-0.0879529999999997
Newcastle United,2021,2022-01-22 15:00:00,2022-03-05 15:00:00,0.014912180741088184,Neutral,Normal,False,away,-0.036329545059016775,-0.0311883999999997,-0.2037049999999998
Newcastle United,2021,2022-02-08 19:45:00,2022-03-10 19:30:00,0.2938992888533513,Neutral,Normal,False,home,-0.036329545059016775,0.0649956000000002,-0.3787223999999998
Newcastle United,2021,2022-02-13 14:00:00,2022-03-13 14:00:00,-0.08122211726074158,Neutral,Normal,False,home,-0.036329545059016775,-0.0643317999999997,-0.2350291999999998
Newcastle United,2021,2022-02-19 12:30:00,2022-03-17 19:45:00,-0.2745650793215912,Neutral,Normal,True,away,-0.036329545059016775,-0.1309889999999997,-0.0699379999999998
Newcastle United,2021,2022-02-26 15:00:00,2022-04-03 15:30:00,-0.14973673796835818,Neutral,Normal,False,away,-0.036329545059016775,-0.0879529999999997,-0.2130535999999998
Newcastle United,2021,2022-03-05 15:00:00,2022-04-08 19:00:00,-0.4854819319529164,Neutral,Normal,True,home,-0.036329545059016775,-0.2037049999999998,-0.0413535999999998
Newcastle United,2021,2022-03-10 19:30:00,2022-04-17 13:15:00,-0.9931297558667406,Weak Short,Normal,True,away,-0.036329545059016775,-0.3787223999999998,0.3047878000000002
Newcastle United,2021,2022-03-13 14:00:00,2022-04-20 18:45:00,-0.5763395379157601,Weak Short,Normal,False,away,-0.036329545059016775,-0.2350291999999998,0.2091514000000001
Newcastle United,2021,2022-03-17 19:45:00,2022-04-23 14:00:00,-0.09748321604535232,Neutral,Normal,False,away,-0.036329545059016775,-0.0699379999999998,-0.1673385999999998
Newcastle United,2021,2022-04-03 15:30:00,2022-04-30 11:30:00,-0.5125980726717293,Weak Short,Normal,True,away,-0.036329545059016775,-0.2130535999999998,-0.0518983999999998
Newcastle United,2021,2022-04-08 19:00:00,2022-05-08 15:30:00,-0.014572554260396567,Neutral,Normal,False,home,-0.036329545059016775,-0.0413535999999998,0.0593654000000002
Newcastle United,2021,2022-04-17 13:15:00,2022-05-16 19:00:00,0.9894300676302529,Weak Long,Normal,True,home,-0.036329545059016775,0.3047878000000002,-0.1126245999999998
Newcastle United,2021,2022-04-20 18:45:00,2022-05-22 15:00:00,0.7120313041532952,Weak Long,Normal,True,home,-0.036329545059016775,0.2091514000000001,-0.1176135999999998
Newcastle United,2021,2022-04-23 14:00:00,2022-08-06 14:00:00,-0.37999914096425075,Neutral,Normal,True,away,-0.036329545059016775,-0.1673385999999998,0.0790904000000001
Newcastle United,2021,2022-04-30 11:30:00,2022-08-13 14:00:00,-0.04515834043712238,Neutral,Normal,False,home,-0.036329545059016775,-0.0518983999999998,0.0928102000000001
Newcastle United,2021,2022-05-08 15:30:00,2022-08-21 15:30:00,0.2775685767173031,Neutral,Normal,False,away,-0.036329545059016775,0.0593654000000002,-0.2636695999999998
Newcastle United,2021,2022-05-16 19:00:00,2022-08-28 13:00:00,-0.22129810302390324,Neutral,Normal,True,home,-0.036329545059016775,-0.1126245999999998,-0.0135435999999998
Newcastle United,2021,2022-05-22 15:00:00,2022-08-31 19:00:00,-0.23576897845403805,Neutral,Normal,True,away,-0.036329545059016775,-0.1176135999999998,-0.0334163999999998
Newcastle United,2022,2022-08-06 14:00:00,2022-09-03 14:00:00,0.3723651084526433,Neutral,Normal,False,home,-0.04083122208559143,0.0790904000000001,0.5761076
Newcastle United,2022,2022-08-13 14:00:00,2022-09-17 14:00:00,0.41496605668950337,Neutral,Normal,False,away,-0.04083122208559143,0.0928102000000001,0.6488332000000001
Newcastle United,2022,2022-08-21 15:30:00,2022-10-01 14:00:00,-0.691928905867255,Weak Short,Normal,False,home,-0.04083122208559143,-0.2636695999999998,0.9406892
Newcastle United,2022,2022-08-28 13:00:00,2022-10-08 14:00:00,0.08472999431298471,Neutral,Normal,False,away,-0.04083122208559143,-0.0135435999999998,0.2432272
Newcastle United,2022,2022-08-31 19:00:00,2022-10-16 13:00:00,0.023023546396727042,Neutral,Normal,False,away,-0.04083122208559143,-0.0334163999999998,0.472148
Newcastle United,2022,2022-09-03 14:00:00,2022-10-19 18:30:00,1.9156386262903018,Strong Long,Break,True,home,-0.04083122208559143,0.5761076,-0.0824099999999999
Newcastle United,2022,2022-09-17 14:00:00,2022-10-23 15:30:00,2.1414567519987373,Strong Long,Break,True,home,-0.04083122208559143,0.6488332000000001,-0.3660459999999998
Newcastle United,2022,2022-10-01 14:00:00,2022-10-29 14:00:00,3.04769025019966,Strong Long,Break,True,away,-0.04083122208559143,0.9406892,-0.4628259999999997
Newcastle United,2022,2022-10-08 14:00:00,2022-11-06 14:00:00,0.8820214679158894,Weak Long,Break,False,home,-0.04083122208559143,0.2432272,-0.4678859999999997
Newcastle United,2022,2022-10-16 13:00:00,2022-11-12 17:30:00,1.5928367240523191,Strong Long,Break,True,away,-0.04083122208559143,0.472148,-0.5534959999999998
Newcastle United,2022,2022-10-19 18:30:00,2022-12-26 15:00:00,-0.12910504276181972,Neutral,Normal,False,home,-0.04083122208559143,-0.0824099999999999,-0.8275179999999999
Newcastle United,2022,2022-10-23 15:30:00,2022-12-31 15:00:00,-1.0098148602598904,Weak Short,Normal,True,away,-0.04083122208559143,-0.3660459999999998,-0.0957059999999997
Newcastle United,2022,2022-10-29 14:00:00,2023-01-03 19:45:00,-1.310323597294199,Weak Short,Normal,True,home,-0.04083122208559143,-0.4628259999999997,0.0585826000000002
Newcastle United,2022,2022-11-06 14:00:00,2023-01-15 14:00:00,-1.326035254758485,Weak Short,Normal,False,away,-0.04083122208559143,-0.4678859999999997,0.7668926000000003
Newcastle United,2022,2022-11-12 17:30:00,2023-01-21 17:30:00,-1.5918603526868507,Strong Short,Normal,False,home,-0.04083122208559143,-0.5534959999999998,0.9836406000000004
Newcastle United,2022,2022-12-26 15:00:00,2023-02-04 17:30:00,-2.4427180210027784,Strong Short,Normal,False,away,-0.04083122208559143,-0.8275179999999999,1.2766426000000002
Newcastle United,2022,2022-12-31 15:00:00,2023-02-11 17:30:00,-0.17039006205927903,Neutral,Normal,False,home,-0.04083122208559143,-0.0957059999999997,0.8286566000000002
Newcastle United,2022,2023-01-03 19:45:00,2023-02-18 17:30:00,0.3086869406767374,Neutral,Normal,False,away,-0.04083122208559143,0.0585826000000002,0.9864560000000002
Newcastle United,2022,2023-01-15 14:00:00,2023-03-04 12:30:00,2.508039529318724,Strong Long,Break,False,home,-0.04083122208559143,0.7668926000000003,0.8659058000000002
Newcastle United,2022,2023-01-21 17:30:00,2023-03-12 16:30:00,3.181057381506289,Strong Long,Break,True,away,-0.04083122208559143,0.9836406000000004,0.6681918000000003
Newcastle United,2022,2023-02-04 17:30:00,2023-03-17 20:00:00,4.0908492906665135,Strong Long,Break,True,home,-0.04083122208559143,1.2766426000000002,0.7224798000000002
Newcastle United,2022,2023-02-11 17:30:00,2023-04-02 15:30:00,2.6998211126436575,Strong Long,Break,False,away,-0.04083122208559143,0.8286566000000002,0.8790978000000003
Newcastle United,2022,2023-02-18 17:30:00,2023-04-05 19:00:00,3.1897993974005474,Strong Long,Break,True,home,-0.04083122208559143,0.9864560000000002,0.0975758000000002
Newcastle United,2022,2023-03-04 12:30:00,2023-04-08 14:00:00,2.8154825101177057,Strong Long,Break,True,away,-0.04083122208559143,0.8659058000000002,-0.1697119999999997
Newcastle United,2022,2023-03-12 16:30:00,2023-04-15 11:30:00,2.201566572589277,Strong Long,Break,True,home,-0.04083122208559143,0.6681918000000003,-0.1757487999999997
Newcastle United,2022,2023-03-17 20:00:00,2023-04-23 13:00:00,2.3701346477713243,Strong Long,Break,True,away,-0.04083122208559143,0.7224798000000002,-0.6787387999999996
Newcastle United,2022,2023-04-02 15:30:00,2023-04-27 18:45:00,2.856444602068074,Strong Long,Break,False,home,-0.04083122208559143,0.8790978000000003,-1.1723267999999998
Newcastle United,2022,2023-04-05 19:00:00,2023-04-30 13:00:00,0.4297635813558676,Neutral,Normal,False,away,-0.04083122208559143,0.0975758000000002,-0.5575947999999997
Newcastle United,2022,2023-04-08 14:00:00,2023-05-07 15:30:00,-0.40018392022172045,Neutral,Normal,True,away,-0.04083122208559143,-0.1697119999999997,-0.0878207999999997
Newcastle United,2022,2023-04-15 11:30:00,2023-05-13 11:30:00,-0.4189286106921557,Neutral,Normal,True,away,-0.04083122208559143,-0.1757487999999997,-0.1026019999999998
Newcastle United,2022,2023-04-23 13:00:00,2023-05-18 18:30:00,-1.980748094478962,Strong Short,Normal,True,home,-0.04083122208559143,-0.6787387999999996,0.3230520000000002
Newcastle United,2022,2023-04-27 18:45:00,2023-05-22 19:00:00,-3.5133737040603896,Strong Short,Normal,True,away,-0.04083122208559143,-1.1723267999999998,0.9604940000000004
Newcastle United,2022,2023-04-30 13:00:00,2023-05-28 15:30:00,-1.6045874162470513,Strong Short,Normal,False,home,-0.04083122208559143,-0.5575947999999997,0.8813780000000001
Newcastle United,2022,2023-05-07 15:30:00,2023-08-12 16:30:00,-0.1459059590084118,Neutral,Normal,False,home,-0.04083122208559143,-0.0878207999999997,0.4713460000000002
Newcastle United,2022,2023-05-13 11:30:00,2023-08-19 19:00:00,-0.19180262922799807,Neutral,Normal,False,away,-0.04083122208559143,-0.1026019999999998,0.4525408000000002
Newcastle United,2022,2023-05-18 18:30:00,2023-08-27 15:30:00,1.1298831111481313,Weak Long,Break,False,home,-0.04083122208559143,0.3230520000000002,0.5538968000000002
Newcastle United,2022,2023-05-22 19:00:00,2023-09-02 16:30:00,3.109185553312051,Strong Long,Break,True,home,-0.04083122208559143,0.9604940000000004,0.1246708000000002
Newcastle United,2022,2023-05-28 15:30:00,2023-09-16 16:30:00,2.8635247841530664,Strong Long,Break,True,away,-0.04083122208559143,0.8813780000000001,0.1211248000000002
Newcastle United,2023,2023-08-12 16:30:00,2023-09-24 15:30:00,1.2202461298765985,Weak Long,Break,True,home,0.00522477282596915,0.4713460000000002,-0.3216511999999997
Newcastle United,2023,2023-08-19 19:00:00,2023-09-30 14:00:00,1.1710165063714069,Weak Long,Break,True,away,0.00522477282596915,0.4525408000000002,-0.1560499999999996
Newcastle United,2023,2023-08-27 15:30:00,2023-10-08 13:00:00,1.4363536322723385,Weak Long,Break,True,home,0.00522477282596915,0.5538968000000002,-0.2843939999999997
Newcastle United,2023,2023-09-02 16:30:00,2023-10-21 14:00:00,0.3126945178444488,Neutral,Normal,False,away,0.00522477282596915,0.1246708000000002,-0.3186739999999997
Newcastle United,2023,2023-09-16 16:30:00,2023-10-28 16:30:00,0.30341154053235375,Neutral,Normal,False,home,0.00522477282596915,0.1211248000000002,-0.3549519999999997
Newcastle United,2023,2023-09-24 15:30:00,2023-11-04 17:30:00,-0.8557197517237611,Weak Short,Normal,True,away,0.00522477282596915,-0.3216511999999997,0.2481180000000002
Newcastle United,2023,2023-09-30 14:00:00,2023-11-11 17:30:00,-0.4221968576302161,Neutral,Normal,True,home,0.00522477282596915,-0.1560499999999996,0.0923142000000002
Newcastle United,2023,2023-10-08 13:00:00,2023-11-25 15:00:00,-0.7581851374225241,Weak Short,Normal,True,away,0.00522477282596915,-0.2843939999999997,-0.2729617999999997
Newcastle United,2023,2023-10-21 14:00:00,2023-12-02 20:00:00,-0.8479258205185808,Weak Short,Normal,True,home,0.00522477282596915,-0.3186739999999997,0.1607482000000002
Newcastle United,2023,2023-10-28 16:30:00,2023-12-07 19:30:00,-0.9428970136737369,Weak Short,Normal,True,away,0.00522477282596915,-0.3549519999999997,0.3559022000000003
Newcastle United,2023,2023-11-04 17:30:00,2023-12-10 16:30:00,0.6358635976080292,Weak Long,Normal,False,home,0.00522477282596915,0.2481180000000002,0.4539282000000003
Newcastle United,2023,2023-11-11 17:30:00,2023-12-16 15:00:00,0.22798905148896828,Neutral,Normal,False,away,0.00522477282596915,0.0923142000000002,0.6485660000000003
Newcastle United,2023,2023-11-25 15:00:00,2023-12-23 15:00:00,-0.7282570908271117,Weak Short,Normal,False,home,0.00522477282596915,-0.2729617999999997,1.3010880000000005
Newcastle United,2023,2023-12-02 20:00:00,2023-12-26 12:30:00,0.4071405656953729,Neutral,Normal,False,home,0.00522477282596915,0.1607482000000002,1.2789180000000002
Newcastle United,2023,2023-12-07 19:30:00,2024-01-01 19:00:00,0.9180289341005031,Weak Long,Break,False,away,0.00522477282596915,0.3559022000000003,0.8019848000000002
Newcastle United,2023,2023-12-10 16:30:00,2024-01-13 17:30:00,1.1746485432362692,Weak Long,Break,False,away,0.00522477282596915,0.4539282000000003,0.5265248000000002
Newcastle United,2023,2023-12-16 15:00:00,2024-01-30 20:15:00,1.6841855656491538,Strong Long,Break,True,home,0.00522477282596915,0.6485660000000003,0.3351388000000002
Newcastle United,2023,2023-12-23 15:00:00,2024-02-03 15:00:00,3.3924052277029797,Strong Long,Break,True,away,0.00522477282596915,1.3010880000000005,-0.2731311999999997
Newcastle United,2023,2023-12-26 12:30:00,2024-02-10 17:30:00,3.334366985455617,Strong Long,Break,True,home,0.00522477282596915,1.2789180000000002,-1.1290681999999996
Newcastle United,2023,2024-01-01 19:00:00,2024-02-17 15:00:00,2.085816484895866,Strong Long,Break,False,away,0.00522477282596915,0.8019848000000002,-0.8344129999999996
Newcastle United,2023,2024-01-13 17:30:00,2024-02-24 20:00:00,1.3646972151864207,Weak Long,Break,False,home,0.00522477282596915,0.5265248000000002,-0.8382143999999997
Newcastle United,2023,2024-01-30 20:15:00,2024-03-02 15:00:00,0.8636729918777297,Weak Long,Break,False,away,0.00522477282596915,0.3351388000000002,-0.8357043999999997
Newcastle United,2023,2024-02-03 15:00:00,2024-03-11 20:00:00,-0.7287005584967869,Weak Short,Normal,False,home,0.00522477282596915,-0.2731311999999997,-0.7967233999999996
Newcastle United,2023,2024-02-10 17:30:00,2024-03-30 12:30:00,-2.969434837002899,Strong Short,Normal,True,away,0.00522477282596915,-1.1290681999999996,-0.3371543999999997
Newcastle United,2023,2024-02-17 15:00:00,2024-04-02 18:30:00,-2.198064973356306,Strong Short,Normal,True,home,0.00522477282596915,-0.8344129999999996,-0.0839863999999997
Newcastle United,2023,2024-02-24 20:00:00,2024-04-06 14:00:00,-2.208016555407687,Strong Short,Normal,True,away,0.00522477282596915,-0.8382143999999997,0.1085630000000002
Newcastle United,2023,2024-03-02 15:00:00,2024-04-13 11:30:00,-2.2014456944225325,Strong Short,Normal,True,home,0.00522477282596915,-0.8357043999999997,-0.1287669999999997
Newcastle United,2023,2024-03-11 20:00:00,2024-04-24 19:00:00,-2.0993983908120484,Strong Short,Normal,True,away,0.00522477282596915,-0.7967233999999996,0.2678040000000002
Newcastle United,2023,2024-03-30 12:30:00,2024-04-27 14:00:00,-0.8963051589050559,Weak Short,Normal,True,home,0.00522477282596915,-0.3371543999999997,-0.1070859999999997
Newcastle United,2023,2024-04-02 18:30:00,2024-05-04 14:00:00,-0.2335435119370718,Neutral,Normal,False,home,0.00522477282596915,-0.0839863999999997,-0.3858179999999998
Newcastle United,2023,2024-04-06 14:00:00,2024-05-11 14:00:00,0.2705263447063314,Neutral,Normal,False,away,0.00522477282596915,0.1085630000000002,-0.1315159999999998
Newcastle United,2023,2024-04-13 11:30:00,2024-05-15 19:00:00,-0.3507734312326166,Neutral,Normal,True,home,0.00522477282596915,-0.1287669999999997,0.0941380000000002
Newcastle United,2023,2024-04-24 19:00:00,2024-05-19 15:00:00,0.6873990435657005,Weak Long,Normal,True,away,0.00522477282596915,0.2678040000000002,-0.0860319999999997
Newcastle United,2023,2024-04-27 14:00:00,2024-08-17 14:00:00,-0.2940153288345535,Neutral,Normal,False,home,0.00522477282596915,-0.1070859999999997,0.2137118000000003
Newcastle United,2023,2024-05-04 14:00:00,2024-08-25 13:00:00,-1.0237002786808225,Weak Short,Normal,True,away,0.00522477282596915,-0.3858179999999998,0.3409998000000003
Newcastle United,2023,2024-05-11 14:00:00,2024-09-01 12:30:00,-0.35796996384145763,Neutral,Normal,True,home,0.00522477282596915,-0.1315159999999998,-0.0319381999999996
Newcastle United,2023,2024-05-15 19:00:00,2024-09-15 15:30:00,0.2327635280884604,Neutral,Normal,False,away,0.00522477282596915,0.0941380000000002,-0.1905661999999996
Newcastle United,2023,2024-05-19 15:00:00,2024-09-21 14:00:00,-0.23889863274632775,Neutral,Normal,False,away,0.00522477282596915,-0.0860319999999997,-0.1011181999999997
Newcastle United,2024,2024-08-17 14:00:00,2024-09-28 11:30:00,0.5500447313944348,Weak Long,Normal,True,home,-0.0040164196962524665,0.2137118000000003,0.0808720000000002
Newcastle United,2024,2024-08-25 13:00:00,2024-10-05 16:30:00,0.8716111956194661,Weak Long,Normal,True,away,-0.0040164196962524665,0.3409998000000003,0.2603940000000003
Newcastle United,2024,2024-09-01 12:30:00,2024-10-19 14:00:00,-0.07053852811847217,Neutral,Normal,False,home,-0.0040164196962524665,-0.0319381999999996,0.7303200000000002
Newcastle United,2024,2024-09-15 15:30:00,2024-10-27 14:00:00,-0.4712789363823168,Neutral,Normal,False,away,-0.0040164196962524665,-0.1905661999999996,0.9820840000000002
Newcastle United,2024,2024-09-21 14:00:00,2024-11-02 12:30:00,-0.2453073043981505,Neutral,Normal,False,away,-0.0040164196962524665,-0.1011181999999997,0.9344910000000002
Newcastle United,2024,2024-09-28 11:30:00,2024-11-10 14:00:00,0.21445280761245733,Neutral,Normal,False,home,-0.0040164196962524665,0.0808720000000002,0.6396110000000003
Newcastle United,2024,2024-10-05 16:30:00,2024-11-25 20:00:00,0.667977529429173,Weak Long,Break,False,away,-0.0040164196962524665,0.2603940000000003,0.5810770000000003
Newcastle United,2024,2024-10-19 14:00:00,2024-11-30 15:00:00,1.8551471154656571,Strong Long,Break,True,home,-0.0040164196962524665,0.7303200000000002,-0.0020391999999996
Newcastle United,2024,2024-10-27 14:00:00,2024-12-04 19:30:00,2.4911761150504628,Strong Long,Break,True,away,-0.0040164196962524665,0.9820840000000002,-0.4463751999999997
Newcastle United,2024,2024-11-02 12:30:00,2024-12-07 15:00:00,2.3709423716350435,Strong Long,Break,True,home,-0.0040164196962524665,0.9344910000000002,-0.4270281999999997
Newcastle United,2024,2024-11-10 14:00:00,2024-12-14 15:00:00,1.6259898311702927,Strong Long,Break,True,away,-0.0040164196962524665,0.6396110000000003,-0.2099141999999997
Newcastle United,2024,2024-11-25 20:00:00,2024-12-21 15:00:00,1.4781159434750821,Weak Long,Break,False,home,-0.0040164196962524665,0.5810770000000003,-0.6627041999999997
Newcastle United,2024,2024-11-30 15:00:00,2024-12-26 15:00:00,0.004995031320471094,Neutral,Normal,False,away,-0.0040164196962524665,-0.0020391999999996,-0.5011679999999997
Newcastle United,2024,2024-12-04 19:30:00,2024-12-30 20:00:00,-1.117526781009784,Weak Short,Normal,True,home,-0.0040164196962524665,-0.4463751999999997,-0.1568019999999998
Newcastle United,2024,2024-12-07 15:00:00,2025-01-04 12:30:00,-1.0686506388490016,Weak Short,Normal,True,away,-0.0040164196962524665,-0.4270281999999997,-0.0621659999999998
Newcastle United,2024,2024-12-14 15:00:00,2025-01-15 19:30:00,-0.5201576048335922,Weak Short,Normal,False,home,-0.0040164196962524665,-0.2099141999999997,-0.2264339999999998
Newcastle United,2024,2024-12-21 15:00:00,2025-01-18 12:30:00,-1.6640366769884845,Strong Short,Normal,True,away,-0.0040164196962524665,-0.6627041999999997,-0.1056457999999998
Newcastle United,2024,2024-12-26 15:00:00,2025-01-25 15:00:00,-1.2559493107139925,Weak Short,Normal,True,home,-0.0040164196962524665,-0.5011679999999997,-0.0547417999999997
Newcastle United,2024,2024-12-30 20:00:00,2025-02-01 15:00:00,-0.3859807589312866,Neutral,Normal,True,away,-0.0040164196962524665,-0.1568019999999998,-0.0577897999999997
Newcastle United,2024,2025-01-04 12:30:00,2025-02-15 15:00:00,-0.14690273187139047,Neutral,Normal,False,away,-0.0040164196962524665,-0.0621659999999998,-0.1122735999999997
Newcastle United,2024,2025-01-15 19:30:00,2025-02-23 14:00:00,-0.5618914185136304,Weak Short,Normal,True,home,-0.0040164196962524665,-0.2264339999999998,-0.0472115999999997
Newcastle United,2024,2025-01-18 12:30:00,2025-02-26 20:15:00,-0.2567453372325519,Neutral,Normal,True,home,-0.0040164196962524665,-0.1056457999999998,0.0769922000000002
Newcastle United,2024,2025-01-25 15:00:00,2025-03-10 20:00:00,-0.1281470459960565,Neutral,Normal,False,away,-0.0040164196962524665,-0.0547417999999997,0.1863062000000002
Newcastle United,2024,2025-02-01 15:00:00,2025-04-02 19:45:00,-0.13584717941757224,Neutral,Normal,False,home,-0.0040164196962524665,-0.0577897999999997,0.1940422000000002
Newcastle United,2024,2025-02-15 15:00:00,2025-04-07 19:00:00,-0.2734890853595602,Neutral,Normal,False,away,-0.0040164196962524665,-0.1122735999999997,0.2508220000000002
Newcastle United,2024,2025-02-23 14:00:00,2025-04-13 15:30:00,-0.10912357332850474,Neutral,Normal,False,home,-0.0040164196962524665,-0.0472115999999997,0.0867660000000002
Newcastle United,2024,2025-02-26 20:15:00,2025-04-16 18:30:00,0.2046513057591776,Neutral,Normal,False,away,-0.0040164196962524665,0.0769922000000002,-0.5391039999999997
Newcastle United,2024,2025-03-10 20:00:00,2025-04-19 16:30:00,0.4808102246697981,Neutral,Normal,False,away,-0.0040164196962524665,0.1863062000000002,-0.6107039999999998
Newcastle United,2024,2025-04-02 19:45:00,2025-04-26 14:00:00,0.5003536079207317,Weak Long,Normal,False,home,-0.0040164196962524665,0.1940422000000002,-0.4407939999999998
Newcastle United,2024,2025-04-07 19:00:00,2025-05-04 13:00:00,0.6437958768337828,Weak Long,Normal,False,away,-0.0040164196962524665,0.2508220000000002,-0.4014619999999999
Newcastle United,2024,2025-04-13 15:30:00,2025-05-11 11:00:00,0.22934276377597895,Neutral,Normal,False,home,-0.0040164196962524665,0.0867660000000002,-0.1950619999999999
Newcastle United,2024,2025-04-16 18:30:00,2025-05-18 15:30:00,-1.3517866668421492,Weak Short,Normal,False,home,-0.0040164196962524665,-0.5391039999999997,0.7883120000000001
Newcastle United,2024,2025-04-19 16:30:00,2025-05-25 15:00:00,-1.532669066113976,Strong Short,Normal,False,away,-0.0040164196962524665,-0.6107039999999998,0.9657800000000002
Fulham,2022,2022-08-06 11:30:00,2022-09-03 14:00:00,-0.742854144321225,Weak Short,Normal,False,home,0.3176879468917103,0.1567828,-0.1268073999999999
Fulham,2022,2022-08-13 14:00:00,2022-09-16 19:00:00,-0.4565657451978929,Neutral,Normal,False,away,0.3176879468917103,0.218794,-0.6745134
Fulham,2022,2022-08-20 14:00:00,2022-10-01 14:00:00,-0.43497518853490014,Neutral,Normal,False,home,0.3176879468917103,0.2234706,-0.7176412
Fulham,2022,2022-08-27 16:30:00,2022-10-09 13:00:00,-0.38570185039334665,Neutral,Normal,False,away,0.3176879468917103,0.2341434,-0.7928729999999999
Fulham,2022,2022-08-30 18:30:00,2022-10-15 14:00:00,-2.156759064169155,Strong Short,Break,False,home,0.3176879468917103,-0.1494745999999999,-0.6835829999999999
Fulham,2022,2022-09-03 14:00:00,2022-10-20 18:30:00,-2.0521109296288076,Strong Short,Break,False,away,0.3176879468917103,-0.1268073999999999,-0.5814942
Fulham,2022,2022-09-16 19:00:00,2022-10-23 13:00:00,-4.580716631989732,Strong Short,Break,True,away,0.3176879468917103,-0.6745134,-0.3563902
Fulham,2022,2022-10-01 14:00:00,2022-10-29 16:30:00,-4.77982564487307,Strong Short,Break,True,home,0.3176879468917103,-0.7176412,0.0597456
Fulham,2022,2022-10-09 13:00:00,2022-11-05 15:00:00,-5.127149863484655,Strong Short,Break,True,away,0.3176879468917103,-0.7928729999999999,0.1185528
Fulham,2022,2022-10-15 14:00:00,2022-11-13 16:30:00,-4.622588443286546,Strong Short,Break,True,home,0.3176879468917103,-0.6835829999999999,0.3355128
Fulham,2022,2022-10-20 18:30:00,2022-12-26 15:00:00,-4.151272953174726,Strong Short,Break,True,home,0.3176879468917103,-0.5814942,0.2969668
Fulham,2022,2022-10-23 13:00:00,2022-12-31 15:00:00,-3.1120306260425545,Strong Short,Break,True,away,0.3176879468917103,-0.3563902,0.3005528
Fulham,2022,2022-10-29 16:30:00,2023-01-03 19:45:00,-1.1908478074564426,Weak Short,Normal,False,home,0.3176879468917103,0.0597456,0.0146627999999999
Fulham,2022,2022-11-05 15:00:00,2023-01-12 19:00:00,-0.9193513818925828,Weak Short,Normal,False,away,0.3176879468917103,0.1185528,-0.2118608
Fulham,2022,2022-11-13 16:30:00,2023-01-15 14:00:00,0.08229237074884545,Neutral,Normal,False,home,0.3176879468917103,0.3355128,-0.1543224
Fulham,2022,2022-12-26 15:00:00,2023-01-23 20:00:00,-0.0956637506067801,Neutral,Normal,False,away,0.3176879468917103,0.2969668,0.1245016
Fulham,2022,2022-12-31 15:00:00,2023-02-03 20:00:00,-0.07910818968784485,Neutral,Normal,True,home,0.3176879468917103,0.3005528,0.3245598
Fulham,2022,2023-01-03 19:45:00,2023-02-11 15:00:00,-1.3989825095747273,Weak Short,Normal,True,away,0.3176879468917103,0.0146627999999999,0.1969818
Fulham,2022,2023-01-12 19:00:00,2023-02-18 15:00:00,-2.4447787336060958,Strong Short,Normal,True,home,0.3176879468917103,-0.2118608,0.2995714000000001
Fulham,2022,2023-01-15 14:00:00,2023-02-24 20:00:00,-2.1791400034393207,Strong Short,Normal,True,away,0.3176879468917103,-0.1543224,0.0842236
Fulham,2022,2023-01-23 20:00:00,2023-03-06 20:00:00,-0.8918874329816623,Weak Short,Normal,False,home,0.3176879468917103,0.1245016,-0.1993923999999999
Fulham,2022,2023-02-03 20:00:00,2023-03-12 14:00:00,0.03172542742896364,Neutral,Normal,False,away,0.3176879468917103,0.3245598,-0.1743965999999999
Fulham,2022,2023-02-11 15:00:00,2023-04-01 14:00:00,-0.5572665834232124,Weak Short,Normal,False,home,0.3176879468917103,0.1969818,-0.1935947999999999
Fulham,2022,2023-02-18 15:00:00,2023-04-08 14:00:00,-0.08363903951657921,Neutral,Normal,False,away,0.3176879468917103,0.2995714000000001,0.0528672
Fulham,2022,2023-02-24 20:00:00,2023-04-15 14:00:00,-1.0778397148257415,Weak Short,Normal,False,home,0.3176879468917103,0.0842236,-0.1453413999999999
Fulham,2022,2023-03-06 20:00:00,2023-04-22 11:30:00,-2.3872156115309004,Strong Short,Break,True,away,0.3176879468917103,-0.1993923999999999,-0.1928773999999999
Fulham,2022,2023-03-12 14:00:00,2023-04-25 18:45:00,-2.2718169808511686,Strong Short,Break,False,home,0.3176879468917103,-0.1743965999999999,-0.3005685999999999
Fulham,2022,2023-04-01 14:00:00,2023-04-30 13:00:00,-2.360449710810427,Strong Short,Break,False,away,0.3176879468917103,-0.1935947999999999,-0.3344157999999999
Fulham,2022,2023-04-08 14:00:00,2023-05-03 19:00:00,-1.2226034600567781,Weak Short,Break,False,home,0.3176879468917103,0.0528672,-0.2776955999999999
Fulham,2022,2023-04-15 14:00:00,2023-05-08 14:00:00,-2.137677233608602,Strong Short,Break,False,away,0.3176879468917103,-0.1453413999999999,-0.7115615999999999
Fulham,2022,2023-04-22 11:30:00,2023-05-13 14:00:00,-2.3571376752824724,Strong Short,Break,False,home,0.3176879468917103,-0.1928773999999999,-0.7449176
Fulham,2022,2023-04-25 18:45:00,2023-05-20 14:00:00,-2.8543178822075217,Strong Short,Break,False,away,0.3176879468917103,-0.3005685999999999,-0.7698523999999999
Fulham,2022,2023-04-30 13:00:00,2023-05-28 15:30:00,-3.0105809556975878,Strong Short,Break,False,home,0.3176879468917103,-0.3344157999999999,-0.4798809999999999
Fulham,2022,2023-05-03 19:00:00,2023-08-12 14:00:00,-2.748719626519065,Strong Short,Break,False,away,0.3176879468917103,-0.2776955999999999,-0.511618
Fulham,2022,2023-05-08 14:00:00,2023-08-19 14:00:00,-4.751757828876762,Strong Short,Break,True,home,0.3176879468917103,-0.7115615999999999,0.2178098
Fulham,2022,2023-05-13 14:00:00,2023-08-26 14:00:00,-4.905753169092043,Strong Short,Break,True,away,0.3176879468917103,-0.7449176,0.1336031999999999
Fulham,2022,2023-05-20 14:00:00,2023-09-02 14:00:00,-5.020870179800762,Strong Short,Break,True,home,0.3176879468917103,-0.7698523999999999,0.2354192
Fulham,2022,2023-05-28 15:30:00,2023-09-16 14:00:00,-3.6821531754926466,Strong Short,Break,True,away,0.3176879468917103,-0.4798809999999999,0.2104932
Fulham,2023,2023-08-12 14:00:00,2023-09-23 14:00:00,-1.8351822754041711,Strong Short,Break,True,away,0.13341289559644673,-0.511618,0.2027408
Fulham,2023,2023-08-19 14:00:00,2023-10-02 19:00:00,0.24011827048557638,Neutral,Normal,False,home,0.13341289559644673,0.2178098,0.3006376
Fulham,2023,2023-08-26 14:00:00,2023-10-07 14:00:00,0.000541436496633535,Neutral,Normal,False,away,0.13341289559644673,0.1336031999999999,0.3838981999999999
Fulham,2023,2023-09-02 14:00:00,2023-10-23 19:00:00,0.29021890749556,Neutral,Normal,False,away,0.13341289559644673,0.2354192,0.4402118
Fulham,2023,2023-09-16 14:00:00,2023-10-29 14:00:00,0.21930175653579692,Neutral,Normal,True,home,0.13341289559644673,0.2104932,0.1993084
Fulham,2023,2023-09-23 14:00:00,2023-11-04 12:30:00,0.19724534471278216,Neutral,Normal,False,away,0.13341289559644673,0.2027408,0.3272547999999999
Fulham,2023,2023-10-02 19:00:00,2023-11-12 14:00:00,0.4757722701752603,Neutral,Normal,True,home,0.13341289559644673,0.3006376,0.0791271999999999
Fulham,2023,2023-10-07 14:00:00,2023-11-27 20:00:00,0.7126576324155092,Weak Long,Normal,True,home,0.13341289559644673,0.3838981999999999,0.1240171999999999
Fulham,2023,2023-10-23 19:00:00,2023-12-03 14:00:00,0.8728758813237864,Weak Long,Normal,False,away,0.13341289559644673,0.4402118,-0.3231404
Fulham,2023,2023-10-29 14:00:00,2023-12-06 19:30:00,0.1874797975349642,Neutral,Normal,False,away,0.13341289559644673,0.1993084,-0.6147910000000001
Fulham,2023,2023-11-04 12:30:00,2023-12-10 14:00:00,0.5515010670350131,Weak Long,Normal,False,home,0.13341289559644673,0.3272547999999999,-1.413593
Fulham,2023,2023-11-12 14:00:00,2023-12-16 15:00:00,-0.15444864276534395,Neutral,Normal,False,away,0.13341289559644673,0.0791271999999999,-1.2491336
Fulham,2023,2023-11-27 20:00:00,2023-12-23 15:00:00,-0.026731764542453695,Neutral,Normal,False,home,0.13341289559644673,0.1240171999999999,-0.8710556
Fulham,2023,2023-12-03 14:00:00,2023-12-26 15:00:00,-1.29894323136446,Weak Short,Break,False,away,0.13341289559644673,-0.3231404,-0.5081926
Fulham,2023,2023-12-06 19:30:00,2023-12-31 14:00:00,-2.1287205573576187,Strong Short,Break,True,home,0.13341289559644673,-0.6147910000000001,-0.2213886
Fulham,2023,2023-12-10 14:00:00,2024-01-13 12:30:00,-4.401398163911443,Strong Short,Break,True,home,0.13341289559644673,-1.413593,0.4805008
Fulham,2023,2023-12-16 15:00:00,2024-01-30 19:45:00,-3.9334934821914693,Strong Short,Break,True,away,0.13341289559644673,-1.2491336,0.8612904
Fulham,2023,2023-12-23 15:00:00,2024-02-03 15:00:00,-2.8578209073473193,Strong Short,Break,True,home,0.13341289559644673,-0.8710556,0.4427104
Fulham,2023,2023-12-26 15:00:00,2024-02-10 15:00:00,-1.8254366439792504,Strong Short,Break,True,away,0.13341289559644673,-0.5081926,0.1269573999999999
Fulham,2023,2023-12-31 14:00:00,2024-02-17 15:00:00,-1.0094484162706776,Weak Short,Break,True,home,0.13341289559644673,-0.2213886,0.3048914
Fulham,2023,2024-01-13 12:30:00,2024-02-24 15:00:00,0.9875024196780307,Weak Long,Normal,True,away,0.13341289559644673,0.4805008,-0.0069779999999999
Fulham,2023,2024-01-30 19:45:00,2024-03-02 15:00:00,2.070889788173087,Strong Long,Normal,False,home,0.13341289559644673,0.8612904,-0.8067679999999999
Fulham,2023,2024-02-03 15:00:00,2024-03-09 15:00:00,0.8799846670651033,Weak Long,Normal,False,away,0.13341289559644673,0.4427104,-0.2760699999999999
Fulham,2023,2024-02-10 15:00:00,2024-03-16 17:30:00,-0.018366579304072303,Neutral,Normal,False,home,0.13341289559644673,0.1269573999999999,-0.130722
Fulham,2023,2024-02-17 15:00:00,2024-03-30 15:00:00,0.4878747887001997,Neutral,Normal,False,home,0.13341289559644673,0.3048914,-0.5938060000000001
Fulham,2023,2024-02-24 15:00:00,2024-04-02 18:30:00,-0.3994271979615477,Neutral,Break,False,away,0.13341289559644673,-0.0069779999999999,-0.412898
Fulham,2023,2024-03-02 15:00:00,2024-04-06 14:00:00,-2.67491577078145,Strong Short,Break,True,home,0.13341289559644673,-0.8067679999999999,0.0788067999999999
Fulham,2023,2024-03-09 15:00:00,2024-04-14 13:00:00,-1.1650228806248133,Weak Short,Break,True,away,0.13341289559644673,-0.2760699999999999,0.0133227999999999
Fulham,2023,2024-03-16 17:30:00,2024-04-21 15:30:00,-0.7514921874650752,Weak Short,Break,True,home,0.13341289559644673,-0.130722,0.0866247999999999
Fulham,2023,2024-03-30 15:00:00,2024-04-27 14:00:00,-2.069015975279041,Strong Short,Break,True,away,0.13341289559644673,-0.5938060000000001,0.5449528
Fulham,2023,2024-04-02 18:30:00,2024-05-04 14:00:00,-1.5543132574009693,Strong Short,Break,False,away,0.13341289559644673,-0.412898,0.8275027999999999
Fulham,2023,2024-04-06 14:00:00,2024-05-11 11:30:00,-0.15536021522652937,Neutral,Normal,False,home,0.13341289559644673,0.0788067999999999,0.6783148999999999
Fulham,2023,2024-04-14 13:00:00,2024-05-19 15:00:00,-0.34166923847330477,Neutral,Normal,False,away,0.13341289559644673,0.0133227999999999,-0.2213151
Fulham,2023,2024-04-21 15:30:00,2024-08-16 19:00:00,-0.13311716434779122,Neutral,Normal,False,home,0.13341289559644673,0.0866247999999999,-0.1053429
Fulham,2023,2024-04-27 14:00:00,2024-08-24 14:00:00,1.170875291926231,Weak Long,Normal,True,home,0.13341289559644673,0.5449528,-0.1917429
Fulham,2023,2024-05-04 14:00:00,2024-08-31 14:00:00,1.9747604320883525,Strong Long,Normal,True,away,0.13341289559644673,0.8275027999999999,-0.4451349
Fulham,2023,2024-05-11 11:30:00,2024-09-14 14:00:00,1.5503048104214172,Strong Long,Normal,True,home,0.13341289559644673,0.6783148999999999,-0.0856578
Fulham,2023,2024-05-19 15:00:00,2024-09-21 14:00:00,-1.009239300865256,Weak Short,Break,False,away,0.13341289559644673,-0.2213151,0.5334282
Fulham,2024,2024-08-16 19:00:00,2024-09-28 14:00:00,-0.5332874469582172,Weak Short,Break,False,away,0.10269103662978579,-0.1053429,0.5368699999999998
Fulham,2024,2024-08-24 14:00:00,2024-10-05 14:00:00,-0.7547707114853226,Weak Short,Break,False,home,0.10269103662978579,-0.1917429,0.6961259999999999
Fulham,2024,2024-08-31 14:00:00,2024-10-19 14:00:00,-1.4043319078400949,Weak Short,Break,False,away,0.10269103662978579,-0.4451349,0.984508
Fulham,2024,2024-09-14 14:00:00,2024-10-26 16:30:00,-0.48282540748434527,Neutral,Break,False,home,0.10269103662978579,-0.0856578,0.7063679999999998
Fulham,2024,2024-09-21 14:00:00,2024-11-04 20:00:00,1.10417908676366,Weak Long,Normal,False,home,0.10269103662978579,0.5334282,0.5501199999999997
Fulham,2024,2024-09-28 14:00:00,2024-11-09 15:00:00,1.1130020161600647,Weak Long,Normal,True,away,0.10269103662978579,0.5368699999999998,0.5135979999999998
Fulham,2024,2024-10-05 14:00:00,2024-11-23 15:00:00,1.521248992728684,Strong Long,Normal,True,away,0.10269103662978579,0.6961259999999999,0.3053375999999997
Fulham,2024,2024-10-19 14:00:00,2024-12-01 13:30:00,2.260505784289515,Strong Long,Normal,True,home,0.10269103662978579,0.984508,0.0937375999999998
Fulham,2024,2024-10-26 16:30:00,2024-12-05 19:30:00,1.5475039880445012,Strong Long,Normal,True,away,0.10269103662978579,0.7063679999999998,-0.4719956000000002
Fulham,2024,2024-11-04 20:00:00,2024-12-08 14:00:00,1.1469679103149735,Weak Long,Normal,False,home,0.10269103662978579,0.5501199999999997,-0.5278320000000002
Fulham,2024,2024-11-09 15:00:00,2024-12-14 15:00:00,1.053345088705495,Weak Long,Normal,False,away,0.10269103662978579,0.5135979999999998,-0.7212540000000002
Fulham,2024,2024-11-23 15:00:00,2024-12-22 14:00:00,0.5194771111161336,Weak Long,Normal,False,home,0.10269103662978579,0.3053375999999997,-0.4141756000000001
Fulham,2024,2024-12-01 13:30:00,2024-12-26 15:00:00,-0.02295180987849037,Neutral,Normal,False,away,0.10269103662978579,0.0937375999999998,-0.5728656000000001
Fulham,2024,2024-12-05 19:30:00,2024-12-29 15:00:00,-1.4731883375100403,Weak Short,Break,True,home,0.10269103662978579,-0.4719956000000002,-0.3138812000000001
Fulham,2024,2024-12-08 14:00:00,2025-01-05 14:00:00,-1.6163229225961662,Strong Short,Break,True,home,0.10269103662978579,-0.5278320000000002,-0.0131408
Fulham,2024,2024-12-14 15:00:00,2025-01-14 19:30:00,-2.1121532002739647,Strong Short,Break,True,away,0.10269103662978579,-0.7212540000000002,0.2967811999999999
Fulham,2024,2024-12-22 14:00:00,2025-01-18 15:00:00,-1.3249688658091456,Weak Short,Break,True,home,0.10269103662978579,-0.4141756000000001,0.1199171999999999
Fulham,2024,2024-12-26 15:00:00,2025-01-26 19:00:00,-1.7317649219180158,Strong Short,Break,True,away,0.10269103662978579,-0.5728656000000001,0.2761733999999999
Fulham,2024,2024-12-29 15:00:00,2025-02-01 15:00:00,-1.0678678111125333,Weak Short,Break,True,home,0.10269103662978579,-0.3138812000000001,0.4056222
Fulham,2024,2025-01-05 14:00:00,2025-02-15 15:00:00,-0.2969307096404551,Neutral,Break,False,home,0.10269103662978579,-0.0131408,0.3166701999999999
Fulham,2024,2025-01-14 19:30:00,2025-02-22 15:00:00,0.4975430902295632,Neutral,Normal,True,away,0.10269103662978579,0.2967811999999999,0.1963601999999999
Fulham,2024,2025-01-18 15:00:00,2025-02-25 19:30:00,0.04415864465870681,Neutral,Normal,False,away,0.10269103662978579,0.1199171999999999,0.0096601999999999
Fulham,2024,2025-01-26 19:00:00,2025-03-08 15:00:00,0.44471574279065484,Neutral,Normal,False,home,0.10269103662978579,0.2761733999999999,-0.1608086
Fulham,2024,2025-02-01 15:00:00,2025-03-16 13:30:00,0.776553043868391,Weak Long,Normal,False,away,0.10269103662978579,0.4056222,-0.2746386
Fulham,2024,2025-02-15 15:00:00,2025-04-01 19:45:00,0.5485278199538641,Weak Long,Normal,False,home,0.10269103662978579,0.3166701999999999,-0.2282126
Fulham,2024,2025-02-22 15:00:00,2025-04-06 13:00:00,0.24011750102728932,Neutral,Normal,False,home,0.10269103662978579,0.1963601999999999,-0.5295366
Fulham,2024,2025-02-25 19:30:00,2025-04-14 19:00:00,-0.2384811735932038,Neutral,Normal,False,away,0.10269103662978579,0.0096601999999999,-0.2020766
Fulham,2024,2025-03-08 15:00:00,2025-04-20 13:00:00,-0.6754717560471185,Weak Short,Break,False,away,0.10269103662978579,-0.1608086,-0.2824976
Fulham,2024,2025-03-16 13:30:00,2025-04-26 14:00:00,-0.9672708301341605,Weak Short,Break,True,home,0.10269103662978579,-0.2746386,-0.0913096
Fulham,2024,2025-04-01 19:45:00,2025-05-03 11:30:00,-0.8482594639427784,Weak Short,Break,True,away,0.10269103662978579,-0.2282126,-0.0391642
Fulham,2024,2025-04-06 13:00:00,2025-05-10 14:00:00,-1.6206926028358983,Strong Short,Break,True,home,0.10269103662978579,-0.5295366,0.2570457999999999
Fulham,2024,2025-04-14 19:00:00,2025-05-18 14:00:00,-0.781260776423329,Weak Short,Break,False,away,0.10269103662978579,-0.2020766,-0.2338782
Fulham,2024,2025-04-20 13:00:00,2025-05-25 15:00:00,-0.9874170914295137,Weak Short,Break,True,home,0.10269103662978579,-0.2824976,0.3484914
Bournemouth,2017,2017-08-12 15:00:00,2017-09-23 15:00:00,0.30927967167907955,Neutral,Break,True,away,-0.16595531266561175,-0.0726201999999999,-0.0921189999999999
Bournemouth,2017,2017-08-19 15:00:00,2017-09-30 15:00:00,0.4655208067345557,Neutral,Break,False,home,-0.16595531266561175,-0.0254693999999999,0.0343442
Bournemouth,2017,2017-08-26 12:30:00,2017-10-14 15:00:00,0.5375740855145614,Weak Long,Break,False,home,-0.16595531266561175,-0.0037249999999999,0.1862718
Bournemouth,2017,2017-09-09 15:00:00,2017-10-21 15:00:00,1.218456428913955,Weak Long,Break,True,away,-0.16595531266561175,0.2017532,-0.1055183999999999
Bournemouth,2017,2017-09-15 20:00:00,2017-10-28 17:30:00,0.9033749336289332,Weak Long,Break,True,home,-0.16595531266561175,0.1066672,0.1064346
Bournemouth,2017,2017-09-23 15:00:00,2017-11-04 15:00:00,0.24466751993998462,Neutral,Break,False,away,-0.16595531266561175,-0.0921189999999999,0.286895
Bournemouth,2017,2017-09-30 15:00:00,2017-11-18 15:00:00,0.6637219985649002,Weak Long,Break,False,home,-0.16595531266561175,0.0343442,-0.515343
Bournemouth,2017,2017-10-14 15:00:00,2017-11-25 15:00:00,1.1671565250258373,Weak Long,Break,True,away,-0.16595531266561175,0.1862718,-0.4605359999999999
Bournemouth,2017,2017-10-21 15:00:00,2017-11-29 19:45:00,0.2002666303461209,Neutral,Break,False,away,-0.16595531266561175,-0.1055183999999999,-0.3011863999999999
Bournemouth,2017,2017-10-28 17:30:00,2017-12-03 13:30:00,0.9026041791981726,Weak Long,Break,True,home,-0.16595531266561175,0.1064346,-0.3698073999999999
Bournemouth,2017,2017-11-04 15:00:00,2017-12-09 15:00:00,1.5005863497777863,Strong Long,Break,False,away,-0.16595531266561175,0.286895,-0.6347385999999998
Bournemouth,2017,2017-11-18 15:00:00,2017-12-13 20:00:00,-1.1577476701038503,Weak Short,Break,True,home,-0.16595531266561175,-0.515343,0.0508558000000001
Bournemouth,2017,2017-11-25 15:00:00,2017-12-17 16:30:00,-0.976136586326152,Weak Short,Break,True,away,-0.16595531266561175,-0.4605359999999999,0.0688764000000001
Bournemouth,2017,2017-11-29 19:45:00,2017-12-23 15:00:00,-0.4481081674099067,Neutral,Break,False,home,-0.16595531266561175,-0.3011863999999999,0.1528380000000001
Bournemouth,2017,2017-12-03 13:30:00,2017-12-26 15:00:00,-0.6754939790746468,Weak Short,Break,False,home,-0.16595531266561175,-0.3698073999999999,0.1003040000000001
Bournemouth,2017,2017-12-09 15:00:00,2017-12-30 15:00:00,-1.5533826129813748,Strong Short,Break,True,away,-0.16595531266561175,-0.6347385999999998,0.1877392000000001
Bournemouth,2017,2017-12-13 20:00:00,2018-01-01 12:30:00,0.7184356222061113,Weak Long,Break,True,away,-0.16595531266561175,0.0508558000000001,-0.1189231999999998
Bournemouth,2017,2017-12-17 16:30:00,2018-01-14 13:30:00,0.7781495400692381,Weak Long,Break,False,home,-0.16595531266561175,0.0688764000000001,-0.4623017999999998
Bournemouth,2017,2017-12-23 15:00:00,2018-01-20 15:00:00,1.0563686940406205,Weak Long,Break,False,away,-0.16595531266561175,0.1528380000000001,-0.6289037999999999
Bournemouth,2017,2017-12-26 15:00:00,2018-01-31 19:45:00,0.8822895312479558,Weak Long,Break,False,home,-0.16595531266561175,0.1003040000000001,-0.9138658
Bournemouth,2017,2017-12-30 15:00:00,2018-02-03 15:00:00,1.1720189715077725,Weak Long,Break,False,home,-0.16595531266561175,0.1877392000000001,-0.8115937999999998
Bournemouth,2017,2018-01-01 12:30:00,2018-02-11 12:00:00,0.1558478470552408,Neutral,Break,False,away,-0.16595531266561175,-0.1189231999999998,-0.7813787999999999
Bournemouth,2017,2018-01-14 13:30:00,2018-02-24 15:00:00,-0.9819878252506442,Weak Short,Break,False,home,-0.16595531266561175,-0.4623017999999998,-0.7045437999999998
Bournemouth,2017,2018-01-20 15:00:00,2018-03-03 15:00:00,-1.5340481419899668,Strong Short,Break,True,away,-0.16595531266561175,-0.6289037999999999,-0.5242209999999999
Bournemouth,2017,2018-01-31 19:45:00,2018-03-11 16:00:00,-2.4783117881567045,Strong Short,Break,True,away,-0.16595531266561175,-0.9138658,-0.1743409999999998
Bournemouth,2017,2018-02-03 15:00:00,2018-03-17 15:00:00,-2.1394184212489598,Strong Short,Break,True,home,-0.16595531266561175,-0.8115937999999998,-0.4194571999999999
Bournemouth,2017,2018-02-11 12:00:00,2018-03-31 15:00:00,-2.039296559144792,Strong Short,Break,True,away,-0.16595531266561175,-0.7813787999999999,-0.2832481999999999
Bournemouth,2017,2018-02-24 15:00:00,2018-04-07 14:00:00,-1.7846924461289464,Strong Short,Break,True,home,-0.16595531266561175,-0.7045437999999998,-0.1060861999999999
Bournemouth,2017,2018-03-03 15:00:00,2018-04-14 16:30:00,-1.187166233458502,Weak Short,Break,True,away,-0.16595531266561175,-0.5242209999999999,-0.0786675999999999
Bournemouth,2017,2018-03-11 16:00:00,2018-04-18 18:45:00,-0.027787212673912612,Neutral,Break,False,home,-0.16595531266561175,-0.1743409999999998,0.1231604
Bournemouth,2017,2018-03-17 15:00:00,2018-04-28 14:00:00,-0.840015919471785,Weak Short,Break,False,home,-0.16595531266561175,-0.4194571999999999,0.3895766
Bournemouth,2017,2018-03-31 15:00:00,2018-05-05 15:00:00,-0.3886672941086659,Neutral,Break,False,away,-0.16595531266561175,-0.2832481999999999,0.5058926000000001
Bournemouth,2017,2018-04-07 14:00:00,2018-05-13 15:00:00,0.19838514124128073,Neutral,Break,False,home,-0.16595531266561175,-0.1060861999999999,0.3645406000000001
Bournemouth,2017,2018-04-14 16:30:00,2018-08-11 17:00:00,0.2892407192088248,Neutral,Break,False,away,-0.16595531266561175,-0.0786675999999999,0.3764660000000001
Bournemouth,2017,2018-04-18 18:45:00,2018-08-18 17:00:00,0.958027586154383,Weak Long,Break,True,home,-0.16595531266561175,0.1231604,0.0780180000000001
Bournemouth,2017,2018-04-28 14:00:00,2018-08-25 17:00:00,1.8408369867407302,Strong Long,Normal,True,away,-0.16595531266561175,0.3895766,0.1922760000000001
Bournemouth,2017,2018-05-05 15:00:00,2018-09-01 14:00:00,2.2262672204825282,Strong Long,Normal,True,home,-0.16595531266561175,0.5058926000000001,0.2432318000000001
Bournemouth,2017,2018-05-13 15:00:00,2018-09-15 14:00:00,1.7578765055347088,Strong Long,Normal,True,away,-0.16595531266561175,0.3645406000000001,0.0115818
Bournemouth,2018,2018-08-11 17:00:00,2018-09-22 14:00:00,1.6402736460882514,Strong Long,Normal,True,home,-0.14530548736806706,0.3764660000000001,0.0868204
Bournemouth,2018,2018-08-18 17:00:00,2018-10-01 19:00:00,0.7020537529371745,Weak Long,Normal,False,away,-0.14530548736806706,0.0780180000000001,0.1429524
Bournemouth,2018,2018-08-25 17:00:00,2018-10-06 14:00:00,1.0612423839605212,Weak Long,Normal,True,home,-0.14530548736806706,0.1922760000000001,-0.1178455999999999
Bournemouth,2018,2018-09-01 14:00:00,2018-10-20 14:00:00,1.2214302399067083,Weak Long,Normal,True,away,-0.14530548736806706,0.2432318000000001,-0.1399567999999999
Bournemouth,2018,2018-09-15 14:00:00,2018-10-27 14:00:00,0.49320073845772194,Neutral,Break,False,home,-0.14530548736806706,0.0115818,0.0357012000000001
Bournemouth,2018,2018-09-22 14:00:00,2018-11-03 12:30:00,0.7297255308933778,Weak Long,Break,True,away,-0.14530548736806706,0.0868204,0.0260186000000001
Bournemouth,2018,2018-10-01 19:00:00,2018-11-10 15:00:00,0.9061856145339324,Weak Long,Break,False,home,-0.14530548736806706,0.1429524,0.2151066000000001
Bournemouth,2018,2018-10-06 14:00:00,2018-11-25 13:30:00,0.0863246280504764,Neutral,Break,False,away,-0.14530548736806706,-0.1178455999999999,0.2883414000000001
Bournemouth,2018,2018-10-20 14:00:00,2018-12-01 15:00:00,0.016814469827127265,Neutral,Break,False,home,-0.14530548736806706,-0.1399567999999999,0.0632626000000001
Bournemouth,2018,2018-10-27 14:00:00,2018-12-04 19:45:00,0.5690240004359164,Weak Long,Break,False,away,-0.14530548736806706,0.0357012000000001,0.0569386000000001
Bournemouth,2018,2018-11-03 12:30:00,2018-12-08 12:30:00,0.5385851704306068,Weak Long,Break,True,home,-0.14530548736806706,0.0260186000000001,-0.0728329999999998
Bournemouth,2018,2018-11-10 15:00:00,2018-12-15 15:00:00,1.133014093245137,Weak Long,Break,True,away,-0.14530548736806706,0.2151066000000001,-0.1508369999999998
Bournemouth,2018,2018-11-25 13:30:00,2018-12-22 15:00:00,1.3632396140425302,Weak Long,Break,True,home,-0.14530548736806706,0.2883414000000001,-0.3025133999999999
Bournemouth,2018,2018-12-01 15:00:00,2018-12-26 15:00:00,0.6556677499771901,Weak Long,Break,True,away,-0.14530548736806706,0.0632626000000001,-0.0020431999999998
Bournemouth,2018,2018-12-04 19:45:00,2018-12-30 16:30:00,0.6357872260524615,Weak Long,Break,False,home,-0.14530548736806706,0.0569386000000001,0.1242806000000001
Bournemouth,2018,2018-12-08 12:30:00,2019-01-02 19:45:00,0.22782906688890808,Neutral,Break,False,home,-0.14530548736806706,-0.0728329999999998,0.0381082000000001
Bournemouth,2018,2018-12-15 15:00:00,2019-01-13 14:15:00,-0.017389210818955975,Neutral,Break,False,away,-0.14530548736806706,-0.1508369999999998,0.2383942000000001
Bournemouth,2018,2018-12-22 15:00:00,2019-01-19 15:00:00,-0.4942086761916175,Neutral,Break,False,home,-0.14530548736806706,-0.3025133999999999,0.3095638000000001
Bournemouth,2018,2018-12-26 15:00:00,2019-01-30 19:45:00,0.45036833199434056,Neutral,Break,False,away,-0.14530548736806706,-0.0020431999999998,-0.3037201999999999
Bournemouth,2018,2018-12-30 16:30:00,2019-02-02 17:30:00,0.8474877703502282,Weak Long,Break,True,away,-0.14530548736806706,0.1242806000000001,-0.1744319999999998
Bournemouth,2018,2019-01-02 19:45:00,2019-02-09 15:00:00,0.5765907969392089,Weak Long,Break,True,home,-0.14530548736806706,0.0381082000000001,-0.0658889999999998
Bournemouth,2018,2019-01-13 14:15:00,2019-02-23 15:00:00,1.2062224564566344,Weak Long,Break,True,away,-0.14530548736806706,0.2383942000000001,-0.1449629999999999
Bournemouth,2018,2019-01-19 15:00:00,2019-02-27 19:45:00,1.4299556847161803,Weak Long,Break,True,home,-0.14530548736806706,0.3095638000000001,-0.0173969999999999
Bournemouth,2018,2019-01-30 19:45:00,2019-03-02 15:00:00,-0.49800244853070075,Neutral,Break,False,home,-0.14530548736806706,-0.3037201999999999,0.3524150000000001
Bournemouth,2018,2019-02-02 17:30:00,2019-03-09 15:00:00,-0.09156393599352464,Neutral,Break,False,away,-0.14530548736806706,-0.1744319999999998,0.314795
Bournemouth,2018,2019-02-09 15:00:00,2019-03-16 15:00:00,0.24965866178664936,Neutral,Break,False,away,-0.14530548736806706,-0.0658889999999998,0.159928
Bournemouth,2018,2019-02-23 15:00:00,2019-03-30 15:00:00,0.0010766648189083753,Neutral,Break,False,home,-0.14530548736806706,-0.1449629999999999,0.0914126000000001
Bournemouth,2018,2019-02-27 19:45:00,2019-04-06 15:00:00,0.40210116117911276,Neutral,Break,False,away,-0.14530548736806706,-0.0173969999999999,0.1559526
Bournemouth,2018,2019-03-02 15:00:00,2019-04-13 15:00:00,1.5646654106496607,Strong Long,Break,True,home,-0.14530548736806706,0.3524150000000001,-0.2902773999999999
Bournemouth,2018,2019-03-09 15:00:00,2019-04-20 15:00:00,1.4464008138678308,Weak Long,Break,True,away,-0.14530548736806706,0.314795,0.2444226000000001
Bournemouth,2018,2019-03-16 15:00:00,2019-04-27 15:00:00,0.9595511777750176,Weak Long,Break,False,home,-0.14530548736806706,0.159928,0.2455186000000001
Bournemouth,2018,2019-03-30 15:00:00,2019-05-04 11:30:00,0.7441618594776821,Weak Long,Break,False,away,-0.14530548736806706,0.0914126000000001,0.3326960000000001
Bournemouth,2018,2019-04-06 15:00:00,2019-05-12 14:00:00,0.9470538604425751,Weak Long,Break,True,home,-0.14530548736806706,0.1559526,0.0705400000000001
Bournemouth,2018,2019-04-13 15:00:00,2019-08-10 15:00:00,-0.4557428174403558,Neutral,Break,False,away,-0.14530548736806706,-0.2902773999999999,0.5849680000000002
Bournemouth,2018,2019-04-20 15:00:00,2019-08-17 15:00:00,1.2251737136400365,Weak Long,Normal,True,home,-0.14530548736806706,0.2444226000000001,-0.0569559999999999
Bournemouth,2018,2019-04-27 15:00:00,2019-08-25 14:00:00,1.228619168134265,Weak Long,Normal,True,away,-0.14530548736806706,0.2455186000000001,0.197306
Bournemouth,2018,2019-05-04 11:30:00,2019-08-31 15:00:00,1.5026755227192805,Strong Long,Normal,True,home,-0.14530548736806706,0.3326960000000001,-0.1369927999999999
Bournemouth,2018,2019-05-12 14:00:00,2019-09-15 13:00:00,0.6785454420723547,Weak Long,Normal,True,away,-0.14530548736806706,0.0705400000000001,-0.2335287999999999
Bournemouth,2019,2019-08-10 15:00:00,2019-09-20 19:00:00,2.2807485994396557,Strong Long,Normal,True,home,-0.09551988541014046,0.5849680000000002,-0.6421807999999999
Bournemouth,2019,2019-08-17 15:00:00,2019-09-28 14:00:00,0.12925215793535824,Neutral,Break,False,away,-0.09551988541014046,-0.0569559999999999,-0.5038208
Bournemouth,2019,2019-08-25 14:00:00,2019-10-06 14:00:00,0.981446168768051,Weak Long,Break,False,home,-0.09551988541014046,0.197306,-0.5457173999999998
Bournemouth,2019,2019-08-31 15:00:00,2019-10-19 15:00:00,-0.13900216872853205,Neutral,Break,False,away,-0.09551988541014046,-0.1369927999999999,-0.3215517999999999
Bournemouth,2019,2019-09-15 13:00:00,2019-10-26 15:00:00,-0.46255583002965,Neutral,Break,False,home,-0.09551988541014046,-0.2335287999999999,0.1752694000000001
Bournemouth,2019,2019-09-20 19:00:00,2019-11-02 12:30:00,-1.8322091282606152,Strong Short,Break,False,away,-0.09551988541014046,-0.6421807999999999,0.6894474
Bournemouth,2019,2019-09-28 14:00:00,2019-11-09 15:00:00,-1.3684765872642755,Weak Short,Break,False,home,-0.09551988541014046,-0.5038208,0.8097934000000002
Bournemouth,2019,2019-10-06 14:00:00,2019-11-23 15:00:00,-1.5088987958296642,Strong Short,Break,False,away,-0.09551988541014046,-0.5457173999999998,0.6429578000000001
Bournemouth,2019,2019-10-19 15:00:00,2019-11-30 15:00:00,-0.7575770027393988,Weak Short,Break,False,home,-0.09551988541014046,-0.3215517999999999,0.3137450000000001
Bournemouth,2019,2019-10-26 15:00:00,2019-12-03 19:30:00,0.9075874775789797,Weak Long,Normal,False,away,-0.09551988541014046,0.1752694000000001,0.2023996
Bournemouth,2019,2019-11-02 12:30:00,2019-12-07 15:00:00,2.6309256567089023,Strong Long,Normal,True,home,-0.09551988541014046,0.6894474,0.0595972000000001
Bournemouth,2019,2019-11-09 15:00:00,2019-12-14 15:00:00,3.034281802840339,Strong Long,Normal,True,away,-0.09551988541014046,0.8097934000000002,-0.0831087999999999
Bournemouth,2019,2019-11-23 15:00:00,2019-12-21 15:00:00,2.475109377886241,Strong Long,Normal,True,home,-0.09551988541014046,0.6429578000000001,-0.0253601999999999
Bournemouth,2019,2019-11-30 15:00:00,2019-12-26 15:00:00,1.3717074678506824,Weak Long,Normal,True,away,-0.09551988541014046,0.3137450000000001,0.2796678000000001
Bournemouth,2019,2019-12-03 19:30:00,2019-12-28 12:30:00,0.9985180686727847,Weak Long,Normal,False,away,-0.09551988541014046,0.2023996,0.3112532
Bournemouth,2019,2019-12-07 15:00:00,2020-01-01 17:30:00,0.5198962140010899,Weak Long,Normal,False,home,-0.09551988541014046,0.0595972000000001,0.4244734000000001
Bournemouth,2019,2019-12-14 15:00:00,2020-01-12 14:00:00,0.04159745716801883,Neutral,Normal,False,away,-0.09551988541014046,-0.0831087999999999,0.4470088000000001
Bournemouth,2019,2019-12-21 15:00:00,2020-01-18 15:00:00,0.23514982069057766,Neutral,Normal,False,home,-0.09551988541014046,-0.0253601999999999,0.530962
Bournemouth,2019,2019-12-26 15:00:00,2020-01-21 19:30:00,1.2574930522244863,Weak Long,Normal,True,home,-0.09551988541014046,0.2796678000000001,0.204666
Bournemouth,2019,2019-12-28 12:30:00,2020-02-01 15:00:00,1.3633558579514722,Weak Long,Normal,True,away,-0.09551988541014046,0.3112532,0.2489928
Bournemouth,2019,2020-01-01 17:30:00,2020-02-09 14:00:00,1.7428289067958915,Strong Long,Normal,True,away,-0.09551988541014046,0.4244734000000001,0.119217
Bournemouth,2019,2020-01-12 14:00:00,2020-02-22 15:00:00,1.8183593946852303,Strong Long,Normal,True,home,-0.09551988541014046,0.4470088000000001,0.4065636
Bournemouth,2019,2020-01-18 15:00:00,2020-02-29 15:00:00,2.099740073788829,Strong Long,Normal,True,away,-0.09551988541014046,0.530962,0.2118940000000001
Bournemouth,2019,2020-01-21 19:30:00,2020-03-07 12:30:00,1.006114219517784,Weak Long,Normal,False,home,-0.09551988541014046,0.204666,0.4863520000000001
Bournemouth,2019,2020-02-01 15:00:00,2020-06-20 18:45:00,1.1546815771228474,Weak Long,Normal,False,home,-0.09551988541014046,0.2489928,0.4146074
Bournemouth,2019,2020-02-09 14:00:00,2020-06-24 17:00:00,0.7197201612957815,Weak Long,Normal,False,away,-0.09551988541014046,0.119217,0.41262158
Bournemouth,2019,2020-02-22 15:00:00,2020-07-01 17:00:00,1.6828017525407868,Strong Long,Normal,True,away,-0.09551988541014046,0.4065636,0.1161915800000001
Bournemouth,2019,2020-02-29 15:00:00,2020-07-04 14:00:00,1.0303398541399407,Weak Long,Normal,True,home,-0.09551988541014046,0.2118940000000001,0.10352358
Bournemouth,2019,2020-03-07 12:30:00,2020-07-09 17:00:00,1.950223532491874,Strong Long,Normal,True,away,-0.09551988541014046,0.4863520000000001,0.2365053800000001
Bournemouth,2019,2020-06-20 18:45:00,2020-07-12 18:00:00,1.7097616528968607,Strong Long,Normal,True,home,-0.09551988541014046,0.4146074,-0.1276000199999999
Bournemouth,2019,2020-06-24 17:00:00,2020-07-15 17:00:00,1.7031059044539483,Strong Long,Normal,True,away,-0.09551988541014046,0.41262158,-0.0067101999999999
Bournemouth,2019,2020-07-01 17:00:00,2020-07-19 13:00:00,0.7095800506844697,Weak Long,Normal,True,home,-0.09551988541014046,0.1161915800000001,0.0549072
Bournemouth,2019,2020-07-04 14:00:00,2020-07-26 15:00:00,0.6671215089864234,Weak Long,Normal,True,away,-0.09551988541014046,0.10352358,-0.1564927999999999
Bournemouth,2019,2020-07-09 17:00:00,2022-08-06 14:00:00,1.112828274093876,Weak Long,Normal,False,home,-0.09551988541014046,0.2365053800000001,-0.6308943999999999
Bournemouth,2019,2020-07-12 18:00:00,2022-08-13 14:00:00,-0.10752097664686396,Neutral,Break,False,home,-0.09551988541014046,-0.1276000199999999,-0.3147271999999999
Bournemouth,2019,2020-07-15 17:00:00,2022-08-20 16:30:00,0.29765785689744195,Neutral,Break,False,away,-0.09551988541014046,-0.0067101999999999,-0.4057301999999999
Bournemouth,2019,2020-07-19 13:00:00,2022-08-27 14:00:00,0.504177034922795,Weak Long,Break,False,home,-0.09551988541014046,0.0549072,-0.4861553999999999
Bournemouth,2019,2020-07-26 15:00:00,2022-08-31 18:30:00,-0.20435909666600413,Neutral,Break,True,away,-0.09551988541014046,-0.1564927999999999,-0.1066703999999999
Bournemouth,2022,2022-08-06 14:00:00,2022-09-03 14:00:00,-1.8409492643341152,Strong Short,Break,True,home,-0.04832635800884238,-0.6308943999999999,-0.2433303999999999
Bournemouth,2022,2022-08-13 14:00:00,2022-09-17 14:00:00,-0.8418423235256255,Weak Short,Break,True,away,-0.04832635800884238,-0.3147271999999999,-0.27273
Bournemouth,2022,2022-08-20 16:30:00,2022-10-01 14:00:00,-1.1294171539773452,Weak Short,Break,True,home,-0.04832635800884238,-0.4057301999999999,-0.1633713999999999
Bournemouth,2022,2022-08-27 14:00:00,2022-10-08 14:00:00,-1.3835655145154118,Weak Short,Break,True,away,-0.04832635800884238,-0.4861553999999999,-0.3697875999999999
Bournemouth,2022,2022-08-31 18:30:00,2022-10-15 14:00:00,-0.18437060298534272,Neutral,Break,False,home,-0.04832635800884238,-0.1066703999999999,-0.5165365999999999
Bournemouth,2022,2022-09-03 14:00:00,2022-10-19 18:30:00,-0.6162242378054258,Weak Short,Break,True,away,-0.04832635800884238,-0.2433303999999999,0.0645456000000001
Bournemouth,2022,2022-09-17 14:00:00,2022-10-24 19:00:00,-0.7091287023324019,Weak Short,Break,False,away,-0.04832635800884238,-0.27273,0.2152446000000001
Bournemouth,2022,2022-10-01 14:00:00,2022-10-29 14:00:00,-0.3635490966772315,Neutral,Break,True,home,-0.04832635800884238,-0.1633713999999999,-0.1588743999999999
Bournemouth,2022,2022-10-08 14:00:00,2022-11-05 15:00:00,-1.0158364247596934,Weak Short,Break,True,home,-0.04832635800884238,-0.3697875999999999,-0.2774683999999999
Bournemouth,2022,2022-10-15 14:00:00,2022-11-12 15:00:00,-1.479571892754808,Weak Short,Break,True,away,-0.04832635800884238,-0.5165365999999999,-0.3118423999999998
Bournemouth,2022,2022-10-19 18:30:00,2022-12-27 17:30:00,0.35668202352830686,Neutral,Break,False,home,-0.04832635800884238,0.0645456000000001,-0.3853187999999998
Bournemouth,2022,2022-10-24 19:00:00,2022-12-31 15:00:00,0.8328997237606476,Weak Long,Break,False,away,-0.04832635800884238,0.2152446000000001,-0.3522435999999998
Bournemouth,2022,2022-10-29 14:00:00,2023-01-03 20:00:00,-0.3493383122795591,Neutral,Break,True,home,-0.04832635800884238,-0.1588743999999999,0.0060542000000001
Bournemouth,2022,2022-11-05 15:00:00,2023-01-14 17:30:00,-0.7241023249230022,Weak Short,Break,False,away,-0.04832635800884238,-0.2774683999999999,0.3487228000000001
Bournemouth,2022,2022-11-12 15:00:00,2023-01-21 15:00:00,-0.8327261859160177,Weak Short,Break,False,home,-0.04832635800884238,-0.3118423999999998,0.6185368
Bournemouth,2022,2022-12-27 17:30:00,2023-02-04 15:00:00,-1.0649159299047075,Weak Short,Break,False,away,-0.04832635800884238,-0.3853187999999998,0.7115824000000002
Bournemouth,2022,2022-12-31 15:00:00,2023-02-11 17:30:00,-0.9603963532736436,Weak Short,Break,False,home,-0.04832635800884238,-0.3522435999999998,0.6413346000000001
Bournemouth,2022,2023-01-03 20:00:00,2023-02-18 15:00:00,0.17184576057122058,Neutral,Break,False,away,-0.04832635800884238,0.0060542000000001,0.5360782000000002
Bournemouth,2022,2023-01-14 17:30:00,2023-02-25 17:30:00,1.2546986835092357,Weak Long,Normal,False,away,-0.04832635800884238,0.3487228000000001,0.4992756000000001
Bournemouth,2022,2023-01-21 15:00:00,2023-03-04 15:00:00,2.1073267870168153,Strong Long,Normal,True,home,-0.04832635800884238,0.6185368,0.2867116000000002
Bournemouth,2022,2023-02-04 15:00:00,2023-03-11 12:30:00,2.401356353561639,Strong Long,Normal,True,away,-0.04832635800884238,0.7115824000000002,0.1253080000000001
Bournemouth,2022,2023-02-11 17:30:00,2023-03-18 15:00:00,2.179369175396014,Strong Long,Normal,True,home,-0.04832635800884238,0.6413346000000001,0.1164200000000001
Bournemouth,2022,2023-02-18 15:00:00,2023-04-01 14:00:00,1.846752762926553,Strong Long,Normal,True,away,-0.04832635800884238,0.5360782000000002,0.3139800000000001
Bournemouth,2022,2023-02-25 17:30:00,2023-04-04 18:45:00,1.7304543831458594,Strong Long,Normal,False,home,-0.04832635800884238,0.4992756000000001,0.5275700000000001
Bournemouth,2022,2023-03-04 15:00:00,2023-04-08 14:00:00,1.058739645608203,Weak Long,Normal,False,away,-0.04832635800884238,0.2867116000000002,0.7638280000000002
Bournemouth,2022,2023-03-11 12:30:00,2023-04-15 14:00:00,0.5486947800070997,Weak Long,Normal,False,home,-0.04832635800884238,0.1253080000000001,0.3847680000000001
Bournemouth,2022,2023-03-18 15:00:00,2023-04-23 13:00:00,0.5206081774439436,Weak Long,Normal,False,away,-0.04832635800884238,0.1164200000000001,0.4796774000000001
Bournemouth,2022,2023-04-01 14:00:00,2023-04-27 18:45:00,1.1449093928329062,Weak Long,Normal,True,home,-0.04832635800884238,0.3139800000000001,0.2492802000000001
Bournemouth,2022,2023-04-04 18:45:00,2023-04-30 13:00:00,1.8198663506934472,Strong Long,Normal,True,home,-0.04832635800884238,0.5275700000000001,-0.2779177999999999
Bournemouth,2022,2023-04-08 14:00:00,2023-05-06 14:00:00,2.5664555213016955,Strong Long,Normal,True,away,-0.04832635800884238,0.7638280000000002,-0.4191997999999998
Bournemouth,2022,2023-04-15 14:00:00,2023-05-13 14:00:00,1.3686036347591761,Weak Long,Normal,True,away,-0.04832635800884238,0.3847680000000001,-0.0079913999999998
Bournemouth,2022,2023-04-23 13:00:00,2023-05-20 14:00:00,1.6685229188846933,Strong Long,Normal,True,home,-0.04832635800884238,0.4796774000000001,-0.0397841999999998
Bournemouth,2022,2023-04-27 18:45:00,2023-05-28 15:30:00,0.9404542208576945,Weak Long,Normal,True,away,-0.04832635800884238,0.2492802000000001,0.0489218000000001
Bournemouth,2022,2023-04-30 13:00:00,2023-08-12 14:00:00,-0.7255224553451312,Weak Short,Break,False,home,-0.04832635800884238,-0.2779177999999999,0.4475258000000001
Bournemouth,2022,2023-05-06 14:00:00,2023-08-19 14:00:00,-1.1719818819121657,Weak Short,Break,False,home,-0.04832635800884238,-0.4191997999999998,0.4813558000000002
Bournemouth,2022,2023-05-13 14:00:00,2023-08-26 11:30:00,0.12746083877092118,Neutral,Break,False,away,-0.04832635800884238,-0.0079913999999998,0.5256678000000001
Bournemouth,2022,2023-05-20 14:00:00,2023-09-02 14:00:00,0.026993721537583434,Neutral,Break,False,home,-0.04832635800884238,-0.0397841999999998,0.3845492000000001
Bournemouth,2022,2023-05-28 15:30:00,2023-09-17 13:00:00,0.3073098969389463,Neutral,Break,False,away,-0.04832635800884238,0.0489218000000001,0.5631624000000001
Bournemouth,2023,2023-08-12 14:00:00,2023-09-24 13:00:00,1.4687518904208763,Weak Long,Normal,False,home,-0.03223834438689476,0.4475258000000001,0.5790804
Bournemouth,2023,2023-08-19 14:00:00,2023-09-30 14:00:00,1.5723191891326966,Strong Long,Normal,False,away,-0.03223834438689476,0.4813558000000002,0.6306290000000001
Bournemouth,2023,2023-08-26 11:30:00,2023-10-07 14:00:00,1.7079761250037624,Strong Long,Normal,False,home,-0.03223834438689476,0.5256678000000001,0.730259
Bournemouth,2023,2023-09-02 14:00:00,2023-10-21 14:00:00,1.275955072683519,Weak Long,Normal,False,away,-0.03223834438689476,0.3845492000000001,0.7119110000000001
Bournemouth,2023,2023-09-17 13:00:00,2023-10-28 14:00:00,1.8227622449647496,Strong Long,Normal,True,home,-0.03223834438689476,0.5631624000000001,0.2669850000000001
Bournemouth,2023,2023-09-24 13:00:00,2023-11-04 15:00:00,1.8714936744916413,Strong Long,Normal,True,away,-0.03223834438689476,0.5790804,0.0776424
Bournemouth,2023,2023-09-30 14:00:00,2023-11-11 17:30:00,2.029304766846833,Strong Long,Normal,True,home,-0.03223834438689476,0.6306290000000001,0.1056018
Bournemouth,2023,2023-10-07 14:00:00,2023-11-25 15:00:00,2.334312451465769,Strong Long,Normal,True,away,-0.03223834438689476,0.730259,-0.0627945999999999
Bournemouth,2023,2023-10-21 14:00:00,2023-12-03 14:00:00,2.2781418101189033,Strong Long,Normal,True,home,-0.03223834438689476,0.7119110000000001,0.0434014
Bournemouth,2023,2023-10-28 14:00:00,2023-12-06 19:30:00,0.916043555709941,Weak Long,Normal,True,home,-0.03223834438689476,0.2669850000000001,0.1832914000000001
Bournemouth,2023,2023-11-04 15:00:00,2023-12-09 15:00:00,0.3363893549096855,Neutral,Break,True,away,-0.03223834438689476,0.0776424,0.049506
Bournemouth,2023,2023-11-11 17:30:00,2023-12-23 15:00:00,0.42198437505757963,Neutral,Break,False,home,-0.03223834438689476,0.1056018,-0.3292079999999999
Bournemouth,2023,2023-11-25 15:00:00,2023-12-26 15:00:00,-0.09354504441611539,Neutral,Break,False,away,-0.03223834438689476,-0.0627945999999999,-0.5413359999999999
Bournemouth,2023,2023-12-03 14:00:00,2023-12-31 14:00:00,0.23156381913695637,Neutral,Break,False,home,-0.03223834438689476,0.0434014,-0.5347519999999999
Bournemouth,2023,2023-12-06 19:30:00,2024-01-21 16:30:00,0.6598236304522535,Weak Long,Break,False,away,-0.03223834438689476,0.1832914000000001,-0.3278289999999999
Bournemouth,2023,2023-12-09 15:00:00,2024-02-01 19:30:00,0.2502524662465093,Neutral,Break,True,away,-0.03223834438689476,0.049506,-0.0956949999999998
Bournemouth,2023,2023-12-23 15:00:00,2024-02-04 14:00:00,-0.9091441037903857,Weak Short,Break,True,away,-0.03223834438689476,-0.3292079999999999,0.1640710000000001
Bournemouth,2023,2023-12-26 15:00:00,2024-02-10 15:00:00,-1.5585536202296686,Strong Short,Break,False,home,-0.03223834438689476,-0.5413359999999999,0.6694730000000002
Bournemouth,2023,2023-12-31 14:00:00,2024-02-17 15:00:00,-1.5383973360227923,Strong Short,Break,False,away,-0.03223834438689476,-0.5347519999999999,0.5692110000000001
Bournemouth,2023,2024-01-21 16:30:00,2024-02-24 17:30:00,-0.9049224276176515,Weak Short,Break,False,home,-0.03223834438689476,-0.3278289999999999,0.5874718000000001
Bournemouth,2023,2024-02-01 19:30:00,2024-03-03 13:00:00,-0.1942664619312898,Neutral,Break,False,away,-0.03223834438689476,-0.0956949999999998,0.4477298000000001
Bournemouth,2023,2024-02-04 14:00:00,2024-03-09 15:00:00,0.6009822202198957,Weak Long,Normal,False,home,-0.03223834438689476,0.1640710000000001,0.7951438000000002
Bournemouth,2023,2024-02-10 15:00:00,2024-03-13 19:30:00,2.148221945420937,Strong Long,Normal,True,away,-0.03223834438689476,0.6694730000000002,0.2427258
Bournemouth,2023,2024-02-17 15:00:00,2024-03-30 15:00:00,1.8412794534479988,Strong Long,Normal,True,away,-0.03223834438689476,0.5692110000000001,0.1050658
Bournemouth,2023,2024-02-24 17:30:00,2024-04-02 18:45:00,1.897183140362477,Strong Long,Normal,True,home,-0.03223834438689476,0.5874718000000001,-0.0181739999999999
Bournemouth,2023,2024-03-03 13:00:00,2024-04-06 14:00:00,1.4693764168452692,Weak Long,Normal,True,away,-0.03223834438689476,0.4477298000000001,0.0178156
Bournemouth,2023,2024-03-09 15:00:00,2024-04-13 16:30:00,2.5329510403944333,Strong Long,Normal,True,home,-0.03223834438689476,0.7951438000000002,-0.2904603999999999
Bournemouth,2023,2024-03-13 19:30:00,2024-04-21 14:00:00,0.8417763427950787,Weak Long,Normal,True,home,-0.03223834438689476,0.2427258,0.1511556
Bournemouth,2023,2024-03-30 15:00:00,2024-04-24 18:45:00,0.4203434624915277,Neutral,Break,False,home,-0.03223834438689476,0.1050658,0.5532416
Bournemouth,2023,2024-04-02 18:45:00,2024-04-28 13:00:00,0.043056640742046945,Neutral,Break,False,home,-0.03223834438689476,-0.0181739999999999,0.3875676
Bournemouth,2023,2024-04-06 14:00:00,2024-05-04 11:30:00,0.15323534762111593,Neutral,Break,False,away,-0.03223834438689476,0.0178156,0.5580860000000001
Bournemouth,2023,2024-04-13 16:30:00,2024-05-11 14:00:00,-0.790522044565848,Weak Short,Break,False,home,-0.03223834438689476,-0.2904603999999999,0.4955220000000001
Bournemouth,2023,2024-04-21 14:00:00,2024-05-19 15:00:00,0.5614429624669353,Weak Long,Normal,False,away,-0.03223834438689476,0.1511556,0.4855
Bournemouth,2023,2024-04-24 18:45:00,2024-08-17 14:00:00,1.7923906677533918,Strong Long,Normal,True,away,-0.03223834438689476,0.5532416,0.386708
Bournemouth,2023,2024-04-28 13:00:00,2024-08-25 13:00:00,1.2851956146413004,Weak Long,Normal,False,home,-0.03223834438689476,0.3875676,0.79747
Bournemouth,2023,2024-05-04 11:30:00,2024-08-31 14:00:00,1.8072213334902985,Strong Long,Normal,False,away,-0.03223834438689476,0.5580860000000001,0.695106
Bournemouth,2023,2024-05-11 14:00:00,2024-09-14 19:00:00,1.615687651060316,Strong Long,Normal,False,home,-0.03223834438689476,0.4955220000000001,0.988094
Bournemouth,2023,2024-05-19 15:00:00,2024-09-21 14:00:00,1.5850062597599948,Strong Long,Normal,False,away,-0.03223834438689476,0.4855,1.081652
Bournemouth,2024,2024-08-17 14:00:00,2024-09-30 19:00:00,1.0760098750929863,Weak Long,Normal,False,away,0.01551067897819249,0.386708,0.588252
Bournemouth,2024,2024-08-25 13:00:00,2024-10-05 14:00:00,2.266708038259361,Strong Long,Normal,True,home,0.01551067897819249,0.79747,0.671152
Bournemouth,2024,2024-08-31 14:00:00,2024-10-19 16:30:00,1.9699799407859753,Strong Long,Normal,False,away,0.01551067897819249,0.695106,0.7166140000000001
Bournemouth,2024,2024-09-14 19:00:00,2024-10-26 14:00:00,2.8192802008630755,Strong Long,Normal,True,home,0.01551067897819249,0.988094,0.2748822000000001
Bournemouth,2024,2024-09-21 14:00:00,2024-11-02 15:00:00,3.090481866911833,Strong Long,Normal,True,away,0.01551067897819249,1.081652,0.0707842000000001
Bournemouth,2024,2024-09-30 19:00:00,2024-11-09 15:00:00,1.6602364359657151,Strong Long,Normal,True,home,0.01551067897819249,0.588252,0.4808222000000001
Bournemouth,2024,2024-10-05 14:00:00,2024-11-23 15:00:00,1.9005431774035608,Strong Long,Normal,True,away,0.01551067897819249,0.671152,0.2732102000000001
Bournemouth,2024,2024-10-19 16:30:00,2024-11-30 15:00:00,2.0323263508564846,Strong Long,Normal,True,home,0.01551067897819249,0.7166140000000001,0.0521742
Bournemouth,2024,2024-10-26 14:00:00,2024-12-05 20:15:00,0.75185434304618,Weak Long,Normal,False,away,0.01551067897819249,0.2748822000000001,0.6418760000000001
Bournemouth,2024,2024-11-02 15:00:00,2024-12-08 14:00:00,0.16022436338415993,Neutral,Normal,False,home,0.01551067897819249,0.0707842000000001,0.8502700000000001
Bournemouth,2024,2024-11-09 15:00:00,2024-12-16 20:00:00,1.3488238283502811,Weak Long,Normal,False,away,0.01551067897819249,0.4808222000000001,0.961486
Bournemouth,2024,2024-11-23 15:00:00,2024-12-22 14:00:00,0.7470076256555399,Weak Long,Normal,False,home,0.01551067897819249,0.2732102000000001,0.544834
Bournemouth,2024,2024-11-30 15:00:00,2024-12-26 15:00:00,0.10627854362350449,Neutral,Normal,False,away,0.01551067897819249,0.0521742,0.96941
Bournemouth,2024,2024-12-05 20:15:00,2024-12-29 15:00:00,1.8156792429966326,Strong Long,Normal,True,home,0.01551067897819249,0.6418760000000001,0.455362
Bournemouth,2024,2024-12-08 14:00:00,2025-01-04 15:00:00,2.419762271648001,Strong Long,Normal,True,away,0.01551067897819249,0.8502700000000001,0.4808120000000001
Bournemouth,2024,2024-12-16 20:00:00,2025-01-14 19:30:00,2.7421501432493454,Strong Long,Normal,True,home,0.01551067897819249,0.961486,0.100818
Bournemouth,2024,2024-12-22 14:00:00,2025-01-18 12:30:00,1.5343783165477611,Strong Long,Normal,True,away,0.01551067897819249,0.544834,0.075504
Bournemouth,2024,2024-12-26 15:00:00,2025-01-25 15:00:00,2.7651198732753226,Strong Long,Normal,True,home,0.01551067897819249,0.96941,-0.5997939999999999
Bournemouth,2024,2024-12-29 15:00:00,2025-02-01 15:00:00,1.2750209610601018,Weak Long,Normal,True,away,0.01551067897819249,0.455362,-0.210632
Bournemouth,2024,2025-01-04 15:00:00,2025-02-15 15:00:00,1.3487942610551946,Weak Long,Normal,False,home,0.01551067897819249,0.4808120000000001,-0.7168920000000001
Bournemouth,2024,2025-01-14 19:30:00,2025-02-22 15:00:00,0.24728497389074564,Neutral,Break,False,away,0.01551067897819249,0.100818,-0.4206438
Bournemouth,2024,2025-01-18 12:30:00,2025-02-25 19:30:00,0.17390590449680554,Neutral,Break,True,away,0.01551067897819249,0.075504,-0.0206538
Bournemouth,2024,2025-01-25 15:00:00,2025-03-09 14:00:00,-1.7836171579820173,Strong Short,Break,True,home,0.01551067897819249,-0.5997939999999999,0.4593381999999999
Bournemouth,2024,2025-02-01 15:00:00,2025-03-15 17:30:00,-0.6555320902928141,Weak Short,Break,False,home,0.01551067897819249,-0.210632,0.3342201999999999
Bournemouth,2024,2025-02-15 15:00:00,2025-04-02 19:45:00,-2.1230555030832106,Strong Short,Break,True,away,0.01551067897819249,-0.7168920000000001,0.7160502
Bournemouth,2024,2025-02-22 15:00:00,2025-04-05 14:00:00,-1.2643047238452458,Weak Short,Break,False,home,0.01551067897819249,-0.4206438,0.5798499999999999
Bournemouth,2024,2025-02-25 19:30:00,2025-04-14 19:00:00,-0.10483194329369018,Neutral,Break,False,away,0.01551067897819249,-0.0206538,0.6110519999999999
Bournemouth,2024,2025-03-09 14:00:00,2025-04-19 14:00:00,1.2865469883858573,Weak Long,Normal,False,away,0.01551067897819249,0.4593381999999999,0.6987986
Bournemouth,2024,2025-03-15 17:30:00,2025-04-27 13:00:00,0.9238606328343447,Weak Long,Normal,False,home,0.01551067897819249,0.3342201999999999,0.4153605999999999
Bournemouth,2024,2025-04-02 19:45:00,2025-05-03 16:30:00,2.030692033114353,Strong Long,Normal,True,home,0.01551067897819249,0.7160502,0.0996525999999999
Bournemouth,2024,2025-04-05 14:00:00,2025-05-10 16:30:00,1.6358811013268633,Strong Long,Normal,True,away,0.01551067897819249,0.5798499999999999,0.3144586
Bournemouth,2024,2025-04-14 19:00:00,2025-05-20 19:00:00,1.726328036747173,Strong Long,Normal,True,home,0.01551067897819249,0.6110519999999999,0.1353214
Bournemouth,2024,2025-04-19 14:00:00,2025-05-25 15:00:00,1.9806838813581515,Strong Long,Normal,True,away,0.01551067897819249,0.6987986,0.1474007999999999
Everton,2017,2017-08-12 15:00:00,2017-09-23 15:00:00,1.0718495948336093,Weak Long,Normal,False,home,-0.16618971903498958,0.3376432,0.470341
Everton,2017,2017-08-21 20:00:00,2017-10-01 14:15:00,0.610288300347284,Weak Long,Normal,False,away,-0.16618971903498958,0.1206819999999999,0.737151
Everton,2017,2017-08-27 13:30:00,2017-10-15 13:30:00,0.6343146283159238,Weak Long,Normal,False,away,-0.16618971903498958,0.1319757999999999,0.762856
Everton,2017,2017-09-09 15:00:00,2017-10-22 13:30:00,1.0689831482607157,Weak Long,Normal,True,home,-0.16618971903498958,0.3362958,0.2947658000000001
Everton,2017,2017-09-17 16:00:00,2017-10-29 16:00:00,1.145518165261175,Weak Long,Normal,True,away,-0.16618971903498958,0.3722718,0.197217
Everton,2017,2017-09-23 15:00:00,2017-11-05 16:30:00,1.3541496943144729,Weak Long,Normal,True,home,-0.16618971903498958,0.470341,0.070953
Everton,2017,2017-10-01 14:15:00,2017-11-18 15:00:00,1.9217588750430845,Strong Long,Normal,True,home,-0.16618971903498958,0.737151,-0.178343
Everton,2017,2017-10-15 13:30:00,2017-11-26 13:30:00,1.976443459543774,Strong Long,Normal,True,away,-0.16618971903498958,0.762856,-0.4398341999999999
Everton,2017,2017-10-22 13:30:00,2017-11-29 20:00:00,0.9806326018956651,Weak Long,Normal,False,home,-0.16618971903498958,0.2947658000000001,-0.649038
Everton,2017,2017-10-29 16:00:00,2017-12-02 15:00:00,0.7731081670953982,Weak Long,Normal,False,away,-0.16618971903498958,0.197217,-1.0000804
Everton,2017,2017-11-05 16:30:00,2017-12-10 14:15:00,0.5044952755414182,Weak Long,Normal,False,home,-0.16618971903498958,0.070953,-0.951357
Everton,2017,2017-11-18 15:00:00,2017-12-13 19:45:00,-0.025854779999678407,Neutral,Normal,False,away,-0.16618971903498958,-0.178343,-0.8113750000000002
Everton,2017,2017-11-26 13:30:00,2017-12-18 20:00:00,-0.5821487937163362,Weak Short,Break,False,away,-0.16618971903498958,-0.4398341999999999,-0.8374078
Everton,2017,2017-11-29 20:00:00,2017-12-23 12:30:00,-1.0272070656076162,Weak Short,Break,True,home,-0.16618971903498958,-0.649038,-0.3219211999999999
Everton,2017,2017-12-02 15:00:00,2017-12-26 15:00:00,-1.774011492222082,Strong Short,Break,True,home,-0.16618971903498958,-1.0000804,-0.004771
Everton,2017,2017-12-10 14:15:00,2017-12-30 15:00:00,-1.6703577717606581,Strong Short,Break,True,away,-0.16618971903498958,-0.951357,-0.0494928
Everton,2017,2017-12-13 19:45:00,2018-01-01 17:30:00,-1.3725613310847,Weak Short,Break,True,away,-0.16618971903498958,-0.8113750000000002,0.1209732
Everton,2017,2017-12-18 20:00:00,2018-01-13 17:30:00,-1.427943274340469,Weak Short,Break,True,home,-0.16618971903498958,-0.8374078,0.3755302
Everton,2017,2017-12-23 12:30:00,2018-01-20 15:00:00,-0.3313017440283456,Neutral,Break,False,home,-0.16618971903498958,-0.3219211999999999,0.2917596
Everton,2017,2017-12-26 15:00:00,2018-01-31 19:45:00,0.3434007228578853,Neutral,Normal,False,away,-0.16618971903498958,-0.004771,0.1167486
Everton,2017,2017-12-30 15:00:00,2018-02-03 17:30:00,0.24825997004236558,Neutral,Normal,False,away,-0.16618971903498958,-0.0494928,0.294957
Everton,2017,2018-01-01 17:30:00,2018-02-10 15:00:00,0.6109077965934075,Weak Long,Normal,True,home,-0.16618971903498958,0.1209732,-0.255363
Everton,2017,2018-01-13 17:30:00,2018-02-24 17:30:00,1.1524500559492532,Weak Long,Normal,True,away,-0.16618971903498958,0.3755302,-0.1804066
Everton,2017,2018-01-20 15:00:00,2018-03-03 12:30:00,0.9742372392064617,Weak Long,Normal,True,home,-0.16618971903498958,0.2917596,-0.0051305999999999
Everton,2017,2018-01-31 19:45:00,2018-03-10 15:00:00,0.6019204207645177,Weak Long,Normal,True,home,-0.16618971903498958,0.1167486,0.0264613999999999
Everton,2017,2018-02-03 17:30:00,2018-03-17 15:00:00,0.981039359046279,Weak Long,Normal,True,away,-0.16618971903498958,0.294957,0.1240934
Everton,2017,2018-02-10 15:00:00,2018-03-31 17:30:00,-0.18970643136101295,Neutral,Normal,False,home,-0.16618971903498958,-0.255363,0.398435
Everton,2017,2018-02-24 17:30:00,2018-04-07 11:30:00,-0.03024486397461024,Neutral,Normal,False,away,-0.16618971903498958,-0.1804066,0.410095
Everton,2017,2018-03-03 12:30:00,2018-04-14 14:00:00,0.3426357130704338,Neutral,Normal,False,away,-0.16618971903498958,-0.0051305999999999,0.373021
Everton,2017,2018-03-10 15:00:00,2018-04-23 19:00:00,0.4098442481237608,Neutral,Normal,False,home,-0.16618971903498958,0.0264613999999999,0.4249918
Everton,2017,2018-03-17 15:00:00,2018-04-28 14:00:00,0.6175456818514917,Weak Long,Normal,True,away,-0.16618971903498958,0.1240934,0.0179805999999999
Everton,2017,2018-03-31 17:30:00,2018-05-05 17:30:00,1.2011775202974888,Weak Long,Normal,True,home,-0.16618971903498958,0.398435,-0.0697668
Everton,2017,2018-04-07 11:30:00,2018-05-13 15:00:00,1.225982898833884,Weak Long,Normal,True,home,-0.16618971903498958,0.410095,-0.0787182
Everton,2017,2018-04-14 14:00:00,2018-08-11 19:30:00,1.1471120065647316,Weak Long,Normal,True,away,-0.16618971903498958,0.373021,-0.4585537999999999
Everton,2017,2018-04-23 19:00:00,2018-08-18 17:00:00,1.2576742164137273,Weak Long,Normal,True,home,-0.16618971903498958,0.4249918,-0.4442526000000001
Everton,2017,2018-04-28 14:00:00,2018-08-25 17:00:00,0.3918022709118002,Neutral,Normal,False,away,-0.16618971903498958,0.0179805999999999,-0.5242704
Everton,2017,2018-05-05 17:30:00,2018-09-01 14:00:00,0.20512924581879122,Neutral,Normal,False,home,-0.16618971903498958,-0.0697668,-0.485246
Everton,2017,2018-05-13 15:00:00,2018-09-16 15:00:00,0.18608611842336342,Neutral,Normal,False,away,-0.16618971903498958,-0.0787182,-0.567432
Everton,2018,2018-08-11 19:30:00,2018-09-23 15:00:00,-0.7522772810499406,Weak Short,Break,True,away,-0.11450119416849151,-0.4585537999999999,-0.0974624
Everton,2018,2018-08-18 17:00:00,2018-09-29 14:00:00,-0.721007447107686,Weak Short,Break,True,home,-0.11450119416849151,-0.4442526000000001,-0.2383943999999999
Everton,2018,2018-08-25 17:00:00,2018-10-06 14:00:00,-0.895967822350643,Weak Short,Break,True,away,-0.11450119416849151,-0.5242704,-0.1172233999999999
Everton,2018,2018-09-01 14:00:00,2018-10-21 15:00:00,-0.8106402618874553,Weak Short,Break,True,home,-0.11450119416849151,-0.485246,-0.0548379999999999
Everton,2018,2018-09-16 15:00:00,2018-10-28 15:00:00,-0.9903414458704902,Weak Short,Break,True,home,-0.11450119416849151,-0.567432,0.02631
Everton,2018,2018-09-23 15:00:00,2018-11-03 15:00:00,0.037255633389155725,Neutral,Normal,False,away,-0.11450119416849151,-0.0974624,-0.2681259999999999
Everton,2018,2018-09-29 14:00:00,2018-11-11 14:15:00,-0.2708947481976965,Neutral,Normal,True,home,-0.11450119416849151,-0.2383943999999999,-0.0915965999999999
Everton,2018,2018-10-06 14:00:00,2018-11-24 15:00:00,-0.00595215256816949,Neutral,Normal,False,away,-0.11450119416849151,-0.1172233999999999,0.3746314
Everton,2018,2018-10-21 15:00:00,2018-12-02 16:15:00,0.13045465933720632,Neutral,Normal,False,home,-0.11450119416849151,-0.0548379999999999,0.6350714
Everton,2018,2018-10-28 15:00:00,2018-12-05 19:45:00,0.30788623743877214,Neutral,Normal,False,away,-0.11450119416849151,0.02631,0.7222614
Everton,2018,2018-11-03 15:00:00,2018-12-10 20:00:00,-0.33590343242262527,Neutral,Normal,False,home,-0.11450119416849151,-0.2681259999999999,0.7490234000000001
Everton,2018,2018-11-11 14:15:00,2018-12-15 12:30:00,0.0500813117894636,Neutral,Normal,False,away,-0.11450119416849151,-0.0915965999999999,0.8341179999999999
Everton,2018,2018-11-24 15:00:00,2018-12-23 16:00:00,1.0694973145885087,Weak Long,Normal,True,home,-0.11450119416849151,0.3746314,0.3382280000000001
Everton,2018,2018-12-02 16:15:00,2018-12-26 15:00:00,1.6389541120545192,Strong Long,Normal,True,away,-0.11450119416849151,0.6350714,-0.5302999999999999
Everton,2018,2018-12-05 19:45:00,2018-12-29 15:00:00,1.8295966330615134,Strong Long,Normal,True,home,-0.11450119416849151,0.7222614,-0.6210158
Everton,2018,2018-12-10 20:00:00,2019-01-01 12:30:00,1.8881122328687068,Strong Long,Normal,True,home,-0.11450119416849151,0.7490234000000001,-0.392127
Everton,2018,2018-12-15 12:30:00,2019-01-13 14:15:00,2.074173123659872,Strong Long,Normal,True,away,-0.11450119416849151,0.8341179999999999,-0.5605469999999999
Everton,2018,2018-12-23 16:00:00,2019-01-19 15:00:00,0.9899006183019392,Weak Long,Normal,True,home,-0.11450119416849151,0.3382280000000001,-0.2984509999999999
Everton,2018,2018-12-26 15:00:00,2019-01-29 19:45:00,-0.9091516524305117,Weak Short,Break,False,away,-0.11450119416849151,-0.5302999999999999,0.3360390000000001
Everton,2018,2018-12-29 15:00:00,2019-02-02 15:00:00,-1.1075033992726528,Weak Short,Break,True,away,-0.11450119416849151,-0.6210158,0.2773728
Everton,2018,2019-01-01 12:30:00,2019-02-06 19:45:00,-0.6070338745305306,Weak Short,Break,True,home,-0.11450119416849151,-0.392127,0.1254238
Everton,2018,2019-01-13 14:15:00,2019-02-09 15:00:00,-0.97528726813069,Weak Short,Break,True,home,-0.11450119416849151,-0.5605469999999999,0.2973626
Everton,2018,2019-01-19 15:00:00,2019-02-26 19:45:00,-0.40220959654164223,Neutral,Break,True,away,-0.11450119416849151,-0.2984509999999999,-0.1365513999999999
Everton,2018,2019-01-29 19:45:00,2019-03-03 16:15:00,0.9851143299835047,Weak Long,Normal,True,away,-0.11450119416849151,0.3360390000000001,-0.1001655999999999
Everton,2018,2019-02-02 15:00:00,2019-03-09 15:00:00,0.8568396165312678,Weak Long,Normal,True,home,-0.11450119416849151,0.2773728,-0.3424415999999999
Everton,2018,2019-02-06 19:45:00,2019-03-17 16:30:00,0.5246003640425454,Weak Long,Normal,True,home,-0.11450119416849151,0.1254238,-0.3166913999999999
Everton,2018,2019-02-09 15:00:00,2019-03-30 17:30:00,0.9005476778505201,Weak Long,Normal,True,away,-0.11450119416849151,0.2973626,-0.3129442
Everton,2018,2019-02-26 19:45:00,2019-04-07 14:05:00,-0.04821317614912121,Neutral,Normal,False,away,-0.11450119416849151,-0.1365513999999999,0.3974238
Everton,2018,2019-03-03 16:15:00,2019-04-13 15:00:00,0.03134503741730017,Neutral,Normal,False,home,-0.11450119416849151,-0.1001655999999999,0.6072620000000001
Everton,2018,2019-03-09 15:00:00,2019-04-21 13:30:00,-0.49839584364119793,Neutral,Normal,False,away,-0.11450119416849151,-0.3424415999999999,0.2811140000000001
Everton,2018,2019-03-17 16:30:00,2019-04-27 15:00:00,-0.44209256293888927,Neutral,Normal,False,home,-0.11450119416849151,-0.3166913999999999,0.4634859999999999
Everton,2018,2019-03-30 17:30:00,2019-05-03 19:00:00,-0.43389924197642354,Neutral,Normal,False,away,-0.11450119416849151,-0.3129442,0.284442
Everton,2018,2019-04-07 14:05:00,2019-05-12 14:00:00,1.1193333117877264,Weak Long,Normal,True,home,-0.11450119416849151,0.3974238,-0.040648
Everton,2018,2019-04-13 15:00:00,2019-08-10 15:00:00,1.5781483530948694,Strong Long,Normal,True,away,-0.11450119416849151,0.6072620000000001,-0.053942
Everton,2018,2019-04-21 13:30:00,2019-08-17 15:00:00,0.8650198183845926,Weak Long,Normal,False,home,-0.11450119416849151,0.2811140000000001,0.4085605999999999
Everton,2018,2019-04-27 15:00:00,2019-08-23 20:00:00,1.2637795137749752,Weak Long,Normal,True,away,-0.11450119416849151,0.4634859999999999,0.4294626000000001
Everton,2018,2019-05-03 19:00:00,2019-09-01 14:00:00,0.8722965509217099,Weak Long,Normal,True,home,-0.11450119416849151,0.284442,0.1742246
Everton,2018,2019-05-12 14:00:00,2019-09-15 13:00:00,0.16148135245670653,Neutral,Normal,False,away,-0.11450119416849151,-0.040648,0.2618046000000001
Everton,2019,2019-08-10 15:00:00,2019-09-21 14:00:00,0.07706913891773778,Neutral,Normal,False,away,-0.08823223944850743,-0.053942,0.2689666000000001
Everton,2019,2019-08-17 15:00:00,2019-09-28 16:30:00,1.1165683580101384,Weak Long,Normal,False,home,-0.08823223944850743,0.4085605999999999,0.574092
Everton,2019,2019-08-23 20:00:00,2019-10-05 15:00:00,1.1635467159209252,Weak Long,Normal,False,away,-0.08823223944850743,0.4294626000000001,0.5842020000000001
Everton,2019,2019-09-01 14:00:00,2019-10-19 12:30:00,0.589885720971478,Weak Long,Normal,False,home,-0.08823223944850743,0.1742246,0.9331660000000002
Everton,2019,2019-09-15 13:00:00,2019-10-26 15:00:00,0.7867264341006854,Weak Long,Normal,False,away,-0.08823223944850743,0.2618046000000001,0.6413300000000001
Everton,2019,2019-09-21 14:00:00,2019-11-03 16:30:00,0.8028234104358234,Weak Long,Normal,False,home,-0.08823223944850743,0.2689666000000001,0.420312
Everton,2019,2019-09-28 16:30:00,2019-11-09 15:00:00,1.4886089931012103,Weak Long,Normal,True,home,-0.08823223944850743,0.574092,0.16637
Everton,2019,2019-10-05 15:00:00,2019-11-23 15:00:00,1.511331756400323,Strong Long,Normal,True,away,-0.08823223944850743,0.5842020000000001,0.0674626000000001
Everton,2019,2019-10-19 12:30:00,2019-12-01 16:30:00,2.295646926717983,Strong Long,Normal,True,home,-0.08823223944850743,0.9331660000000002,0.0707866000000001
Everton,2019,2019-10-26 15:00:00,2019-12-04 20:15:00,1.6397299781363968,Strong Long,Normal,True,away,-0.08823223944850743,0.6413300000000001,0.2142466000000001
Everton,2019,2019-11-03 16:30:00,2019-12-07 12:30:00,1.1429802552043218,Weak Long,Normal,True,home,-0.08823223944850743,0.420312,-0.0090333999999998
Everton,2019,2019-11-09 15:00:00,2019-12-15 14:00:00,0.5722320892593898,Weak Long,Normal,True,away,-0.08823223944850743,0.16637,-0.1714475999999999
Everton,2019,2019-11-23 15:00:00,2019-12-21 12:30:00,0.34993244151155106,Neutral,Normal,True,home,-0.08823223944850743,0.0674626000000001,-0.2366815999999999
Everton,2019,2019-12-01 16:30:00,2019-12-26 15:00:00,0.3574033084953543,Neutral,Normal,True,away,-0.08823223944850743,0.0707866000000001,-0.1916115999999999
Everton,2019,2019-12-04 20:15:00,2019-12-28 15:00:00,0.6798372969118427,Weak Long,Normal,True,away,-0.08823223944850743,0.2142466000000001,0.0206344
Everton,2019,2019-12-07 12:30:00,2020-01-01 17:30:00,0.17800360854133165,Neutral,Normal,False,home,-0.08823223944850743,-0.0090333999999998,0.1826388
Everton,2019,2019-12-15 14:00:00,2020-01-11 15:00:00,-0.18703095357684257,Neutral,Normal,False,away,-0.08823223944850743,-0.1714475999999999,0.532353
Everton,2019,2019-12-21 12:30:00,2020-01-18 15:00:00,-0.33364784191060265,Neutral,Normal,False,home,-0.08823223944850743,-0.2366815999999999,0.6259944
Everton,2019,2019-12-26 15:00:00,2020-01-21 19:30:00,-0.23235061719339128,Neutral,Normal,False,home,-0.08823223944850743,-0.1916115999999999,0.5414604000000001
Everton,2019,2019-12-28 15:00:00,2020-02-01 15:00:00,0.24468356868034347,Neutral,Normal,False,away,-0.08823223944850743,0.0206344,0.3166644
Everton,2019,2020-01-01 17:30:00,2020-02-08 12:30:00,0.6087970834790342,Weak Long,Normal,False,away,-0.08823223944850743,0.1826388,0.3050820000000001
Everton,2019,2020-01-11 15:00:00,2020-02-23 16:30:00,1.3947983682405116,Weak Long,Normal,True,home,-0.08823223944850743,0.532353,0.231398
Everton,2019,2020-01-18 15:00:00,2020-03-01 14:00:00,1.6052624006042628,Strong Long,Normal,True,away,-0.08823223944850743,0.6259944,0.32297
Everton,2019,2020-01-21 19:30:00,2020-03-08 14:00:00,1.4152677346569646,Weak Long,Normal,True,home,-0.08823223944850743,0.5414604000000001,0.4016464
Everton,2019,2020-02-01 15:00:00,2020-06-21 18:00:00,0.9100267555682083,Weak Long,Normal,False,away,-0.08823223944850743,0.3166644,0.5855816
Everton,2019,2020-02-08 12:30:00,2020-06-24 17:00:00,0.8839946948722993,Weak Long,Normal,False,home,-0.08823223944850743,0.3050820000000001,0.558358
Everton,2019,2020-02-23 16:30:00,2020-07-01 17:00:00,0.7183859816248397,Weak Long,Normal,False,away,-0.08823223944850743,0.231398,0.26216
Everton,2019,2020-03-01 14:00:00,2020-07-06 19:00:00,0.9241989273049922,Weak Long,Normal,True,home,-0.08823223944850743,0.32297,0.0603944000000001
Everton,2019,2020-03-08 14:00:00,2020-07-09 17:00:00,1.1010283253689195,Weak Long,Normal,True,away,-0.08823223944850743,0.4016464,-0.0945015999999999
Everton,2019,2020-06-21 18:00:00,2020-07-12 11:00:00,1.5144324808560554,Strong Long,Normal,True,home,-0.08823223944850743,0.5855816,-0.1614805999999999
Everton,2019,2020-06-24 17:00:00,2020-07-16 17:00:00,1.4532459903565773,Weak Long,Normal,True,away,-0.08823223944850743,0.558358,-0.1035761999999999
Everton,2019,2020-07-01 17:00:00,2020-07-20 17:00:00,0.7875252145236826,Weak Long,Normal,True,home,-0.08823223944850743,0.26216,-0.0137973999999999
Everton,2019,2020-07-06 19:00:00,2020-07-26 15:00:00,0.33404628567072137,Neutral,Normal,True,away,-0.08823223944850743,0.0603944000000001,0.0548482
Everton,2019,2020-07-09 17:00:00,2020-09-13 15:30:00,-0.014090721646721812,Neutral,Normal,False,home,-0.08823223944850743,-0.0945015999999999,0.1741458
Everton,2019,2020-07-12 11:00:00,2020-09-19 11:30:00,-0.16462959039165406,Neutral,Normal,True,away,-0.08823223944850743,-0.1614805999999999,-0.0506583999999999
Everton,2019,2020-07-16 17:00:00,2020-09-26 14:00:00,-0.034486368316764104,Neutral,Normal,False,home,-0.08823223944850743,-0.1035761999999999,0.0148328
Everton,2019,2020-07-20 17:00:00,2020-10-03 14:00:00,0.16729626488584454,Neutral,Normal,False,away,-0.08823223944850743,-0.0137973999999999,-0.2420619999999999
Everton,2019,2020-07-26 15:00:00,2020-10-17 11:30:00,0.32158090586760163,Neutral,Normal,False,home,-0.08823223944850743,0.0548482,-0.5194639999999999
Everton,2020,2020-09-13 15:30:00,2020-10-25 14:00:00,0.4385677146138258,Neutral,Normal,False,away,-0.017038318735397094,0.1741458,-0.5156392
Everton,2020,2020-09-19 11:30:00,2020-11-01 14:00:00,-0.07712294464037,Neutral,Normal,False,home,-0.017038318735397094,-0.0506583999999999,-0.3045371999999999
Everton,2020,2020-09-26 14:00:00,2020-11-07 12:30:00,0.07311090376347812,Neutral,Normal,False,away,-0.017038318735397094,0.0148328,-0.4836223999999999
Everton,2020,2020-10-03 14:00:00,2020-11-22 12:00:00,-0.5161941393405866,Weak Short,Break,False,home,-0.017038318735397094,-0.2420619999999999,-0.3015303999999999
Everton,2020,2020-10-17 11:30:00,2020-11-28 17:30:00,-1.152541771005976,Weak Short,Break,True,home,-0.017038318735397094,-0.5194639999999999,0.0849316
Everton,2020,2020-10-25 14:00:00,2020-12-05 12:30:00,-1.1437678529318678,Weak Short,Break,True,away,-0.017038318735397094,-0.5156392,0.2837988000000001
Everton,2020,2020-11-01 14:00:00,2020-12-12 20:00:00,-0.659509420260773,Weak Short,Break,False,away,-0.017038318735397094,-0.3045371999999999,0.2845088000000001
Everton,2020,2020-11-07 12:30:00,2020-12-16 18:00:00,-1.0703227629415129,Weak Short,Break,True,home,-0.017038318735397094,-0.4836223999999999,0.3121880000000001
Everton,2020,2020-11-22 12:00:00,2020-12-19 17:30:00,-0.6526119571606819,Weak Short,Break,True,away,-0.017038318735397094,-0.3015303999999999,0.1943768000000001
Everton,2020,2020-11-28 17:30:00,2020-12-26 20:00:00,0.23391437800874595,Neutral,Normal,False,home,-0.017038318735397094,0.0849316,-0.1503205999999998
Everton,2020,2020-12-05 12:30:00,2021-01-01 17:30:00,0.6901067332762902,Weak Long,Normal,False,away,-0.017038318735397094,0.2837988000000001,-0.3323895999999998
Everton,2020,2020-12-12 20:00:00,2021-01-12 20:15:00,0.6917354411388236,Weak Long,Normal,False,home,-0.017038318735397094,0.2845088000000001,-0.7120205999999999
Everton,2020,2020-12-16 18:00:00,2021-01-27 20:15:00,0.7552302730664687,Weak Long,Normal,False,away,-0.017038318735397094,0.3121880000000001,-0.7199963999999999
Everton,2020,2020-12-19 17:30:00,2021-01-30 12:30:00,0.48497671287707755,Neutral,Normal,False,home,-0.017038318735397094,0.1943768000000001,-0.2591427999999999
Everton,2020,2020-12-26 20:00:00,2021-02-03 19:30:00,-0.3057435203267828,Neutral,Normal,False,away,-0.017038318735397094,-0.1503205999999998,-0.1898253999999999
Everton,2020,2021-01-01 17:30:00,2021-02-06 20:00:00,-0.7234015651486867,Weak Short,Break,False,home,-0.017038318735397094,-0.3323895999999998,-0.5526144
Everton,2020,2021-01-12 20:15:00,2021-02-14 19:00:00,-1.594257895516757,Strong Short,Break,True,away,-0.017038318735397094,-0.7120205999999999,-0.1544883999999999
Everton,2020,2021-01-27 20:15:00,2021-02-17 20:15:00,-1.6125540196998445,Strong Short,Break,True,home,-0.017038318735397094,-0.7199963999999999,-0.0401565999999999
Everton,2020,2021-01-30 12:30:00,2021-02-20 17:30:00,-0.5553767213946099,Weak Short,Break,True,home,-0.017038318735397094,-0.2591427999999999,-0.2304229999999999
Everton,2020,2021-02-03 19:30:00,2021-03-01 20:00:00,-0.396365743380023,Neutral,Break,True,away,-0.017038318735397094,-0.1898253999999999,-0.1293929999999999
Everton,2020,2021-02-06 20:00:00,2021-03-04 18:00:00,-1.2285872880850177,Weak Short,Break,True,away,-0.017038318735397094,-0.5526144,0.240765
Everton,2020,2021-02-14 19:00:00,2021-03-08 18:00:00,-0.3153042648753263,Neutral,Normal,False,home,-0.017038318735397094,-0.1544883999999999,0.2321014
Everton,2020,2021-02-17 20:15:00,2021-03-13 17:30:00,-0.05303229079424205,Neutral,Normal,False,home,-0.017038318735397094,-0.0401565999999999,0.3624714
Everton,2020,2021-02-20 17:30:00,2021-04-05 17:00:00,-0.4894948001687225,Neutral,Normal,False,away,-0.017038318735397094,-0.2304229999999999,0.6663074
Everton,2020,2021-03-01 20:00:00,2021-04-12 19:15:00,-0.25773655319446026,Neutral,Normal,False,home,-0.017038318735397094,-0.1293929999999999,0.6434568
Everton,2020,2021-03-04 18:00:00,2021-04-16 19:00:00,0.5913891439598395,Weak Long,Normal,False,away,-0.017038318735397094,0.240765,0.6139228
Everton,2020,2021-03-08 18:00:00,2021-04-23 19:00:00,0.5715152377093574,Weak Long,Normal,False,away,-0.017038318735397094,0.2321014,0.4657066
Everton,2020,2021-03-13 17:30:00,2021-05-01 19:00:00,0.8705781166367508,Weak Long,Normal,False,home,-0.017038318735397094,0.3624714,0.3706086
Everton,2020,2021-04-05 17:00:00,2021-05-09 15:30:00,1.567564147792565,Strong Long,Normal,True,home,-0.017038318735397094,0.6663074,0.1762806
Everton,2020,2021-04-12 19:15:00,2021-05-13 21:00:00,1.515145905702987,Strong Long,Normal,True,away,-0.017038318735397094,0.6434568,0.3101048
Everton,2020,2021-04-16 19:00:00,2021-05-16 18:00:00,1.447396246531079,Weak Long,Normal,True,home,-0.017038318735397094,0.6139228,0.5072788000000001
Everton,2020,2021-04-23 19:00:00,2021-05-19 17:00:00,1.1073949925947568,Weak Long,Normal,False,away,-0.017038318735397094,0.4657066,0.535543
Everton,2020,2021-05-01 19:00:00,2021-05-23 15:00:00,0.8892444851142225,Weak Long,Normal,False,home,-0.017038318735397094,0.3706086,0.7054590000000001
Everton,2020,2021-05-09 15:30:00,2021-08-14 14:00:00,0.443464849184158,Neutral,Normal,False,away,-0.017038318735397094,0.1762806,0.470741
Everton,2020,2021-05-13 21:00:00,2021-08-21 14:00:00,0.7504515065605121,Weak Long,Normal,True,away,-0.017038318735397094,0.3101048,0.2470854
Everton,2020,2021-05-16 18:00:00,2021-08-28 14:00:00,1.2027597376691253,Weak Long,Normal,True,home,-0.017038318735397094,0.5072788000000001,-0.0923965999999999
Everton,2020,2021-05-19 17:00:00,2021-09-13 19:00:00,1.267596533117308,Weak Long,Normal,True,home,-0.017038318735397094,0.535543,-0.2658239999999999
Everton,2020,2021-05-23 15:00:00,2021-09-18 16:30:00,1.6573761460330634,Strong Long,Normal,True,away,-0.017038318735397094,0.7054590000000001,-0.329333
Everton,2021,2021-08-14 14:00:00,2021-09-25 14:00:00,1.0698513174974555,Weak Long,Normal,True,home,0.006884491148014372,0.470741,-0.153697
Everton,2021,2021-08-21 14:00:00,2021-10-02 11:30:00,0.5540059347995133,Weak Long,Normal,True,away,0.006884491148014372,0.2470854,-0.060701
Everton,2021,2021-08-28 14:00:00,2021-10-17 13:00:00,-0.22898461946813178,Neutral,Normal,False,away,0.006884491148014372,-0.0923965999999999,0.2003959999999999
Everton,2021,2021-09-13 19:00:00,2021-10-23 14:00:00,-0.6289823102181469,Weak Short,Normal,False,home,0.006884491148014372,-0.2658239999999999,0.4078019999999999
Everton,2021,2021-09-18 16:30:00,2021-11-01 20:00:00,-0.7754612019148612,Weak Short,Normal,False,away,0.006884491148014372,-0.329333,0.396329
Everton,2021,2021-09-25 14:00:00,2021-11-07 14:00:00,-0.370369535819598,Neutral,Normal,False,home,0.006884491148014372,-0.153697,0.4625481999999999
Everton,2021,2021-10-02 11:30:00,2021-11-21 14:00:00,-0.15588102218802416,Neutral,Normal,False,away,0.006884491148014372,-0.060701,0.451505
Everton,2021,2021-10-17 13:00:00,2021-11-28 14:00:00,0.44632022779759906,Neutral,Normal,False,home,0.006884491148014372,0.2003959999999999,0.474287
Everton,2021,2021-10-23 14:00:00,2021-12-01 20:15:00,0.9246870893644428,Weak Long,Normal,False,home,0.006884491148014372,0.4078019999999999,0.4085615999999999
Everton,2021,2021-11-01 20:00:00,2021-12-06 20:00:00,0.8982254488971643,Weak Long,Normal,True,away,0.006884491148014372,0.396329,0.0812436
Everton,2021,2021-11-07 14:00:00,2021-12-12 16:30:00,1.0509552198751837,Weak Long,Normal,True,home,0.006884491148014372,0.4625481999999999,0.0167744
Everton,2021,2021-11-21 14:00:00,2021-12-16 19:45:00,1.0254848818634825,Weak Long,Normal,True,away,0.006884491148014372,0.451505,-0.1110987999999999
Everton,2021,2021-11-28 14:00:00,2022-01-02 14:00:00,1.0780299087200624,Weak Long,Normal,True,away,0.006884491148014372,0.474287,-0.3393178
Everton,2021,2021-12-01 20:15:00,2022-01-15 15:00:00,0.9264390515451231,Weak Long,Normal,True,home,0.006884491148014372,0.4085615999999999,-0.333565
Everton,2021,2021-12-06 20:00:00,2022-01-22 12:30:00,0.17150387901233174,Neutral,Normal,False,home,0.006884491148014372,0.0812436,0.1018989999999999
Everton,2021,2021-12-12 16:30:00,2022-02-08 19:45:00,0.022810355817606584,Neutral,Normal,True,away,0.006884491148014372,0.0167744,0.0115083999999999
Everton,2021,2021-12-16 19:45:00,2022-02-12 15:00:00,-0.27211988420683475,Neutral,Normal,True,away,0.006884491148014372,-0.1110987999999999,0.0031247999999999
Everton,2021,2022-01-02 14:00:00,2022-02-19 15:00:00,-0.7984904172672262,Weak Short,Normal,True,home,0.006884491148014372,-0.3393178,0.0777107999999999
Everton,2021,2022-01-15 15:00:00,2022-02-26 17:30:00,-0.7852220022685197,Weak Short,Normal,True,away,0.006884491148014372,-0.333565,0.3236692
Everton,2021,2022-01-22 12:30:00,2022-03-07 20:00:00,0.21914405756265207,Neutral,Normal,False,home,0.006884491148014372,0.1018989999999999,0.1176417999999999
Everton,2021,2022-02-08 19:45:00,2022-03-13 14:00:00,0.010664709630847055,Neutral,Normal,False,away,0.006884491148014372,0.0115083999999999,0.232374
Everton,2021,2022-02-12 15:00:00,2022-03-17 19:45:00,-0.008671454321168755,Neutral,Normal,False,home,0.006884491148014372,0.0031247999999999,0.2570138
Everton,2021,2022-02-19 15:00:00,2022-04-03 13:00:00,0.16335573263014708,Neutral,Normal,False,away,0.006884491148014372,0.0777107999999999,0.148601
Everton,2021,2022-02-26 17:30:00,2022-04-06 18:30:00,0.7306409022202381,Weak Long,Normal,True,home,0.006884491148014372,0.3236692,0.0575851999999999
Everton,2021,2022-03-07 20:00:00,2022-04-09 11:30:00,0.2554536813357083,Neutral,Normal,False,away,0.006884491148014372,0.1176417999999999,-0.1126084
Everton,2021,2022-03-13 14:00:00,2022-04-20 18:45:00,0.5200751601485656,Weak Long,Normal,True,home,0.006884491148014372,0.232374,-0.054424
Everton,2021,2022-03-17 19:45:00,2022-04-24 15:30:00,0.5769050676518911,Weak Long,Normal,True,home,0.006884491148014372,0.2570138,0.0888063999999999
Everton,2021,2022-04-03 13:00:00,2022-05-01 13:00:00,0.3268588255486061,Neutral,Normal,False,away,0.006884491148014372,0.148601,0.1806611999999999
Everton,2021,2022-04-06 18:30:00,2022-05-08 13:00:00,0.11693749926587761,Neutral,Normal,True,away,0.006884491148014372,0.0575851999999999,0.0287831999999999
Everton,2021,2022-04-09 11:30:00,2022-05-11 18:45:00,-0.27560166686607,Neutral,Normal,False,home,0.006884491148014372,-0.1126084,0.3197628
Everton,2021,2022-04-20 18:45:00,2022-05-15 15:30:00,-0.141403577996173,Neutral,Normal,False,home,0.006884491148014372,-0.054424,0.3213027999999999
Everton,2021,2022-04-24 15:30:00,2022-05-19 18:45:00,0.18894692743261696,Neutral,Normal,False,away,0.006884491148014372,0.0888063999999999,-0.201058
Everton,2021,2022-05-01 13:00:00,2022-05-22 15:00:00,0.40080334622402186,Neutral,Normal,False,home,0.006884491148014372,0.1806611999999999,-0.20728
Everton,2021,2022-05-08 13:00:00,2022-08-06 16:30:00,0.05050778003476456,Neutral,Normal,True,away,0.006884491148014372,0.0287831999999999,-0.0101534
Everton,2021,2022-05-11 18:45:00,2022-08-13 11:30:00,0.721631074597003,Weak Long,Normal,True,away,0.006884491148014372,0.3197628,-0.097578
Everton,2021,2022-05-15 15:30:00,2022-08-20 14:00:00,0.7251829726463018,Weak Long,Normal,True,home,0.006884491148014372,0.3213027999999999,-0.14994
Everton,2021,2022-05-19 18:45:00,2022-08-27 14:00:00,-0.47960423939937524,Neutral,Normal,False,home,0.006884491148014372,-0.201058,0.4183586
Everton,2021,2022-05-22 15:00:00,2022-08-30 19:00:00,-0.4939548300894657,Neutral,Normal,False,away,0.006884491148014372,-0.20728,0.4355346000000001
Everton,2022,2022-08-06 16:30:00,2022-09-03 11:30:00,-0.029464022350826808,Neutral,Normal,False,home,0.0018332580898258038,-0.0101534,0.605476
Everton,2022,2022-08-13 11:30:00,2022-09-18 13:15:00,-0.24435964622771736,Neutral,Normal,False,away,0.0018332580898258038,-0.097578,0.410008
Everton,2022,2022-08-20 14:00:00,2022-10-01 14:00:00,-0.37306901015322275,Neutral,Normal,False,home,0.0018332580898258038,-0.14994,0.32315
Everton,2022,2022-08-27 14:00:00,2022-10-09 18:00:00,1.0238476722835683,Weak Long,Normal,True,away,0.0018332580898258038,0.4183586,0.0653888
Everton,2022,2022-08-30 19:00:00,2022-10-15 16:30:00,1.0660674506492627,Weak Long,Normal,True,away,0.0018332580898258038,0.4355346000000001,0.1430186
Everton,2022,2022-09-03 11:30:00,2022-10-19 18:30:00,1.4837949915875361,Weak Long,Normal,True,home,0.0018332580898258038,0.605476,-0.12312806
Everton,2022,2022-09-18 13:15:00,2022-10-22 14:00:00,1.003321328477061,Weak Long,Normal,True,home,0.0018332580898258038,0.410008,-0.21588206
Everton,2022,2022-10-01 14:00:00,2022-10-29 16:30:00,0.7898184460080653,Weak Long,Normal,True,away,0.0018332580898258038,0.32315,0.0224919399999999
Everton,2022,2022-10-09 18:00:00,2022-11-05 17:30:00,0.15622385266413286,Neutral,Normal,False,home,0.0018332580898258038,0.0653888,0.42390314
Everton,2022,2022-10-15 16:30:00,2022-11-12 15:00:00,0.34704319072731227,Neutral,Normal,False,away,0.0018332580898258038,0.1430186,0.46564654
Everton,2022,2022-10-19 18:30:00,2022-12-26 15:00:00,-0.3071634346784736,Neutral,Normal,False,away,0.0018332580898258038,-0.12312806,0.4987611999999998
Everton,2022,2022-10-22 14:00:00,2022-12-31 15:00:00,-0.5351590868985251,Weak Short,Normal,False,home,0.0018332580898258038,-0.21588206,0.5271695799999999
Everton,2022,2022-10-29 16:30:00,2023-01-03 19:45:00,0.050780447809439175,Neutral,Normal,False,away,0.0018332580898258038,0.0224919399999999,0.3226295799999999
Everton,2022,2022-11-05 17:30:00,2023-01-14 15:00:00,1.0374765294062815,Weak Long,Normal,True,home,0.0018332580898258038,0.42390314,0.0844315799999999
Everton,2022,2022-11-12 15:00:00,2023-01-21 15:00:00,1.1400846509846772,Weak Long,Normal,True,away,0.0018332580898258038,0.46564654,-0.01195442
Everton,2022,2022-12-26 15:00:00,2023-02-04 12:30:00,1.2214827416842178,Weak Long,Normal,True,home,0.0018332580898258038,0.4987611999999998,0.16112158
Everton,2022,2022-12-31 15:00:00,2023-02-13 20:00:00,1.2913124754597434,Weak Long,Normal,True,away,0.0018332580898258038,0.5271695799999999,0.4263873999999999
Everton,2022,2023-01-03 19:45:00,2023-02-18 15:00:00,0.7885392181868568,Weak Long,Normal,False,home,0.0018332580898258038,0.3226295799999999,0.5002174
Everton,2022,2023-01-14 15:00:00,2023-02-25 15:00:00,0.20303230347146112,Neutral,Normal,False,home,0.0018332580898258038,0.0844315799999999,0.7720534
Everton,2022,2023-01-21 15:00:00,2023-03-01 20:00:00,-0.0338910522316013,Neutral,Normal,False,away,0.0018332580898258038,-0.01195442,1.0354882
Everton,2022,2023-02-04 12:30:00,2023-03-05 14:00:00,0.3915415490970488,Neutral,Normal,False,home,0.0018332580898258038,0.16112158,0.7588602000000001
Everton,2022,2023-02-13 20:00:00,2023-03-11 15:00:00,1.0435830097627532,Weak Long,Normal,False,away,0.0018332580898258038,0.4263873999999999,0.8215920000000001
Everton,2022,2023-02-18 15:00:00,2023-03-18 17:30:00,1.2250621805090975,Weak Long,Normal,False,home,0.0018332580898258038,0.5002174,0.6433199999999999
Everton,2022,2023-02-25 15:00:00,2023-04-03 19:00:00,1.8932535913042103,Strong Long,Normal,True,home,0.0018332580898258038,0.7720534,0.299775
Everton,2022,2023-03-01 20:00:00,2023-04-08 11:30:00,2.540794280044953,Strong Long,Normal,True,away,0.0018332580898258038,1.0354882,0.1688115999999999
Everton,2022,2023-03-05 14:00:00,2023-04-15 14:00:00,1.8608238067248977,Strong Long,Normal,True,away,0.0018332580898258038,0.7588602000000001,0.4755815999999999
Everton,2022,2023-03-11 15:00:00,2023-04-22 14:00:00,2.0150228456443817,Strong Long,Normal,True,home,0.0018332580898258038,0.8215920000000001,0.419126
Everton,2022,2023-03-18 17:30:00,2023-04-27 18:45:00,1.5768181222623923,Strong Long,Normal,True,away,0.0018332580898258038,0.6433199999999999,0.4451776
Everton,2022,2023-04-03 19:00:00,2023-05-01 19:00:00,0.7323611032450179,Weak Long,Normal,False,home,0.0018332580898258038,0.299775,0.7378006000000001
Everton,2022,2023-04-08 11:30:00,2023-05-08 16:30:00,0.4104441422519016,Neutral,Normal,True,away,0.0018332580898258038,0.1688115999999999,0.1364099999999999
Everton,2022,2023-04-15 14:00:00,2023-05-14 13:00:00,1.1645057054356476,Weak Long,Normal,True,home,0.0018332580898258038,0.4755815999999999,0.1250799999999999
Everton,2022,2023-04-22 14:00:00,2023-05-20 14:00:00,1.0257339937738938,Weak Long,Normal,True,away,0.0018332580898258038,0.419126,0.3322895999999999
Everton,2022,2023-04-27 18:45:00,2023-05-28 15:30:00,1.089770601719383,Weak Long,Normal,True,home,0.0018332580898258038,0.4451776,0.4027539999999999
Everton,2022,2023-05-01 19:00:00,2023-08-12 14:00:00,1.80905787493227,Strong Long,Normal,True,away,0.0018332580898258038,0.7378006000000001,0.6634599999999999
Everton,2022,2023-05-08 16:30:00,2023-08-20 13:00:00,0.33079880161998054,Neutral,Normal,False,away,0.0018332580898258038,0.1364099999999999,1.219307
Everton,2022,2023-05-14 13:00:00,2023-08-26 14:00:00,0.30294888959836225,Neutral,Normal,False,home,0.0018332580898258038,0.1250799999999999,1.361697
Everton,2022,2023-05-20 14:00:00,2023-09-02 11:30:00,0.8122842055767132,Weak Long,Normal,False,away,0.0018332580898258038,0.3322895999999999,1.215487
Everton,2022,2023-05-28 15:30:00,2023-09-17 15:30:00,0.9854905021924342,Weak Long,Normal,False,home,0.0018332580898258038,0.4027539999999999,1.246255
Everton,2023,2023-08-12 14:00:00,2023-09-23 16:30:00,1.491678784700418,Weak Long,Normal,True,home,0.05421075188451009,0.6634599999999999,0.631247
Everton,2023,2023-08-20 13:00:00,2023-09-30 14:00:00,2.8526081252027793,Strong Long,Normal,True,away,0.05421075188451009,1.219307,1.017708
Everton,2023,2023-08-26 14:00:00,2023-10-07 14:00:00,3.20123414782075,Strong Long,Normal,True,home,0.05421075188451009,1.361697,0.6710880000000001
Everton,2023,2023-09-02 11:30:00,2023-10-21 11:30:00,2.843255281559261,Strong Long,Normal,True,away,0.05421075188451009,1.215487,0.5421005000000001
Everton,2023,2023-09-17 15:30:00,2023-10-29 13:00:00,2.9185872954921894,Strong Long,Normal,True,home,0.05421075188451009,1.246255,0.4322291000000001
Everton,2023,2023-09-23 16:30:00,2023-11-04 15:00:00,1.4128088495463154,Weak Long,Normal,True,away,0.05421075188451009,0.631247,0.4527565000000001
Everton,2023,2023-09-30 14:00:00,2023-11-11 15:00:00,2.359015474498655,Strong Long,Normal,True,home,0.05421075188451009,1.017708,-0.3199174999999999
Everton,2023,2023-10-07 14:00:00,2023-11-26 16:30:00,1.5103550913267958,Strong Long,Normal,True,home,0.05421075188451009,0.6710880000000001,0.1466465
Everton,2023,2023-10-21 11:30:00,2023-12-02 17:30:00,1.1945435940837623,Weak Long,Normal,True,away,0.05421075188451009,0.5421005000000001,0.0526498
Everton,2023,2023-10-29 13:00:00,2023-12-07 19:30:00,0.9255357341113758,Weak Long,Normal,True,away,0.05421075188451009,0.4322291000000001,0.0966732
Everton,2023,2023-11-04 15:00:00,2023-12-10 14:00:00,0.9757947819145091,Weak Long,Normal,True,home,0.05421075188451009,0.4527565000000001,-0.0039741999999999
Everton,2023,2023-11-11 15:00:00,2023-12-16 17:30:00,-0.916011267669858,Weak Short,Normal,True,away,0.05421075188451009,-0.3199174999999999,0.2825558000000001
Everton,2023,2023-11-26 16:30:00,2023-12-23 15:00:00,0.22631861235493958,Neutral,Normal,True,home,0.05421075188451009,0.1466465,-0.0202021999999999
Everton,2023,2023-12-02 17:30:00,2023-12-27 20:15:00,-0.0038218164688164943,Neutral,Normal,False,away,0.05421075188451009,0.0526498,0.102098
Everton,2023,2023-12-07 19:30:00,2023-12-30 15:00:00,0.10396456490712269,Neutral,Normal,False,home,0.05421075188451009,0.0966732,0.2152402
Everton,2023,2023-12-10 14:00:00,2024-01-14 14:00:00,-0.14245936057107048,Neutral,Normal,False,home,0.05421075188451009,-0.0039741999999999,0.5996942000000001
Everton,2023,2023-12-16 17:30:00,2024-01-30 19:45:00,0.5590773643444937,Weak Long,Normal,False,away,0.05421075188451009,0.2825558000000001,1.1217182
Everton,2023,2023-12-23 15:00:00,2024-02-03 12:30:00,-0.1821918073373071,Neutral,Normal,False,away,0.05421075188451009,-0.0202021999999999,1.1767102
Everton,2023,2023-12-27 20:15:00,2024-02-10 12:30:00,0.11724658223627478,Neutral,Normal,False,home,0.05421075188451009,0.102098,1.1680666
Everton,2023,2023-12-30 15:00:00,2024-02-19 20:00:00,0.39426263094929526,Neutral,Normal,False,away,0.05421075188451009,0.2152402,1.3533144
Everton,2023,2024-01-14 14:00:00,2024-02-24 15:00:00,1.335555340406205,Weak Long,Normal,False,home,0.05421075188451009,0.5996942000000001,1.0033174
Everton,2023,2024-01-30 19:45:00,2024-03-02 15:00:00,2.6136728404492113,Strong Long,Normal,True,away,0.05421075188451009,1.1217182,0.8608334000000001
Everton,2023,2024-02-03 12:30:00,2024-03-09 12:30:00,2.748314614701669,Strong Long,Normal,True,home,0.05421075188451009,1.1767102,0.9733514
Everton,2023,2024-02-10 12:30:00,2024-03-30 15:00:00,2.727151724828077,Strong Long,Normal,True,away,0.05421075188451009,1.1680666,0.921693
Everton,2023,2024-02-19 20:00:00,2024-04-02 18:30:00,3.1807102873165194,Strong Long,Normal,True,home,0.05421075188451009,1.3533144,0.7721850000000001
Everton,2023,2024-02-24 15:00:00,2024-04-06 14:00:00,2.3237816965571834,Strong Long,Normal,True,away,0.05421075188451009,1.0033174,0.8468228000000002
Everton,2023,2024-03-02 15:00:00,2024-04-15 19:00:00,1.974925525430707,Strong Long,Normal,True,home,0.05421075188451009,0.8608334000000001,0.6662548000000001
Everton,2023,2024-03-09 12:30:00,2024-04-21 12:30:00,2.2504132901117155,Strong Long,Normal,True,away,0.05421075188451009,0.9733514,-0.0033785999999998
Everton,2023,2024-03-30 15:00:00,2024-04-24 19:00:00,2.1239334633906806,Strong Long,Normal,True,away,0.05421075188451009,0.921693,-0.0119125999999998
Everton,2023,2024-04-02 18:30:00,2024-04-27 16:30:00,1.757879812224394,Strong Long,Normal,True,away,0.05421075188451009,0.7721850000000001,-0.1087825999999998
Everton,2023,2024-04-06 14:00:00,2024-05-03 19:00:00,1.9406221350768107,Strong Long,Normal,True,home,0.05421075188451009,0.8468228000000002,0.0051666000000001
Everton,2023,2024-04-15 19:00:00,2024-05-11 14:00:00,1.498521540568195,Weak Long,Normal,True,away,0.05421075188451009,0.6662548000000001,-0.0735933999999998
Everton,2023,2024-04-21 12:30:00,2024-05-19 15:00:00,-0.14100110044696557,Neutral,Normal,False,home,0.05421075188451009,-0.0033785999999998,0.1647408
Everton,2023,2024-04-24 19:00:00,2024-08-17 14:00:00,-0.16189564695319328,Neutral,Normal,False,home,0.05421075188451009,-0.0119125999999998,0.2675838
Everton,2023,2024-04-27 16:30:00,2024-08-24 14:00:00,-0.3990710301332118,Neutral,Normal,False,home,0.05421075188451009,-0.1087825999999998,0.3545596000000001
Everton,2023,2024-05-03 19:00:00,2024-08-31 14:00:00,-0.12007913199078854,Neutral,Normal,False,away,0.05421075188451009,0.0051666000000001,0.4198996000000001
Everton,2023,2024-05-11 14:00:00,2024-09-14 16:30:00,-0.3129142014576847,Neutral,Normal,True,home,0.05421075188451009,-0.0735933999999998,0.0255092000000001
Everton,2023,2024-05-19 15:00:00,2024-09-21 14:00:00,0.2706204863703644,Neutral,Normal,False,away,0.05421075188451009,0.1647408,0.2572824000000001
Everton,2024,2024-08-17 14:00:00,2024-09-28 14:00:00,0.3539497307143191,Neutral,Normal,True,home,0.11007396994054529,0.2675838,-0.0018645999999998
Everton,2024,2024-08-24 14:00:00,2024-10-05 16:30:00,0.5493982368617906,Weak Long,Normal,True,away,0.11007396994054529,0.3545596000000001,0.0068044
Everton,2024,2024-08-31 14:00:00,2024-10-19 14:00:00,0.6962276467858818,Weak Long,Normal,True,home,0.11007396994054529,0.4198996000000001,-0.1828455999999999
Everton,2024,2024-09-14 16:30:00,2024-10-26 16:30:00,-0.1900305367422218,Neutral,Normal,False,away,0.11007396994054529,0.0255092000000001,0.0236918
Everton,2024,2024-09-21 14:00:00,2024-11-02 15:00:00,0.330800840549152,Neutral,Normal,True,away,0.11007396994054529,0.2572824000000001,0.2160998
Everton,2024,2024-09-28 14:00:00,2024-11-09 15:00:00,-0.2515438348961868,Neutral,Normal,False,home,0.11007396994054529,-0.0018645999999998,0.5673784000000001
Everton,2024,2024-10-05 16:30:00,2024-11-23 15:00:00,-0.23206320810353426,Neutral,Normal,False,home,0.11007396994054529,0.0068044,0.7479556
Everton,2024,2024-10-19 14:00:00,2024-12-01 13:30:00,-0.6582370310619652,Weak Short,Normal,False,away,0.11007396994054529,-0.1828455999999999,0.9796974
Everton,2024,2024-10-26 16:30:00,2024-12-04 19:30:00,-0.19411452464543666,Neutral,Normal,False,home,0.11007396994054529,0.0236918,0.5025364
Everton,2024,2024-11-02 15:00:00,2024-12-14 15:00:00,0.23825696455986695,Neutral,Normal,True,away,0.11007396994054529,0.2160998,0.1718076
Everton,2024,2024-11-09 15:00:00,2024-12-22 14:00:00,1.0276360517493506,Weak Long,Normal,True,away,0.11007396994054529,0.5673784000000001,0.212773
Everton,2024,2024-11-23 15:00:00,2024-12-26 12:30:00,1.4334218448583895,Weak Long,Normal,True,home,0.11007396994054529,0.7479556,-0.1755891999999999
Everton,2024,2024-12-01 13:30:00,2024-12-29 15:00:00,1.9541826613375255,Strong Long,Normal,True,away,0.11007396994054529,0.9796974,-0.2059007999999999
Everton,2024,2024-12-04 19:30:00,2025-01-04 15:00:00,0.881925727318712,Weak Long,Normal,True,home,0.11007396994054529,0.5025364,0.4064942000000001
Everton,2024,2024-12-14 15:00:00,2025-01-15 19:30:00,0.1387253209994165,Neutral,Normal,False,away,0.11007396994054529,0.1718076,0.6263130000000001
Everton,2024,2024-12-22 14:00:00,2025-01-19 14:00:00,0.230781113918063,Neutral,Normal,False,home,0.11007396994054529,0.212773,0.3243290000000001
Everton,2024,2024-12-26 12:30:00,2025-01-25 15:00:00,-0.6419307419561621,Weak Short,Normal,True,away,0.11007396994054529,-0.1755891999999999,0.3678478000000001
Everton,2024,2024-12-29 15:00:00,2025-02-01 15:00:00,-0.7100457456576479,Weak Short,Normal,True,home,0.11007396994054529,-0.2059007999999999,0.0673316000000001
Everton,2024,2025-01-04 15:00:00,2025-02-12 19:30:00,0.6661035731434511,Weak Long,Normal,False,away,0.11007396994054529,0.4064942000000001,-0.2627667999999999
Everton,2024,2025-01-15 19:30:00,2025-02-15 17:30:00,1.1600715054088602,Weak Long,Normal,False,home,0.11007396994054529,0.6263130000000001,-0.7058888
Everton,2024,2025-01-19 14:00:00,2025-02-22 12:30:00,0.48146525308996274,Neutral,Normal,False,home,0.11007396994054529,0.3243290000000001,-0.5971787999999999
Everton,2024,2025-01-25 15:00:00,2025-02-26 19:30:00,0.5792589433961235,Weak Long,Normal,False,away,0.11007396994054529,0.3678478000000001,-0.4814453999999999
Everton,2024,2025-02-01 15:00:00,2025-03-08 20:00:00,-0.0960489280246015,Neutral,Normal,False,home,0.11007396994054529,0.0673316000000001,-0.2305274
Everton,2024,2025-02-12 19:30:00,2025-03-15 15:00:00,-0.8378327249160405,Weak Short,Break,True,home,0.11007396994054529,-0.2627667999999999,0.025168
Everton,2024,2025-02-15 17:30:00,2025-04-02 20:00:00,-1.8335985924456264,Strong Short,Break,True,away,0.11007396994054529,-0.7058888,0.3866652
Everton,2024,2025-02-22 12:30:00,2025-04-05 11:30:00,-1.5893098695676349,Strong Short,Break,True,home,0.11007396994054529,-0.5971787999999999,0.4115272000000001
Everton,2024,2025-02-26 19:30:00,2025-04-12 14:00:00,-1.3292384457765603,Weak Short,Break,True,away,0.11007396994054529,-0.4814453999999999,0.3736892000000001
Everton,2024,2025-03-08 20:00:00,2025-04-19 14:00:00,-0.7653856468886954,Weak Short,Break,False,away,0.11007396994054529,-0.2305274,0.4636152000000001
Everton,2024,2025-03-15 15:00:00,2025-04-26 11:30:00,-0.19079726760641091,Neutral,Normal,False,home,0.11007396994054529,0.025168,0.6091828
Everton,2024,2025-04-02 20:00:00,2025-05-03 14:00:00,0.6215446449312563,Weak Long,Normal,True,away,0.11007396994054529,0.3866652,0.2062518
Everton,2024,2025-04-05 11:30:00,2025-05-10 14:00:00,0.6774135275381244,Weak Long,Normal,True,home,0.11007396994054529,0.4115272000000001,-0.1742901999999999
Everton,2024,2025-04-12 14:00:00,2025-05-18 11:00:00,0.5923855016319757,Weak Long,Normal,True,away,0.11007396994054529,0.3736892000000001,-0.0907761999999999
Everton,2024,2025-04-19 14:00:00,2025-05-25 15:00:00,0.7944635781063226,Weak Long,Normal,True,home,0.11007396994054529,0.4636152000000001,-0.2395841999999999
Watford,2017,2017-08-12 12:30:00,2017-09-23 15:00:00,-0.030075121494461683,Neutral,Normal,False,home,0.0004420093831027309,-0.0105989999999999,-0.1802656
Watford,2017,2017-08-19 15:00:00,2017-09-30 15:00:00,-0.21272283254575475,Neutral,Break,False,away,0.0004420093831027309,-0.0776516,-0.2907756
Watford,2017,2017-08-26 15:00:00,2017-10-14 17:30:00,-0.903053199172423,Weak Short,Normal,False,home,0.0004420093831027309,-0.3310818,-0.4202314
Watford,2017,2017-09-09 15:00:00,2017-10-21 19:30:00,-0.5246577724169549,Weak Short,Break,True,away,0.0004420093831027309,-0.1921674,-0.1764334
Watford,2017,2017-09-16 15:00:00,2017-10-28 15:00:00,-0.5367471928300014,Weak Short,Normal,True,home,0.0004420093831027309,-0.1966056,-0.110324
Watford,2017,2017-09-23 15:00:00,2017-11-05 16:30:00,-0.49223790312940635,Neutral,Break,True,away,0.0004420093831027309,-0.1802656,0.0491099999999999
Watford,2017,2017-09-30 15:00:00,2017-11-19 16:00:00,-0.7932612571571155,Weak Short,Normal,True,away,0.0004420093831027309,-0.2907756,-0.0267199999999999
Watford,2017,2017-10-14 17:30:00,2017-11-25 15:00:00,-1.1458919612955671,Weak Short,Break,True,home,0.0004420093831027309,-0.4202314,-0.1418679999999999
Watford,2017,2017-10-21 19:30:00,2017-11-28 20:00:00,-0.48179919443964986,Neutral,Normal,False,away,0.0004420093831027309,-0.1764334,-0.2426999999999999
Watford,2017,2017-10-28 15:00:00,2017-12-02 15:00:00,-0.3017207099517354,Neutral,Break,False,home,0.0004420093831027309,-0.110324,-0.5990616
Watford,2017,2017-11-05 16:30:00,2017-12-09 15:00:00,0.1325690142909009,Neutral,Normal,False,away,0.0004420093831027309,0.0491099999999999,-0.446283
Watford,2017,2017-11-19 16:00:00,2017-12-12 20:00:00,-0.07398786685941235,Neutral,Break,False,home,0.0004420093831027309,-0.0267199999999999,-0.214495
Watford,2017,2017-11-25 15:00:00,2017-12-16 15:00:00,-0.3876448858584409,Neutral,Normal,True,away,0.0004420093831027309,-0.1418679999999999,-0.1083624
Watford,2017,2017-11-28 20:00:00,2017-12-23 15:00:00,-0.6623058833547938,Weak Short,Break,False,home,0.0004420093831027309,-0.2426999999999999,0.2931716
Watford,2017,2017-12-02 15:00:00,2017-12-26 15:00:00,-1.6330159012597876,Strong Short,Normal,True,home,0.0004420093831027309,-0.5990616,0.3086551999999999
Watford,2017,2017-12-09 15:00:00,2017-12-30 15:00:00,-1.2168551321379186,Weak Short,Break,True,away,0.0004420093831027309,-0.446283,0.1803966
Watford,2017,2017-12-12 20:00:00,2018-01-02 20:00:00,-0.5854769656066126,Weak Short,Normal,True,away,0.0004420093831027309,-0.214495,0.0925712
Watford,2017,2017-12-16 15:00:00,2018-01-13 15:00:00,-0.2963774160302735,Neutral,Break,False,home,0.0004420093831027309,-0.1083624,0.1094885999999999
Watford,2017,2017-12-23 15:00:00,2018-01-20 15:00:00,0.7973798135069822,Weak Long,Normal,True,away,0.0004420093831027309,0.2931716,-0.0024404
Watford,2017,2017-12-26 15:00:00,2018-01-31 20:00:00,0.8395563152210661,Weak Long,Break,True,home,0.0004420093831027309,0.3086551999999999,0.2596961999999999
Watford,2017,2017-12-30 15:00:00,2018-02-05 20:00:00,0.49018672011747094,Neutral,Normal,True,home,0.0004420093831027309,0.1803966,-0.1504998
Watford,2017,2018-01-02 20:00:00,2018-02-10 15:00:00,0.25095500826492223,Neutral,Break,True,away,0.0004420093831027309,0.0925712,0.0164291999999999
Watford,2017,2018-01-13 15:00:00,2018-02-24 17:30:00,0.29703710481209744,Neutral,Normal,True,home,0.0004420093831027309,0.1094885999999999,0.0030769999999999
Watford,2017,2018-01-20 15:00:00,2018-03-03 15:00:00,-0.00785152963697877,Neutral,Break,False,away,0.0004420093831027309,-0.0024404,-0.09803
Watford,2017,2018-01-31 20:00:00,2018-03-11 13:30:00,0.7061946068703049,Weak Long,Normal,True,away,0.0004420093831027309,0.2596961999999999,0.0631673999999999
Watford,2017,2018-02-05 20:00:00,2018-03-17 17:30:00,-0.41115744931239445,Neutral,Break,False,home,0.0004420093831027309,-0.1504998,0.5087273999999999
Watford,2017,2018-02-10 15:00:00,2018-03-31 15:00:00,0.0435482557323202,Neutral,Normal,False,away,0.0004420093831027309,0.0164291999999999,0.1010077999999999
Watford,2017,2018-02-24 17:30:00,2018-04-07 14:00:00,0.0071775740958277805,Neutral,Break,False,home,0.0004420093831027309,0.0030769999999999,0.2529919999999999
Watford,2017,2018-03-03 15:00:00,2018-04-14 14:00:00,-0.2682325087535031,Neutral,Normal,False,home,0.0004420093831027309,-0.09803,0.2671945999999999
Watford,2017,2018-03-11 13:30:00,2018-04-21 14:00:00,0.1708606231671032,Neutral,Break,False,away,0.0004420093831027309,0.0631673999999999,0.0767525999999999
Watford,2017,2018-03-17 17:30:00,2018-04-30 19:00:00,1.3845423317960606,Weak Long,Normal,True,away,0.0004420093831027309,0.5087273999999999,0.2796565999999999
Watford,2017,2018-03-31 15:00:00,2018-05-05 15:00:00,0.27393585731559766,Neutral,Break,False,home,0.0004420093831027309,0.1010077999999999,0.6898826
Watford,2017,2018-04-07 14:00:00,2018-05-13 15:00:00,0.687932723148718,Weak Long,Normal,False,home,0.0004420093831027309,0.2529919999999999,0.7473702
Watford,2017,2018-04-14 14:00:00,2018-08-11 17:00:00,0.7266198490912928,Weak Long,Break,False,away,0.0004420093831027309,0.2671945999999999,0.5708596
Watford,2017,2018-04-21 14:00:00,2018-08-19 15:30:00,0.20786598439357348,Neutral,Normal,False,home,0.0004420093831027309,0.0767525999999999,0.2353696
Watford,2017,2018-04-30 19:00:00,2018-08-26 15:30:00,0.7605656733415265,Weak Long,Break,True,away,0.0004420093831027309,0.2796565999999999,-0.2092944
Watford,2017,2018-05-05 15:00:00,2018-09-02 15:00:00,1.8779994479263697,Strong Long,Normal,True,home,0.0004420093831027309,0.6898826,-0.6809246
Watford,2017,2018-05-13 15:00:00,2018-09-15 16:30:00,2.0345926084277117,Strong Long,Break,False,away,0.0004420093831027309,0.7473702,-0.7767362
Watford,2018,2018-08-11 17:00:00,2018-09-22 11:30:00,1.581469930845248,Strong Long,Normal,True,home,0.021233456765763055,0.5708596,-0.5092142000000001
Watford,2018,2018-08-19 15:30:00,2018-09-29 14:00:00,0.6161458580542679,Weak Long,Break,True,away,0.021233456765763055,0.2353696,0.2316477999999999
Watford,2018,2018-08-26 15:30:00,2018-10-06 14:00:00,-0.6633106488566041,Weak Short,Normal,False,home,0.021233456765763055,-0.2092944,0.6156818
Watford,2018,2018-09-02 15:00:00,2018-10-20 14:00:00,-2.0203585057680606,Strong Short,Break,False,home,0.021233456765763055,-0.6809246,0.7384999999999998
Watford,2018,2018-09-15 16:30:00,2018-10-27 14:00:00,-2.2960425617238873,Strong Short,Normal,True,home,0.021233456765763055,-0.7767362,0.5626979999999998
Watford,2018,2018-09-22 11:30:00,2018-11-03 15:00:00,-1.526286602973437,Strong Short,Break,False,away,0.021233456765763055,-0.5092142000000001,0.9194719999999998
Watford,2018,2018-09-29 14:00:00,2018-11-10 15:00:00,0.6054369155101873,Weak Long,Normal,False,away,0.021233456765763055,0.2316477999999999,0.4103359999999998
Watford,2018,2018-10-06 14:00:00,2018-11-24 15:00:00,1.7104393447039377,Strong Long,Break,True,home,0.021233456765763055,0.6156818,0.3317863999999998
Watford,2018,2018-10-20 14:00:00,2018-12-01 15:00:00,2.063830995831712,Strong Long,Normal,False,away,0.021233456765763055,0.7384999999999998,0.7579523999999999
Watford,2018,2018-10-27 14:00:00,2018-12-04 20:00:00,1.5579861043452299,Strong Long,Break,False,home,0.021233456765763055,0.5626979999999998,1.0331084
Watford,2018,2018-11-03 15:00:00,2018-12-10 20:00:00,2.584551816425856,Strong Long,Normal,True,away,0.021233456765763055,0.9194719999999998,0.4501543999999999
Watford,2018,2018-11-10 15:00:00,2018-12-15 15:00:00,1.1195864310954182,Weak Long,Break,True,away,0.021233456765763055,0.4103359999999998,0.1650043999999998
Watford,2018,2018-11-24 15:00:00,2018-12-22 15:00:00,0.8935712896959657,Weak Long,Normal,True,home,0.021233456765763055,0.3317863999999998,0.0962939999999998
Watford,2018,2018-12-01 15:00:00,2018-12-26 19:30:00,2.1198024703721137,Strong Long,Break,True,away,0.021233456765763055,0.7579523999999999,-0.0947240000000001
Watford,2018,2018-12-04 20:00:00,2018-12-29 15:00:00,2.9115241627411113,Strong Long,Normal,True,home,0.021233456765763055,1.0331084,-0.2179920000000001
Watford,2018,2018-12-10 20:00:00,2019-01-02 19:45:00,1.2341581323682445,Weak Long,Break,False,away,0.021233456765763055,0.4501543999999999,-0.5486688000000002
Watford,2018,2018-12-15 15:00:00,2019-01-12 15:00:00,0.41368014686540355,Neutral,Normal,False,home,0.021233456765763055,0.1650043999999998,-0.3661408000000002
Watford,2018,2018-12-22 15:00:00,2019-01-19 15:00:00,0.21597588393328226,Neutral,Break,False,away,0.021233456765763055,0.0962939999999998,-0.2181448000000002
Watford,2018,2018-12-26 19:30:00,2019-01-30 20:00:00,-0.333650852292499,Neutral,Normal,False,home,0.021233456765763055,-0.0947240000000001,-0.3710052000000002
Watford,2018,2018-12-29 15:00:00,2019-02-02 15:00:00,-0.6883367380261975,Weak Short,Break,False,home,0.021233456765763055,-0.2179920000000001,-0.3262778000000002
Watford,2018,2019-01-02 19:45:00,2019-02-09 15:00:00,-1.639811522232846,Strong Short,Normal,True,away,0.021233456765763055,-0.5486688000000002,0.1849349999999998
Watford,2018,2019-01-12 15:00:00,2019-02-22 19:45:00,-1.1146135361277698,Weak Short,Break,True,away,0.021233456765763055,-0.3661408000000002,-0.1759930000000002
Watford,2018,2019-01-19 15:00:00,2019-02-27 20:00:00,-0.688776397981256,Weak Short,Normal,False,home,0.021233456765763055,-0.2181448000000002,-0.2638704000000002
Watford,2018,2019-01-30 20:00:00,2019-03-03 12:00:00,-1.128610145325315,Weak Short,Break,True,away,0.021233456765763055,-0.3710052000000002,-0.2868080000000002
Watford,2018,2019-02-02 15:00:00,2019-03-09 17:30:00,-0.9999135047895277,Weak Short,Normal,False,away,0.021233456765763055,-0.3262778000000002,-0.4612338000000002
Watford,2018,2019-02-09 15:00:00,2019-03-30 15:00:00,0.4710275729143705,Neutral,Break,False,home,0.021233456765763055,0.1849349999999998,-0.4974398000000002
Watford,2018,2019-02-22 19:45:00,2019-04-02 19:45:00,-0.5674906748554673,Weak Short,Normal,False,away,0.021233456765763055,-0.1759930000000002,-0.5303598000000003
Watford,2018,2019-02-27 20:00:00,2019-04-15 20:00:00,-0.8203452150035556,Weak Short,Break,False,away,0.021233456765763055,-0.2638704000000002,-0.4312544000000002
Watford,2018,2019-03-03 12:00:00,2019-04-20 15:00:00,-0.8863448497230713,Weak Short,Normal,False,home,0.021233456765763055,-0.2868080000000002,-0.4873604000000003
Watford,2018,2019-03-09 17:30:00,2019-04-23 19:45:00,-1.3882299242583034,Weak Short,Break,True,away,0.021233456765763055,-0.4612338000000002,-0.3142880000000003
Watford,2018,2019-03-30 15:00:00,2019-04-27 15:00:00,-1.492407465703563,Weak Short,Normal,True,away,0.021233456765763055,-0.4974398000000002,-0.4054854000000002
Watford,2018,2019-04-02 19:45:00,2019-05-05 13:00:00,-1.5871300162304913,Strong Short,Break,True,home,0.021233456765763055,-0.5303598000000003,0.3300785999999998
Watford,2018,2019-04-15 20:00:00,2019-05-12 14:00:00,-1.3019685259816633,Weak Short,Normal,True,home,0.021233456765763055,-0.4312544000000002,0.3188605999999997
Watford,2018,2019-04-20 15:00:00,2019-08-10 15:00:00,-1.4634054463906498,Weak Short,Break,False,away,0.021233456765763055,-0.4873604000000003,0.6359409999999998
Watford,2018,2019-04-23 19:45:00,2019-08-17 15:00:00,-0.9654145850960966,Weak Short,Normal,False,home,0.021233456765763055,-0.3142880000000003,0.8159929999999997
Watford,2018,2019-04-27 15:00:00,2019-08-24 15:00:00,-1.2278219462572282,Weak Short,Break,False,home,0.021233456765763055,-0.4054854000000002,1.0954704
Watford,2018,2019-05-05 13:00:00,2019-08-31 15:00:00,0.8886573415857016,Weak Long,Normal,False,away,0.021233456765763055,0.3300785999999998,0.8625903999999999
Watford,2018,2019-05-12 14:00:00,2019-09-15 15:30:00,0.8563791650422301,Weak Long,Break,False,home,0.021233456765763055,0.3188605999999997,0.8150363999999998
Watford,2019,2019-08-10 15:00:00,2019-09-21 14:00:00,1.7150734864159218,Strong Long,Normal,False,home,0.0023493091596791405,0.6359409999999998,0.7499755999999997
Watford,2019,2019-08-17 15:00:00,2019-09-28 14:00:00,2.2024574212756116,Strong Long,Break,True,away,0.0023493091596791405,0.8159929999999997,0.7286475999999997
Watford,2019,2019-08-24 15:00:00,2019-10-05 15:00:00,2.958976620819941,Strong Long,Normal,True,home,0.0023493091596791405,1.0954704,0.7585875999999997
Watford,2019,2019-08-31 15:00:00,2019-10-19 15:00:00,2.3285922276994833,Strong Long,Break,True,away,0.0023493091596791405,0.8625903999999999,0.7065977999999997
Watford,2019,2019-09-15 15:30:00,2019-10-26 15:00:00,2.1998679944873127,Strong Long,Normal,True,home,0.0023493091596791405,0.8150363999999998,0.6751603999999998
Watford,2019,2019-09-21 14:00:00,2019-11-02 17:30:00,2.023754490004612,Strong Long,Break,True,away,0.0023493091596791405,0.7499755999999997,0.7010967999999996
Watford,2019,2019-09-28 14:00:00,2019-11-08 20:00:00,1.9660215874948508,Strong Long,Normal,True,away,0.0023493091596791405,0.7286475999999997,0.3599007999999997
Watford,2019,2019-10-05 15:00:00,2019-11-23 15:00:00,2.0470663690562834,Strong Long,Break,True,home,0.0023493091596791405,0.7585875999999997,0.2517415999999997
Watford,2019,2019-10-19 15:00:00,2019-11-30 17:30:00,1.9063348398504525,Strong Long,Normal,True,away,0.0023493091596791405,0.7065977999999997,0.1831723999999997
Watford,2019,2019-10-26 15:00:00,2019-12-04 19:30:00,1.8212367364483353,Strong Long,Break,True,home,0.0023493091596791405,0.6751603999999998,0.0881383999999997
Watford,2019,2019-11-02 17:30:00,2019-12-07 15:00:00,1.8914441470191417,Strong Long,Normal,True,home,0.0023493091596791405,0.7010967999999996,0.3075223999999997
Watford,2019,2019-11-08 20:00:00,2019-12-14 12:30:00,0.9678584660026203,Weak Long,Break,False,away,0.0023493091596791405,0.3599007999999997,0.6378203999999997
Watford,2019,2019-11-23 15:00:00,2019-12-22 14:00:00,0.6750816210507387,Weak Long,Normal,False,home,0.0023493091596791405,0.2517415999999997,0.3759255999999997
Watford,2019,2019-11-30 17:30:00,2019-12-26 15:00:00,0.4894712056919477,Neutral,Break,False,away,0.0023493091596791405,0.1831723999999997,0.3944467999999997
Watford,2019,2019-12-04 19:30:00,2019-12-28 15:00:00,0.23222305035095867,Neutral,Normal,False,away,0.0023493091596791405,0.0881383999999997,0.4051281999999997
Watford,2019,2019-12-07 15:00:00,2020-01-01 15:00:00,0.8260750329185402,Weak Long,Break,True,home,0.0023493091596791405,0.3075223999999997,-0.0950298000000002
Watford,2019,2019-12-14 12:30:00,2020-01-12 14:00:00,1.7201608465517453,Strong Long,Normal,True,away,0.0023493091596791405,0.6378203999999997,-0.4377078000000002
Watford,2019,2019-12-22 14:00:00,2020-01-18 12:30:00,1.011236101793056,Weak Long,Break,True,home,0.0023493091596791405,0.3759255999999997,0.1220581999999998
Watford,2019,2019-12-26 15:00:00,2020-01-21 19:30:00,1.0613712590494226,Weak Long,Normal,True,away,0.0023493091596791405,0.3944467999999997,0.3649379999999998
Watford,2019,2019-12-28 15:00:00,2020-02-01 15:00:00,1.090284810477956,Weak Long,Break,True,home,0.0023493091596791405,0.4051281999999997,0.0981595999999997
Watford,2019,2020-01-01 15:00:00,2020-02-08 17:30:00,-0.26359614664305747,Neutral,Normal,False,home,0.0023493091596791405,-0.0950298000000002,0.1400631999999998
Watford,2019,2020-01-12 14:00:00,2020-02-23 14:00:00,-1.191193463139674,Weak Short,Break,True,away,0.0023493091596791405,-0.4377078000000002,0.3394003999999998
Watford,2019,2020-01-18 12:30:00,2020-02-29 17:30:00,0.3240407785275618,Neutral,Normal,False,home,0.0023493091596791405,0.1220581999999998,-0.1962456000000002
Watford,2019,2020-01-21 19:30:00,2020-03-07 15:00:00,0.9814936955844926,Weak Long,Break,True,away,0.0023493091596791405,0.3649379999999998,-0.2686154000000002
Watford,2019,2020-02-01 15:00:00,2020-06-20 11:30:00,0.2593495020872122,Neutral,Normal,True,home,0.0023493091596791405,0.0981595999999997,-0.0509350000000002
Watford,2019,2020-02-08 17:30:00,2020-06-25 17:00:00,0.37277863063222444,Neutral,Break,False,away,0.0023493091596791405,0.1400631999999998,0.1921637999999997
Watford,2019,2020-02-23 14:00:00,2020-06-28 15:30:00,0.9123657993385592,Weak Long,Normal,True,away,0.0023493091596791405,0.3394003999999998,0.0062419999999997
Watford,2019,2020-02-29 17:30:00,2020-07-04 19:00:00,-0.5375778567821916,Weak Short,Break,True,home,0.0023493091596791405,-0.1962456000000002,0.1853341999999997
Watford,2019,2020-03-07 15:00:00,2020-07-07 17:00:00,-0.7334761411056582,Weak Short,Normal,True,away,0.0023493091596791405,-0.2686154000000002,-0.1594582000000002
Watford,2019,2020-06-20 11:30:00,2020-07-11 11:30:00,-0.14423564450561355,Neutral,Break,False,home,0.0023493091596791405,-0.0509350000000002,0.0647217999999997
Watford,2019,2020-06-25 17:00:00,2020-07-17 19:00:00,0.5138100850817763,Weak Long,Normal,True,away,0.0023493091596791405,0.1921637999999997,-0.0275826000000002
Watford,2019,2020-06-28 15:30:00,2020-07-21 17:00:00,0.010537150261856056,Neutral,Break,False,home,0.0023493091596791405,0.0062419999999997,0.1257215999999998
Watford,2019,2020-07-04 19:00:00,2020-07-26 15:00:00,0.4953229962323453,Neutral,Normal,False,away,0.0023493091596791405,0.1853341999999997,0.3878673999999998
Watford,2019,2020-07-07 17:00:00,2021-08-14 14:00:00,-0.43799780343506217,Neutral,Break,False,home,0.0023493091596791405,-0.1594582000000002,0.3128995999999998
Watford,2019,2020-07-11 11:30:00,2021-08-21 16:30:00,0.1688365028589263,Neutral,Normal,False,home,0.0023493091596791405,0.0647217999999997,0.1686343999999998
Watford,2019,2020-07-17 19:00:00,2021-08-29 13:00:00,-0.08102288041292131,Neutral,Break,False,away,0.0023493091596791405,-0.0275826000000002,0.2810335999999998
Watford,2019,2020-07-21 17:00:00,2021-09-11 14:00:00,0.3339572599160773,Neutral,Normal,False,home,0.0023493091596791405,0.1257215999999998,0.2917413999999998
Watford,2019,2020-07-26 15:00:00,2021-09-18 14:00:00,1.0435614382142429,Weak Long,Break,True,away,0.0023493091596791405,0.3878673999999998,-0.2072246000000002
Watford,2021,2021-08-14 14:00:00,2021-09-25 14:00:00,0.6291875216099387,Weak Long,Normal,True,home,0.06981708819730421,0.3128995999999998,0.1035155999999997
Watford,2021,2021-08-21 16:30:00,2021-10-02 14:00:00,0.25577578182901234,Neutral,Break,True,away,0.06981708819730421,0.1686343999999998,0.0606295999999997
Watford,2021,2021-08-29 13:00:00,2021-10-16 11:30:00,0.5467065178761276,Weak Long,Normal,True,away,0.06981708819730421,0.2810335999999998,0.0018867999999997
Watford,2021,2021-09-11 14:00:00,2021-10-23 14:00:00,0.5744222679477057,Weak Long,Break,False,home,0.06981708819730421,0.2917413999999998,-0.4145066000000003
Watford,2021,2021-09-18 14:00:00,2021-10-30 14:00:00,-0.7170864406773108,Weak Short,Normal,True,away,0.06981708819730421,-0.2072246000000002,-0.1289694000000002
Watford,2021,2021-09-25 14:00:00,2021-11-07 14:00:00,0.08722422261413425,Neutral,Break,False,home,0.06981708819730421,0.1035155999999997,-0.0114498000000002
Watford,2021,2021-10-02 14:00:00,2021-11-20 15:00:00,-0.023780620357315593,Neutral,Normal,False,away,0.06981708819730421,0.0606295999999997,-0.3032226000000002
Watford,2021,2021-10-16 11:30:00,2021-11-28 14:00:00,-0.17582873138896427,Neutral,Break,False,home,0.06981708819730421,0.0018867999999997,-0.2869170000000002
Watford,2021,2021-10-23 14:00:00,2021-12-01 19:30:00,-1.2536089855825965,Weak Short,Normal,True,away,0.06981708819730421,-0.4145066000000003,0.0905703999999997
Watford,2021,2021-10-30 14:00:00,2021-12-04 17:30:00,-0.5145330156038742,Weak Short,Break,False,home,0.06981708819730421,-0.1289694000000002,-0.1449198000000002
Watford,2021,2021-11-07 14:00:00,2021-12-10 20:00:00,-0.21034878895490716,Neutral,Normal,False,away,0.06981708819730421,-0.0114498000000002,-0.3309408000000002
Watford,2021,2021-11-20 15:00:00,2021-12-28 15:00:00,-0.9655647999454459,Weak Short,Break,True,home,0.06981708819730421,-0.3032226000000002,-0.0748668000000002
Watford,2021,2021-11-28 14:00:00,2022-01-01 15:00:00,-0.9233598713544076,Weak Short,Normal,True,away,0.06981708819730421,-0.2869170000000002,-0.0909300000000002
Watford,2021,2021-12-01 19:30:00,2022-01-15 15:00:00,0.05371725313145898,Neutral,Break,False,home,0.06981708819730421,0.0905703999999997,0.0101405999999997
Watford,2021,2021-12-04 17:30:00,2022-01-21 20:00:00,-0.5558185551116812,Weak Short,Normal,False,home,0.06981708819730421,-0.1449198000000002,0.3363315999999997
Watford,2021,2021-12-10 20:00:00,2022-02-05 18:00:00,-1.0373097619015912,Weak Short,Break,False,away,0.06981708819730421,-0.3309408000000002,0.6108137999999997
Watford,2021,2021-12-28 15:00:00,2022-02-08 19:45:00,-0.37449545982000154,Neutral,Normal,False,home,0.06981708819730421,-0.0748668000000002,0.6750485999999998
Watford,2021,2022-01-01 15:00:00,2022-02-12 15:00:00,-0.41607296748261857,Neutral,Break,False,home,0.06981708819730421,-0.0909300000000002,0.7209415999999997
Watford,2021,2022-01-15 15:00:00,2022-02-19 15:00:00,-0.15446484170660282,Neutral,Normal,False,away,0.06981708819730421,0.0101405999999997,0.7857975999999998
Watford,2021,2022-01-21 20:00:00,2022-02-23 19:30:00,0.6898382113573388,Weak Long,Break,False,home,0.06981708819730421,0.3363315999999997,0.6684195999999998
Watford,2021,2022-02-05 18:00:00,2022-02-26 15:00:00,1.4002997491425857,Weak Long,Normal,True,away,0.06981708819730421,0.6108137999999997,0.5690635999999999
Watford,2021,2022-02-08 19:45:00,2022-03-06 14:00:00,1.5665631891300522,Strong Long,Break,True,away,0.06981708819730421,0.6750485999999998,0.3611747999999998
Watford,2021,2022-02-12 15:00:00,2022-03-10 19:30:00,1.685351261192934,Strong Long,Normal,True,home,0.06981708819730421,0.7209415999999997,0.3543181999999998
Watford,2021,2022-02-19 15:00:00,2022-03-13 14:00:00,1.8532225967279885,Strong Long,Break,True,away,0.06981708819730421,0.7857975999999998,0.0489861999999997
Watford,2021,2022-02-23 19:30:00,2022-04-02 11:30:00,1.549404883294634,Strong Long,Normal,True,home,0.06981708819730421,0.6684195999999998,0.0558135999999997
Watford,2021,2022-02-26 15:00:00,2022-04-09 14:00:00,1.2922347770065366,Weak Long,Break,True,away,0.06981708819730421,0.5690635999999999,0.1832205999999997
Watford,2021,2022-03-06 14:00:00,2022-04-16 14:00:00,0.754141609084064,Weak Long,Normal,False,home,0.06981708819730421,0.3611747999999998,0.4247765999999998
Watford,2021,2022-03-10 19:30:00,2022-04-23 14:00:00,0.7363941901986925,Weak Long,Break,True,away,0.06981708819730421,0.3543181999999998,0.2103013999999997
Watford,2021,2022-03-13 14:00:00,2022-04-30 14:00:00,-0.05391804955690938,Neutral,Normal,False,away,0.06981708819730421,0.0489861999999997,0.3086797999999998
Watford,2021,2022-04-02 11:30:00,2022-05-07 14:00:00,-0.036246211080407105,Neutral,Break,False,away,0.06981708819730421,0.0558135999999997,0.2090929999999998
Watford,2021,2022-04-09 14:00:00,2022-05-11 18:45:00,0.2935302667553321,Neutral,Normal,True,home,0.06981708819730421,0.1832205999999997,0.0406961999999998
Watford,2021,2022-04-16 14:00:00,2022-05-15 13:00:00,0.9187666107559747,Weak Long,Break,True,home,0.06981708819730421,0.4247765999999998,0.2578701999999998
Watford,2021,2022-04-23 14:00:00,2022-05-22 15:00:00,0.36362540156718776,Neutral,Normal,False,away,0.06981708819730421,0.2103013999999997,0.2877571999999998
Brentford,2023,2023-08-13 13:00:00,2023-09-23 16:30:00,0.44205437478176635,Neutral,Normal,False,home,0.07370423441132491,0.2219063999999998,0.5392878
Brentford,2023,2023-08-19 14:00:00,2023-10-01 13:00:00,0.6120656450758262,Weak Long,Normal,False,away,0.07370423441132491,0.2789039999999998,0.5972357999999999
Brentford,2023,2023-08-26 14:00:00,2023-10-07 14:00:00,-0.8660202897576452,Weak Short,Normal,False,home,0.07370423441132491,-0.2166358,0.6126516
Brentford,2023,2023-09-02 14:00:00,2023-10-21 14:00:00,0.874974388400336,Weak Long,Break,False,home,0.07370423441132491,0.3670461999999999,0.4296515999999999
Brentford,2023,2023-09-16 16:30:00,2023-10-28 11:30:00,0.9911524550811351,Weak Long,Break,True,away,0.07370423441132491,0.4059957999999999,0.39919
Brentford,2023,2023-09-23 16:30:00,2023-11-04 15:00:00,1.3887330942665714,Weak Long,Break,True,home,0.07370423441132491,0.5392878,0.0502739999999999
Brentford,2023,2023-10-01 13:00:00,2023-11-12 14:00:00,1.5615791981551588,Strong Long,Break,True,away,0.07370423441132491,0.5972357999999999,0.1884579999999999
Brentford,2023,2023-10-07 14:00:00,2023-11-25 17:30:00,1.607561129685595,Strong Long,Break,True,away,0.07370423441132491,0.6126516,0.5160699999999999
Brentford,2023,2023-10-21 14:00:00,2023-12-02 15:00:00,1.061712489325072,Weak Long,Break,False,home,0.07370423441132491,0.4296515999999999,0.536604
Brentford,2023,2023-10-28 11:30:00,2023-12-06 19:30:00,0.9708522546627438,Weak Long,Break,False,away,0.07370423441132491,0.39919,0.4843439999999999
Brentford,2023,2023-11-04 15:00:00,2023-12-09 15:00:00,-0.06988722184016442,Neutral,Break,False,home,0.07370423441132491,0.0502739999999999,0.8473836
Brentford,2023,2023-11-12 14:00:00,2023-12-17 14:00:00,0.34228517444168516,Neutral,Break,False,away,0.07370423441132491,0.1884579999999999,0.516838
Brentford,2023,2023-11-25 17:30:00,2023-12-27 19:30:00,1.319479517424153,Weak Long,Break,True,home,0.07370423441132491,0.5160699999999999,0.502902
Brentford,2023,2023-12-02 15:00:00,2023-12-30 15:00:00,1.3807279107638415,Weak Long,Break,True,home,0.07370423441132491,0.536604,0.5084599999999999
Brentford,2023,2023-12-06 19:30:00,2024-01-20 17:30:00,1.2248478564182623,Weak Long,Break,True,away,0.07370423441132491,0.4843439999999999,0.2528839999999999
Brentford,2023,2023-12-09 15:00:00,2024-01-31 19:30:00,2.307714916839181,Strong Long,Break,True,away,0.07370423441132491,0.8473836,0.0432303999999999
Brentford,2023,2023-12-17 14:00:00,2024-02-05 20:00:00,1.3217702920459942,Weak Long,Break,True,home,0.07370423441132491,0.516838,0.0570161999999999
Brentford,2023,2023-12-27 19:30:00,2024-02-10 15:00:00,1.2802022775538395,Weak Long,Break,True,home,0.07370423441132491,0.502902,-0.2918618
Brentford,2023,2023-12-30 15:00:00,2024-02-17 12:30:00,1.2967805657676306,Weak Long,Break,True,away,0.07370423441132491,0.5084599999999999,-0.2102878
Brentford,2023,2024-01-20 17:30:00,2024-02-20 18:30:00,0.5344537236431444,Weak Long,Break,True,home,0.07370423441132491,0.2528839999999999,0.1020339999999999
Brentford,2023,2024-01-31 19:30:00,2024-02-26 20:00:00,-0.09089672721307906,Neutral,Normal,True,away,0.07370423441132491,0.0432303999999999,0.0501259999999999
Brentford,2023,2024-02-05 20:00:00,2024-03-02 15:00:00,-0.04977672619514412,Neutral,Normal,False,home,0.07370423441132491,0.0570161999999999,0.1716177999999998
Brentford,2023,2024-02-10 15:00:00,2024-03-09 17:30:00,-1.0904028570787418,Weak Short,Normal,True,away,0.07370423441132491,-0.2918618,0.1484495999999998
Brentford,2023,2024-02-17 12:30:00,2024-03-16 15:00:00,-0.8470856057739918,Weak Short,Normal,True,home,0.07370423441132491,-0.2102878,0.0596595999999999
Brentford,2023,2024-02-20 18:30:00,2024-03-30 20:00:00,0.08450144277765338,Neutral,Normal,False,away,0.07370423441132491,0.1020339999999999,0.3918737999999999
Brentford,2023,2024-02-26 20:00:00,2024-04-03 18:30:00,-0.07032867319958168,Neutral,Normal,False,away,0.07370423441132491,0.0501259999999999,0.6091675999999999
Brentford,2023,2024-03-02 15:00:00,2024-04-06 14:00:00,0.29205457185480355,Neutral,Normal,False,home,0.07370423441132491,0.1716177999999998,0.1986555999999999
Brentford,2023,2024-03-09 17:30:00,2024-04-13 14:00:00,0.22294894087337916,Neutral,Normal,True,away,0.07370423441132491,0.1484495999999998,0.0701497999999999
Brentford,2023,2024-03-16 15:00:00,2024-04-20 14:00:00,-0.0418920469824173,Neutral,Normal,False,away,0.07370423441132491,0.0596595999999999,-0.2239162
Brentford,2023,2024-03-30 20:00:00,2024-04-27 16:30:00,0.9490296436102535,Weak Long,Break,False,home,0.07370423441132491,0.3918737999999999,-0.4656190000000001
Brentford,2023,2024-04-03 18:30:00,2024-05-04 14:00:00,1.5971691260625562,Strong Long,Break,True,home,0.07370423441132491,0.6091675999999999,-0.3884030000000001
Brentford,2023,2024-04-06 14:00:00,2024-05-11 14:00:00,0.3727023662173161,Neutral,Break,False,away,0.07370423441132491,0.1986555999999999,-0.087087
Brentford,2023,2024-04-13 14:00:00,2024-05-19 15:00:00,-0.010602093938100613,Neutral,Normal,False,home,0.07370423441132491,0.0701497999999999,0.0350849999999999
Brentford,2023,2024-04-20 14:00:00,2024-08-18 13:00:00,-0.8877361173056275,Weak Short,Normal,True,away,0.07370423441132491,-0.2239162,0.1550329999999999
Brentford,2023,2024-04-27 16:30:00,2024-08-25 15:30:00,-1.6086822634877664,Strong Short,Normal,True,away,0.07370423441132491,-0.4656190000000001,0.0552095999999999
Brentford,2023,2024-05-04 14:00:00,2024-08-31 14:00:00,-1.378363965050181,Weak Short,Normal,True,home,0.07370423441132491,-0.3884030000000001,0.0658958
Brentford,2023,2024-05-11 14:00:00,2024-09-14 14:00:00,-0.4796047906301192,Neutral,Normal,True,away,0.07370423441132491,-0.087087,0.0906398
Brentford,2023,2024-05-19 15:00:00,2024-09-21 14:00:00,-0.11519265899008782,Neutral,Normal,False,home,0.07370423441132491,0.0350849999999999,0.1290388
Brentford,2024,2024-08-18 13:00:00,2024-09-28 14:00:00,0.1025285959310898,Neutral,Normal,True,home,0.12160630155629958,0.1550329999999999,0.1269552
Brentford,2024,2024-08-25 15:30:00,2024-10-05 14:00:00,-0.20365638552335047,Neutral,Normal,False,away,0.12160630155629958,0.0552095999999999,-0.1374665999999999
Brentford,2024,2024-08-31 14:00:00,2024-10-19 14:00:00,-0.17087896110364054,Neutral,Normal,False,home,0.12160630155629958,0.0658958,-0.33146
Brentford,2024,2024-09-14 14:00:00,2024-10-26 14:00:00,-0.09498251617080244,Neutral,Normal,False,away,0.12160630155629958,0.0906398,-0.3223219999999999
Brentford,2024,2024-09-21 14:00:00,2024-11-04 20:00:00,0.022797454285714308,Neutral,Normal,False,away,0.12160630155629958,0.1290388,-0.3531887999999999
Brentford,2024,2024-09-28 14:00:00,2024-11-09 15:00:00,0.016406497582591818,Neutral,Normal,False,home,0.12160630155629958,0.1269552,-0.5142852
Brentford,2024,2024-10-05 14:00:00,2024-11-23 15:00:00,-0.794645659818876,Weak Short,Normal,True,home,0.12160630155629958,-0.1374665999999999,-0.0726831999999999
Brentford,2024,2024-10-19 14:00:00,2024-11-30 15:00:00,-1.3896751376896344,Weak Short,Normal,False,away,0.12160630155629958,-0.33146,-0.4074817999999999
Brentford,2024,2024-10-26 14:00:00,2024-12-04 20:15:00,-1.3616464554314593,Weak Short,Normal,False,home,0.12160630155629958,-0.3223219999999999,-0.4002758
Brentford,2024,2024-11-04 20:00:00,2024-12-07 15:00:00,-1.456323160347921,Weak Short,Normal,False,away,0.12160630155629958,-0.3531887999999999,-0.7989219999999999
Brentford,2024,2024-11-09 15:00:00,2024-12-15 19:00:00,-1.9504487686359289,Strong Short,Normal,True,home,0.12160630155629958,-0.5142852,-0.380148
Brentford,2024,2024-11-23 15:00:00,2024-12-21 15:00:00,-0.5959377002867865,Weak Short,Normal,False,away,0.12160630155629958,-0.0726831999999999,-0.4949752
Brentford,2024,2024-11-30 15:00:00,2024-12-27 19:30:00,-1.6228542662620244,Strong Short,Normal,True,home,0.12160630155629958,-0.4074817999999999,0.0535013999999999
Brentford,2024,2024-12-04 20:15:00,2025-01-01 17:30:00,-1.6007515430892947,Strong Short,Normal,True,away,0.12160630155629958,-0.4002758,-0.1185098
Brentford,2024,2024-12-07 15:00:00,2025-01-04 15:00:00,-2.8235057205054424,Strong Short,Normal,True,home,0.12160630155629958,-0.7989219999999999,0.4420381999999998
Brentford,2024,2024-12-15 19:00:00,2025-01-14 19:30:00,-1.5390142142694119,Strong Short,Normal,True,away,0.12160630155629958,-0.380148,0.3884921999999998
Brentford,2024,2024-12-21 15:00:00,2025-01-18 15:00:00,-1.8912198504475557,Strong Short,Normal,True,home,0.12160630155629958,-0.4949752,0.4747333999999998
Brentford,2024,2024-12-27 19:30:00,2025-01-26 14:00:00,-0.20889589034206504,Neutral,Normal,False,away,0.12160630155629958,0.0535013999999999,0.2665607999999998
Brentford,2024,2025-01-01 17:30:00,2025-02-02 14:00:00,-0.7365001001962275,Weak Short,Normal,False,home,0.12160630155629958,-0.1185098,0.7449899999999998
Brentford,2024,2025-01-04 15:00:00,2025-02-15 15:00:00,0.9828500620335057,Weak Long,Break,False,away,0.12160630155629958,0.4420381999999998,0.8282399999999999
Brentford,2024,2025-01-14 19:30:00,2025-02-21 20:00:00,0.8186102042751097,Weak Long,Break,True,home,0.12160630155629958,0.3884921999999998,0.3569939999999999
Brentford,2024,2025-01-18 15:00:00,2025-02-26 19:30:00,1.083134957214888,Weak Long,Break,True,home,0.12160630155629958,0.4747333999999998,0.1849699999999999
Brentford,2024,2025-01-26 14:00:00,2025-03-08 17:30:00,0.4446140926648667,Neutral,Break,False,away,0.12160630155629958,0.2665607999999998,0.3284445999999999
Brentford,2024,2025-02-02 14:00:00,2025-03-15 17:30:00,1.9120840018170564,Strong Long,Break,True,home,0.12160630155629958,0.7449899999999998,-0.0838634
Brentford,2024,2025-02-15 15:00:00,2025-04-02 19:45:00,2.1674339468808608,Strong Long,Break,True,away,0.12160630155629958,0.8282399999999999,-0.1704594
Brentford,2024,2025-02-21 20:00:00,2025-04-06 13:00:00,0.721996827222753,Weak Long,Break,False,away,0.12160630155629958,0.3569939999999999,0.4948566
Brentford,2024,2025-02-26 19:30:00,2025-04-12 16:30:00,0.19435335635601608,Neutral,Break,False,home,0.12160630155629958,0.1849699999999999,0.3445551999999999
Brentford,2024,2025-03-08 17:30:00,2025-04-19 14:00:00,0.6344282059422177,Weak Long,Break,True,home,0.12160630155629958,0.3284445999999999,0.0080385999999998
Brentford,2024,2025-03-15 17:30:00,2025-05-01 18:30:00,-0.6302303544105387,Weak Short,Normal,True,away,0.12160630155629958,-0.0838634,-0.0084954000000001
Brentford,2024,2025-04-02 19:45:00,2025-05-04 13:00:00,-0.895843373542613,Weak Short,Normal,False,away,0.12160630155629958,-0.1704594,-0.1974234000000001
Brentford,2024,2025-04-06 13:00:00,2025-05-10 14:00:00,1.1448581766083774,Weak Long,Break,False,home,0.12160630155629958,0.4948566,-0.4055154000000001
Brentford,2024,2025-04-12 16:30:00,2025-05-18 14:00:00,0.6838437113469614,Weak Long,Break,False,away,0.12160630155629958,0.3445551999999999,-0.2371420000000001
Brentford,2024,2025-04-19 14:00:00,2025-05-25 15:00:00,-0.3483424186597437,Neutral,Normal,True,home,0.12160630155629958,0.0080385999999998,0.1662179999999999
