id,date,season_start,home_team,away_team,home_goals,away_goals,home_xg,away_xg
81,2015-08-08 15:45:00,2015,Manchester United,Tottenham,1,0,0.627539,0.6746
82,2015-08-08 18:00:00,2015,Bournemouth,Aston Villa,0,1,0.876106,0.782253
83,2015-08-08 18:00:00,2015,Everton,Watford,2,2,0.604226,0.557892
84,2015-08-08 18:00:00,2015,Leicester,Sunderland,4,2,2.56803,1.45946
85,2015-08-08 18:00:00,2015,Norwich,Crystal Palace,1,3,1.13076,2.10975
86,2015-08-08 20:30:00,2015,Chelsea,Swansea,2,2,0.64396,2.59203
87,2015-08-09 16:30:00,2015,Newcastle United,Southampton,2,2,1.54613,1.2529
88,2015-08-09 16:30:00,2015,Arsenal,West Ham,0,2,1.33166,0.535961
89,2015-08-09 19:00:00,2015,Stoke,Liverpool,0,1,0.381274,0.329873
90,2015-08-10 23:00:00,2015,West Bromwich Albion,Manchester City,0,3,0.435238,1.9242
91,2015-08-14 22:45:00,2015,Aston Villa,Manchester United,0,1,0.219118,0.660404
92,2015-08-15 15:45:00,2015,Southampton,Everton,0,3,1.06214,1.39628
97,2015-08-15 18:00:00,2015,West Ham,Leicester,1,2,0.513491,1.80939
96,2015-08-15 18:00:00,2015,Watford,West Bromwich Albion,0,0,0.760848,0.684036
95,2015-08-15 18:00:00,2015,Tottenham,Stoke,2,2,1.70614,2.80956
94,2015-08-15 18:00:00,2015,Swansea,Newcastle United,2,0,1.97424,0.113109
93,2015-08-15 18:00:00,2015,Sunderland,Norwich,1,3,0.329128,1.71686
98,2015-08-16 16:30:00,2015,Crystal Palace,Arsenal,1,2,0.964134,2.05542
99,2015-08-16 19:00:00,2015,Manchester City,Chelsea,3,0,2.18579,0.482423
100,2015-08-17 23:00:00,2015,Liverpool,Bournemouth,1,0,2.15062,0.460805
101,2015-08-22 15:45:00,2015,Manchester United,Newcastle United,0,0,1.2491,0.4384
102,2015-08-22 18:00:00,2015,Norwich,Stoke,1,1,3.14888,0.698228
103,2015-08-22 18:00:00,2015,Sunderland,Swansea,1,1,0.569426,1.56064
104,2015-08-22 18:00:00,2015,Crystal Palace,Aston Villa,2,1,1.23807,0.765278
105,2015-08-22 18:00:00,2015,Leicester,Tottenham,1,1,0.829012,1.89437
106,2015-08-22 18:00:00,2015,West Ham,Bournemouth,3,4,1.50203,2.8554
107,2015-08-23 16:30:00,2015,West Bromwich Albion,Chelsea,2,3,1.42622,2.02778
108,2015-08-23 19:00:00,2015,Everton,Manchester City,0,2,0.579338,1.57983
109,2015-08-23 19:00:00,2015,Watford,Southampton,0,0,1.17588,0.68359
110,2015-08-24 23:00:00,2015,Arsenal,Liverpool,0,0,1.83755,1.29206
111,2015-08-29 15:45:00,2015,Newcastle United,Arsenal,0,1,0.0319694,2.33948
112,2015-08-29 18:00:00,2015,Stoke,West Bromwich Albion,0,1,1.21771,0.881194
113,2015-08-29 18:00:00,2015,Aston Villa,Sunderland,2,2,2.27406,0.368848
114,2015-08-29 18:00:00,2015,Bournemouth,Leicester,1,1,0.321432,0.919097
115,2015-08-29 18:00:00,2015,Chelsea,Crystal Palace,1,2,1.27906,2.19283
116,2015-08-29 18:00:00,2015,Liverpool,West Ham,0,3,0.561737,0.97217
117,2015-08-29 18:00:00,2015,Manchester City,Watford,2,0,1.52895,0.363603
118,2015-08-29 20:30:00,2015,Tottenham,Everton,0,0,1.99917,0.694692
119,2015-08-30 16:30:00,2015,Southampton,Norwich,3,0,2.85501,0.639434
120,2015-08-30 19:00:00,2015,Swansea,Manchester United,2,1,0.971183,1.28089
121,2015-09-12 15:45:00,2015,Everton,Chelsea,3,1,1.18026,0.656048
126,2015-09-12 18:00:00,2015,Norwich,Bournemouth,3,1,1.33151,0.389495
124,2015-09-12 18:00:00,2015,Watford,Swansea,1,0,1.57333,0.503008
125,2015-09-12 18:00:00,2015,West Bromwich Albion,Southampton,0,0,0.409143,1.00731
122,2015-09-12 18:00:00,2015,Arsenal,Stoke,2,0,4.42684,0.191277
123,2015-09-12 18:00:00,2015,Crystal Palace,Manchester City,0,1,0.743193,3.08883
127,2015-09-12 20:30:00,2015,Manchester United,Liverpool,3,1,1.46206,1.02572
128,2015-09-13 16:30:00,2015,Sunderland,Tottenham,0,1,1.0407,1.45615
129,2015-09-13 19:00:00,2015,Leicester,Aston Villa,3,2,1.34987,0.953181
130,2015-09-14 23:00:00,2015,West Ham,Newcastle United,2,0,1.71282,0.716599
131,2015-09-19 15:45:00,2015,Chelsea,Arsenal,2,0,2.0687,0.775312
132,2015-09-19 18:00:00,2015,Newcastle United,Watford,1,2,1.15114,1.33961
133,2015-09-19 18:00:00,2015,Aston Villa,West Bromwich Albion,0,1,0.876719,0.632761
134,2015-09-19 18:00:00,2015,Bournemouth,Sunderland,2,0,0.644335,0.854867
135,2015-09-19 18:00:00,2015,Stoke,Leicester,2,2,1.14717,1.22582
136,2015-09-19 18:00:00,2015,Swansea,Everton,0,0,0.864868,1.77458
137,2015-09-19 20:30:00,2015,Manchester City,West Ham,1,2,2.98465,0.995273
138,2015-09-20 16:30:00,2015,Tottenham,Crystal Palace,1,0,1.01573,0.538439
140,2015-09-20 19:00:00,2015,Liverpool,Norwich,1,1,1.90447,0.556271
139,2015-09-20 19:00:00,2015,Southampton,Manchester United,2,3,1.83663,1.65119
141,2015-09-26 15:45:00,2015,Tottenham,Manchester City,4,1,2.30799,1.57842
142,2015-09-26 18:00:00,2015,Southampton,Swansea,3,1,1.55418,1.41962
143,2015-09-26 18:00:00,2015,Stoke,Bournemouth,2,1,1.94483,0.871678
144,2015-09-26 18:00:00,2015,Leicester,Arsenal,2,5,1.38516,3.89623
145,2015-09-26 18:00:00,2015,Liverpool,Aston Villa,3,2,1.78331,0.892054
146,2015-09-26 18:00:00,2015,Manchester United,Sunderland,3,0,2.8971,0.832139
147,2015-09-26 18:00:00,2015,West Ham,Norwich,2,2,2.60407,1.38603
148,2015-09-26 20:30:00,2015,Newcastle United,Chelsea,2,2,0.702109,1.30593
149,2015-09-27 19:00:00,2015,Watford,Crystal Palace,0,1,0.685939,2.33566
150,2015-09-28 23:00:00,2015,West Bromwich Albion,Everton,2,3,1.27511,2.30159
151,2015-10-03 15:45:00,2015,Crystal Palace,West Bromwich Albion,2,0,1.99083,0.255528
156,2015-10-03 18:00:00,2015,Sunderland,West Ham,2,2,1.08401,1.93656
155,2015-10-03 18:00:00,2015,Norwich,Leicester,1,2,1.18074,3.00282
154,2015-10-03 18:00:00,2015,Manchester City,Newcastle United,6,1,3.3346,0.980279
153,2015-10-03 18:00:00,2015,Bournemouth,Watford,1,1,1.50268,0.913291
152,2015-10-03 18:00:00,2015,Aston Villa,Stoke,0,1,0.839028,1.03499
157,2015-10-03 20:30:00,2015,Chelsea,Southampton,1,3,0.520175,1.58246
158,2015-10-04 16:30:00,2015,Everton,Liverpool,1,1,1.20063,1.30844
159,2015-10-04 19:00:00,2015,Swansea,Tottenham,2,2,0.774806,1.18142
160,2015-10-04 19:00:00,2015,Arsenal,Manchester United,3,0,2.16952,1.03953
161,2015-10-17 15:45:00,2015,Tottenham,Liverpool,0,0,0.586228,0.715892
162,2015-10-17 18:00:00,2015,Southampton,Leicester,2,2,1.46668,2.78648
163,2015-10-17 18:00:00,2015,West Bromwich Albion,Sunderland,1,0,2.07781,0.658473
164,2015-10-17 18:00:00,2015,Chelsea,Aston Villa,2,0,1.22875,0.795846
165,2015-10-17 18:00:00,2015,Crystal Palace,West Ham,1,3,1.08391,2.76356
166,2015-10-17 18:00:00,2015,Everton,Manchester United,0,3,0.653457,1.47853
167,2015-10-17 18:00:00,2015,Manchester City,Bournemouth,5,1,4.71274,0.173025
168,2015-10-17 20:30:00,2015,Watford,Arsenal,0,3,0.254791,2.69046
169,2015-10-18 19:00:00,2015,Newcastle United,Norwich,6,2,2.24896,1.34395
170,2015-10-19 23:00:00,2015,Swansea,Stoke,0,1,0.485489,1.64894
171,2015-10-24 18:00:00,2015,Aston Villa,Swansea,1,2,1.09516,1.74353
172,2015-10-24 18:00:00,2015,Leicester,Crystal Palace,1,0,1.33502,0.240008
173,2015-10-24 18:00:00,2015,West Ham,Chelsea,2,1,0.77284,1.1356
174,2015-10-24 18:00:00,2015,Norwich,West Bromwich Albion,0,1,1.03228,1.45436
175,2015-10-24 18:00:00,2015,Stoke,Watford,0,2,0.848432,1.0403
176,2015-10-24 20:30:00,2015,Arsenal,Everton,2,1,2.55754,0.373025
177,2015-10-25 16:00:00,2015,Sunderland,Newcastle United,3,0,2.37969,1.41744
178,2015-10-25 18:05:00,2015,Bournemouth,Tottenham,1,5,0.490581,3.43313
179,2015-10-25 18:05:00,2015,Manchester United,Manchester City,0,0,0.391754,0.310718
180,2015-10-25 20:15:00,2015,Liverpool,Southampton,1,1,0.682823,1.56383
181,2015-10-31 16:45:00,2015,Chelsea,Liverpool,1,3,0.735762,0.839342
187,2015-10-31 19:00:00,2015,West Bromwich Albion,Leicester,2,3,1.50447,2.22545
186,2015-10-31 19:00:00,2015,Watford,West Ham,2,0,1.61544,0.605625
185,2015-10-31 19:00:00,2015,Swansea,Arsenal,0,3,0.264441,2.17657
183,2015-10-31 19:00:00,2015,Manchester City,Norwich,2,1,2.83557,1.17497
182,2015-10-31 19:00:00,2015,Crystal Palace,Manchester United,0,0,0.939118,0.394404
184,2015-10-31 19:00:00,2015,Newcastle United,Stoke,0,0,1.26075,1.38017
188,2015-11-01 17:30:00,2015,Everton,Sunderland,6,2,2.34852,1.21834
189,2015-11-01 20:00:00,2015,Southampton,Bournemouth,2,0,1.15966,0.712132
190,2015-11-03 00:00:00,2015,Tottenham,Aston Villa,3,1,1.14374,0.325711
191,2015-11-07 16:45:00,2015,Bournemouth,Newcastle United,0,1,1.00427,0.504409
196,2015-11-07 19:00:00,2015,Sunderland,Southampton,0,1,0.299104,1.79578
192,2015-11-07 19:00:00,2015,Leicester,Watford,2,1,1.56389,1.00531
193,2015-11-07 19:00:00,2015,Manchester United,West Bromwich Albion,2,0,1.2779,0.594031
194,2015-11-07 19:00:00,2015,Norwich,Swansea,1,0,1.19517,0.402284
195,2015-11-07 19:00:00,2015,West Ham,Everton,1,1,0.589567,1.08814
197,2015-11-07 21:30:00,2015,Stoke,Chelsea,1,0,0.825418,1.02642
198,2015-11-08 17:30:00,2015,Aston Villa,Manchester City,0,0,0.182741,1.53281
199,2015-11-08 20:00:00,2015,Arsenal,Tottenham,1,1,2.01767,0.90585
200,2015-11-08 20:00:00,2015,Liverpool,Crystal Palace,1,2,2.15673,0.849281
201,2015-11-21 16:45:00,2015,Watford,Manchester United,1,2,1.47077,1.30264
202,2015-11-21 19:00:00,2015,Swansea,Bournemouth,2,2,1.88526,1.58509
203,2015-11-21 19:00:00,2015,Southampton,Stoke,0,1,0.709485,1.19495
204,2015-11-21 19:00:00,2015,West Bromwich Albion,Arsenal,2,1,0.332888,2.08956
205,2015-11-21 19:00:00,2015,Newcastle United,Leicester,0,3,0.372387,3.27478
206,2015-11-21 19:00:00,2015,Everton,Aston Villa,4,0,2.83068,0.322061
207,2015-11-21 19:00:00,2015,Chelsea,Norwich,1,0,2.16487,0.202798
208,2015-11-21 21:30:00,2015,Manchester City,Liverpool,1,4,1.08612,2.61697
209,2015-11-22 20:00:00,2015,Tottenham,West Ham,4,1,3.22353,0.818937
210,2015-11-24 00:00:00,2015,Crystal Palace,Sunderland,0,1,0.696183,1.30739
215,2015-11-28 19:00:00,2015,Manchester City,Southampton,3,1,2.12331,1.24478
214,2015-11-28 19:00:00,2015,Crystal Palace,Newcastle United,5,1,1.67836,0.791299
211,2015-11-28 19:00:00,2015,Sunderland,Stoke,2,0,0.863466,0.79464
212,2015-11-28 19:00:00,2015,Aston Villa,Watford,2,3,1.48969,1.45176
213,2015-11-28 19:00:00,2015,Bournemouth,Everton,3,3,1.69105,0.729005
216,2015-11-28 21:30:00,2015,Leicester,Manchester United,1,1,0.876256,1.05613
217,2015-11-29 16:00:00,2015,Tottenham,Chelsea,0,0,0.333494,0.283375
218,2015-11-29 18:05:00,2015,West Ham,West Bromwich Albion,1,1,1.41404,0.866305
219,2015-11-29 20:15:00,2015,Liverpool,Swansea,1,0,1.19358,0.367517
220,2015-11-29 20:15:00,2015,Norwich,Arsenal,1,1,1.01025,1.65699
221,2015-12-05 16:45:00,2015,Stoke,Manchester City,2,0,2.01436,0.483752
227,2015-12-05 19:00:00,2015,Southampton,Aston Villa,1,1,2.86051,1.058
225,2015-12-05 19:00:00,2015,Arsenal,Sunderland,3,1,2.29559,1.5228
226,2015-12-05 19:00:00,2015,Manchester United,West Ham,0,0,1.76061,1.10206
223,2015-12-05 19:00:00,2015,Watford,Norwich,2,0,2.07199,0.310524
224,2015-12-05 19:00:00,2015,West Bromwich Albion,Tottenham,1,1,1.48695,1.12876
222,2015-12-05 19:00:00,2015,Swansea,Leicester,0,3,0.780602,2.20962
228,2015-12-05 21:30:00,2015,Chelsea,Bournemouth,0,1,1.66952,1.25911
229,2015-12-06 20:00:00,2015,Newcastle United,Liverpool,2,0,0.646346,0.999043
230,2015-12-08 00:00:00,2015,Everton,Crystal Palace,1,1,1.69774,1.1905
231,2015-12-12 16:45:00,2015,Norwich,Everton,1,1,1.49283,2.43558
232,2015-12-12 19:00:00,2015,Manchester City,Swansea,2,1,1.34338,0.962789
233,2015-12-12 19:00:00,2015,Sunderland,Watford,0,1,0.879474,2.0562
234,2015-12-12 19:00:00,2015,Crystal Palace,Southampton,1,0,1.31177,0.890411
235,2015-12-12 19:00:00,2015,West Ham,Stoke,0,0,1.13181,1.87239
236,2015-12-12 21:30:00,2015,Bournemouth,Manchester United,2,1,1.05032,1.96768
237,2015-12-13 17:30:00,2015,Aston Villa,Arsenal,0,2,1.00876,1.68498
239,2015-12-13 20:00:00,2015,Tottenham,Newcastle United,1,2,1.03317,1.55252
238,2015-12-13 20:00:00,2015,Liverpool,West Bromwich Albion,2,2,2.12583,0.835885
240,2015-12-15 00:00:00,2015,Leicester,Chelsea,2,1,0.708846,2.26887
241,2015-12-19 19:00:00,2015,West Bromwich Albion,Bournemouth,1,2,0.698255,1.89177
242,2015-12-19 19:00:00,2015,Southampton,Tottenham,0,2,0.83385,1.47453
243,2015-12-19 19:00:00,2015,Stoke,Crystal Palace,1,2,2.41499,1.95347
244,2015-12-19 19:00:00,2015,Chelsea,Sunderland,3,1,3.02023,1.23573
245,2015-12-19 19:00:00,2015,Everton,Leicester,2,3,1.48982,2.02911
246,2015-12-19 19:00:00,2015,Manchester United,Norwich,1,2,1.01394,0.556897
247,2015-12-19 21:30:00,2015,Newcastle United,Aston Villa,1,1,1.28189,0.404373
248,2015-12-20 17:30:00,2015,Watford,Liverpool,3,0,1.99336,0.376313
249,2015-12-20 20:00:00,2015,Swansea,West Ham,0,0,0.973378,0.401988
250,2015-12-22 00:00:00,2015,Arsenal,Manchester City,2,1,1.50109,0.769378
251,2015-12-26 16:45:00,2015,Stoke,Manchester United,2,0,1.18211,1.28961
256,2015-12-26 19:00:00,2015,Chelsea,Watford,2,2,2.09356,1.667
258,2015-12-26 19:00:00,2015,Manchester City,Sunderland,4,1,3.51848,1.08103
255,2015-12-26 19:00:00,2015,Bournemouth,Crystal Palace,0,0,0.871395,0.405181
257,2015-12-26 19:00:00,2015,Liverpool,Leicester,1,0,1.37933,0.505167
253,2015-12-26 19:00:00,2015,Tottenham,Norwich,3,0,2.40666,0.452019
252,2015-12-26 19:00:00,2015,Swansea,West Bromwich Albion,1,0,1.21243,0.554583
254,2015-12-26 19:00:00,2015,Aston Villa,West Ham,1,1,1.61235,0.836027
259,2015-12-26 21:30:00,2015,Newcastle United,Everton,0,1,1.35711,1.69923
260,2015-12-26 23:45:00,2015,Southampton,Arsenal,4,0,2.4303,0.83106
261,2015-12-28 19:00:00,2015,West Bromwich Albion,Newcastle United,1,0,2.1039,0.456189
262,2015-12-28 19:00:00,2015,Watford,Tottenham,1,2,1.13011,0.527248
263,2015-12-28 19:00:00,2015,Norwich,Aston Villa,2,0,1.10319,0.235874
264,2015-12-28 19:00:00,2015,Crystal Palace,Swansea,0,0,0.735185,0.169425
265,2015-12-28 19:00:00,2015,Everton,Stoke,3,4,2.2472,1.58159
266,2015-12-28 21:30:00,2015,Arsenal,Bournemouth,2,0,3.12958,0.343752
267,2015-12-28 21:30:00,2015,Manchester United,Chelsea,0,0,1.35213,0.900029
268,2015-12-28 21:30:00,2015,West Ham,Southampton,2,1,1.79562,1.3709
269,2015-12-29 23:45:00,2015,Leicester,Manchester City,0,0,0.810377,1.66777
270,2015-12-30 23:45:00,2015,Sunderland,Liverpool,0,1,0.481551,1.80743
271,2016-01-02 16:45:00,2015,West Ham,Liverpool,2,0,2.06737,1.86591
273,2016-01-02 19:00:00,2015,Arsenal,Newcastle United,1,0,1.93025,1.15339
274,2016-01-02 19:00:00,2015,Leicester,Bournemouth,0,0,2.28506,1.2593
275,2016-01-02 19:00:00,2015,Manchester United,Swansea,2,1,1.74266,0.542907
276,2016-01-02 19:00:00,2015,Norwich,Southampton,1,0,1.50509,0.932294
277,2016-01-02 19:00:00,2015,Sunderland,Aston Villa,3,1,0.761225,0.27956
272,2016-01-02 19:00:00,2015,West Bromwich Albion,Stoke,2,1,1.72318,0.917526
278,2016-01-02 21:30:00,2015,Watford,Manchester City,1,2,0.985368,0.692054
279,2016-01-03 17:30:00,2015,Crystal Palace,Chelsea,0,3,0.546499,2.3747
280,2016-01-03 20:00:00,2015,Everton,Tottenham,1,1,0.721603,0.75907
281,2016-01-12 23:45:00,2015,Newcastle United,Manchester United,3,3,1.81304,2.36216
282,2016-01-12 23:45:00,2015,Aston Villa,Crystal Palace,1,0,0.551973,0.547913
283,2016-01-12 23:45:00,2015,Bournemouth,West Ham,1,3,0.729546,1.18455
288,2016-01-13 23:45:00,2015,Manchester City,Everton,0,0,1.44957,0.369548
287,2016-01-13 23:45:00,2015,Chelsea,West Bromwich Albion,2,2,1.38532,0.704263
286,2016-01-13 23:45:00,2015,Swansea,Sunderland,2,4,1.06526,2.49057
284,2016-01-13 23:45:00,2015,Southampton,Watford,2,0,1.7224,0.11543
285,2016-01-13 23:45:00,2015,Stoke,Norwich,3,1,1.24456,0.193728
289,2016-01-14 00:00:00,2015,Liverpool,Arsenal,3,3,1.16222,2.22912
290,2016-01-14 00:00:00,2015,Tottenham,Leicester,0,1,1.2301,0.588708
291,2016-01-16 16:45:00,2015,Tottenham,Sunderland,4,1,2.02579,0.617306
292,2016-01-16 19:00:00,2015,Manchester City,Crystal Palace,4,0,1.74025,0.613339
293,2016-01-16 19:00:00,2015,Newcastle United,West Ham,2,1,1.84261,1.08248
294,2016-01-16 19:00:00,2015,Southampton,West Bromwich Albion,3,0,1.42623,0.410757
295,2016-01-16 19:00:00,2015,Chelsea,Everton,3,3,2.44864,1.5891
296,2016-01-16 19:00:00,2015,Bournemouth,Norwich,3,0,2.53086,0.595472
297,2016-01-16 21:30:00,2015,Aston Villa,Leicester,1,1,0.665386,2.21525
298,2016-01-17 18:05:00,2015,Liverpool,Manchester United,0,1,0.952974,0.715703
299,2016-01-17 20:15:00,2015,Stoke,Arsenal,0,0,0.546879,0.585841
300,2016-01-19 00:00:00,2015,Swansea,Watford,1,0,0.474035,0.525478
301,2016-01-23 16:45:00,2015,Norwich,Liverpool,4,5,1.03432,1.44943
302,2016-01-23 19:00:00,2015,Crystal Palace,Tottenham,1,3,0.930792,1.74368
303,2016-01-23 19:00:00,2015,Manchester United,Southampton,0,1,0.187217,0.83591
304,2016-01-23 19:00:00,2015,Leicester,Stoke,3,0,2.25906,0.340483
305,2016-01-23 19:00:00,2015,West Bromwich Albion,Aston Villa,0,0,0.23184,0.562461
306,2016-01-23 19:00:00,2015,Sunderland,Bournemouth,1,1,0.612134,1.26851
307,2016-01-23 19:00:00,2015,Watford,Newcastle United,2,1,2.58707,1.29267
308,2016-01-23 21:30:00,2015,West Ham,Manchester City,2,2,1.01267,1.73182
309,2016-01-24 17:30:00,2015,Everton,Swansea,1,2,1.94094,1.08055
310,2016-01-24 20:00:00,2015,Arsenal,Chelsea,0,1,1.10907,1.48778
311,2016-02-02 23:45:00,2015,Arsenal,Southampton,0,0,3.38487,0.93405
312,2016-02-02 23:45:00,2015,Leicester,Liverpool,2,0,1.34566,0.580791
313,2016-02-02 23:45:00,2015,Norwich,Tottenham,0,3,0.929319,2.75469
314,2016-02-02 23:45:00,2015,Sunderland,Manchester City,0,1,0.888437,0.638461
315,2016-02-02 23:45:00,2015,West Ham,Aston Villa,2,0,2.34619,0.107888
318,2016-02-03 00:00:00,2015,West Bromwich Albion,Swansea,1,1,2.30645,1.17928
317,2016-02-03 00:00:00,2015,Manchester United,Stoke,3,0,2.45272,0.350909
316,2016-02-03 00:00:00,2015,Crystal Palace,Bournemouth,1,2,1.62395,1.17427
319,2016-02-03 23:45:00,2015,Everton,Newcastle United,3,0,2.48447,0.626239
320,2016-02-03 23:45:00,2015,Watford,Chelsea,0,0,0.531415,1.13694
321,2016-02-06 16:45:00,2015,Manchester City,Leicester,1,3,1.70719,2.50168
322,2016-02-06 19:00:00,2015,Newcastle United,West Bromwich Albion,1,0,2.41057,0.472556
323,2016-02-06 19:00:00,2015,Stoke,Everton,0,3,0.693548,3.05913
324,2016-02-06 19:00:00,2015,Tottenham,Watford,1,0,2.00475,0.149839
325,2016-02-06 19:00:00,2015,Swansea,Crystal Palace,1,1,1.32136,1.01465
326,2016-02-06 19:00:00,2015,Aston Villa,Norwich,2,0,0.918291,1.1413
327,2016-02-06 19:00:00,2015,Liverpool,Sunderland,2,2,1.57712,0.491843
328,2016-02-06 21:30:00,2015,Southampton,West Ham,1,0,1.06493,0.970583
329,2016-02-07 17:30:00,2015,Bournemouth,Arsenal,0,2,0.584316,1.13957
330,2016-02-07 20:00:00,2015,Chelsea,Manchester United,1,1,1.61554,0.780475
331,2016-02-13 16:45:00,2015,Sunderland,Manchester United,2,1,1.48186,0.908296
336,2016-02-13 19:00:00,2015,Bournemouth,Stoke,1,3,1.19427,0.927348
335,2016-02-13 19:00:00,2015,Crystal Palace,Watford,1,2,0.983946,1.99728
332,2016-02-13 19:00:00,2015,Swansea,Southampton,0,1,0.699012,1.19353
333,2016-02-13 19:00:00,2015,Norwich,West Ham,2,2,1.03362,0.741428
334,2016-02-13 19:00:00,2015,Everton,West Bromwich Albion,0,1,1.82912,1.1974
337,2016-02-13 21:30:00,2015,Chelsea,Newcastle United,5,1,2.0858,0.430664
338,2016-02-14 16:00:00,2015,Arsenal,Leicester,2,1,2.36319,1.31246
339,2016-02-14 18:05:00,2015,Aston Villa,Liverpool,0,6,0.174868,2.00756
340,2016-02-14 20:15:00,2015,Manchester City,Tottenham,1,2,1.97876,1.23517
341,2016-02-27 16:45:00,2015,West Ham,Sunderland,1,0,0.52387,1.07887
342,2016-02-27 19:00:00,2015,Watford,Bournemouth,0,0,1.00481,0.955252
343,2016-02-27 19:00:00,2015,Leicester,Norwich,1,0,1.7645,0.814784
344,2016-02-27 19:00:00,2015,Southampton,Chelsea,1,2,1.01074,0.631036
345,2016-02-27 19:00:00,2015,Stoke,Aston Villa,2,1,2.04047,0.414343
346,2016-02-27 21:30:00,2015,West Bromwich Albion,Crystal Palace,3,2,2.07488,1.21638
348,2016-02-28 18:05:00,2015,Manchester United,Arsenal,3,2,1.09522,1.5435
347,2016-02-28 18:05:00,2015,Tottenham,Swansea,2,1,3.57325,1.24938
349,2016-03-01 23:45:00,2015,Aston Villa,Everton,1,3,0.60177,2.63668
350,2016-03-01 23:45:00,2015,Bournemouth,Southampton,2,0,1.41228,0.954161
351,2016-03-01 23:45:00,2015,Leicester,West Bromwich Albion,2,2,3.04626,1.29485
352,2016-03-01 23:45:00,2015,Sunderland,Crystal Palace,2,2,0.93375,0.887448
353,2016-03-01 23:45:00,2015,Norwich,Chelsea,1,2,1.24159,0.980988
354,2016-03-02 23:45:00,2015,West Ham,Tottenham,1,0,0.784319,1.22673
355,2016-03-02 23:45:00,2015,Arsenal,Swansea,1,2,1.4928,1.69788
356,2016-03-02 23:45:00,2015,Stoke,Newcastle United,1,0,0.298318,0.270782
357,2016-03-03 00:00:00,2015,Liverpool,Manchester City,3,0,1.16781,0.180318
358,2016-03-03 00:00:00,2015,Manchester United,Watford,1,0,0.786278,2.16484
359,2016-03-05 16:45:00,2015,Tottenham,Arsenal,2,2,1.88378,0.543157
365,2016-03-05 19:00:00,2015,Newcastle United,Bournemouth,1,3,0.833931,1.26853
364,2016-03-05 19:00:00,2015,Manchester City,Aston Villa,4,0,2.83271,0.121136
363,2016-03-05 19:00:00,2015,Everton,West Ham,2,3,2.09025,2.72091
362,2016-03-05 19:00:00,2015,Chelsea,Stoke,1,1,1.0615,1.60285
361,2016-03-05 19:00:00,2015,Swansea,Norwich,1,0,0.545937,0.580126
360,2016-03-05 19:00:00,2015,Southampton,Sunderland,1,1,1.54587,1.31562
366,2016-03-05 21:30:00,2015,Watford,Leicester,0,1,0.829318,1.47042
367,2016-03-06 17:30:00,2015,Crystal Palace,Liverpool,1,2,1.43901,2.27087
368,2016-03-06 20:00:00,2015,West Bromwich Albion,Manchester United,1,0,0.565787,0.417622
369,2016-03-12 16:45:00,2015,Norwich,Manchester City,0,0,0.139743,0.557373
370,2016-03-12 19:00:00,2015,Stoke,Southampton,1,2,1.06676,0.874966
371,2016-03-12 19:00:00,2015,Bournemouth,Swansea,3,2,0.70756,1.09562
372,2016-03-13 20:00:00,2015,Aston Villa,Tottenham,0,2,1.84022,2.00141
373,2016-03-14 00:00:00,2015,Leicester,Newcastle United,1,0,0.846771,0.518715
374,2016-03-19 16:45:00,2015,Everton,Arsenal,0,2,0.58617,1.92384
378,2016-03-19 19:00:00,2015,West Bromwich Albion,Norwich,0,1,0.332789,0.799255
377,2016-03-19 19:00:00,2015,Watford,Stoke,1,2,0.879462,1.58145
376,2016-03-19 19:00:00,2015,Chelsea,West Ham,2,2,2.1406,0.862828
375,2016-03-19 19:00:00,2015,Crystal Palace,Leicester,0,1,0.784339,1.20315
379,2016-03-19 21:30:00,2015,Swansea,Aston Villa,1,0,0.490469,0.730828
380,2016-03-20 17:30:00,2015,Southampton,Liverpool,3,2,1.56873,1.29046
381,2016-03-20 17:30:00,2015,Newcastle United,Sunderland,1,1,0.940593,0.785017
382,2016-03-20 20:00:00,2015,Manchester City,Manchester United,0,1,1.86249,0.900312
383,2016-03-20 20:00:00,2015,Tottenham,Bournemouth,3,0,2.02694,0.120366
384,2016-04-02 15:45:00,2015,Aston Villa,Chelsea,0,4,0.72512,2.49358
385,2016-04-02 18:00:00,2015,Arsenal,Watford,4,0,3.00742,0.290619
386,2016-04-02 18:00:00,2015,Bournemouth,Manchester City,0,4,1.3239,0.868303
387,2016-04-02 18:00:00,2015,Norwich,Newcastle United,3,2,1.65216,1.46835
388,2016-04-02 18:00:00,2015,Stoke,Swansea,2,2,1.17598,0.4319
389,2016-04-02 18:00:00,2015,Sunderland,West Bromwich Albion,0,0,1.54544,0.0635563
390,2016-04-02 18:00:00,2015,West Ham,Crystal Palace,2,2,1.71369,1.65593
391,2016-04-02 20:30:00,2015,Liverpool,Tottenham,1,1,1.37954,1.23579
392,2016-04-03 16:30:00,2015,Leicester,Southampton,1,0,1.38701,0.670068
393,2016-04-03 19:00:00,2015,Manchester United,Everton,1,0,0.998692,0.755625
394,2016-04-09 15:45:00,2015,West Ham,Arsenal,3,3,1.10973,1.46966
395,2016-04-09 18:00:00,2015,Watford,Everton,1,1,0.408379,1.59979
396,2016-04-09 18:00:00,2015,Southampton,Newcastle United,3,1,1.78477,0.165982
397,2016-04-09 18:00:00,2015,Swansea,Chelsea,1,0,1.9071,1.3003
398,2016-04-09 18:00:00,2015,Aston Villa,Bournemouth,1,2,0.220872,1.0038
399,2016-04-09 18:00:00,2015,Crystal Palace,Norwich,1,0,1.45029,0.675663
400,2016-04-09 20:30:00,2015,Manchester City,West Bromwich Albion,2,1,2.07325,1.09413
401,2016-04-10 16:30:00,2015,Sunderland,Leicester,0,2,0.872232,2.60072
402,2016-04-10 19:00:00,2015,Tottenham,Manchester United,3,0,1.79647,0.341238
403,2016-04-10 19:00:00,2015,Liverpool,Stoke,4,1,2.21484,0.85508
404,2016-04-13 23:00:00,2015,Crystal Palace,Everton,0,0,1.59025,0.759269
405,2016-04-16 15:45:00,2015,Norwich,Sunderland,0,3,1.09006,1.99748
409,2016-04-16 18:00:00,2015,West Bromwich Albion,Watford,0,1,2.2915,0.364852
408,2016-04-16 18:00:00,2015,Newcastle United,Swansea,3,0,1.5024,0.787081
406,2016-04-16 18:00:00,2015,Manchester United,Aston Villa,1,0,1.09127,0.262427
407,2016-04-16 18:00:00,2015,Everton,Southampton,1,1,0.318721,1.38323
410,2016-04-16 20:30:00,2015,Chelsea,Manchester City,0,3,0.487715,2.62768
411,2016-04-17 16:30:00,2015,Leicester,West Ham,2,2,1.95296,1.56819
412,2016-04-17 16:30:00,2015,Bournemouth,Liverpool,1,2,0.85914,1.81443
413,2016-04-17 19:00:00,2015,Arsenal,Crystal Palace,1,1,1.73461,0.275806
414,2016-04-18 23:00:00,2015,Stoke,Tottenham,0,4,0.458376,2.89775
415,2016-04-19 22:45:00,2015,Newcastle United,Manchester City,1,1,0.455246,0.522043
416,2016-04-20 22:45:00,2015,West Ham,Watford,3,1,3.96294,1.22333
417,2016-04-20 23:00:00,2015,Manchester United,Crystal Palace,2,0,1.46607,0.137416
418,2016-04-20 23:00:00,2015,Liverpool,Everton,4,0,3.24472,0.0886329
419,2016-04-21 22:45:00,2015,Arsenal,West Bromwich Albion,2,0,1.37348,0.839742
420,2016-04-23 15:45:00,2015,Manchester City,Stoke,4,0,2.22482,1.09174
423,2016-04-23 18:00:00,2015,Liverpool,Newcastle United,2,2,0.712881,0.253033
421,2016-04-23 18:00:00,2015,Aston Villa,Southampton,2,4,1.47192,3.6648
422,2016-04-23 18:00:00,2015,Bournemouth,Chelsea,1,4,0.575087,2.07192
424,2016-04-24 17:05:00,2015,Sunderland,Arsenal,0,0,0.617149,0.97303
425,2016-04-24 19:15:00,2015,Leicester,Swansea,4,0,3.31579,0.576457
426,2016-04-25 23:00:00,2015,Tottenham,West Bromwich Albion,1,1,1.26346,0.894413
431,2016-04-30 18:00:00,2015,West Bromwich Albion,West Ham,0,3,1.5346,1.27183
427,2016-04-30 18:00:00,2015,Stoke,Sunderland,1,1,0.68487,1.43105
428,2016-04-30 18:00:00,2015,Newcastle United,Crystal Palace,1,0,0.53407,1.05079
429,2016-04-30 18:00:00,2015,Everton,Bournemouth,2,1,0.95281,1.42599
430,2016-04-30 18:00:00,2015,Watford,Aston Villa,3,2,1.36255,0.491793
432,2016-04-30 20:30:00,2015,Arsenal,Norwich,1,0,0.781508,0.578781
433,2016-05-01 15:00:00,2015,Swansea,Liverpool,3,1,2.31862,0.776186
434,2016-05-01 17:05:00,2015,Manchester United,Leicester,1,1,1.18462,1.16622
435,2016-05-01 19:30:00,2015,Southampton,Manchester City,4,2,2.84362,1.12719
436,2016-05-02 23:00:00,2015,Chelsea,Tottenham,2,2,0.81661,1.90407
437,2016-05-07 15:45:00,2015,Norwich,Manchester United,0,1,1.36825,1.48344
438,2016-05-07 18:00:00,2015,Crystal Palace,Stoke,2,1,1.31448,1.27766
439,2016-05-07 18:00:00,2015,West Ham,Swansea,1,4,2.39454,2.47265
440,2016-05-07 18:00:00,2015,Aston Villa,Newcastle United,0,0,0.0312154,1.09626
441,2016-05-07 18:00:00,2015,Bournemouth,West Bromwich Albion,1,1,0.814964,1.34282
442,2016-05-07 18:00:00,2015,Sunderland,Chelsea,3,2,0.773876,1.77677
443,2016-05-07 20:30:00,2015,Leicester,Everton,3,1,4.50525,1.30184
444,2016-05-08 16:30:00,2015,Tottenham,Southampton,1,2,2.55547,1.30812
445,2016-05-08 19:00:00,2015,Liverpool,Watford,2,0,2.38919,0.930803
446,2016-05-08 19:00:00,2015,Manchester City,Arsenal,2,2,0.75375,1.08084
447,2016-05-10 23:30:00,2015,West Ham,Manchester United,3,2,2.13311,0.635987
449,2016-05-11 22:45:00,2015,Sunderland,Everton,3,0,2.44887,1.16563
448,2016-05-11 22:45:00,2015,Norwich,Watford,4,2,2.41871,1.7686
450,2016-05-11 23:00:00,2015,Liverpool,Chelsea,1,1,1.83934,0.812268
451,2016-05-15 18:00:00,2015,Arsenal,Aston Villa,4,0,3.40207,0.222731
452,2016-05-15 18:00:00,2015,Chelsea,Leicester,1,1,1.86065,1.23491
453,2016-05-15 18:00:00,2015,Everton,Norwich,3,0,2.40775,0.43016
454,2016-05-15 18:00:00,2015,Newcastle United,Tottenham,5,1,2.42808,0.869082
455,2016-05-15 18:00:00,2015,Southampton,Crystal Palace,4,1,2.32278,1.24857
456,2016-05-15 18:00:00,2015,Stoke,West Ham,2,1,0.288737,2.94489
457,2016-05-15 18:00:00,2015,Swansea,Manchester City,1,1,0.115604,2.04003
458,2016-05-15 18:00:00,2015,Watford,Sunderland,2,2,1.95277,0.908817
459,2016-05-15 18:00:00,2015,West Bromwich Albion,Liverpool,1,1,1.86869,0.419877
460,2016-05-17 23:00:00,2015,Manchester United,Bournemouth,3,1,1.72109,0.503471
461,2016-08-13 15:30:00,2016,Hull,Leicester,2,1,0.740018,2.45631
466,2016-08-13 18:00:00,2016,Southampton,Watford,1,1,0.937328,0.180046
464,2016-08-13 18:00:00,2016,Burnley,Swansea,0,1,1.04903,1.72089
465,2016-08-13 18:00:00,2016,Middlesbrough,Stoke,1,1,1.80523,0.485626
462,2016-08-13 18:00:00,2016,Crystal Palace,West Bromwich Albion,0,1,0.990062,0.684593
463,2016-08-13 18:00:00,2016,Everton,Tottenham,1,1,0.790063,1.12348
467,2016-08-13 20:30:00,2016,Manchester City,Sunderland,2,1,1.95479,1.09877
468,2016-08-14 16:30:00,2016,Bournemouth,Manchester United,1,3,0.522847,1.91105
469,2016-08-14 19:00:00,2016,Arsenal,Liverpool,3,4,1.18197,1.6591
470,2016-08-15 23:00:00,2016,Chelsea,West Ham,2,1,1.4603,0.445604
471,2016-08-19 23:00:00,2016,Manchester United,Southampton,2,0,1.36553,0.613233
472,2016-08-20 15:30:00,2016,Stoke,Manchester City,1,4,1.31066,2.17198
473,2016-08-20 18:00:00,2016,Burnley,Liverpool,2,0,0.197536,0.939025
474,2016-08-20 18:00:00,2016,Swansea,Hull,0,2,1.14134,2.18655
475,2016-08-20 18:00:00,2016,Tottenham,Crystal Palace,1,0,2.25623,0.357943
476,2016-08-20 18:00:00,2016,Watford,Chelsea,1,2,0.804549,1.75595
477,2016-08-20 18:00:00,2016,West Bromwich Albion,Everton,1,2,2.01885,1.83897
478,2016-08-20 20:30:00,2016,Leicester,Arsenal,0,0,0.553693,0.521509
479,2016-08-21 16:30:00,2016,Sunderland,Middlesbrough,1,2,1.4645,0.854908
480,2016-08-21 19:00:00,2016,West Ham,Bournemouth,1,0,1.69288,0.39341
481,2016-08-27 15:30:00,2016,Tottenham,Liverpool,1,1,0.590511,1.92569
482,2016-08-27 18:00:00,2016,Watford,Arsenal,1,3,1.07775,2.03271
483,2016-08-27 18:00:00,2016,Leicester,Swansea,2,1,2.47977,0.32818
484,2016-08-27 18:00:00,2016,Southampton,Sunderland,1,1,0.613743,1.39142
485,2016-08-27 18:00:00,2016,Chelsea,Burnley,3,0,2.65838,0.18449
486,2016-08-27 18:00:00,2016,Crystal Palace,Bournemouth,1,1,2.659,0.974014
487,2016-08-27 18:00:00,2016,Everton,Stoke,1,0,2.31835,0.187415
488,2016-08-27 20:30:00,2016,Hull,Manchester United,0,1,0.268815,2.47208
489,2016-08-28 16:30:00,2016,West Bromwich Albion,Middlesbrough,0,0,0.696845,0.396816
490,2016-08-28 19:00:00,2016,Manchester City,West Ham,3,1,3.21624,1.08385
491,2016-09-10 15:30:00,2016,Manchester United,Manchester City,1,2,1.01013,1.88688
496,2016-09-10 18:00:00,2016,Burnley,Hull,1,1,0.453149,0.907116
497,2016-09-10 18:00:00,2016,West Ham,Watford,2,4,1.32216,1.85479
495,2016-09-10 18:00:00,2016,Bournemouth,West Bromwich Albion,1,0,0.986511,1.48347
494,2016-09-10 18:00:00,2016,Arsenal,Southampton,2,1,1.89219,1.17522
493,2016-09-10 18:00:00,2016,Stoke,Tottenham,0,4,1.01771,2.77025
492,2016-09-10 18:00:00,2016,Middlesbrough,Crystal Palace,1,2,0.611959,1.12437
498,2016-09-10 20:30:00,2016,Liverpool,Leicester,4,1,2.76916,1.22508
499,2016-09-11 19:00:00,2016,Swansea,Chelsea,2,2,1.2304,2.19035
500,2016-09-12 23:00:00,2016,Sunderland,Everton,0,3,1.0404,2.84526
501,2016-09-16 23:00:00,2016,Chelsea,Liverpool,1,2,1.16415,1.41642
502,2016-09-17 18:00:00,2016,Hull,Arsenal,1,4,0.969693,3.63453
503,2016-09-17 18:00:00,2016,Leicester,Burnley,3,0,1.98503,0.464523
504,2016-09-17 18:00:00,2016,Manchester City,Bournemouth,4,0,3.38733,0.389672
505,2016-09-17 18:00:00,2016,West Bromwich Albion,West Ham,4,2,1.94229,2.37422
506,2016-09-17 20:30:00,2016,Everton,Middlesbrough,3,1,1.17467,0.178081
507,2016-09-18 15:00:00,2016,Watford,Manchester United,3,1,1.74506,1.41359
508,2016-09-18 17:15:00,2016,Crystal Palace,Stoke,4,1,1.31366,1.20308
509,2016-09-18 17:15:00,2016,Southampton,Swansea,1,0,2.15218,0.490661
510,2016-09-18 19:30:00,2016,Tottenham,Sunderland,1,0,2.52591,0.960821
515,2016-09-24 15:00:00,2016,Swansea,Manchester City,1,3,1.11096,2.57704
511,2016-09-24 15:30:00,2016,Manchester United,Leicester,4,1,2.45604,0.286966
512,2016-09-24 18:00:00,2016,Middlesbrough,Tottenham,1,2,0.361508,1.4158
513,2016-09-24 18:00:00,2016,Stoke,West Bromwich Albion,1,1,0.979673,0.270862
514,2016-09-24 18:00:00,2016,Sunderland,Crystal Palace,2,3,1.51457,1.7887
516,2016-09-24 18:00:00,2016,Liverpool,Hull,5,1,4.64913,0.157549
517,2016-09-24 18:00:00,2016,Bournemouth,Everton,1,0,0.693594,1.15724
518,2016-09-24 20:30:00,2016,Arsenal,Chelsea,3,0,1.66224,0.613553
519,2016-09-25 19:00:00,2016,West Ham,Southampton,0,3,0.693818,2.97877
520,2016-09-26 23:00:00,2016,Burnley,Watford,2,0,0.569734,0.776105
521,2016-09-30 23:00:00,2016,Everton,Crystal Palace,1,1,1.1542,0.47692
522,2016-10-01 15:30:00,2016,Swansea,Liverpool,1,2,2.65842,2.02239
526,2016-10-01 18:00:00,2016,West Ham,Middlesbrough,1,1,0.883385,0.852603
525,2016-10-01 18:00:00,2016,Watford,Bournemouth,2,2,1.23419,1.35487
524,2016-10-01 18:00:00,2016,Hull,Chelsea,0,2,0.27266,1.99155
523,2016-10-01 18:00:00,2016,Sunderland,West Bromwich Albion,1,1,1.19268,0.88211
527,2016-10-02 15:00:00,2016,Manchester United,Stoke,1,1,2.80988,1.20043
528,2016-10-02 17:15:00,2016,Leicester,Southampton,0,0,0.446309,0.920963
529,2016-10-02 17:15:00,2016,Tottenham,Manchester City,2,0,1.69975,0.909513
530,2016-10-02 19:30:00,2016,Burnley,Arsenal,0,1,0.608783,1.85433
531,2016-10-15 15:30:00,2016,Chelsea,Leicester,3,0,3.11573,0.182549
532,2016-10-15 18:00:00,2016,Arsenal,Swansea,3,2,3.50519,1.74979
533,2016-10-15 18:00:00,2016,Bournemouth,Hull,6,1,2.92532,0.388589
534,2016-10-15 18:00:00,2016,Manchester City,Everton,1,1,2.69208,0.144498
535,2016-10-15 18:00:00,2016,Stoke,Sunderland,2,0,2.29543,0.587572
536,2016-10-15 18:00:00,2016,West Bromwich Albion,Tottenham,1,1,1.30365,1.32318
537,2016-10-15 20:30:00,2016,Crystal Palace,West Ham,0,1,1.94599,0.874219
538,2016-10-16 16:30:00,2016,Middlesbrough,Watford,0,1,0.528576,0.0893749
539,2016-10-16 19:00:00,2016,Southampton,Burnley,3,1,4.21181,1.03126
540,2016-10-17 23:00:00,2016,Liverpool,Manchester United,0,0,0.270441,0.537762
541,2016-10-22 15:30:00,2016,Bournemouth,Tottenham,0,0,0.523371,0.74529
542,2016-10-22 18:00:00,2016,West Ham,Sunderland,1,0,1.19585,0.808339
543,2016-10-22 18:00:00,2016,Swansea,Watford,0,0,1.33215,0.478578
544,2016-10-22 18:00:00,2016,Leicester,Crystal Palace,3,1,1.7041,1.656
545,2016-10-22 18:00:00,2016,Hull,Stoke,0,2,0.701606,1.04273
546,2016-10-22 18:00:00,2016,Burnley,Everton,2,1,0.905579,0.752795
547,2016-10-22 18:00:00,2016,Arsenal,Middlesbrough,0,0,0.711811,1.55581
548,2016-10-22 20:30:00,2016,Liverpool,West Bromwich Albion,2,1,2.2952,0.685982
549,2016-10-23 16:30:00,2016,Manchester City,Southampton,1,1,1.15321,0.563752
550,2016-10-23 19:00:00,2016,Chelsea,Manchester United,4,0,2.25192,0.742805
2677,2016-10-29 15:30:00,2016,Sunderland,Arsenal,1,4,0.853434,2.48348
2682,2016-10-29 18:00:00,2016,Manchester United,Burnley,0,0,2.72391,0.327957
2681,2016-10-29 18:00:00,2016,Middlesbrough,Bournemouth,2,0,1.44317,1.54599
2678,2016-10-29 18:00:00,2016,Tottenham,Leicester,1,1,1.69833,0.740987
2679,2016-10-29 18:00:00,2016,Watford,Hull,1,0,1.14991,0.251367
2680,2016-10-29 18:00:00,2016,West Bromwich Albion,Manchester City,0,4,0.596605,2.48018
2683,2016-10-29 20:30:00,2016,Crystal Palace,Liverpool,2,4,0.496044,2.26056
2684,2016-10-30 17:30:00,2016,Everton,West Ham,2,0,2.0087,0.944816
2685,2016-10-30 20:00:00,2016,Southampton,Chelsea,0,2,0.422364,1.14759
2686,2016-11-01 00:00:00,2016,Stoke,Swansea,3,1,2.16407,1.10058
2687,2016-11-05 19:00:00,2016,Bournemouth,Sunderland,1,2,2.6457,1.13672
2688,2016-11-05 19:00:00,2016,Burnley,Crystal Palace,3,2,2.25738,2.05902
2689,2016-11-05 19:00:00,2016,Manchester City,Middlesbrough,1,1,2.49606,0.208762
2690,2016-11-05 19:00:00,2016,West Ham,Stoke,1,1,0.404528,0.81046
2691,2016-11-05 21:30:00,2016,Chelsea,Everton,5,0,1.94078,0.0131321
2692,2016-11-06 16:00:00,2016,Arsenal,Tottenham,1,1,0.675745,1.19585
2693,2016-11-06 18:15:00,2016,Liverpool,Watford,6,1,4.18366,0.771133
2694,2016-11-06 18:15:00,2016,Hull,Southampton,2,1,0.561215,2.03046
2695,2016-11-06 19:00:00,2016,Swansea,Manchester United,1,3,0.51266,1.00006
2696,2016-11-06 20:30:00,2016,Leicester,West Bromwich Albion,1,2,0.629678,0.78196
2697,2016-11-19 16:30:00,2016,Manchester United,Arsenal,1,1,0.511462,0.575813
2698,2016-11-19 19:00:00,2016,Southampton,Liverpool,0,0,0.0942055,1.68802
2699,2016-11-19 19:00:00,2016,Stoke,Bournemouth,0,1,1.60429,1.24012
2700,2016-11-19 19:00:00,2016,Sunderland,Hull,3,0,0.951511,1.25065
2701,2016-11-19 19:00:00,2016,Watford,Leicester,2,1,0.7197,1.19686
2702,2016-11-19 19:00:00,2016,Everton,Swansea,1,1,1.54877,1.07471
2703,2016-11-19 19:00:00,2016,Crystal Palace,Manchester City,1,2,0.431559,1.39421
2704,2016-11-19 21:30:00,2016,Tottenham,West Ham,3,2,2.53396,1.76706
2705,2016-11-20 20:00:00,2016,Middlesbrough,Chelsea,0,1,0.55976,1.68738
2706,2016-11-22 00:00:00,2016,West Bromwich Albion,Burnley,4,0,1.40512,0.571005
2707,2016-11-26 16:30:00,2016,Burnley,Manchester City,1,2,0.475642,2.25698
2711,2016-11-26 19:00:00,2016,Leicester,Middlesbrough,2,2,2.0478,0.425252
2710,2016-11-26 19:00:00,2016,Liverpool,Sunderland,2,0,2.02461,0.291073
2708,2016-11-26 19:00:00,2016,Hull,West Bromwich Albion,1,1,0.424457,1.40213
2709,2016-11-26 19:00:00,2016,Swansea,Crystal Palace,5,4,3.3955,2.28156
2712,2016-11-26 21:30:00,2016,Chelsea,Tottenham,2,1,1.24948,0.422568
2713,2016-11-27 16:00:00,2016,Watford,Stoke,0,1,0.541915,0.704736
2714,2016-11-27 18:15:00,2016,Arsenal,Bournemouth,3,1,2.8697,2.0491
2715,2016-11-27 20:30:00,2016,Southampton,Everton,1,0,2.80562,0.615174
2716,2016-11-27 20:30:00,2016,Manchester United,West Ham,1,1,1.44452,0.749388
3108,2016-12-03 15:00:00,2016,Sunderland,Leicester,2,1,1.4282,1.13791
3105,2016-12-03 16:30:00,2016,Manchester City,Chelsea,1,3,2.24061,1.2848
3110,2016-12-03 19:00:00,2016,West Bromwich Albion,Watford,3,1,1.17737,1.476
3106,2016-12-03 19:00:00,2016,Crystal Palace,Southampton,3,0,2.20073,0.764357
3107,2016-12-03 19:00:00,2016,Stoke,Burnley,2,0,1.12929,0.773995
3109,2016-12-03 19:00:00,2016,Tottenham,Swansea,5,0,3.9767,0.0342109
3111,2016-12-03 21:30:00,2016,West Ham,Arsenal,1,5,0.882486,2.96923
3112,2016-12-04 17:30:00,2016,Bournemouth,Liverpool,4,3,2.54396,1.26532
3113,2016-12-04 20:00:00,2016,Everton,Manchester United,1,1,1.64985,0.541299
3114,2016-12-06 00:00:00,2016,Middlesbrough,Hull,1,0,1.94961,0.221339
3115,2016-12-10 16:30:00,2016,Watford,Everton,3,2,1.49271,1.09675
3116,2016-12-10 19:00:00,2016,Hull,Crystal Palace,3,3,2.16649,1.50059
3117,2016-12-10 19:00:00,2016,Swansea,Sunderland,3,0,2.18185,0.672058
3118,2016-12-10 19:00:00,2016,Arsenal,Stoke,3,1,1.58027,1.29401
3119,2016-12-10 19:00:00,2016,Burnley,Bournemouth,3,2,2.15178,1.00194
3120,2016-12-10 21:30:00,2016,Leicester,Manchester City,4,2,2.60583,0.970372
3121,2016-12-11 16:00:00,2016,Chelsea,West Bromwich Albion,1,0,0.551109,0.212574
3123,2016-12-11 18:15:00,2016,Southampton,Middlesbrough,1,0,1.72919,0.493941
3122,2016-12-11 18:15:00,2016,Manchester United,Tottenham,1,0,1.04894,0.720341
3124,2016-12-11 20:30:00,2016,Liverpool,West Ham,2,2,1.79134,0.64998
3126,2016-12-13 23:45:00,2016,Everton,Arsenal,2,1,1.46034,1.3508
3125,2016-12-13 23:45:00,2016,Bournemouth,Leicester,1,0,0.64118,1.6751
3127,2016-12-14 23:45:00,2016,Middlesbrough,Liverpool,0,3,0.161583,2.13526
3128,2016-12-14 23:45:00,2016,Sunderland,Chelsea,0,1,0.473979,1.22459
3129,2016-12-14 23:45:00,2016,West Ham,Burnley,1,0,1.67016,0.923353
3130,2016-12-15 00:00:00,2016,Crystal Palace,Manchester United,1,2,0.710324,1.27306
3131,2016-12-15 00:00:00,2016,West Bromwich Albion,Swansea,3,1,1.78268,1.07221
3132,2016-12-15 00:00:00,2016,Manchester City,Watford,2,0,1.62359,0.497462
3133,2016-12-15 00:00:00,2016,Stoke,Southampton,0,0,0.333754,0.723114
3134,2016-12-15 00:00:00,2016,Tottenham,Hull,3,0,2.83077,0.570636
3135,2016-12-17 16:30:00,2016,Crystal Palace,Chelsea,0,1,0.356331,0.81444
3136,2016-12-17 19:00:00,2016,Middlesbrough,Swansea,3,0,1.71549,0.602249
3137,2016-12-17 19:00:00,2016,West Ham,Hull,1,0,1.92151,1.13479
3138,2016-12-17 19:00:00,2016,Stoke,Leicester,2,2,2.518,1.25572
3139,2016-12-17 19:00:00,2016,Sunderland,Watford,1,0,1.13526,1.07552
3140,2016-12-17 21:30:00,2016,West Bromwich Albion,Manchester United,0,2,0.600426,0.983306
3141,2016-12-18 17:30:00,2016,Bournemouth,Southampton,1,3,0.492912,1.69451
3142,2016-12-18 20:00:00,2016,Manchester City,Arsenal,2,1,1.5186,0.609893
3143,2016-12-18 20:00:00,2016,Tottenham,Burnley,2,1,1.50755,1.17031
3144,2016-12-20 00:00:00,2016,Everton,Liverpool,0,1,0.456788,1.87823
3148,2016-12-26 15:00:00,2016,Leicester,Everton,0,2,0.377464,1.25512
3145,2016-12-26 16:30:00,2016,Watford,Crystal Palace,1,1,0.959496,1.53834
3146,2016-12-26 19:00:00,2016,Swansea,West Ham,1,4,0.954864,3.40585
3147,2016-12-26 19:00:00,2016,Manchester United,Sunderland,3,1,2.32117,0.488541
3149,2016-12-26 19:00:00,2016,Arsenal,West Bromwich Albion,1,0,1.97881,0.687502
3150,2016-12-26 19:00:00,2016,Burnley,Middlesbrough,1,0,0.275704,0.698814
3151,2016-12-26 19:00:00,2016,Chelsea,Bournemouth,3,0,1.71303,0.650942
3152,2016-12-26 21:15:00,2016,Hull,Manchester City,0,3,0.350069,2.22237
3153,2016-12-27 21:15:00,2016,Liverpool,Stoke,4,1,1.66669,0.389104
3154,2016-12-28 23:45:00,2016,Southampton,Tottenham,1,4,0.403743,1.61035
3155,2016-12-31 00:00:00,2016,Hull,Everton,2,2,0.852585,1.27757
3156,2016-12-31 15:00:00,2016,Leicester,West Ham,1,0,1.10842,1.58333
3159,2016-12-31 15:00:00,2016,Manchester United,Middlesbrough,2,1,2.53996,0.64492
3157,2016-12-31 19:00:00,2016,Burnley,Sunderland,4,1,2.72471,0.465701
3158,2016-12-31 19:00:00,2016,Chelsea,Stoke,4,2,1.94737,0.858417
3160,2016-12-31 19:00:00,2016,Southampton,West Bromwich Albion,1,2,0.371668,0.6675
3161,2016-12-31 19:00:00,2016,Swansea,Bournemouth,0,3,0.515218,2.43608
3162,2016-12-31 21:30:00,2016,Liverpool,Manchester City,1,0,0.256825,0.352445
3328,2017-01-01 13:30:00,2016,Watford,Tottenham,1,4,1.26331,3.06509
3329,2017-01-01 20:00:00,2016,Arsenal,Crystal Palace,2,0,1.67138,0.221469
3331,2017-01-02 15:00:00,2016,Everton,Southampton,3,0,2.34997,1.01083
3332,2017-01-02 15:00:00,2016,Manchester City,Burnley,2,1,0.617412,0.642111
3330,2017-01-02 16:30:00,2016,Middlesbrough,Leicester,0,0,0.697108,0.477078
3334,2017-01-02 19:00:00,2016,Sunderland,Liverpool,2,2,1.91057,2.332
3333,2017-01-02 19:00:00,2016,West Bromwich Albion,Hull,3,1,0.883566,0.992341
3335,2017-01-02 21:15:00,2016,West Ham,Manchester United,0,2,0.799911,1.64905
3336,2017-01-03 23:45:00,2016,Bournemouth,Arsenal,3,3,1.55859,1.12629
3337,2017-01-04 00:00:00,2016,Crystal Palace,Swansea,1,2,0.331276,1.18905
3338,2017-01-04 00:00:00,2016,Stoke,Watford,2,0,1.85359,0.510395
3339,2017-01-05 00:00:00,2016,Tottenham,Chelsea,2,0,1.00945,0.912754
3340,2017-01-14 16:30:00,2016,Tottenham,West Bromwich Albion,4,0,2.65474,0.165019
3346,2017-01-14 19:00:00,2016,West Ham,Crystal Palace,3,0,1.72338,1.06181
3341,2017-01-14 19:00:00,2016,Watford,Middlesbrough,0,0,0.835827,0.325347
3342,2017-01-14 19:00:00,2016,Sunderland,Stoke,1,3,1.1365,1.22897
3343,2017-01-14 19:00:00,2016,Swansea,Arsenal,0,4,0.488485,2.31811
3344,2017-01-14 19:00:00,2016,Hull,Bournemouth,3,1,1.18904,1.43455
3345,2017-01-14 19:00:00,2016,Burnley,Southampton,1,0,0.464555,0.962065
3347,2017-01-14 21:30:00,2016,Leicester,Chelsea,0,3,0.179144,0.738826
3349,2017-01-15 16:00:00,2016,Manchester United,Liverpool,1,1,1.03178,1.46058
3348,2017-01-15 17:30:00,2016,Everton,Manchester City,4,0,0.572528,0.569286
3350,2017-01-21 15:30:00,2016,Liverpool,Swansea,2,3,1.24037,1.60482
3351,2017-01-21 18:00:00,2016,Middlesbrough,West Ham,1,3,0.958825,2.6558
3352,2017-01-21 18:00:00,2016,Bournemouth,Watford,2,2,1.14791,1.08731
3353,2017-01-21 18:00:00,2016,Crystal Palace,Everton,0,1,0.463733,0.949561
3354,2017-01-21 18:00:00,2016,Stoke,Manchester United,1,1,0.353777,1.74295
3355,2017-01-21 18:00:00,2016,West Bromwich Albion,Sunderland,2,0,1.3279,0.440887
3356,2017-01-21 20:30:00,2016,Manchester City,Tottenham,2,2,2.52702,1.12391
3357,2017-01-22 15:00:00,2016,Southampton,Leicester,3,0,2.49923,0.935866
3358,2017-01-22 17:15:00,2016,Arsenal,Burnley,2,1,1.86443,1.29948
3359,2017-01-22 19:30:00,2016,Chelsea,Hull,2,0,1.47165,0.314532
3364,2017-01-31 22:45:00,2016,Sunderland,Tottenham,0,0,0.228009,0.682758
3363,2017-01-31 22:45:00,2016,Middlesbrough,West Bromwich Albion,1,1,1.18135,1.25288
3365,2017-01-31 22:45:00,2016,Swansea,Southampton,2,1,0.760046,0.907103
3361,2017-01-31 22:45:00,2016,Bournemouth,Crystal Palace,0,2,0.32099,1.60667
3360,2017-01-31 22:45:00,2016,Arsenal,Watford,1,2,1.07765,0.918309
3362,2017-01-31 22:45:00,2016,Burnley,Leicester,1,0,1.82995,0.775645
3366,2017-01-31 23:00:00,2016,Liverpool,Chelsea,1,1,1.20485,1.0666
3367,2017-02-01 22:45:00,2016,West Ham,Manchester City,0,4,0.49472,2.66472
3368,2017-02-01 23:00:00,2016,Manchester United,Hull,0,0,1.48151,0.395896
3369,2017-02-01 23:00:00,2016,Stoke,Everton,1,1,1.7362,0.870158
3370,2017-02-04 12:30:00,2016,Chelsea,Arsenal,3,1,1.95451,0.950035
3376,2017-02-04 15:00:00,2016,Southampton,West Ham,1,3,1.06276,0.91785
3375,2017-02-04 15:00:00,2016,West Bromwich Albion,Stoke,1,0,1.84983,1.10818
3374,2017-02-04 15:00:00,2016,Watford,Burnley,2,1,1.66308,1.4777
3371,2017-02-04 15:00:00,2016,Crystal Palace,Sunderland,0,4,2.45994,0.837361
3372,2017-02-04 15:00:00,2016,Everton,Bournemouth,6,3,2.75981,2.1501
3373,2017-02-04 15:00:00,2016,Hull,Liverpool,2,0,1.88587,1.12538
3377,2017-02-04 17:30:00,2016,Tottenham,Middlesbrough,1,0,2.10053,0.50484
3378,2017-02-05 13:30:00,2016,Manchester City,Swansea,2,1,2.87972,0.11445
3379,2017-02-05 16:00:00,2016,Leicester,Manchester United,0,3,0.492009,1.98688
3380,2017-02-11 12:30:00,2016,Arsenal,Hull,2,0,3.1235,0.466403
3381,2017-02-11 15:00:00,2016,Manchester United,Watford,2,0,2.627,0.641058
3382,2017-02-11 15:00:00,2016,Middlesbrough,Everton,0,0,0.651056,0.831644
3383,2017-02-11 15:00:00,2016,Stoke,Crystal Palace,1,0,0.720883,0.202159
3384,2017-02-11 15:00:00,2016,Sunderland,Southampton,0,4,0.197925,1.72717
3385,2017-02-11 15:00:00,2016,West Ham,West Bromwich Albion,2,2,1.17553,0.769974
3386,2017-02-11 17:30:00,2016,Liverpool,Tottenham,2,0,2.38009,0.622104
3387,2017-02-12 13:30:00,2016,Burnley,Chelsea,1,1,0.906366,0.800222
3388,2017-02-12 16:00:00,2016,Swansea,Leicester,2,0,0.693376,0.672883
3389,2017-02-13 20:00:00,2016,Bournemouth,Manchester City,0,2,0.152385,2.953
3391,2017-02-25 15:00:00,2016,Chelsea,Swansea,3,1,1.22573,0.280172
3392,2017-02-25 15:00:00,2016,Crystal Palace,Middlesbrough,1,0,0.808522,0.82885
3393,2017-02-25 15:00:00,2016,Everton,Sunderland,2,0,1.70366,0.505952
3394,2017-02-25 15:00:00,2016,Hull,Burnley,1,1,1.59037,0.473058
3395,2017-02-25 15:00:00,2016,West Bromwich Albion,Bournemouth,2,1,1.6124,1.22747
3396,2017-02-25 17:30:00,2016,Watford,West Ham,1,1,1.21279,1.48144
3397,2017-02-26 13:30:00,2016,Tottenham,Stoke,4,0,1.89002,0.743596
3399,2017-02-27 20:00:00,2016,Leicester,Liverpool,3,1,1.54732,0.789939
3402,2017-03-04 12:30:00,2016,Manchester United,Bournemouth,1,1,2.5377,0.816172
3400,2017-03-04 15:00:00,2016,Leicester,Hull,3,1,1.81255,1.1216
3403,2017-03-04 15:00:00,2016,Stoke,Middlesbrough,2,0,2.97584,0.274611
3405,2017-03-04 15:00:00,2016,Swansea,Burnley,3,2,1.44545,0.933851
3407,2017-03-04 15:00:00,2016,Watford,Southampton,3,4,1.40104,1.33681
3408,2017-03-04 15:00:00,2016,West Bromwich Albion,Crystal Palace,0,2,0.3746,1.39171
3401,2017-03-04 17:30:00,2016,Liverpool,Arsenal,3,1,2.70435,0.729203
3406,2017-03-05 13:30:00,2016,Tottenham,Everton,3,2,1.70225,0.808013
3404,2017-03-05 16:00:00,2016,Sunderland,Manchester City,0,2,0.737758,2.48022
3409,2017-03-06 20:00:00,2016,West Ham,Chelsea,1,2,0.450583,2.01134
3418,2017-03-08 20:00:00,2016,Manchester City,Stoke,0,0,1.3049,0.337194
3417,2017-03-11 15:00:00,2016,Hull,Swansea,2,1,1.98818,1.44148
3411,2017-03-11 15:00:00,2016,Bournemouth,West Ham,3,2,3.68186,1.25315
3416,2017-03-11 15:00:00,2016,Everton,West Bromwich Albion,3,0,2.17521,0.127321
3419,2017-03-12 16:00:00,2016,Liverpool,Burnley,2,1,0.966335,0.83474
3420,2017-03-18 12:30:00,2016,West Bromwich Albion,Arsenal,3,1,2.11737,0.995221
3421,2017-03-18 15:00:00,2016,West Ham,Leicester,2,3,2.32174,2.17004
3423,2017-03-18 15:00:00,2016,Sunderland,Burnley,0,0,1.03287,1.18742
3424,2017-03-18 15:00:00,2016,Stoke,Chelsea,1,2,0.952053,1.95538
3427,2017-03-18 15:00:00,2016,Everton,Hull,4,0,2.63141,0.528692
3428,2017-03-18 15:00:00,2016,Crystal Palace,Watford,1,0,0.376326,0.190648
3429,2017-03-18 17:30:00,2016,Bournemouth,Swansea,2,0,1.00816,0.37687
3425,2017-03-19 12:00:00,2016,Middlesbrough,Manchester United,1,3,1.09037,2.47484
3422,2017-03-19 14:15:00,2016,Tottenham,Southampton,2,1,1.64328,0.839989
3426,2017-03-19 16:30:00,2016,Manchester City,Liverpool,1,1,2.55464,1.94116
3435,2017-04-01 12:30:00,2016,Liverpool,Everton,3,1,0.625343,1.44152
3439,2017-04-01 15:00:00,2016,Watford,Sunderland,1,0,1.95828,0.349699
3436,2017-04-01 15:00:00,2016,Manchester United,West Bromwich Albion,0,0,0.986683,0.200297
3434,2017-04-01 15:00:00,2016,Leicester,Stoke,2,0,1.97444,1.36671
3431,2017-04-01 15:00:00,2016,Burnley,Tottenham,0,2,0.44677,2.36346
3432,2017-04-01 15:00:00,2016,Chelsea,Crystal Palace,1,2,3.16805,1.57423
3433,2017-04-01 15:00:00,2016,Hull,West Ham,2,1,0.778704,1.24571
3437,2017-04-01 17:30:00,2016,Southampton,Bournemouth,0,0,1.00252,2.06307
3438,2017-04-02 13:30:00,2016,Swansea,Middlesbrough,0,0,0.64382,0.748206
3430,2017-04-02 16:00:00,2016,Arsenal,Manchester City,2,2,0.738497,1.40021
3441,2017-04-04 19:45:00,2016,Burnley,Stoke,1,0,0.348885,1.17275
3443,2017-04-04 19:45:00,2016,Watford,West Bromwich Albion,2,0,0.691991,1.48109
3445,2017-04-04 19:45:00,2016,Leicester,Sunderland,2,0,0.929134,0.7012
3446,2017-04-04 20:00:00,2016,Manchester United,Everton,1,1,1.67424,0.589122
3447,2017-04-05 19:45:00,2016,Southampton,Crystal Palace,3,1,3.34327,1.73055
3444,2017-04-05 19:45:00,2016,Swansea,Tottenham,1,3,0.872579,2.2242
3440,2017-04-05 19:45:00,2016,Arsenal,West Ham,3,0,2.16023,0.303905
3442,2017-04-05 19:45:00,2016,Hull,Middlesbrough,4,2,2.23261,1.30673
3448,2017-04-05 20:00:00,2016,Chelsea,Manchester City,2,1,1.36933,2.2614
3449,2017-04-05 20:00:00,2016,Liverpool,Bournemouth,2,2,2.17263,1.31233
3453,2017-04-08 12:30:00,2016,Tottenham,Watford,4,0,1.18779,0.369968
3451,2017-04-08 15:00:00,2016,Stoke,Liverpool,1,2,2.13972,1.02225
3454,2017-04-08 15:00:00,2016,West Bromwich Albion,Southampton,0,1,2.01721,0.910339
3455,2017-04-08 15:00:00,2016,West Ham,Swansea,1,0,1.20573,0.307666
3456,2017-04-08 15:00:00,2016,Middlesbrough,Burnley,0,0,0.684683,0.809899
3457,2017-04-08 15:00:00,2016,Manchester City,Hull,3,1,2.33731,0.358364
3450,2017-04-08 17:30:00,2016,Bournemouth,Chelsea,1,3,0.384152,1.52126
3452,2017-04-09 13:30:00,2016,Sunderland,Manchester United,0,3,0.977316,1.6943
3458,2017-04-09 16:00:00,2016,Everton,Leicester,4,2,2.64597,0.836095
3459,2017-04-10 20:00:00,2016,Crystal Palace,Arsenal,3,0,2.15968,0.44226
3465,2017-04-15 12:30:00,2016,Tottenham,Bournemouth,4,0,3.28588,0.211502
3463,2017-04-15 15:00:00,2016,Stoke,Hull,3,1,2.01829,1.17696
3464,2017-04-15 15:00:00,2016,Sunderland,West Ham,2,2,1.14121,1.42815
3466,2017-04-15 15:00:00,2016,Watford,Swansea,1,0,1.22039,0.641001
3467,2017-04-15 15:00:00,2016,Everton,Burnley,3,1,1.67352,1.1469
3468,2017-04-15 15:00:00,2016,Crystal Palace,Leicester,2,2,1.67894,0.467725
3462,2017-04-15 17:30:00,2016,Southampton,Manchester City,0,3,0.616753,2.74188
3469,2017-04-16 13:30:00,2016,West Bromwich Albion,Liverpool,0,1,0.590375,1.30017
3460,2017-04-16 16:00:00,2016,Manchester United,Chelsea,2,0,0.807128,0.132913
3461,2017-04-17 20:00:00,2016,Middlesbrough,Arsenal,1,2,1.72075,1.0689
3478,2017-04-22 15:00:00,2016,Swansea,Stoke,2,0,0.475636,1.69454
3479,2017-04-22 15:00:00,2016,West Ham,Everton,0,0,0.668323,0.104476
3471,2017-04-22 15:00:00,2016,Bournemouth,Middlesbrough,4,0,3.27712,0.2072
3474,2017-04-22 15:00:00,2016,Hull,Watford,2,0,1.42309,1.15869
3472,2017-04-23 14:15:00,2016,Burnley,Manchester United,0,2,0.342829,2.24747
3476,2017-04-23 16:30:00,2016,Liverpool,Crystal Palace,1,2,0.89449,1.21741
3473,2017-04-25 19:45:00,2016,Chelsea,Southampton,4,2,1.4438,1.32952
3410,2017-04-26 19:45:00,2016,Arsenal,Leicester,1,0,0.410203,0.595173
3413,2017-04-26 19:45:00,2016,Middlesbrough,Sunderland,1,0,0.825839,0.445766
3415,2017-04-26 20:00:00,2016,Crystal Palace,Tottenham,0,1,0.321722,1.00589
3398,2017-04-27 20:00:00,2016,Manchester City,Manchester United,0,0,1.41537,0.421251
3484,2017-04-29 15:00:00,2016,Southampton,Hull,0,0,1.24844,0.472435
3485,2017-04-29 15:00:00,2016,Stoke,West Ham,0,0,1.35509,0.65149
3486,2017-04-29 15:00:00,2016,Sunderland,Bournemouth,0,1,1.6667,1.53094
3489,2017-04-29 15:00:00,2016,West Bromwich Albion,Leicester,0,1,0.809101,0.570664
3480,2017-04-29 17:30:00,2016,Crystal Palace,Burnley,0,2,0.633469,1.38569
3482,2017-04-30 12:00:00,2016,Manchester United,Swansea,1,1,1.99224,0.775713
3481,2017-04-30 14:05:00,2016,Everton,Chelsea,0,3,0.684516,1.81945
3483,2017-04-30 14:05:00,2016,Middlesbrough,Manchester City,2,2,1.17715,3.10725
3487,2017-04-30 16:30:00,2016,Tottenham,Arsenal,2,0,3.46042,0.589537
3488,2017-05-01 20:00:00,2016,Watford,Liverpool,0,1,0.436648,0.55669
3499,2017-05-05 20:00:00,2016,West Ham,Tottenham,1,0,2.21043,0.451017
3497,2017-05-06 12:30:00,2016,Manchester City,Crystal Palace,5,0,2.69837,0.241571
3491,2017-05-06 15:00:00,2016,Bournemouth,Stoke,2,2,1.30668,2.3019
3492,2017-05-06 15:00:00,2016,Burnley,West Bromwich Albion,2,2,1.08649,0.82853
3494,2017-05-06 15:00:00,2016,Hull,Sunderland,0,2,1.21734,1.95502
3495,2017-05-06 15:00:00,2016,Leicester,Watford,3,0,1.00566,0.512433
3498,2017-05-06 17:30:00,2016,Swansea,Everton,1,0,2.09244,0.270186
3496,2017-05-07 13:30:00,2016,Liverpool,Southampton,0,0,1.35967,0.182082
3490,2017-05-07 16:00:00,2016,Arsenal,Manchester United,2,0,1.03986,0.576173
3493,2017-05-08 20:00:00,2016,Chelsea,Middlesbrough,3,0,2.28046,0.0718773
3390,2017-05-10 19:45:00,2016,Southampton,Arsenal,0,2,1.25259,1.35954
3502,2017-05-12 19:45:00,2016,Everton,Watford,1,0,1.12984,1.54861
3508,2017-05-12 20:00:00,2016,West Bromwich Albion,Chelsea,0,1,0.529155,1.76954
3503,2017-05-13 12:30:00,2016,Manchester City,Leicester,2,1,1.98776,1.62503
3500,2017-05-13 15:00:00,2016,Bournemouth,Burnley,2,1,1.5499,1.1511
3504,2017-05-13 15:00:00,2016,Middlesbrough,Southampton,1,2,1.32885,1.52569
3506,2017-05-13 15:00:00,2016,Sunderland,Swansea,0,2,1.03765,0.344096
3505,2017-05-13 17:30:00,2016,Stoke,Arsenal,1,4,1.30239,2.63639
3501,2017-05-14 12:00:00,2016,Crystal Palace,Hull,4,0,2.73274,0.518148
3509,2017-05-14 14:15:00,2016,West Ham,Liverpool,0,4,1.03963,3.28962
3507,2017-05-14 16:30:00,2016,Tottenham,Manchester United,2,1,2.10698,1.03696
3414,2017-05-15 20:00:00,2016,Chelsea,Watford,4,3,2.65315,0.883368
3470,2017-05-16 19:45:00,2016,Arsenal,Sunderland,2,0,3.83905,0.271744
3477,2017-05-16 20:00:00,2016,Manchester City,West Bromwich Albion,3,1,2.58035,0.387741
3412,2017-05-17 19:45:00,2016,Southampton,Manchester United,0,0,1.66533,0.45805
3475,2017-05-18 19:45:00,2016,Leicester,Tottenham,1,6,0.725721,2.64912
3519,2017-05-21 15:00:00,2016,Watford,Manchester City,0,5,0.826124,3.26614
3518,2017-05-21 15:00:00,2016,Swansea,West Bromwich Albion,2,1,1.74555,1.60674
3517,2017-05-21 15:00:00,2016,Southampton,Stoke,0,1,1.3554,0.983464
3516,2017-05-21 15:00:00,2016,Manchester United,Crystal Palace,2,0,1.0386,0.3016
3515,2017-05-21 15:00:00,2016,Liverpool,Middlesbrough,3,0,2.16957,0.899691
3512,2017-05-21 15:00:00,2016,Chelsea,Sunderland,5,1,2.73947,0.693994
3513,2017-05-21 15:00:00,2016,Hull,Tottenham,1,7,0.812723,3.89027
3511,2017-05-21 15:00:00,2016,Burnley,West Ham,1,2,1.70802,1.67299
3510,2017-05-21 15:00:00,2016,Arsenal,Everton,3,1,3.35075,1.8831
3514,2017-05-21 15:00:00,2016,Leicester,Bournemouth,1,1,2.45308,0.87072
7119,2017-08-11 19:45:00,2017,Arsenal,Leicester,4,3,2.54329,1.46495
7120,2017-08-12 12:30:00,2017,Watford,Liverpool,3,3,2.17647,2.61549
7124,2017-08-12 15:00:00,2017,Crystal Palace,Huddersfield,0,3,0.988934,1.73657
7121,2017-08-12 15:00:00,2017,West Bromwich Albion,Bournemouth,1,0,1.18399,0.378659
7122,2017-08-12 15:00:00,2017,Southampton,Swansea,0,0,2.21748,0.406196
7123,2017-08-12 15:00:00,2017,Chelsea,Burnley,2,3,1.35651,0.564237
7125,2017-08-12 15:00:00,2017,Everton,Stoke,1,0,0.720574,0.27644
7126,2017-08-12 17:30:00,2017,Brighton,Manchester City,0,2,0.276343,1.86751
7127,2017-08-13 13:30:00,2017,Newcastle United,Tottenham,0,2,0.634633,2.34418
7128,2017-08-13 16:00:00,2017,Manchester United,West Ham,4,0,2.63853,0.62654
7129,2017-08-19 12:30:00,2017,Swansea,Manchester United,0,4,0.304164,3.41021
7130,2017-08-19 15:00:00,2017,Southampton,West Ham,3,2,2.1424,1.53269
7131,2017-08-19 15:00:00,2017,Bournemouth,Watford,0,2,0.766694,2.17717
7132,2017-08-19 15:00:00,2017,Burnley,West Bromwich Albion,0,1,1.37242,0.653058
7133,2017-08-19 15:00:00,2017,Leicester,Brighton,2,0,1.88355,0.123075
7134,2017-08-19 15:00:00,2017,Liverpool,Crystal Palace,1,0,2.84978,0.727364
7135,2017-08-19 17:30:00,2017,Stoke,Arsenal,1,0,0.692644,1.40658
7136,2017-08-20 13:30:00,2017,Huddersfield,Newcastle United,1,0,0.267008,0.973322
7137,2017-08-20 16:00:00,2017,Tottenham,Chelsea,1,2,0.72428,0.834423
7138,2017-08-21 20:00:00,2017,Manchester City,Everton,1,1,1.14216,0.59971
7139,2017-08-26 12:30:00,2017,Bournemouth,Manchester City,1,2,0.415402,1.76626
7144,2017-08-26 15:00:00,2017,Huddersfield,Southampton,0,0,1.51605,0.795911
7143,2017-08-26 15:00:00,2017,Watford,Brighton,0,0,0.281459,0.952357
7141,2017-08-26 15:00:00,2017,Crystal Palace,Swansea,0,2,0.818951,0.966783
7142,2017-08-26 15:00:00,2017,Newcastle United,West Ham,3,0,2.76107,0.558484
7145,2017-08-26 17:30:00,2017,Manchester United,Leicester,2,0,2.73725,0.670573
7140,2017-08-27 13:30:00,2017,Chelsea,Everton,2,0,1.16991,0.326655
7146,2017-08-27 13:30:00,2017,West Bromwich Albion,Stoke,1,1,0.875132,0.980905
7147,2017-08-27 16:00:00,2017,Tottenham,Burnley,1,1,2.3497,0.670943
7148,2017-08-27 16:00:00,2017,Liverpool,Arsenal,4,0,3.45998,0.484816
7149,2017-09-09 12:30:00,2017,Manchester City,Liverpool,5,0,3.14589,0.665186
7153,2017-09-09 15:00:00,2017,Brighton,West Bromwich Albion,3,1,0.396771,0.866679
7150,2017-09-09 15:00:00,2017,Southampton,Watford,0,2,0.331259,0.57794
7151,2017-09-09 15:00:00,2017,Leicester,Chelsea,1,2,1.34903,1.03943
7152,2017-09-09 15:00:00,2017,Arsenal,Bournemouth,3,0,2.48732,0.577291
7154,2017-09-09 15:00:00,2017,Everton,Tottenham,0,3,1.15144,2.17535
7155,2017-09-09 17:30:00,2017,Stoke,Manchester United,2,2,1.49928,1.96635
7156,2017-09-10 13:30:00,2017,Burnley,Crystal Palace,1,0,0.429329,1.72996
7157,2017-09-10 16:00:00,2017,Swansea,Newcastle United,0,1,1.48574,1.03177
7158,2017-09-11 20:00:00,2017,West Ham,Huddersfield,2,0,1.94969,0.339338
7159,2017-09-15 20:00:00,2017,Bournemouth,Brighton,2,1,1.39529,0.874276
7160,2017-09-16 12:30:00,2017,Crystal Palace,Southampton,0,1,2.03243,1.11428
7165,2017-09-16 15:00:00,2017,West Bromwich Albion,West Ham,0,0,0.781891,0.266344
7163,2017-09-16 15:00:00,2017,Newcastle United,Stoke,2,1,2.6598,0.675783
7164,2017-09-16 15:00:00,2017,Watford,Manchester City,0,6,0.803933,3.99349
7161,2017-09-16 15:00:00,2017,Huddersfield,Leicester,1,1,0.700349,1.24181
7162,2017-09-16 15:00:00,2017,Liverpool,Burnley,1,1,2.18727,0.334402
7166,2017-09-16 17:30:00,2017,Tottenham,Swansea,0,0,1.17894,0.154074
7167,2017-09-17 13:30:00,2017,Chelsea,Arsenal,0,0,0.762129,1.42208
7168,2017-09-17 16:00:00,2017,Manchester United,Everton,4,0,3.28722,1.06298
7169,2017-09-23 12:30:00,2017,West Ham,Tottenham,2,3,0.67667,1.45327
7174,2017-09-23 15:00:00,2017,Burnley,Huddersfield,0,0,0.369454,0.312561
7175,2017-09-23 15:00:00,2017,Everton,Bournemouth,2,1,2.21092,0.384728
7173,2017-09-23 15:00:00,2017,Manchester City,Crystal Palace,5,0,5.72543,0.611018
7170,2017-09-23 15:00:00,2017,Stoke,Chelsea,0,4,0.600959,1.59815
7171,2017-09-23 15:00:00,2017,Swansea,Watford,1,2,1.50811,1.25817
7172,2017-09-23 15:00:00,2017,Southampton,Manchester United,0,1,0.802062,1.07247
7176,2017-09-23 17:30:00,2017,Leicester,Liverpool,2,3,2.88766,1.92902
7177,2017-09-24 16:00:00,2017,Brighton,Newcastle United,1,0,0.507341,1.37001
7178,2017-09-25 20:00:00,2017,Arsenal,West Bromwich Albion,2,0,2.39316,0.766652
7179,2017-09-30 12:30:00,2017,Huddersfield,Tottenham,0,4,0.196648,1.56089
7183,2017-09-30 15:00:00,2017,West Ham,Swansea,1,0,0.692185,0.178568
7180,2017-09-30 15:00:00,2017,Manchester United,Crystal Palace,4,0,3.47508,0.244321
7181,2017-09-30 15:00:00,2017,Stoke,Southampton,2,1,2.68136,1.42781
7182,2017-09-30 15:00:00,2017,West Bromwich Albion,Watford,2,2,1.93896,1.62462
7184,2017-09-30 15:00:00,2017,Bournemouth,Leicester,0,0,1.39901,0.594808
7185,2017-09-30 17:30:00,2017,Chelsea,Manchester City,0,1,0.911532,1.23068
7186,2017-10-01 12:00:00,2017,Arsenal,Brighton,2,0,2.47818,0.386343
7187,2017-10-01 14:15:00,2017,Everton,Burnley,0,1,0.93376,0.383977
7188,2017-10-01 16:30:00,2017,Newcastle United,Liverpool,1,1,0.280437,1.64475
7193,2017-10-14 12:30:00,2017,Liverpool,Manchester United,0,0,1.92702,0.230358
7190,2017-10-14 15:00:00,2017,Burnley,West Ham,1,1,0.70219,0.835192
7191,2017-10-14 15:00:00,2017,Crystal Palace,Chelsea,2,1,1.51873,0.651919
7194,2017-10-14 15:00:00,2017,Manchester City,Stoke,7,2,4.45388,0.681236
7196,2017-10-14 15:00:00,2017,Swansea,Huddersfield,2,0,1.65446,0.596086
7197,2017-10-14 15:00:00,2017,Tottenham,Bournemouth,1,0,1.95684,0.17504
7198,2017-10-14 17:30:00,2017,Watford,Arsenal,2,1,1.63418,0.988468
7189,2017-10-15 13:30:00,2017,Brighton,Everton,1,1,1.05884,1.45518
7195,2017-10-15 16:00:00,2017,Southampton,Newcastle United,2,2,1.71445,0.950997
7192,2017-10-16 20:00:00,2017,Leicester,West Bromwich Albion,1,1,0.964277,0.155254
7208,2017-10-20 20:00:00,2017,West Ham,Brighton,0,3,0.569111,1.98345
7201,2017-10-21 15:00:00,2017,Huddersfield,Manchester United,2,1,1.26744,0.807135
7202,2017-10-21 15:00:00,2017,Manchester City,Burnley,3,0,3.71812,0.14859
7203,2017-10-21 15:00:00,2017,Newcastle United,Crystal Palace,1,0,0.270313,0.566845
7205,2017-10-21 15:00:00,2017,Stoke,Bournemouth,1,2,1.60117,1.11834
7206,2017-10-21 15:00:00,2017,Swansea,Leicester,1,2,0.559618,1.80814
7204,2017-10-21 17:30:00,2017,Southampton,West Bromwich Albion,1,0,2.02288,0.504128
7199,2017-10-21 19:30:00,2017,Chelsea,Watford,4,2,1.78315,1.79693
7200,2017-10-22 13:30:00,2017,Everton,Arsenal,2,5,0.810989,3.86029
7207,2017-10-22 16:00:00,2017,Tottenham,Liverpool,4,1,2.62043,0.667771
7218,2017-10-28 12:30:00,2017,Manchester United,Tottenham,1,0,0.943496,1.08708
7217,2017-10-28 15:00:00,2017,Liverpool,Huddersfield,3,0,2.14257,0.0554802
7215,2017-10-28 15:00:00,2017,West Bromwich Albion,Manchester City,2,3,1.11852,2.77085
7216,2017-10-28 15:00:00,2017,Watford,Stoke,0,1,1.13448,0.778883
7209,2017-10-28 15:00:00,2017,Arsenal,Swansea,2,1,2.37777,0.8355
7213,2017-10-28 15:00:00,2017,Crystal Palace,West Ham,2,2,2.91672,0.742845
7210,2017-10-28 17:30:00,2017,Bournemouth,Chelsea,0,1,0.455055,1.78362
7211,2017-10-29 13:30:00,2017,Brighton,Southampton,1,1,1.50533,0.54364
7214,2017-10-29 16:00:00,2017,Leicester,Everton,2,0,1.36768,0.575236
7212,2017-10-30 20:00:00,2017,Burnley,Newcastle United,1,0,1.0271,0.516369
7224,2017-11-04 12:30:00,2017,Stoke,Leicester,2,2,1.22988,1.39563
7221,2017-11-04 15:00:00,2017,Huddersfield,West Bromwich Albion,1,0,0.260436,0.382005
7222,2017-11-04 15:00:00,2017,Newcastle United,Bournemouth,0,1,0.676091,1.28703
7223,2017-11-04 15:00:00,2017,Southampton,Burnley,0,1,0.789259,0.137743
7225,2017-11-04 15:00:00,2017,Swansea,Brighton,0,1,1.24557,0.874927
7227,2017-11-04 17:30:00,2017,West Ham,Liverpool,1,4,1.13045,2.8773
7226,2017-11-05 12:00:00,2017,Tottenham,Crystal Palace,1,0,0.991813,1.10222
7228,2017-11-05 14:15:00,2017,Manchester City,Arsenal,3,1,2.15028,0.340407
7220,2017-11-05 16:30:00,2017,Everton,Watford,3,2,2.5796,2.05534
7219,2017-11-05 16:30:00,2017,Chelsea,Manchester United,1,0,1.8417,0.773586
7236,2017-11-18 12:30:00,2017,Arsenal,Tottenham,2,0,2.24246,0.591192
7229,2017-11-18 15:00:00,2017,West Bromwich Albion,Chelsea,0,4,0.590655,1.71709
7231,2017-11-18 15:00:00,2017,Liverpool,Southampton,3,0,2.06277,0.563886
7233,2017-11-18 15:00:00,2017,Burnley,Swansea,2,0,1.5427,0.431402
7234,2017-11-18 15:00:00,2017,Crystal Palace,Everton,2,2,2.02983,1.68728
7235,2017-11-18 15:00:00,2017,Leicester,Manchester City,0,2,0.0970457,2.40056
7237,2017-11-18 15:00:00,2017,Bournemouth,Huddersfield,4,0,1.38782,1.1633
7232,2017-11-18 17:30:00,2017,Manchester United,Newcastle United,4,1,2.57424,1.08708
7230,2017-11-19 16:00:00,2017,Watford,West Ham,2,0,1.24547,1.43369
7238,2017-11-20 20:00:00,2017,Brighton,Stoke,2,2,0.490058,1.20507
7247,2017-11-24 20:00:00,2017,West Ham,Leicester,1,1,0.775297,0.453851
7243,2017-11-25 15:00:00,2017,Manchester United,Brighton,1,0,1.50148,0.565072
7242,2017-11-25 15:00:00,2017,Newcastle United,Watford,0,3,0.86002,2.05844
7246,2017-11-25 15:00:00,2017,Crystal Palace,Stoke,2,1,1.48339,0.628292
7239,2017-11-25 15:00:00,2017,Tottenham,West Bromwich Albion,1,1,1.91526,0.71711
7240,2017-11-25 15:00:00,2017,Swansea,Bournemouth,0,0,0.879594,0.449075
7244,2017-11-25 17:30:00,2017,Liverpool,Chelsea,1,1,1.50368,0.739983
7241,2017-11-26 13:30:00,2017,Southampton,Everton,4,1,1.97034,0.147724
7248,2017-11-26 14:00:00,2017,Burnley,Arsenal,0,1,0.402745,1.75184
7245,2017-11-26 16:00:00,2017,Huddersfield,Manchester City,1,2,0.537698,2.66178
7249,2017-11-28 19:45:00,2017,Leicester,Tottenham,2,1,0.924575,2.50552
7250,2017-11-28 19:45:00,2017,Brighton,Crystal Palace,0,0,0.475162,0.584296
7251,2017-11-28 20:00:00,2017,Watford,Manchester United,2,4,1.29277,1.63491
7252,2017-11-28 20:00:00,2017,West Bromwich Albion,Newcastle United,2,2,0.845327,1.1342
7253,2017-11-29 19:45:00,2017,Bournemouth,Burnley,1,2,0.915088,1.08519
7254,2017-11-29 19:45:00,2017,Arsenal,Huddersfield,5,0,4.47889,0.475716
7255,2017-11-29 19:45:00,2017,Chelsea,Swansea,1,0,2.30012,0.0411427
7258,2017-11-29 20:00:00,2017,Stoke,Liverpool,0,3,0.846748,2.58757
7256,2017-11-29 20:00:00,2017,Everton,West Ham,4,0,1.76497,1.03658
7257,2017-11-29 20:00:00,2017,Manchester City,Southampton,2,1,1.64952,1.7066
7259,2017-12-02 12:30:00,2017,Chelsea,Newcastle United,3,1,3.07794,0.519549
7260,2017-12-02 15:00:00,2017,Everton,Huddersfield,2,0,0.820024,0.223429
7261,2017-12-02 15:00:00,2017,Leicester,Burnley,1,0,1.61269,0.789388
7263,2017-12-02 15:00:00,2017,Stoke,Swansea,2,1,1.24743,0.320601
7264,2017-12-02 15:00:00,2017,Watford,Tottenham,1,1,0.352672,0.788817
7265,2017-12-02 15:00:00,2017,West Bromwich Albion,Crystal Palace,0,0,1.65178,0.80924
7268,2017-12-02 15:00:00,2017,Brighton,Liverpool,1,5,1.65878,1.77566
7266,2017-12-02 17:30:00,2017,Arsenal,Manchester United,1,3,4.24057,2.06831
7267,2017-12-03 13:30:00,2017,Bournemouth,Southampton,1,1,1.11195,1.00264
7262,2017-12-03 16:00:00,2017,Manchester City,West Ham,2,1,2.45603,0.474483
7269,2017-12-09 12:30:00,2017,West Ham,Chelsea,1,0,0.418127,1.18891
7273,2017-12-09 15:00:00,2017,Crystal Palace,Bournemouth,2,2,4.61208,0.962374
7274,2017-12-09 15:00:00,2017,Huddersfield,Brighton,2,0,2.68125,0.273809
7272,2017-12-09 15:00:00,2017,Burnley,Watford,1,0,0.485632,0.819233
7270,2017-12-09 15:00:00,2017,Tottenham,Stoke,5,1,4.01925,0.749296
7271,2017-12-09 15:00:00,2017,Swansea,West Bromwich Albion,1,0,1.01101,0.25228
7277,2017-12-09 17:30:00,2017,Newcastle United,Leicester,2,3,0.964657,0.444099
7278,2017-12-10 12:00:00,2017,Southampton,Arsenal,1,1,1.21942,0.608352
7275,2017-12-10 14:15:00,2017,Liverpool,Everton,1,1,1.89569,0.823217
7276,2017-12-10 16:30:00,2017,Manchester United,Manchester City,1,2,1.43756,2.03041
7279,2017-12-12 19:45:00,2017,Burnley,Stoke,1,0,0.360081,0.916344
7280,2017-12-12 20:00:00,2017,Huddersfield,Chelsea,1,3,0.476748,1.8707
7282,2017-12-12 20:00:00,2017,Crystal Palace,Watford,2,1,1.10545,1.40441
7281,2017-12-13 19:45:00,2017,Swansea,Manchester City,0,4,0.589496,3.56828
7284,2017-12-13 19:45:00,2017,Newcastle United,Everton,0,1,0.570658,1.38719
7285,2017-12-13 19:45:00,2017,Southampton,Leicester,1,4,1.11749,2.24579
7288,2017-12-13 20:00:00,2017,Tottenham,Brighton,2,0,1.87344,0.315616
7287,2017-12-13 20:00:00,2017,Liverpool,West Bromwich Albion,0,0,2.13915,0.520382
7283,2017-12-13 20:00:00,2017,Manchester United,Bournemouth,1,0,1.24043,0.815792
7286,2017-12-13 20:00:00,2017,West Ham,Arsenal,0,0,0.405172,1.02186
7294,2017-12-16 12:30:00,2017,Leicester,Crystal Palace,0,3,0.758241,2.25889
7289,2017-12-16 15:00:00,2017,Arsenal,Newcastle United,1,0,2.02472,0.286547
7291,2017-12-16 15:00:00,2017,Brighton,Burnley,0,0,1.49029,1.32536
7292,2017-12-16 15:00:00,2017,Chelsea,Southampton,1,0,1.29018,0.587081
7296,2017-12-16 15:00:00,2017,Watford,Huddersfield,1,4,0.589103,3.49193
7297,2017-12-16 16:00:00,2017,Stoke,West Ham,0,3,0.983293,3.08244
7298,2017-12-16 17:30:00,2017,Manchester City,Tottenham,4,1,4.14588,0.182456
7295,2017-12-17 14:15:00,2017,West Bromwich Albion,Manchester United,1,2,1.076,0.898984
7290,2017-12-17 16:30:00,2017,Bournemouth,Liverpool,0,4,0.539178,3.25041
7293,2017-12-18 20:00:00,2017,Everton,Swansea,3,1,2.01756,0.766224
7301,2017-12-22 19:45:00,2017,Arsenal,Liverpool,3,3,1.13104,2.05947
7303,2017-12-23 12:30:00,2017,Everton,Chelsea,0,0,0.342403,1.84971
7308,2017-12-23 15:00:00,2017,Manchester City,Bournemouth,4,0,1.55724,0.334896
7306,2017-12-23 15:00:00,2017,Stoke,West Bromwich Albion,3,1,1.7986,2.0544
7307,2017-12-23 15:00:00,2017,Southampton,Huddersfield,1,1,1.73805,1.09381
7300,2017-12-23 15:00:00,2017,West Ham,Newcastle United,2,3,2.31898,1.90622
7305,2017-12-23 15:00:00,2017,Brighton,Watford,1,0,1.40139,1.30044
7299,2017-12-23 15:00:00,2017,Swansea,Crystal Palace,1,1,0.546613,1.25546
7304,2017-12-23 17:30:00,2017,Burnley,Tottenham,0,3,0.159735,3.30947
7302,2017-12-23 19:45:00,2017,Leicester,Manchester United,2,2,1.56465,2.15281
7316,2017-12-26 12:30:00,2017,Tottenham,Southampton,5,2,3.08413,0.591118
7309,2017-12-26 15:00:00,2017,Bournemouth,West Ham,3,3,2.84928,1.87596
7310,2017-12-26 15:00:00,2017,Chelsea,Brighton,2,0,2.16934,0.452601
7312,2017-12-26 15:00:00,2017,Huddersfield,Stoke,1,1,1.8756,1.19984
7314,2017-12-26 15:00:00,2017,Manchester United,Burnley,2,2,1.80763,0.786214
7317,2017-12-26 15:00:00,2017,Watford,Leicester,2,1,1.43009,1.54771
7318,2017-12-26 15:00:00,2017,West Bromwich Albion,Everton,0,0,1.18168,0.405775
7313,2017-12-26 17:30:00,2017,Liverpool,Swansea,5,0,3.06422,0.2719
7315,2017-12-27 19:45:00,2017,Newcastle United,Manchester City,0,1,0.174705,1.93187
7311,2017-12-28 20:00:00,2017,Crystal Palace,Arsenal,2,3,1.14522,1.84104
7319,2017-12-30 15:00:00,2017,Bournemouth,Everton,2,1,1.39955,0.599608
7320,2017-12-30 15:00:00,2017,Chelsea,Stoke,5,0,3.09527,0.28218
7322,2017-12-30 15:00:00,2017,Huddersfield,Burnley,0,0,0.049118,1.20923
7323,2017-12-30 15:00:00,2017,Liverpool,Leicester,2,1,2.56607,0.789667
7325,2017-12-30 15:00:00,2017,Newcastle United,Brighton,0,0,0.504379,0.630058
7327,2017-12-30 15:00:00,2017,Watford,Swansea,1,2,1.17794,1.31479
7324,2017-12-30 17:30:00,2017,Manchester United,Southampton,0,0,1.87247,0.85013
7321,2017-12-31 12:00:00,2017,Crystal Palace,Manchester City,0,0,1.72153,1.09586
7328,2017-12-31 16:30:00,2017,West Bromwich Albion,Arsenal,1,1,1.39429,0.917801
7331,2018-01-01 12:30:00,2017,Brighton,Bournemouth,2,2,2.37332,1.28248
7332,2018-01-01 15:00:00,2017,Burnley,Liverpool,1,2,0.900466,1.62514
7334,2018-01-01 15:00:00,2017,Leicester,Huddersfield,3,0,1.45074,0.226625
7337,2018-01-01 15:00:00,2017,Stoke,Newcastle United,0,1,1.50029,2.02028
7333,2018-01-01 17:30:00,2017,Everton,Manchester United,0,2,1.23952,1.26247
7338,2018-01-02 19:45:00,2017,Swansea,Tottenham,0,2,0.397789,1.61843
7329,2018-01-02 19:45:00,2017,West Ham,West Bromwich Albion,2,1,1.0594,0.63538
7336,2018-01-02 19:45:00,2017,Southampton,Crystal Palace,1,2,0.445301,1.34294
7335,2018-01-02 20:00:00,2017,Manchester City,Watford,3,1,2.77398,0.965283
7330,2018-01-03 19:45:00,2017,Arsenal,Chelsea,2,2,1.23205,3.0768
7326,2018-01-04 20:00:00,2017,Tottenham,West Ham,1,1,1.64908,0.612933
7340,2018-01-13 15:00:00,2017,Chelsea,Leicester,0,0,0.622946,1.36341
7341,2018-01-13 15:00:00,2017,Crystal Palace,Burnley,1,0,1.80971,0.907849
7342,2018-01-13 15:00:00,2017,Huddersfield,West Ham,1,4,0.681,0.986853
7345,2018-01-13 15:00:00,2017,Newcastle United,Swansea,1,1,1.8273,0.895774
7347,2018-01-13 15:00:00,2017,Watford,Southampton,2,2,1.67369,0.857637
7348,2018-01-13 15:00:00,2017,West Bromwich Albion,Brighton,2,0,1.38478,0.530765
7346,2018-01-13 17:30:00,2017,Tottenham,Everton,4,0,4.21366,0.290345
7339,2018-01-14 13:30:00,2017,Bournemouth,Arsenal,2,1,0.822285,1.00956
7343,2018-01-14 16:00:00,2017,Liverpool,Manchester City,4,3,1.01595,0.722959
7344,2018-01-15 20:00:00,2017,Manchester United,Stoke,3,0,1.9485,1.47603
7350,2018-01-20 12:30:00,2017,Brighton,Chelsea,0,4,0.881174,1.52008
7349,2018-01-20 15:00:00,2017,Arsenal,Crystal Palace,4,1,3.56519,0.501202
7351,2018-01-20 15:00:00,2017,Burnley,Manchester United,0,1,0.568215,0.860828
7352,2018-01-20 15:00:00,2017,Everton,West Bromwich Albion,1,1,0.92355,1.34998
7353,2018-01-20 15:00:00,2017,Leicester,Watford,2,0,1.51932,0.740795
7356,2018-01-20 15:00:00,2017,Stoke,Huddersfield,2,0,0.987799,0.238458
7358,2018-01-20 15:00:00,2017,West Ham,Bournemouth,1,1,0.980241,0.501886
7354,2018-01-20 17:30:00,2017,Manchester City,Newcastle United,3,1,2.5505,0.992018
7355,2018-01-21 16:00:00,2017,Southampton,Tottenham,1,1,1.15209,1.30653
7357,2018-01-22 20:00:00,2017,Swansea,Liverpool,1,0,0.498742,2.19675
7360,2018-01-30 19:45:00,2017,West Ham,Crystal Palace,1,1,1.11632,1.15809
7361,2018-01-30 19:45:00,2017,Swansea,Arsenal,3,1,2.37911,1.15616
7359,2018-01-30 20:00:00,2017,Huddersfield,Liverpool,0,3,0.288048,2.05148
7365,2018-01-31 19:45:00,2017,Everton,Leicester,2,1,1.53072,2.65018
7364,2018-01-31 19:45:00,2017,Newcastle United,Burnley,1,1,2.52275,1.22828
7362,2018-01-31 19:45:00,2017,Chelsea,Bournemouth,0,3,1.14795,1.42447
7363,2018-01-31 19:45:00,2017,Southampton,Brighton,1,1,1.27393,1.07907
7366,2018-01-31 20:00:00,2017,Manchester City,West Bromwich Albion,3,0,2.68955,0.118043
7367,2018-01-31 20:00:00,2017,Tottenham,Manchester United,2,0,2.0117,0.817997
7368,2018-01-31 20:00:00,2017,Stoke,Watford,0,0,0.722172,0.740773
7372,2018-02-03 12:30:00,2017,Burnley,Manchester City,1,1,0.795971,2.24914
7370,2018-02-03 15:00:00,2017,Bournemouth,Stoke,2,1,1.91091,0.721222
7371,2018-02-03 15:00:00,2017,Brighton,West Ham,3,1,1.64227,0.443751
7374,2018-02-03 15:00:00,2017,Leicester,Swansea,1,1,1.48466,0.569943
7376,2018-02-03 15:00:00,2017,Manchester United,Huddersfield,2,0,1.63389,0.13049
7378,2018-02-03 15:00:00,2017,West Bromwich Albion,Southampton,2,3,0.876603,0.99695
7369,2018-02-03 17:30:00,2017,Arsenal,Everton,5,1,3.19622,1.49065
7373,2018-02-04 14:15:00,2017,Crystal Palace,Newcastle United,1,1,3.00238,1.14408
7375,2018-02-04 16:30:00,2017,Liverpool,Tottenham,2,2,1.28962,2.54392
7377,2018-02-05 20:00:00,2017,Watford,Chelsea,4,1,2.12696,0.573557
7387,2018-02-10 12:30:00,2017,Tottenham,Arsenal,1,0,2.63564,0.487297
7380,2018-02-10 15:00:00,2017,Everton,Crystal Palace,3,1,1.48792,1.65713
7385,2018-02-10 15:00:00,2017,Stoke,Brighton,1,1,1.39547,0.897856
7386,2018-02-10 15:00:00,2017,Swansea,Burnley,1,0,0.843332,0.430729
7388,2018-02-10 15:00:00,2017,West Ham,Watford,2,0,1.83359,0.799928
7382,2018-02-10 17:30:00,2017,Manchester City,Leicester,5,1,2.59121,0.109716
7381,2018-02-11 12:00:00,2017,Huddersfield,Bournemouth,4,1,2.56699,0.433555
7383,2018-02-11 14:15:00,2017,Newcastle United,Manchester United,1,0,0.676656,1.71995
7384,2018-02-11 16:30:00,2017,Southampton,Liverpool,0,2,0.854343,2.35575
7379,2018-02-12 20:00:00,2017,Chelsea,West Bromwich Albion,3,0,2.37995,0.628806
7396,2018-02-24 12:30:00,2017,Leicester,Stoke,1,1,1.12487,0.166078
7398,2018-02-24 15:00:00,2017,Burnley,Southampton,1,1,1.28178,0.65898
7395,2018-02-24 15:00:00,2017,Liverpool,West Ham,4,1,3.9205,0.33527
7391,2018-02-24 15:00:00,2017,Brighton,Swansea,4,1,3.2913,0.443169
7390,2018-02-24 15:00:00,2017,Bournemouth,Newcastle United,2,2,1.20646,4.23567
7394,2018-02-24 15:00:00,2017,West Bromwich Albion,Huddersfield,1,2,1.50162,1.18101
7392,2018-02-24 17:30:00,2017,Watford,Everton,1,0,0.606929,0.665127
7397,2018-02-25 00:00:00,2017,Crystal Palace,Tottenham,0,1,0.184958,1.65074
7393,2018-02-25 14:05:00,2017,Manchester United,Chelsea,2,1,1.30036,1.68958
7389,2018-03-01 19:45:00,2017,Arsenal,Manchester City,0,3,1.30172,1.92605
7400,2018-03-03 12:30:00,2017,Burnley,Everton,2,1,2.33524,1.79993
7408,2018-03-03 15:00:00,2017,Watford,West Bromwich Albion,1,0,1.23526,1.09115
7402,2018-03-03 15:00:00,2017,Leicester,Bournemouth,1,1,2.97799,1.4035
7405,2018-03-03 15:00:00,2017,Southampton,Stoke,0,0,0.982895,0.385303
7406,2018-03-03 15:00:00,2017,Swansea,West Ham,4,1,2.30838,0.497211
7407,2018-03-03 15:00:00,2017,Tottenham,Huddersfield,2,0,1.63794,0.138106
7403,2018-03-03 17:30:00,2017,Liverpool,Newcastle United,2,0,1.56935,0.255322
7399,2018-03-04 13:30:00,2017,Brighton,Arsenal,2,1,1.48498,0.801513
7404,2018-03-04 16:00:00,2017,Manchester City,Chelsea,1,0,0.953312,0.118301
7401,2018-03-05 20:00:00,2017,Crystal Palace,Manchester United,2,3,0.74138,1.25439
7414,2018-03-10 12:30:00,2017,Manchester United,Liverpool,2,1,0.845051,0.777089
7412,2018-03-10 15:00:00,2017,Everton,Brighton,2,0,1.68868,0.321797
7413,2018-03-10 15:00:00,2017,Huddersfield,Swansea,0,0,1.39381,0.0
7415,2018-03-10 15:00:00,2017,Newcastle United,Southampton,3,0,1.35847,0.496723
7417,2018-03-10 15:00:00,2017,West Bromwich Albion,Leicester,1,4,0.360925,1.86524
7418,2018-03-10 15:00:00,2017,West Ham,Burnley,0,3,0.72673,1.41929
7411,2018-03-10 17:30:00,2017,Chelsea,Crystal Palace,2,1,3.87829,1.13893
7409,2018-03-11 13:30:00,2017,Arsenal,Watford,3,0,2.38263,1.54676
7410,2018-03-11 16:00:00,2017,Bournemouth,Tottenham,1,4,1.17387,2.53124
7416,2018-03-12 20:00:00,2017,Stoke,Manchester City,0,2,0.157023,1.64562
7421,2018-03-17 15:00:00,2017,Huddersfield,Crystal Palace,0,2,0.220381,2.74705
7419,2018-03-17 15:00:00,2017,Bournemouth,West Bromwich Albion,2,1,0.685329,1.74488
7425,2018-03-17 15:00:00,2017,Stoke,Everton,1,2,0.894266,2.97881
7423,2018-03-17 17:30:00,2017,Liverpool,Watford,5,0,1.81208,0.35476
7432,2018-03-31 12:30:00,2017,Crystal Palace,Liverpool,1,2,1.90868,1.72037
7430,2018-03-31 15:00:00,2017,Brighton,Leicester,0,2,1.60322,1.26582
7434,2018-03-31 15:00:00,2017,West Ham,Southampton,3,0,1.44971,0.446641
7435,2018-03-31 15:00:00,2017,Manchester United,Swansea,2,0,2.14368,0.138813
7436,2018-03-31 15:00:00,2017,Newcastle United,Huddersfield,1,0,2.53617,0.280847
7437,2018-03-31 15:00:00,2017,Watford,Bournemouth,2,2,0.76133,2.1146
7438,2018-03-31 15:00:00,2017,West Bromwich Albion,Burnley,1,2,0.394723,1.41534
7433,2018-03-31 17:30:00,2017,Everton,Manchester City,1,3,0.859628,1.91312
7429,2018-04-01 13:30:00,2017,Arsenal,Stoke,3,0,3.56649,0.342516
7431,2018-04-01 16:00:00,2017,Chelsea,Tottenham,1,3,1.209,1.3895
7443,2018-04-07 11:30:00,2017,Everton,Liverpool,0,0,0.723427,0.947321
7448,2018-04-07 14:00:00,2017,West Bromwich Albion,Swansea,1,1,1.22912,0.655729
7447,2018-04-07 14:00:00,2017,Watford,Burnley,1,2,1.36685,1.38319
7446,2018-04-07 14:00:00,2017,Stoke,Tottenham,1,2,1.40115,1.79894
7444,2018-04-07 14:00:00,2017,Leicester,Newcastle United,1,2,1.09224,0.285116
7441,2018-04-07 14:00:00,2017,Brighton,Huddersfield,1,1,1.53244,1.48964
7440,2018-04-07 14:00:00,2017,Bournemouth,Crystal Palace,2,2,2.09227,1.14558
7445,2018-04-07 16:30:00,2017,Manchester City,Manchester United,2,3,3.42967,1.21683
7439,2018-04-08 13:15:00,2017,Arsenal,Southampton,3,2,1.58895,2.16699
7442,2018-04-08 15:30:00,2017,Chelsea,West Ham,1,1,2.12073,0.302554
7455,2018-04-14 11:30:00,2017,Southampton,Chelsea,2,3,1.2922,0.663817
7449,2018-04-14 14:00:00,2017,Burnley,Leicester,2,1,1.05951,1.99812
7450,2018-04-14 14:00:00,2017,Crystal Palace,Brighton,3,2,2.49925,1.54485
7451,2018-04-14 14:00:00,2017,Huddersfield,Watford,1,0,0.929512,0.306273
7456,2018-04-14 14:00:00,2017,Swansea,Everton,1,1,1.19751,1.61456
7452,2018-04-14 16:30:00,2017,Liverpool,Bournemouth,3,0,2.6402,0.540593
7457,2018-04-14 18:45:00,2017,Tottenham,Manchester City,1,3,0.445014,3.61987
7454,2018-04-15 12:30:00,2017,Newcastle United,Arsenal,2,1,0.888452,1.41538
7453,2018-04-15 15:00:00,2017,Manchester United,West Bromwich Albion,0,1,0.639748,0.824508
7458,2018-04-16 19:00:00,2017,West Ham,Stoke,1,1,0.807456,1.41085
7462,2018-04-17 18:45:00,2017,Brighton,Tottenham,1,1,0.988099,1.36248
7463,2018-04-18 18:45:00,2017,Bournemouth,Manchester United,0,2,1.18301,1.61597
7420,2018-04-19 18:45:00,2017,Burnley,Chelsea,1,2,0.221642,1.7717
7464,2018-04-19 18:45:00,2017,Leicester,Southampton,0,0,0.515248,0.651171
7468,2018-04-21 00:00:00,2017,West Bromwich Albion,Liverpool,2,2,1.39669,1.6393
7467,2018-04-21 14:00:00,2017,Watford,Crystal Palace,0,0,0.59455,0.182325
7459,2018-04-22 12:30:00,2017,Arsenal,West Ham,4,1,2.07299,0.623161
7466,2018-04-22 12:30:00,2017,Stoke,Burnley,1,1,0.356095,1.61309
7465,2018-04-22 15:30:00,2017,Manchester City,Swansea,5,0,3.41675,0.297493
7461,2018-04-23 19:00:00,2017,Everton,Newcastle United,1,0,0.948534,0.480957
7472,2018-04-28 11:30:00,2017,Liverpool,Stoke,0,0,2.11658,0.777827
7475,2018-04-28 14:00:00,2017,Southampton,Bournemouth,2,1,1.72584,1.01741
7474,2018-04-28 14:00:00,2017,Newcastle United,West Bromwich Albion,0,1,1.58397,0.703096
7471,2018-04-28 14:00:00,2017,Huddersfield,Everton,0,2,0.56538,0.943754
7470,2018-04-28 14:00:00,2017,Crystal Palace,Leicester,5,0,2.7876,0.941395
7469,2018-04-28 14:00:00,2017,Burnley,Brighton,0,0,1.54596,0.378409
7476,2018-04-28 16:30:00,2017,Swansea,Chelsea,0,1,0.502964,1.45426
7478,2018-04-29 13:15:00,2017,West Ham,Manchester City,1,4,0.228917,2.29076
7473,2018-04-29 15:30:00,2017,Manchester United,Arsenal,2,1,1.54667,0.651541
7477,2018-04-30 19:00:00,2017,Tottenham,Watford,2,0,1.76757,1.36928
7484,2018-05-04 20:00:00,2017,Brighton,Manchester United,1,0,0.922771,0.652444
7481,2018-05-05 12:30:00,2017,Stoke,Crystal Palace,1,2,0.750175,1.31471
7479,2018-05-05 15:00:00,2017,Leicester,West Ham,0,2,0.391738,1.43027
7482,2018-05-05 15:00:00,2017,Watford,Newcastle United,2,1,2.81246,0.613901
7483,2018-05-05 15:00:00,2017,West Bromwich Albion,Tottenham,1,0,1.21792,0.969481
7488,2018-05-05 15:00:00,2017,Bournemouth,Swansea,1,0,1.69618,1.0138
7486,2018-05-05 17:30:00,2017,Everton,Southampton,1,1,0.420891,0.634996
7480,2018-05-06 13:30:00,2017,Manchester City,Huddersfield,0,0,0.78641,0.54565
7487,2018-05-06 16:30:00,2017,Arsenal,Burnley,5,0,2.92408,0.21671
7485,2018-05-06 16:30:00,2017,Chelsea,Liverpool,1,0,0.806168,0.427002
7426,2018-05-08 19:45:00,2017,Swansea,Southampton,0,1,0.389621,1.48865
7422,2018-05-09 19:45:00,2017,Leicester,Arsenal,3,1,2.19801,1.54443
7460,2018-05-09 19:45:00,2017,Chelsea,Huddersfield,1,1,2.25256,0.631021
7424,2018-05-09 20:00:00,2017,Manchester City,Brighton,3,1,1.64765,1.00939
7427,2018-05-09 20:00:00,2017,Tottenham,Newcastle United,1,0,0.835241,0.829699
7428,2018-05-10 19:45:00,2017,West Ham,Manchester United,0,0,0.783043,0.596075
7498,2018-05-13 15:00:00,2017,Southampton,Manchester City,0,1,0.506624,0.765614
7497,2018-05-13 15:00:00,2017,Newcastle United,Chelsea,3,0,2.24197,0.843284
7495,2018-05-13 15:00:00,2017,Liverpool,Brighton,4,0,3.50981,0.0408165
7494,2018-05-13 15:00:00,2017,Huddersfield,Arsenal,0,1,1.31031,2.3322
7496,2018-05-13 15:00:00,2017,Manchester United,Watford,1,0,0.45805,0.654288
7492,2018-05-13 15:00:00,2017,Burnley,Bournemouth,1,2,1.16179,1.38551
7491,2018-05-13 15:00:00,2017,Swansea,Stoke,1,2,1.70936,1.75436
7490,2018-05-13 15:00:00,2017,Tottenham,Leicester,5,4,1.83248,1.27359
7489,2018-05-13 15:00:00,2017,West Ham,Everton,3,1,1.18299,1.67867
7493,2018-05-13 15:00:00,2017,Crystal Palace,West Bromwich Albion,2,0,2.36491,0.216004
9197,2018-08-10 22:00:00,2018,Manchester United,Leicester,2,1,1.5137,1.73813
9198,2018-08-11 14:30:00,2018,Newcastle United,Tottenham,1,2,0.974497,2.58097
9202,2018-08-11 17:00:00,2018,Bournemouth,Cardiff,2,0,2.60022,1.50693
9201,2018-08-11 17:00:00,2018,Fulham,Crystal Palace,0,2,0.638076,1.07816
9200,2018-08-11 17:00:00,2018,Huddersfield,Chelsea,0,3,0.396115,2.31427
9199,2018-08-11 17:00:00,2018,Watford,Brighton,2,0,1.42372,0.45504
9203,2018-08-11 19:30:00,2018,Wolverhampton Wanderers,Everton,2,2,0.891038,0.715382
9204,2018-08-12 15:30:00,2018,Southampton,Burnley,0,0,1.01994,1.40827
9205,2018-08-12 15:30:00,2018,Liverpool,West Ham,4,0,4.34421,0.404253
9206,2018-08-12 18:00:00,2018,Arsenal,Manchester City,0,2,0.445187,2.0178
9207,2018-08-18 14:30:00,2018,Cardiff,Newcastle United,0,0,1.15521,1.55405
9211,2018-08-18 17:00:00,2018,Everton,Southampton,2,1,2.02004,1.77471
9209,2018-08-18 17:00:00,2018,Tottenham,Fulham,3,1,3.26713,1.44253
9208,2018-08-18 17:00:00,2018,West Ham,Bournemouth,1,2,1.10275,1.69077
9210,2018-08-18 17:00:00,2018,Leicester,Wolverhampton Wanderers,2,0,0.222843,1.09349
9212,2018-08-18 19:30:00,2018,Chelsea,Arsenal,3,2,1.71799,2.45798
9213,2018-08-19 15:30:00,2018,Manchester City,Huddersfield,6,1,4.60356,0.663731
9214,2018-08-19 15:30:00,2018,Burnley,Watford,1,3,0.392642,1.9171
9215,2018-08-19 18:00:00,2018,Brighton,Manchester United,3,2,1.63672,1.56579
9216,2018-08-20 22:00:00,2018,Crystal Palace,Liverpool,0,2,0.368608,2.82183
9217,2018-08-25 14:30:00,2018,Wolverhampton Wanderers,Manchester City,1,1,1.26376,1.84293
9218,2018-08-25 17:00:00,2018,Southampton,Leicester,1,2,0.542494,0.517935
9219,2018-08-25 17:00:00,2018,Huddersfield,Cardiff,0,0,0.203453,1.06351
9221,2018-08-25 17:00:00,2018,Bournemouth,Everton,2,2,2.5887,0.543665
9222,2018-08-25 17:00:00,2018,Arsenal,West Ham,3,1,1.7852,1.17924
9223,2018-08-25 19:30:00,2018,Liverpool,Brighton,1,0,1.81412,0.535616
9224,2018-08-26 15:30:00,2018,Watford,Crystal Palace,2,1,1.14596,1.21905
9220,2018-08-26 17:00:00,2018,Fulham,Burnley,4,2,1.92459,1.56882
9225,2018-08-26 18:00:00,2018,Newcastle United,Chelsea,1,2,0.209337,1.49669
9226,2018-08-27 22:00:00,2018,Manchester United,Tottenham,0,3,1.40321,1.80811
9227,2018-09-01 11:30:00,2018,Leicester,Liverpool,1,2,0.981217,1.22722
9228,2018-09-01 14:00:00,2018,West Ham,Wolverhampton Wanderers,0,1,0.888887,1.22301
9229,2018-09-01 14:00:00,2018,Everton,Huddersfield,1,1,0.616013,0.660035
9230,2018-09-01 14:00:00,2018,Crystal Palace,Southampton,0,2,2.35193,3.13612
9231,2018-09-01 14:00:00,2018,Chelsea,Bournemouth,2,0,1.16408,0.950959
9233,2018-09-01 14:00:00,2018,Brighton,Fulham,2,2,2.68216,1.51555
9234,2018-09-01 16:30:00,2018,Manchester City,Newcastle United,2,1,2.46904,0.554763
9235,2018-09-02 12:30:00,2018,Cardiff,Arsenal,2,3,0.77426,1.41005
9236,2018-09-02 15:00:00,2018,Watford,Tottenham,2,1,0.454309,0.582521
9232,2018-09-02 15:00:00,2018,Burnley,Manchester United,0,2,1.09923,2.90359
9237,2018-09-15 11:30:00,2018,Tottenham,Liverpool,1,2,0.788168,3.01015
9242,2018-09-15 14:00:00,2018,Bournemouth,Leicester,4,2,2.22726,1.82502
9241,2018-09-15 14:00:00,2018,Chelsea,Cardiff,4,1,2.67145,0.8276
9238,2018-09-15 14:00:00,2018,Newcastle United,Arsenal,1,2,0.412121,0.90461
9239,2018-09-15 14:00:00,2018,Manchester City,Fulham,3,0,4.91621,0.342698
9240,2018-09-15 14:00:00,2018,Huddersfield,Crystal Palace,0,1,0.87744,0.746631
9243,2018-09-15 16:30:00,2018,Watford,Manchester United,1,2,1.17523,1.64902
9244,2018-09-16 12:30:00,2018,Wolverhampton Wanderers,Burnley,1,0,3.3916,0.208994
9245,2018-09-16 15:00:00,2018,Everton,West Ham,1,3,1.26774,1.52437
9246,2018-09-17 19:00:00,2018,Southampton,Brighton,2,2,2.19521,1.97094
9247,2018-09-22 11:30:00,2018,Fulham,Watford,1,1,1.77245,1.76133
9248,2018-09-22 14:00:00,2018,Manchester United,Wolverhampton Wanderers,1,1,0.62283,1.1185
9249,2018-09-22 14:00:00,2018,Liverpool,Southampton,3,0,1.77893,0.310467
9250,2018-09-22 14:00:00,2018,Leicester,Huddersfield,3,1,1.80404,0.688176
9251,2018-09-22 14:00:00,2018,Crystal Palace,Newcastle United,0,0,0.930793,0.229309
9252,2018-09-22 14:00:00,2018,Cardiff,Manchester City,0,5,0.0980726,3.08415
9253,2018-09-22 14:00:00,2018,Burnley,Bournemouth,4,0,2.29417,0.976413
9254,2018-09-22 16:30:00,2018,Brighton,Tottenham,1,2,0.817174,2.11655
9255,2018-09-23 12:30:00,2018,West Ham,Chelsea,0,0,1.0177,1.88344
9256,2018-09-23 15:00:00,2018,Arsenal,Everton,2,0,0.930544,1.06523
9257,2018-09-29 11:30:00,2018,West Ham,Manchester United,3,1,1.3029,0.865739
9258,2018-09-29 14:00:00,2018,Wolverhampton Wanderers,Southampton,2,0,1.42507,0.679627
9259,2018-09-29 14:00:00,2018,Newcastle United,Leicester,0,2,0.397301,1.34341
9260,2018-09-29 14:00:00,2018,Manchester City,Brighton,2,0,2.90697,0.23023
9261,2018-09-29 14:00:00,2018,Huddersfield,Tottenham,0,2,0.339245,2.33733
9262,2018-09-29 14:00:00,2018,Everton,Fulham,3,0,2.31538,0.536317
9263,2018-09-29 14:00:00,2018,Arsenal,Watford,2,0,1.57061,2.62141
9264,2018-09-29 16:30:00,2018,Chelsea,Liverpool,1,1,1.77638,1.74071
9265,2018-09-30 15:00:00,2018,Cardiff,Burnley,1,2,1.56707,0.111527
9266,2018-10-01 19:00:00,2018,Bournemouth,Crystal Palace,2,1,1.97143,0.385841
9267,2018-10-05 19:00:00,2018,Brighton,West Ham,1,0,1.02566,1.43652
9272,2018-10-06 14:00:00,2018,Burnley,Huddersfield,1,1,0.353128,1.02549
9271,2018-10-06 14:00:00,2018,Crystal Palace,Wolverhampton Wanderers,0,1,1.03714,0.755654
9270,2018-10-06 14:00:00,2018,Leicester,Everton,1,2,1.10472,1.14952
9269,2018-10-06 14:00:00,2018,Tottenham,Cardiff,1,0,2.6517,1.13843
9268,2018-10-06 14:00:00,2018,Watford,Bournemouth,0,4,1.06613,3.28471
9273,2018-10-06 16:30:00,2018,Manchester United,Newcastle United,3,2,2.40631,1.55962
9274,2018-10-07 11:00:00,2018,Fulham,Arsenal,1,5,1.31588,1.13706
9275,2018-10-07 13:15:00,2018,Southampton,Chelsea,0,3,1.487,3.54699
9276,2018-10-07 15:30:00,2018,Liverpool,Manchester City,0,0,0.433994,1.07481
9277,2018-10-20 11:30:00,2018,Chelsea,Manchester United,2,2,2.21163,1.11454
9278,2018-10-20 14:00:00,2018,Wolverhampton Wanderers,Watford,0,2,0.47391,1.0684
9279,2018-10-20 14:00:00,2018,West Ham,Tottenham,0,1,0.544268,1.11777
9280,2018-10-20 14:00:00,2018,Newcastle United,Brighton,0,1,1.71169,0.675798
9281,2018-10-20 14:00:00,2018,Manchester City,Burnley,5,0,4.48577,0.370236
9282,2018-10-20 14:00:00,2018,Cardiff,Fulham,4,2,1.7562,0.947712
9283,2018-10-20 14:00:00,2018,Bournemouth,Southampton,0,0,0.840403,0.589633
9284,2018-10-20 16:30:00,2018,Huddersfield,Liverpool,0,1,0.638341,0.663819
9285,2018-10-21 15:00:00,2018,Everton,Crystal Palace,2,0,1.92794,1.50174
9286,2018-10-22 19:00:00,2018,Arsenal,Leicester,3,1,2.91637,0.932491
9288,2018-10-27 14:00:00,2018,Liverpool,Cardiff,4,1,2.30176,0.643117
9289,2018-10-27 14:00:00,2018,Fulham,Bournemouth,0,3,0.383833,2.10555
9290,2018-10-27 14:00:00,2018,Brighton,Wolverhampton Wanderers,1,0,1.01337,1.38027
9291,2018-10-27 14:00:00,2018,Watford,Huddersfield,3,0,2.29622,0.479655
9292,2018-10-27 14:00:00,2018,Southampton,Newcastle United,0,0,1.19216,0.297646
9293,2018-10-27 16:30:00,2018,Leicester,West Ham,1,1,1.95344,1.56009
9294,2018-10-28 12:30:00,2018,Crystal Palace,Arsenal,2,2,2.38115,0.845197
9295,2018-10-28 12:30:00,2018,Burnley,Chelsea,0,4,0.269828,3.01621
9287,2018-10-28 15:00:00,2018,Manchester United,Everton,2,1,2.51393,1.67348
9296,2018-10-29 19:00:00,2018,Tottenham,Manchester City,0,1,0.442436,1.93588
9297,2018-11-03 12:30:00,2018,Bournemouth,Manchester United,1,2,1.928,3.29249
9302,2018-11-03 15:00:00,2018,Cardiff,Leicester,0,1,0.922262,2.18288
9301,2018-11-03 15:00:00,2018,Everton,Brighton,3,1,2.59305,0.676348
9298,2018-11-03 15:00:00,2018,West Ham,Burnley,4,2,2.55739,0.882514
9299,2018-11-03 15:00:00,2018,Newcastle United,Watford,1,0,0.691575,2.5452
9303,2018-11-03 17:30:00,2018,Arsenal,Liverpool,1,1,1.62321,1.19558
9304,2018-11-03 19:45:00,2018,Wolverhampton Wanderers,Tottenham,2,3,2.40643,1.63123
9300,2018-11-04 15:00:00,2018,Manchester City,Southampton,6,1,2.76272,1.81466
9305,2018-11-04 16:00:00,2018,Chelsea,Crystal Palace,3,1,1.88741,0.454547
9306,2018-11-05 20:00:00,2018,Huddersfield,Fulham,1,0,0.51433,0.354166
9307,2018-11-10 12:30:00,2018,Cardiff,Brighton,2,1,1.94297,0.767044
9308,2018-11-10 15:00:00,2018,Southampton,Watford,1,1,1.20211,1.07573
9309,2018-11-10 15:00:00,2018,Newcastle United,Bournemouth,2,1,2.57545,1.91687
9310,2018-11-10 15:00:00,2018,Leicester,Burnley,0,0,1.5091,0.368393
9311,2018-11-10 15:00:00,2018,Huddersfield,West Ham,1,1,1.17524,1.44113
9312,2018-11-10 17:30:00,2018,Crystal Palace,Tottenham,0,1,0.688016,1.55381
9313,2018-11-11 12:00:00,2018,Liverpool,Fulham,2,0,2.22417,0.571301
9314,2018-11-11 14:15:00,2018,Chelsea,Everton,0,0,1.16298,0.198027
9316,2018-11-11 16:30:00,2018,Arsenal,Wolverhampton Wanderers,1,1,0.965843,1.86549
9315,2018-11-11 16:30:00,2018,Manchester City,Manchester United,3,1,2.02764,0.97089
9317,2018-11-24 15:00:00,2018,West Ham,Manchester City,0,4,0.829504,2.95852
9318,2018-11-24 15:00:00,2018,Watford,Liverpool,0,3,0.673382,1.45314
9319,2018-11-24 15:00:00,2018,Manchester United,Crystal Palace,0,0,1.34245,1.05292
9320,2018-11-24 15:00:00,2018,Fulham,Southampton,3,2,1.3875,1.67163
9321,2018-11-24 15:00:00,2018,Everton,Cardiff,1,0,2.48066,0.879108
9322,2018-11-24 15:00:00,2018,Brighton,Leicester,1,1,0.862315,1.12521
9323,2018-11-24 17:30:00,2018,Tottenham,Chelsea,3,1,3.34649,0.962804
9324,2018-11-25 13:30:00,2018,Bournemouth,Arsenal,1,2,0.650884,1.71044
9325,2018-11-25 16:00:00,2018,Wolverhampton Wanderers,Huddersfield,0,2,0.701036,0.627281
9326,2018-11-26 20:00:00,2018,Burnley,Newcastle United,1,2,1.49487,1.67701
9335,2018-11-30 20:00:00,2018,Cardiff,Wolverhampton Wanderers,2,1,1.09264,0.987623
9333,2018-12-01 15:00:00,2018,Crystal Palace,Burnley,2,0,2.03785,0.302477
9332,2018-12-01 15:00:00,2018,Huddersfield,Brighton,1,2,0.558083,1.67998
9329,2018-12-01 15:00:00,2018,Manchester City,Bournemouth,3,1,2.83557,0.715009
9328,2018-12-01 15:00:00,2018,Newcastle United,West Ham,0,3,1.12583,2.62697
9331,2018-12-01 15:00:00,2018,Leicester,Watford,2,0,1.41758,1.19923
9327,2018-12-01 17:30:00,2018,Southampton,Manchester United,2,2,0.623954,0.904803
9334,2018-12-02 12:00:00,2018,Chelsea,Fulham,2,0,2.17105,0.285256
9336,2018-12-02 14:05:00,2018,Arsenal,Tottenham,4,2,2.71421,1.0926
9330,2018-12-02 16:15:00,2018,Liverpool,Everton,1,0,3.07574,1.23014
9337,2018-12-04 19:45:00,2018,Brighton,Crystal Palace,3,1,1.2521,1.5329
9338,2018-12-04 19:45:00,2018,Bournemouth,Huddersfield,2,1,1.07393,1.5631
9340,2018-12-04 19:45:00,2018,West Ham,Cardiff,3,1,1.57488,1.93448
9341,2018-12-04 20:00:00,2018,Watford,Manchester City,1,2,1.672,2.51933
9339,2018-12-05 19:45:00,2018,Wolverhampton Wanderers,Chelsea,2,1,0.682893,1.10702
9342,2018-12-05 19:45:00,2018,Fulham,Leicester,1,1,1.47593,1.21575
9343,2018-12-05 19:45:00,2018,Burnley,Liverpool,1,3,1.05809,2.73897
9345,2018-12-05 19:45:00,2018,Everton,Newcastle United,1,1,2.10943,1.52214
9346,2018-12-05 20:00:00,2018,Tottenham,Southampton,3,1,1.73642,1.82434
9344,2018-12-05 20:00:00,2018,Manchester United,Arsenal,2,2,1.33679,1.73226
9355,2018-12-08 12:30:00,2018,Bournemouth,Liverpool,0,4,0.279142,1.80619
9347,2018-12-08 15:00:00,2018,West Ham,Crystal Palace,3,2,1.53635,0.934613
9349,2018-12-08 15:00:00,2018,Manchester United,Fulham,4,1,3.15444,1.23251
9353,2018-12-08 15:00:00,2018,Cardiff,Southampton,1,0,1.55832,0.501128
9354,2018-12-08 15:00:00,2018,Burnley,Brighton,1,0,1.81251,0.951507
9356,2018-12-08 15:00:00,2018,Arsenal,Huddersfield,1,0,2.02156,0.308361
9352,2018-12-08 17:30:00,2018,Chelsea,Manchester City,2,0,0.526329,0.740048
9350,2018-12-08 19:45:00,2018,Leicester,Tottenham,0,2,0.357742,0.917968
9348,2018-12-09 16:00:00,2018,Newcastle United,Wolverhampton Wanderers,1,2,0.4601,1.57799
9351,2018-12-10 20:00:00,2018,Everton,Watford,2,2,1.72686,1.63043
9361,2018-12-15 12:30:00,2018,Manchester City,Everton,3,1,1.79848,1.6235
9365,2018-12-15 15:00:00,2018,Crystal Palace,Leicester,1,0,0.39698,0.895305
9363,2018-12-15 15:00:00,2018,Huddersfield,Newcastle United,0,1,0.671382,0.931041
9357,2018-12-15 15:00:00,2018,Wolverhampton Wanderers,Bournemouth,2,0,2.02223,0.52685
9358,2018-12-15 15:00:00,2018,Watford,Cardiff,3,2,1.64998,0.485768
9359,2018-12-15 15:00:00,2018,Tottenham,Burnley,1,0,1.74625,0.451196
9364,2018-12-15 17:30:00,2018,Fulham,West Ham,0,2,1.03424,0.75325
9360,2018-12-16 13:30:00,2018,Southampton,Arsenal,3,2,1.21163,1.85763
9366,2018-12-16 13:30:00,2018,Brighton,Chelsea,1,2,0.26126,1.6111
9362,2018-12-16 16:00:00,2018,Liverpool,Manchester United,3,1,2.60435,0.658049
9367,2018-12-21 20:00:00,2018,Wolverhampton Wanderers,Liverpool,0,2,0.763821,2.16356
9376,2018-12-22 12:30:00,2018,Arsenal,Burnley,3,1,1.4656,1.03237
9373,2018-12-22 15:00:00,2018,Chelsea,Leicester,0,1,2.40458,0.456492
9371,2018-12-22 15:00:00,2018,Huddersfield,Southampton,1,3,1.0038,2.60172
9375,2018-12-22 15:00:00,2018,Bournemouth,Brighton,2,0,0.892502,0.825478
9369,2018-12-22 15:00:00,2018,Newcastle United,Fulham,0,0,0.289508,0.245408
9368,2018-12-22 15:00:00,2018,West Ham,Watford,0,2,2.06507,2.32983
9370,2018-12-22 15:00:00,2018,Manchester City,Crystal Palace,2,3,1.27118,1.14609
9374,2018-12-22 17:30:00,2018,Cardiff,Manchester United,1,5,1.27173,2.72523
9372,2018-12-23 16:00:00,2018,Everton,Tottenham,2,6,1.00121,2.55514
9383,2018-12-26 12:30:00,2018,Fulham,Wolverhampton Wanderers,1,1,1.2769,1.35896
9385,2018-12-26 15:00:00,2018,Burnley,Everton,1,5,1.88646,1.8875
9384,2018-12-26 15:00:00,2018,Crystal Palace,Cardiff,0,0,2.43202,1.05926
9382,2018-12-26 15:00:00,2018,Leicester,Manchester City,2,1,1.55714,1.34781
9381,2018-12-26 15:00:00,2018,Liverpool,Newcastle United,4,0,3.24988,0.456309
9378,2018-12-26 15:00:00,2018,Tottenham,Bournemouth,5,0,2.23457,1.21736
9380,2018-12-26 15:00:00,2018,Manchester United,Huddersfield,3,1,1.79848,1.40594
9386,2018-12-26 17:15:00,2018,Brighton,Arsenal,1,1,1.38502,0.789138
9377,2018-12-26 19:30:00,2018,Watford,Chelsea,1,2,1.24414,2.1956
9379,2018-12-27 19:45:00,2018,Southampton,West Ham,1,2,1.28665,1.26973
9396,2018-12-29 15:00:00,2018,Brighton,Everton,1,0,1.60311,0.655851
9392,2018-12-29 15:00:00,2018,Leicester,Cardiff,0,1,1.51648,0.493212
9393,2018-12-29 15:00:00,2018,Fulham,Huddersfield,1,0,1.72386,0.276791
9387,2018-12-29 15:00:00,2018,Watford,Newcastle United,1,1,1.05566,0.661713
9388,2018-12-29 15:00:00,2018,Tottenham,Wolverhampton Wanderers,1,3,0.277704,1.20867
9391,2018-12-29 17:30:00,2018,Liverpool,Arsenal,5,1,3.7053,1.08186
9394,2018-12-30 12:00:00,2018,Crystal Palace,Chelsea,0,1,0.199002,0.741471
9389,2018-12-30 14:15:00,2018,Southampton,Manchester City,1,3,0.221381,2.96802
9395,2018-12-30 14:15:00,2018,Burnley,West Ham,2,0,2.89884,0.656044
9390,2018-12-30 16:30:00,2018,Manchester United,Bournemouth,4,1,3.41874,0.705549
9402,2019-01-01 12:30:00,2018,Everton,Leicester,0,1,0.871304,0.644144
9406,2019-01-01 15:00:00,2018,Arsenal,Fulham,4,1,4.43325,1.71312
9404,2019-01-01 17:30:00,2018,Cardiff,Tottenham,0,3,1.0789,1.38282
9403,2019-01-02 19:45:00,2018,Chelsea,Southampton,0,0,0.850791,0.158168
9397,2019-01-02 19:45:00,2018,Wolverhampton Wanderers,Crystal Palace,0,2,0.656255,1.94658
9398,2019-01-02 19:45:00,2018,West Ham,Brighton,2,2,0.639356,0.686806
9401,2019-01-02 19:45:00,2018,Huddersfield,Burnley,1,2,0.621818,2.66309
9405,2019-01-02 19:45:00,2018,Bournemouth,Watford,3,3,2.84828,0.977046
9399,2019-01-02 20:00:00,2018,Newcastle United,Manchester United,0,2,0.691878,2.6754
9400,2019-01-03 20:00:00,2018,Manchester City,Liverpool,2,1,1.00357,1.3801
9407,2019-01-12 12:30:00,2018,West Ham,Arsenal,1,0,0.669394,0.685895
9410,2019-01-12 15:00:00,2018,Leicester,Southampton,1,2,1.75983,1.41659
9412,2019-01-12 15:00:00,2018,Crystal Palace,Watford,1,2,1.1617,1.56262
9414,2019-01-12 15:00:00,2018,Cardiff,Huddersfield,0,0,0.124558,0.39468
9415,2019-01-12 15:00:00,2018,Burnley,Fulham,2,1,0.809801,0.903255
9416,2019-01-12 15:00:00,2018,Brighton,Liverpool,0,1,0.384198,2.2665
9413,2019-01-12 17:30:00,2018,Chelsea,Newcastle United,2,1,1.32355,0.395148
9411,2019-01-13 14:15:00,2018,Everton,Bournemouth,2,0,1.7814,1.52828
9408,2019-01-13 16:30:00,2018,Tottenham,Manchester United,0,1,1.80359,0.957777
9409,2019-01-14 20:00:00,2018,Manchester City,Wolverhampton Wanderers,3,0,3.11947,0.0985446
9417,2019-01-19 12:30:00,2018,Wolverhampton Wanderers,Leicester,4,3,2.21719,1.33831
9422,2019-01-19 15:00:00,2018,Liverpool,Crystal Palace,4,3,2.8299,0.695213
9425,2019-01-19 15:00:00,2018,Bournemouth,West Ham,2,0,1.24835,0.971813
9421,2019-01-19 15:00:00,2018,Manchester United,Brighton,2,1,2.64005,0.635111
9418,2019-01-19 15:00:00,2018,Watford,Burnley,0,0,1.06981,1.97256
9419,2019-01-19 15:00:00,2018,Southampton,Everton,2,1,1.06009,1.31169
9420,2019-01-19 15:00:00,2018,Newcastle United,Cardiff,3,0,2.518,0.255727
9426,2019-01-19 17:30:00,2018,Arsenal,Chelsea,2,0,2.09412,0.755304
9423,2019-01-20 13:30:00,2018,Huddersfield,Manchester City,0,3,0.764264,2.01376
9424,2019-01-20 16:00:00,2018,Fulham,Tottenham,1,2,0.937902,1.93316
9427,2019-01-29 19:45:00,2018,Wolverhampton Wanderers,West Ham,3,0,2.0363,0.130179
9428,2019-01-29 19:45:00,2018,Huddersfield,Everton,0,1,0.73078,1.05995
9429,2019-01-29 19:45:00,2018,Fulham,Brighton,4,2,3.46113,2.36867
9431,2019-01-29 19:45:00,2018,Arsenal,Cardiff,2,1,2.69339,0.597893
9432,2019-01-29 20:00:00,2018,Manchester United,Burnley,2,2,3.23417,0.934603
9434,2019-01-29 20:00:00,2018,Newcastle United,Manchester City,2,1,0.992326,1.33896
9433,2019-01-30 19:45:00,2018,Southampton,Crystal Palace,1,1,1.33257,1.53294
9430,2019-01-30 19:45:00,2018,Bournemouth,Chelsea,4,0,2.15094,0.718873
9435,2019-01-30 20:00:00,2018,Tottenham,Watford,2,1,1.36248,0.479838
9436,2019-01-30 20:00:00,2018,Liverpool,Leicester,1,1,0.576336,1.1272
9438,2019-02-02 12:30:00,2018,Tottenham,Newcastle United,1,0,3.10409,0.400152
9441,2019-02-02 15:00:00,2018,Everton,Wolverhampton Wanderers,1,3,1.36252,1.85729
9442,2019-02-02 15:00:00,2018,Crystal Palace,Fulham,2,0,2.19582,0.560836
9443,2019-02-02 15:00:00,2018,Chelsea,Huddersfield,5,0,2.94236,0.260391
9445,2019-02-02 15:00:00,2018,Burnley,Southampton,1,1,2.00175,0.787747
9446,2019-02-02 15:00:00,2018,Brighton,Watford,0,0,1.83528,0.279297
9444,2019-02-02 17:30:00,2018,Cardiff,Bournemouth,2,0,2.53093,0.35199
9440,2019-02-03 14:05:00,2018,Leicester,Manchester United,0,1,1.40067,1.49717
9439,2019-02-03 16:30:00,2018,Manchester City,Arsenal,3,1,3.03102,0.703542
9437,2019-02-04 20:00:00,2018,West Ham,Liverpool,1,1,0.791319,1.12475
9461,2019-02-06 19:45:00,2018,Everton,Manchester City,0,2,0.111559,2.60922
9447,2019-02-09 12:30:00,2018,Fulham,Manchester United,0,3,2.18741,2.13209
9448,2019-02-09 15:00:00,2018,Crystal Palace,West Ham,1,1,2.68412,1.74711
9451,2019-02-09 15:00:00,2018,Watford,Everton,1,0,1.53311,0.641094
9453,2019-02-09 15:00:00,2018,Southampton,Cardiff,1,2,1.70666,0.980673
9455,2019-02-09 15:00:00,2018,Liverpool,Bournemouth,3,0,2.53003,0.390995
9456,2019-02-09 15:00:00,2018,Huddersfield,Arsenal,1,2,1.96816,1.46751
9449,2019-02-09 17:30:00,2018,Brighton,Burnley,1,3,1.31614,1.83041
9452,2019-02-10 13:30:00,2018,Tottenham,Leicester,3,1,1.21144,3.02164
9454,2019-02-10 16:00:00,2018,Manchester City,Chelsea,6,0,4.04218,0.901867
9450,2019-02-11 20:00:00,2018,Wolverhampton Wanderers,Newcastle United,1,1,2.30998,0.435263
9457,2019-02-22 19:45:00,2018,West Ham,Fulham,3,1,2.72871,1.23555
9463,2019-02-22 19:45:00,2018,Cardiff,Watford,1,5,1.90045,2.75798
9464,2019-02-23 12:30:00,2018,Burnley,Tottenham,2,1,1.08514,0.845211
9465,2019-02-23 15:00:00,2018,Bournemouth,Wolverhampton Wanderers,1,1,2.13291,1.20286
9458,2019-02-23 15:00:00,2018,Newcastle United,Huddersfield,2,0,3.03313,0.133934
9460,2019-02-23 17:30:00,2018,Leicester,Crystal Palace,1,4,0.946697,1.57739
9459,2019-02-24 14:05:00,2018,Manchester United,Liverpool,0,0,0.474869,0.380519
9466,2019-02-24 14:05:00,2018,Arsenal,Southampton,2,0,2.35088,0.613167
9467,2019-02-26 19:45:00,2018,Leicester,Brighton,2,1,1.92171,1.20566
9468,2019-02-26 19:45:00,2018,Huddersfield,Wolverhampton Wanderers,1,0,1.46224,0.573166
9469,2019-02-26 19:45:00,2018,Cardiff,Everton,0,3,0.219359,1.14212
9473,2019-02-26 20:00:00,2018,Newcastle United,Burnley,2,0,1.70312,1.74201
9470,2019-02-27 19:45:00,2018,Arsenal,Bournemouth,5,1,3.18716,0.88618
9472,2019-02-27 19:45:00,2018,Southampton,Fulham,2,0,1.15823,0.798715
9475,2019-02-27 20:00:00,2018,Manchester City,West Ham,1,0,3.67741,0.400125
9471,2019-02-27 20:00:00,2018,Crystal Palace,Manchester United,1,3,1.69334,1.54089
9474,2019-02-27 20:00:00,2018,Chelsea,Tottenham,2,0,0.625978,0.722229
9476,2019-02-27 20:00:00,2018,Liverpool,Watford,5,0,2.74266,0.630423
9480,2019-03-02 12:30:00,2018,Tottenham,Arsenal,1,1,1.76818,3.45713
9477,2019-03-02 15:00:00,2018,Wolverhampton Wanderers,Cardiff,2,0,3.2075,0.702261
9481,2019-03-02 15:00:00,2018,Manchester United,Southampton,3,2,2.54216,0.578485
9484,2019-03-02 15:00:00,2018,Burnley,Crystal Palace,1,3,1.90872,0.706284
9485,2019-03-02 15:00:00,2018,Brighton,Huddersfield,1,0,1.39896,0.2014
9486,2019-03-02 15:00:00,2018,Bournemouth,Manchester City,0,1,0.0,1.59515
9478,2019-03-02 17:30:00,2018,West Ham,Newcastle United,2,0,1.88895,1.18549
9479,2019-03-03 12:00:00,2018,Watford,Leicester,2,1,1.36515,0.794683
9482,2019-03-03 14:05:00,2018,Fulham,Chelsea,1,2,0.898469,1.53632
9483,2019-03-03 16:15:00,2018,Everton,Liverpool,0,0,0.241879,0.811272
9493,2019-03-09 12:30:00,2018,Crystal Palace,Brighton,1,2,1.44291,0.129312
9495,2019-03-09 15:00:00,2018,Cardiff,West Ham,2,0,3.49275,0.295869
9491,2019-03-09 15:00:00,2018,Leicester,Fulham,3,1,2.13494,0.15103
9492,2019-03-09 15:00:00,2018,Huddersfield,Bournemouth,0,2,0.339087,2.16389
9487,2019-03-09 15:00:00,2018,Southampton,Tottenham,2,1,2.07772,1.26876
9488,2019-03-09 15:00:00,2018,Newcastle United,Everton,3,2,2.37896,1.15114
9489,2019-03-09 17:30:00,2018,Manchester City,Watford,3,1,3.75714,0.407168
9490,2019-03-10 12:00:00,2018,Liverpool,Burnley,4,2,4.12341,0.471571
9494,2019-03-10 14:05:00,2018,Chelsea,Wolverhampton Wanderers,1,1,1.0471,0.609079
9496,2019-03-10 16:30:00,2018,Arsenal,Manchester United,2,0,1.52723,2.3703
9498,2019-03-16 15:00:00,2018,West Ham,Huddersfield,4,3,1.88114,1.66909
9504,2019-03-16 15:00:00,2018,Burnley,Leicester,1,2,1.17008,0.608954
9506,2019-03-16 15:00:00,2018,Bournemouth,Newcastle United,2,2,1.61666,1.02847
9502,2019-03-17 14:15:00,2018,Fulham,Liverpool,1,2,0.915765,2.73437
9503,2019-03-17 16:30:00,2018,Everton,Chelsea,2,0,2.24031,1.24394
9512,2019-03-30 12:30:00,2018,Fulham,Manchester City,0,2,0.661491,2.31513
9515,2019-03-30 15:00:00,2018,Burnley,Wolverhampton Wanderers,2,0,0.572695,0.397928
9513,2019-03-30 15:00:00,2018,Crystal Palace,Huddersfield,2,0,2.84701,0.926991
9516,2019-03-30 15:00:00,2018,Brighton,Southampton,0,1,0.560521,0.857436
9509,2019-03-30 15:00:00,2018,Manchester United,Watford,2,1,1.98052,1.35208
9511,2019-03-30 15:00:00,2018,Leicester,Bournemouth,2,0,1.8935,0.790333
9508,2019-03-30 17:30:00,2018,West Ham,Everton,0,2,0.0891639,2.65983
9514,2019-03-31 13:05:00,2018,Cardiff,Chelsea,1,2,0.446122,2.07834
9510,2019-03-31 15:30:00,2018,Liverpool,Tottenham,2,1,1.0931,1.04822
9507,2019-04-01 20:00:00,2018,Arsenal,Newcastle United,2,0,1.04458,0.0441445
9517,2019-04-02 19:45:00,2018,Wolverhampton Wanderers,Manchester United,2,1,1.65044,2.03847
9518,2019-04-02 19:45:00,2018,Watford,Fulham,4,1,1.59338,1.90917
9462,2019-04-03 19:45:00,2018,Chelsea,Brighton,3,0,3.12416,0.440898
9500,2019-04-03 19:45:00,2018,Tottenham,Crystal Palace,2,0,2.57376,0.564317
9522,2019-04-03 19:45:00,2018,Manchester City,Cardiff,2,0,3.53913,0.135788
9520,2019-04-05 20:00:00,2018,Southampton,Liverpool,1,3,0.718394,2.00654
9521,2019-04-06 15:00:00,2018,Newcastle United,Crystal Palace,0,1,0.943175,0.907988
9523,2019-04-06 15:00:00,2018,Huddersfield,Leicester,1,4,1.62301,3.61876
9526,2019-04-06 15:00:00,2018,Bournemouth,Burnley,1,3,1.20888,1.38919
9524,2019-04-07 14:05:00,2018,Everton,Arsenal,1,0,2.69396,0.201885
9525,2019-04-08 20:00:00,2018,Chelsea,West Ham,2,0,2.23287,0.471195
9532,2019-04-12 20:00:00,2018,Leicester,Newcastle United,0,1,0.877377,0.945804
9528,2019-04-13 12:30:00,2018,Tottenham,Huddersfield,4,0,2.78596,0.983527
9529,2019-04-13 15:00:00,2018,Southampton,Wolverhampton Wanderers,3,1,3.80842,0.642825
9533,2019-04-13 15:00:00,2018,Fulham,Everton,2,0,1.66303,1.29107
9535,2019-04-13 15:00:00,2018,Burnley,Cardiff,2,0,2.84358,0.872224
9536,2019-04-13 15:00:00,2018,Brighton,Bournemouth,0,5,0.206731,2.76885
9530,2019-04-13 17:30:00,2018,Manchester United,West Ham,2,1,2.65125,1.42817
9534,2019-04-14 14:05:00,2018,Crystal Palace,Manchester City,1,3,0.318169,2.86236
9531,2019-04-14 16:30:00,2018,Liverpool,Chelsea,2,0,1.30839,0.873177
9527,2019-04-15 20:00:00,2018,Watford,Arsenal,0,1,1.12595,2.2668
9505,2019-04-16 19:45:00,2018,Brighton,Cardiff,0,2,0.588539,0.819472
9540,2019-04-20 12:30:00,2018,Manchester City,Tottenham,1,0,2.06185,1.19894
9545,2019-04-20 15:00:00,2018,Bournemouth,Fulham,0,1,2.83739,2.61689
9541,2019-04-20 15:00:00,2018,Huddersfield,Watford,1,2,1.09072,1.08462
9538,2019-04-20 15:00:00,2018,West Ham,Leicester,2,2,1.36558,0.8065
9537,2019-04-20 15:00:00,2018,Wolverhampton Wanderers,Brighton,0,0,2.60447,0.115051
9539,2019-04-20 17:30:00,2018,Newcastle United,Southampton,3,1,1.23033,1.27102
9542,2019-04-21 13:30:00,2018,Everton,Manchester United,4,0,1.5204,0.305982
9544,2019-04-21 16:00:00,2018,Cardiff,Liverpool,0,2,1.1187,2.42404
9546,2019-04-21 16:00:00,2018,Arsenal,Crystal Palace,2,3,1.54245,2.56216
9543,2019-04-22 20:00:00,2018,Chelsea,Burnley,2,2,1.28197,0.788788
9499,2019-04-23 19:45:00,2018,Watford,Southampton,1,1,1.27253,2.11999
9519,2019-04-23 19:45:00,2018,Tottenham,Brighton,1,0,1.0032,0.143138
9497,2019-04-24 19:45:00,2018,Wolverhampton Wanderers,Arsenal,3,1,0.982018,0.939754
9501,2019-04-24 20:00:00,2018,Manchester United,Manchester City,0,2,0.514509,0.530481
9551,2019-04-26 20:00:00,2018,Liverpool,Huddersfield,5,0,3.58922,0.1624
9548,2019-04-27 12:30:00,2018,Tottenham,West Ham,0,1,1.35378,0.991558
9554,2019-04-27 15:00:00,2018,Crystal Palace,Everton,0,0,0.261344,1.15217
9553,2019-04-27 15:00:00,2018,Fulham,Cardiff,1,0,0.519072,1.11322
9549,2019-04-27 15:00:00,2018,Southampton,Bournemouth,3,3,2.73537,2.62214
9547,2019-04-27 15:00:00,2018,Watford,Wolverhampton Wanderers,1,2,0.896093,2.44357
9556,2019-04-27 17:30:00,2018,Brighton,Newcastle United,1,1,1.20482,0.43797
9552,2019-04-28 12:00:00,2018,Leicester,Arsenal,3,0,3.6797,0.600697
9555,2019-04-28 14:05:00,2018,Burnley,Manchester City,0,1,0.0899809,2.34878
9550,2019-04-28 16:30:00,2018,Manchester United,Chelsea,1,1,1.12483,1.6298
9562,2019-05-03 19:00:00,2018,Everton,Burnley,2,0,1.76461,0.473292
9565,2019-05-04 11:30:00,2018,Bournemouth,Tottenham,1,0,2.22622,0.713362
9557,2019-05-04 14:00:00,2018,Wolverhampton Wanderers,Fulham,1,0,2.09397,0.512477
9558,2019-05-04 14:00:00,2018,West Ham,Southampton,3,0,1.99866,0.443686
9564,2019-05-04 16:30:00,2018,Cardiff,Crystal Palace,2,3,1.4996,1.80991
9559,2019-05-04 18:45:00,2018,Newcastle United,Liverpool,2,3,1.29707,1.48081
9561,2019-05-05 13:00:00,2018,Huddersfield,Manchester United,1,1,0.73663,1.88049
9563,2019-05-05 13:00:00,2018,Chelsea,Watford,3,0,2.96478,1.2712
9566,2019-05-05 15:30:00,2018,Arsenal,Brighton,1,1,2.36178,1.90585
9560,2019-05-06 19:00:00,2018,Manchester City,Leicester,1,0,1.08617,0.537307
9567,2019-05-12 14:00:00,2018,Watford,West Ham,1,4,2.06986,3.20094
9568,2019-05-12 14:00:00,2018,Tottenham,Everton,2,2,0.882608,2.06851
9569,2019-05-12 14:00:00,2018,Southampton,Huddersfield,1,1,0.941018,0.857152
9570,2019-05-12 14:00:00,2018,Manchester United,Cardiff,0,2,1.89555,1.71095
9571,2019-05-12 14:00:00,2018,Liverpool,Wolverhampton Wanderers,2,0,1.70197,0.883861
9572,2019-05-12 14:00:00,2018,Leicester,Chelsea,0,0,0.345306,1.26735
9573,2019-05-12 14:00:00,2018,Fulham,Newcastle United,0,4,0.569845,1.95921
9574,2019-05-12 14:00:00,2018,Crystal Palace,Bournemouth,5,3,2.85899,1.8981
9575,2019-05-12 14:00:00,2018,Burnley,Arsenal,1,3,1.72939,2.87276
9576,2019-05-12 14:00:00,2018,Brighton,Manchester City,1,4,0.595313,2.22234
11643,2019-08-09 20:00:00,2019,Liverpool,Norwich,4,1,2.23456,0.842407
11644,2019-08-10 12:30:00,2019,West Ham,Manchester City,0,5,1.2003,3.18377
11648,2019-08-10 15:00:00,2019,Watford,Brighton,0,3,0.670022,0.855516
11647,2019-08-10 15:00:00,2019,Crystal Palace,Everton,0,0,0.87159,1.2246
11646,2019-08-10 15:00:00,2019,Burnley,Southampton,3,0,0.909241,1.08752
11645,2019-08-10 15:00:00,2019,Bournemouth,Sheffield United,1,1,1.34099,1.59864
11649,2019-08-10 17:30:00,2019,Tottenham,Aston Villa,3,1,2.57262,0.639599
11650,2019-08-11 14:00:00,2019,Newcastle United,Arsenal,0,1,0.380551,1.13309
11651,2019-08-11 14:00:00,2019,Leicester,Wolverhampton Wanderers,0,0,0.543759,0.812949
11652,2019-08-11 16:30:00,2019,Manchester United,Chelsea,4,0,2.37442,1.09534
11653,2019-08-17 12:30:00,2019,Arsenal,Burnley,2,1,1.1644,1.39172
11654,2019-08-17 15:00:00,2019,Aston Villa,Bournemouth,1,2,1.65069,1.62777
11655,2019-08-17 15:00:00,2019,Brighton,West Ham,1,1,2.40461,1.00856
11656,2019-08-17 15:00:00,2019,Everton,Watford,1,0,0.832913,1.17279
11657,2019-08-17 15:00:00,2019,Norwich,Newcastle United,3,1,2.09572,0.920429
11658,2019-08-17 15:00:00,2019,Southampton,Liverpool,1,2,2.14047,1.52022
11659,2019-08-17 17:30:00,2019,Manchester City,Tottenham,2,2,3.20076,0.074542
11660,2019-08-18 14:00:00,2019,Sheffield United,Crystal Palace,1,0,1.84778,0.241912
11661,2019-08-18 16:30:00,2019,Chelsea,Leicester,1,1,1.22629,0.947941
11662,2019-08-19 20:00:00,2019,Wolverhampton Wanderers,Manchester United,1,1,0.307356,1.14332
11663,2019-08-23 20:00:00,2019,Aston Villa,Everton,2,0,0.855926,1.25668
11664,2019-08-24 12:30:00,2019,Norwich,Chelsea,2,3,1.07904,1.89428
11665,2019-08-24 15:00:00,2019,Sheffield United,Leicester,1,2,0.654318,0.704879
11666,2019-08-24 15:00:00,2019,Brighton,Southampton,0,2,0.997711,2.07795
11667,2019-08-24 15:00:00,2019,Watford,West Ham,1,3,2.29348,3.45768
11669,2019-08-24 15:00:00,2019,Manchester United,Crystal Palace,1,2,2.23561,0.676993
11670,2019-08-24 17:30:00,2019,Liverpool,Arsenal,3,1,2.78821,0.985542
11671,2019-08-25 14:00:00,2019,Bournemouth,Manchester City,1,3,1.89345,3.12856
11668,2019-08-25 16:30:00,2019,Wolverhampton Wanderers,Burnley,1,1,1.32793,1.22762
11672,2019-08-25 16:30:00,2019,Tottenham,Newcastle United,0,1,1.25927,0.51428
11673,2019-08-31 12:30:00,2019,Southampton,Manchester United,1,1,0.769616,1.90356
11679,2019-08-31 15:00:00,2019,Newcastle United,Watford,1,1,1.04131,1.1068
11678,2019-08-31 15:00:00,2019,Manchester City,Brighton,4,0,2.30818,0.861035
11677,2019-08-31 15:00:00,2019,Leicester,Bournemouth,3,1,2.23766,0.554726
11675,2019-08-31 15:00:00,2019,Chelsea,Sheffield United,2,2,2.30579,1.04649
11674,2019-08-31 15:00:00,2019,West Ham,Norwich,2,0,2.20657,1.1674
11676,2019-08-31 15:00:00,2019,Crystal Palace,Aston Villa,1,0,1.41394,0.30354
11680,2019-08-31 17:30:00,2019,Burnley,Liverpool,0,3,0.61739,1.20057
11681,2019-09-01 14:00:00,2019,Everton,Wolverhampton Wanderers,3,2,1.48842,2.00172
11682,2019-09-01 16:30:00,2019,Arsenal,Tottenham,2,2,1.92509,1.95514
11683,2019-09-14 11:30:00,2019,Liverpool,Newcastle United,3,1,2.93281,0.291073
11688,2019-09-14 14:00:00,2019,Wolverhampton Wanderers,Chelsea,2,5,1.49359,3.06799
11684,2019-09-14 14:00:00,2019,Manchester United,Leicester,1,0,1.10019,0.459141
11685,2019-09-14 14:00:00,2019,Brighton,Burnley,1,1,1.68545,0.341654
11686,2019-09-14 14:00:00,2019,Sheffield United,Southampton,0,1,1.88034,1.57659
11687,2019-09-14 14:00:00,2019,Tottenham,Crystal Palace,4,0,1.04944,0.577323
11689,2019-09-14 16:30:00,2019,Norwich,Manchester City,3,2,1.7413,2.34436
11690,2019-09-15 13:00:00,2019,Bournemouth,Everton,3,1,1.41542,1.50641
11691,2019-09-15 15:30:00,2019,Watford,Arsenal,2,2,2.83209,1.00616
11692,2019-09-16 19:00:00,2019,Aston Villa,West Ham,0,0,1.40502,0.535279
11693,2019-09-20 19:00:00,2019,Southampton,Bournemouth,1,3,2.18021,1.29773
11694,2019-09-21 11:30:00,2019,Leicester,Tottenham,2,1,1.28752,1.33735
11695,2019-09-21 14:00:00,2019,Manchester City,Watford,8,0,6.63049,0.344718
11696,2019-09-21 14:00:00,2019,Burnley,Norwich,2,0,2.39312,0.801428
11698,2019-09-21 14:00:00,2019,Everton,Sheffield United,0,2,1.26041,0.508011
11699,2019-09-21 16:30:00,2019,Newcastle United,Brighton,0,0,1.09807,1.21592
11697,2019-09-22 13:00:00,2019,Crystal Palace,Wolverhampton Wanderers,1,1,0.984777,1.75572
11700,2019-09-22 13:00:00,2019,West Ham,Manchester United,2,0,0.51376,1.27826
11701,2019-09-22 15:30:00,2019,Chelsea,Liverpool,1,2,1.23321,1.03003
11702,2019-09-22 15:30:00,2019,Arsenal,Aston Villa,3,2,2.53209,1.71546
11703,2019-09-28 11:30:00,2019,Sheffield United,Liverpool,0,1,1.17022,1.97079
11709,2019-09-28 14:00:00,2019,Crystal Palace,Norwich,2,0,1.80497,0.712129
11708,2019-09-28 14:00:00,2019,Chelsea,Brighton,2,0,4.26443,0.616263
11707,2019-09-28 14:00:00,2019,Bournemouth,West Ham,2,2,2.31957,1.29546
11705,2019-09-28 14:00:00,2019,Wolverhampton Wanderers,Watford,2,0,1.16363,1.06615
11704,2019-09-28 14:00:00,2019,Tottenham,Southampton,2,1,1.19008,1.16256
11706,2019-09-28 14:00:00,2019,Aston Villa,Burnley,2,2,0.914266,1.66919
11711,2019-09-28 16:30:00,2019,Everton,Manchester City,1,3,2.35854,3.1082
11710,2019-09-29 15:30:00,2019,Leicester,Newcastle United,5,0,1.82438,0.054134
11712,2019-09-30 19:00:00,2019,Manchester United,Arsenal,1,1,1.1335,1.70399
11713,2019-10-05 12:30:00,2019,Brighton,Tottenham,3,0,2.60017,0.478504
11714,2019-10-05 15:00:00,2019,Burnley,Everton,1,0,0.558912,1.30723
11715,2019-10-05 15:00:00,2019,Liverpool,Leicester,2,1,3.74867,0.0982107
11717,2019-10-05 15:00:00,2019,Norwich,Aston Villa,1,5,1.84838,3.67827
11719,2019-10-05 15:00:00,2019,Watford,Sheffield United,0,0,1.44318,0.353724
11720,2019-10-05 17:30:00,2019,West Ham,Crystal Palace,1,2,1.23577,2.0682
11722,2019-10-06 14:00:00,2019,Arsenal,Bournemouth,1,0,1.24109,0.683967
11718,2019-10-06 14:00:00,2019,Southampton,Chelsea,1,4,1.27044,2.15201
11716,2019-10-06 14:00:00,2019,Manchester City,Wolverhampton Wanderers,0,2,1.61884,1.18825
11721,2019-10-06 16:30:00,2019,Newcastle United,Manchester United,1,0,0.650296,0.969204
11727,2019-10-19 12:30:00,2019,Everton,West Ham,2,0,2.23324,0.459112
11723,2019-10-19 15:00:00,2019,Aston Villa,Brighton,2,1,2.96692,1.32184
11724,2019-10-19 15:00:00,2019,Bournemouth,Norwich,0,0,0.675554,0.402873
11725,2019-10-19 15:00:00,2019,Chelsea,Newcastle United,1,0,2.30068,0.197082
11728,2019-10-19 15:00:00,2019,Leicester,Burnley,2,1,0.8291,1.79569
11731,2019-10-19 15:00:00,2019,Tottenham,Watford,1,1,0.891617,0.846851
11732,2019-10-19 15:00:00,2019,Wolverhampton Wanderers,Southampton,1,1,0.887495,1.37695
11726,2019-10-19 17:30:00,2019,Crystal Palace,Manchester City,0,2,0.616864,4.02104
11729,2019-10-20 16:30:00,2019,Manchester United,Liverpool,1,1,0.791862,1.03212
11730,2019-10-21 20:00:00,2019,Sheffield United,Arsenal,1,0,0.895722,0.949735
11740,2019-10-25 20:00:00,2019,Southampton,Leicester,0,9,0.457334,4.38046
11737,2019-10-26 12:30:00,2019,Manchester City,Aston Villa,3,0,3.19004,0.980145
11742,2019-10-26 15:00:00,2019,West Ham,Sheffield United,1,1,2.33891,1.16171
11734,2019-10-26 15:00:00,2019,Brighton,Everton,3,2,1.15279,1.04723
11741,2019-10-26 15:00:00,2019,Watford,Bournemouth,0,0,0.674903,0.899526
11735,2019-10-26 17:30:00,2019,Burnley,Chelsea,2,4,2.23494,0.988321
11738,2019-10-27 14:00:00,2019,Newcastle United,Wolverhampton Wanderers,1,1,0.603104,1.93255
11733,2019-10-27 16:30:00,2019,Arsenal,Crystal Palace,2,2,1.54014,1.77892
11736,2019-10-27 16:30:00,2019,Liverpool,Tottenham,2,1,2.18851,1.35143
11739,2019-10-27 16:30:00,2019,Norwich,Manchester United,1,3,0.8924,4.51232
11745,2019-11-02 12:30:00,2019,Bournemouth,Manchester United,1,0,1.86862,0.641129
11750,2019-11-02 15:00:00,2019,Sheffield United,Burnley,3,0,2.58392,0.716613
11743,2019-11-02 15:00:00,2019,Arsenal,Wolverhampton Wanderers,1,1,1.02552,1.5103
11744,2019-11-02 15:00:00,2019,Aston Villa,Liverpool,1,2,0.741615,2.38824
11746,2019-11-02 15:00:00,2019,Brighton,Norwich,2,0,2.65496,0.455082
11749,2019-11-02 15:00:00,2019,Manchester City,Southampton,2,1,3.36132,0.893889
11752,2019-11-02 15:00:00,2019,West Ham,Newcastle United,2,3,1.53597,1.93192
11751,2019-11-02 17:30:00,2019,Watford,Chelsea,1,2,1.4744,2.18313
11747,2019-11-03 14:00:00,2019,Crystal Palace,Leicester,0,2,0.44291,0.981167
11748,2019-11-03 16:30:00,2019,Everton,Tottenham,1,1,1.15532,0.243393
11757,2019-11-08 20:00:00,2019,Norwich,Watford,0,2,0.62104,1.36017
11754,2019-11-09 12:30:00,2019,Chelsea,Crystal Palace,2,0,3.28903,0.479488
11753,2019-11-09 15:00:00,2019,Burnley,West Ham,3,0,2.4158,0.474281
11756,2019-11-09 15:00:00,2019,Newcastle United,Bournemouth,2,1,2.3306,1.9213
11758,2019-11-09 15:00:00,2019,Southampton,Everton,1,2,0.742281,2.08883
11759,2019-11-09 15:00:00,2019,Tottenham,Sheffield United,1,1,1.5104,0.923443
11762,2019-11-09 17:30:00,2019,Leicester,Arsenal,2,0,1.37055,0.961339
11760,2019-11-10 14:00:00,2019,Wolverhampton Wanderers,Aston Villa,2,1,2.09891,0.473225
11761,2019-11-10 14:00:00,2019,Manchester United,Brighton,3,1,3.65299,1.1342
11755,2019-11-10 16:30:00,2019,Liverpool,Manchester City,3,1,1.3319,1.48104
11772,2019-11-23 12:30:00,2019,West Ham,Tottenham,2,3,0.661449,2.20681
11771,2019-11-23 15:00:00,2019,Watford,Burnley,0,3,0.902384,2.66281
11768,2019-11-23 15:00:00,2019,Everton,Norwich,0,2,0.812693,1.80849
11767,2019-11-23 15:00:00,2019,Crystal Palace,Liverpool,1,2,1.02306,1.64291
11765,2019-11-23 15:00:00,2019,Bournemouth,Wolverhampton Wanderers,1,2,0.849789,1.2765
11763,2019-11-23 15:00:00,2019,Arsenal,Southampton,2,2,1.60823,2.60312
11766,2019-11-23 15:00:00,2019,Brighton,Leicester,0,2,0.784706,3.50917
11769,2019-11-23 17:30:00,2019,Manchester City,Chelsea,2,1,1.23596,0.820474
11770,2019-11-24 16:30:00,2019,Sheffield United,Manchester United,3,3,1.56025,1.33065
11764,2019-11-25 20:00:00,2019,Aston Villa,Newcastle United,2,0,2.6985,0.69784
11777,2019-11-30 12:30:00,2019,Newcastle United,Manchester City,2,2,0.208252,2.44389
11773,2019-11-30 15:00:00,2019,Burnley,Crystal Palace,0,2,1.8509,0.936732
11774,2019-11-30 15:00:00,2019,Chelsea,West Ham,0,1,2.73185,1.12034
11776,2019-11-30 15:00:00,2019,Liverpool,Brighton,2,1,1.36832,0.867601
11779,2019-11-30 15:00:00,2019,Tottenham,Bournemouth,3,2,2.93189,1.02949
11778,2019-11-30 17:30:00,2019,Southampton,Watford,2,1,1.9671,0.504005
11781,2019-12-01 14:00:00,2019,Norwich,Arsenal,2,2,0.810596,1.96157
11780,2019-12-01 14:00:00,2019,Wolverhampton Wanderers,Sheffield United,1,1,1.27422,1.47296
11775,2019-12-01 16:30:00,2019,Leicester,Everton,2,1,2.24348,1.24986
11782,2019-12-01 16:30:00,2019,Manchester United,Aston Villa,2,2,1.84804,1.29701
11791,2019-12-03 19:30:00,2019,Crystal Palace,Bournemouth,1,0,0.383763,0.342799
11784,2019-12-03 20:15:00,2019,Burnley,Manchester City,1,4,0.486548,2.56057
11785,2019-12-04 19:30:00,2019,Leicester,Watford,2,0,2.28735,0.199733
11787,2019-12-04 19:30:00,2019,Wolverhampton Wanderers,West Ham,2,0,1.82237,0.501977
11788,2019-12-04 19:30:00,2019,Manchester United,Tottenham,2,1,1.47683,0.542315
11789,2019-12-04 19:30:00,2019,Chelsea,Aston Villa,2,1,1.9774,0.86086
11790,2019-12-04 19:30:00,2019,Southampton,Norwich,2,1,2.00232,0.896647
11792,2019-12-04 20:15:00,2019,Liverpool,Everton,5,2,2.41397,1.76453
11786,2019-12-05 19:30:00,2019,Sheffield United,Newcastle United,0,2,1.09175,0.533775
11783,2019-12-05 20:15:00,2019,Arsenal,Brighton,1,2,0.965377,1.53446
11796,2019-12-07 12:30:00,2019,Everton,Chelsea,3,1,2.03892,1.25734
11801,2019-12-07 15:00:00,2019,Watford,Crystal Palace,0,0,1.57132,0.210746
11800,2019-12-07 15:00:00,2019,Tottenham,Burnley,5,0,2.39684,1.08645
11794,2019-12-07 15:00:00,2019,Bournemouth,Liverpool,0,3,0.154608,3.04446
11797,2019-12-07 17:30:00,2019,Manchester City,Manchester United,1,2,2.07108,1.63385
11793,2019-12-08 14:00:00,2019,Aston Villa,Leicester,1,4,1.24141,4.03286
11798,2019-12-08 14:00:00,2019,Newcastle United,Southampton,2,1,1.10449,1.89255
11799,2019-12-08 14:00:00,2019,Norwich,Sheffield United,1,2,0.585805,0.712899
11795,2019-12-08 16:30:00,2019,Brighton,Wolverhampton Wanderers,2,2,0.951621,1.87208
11802,2019-12-09 20:00:00,2019,West Ham,Arsenal,1,3,0.521847,1.79181
11808,2019-12-14 12:30:00,2019,Liverpool,Watford,2,0,1.56674,1.01166
11804,2019-12-14 15:00:00,2019,Burnley,Newcastle United,1,0,1.43602,1.08726
11805,2019-12-14 15:00:00,2019,Chelsea,Bournemouth,0,1,2.02119,1.20777
11807,2019-12-14 15:00:00,2019,Leicester,Norwich,1,1,1.06421,1.16408
11810,2019-12-14 15:00:00,2019,Sheffield United,Aston Villa,2,0,1.888,0.97258
11811,2019-12-14 17:30:00,2019,Southampton,West Ham,0,1,0.805884,0.90324
11812,2019-12-15 14:00:00,2019,Wolverhampton Wanderers,Tottenham,1,2,0.718669,0.989205
11809,2019-12-15 14:00:00,2019,Manchester United,Everton,1,1,1.48327,0.276759
11803,2019-12-15 16:30:00,2019,Arsenal,Manchester City,0,3,0.28161,1.69553
11806,2019-12-16 19:45:00,2019,Crystal Palace,Brighton,1,1,0.484859,2.48355
11816,2019-12-21 12:30:00,2019,Everton,Arsenal,0,0,0.486523,0.881818
11813,2019-12-21 15:00:00,2019,Aston Villa,Southampton,1,3,0.921054,2.63444
11814,2019-12-21 15:00:00,2019,Bournemouth,Burnley,0,1,0.138532,0.144318
11815,2019-12-21 15:00:00,2019,Brighton,Sheffield United,0,1,0.428371,1.65933
11818,2019-12-21 15:00:00,2019,Newcastle United,Crystal Palace,1,0,0.714368,0.985368
11819,2019-12-21 15:00:00,2019,Norwich,Wolverhampton Wanderers,1,2,1.26536,1.65224
11817,2019-12-21 17:30:00,2019,Manchester City,Leicester,3,1,3.59139,1.01388
11821,2019-12-22 14:00:00,2019,Watford,Manchester United,2,0,1.59291,1.5309
11820,2019-12-22 16:30:00,2019,Tottenham,Chelsea,0,2,0.276667,1.49374
11831,2019-12-26 12:30:00,2019,Tottenham,Brighton,2,1,1.02645,1.09007
11830,2019-12-26 15:00:00,2019,Sheffield United,Watford,1,1,2.04481,0.596611
11827,2019-12-26 15:00:00,2019,Everton,Burnley,1,0,1.47521,0.565252
11826,2019-12-26 15:00:00,2019,Crystal Palace,West Ham,2,1,2.14195,0.796338
11824,2019-12-26 15:00:00,2019,Bournemouth,Arsenal,1,1,1.55463,1.42464
11823,2019-12-26 15:00:00,2019,Aston Villa,Norwich,1,0,0.654194,1.45005
11825,2019-12-26 15:00:00,2019,Chelsea,Southampton,0,2,0.859973,0.981321
11829,2019-12-26 17:30:00,2019,Manchester United,Newcastle United,4,1,1.99638,1.05018
11828,2019-12-26 20:00:00,2019,Leicester,Liverpool,0,4,0.120994,3.76973
11832,2019-12-27 19:45:00,2019,Wolverhampton Wanderers,Manchester City,3,2,2.39405,1.52044
11834,2019-12-28 12:30:00,2019,Brighton,Bournemouth,2,0,1.05876,0.500726
11838,2019-12-28 15:00:00,2019,Newcastle United,Everton,1,2,1.63211,2.82576
11840,2019-12-28 15:00:00,2019,Southampton,Crystal Palace,1,1,1.47937,0.137837
11841,2019-12-28 15:00:00,2019,Watford,Aston Villa,3,0,3.25314,0.610997
11842,2019-12-28 17:30:00,2019,West Ham,Leicester,1,2,0.782104,2.62349
11839,2019-12-28 17:30:00,2019,Norwich,Tottenham,2,2,0.268052,1.82189
11835,2019-12-28 19:45:00,2019,Burnley,Manchester United,0,2,0.386662,2.10542
11833,2019-12-29 14:00:00,2019,Arsenal,Chelsea,1,2,0.785214,1.49666
11836,2019-12-29 16:30:00,2019,Liverpool,Wolverhampton Wanderers,1,0,1.49124,0.363764
11837,2019-12-29 18:00:00,2019,Manchester City,Sheffield United,2,0,1.08628,1.23346
11845,2020-01-01 12:30:00,2019,Brighton,Chelsea,1,1,1.56978,1.57497
11846,2020-01-01 12:30:00,2019,Burnley,Aston Villa,1,2,2.34418,1.74824
11849,2020-01-01 15:00:00,2019,Newcastle United,Leicester,0,3,0.780118,2.43642
11851,2020-01-01 15:00:00,2019,Southampton,Tottenham,1,0,1.51192,1.078
11852,2020-01-01 15:00:00,2019,Watford,Wolverhampton Wanderers,2,1,1.07053,1.23252
11843,2020-01-01 17:30:00,2019,West Ham,Bournemouth,4,0,2.32825,0.720709
11848,2020-01-01 17:30:00,2019,Manchester City,Everton,2,1,1.79757,0.848942
11850,2020-01-01 17:30:00,2019,Norwich,Crystal Palace,1,1,1.66454,1.29896
11844,2020-01-01 20:00:00,2019,Arsenal,Manchester United,2,0,1.90747,0.715563
11847,2020-01-02 20:00:00,2019,Liverpool,Sheffield United,2,0,3.0465,0.634607
11855,2020-01-10 20:00:00,2019,Sheffield United,West Ham,1,0,2.02768,0.90477
11859,2020-01-11 12:30:00,2019,Crystal Palace,Arsenal,1,1,0.317862,1.43924
11853,2020-01-11 15:00:00,2019,Wolverhampton Wanderers,Newcastle United,1,1,2.04805,0.184495
11858,2020-01-11 15:00:00,2019,Chelsea,Burnley,3,0,2.87633,0.717407
11860,2020-01-11 15:00:00,2019,Everton,Brighton,1,0,2.02533,1.53324
11861,2020-01-11 15:00:00,2019,Leicester,Southampton,1,2,0.780114,2.40601
11862,2020-01-11 15:00:00,2019,Manchester United,Norwich,4,0,3.13456,0.275987
11854,2020-01-11 17:30:00,2019,Tottenham,Liverpool,0,1,1.10584,1.74564
11857,2020-01-12 14:00:00,2019,Bournemouth,Watford,0,3,0.320447,2.29827
11856,2020-01-12 16:30:00,2019,Aston Villa,Manchester City,1,6,1.12565,3.75131
11871,2020-01-18 12:30:00,2019,Watford,Tottenham,0,0,2.39174,1.76697
11870,2020-01-18 15:00:00,2019,Southampton,Wolverhampton Wanderers,2,3,0.786974,2.1772
11869,2020-01-18 15:00:00,2019,Norwich,Bournemouth,1,0,1.76046,0.558298
11872,2020-01-18 15:00:00,2019,West Ham,Everton,1,1,1.68436,1.95473
11864,2020-01-18 15:00:00,2019,Manchester City,Crystal Palace,2,2,2.47314,0.586716
11863,2020-01-18 15:00:00,2019,Arsenal,Sheffield United,1,1,1.22882,1.18444
11867,2020-01-18 15:00:00,2019,Brighton,Aston Villa,1,1,1.30028,1.02045
11868,2020-01-18 17:30:00,2019,Newcastle United,Chelsea,1,0,0.892988,2.05436
11866,2020-01-19 14:00:00,2019,Burnley,Leicester,2,1,1.50886,2.33415
11865,2020-01-19 16:30:00,2019,Liverpool,Manchester United,2,0,2.00655,1.4185
11873,2020-01-21 19:30:00,2019,Aston Villa,Watford,2,1,1.06739,1.81101
11875,2020-01-21 19:30:00,2019,Sheffield United,Manchester City,0,1,0.774943,2.873
11877,2020-01-21 19:30:00,2019,Everton,Newcastle United,2,2,2.05254,0.570931
11878,2020-01-21 19:30:00,2019,Bournemouth,Brighton,3,1,1.92315,1.97227
11882,2020-01-21 19:30:00,2019,Crystal Palace,Southampton,0,2,0.674589,1.1306
11881,2020-01-21 20:15:00,2019,Chelsea,Arsenal,2,2,3.38612,0.568077
11876,2020-01-22 19:30:00,2019,Leicester,West Ham,4,1,2.91302,1.16254
11880,2020-01-22 19:30:00,2019,Tottenham,Norwich,2,1,2.22282,1.42472
11879,2020-01-22 20:15:00,2019,Manchester United,Burnley,0,2,1.416,0.717284
11874,2020-01-23 20:00:00,2019,Wolverhampton Wanderers,Liverpool,1,2,1.85442,1.59024
11822,2020-01-29 19:45:00,2019,West Ham,Liverpool,0,2,0.878341,2.59926
11886,2020-02-01 12:30:00,2019,Leicester,Chelsea,2,2,1.65956,0.806995
11883,2020-02-01 15:00:00,2019,Bournemouth,Aston Villa,2,1,2.72236,1.40955
11885,2020-02-01 15:00:00,2019,Crystal Palace,Sheffield United,0,1,0.970063,0.860755
11887,2020-02-01 15:00:00,2019,Liverpool,Southampton,4,0,3.7195,0.716298
11889,2020-02-01 15:00:00,2019,Newcastle United,Norwich,0,0,0.937293,2.39985
11891,2020-02-01 15:00:00,2019,Watford,Everton,2,3,0.919248,2.70178
11892,2020-02-01 15:00:00,2019,West Ham,Brighton,3,3,1.30774,2.03179
11888,2020-02-01 17:30:00,2019,Manchester United,Wolverhampton Wanderers,0,0,1.18608,1.54211
11884,2020-02-02 14:00:00,2019,Burnley,Arsenal,0,0,2.24562,1.48025
11890,2020-02-02 16:30:00,2019,Tottenham,Manchester City,2,0,0.420293,3.25139
11897,2020-02-08 12:30:00,2019,Everton,Crystal Palace,3,1,2.79103,0.865323
11895,2020-02-08 17:30:00,2019,Brighton,Watford,1,1,0.76201,0.280048
11900,2020-02-09 14:00:00,2019,Sheffield United,Bournemouth,2,1,2.04467,1.07183
11902,2020-02-14 20:00:00,2019,Wolverhampton Wanderers,Leicester,0,0,1.14491,0.527366
11901,2020-02-15 12:30:00,2019,Southampton,Burnley,1,2,0.694025,0.892699
11899,2020-02-15 17:30:00,2019,Norwich,Liverpool,0,1,0.383495,2.07331
11894,2020-02-16 14:00:00,2019,Aston Villa,Tottenham,2,3,1.71313,3.86024
11893,2020-02-16 16:30:00,2019,Arsenal,Newcastle United,4,0,3.02257,1.16662
11896,2020-02-17 20:00:00,2019,Chelsea,Manchester United,0,2,0.940204,0.681814
11898,2020-02-19 19:30:00,2019,Manchester City,West Ham,2,0,2.13777,0.0895892
11906,2020-02-22 12:30:00,2019,Chelsea,Tottenham,2,1,1.78193,0.265879
11905,2020-02-22 15:00:00,2019,Crystal Palace,Newcastle United,1,0,1.75552,0.164495
11907,2020-02-22 15:00:00,2019,Burnley,Bournemouth,3,0,3.09935,1.75718
11908,2020-02-22 15:00:00,2019,Southampton,Aston Villa,2,0,3.02926,0.47235
11909,2020-02-22 15:00:00,2019,Sheffield United,Brighton,1,1,1.6597,1.06035
11904,2020-02-22 17:30:00,2019,Leicester,Manchester City,0,1,0.723269,2.42749
11910,2020-02-23 14:00:00,2019,Manchester United,Watford,3,0,2.5042,0.294956
11912,2020-02-23 14:00:00,2019,Wolverhampton Wanderers,Norwich,3,0,3.25033,0.360646
11903,2020-02-23 16:30:00,2019,Arsenal,Everton,3,2,1.33567,2.65691
11911,2020-02-24 20:00:00,2019,Liverpool,West Ham,3,2,2.48209,0.638236
11919,2020-02-28 20:00:00,2019,Norwich,Leicester,1,0,0.591716,1.42581
11915,2020-02-29 12:30:00,2019,Brighton,Crystal Palace,0,1,1.78712,2.17159
11914,2020-02-29 15:00:00,2019,Bournemouth,Chelsea,2,2,1.58495,1.98271
11918,2020-02-29 15:00:00,2019,Newcastle United,Burnley,0,0,1.11713,0.617612
11922,2020-02-29 15:00:00,2019,West Ham,Southampton,3,1,2.78682,0.868573
11921,2020-02-29 17:30:00,2019,Watford,Liverpool,3,0,2.71351,0.206031
11916,2020-03-01 14:00:00,2019,Everton,Manchester United,1,1,2.41259,1.12561
11920,2020-03-01 14:00:00,2019,Tottenham,Wolverhampton Wanderers,2,3,1.63079,2.62251
11928,2020-03-07 12:30:00,2019,Liverpool,Bournemouth,2,1,1.89453,1.29544
11923,2020-03-07 15:00:00,2019,Arsenal,West Ham,1,0,1.55974,1.61615
11926,2020-03-07 15:00:00,2019,Crystal Palace,Watford,1,0,0.856107,0.449161
11929,2020-03-07 15:00:00,2019,Sheffield United,Norwich,1,0,1.17263,2.55449
11930,2020-03-07 15:00:00,2019,Southampton,Newcastle United,0,1,0.348871,3.06384
11931,2020-03-07 15:00:00,2019,Wolverhampton Wanderers,Brighton,0,0,0.898221,0.308874
11924,2020-03-07 17:30:00,2019,Burnley,Tottenham,1,1,3.33302,1.13669
11925,2020-03-08 14:00:00,2019,Chelsea,Everton,4,0,2.02883,0.445922
11932,2020-03-08 16:30:00,2019,Manchester United,Manchester City,2,0,1.7389,0.585469
11927,2020-03-09 20:00:00,2019,Leicester,Aston Villa,4,0,2.41239,0.672448
11913,2020-06-17 17:00:00,2019,Aston Villa,Sheffield United,0,0,1.00877,0.235909
11917,2020-06-17 19:15:00,2019,Manchester City,Arsenal,3,0,2.73725,0.496759
11937,2020-06-19 17:00:00,2019,Norwich,Southampton,0,3,0.654932,1.87099
11936,2020-06-19 19:15:00,2019,Tottenham,Manchester United,1,1,0.534852,1.77307
11935,2020-06-20 11:30:00,2019,Watford,Leicester,1,1,1.00765,1.05245
11941,2020-06-20 14:00:00,2019,Brighton,Arsenal,2,1,0.670973,0.69627
11934,2020-06-20 16:30:00,2019,West Ham,Wolverhampton Wanderers,0,2,0.44207,1.06433
11942,2020-06-20 18:45:00,2019,Bournemouth,Crystal Palace,0,2,0.363637,0.788453
11938,2020-06-21 13:00:00,2019,Newcastle United,Sheffield United,3,0,2.15148,0.57107
11933,2020-06-21 15:15:00,2019,Aston Villa,Chelsea,1,2,1.57223,1.14011
11940,2020-06-21 18:00:00,2019,Everton,Liverpool,0,0,0.621456,0.659123
11939,2020-06-22 19:00:00,2019,Manchester City,Burnley,5,0,2.71096,0.0303408
11945,2020-06-23 17:00:00,2019,Leicester,Brighton,0,0,0.505486,1.10227
11944,2020-06-23 19:15:00,2019,Tottenham,West Ham,2,0,2.24125,0.83104
11947,2020-06-24 17:00:00,2019,Wolverhampton Wanderers,Bournemouth,1,0,0.715002,0.0619009
11948,2020-06-24 17:00:00,2019,Norwich,Everton,0,1,0.382813,0.654912
11949,2020-06-24 17:00:00,2019,Newcastle United,Aston Villa,1,1,0.661808,1.22985
11950,2020-06-24 17:00:00,2019,Manchester United,Sheffield United,3,0,2.8416,0.108082
11951,2020-06-24 19:15:00,2019,Liverpool,Crystal Palace,4,0,2.56729,0.0645285
11943,2020-06-25 17:00:00,2019,Burnley,Watford,1,0,0.964774,0.495542
11952,2020-06-25 17:00:00,2019,Southampton,Arsenal,0,2,0.738305,2.18595
11946,2020-06-25 19:15:00,2019,Chelsea,Manchester City,2,1,4.206,0.690594
11954,2020-06-27 11:30:00,2019,Aston Villa,Wolverhampton Wanderers,0,1,0.403418,0.703549
11961,2020-06-28 15:30:00,2019,Watford,Southampton,1,3,0.365347,1.3364
11957,2020-06-29 19:00:00,2019,Crystal Palace,Burnley,0,1,1.06533,0.359906
11956,2020-06-30 19:15:00,2019,Brighton,Manchester United,0,3,0.31013,1.20903
11958,2020-07-01 17:00:00,2019,Everton,Leicester,2,1,1.17592,1.80384
11953,2020-07-01 17:00:00,2019,Arsenal,Norwich,4,0,1.76496,0.153871
11955,2020-07-01 17:00:00,2019,Bournemouth,Newcastle United,1,4,1.27503,2.23457
11962,2020-07-01 19:15:00,2019,West Ham,Chelsea,3,2,2.10497,1.57609
11960,2020-07-02 17:00:00,2019,Sheffield United,Tottenham,3,1,1.59994,1.01524
11959,2020-07-02 19:15:00,2019,Manchester City,Liverpool,4,0,2.65433,0.819606
11969,2020-07-04 11:30:00,2019,Norwich,Brighton,0,1,0.545069,0.903046
11965,2020-07-04 14:00:00,2019,Leicester,Crystal Palace,3,0,2.20683,0.507537
11967,2020-07-04 14:00:00,2019,Manchester United,Bournemouth,5,2,2.63259,1.52161
11972,2020-07-04 16:30:00,2019,Wolverhampton Wanderers,Arsenal,0,2,0.985166,1.28273
11964,2020-07-04 19:00:00,2019,Chelsea,Watford,3,0,2.78877,0.608971
11963,2020-07-05 11:00:00,2019,Burnley,Sheffield United,1,1,1.31966,1.63343
11968,2020-07-05 13:15:00,2019,Newcastle United,West Ham,2,2,1.49121,2.03065
11966,2020-07-05 15:30:00,2019,Liverpool,Aston Villa,2,0,1.0837,0.689775
11970,2020-07-05 18:00:00,2019,Southampton,Manchester City,1,0,0.628765,3.39575
11971,2020-07-06 19:00:00,2019,Tottenham,Everton,1,0,0.511828,0.403762
11977,2020-07-07 17:00:00,2019,Crystal Palace,Chelsea,2,3,1.2882,2.65753
11981,2020-07-07 17:00:00,2019,Watford,Norwich,2,1,0.725199,1.13378
11973,2020-07-07 19:15:00,2019,Arsenal,Leicester,1,1,1.29023,1.00238
11979,2020-07-08 17:00:00,2019,Manchester City,Newcastle United,5,0,3.28662,0.21643
11980,2020-07-08 17:00:00,2019,Sheffield United,Wolverhampton Wanderers,1,0,0.470483,0.326909
11982,2020-07-08 17:00:00,2019,West Ham,Burnley,0,1,1.99821,1.05291
11976,2020-07-08 19:15:00,2019,Brighton,Liverpool,1,3,2.3646,2.61624
11975,2020-07-09 17:00:00,2019,Bournemouth,Tottenham,0,0,0.960349,0.479274
11978,2020-07-09 17:00:00,2019,Everton,Southampton,1,1,0.671442,2.29684
11974,2020-07-09 19:15:00,2019,Aston Villa,Manchester United,0,3,0.598873,2.86531
11988,2020-07-11 11:30:00,2019,Norwich,West Ham,0,4,0.613251,3.81088
11991,2020-07-11 11:30:00,2019,Watford,Newcastle United,2,1,3.12855,1.49134
11986,2020-07-11 14:00:00,2019,Liverpool,Burnley,1,1,2.17649,0.452331
11989,2020-07-11 16:30:00,2019,Sheffield United,Chelsea,3,0,2.00632,1.17509
11985,2020-07-11 19:00:00,2019,Brighton,Manchester City,0,5,0.149588,5.51767
11992,2020-07-12 11:00:00,2019,Wolverhampton Wanderers,Everton,3,0,2.86724,0.286561
11983,2020-07-12 13:15:00,2019,Aston Villa,Crystal Palace,2,0,1.6977,0.974181
11990,2020-07-12 15:30:00,2019,Tottenham,Arsenal,2,1,1.81846,0.68991
11984,2020-07-12 18:00:00,2019,Bournemouth,Leicester,4,1,2.54311,1.66084
11987,2020-07-13 19:00:00,2019,Manchester United,Southampton,2,2,1.5033,1.8051
11995,2020-07-14 19:15:00,2019,Chelsea,Norwich,1,0,3.05119,0.0631109
11994,2020-07-15 17:00:00,2019,Burnley,Wolverhampton Wanderers,1,1,1.53435,1.2857
11999,2020-07-15 17:00:00,2019,Manchester City,Bournemouth,2,1,0.82755,1.66635
12000,2020-07-15 17:00:00,2019,Newcastle United,Tottenham,1,3,1.05748,1.7498
11993,2020-07-15 19:15:00,2019,Arsenal,Liverpool,2,1,1.31516,2.2233
11997,2020-07-16 17:00:00,2019,Everton,Aston Villa,1,1,0.944434,1.52021
11998,2020-07-16 17:00:00,2019,Leicester,Sheffield United,2,0,3.05752,0.660214
12002,2020-07-16 19:15:00,2019,Southampton,Brighton,1,1,2.33745,0.67264
11996,2020-07-16 19:15:00,2019,Crystal Palace,Manchester United,0,2,0.572141,1.90448
12001,2020-07-17 19:00:00,2019,West Ham,Watford,3,1,0.833995,1.03402
12008,2020-07-18 16:30:00,2019,Norwich,Burnley,0,2,0.576602,1.8233
12004,2020-07-19 13:00:00,2019,Bournemouth,Southampton,0,2,0.583117,2.24527
12010,2020-07-19 15:00:00,2019,Tottenham,Leicester,3,0,0.766922,1.20085
12005,2020-07-20 17:00:00,2019,Brighton,Newcastle United,0,0,0.855896,0.929091
12009,2020-07-20 17:00:00,2019,Sheffield United,Everton,0,1,0.468461,0.624814
12012,2020-07-20 19:15:00,2019,Wolverhampton Wanderers,Crystal Palace,2,0,1.48696,0.440119
12011,2020-07-21 17:00:00,2019,Watford,Manchester City,0,4,0.131868,3.73814
12003,2020-07-21 19:15:00,2019,Aston Villa,Arsenal,1,0,0.57408,0.737137
12007,2020-07-22 17:00:00,2019,Manchester United,West Ham,1,1,0.984161,1.29009
12006,2020-07-22 19:15:00,2019,Liverpool,Chelsea,5,3,1.45179,2.38205
12020,2020-07-26 15:00:00,2019,Crystal Palace,Tottenham,1,1,0.988534,0.310302
12019,2020-07-26 15:00:00,2019,Everton,Bournemouth,1,3,1.74699,1.46461
12021,2020-07-26 15:00:00,2019,Chelsea,Wolverhampton Wanderers,2,0,1.15938,0.164561
12018,2020-07-26 15:00:00,2019,Leicester,Manchester United,0,2,0.754668,1.41019
12022,2020-07-26 15:00:00,2019,Burnley,Brighton,1,2,1.44244,1.3696
12016,2020-07-26 15:00:00,2019,Newcastle United,Liverpool,1,3,0.339294,0.56818
12015,2020-07-26 15:00:00,2019,Southampton,Sheffield United,3,1,1.64306,1.41051
12014,2020-07-26 15:00:00,2019,Arsenal,Watford,3,2,1.95282,3.9197
12013,2020-07-26 15:00:00,2019,West Ham,Aston Villa,1,1,0.781465,0.983594
12017,2020-07-26 15:00:00,2019,Manchester City,Norwich,5,0,3.56749,0.786563
14086,2020-09-12 11:30:00,2020,Fulham,Arsenal,0,3,0.126327,2.16287
14087,2020-09-12 14:00:00,2020,Crystal Palace,Southampton,1,0,1.39569,1.26267
14090,2020-09-12 16:30:00,2020,Liverpool,Leeds,4,3,3.15412,0.269813
14091,2020-09-12 19:00:00,2020,West Ham,Newcastle United,0,2,0.861445,1.65911
14092,2020-09-13 13:00:00,2020,West Bromwich Albion,Leicester,0,3,0.352997,2.95581
14093,2020-09-13 15:30:00,2020,Tottenham,Everton,0,1,0.822944,1.26793
14094,2020-09-14 17:00:00,2020,Sheffield United,Wolverhampton Wanderers,0,2,0.949316,1.61307
14095,2020-09-14 19:15:00,2020,Brighton,Chelsea,1,3,1.44281,1.27062
14096,2020-09-19 11:30:00,2020,Everton,West Bromwich Albion,5,2,4.16254,0.315347
14097,2020-09-19 14:00:00,2020,Leeds,Fulham,4,3,1.45254,1.55503
14098,2020-09-19 16:30:00,2020,Manchester United,Crystal Palace,1,3,1.09737,1.91456
14099,2020-09-19 19:00:00,2020,Arsenal,West Ham,2,1,1.32902,2.06377
14100,2020-09-20 11:00:00,2020,Southampton,Tottenham,2,5,2.27708,2.28004
14101,2020-09-20 13:00:00,2020,Newcastle United,Brighton,0,3,0.520678,1.8766
14102,2020-09-20 15:30:00,2020,Chelsea,Liverpool,0,2,0.904183,2.25211
14103,2020-09-20 18:00:00,2020,Leicester,Burnley,4,2,0.987365,1.52404
14104,2020-09-21 17:00:00,2020,Aston Villa,Sheffield United,1,0,0.80527,0.849709
14105,2020-09-21 19:15:00,2020,Wolverhampton Wanderers,Manchester City,1,3,0.727677,2.07651
14106,2020-09-26 11:30:00,2020,Brighton,Manchester United,2,3,2.97659,1.57583
14107,2020-09-26 14:00:00,2020,Crystal Palace,Everton,1,2,0.443115,2.27189
14108,2020-09-26 16:30:00,2020,West Bromwich Albion,Chelsea,3,3,0.911185,2.36046
14109,2020-09-26 19:00:00,2020,Burnley,Southampton,0,1,0.347136,0.706632
14110,2020-09-27 11:00:00,2020,Sheffield United,Leeds,0,1,1.53278,1.46641
14111,2020-09-27 13:00:00,2020,Tottenham,Newcastle United,1,1,3.18765,0.942726
14112,2020-09-27 15:30:00,2020,Manchester City,Leicester,2,5,1.44633,2.86721
14113,2020-09-27 18:00:00,2020,West Ham,Wolverhampton Wanderers,4,0,3.05703,0.385152
14114,2020-09-28 17:00:00,2020,Fulham,Aston Villa,0,3,0.534675,2.03222
14115,2020-09-28 19:15:00,2020,Liverpool,Arsenal,3,1,2.73834,1.17817
14467,2020-10-03 11:30:00,2020,Chelsea,Crystal Palace,4,0,2.51433,0.103249
14468,2020-10-03 14:00:00,2020,Everton,Brighton,4,2,2.34034,1.16568
14469,2020-10-03 16:30:00,2020,Leeds,Manchester City,1,1,2.56662,1.41533
14472,2020-10-03 19:00:00,2020,Newcastle United,Burnley,3,1,1.95629,0.438849
14470,2020-10-04 11:00:00,2020,Leicester,West Ham,0,3,0.456022,2.03227
14473,2020-10-04 11:00:00,2020,Southampton,West Bromwich Albion,2,0,0.949079,0.161283
14465,2020-10-04 13:00:00,2020,Arsenal,Sheffield United,2,1,0.667131,0.144994
14474,2020-10-04 13:00:00,2020,Wolverhampton Wanderers,Fulham,1,0,0.89359,0.969393
14471,2020-10-04 15:30:00,2020,Manchester United,Tottenham,1,6,0.873435,3.3017
14466,2020-10-04 18:15:00,2020,Aston Villa,Liverpool,7,2,3.07626,1.65705
14477,2020-10-17 11:30:00,2020,Everton,Liverpool,2,2,1.35998,2.49492
14475,2020-10-17 14:00:00,2020,Chelsea,Southampton,3,3,1.98708,1.42348
14480,2020-10-17 16:30:00,2020,Manchester City,Arsenal,1,0,1.43023,0.838322
14481,2020-10-17 19:00:00,2020,Newcastle United,Manchester United,1,4,0.867496,2.21729
14482,2020-10-18 11:00:00,2020,Sheffield United,Fulham,1,1,1.66363,1.35611
14476,2020-10-18 13:00:00,2020,Crystal Palace,Brighton,1,1,0.761169,1.0935
14483,2020-10-18 15:30:00,2020,Tottenham,West Ham,3,3,1.77602,1.49992
14479,2020-10-18 18:15:00,2020,Leicester,Aston Villa,0,1,0.671595,0.873776
14484,2020-10-19 16:30:00,2020,West Bromwich Albion,Burnley,0,0,0.731692,1.08532
14478,2020-10-19 19:00:00,2020,Leeds,Wolverhampton Wanderers,0,1,1.08332,0.618191
14486,2020-10-23 19:00:00,2020,Aston Villa,Leeds,0,3,1.50125,2.37695
14493,2020-10-24 11:30:00,2020,West Ham,Manchester City,1,1,0.263739,0.892456
14489,2020-10-24 14:00:00,2020,Fulham,Crystal Palace,1,2,1.05258,2.81049
14491,2020-10-24 16:30:00,2020,Manchester United,Chelsea,0,0,0.648427,0.219906
14490,2020-10-24 19:00:00,2020,Liverpool,Sheffield United,2,1,2.40286,1.39788
14492,2020-10-25 14:00:00,2020,Southampton,Everton,2,0,0.74151,0.287054
14494,2020-10-25 16:30:00,2020,Wolverhampton Wanderers,Newcastle United,1,1,0.758626,0.253685
14485,2020-10-25 19:15:00,2020,Arsenal,Leicester,0,1,0.73944,0.736172
14487,2020-10-26 17:30:00,2020,Brighton,West Bromwich Albion,1,1,0.546807,0.295654
14488,2020-10-26 20:00:00,2020,Burnley,Tottenham,0,1,0.95045,0.797344
14504,2020-10-30 20:00:00,2020,Wolverhampton Wanderers,Crystal Palace,2,0,1.34895,0.802767
14502,2020-10-31 12:30:00,2020,Sheffield United,Manchester City,0,1,0.687544,1.89643
14496,2020-10-31 15:00:00,2020,Burnley,Chelsea,0,3,0.407341,1.23077
14499,2020-10-31 17:30:00,2020,Liverpool,West Ham,2,1,1.56302,0.269048
14495,2020-11-01 12:00:00,2020,Aston Villa,Southampton,3,4,2.44855,1.00333
14501,2020-11-01 14:00:00,2020,Newcastle United,Everton,2,1,2.6311,1.21805
14500,2020-11-01 16:30:00,2020,Manchester United,Arsenal,0,1,0.394113,0.998072
14503,2020-11-01 19:15:00,2020,Tottenham,Brighton,2,1,1.97236,0.324457
14497,2020-11-02 17:30:00,2020,Fulham,West Bromwich Albion,2,0,1.62247,0.482685
14498,2020-11-02 20:00:00,2020,Leeds,Leicester,1,4,1.74822,3.07657
14506,2020-11-06 17:30:00,2020,Brighton,Burnley,0,0,1.59022,0.326933
14512,2020-11-06 20:00:00,2020,Southampton,Newcastle United,2,0,0.985828,0.175633
14509,2020-11-07 12:30:00,2020,Everton,Manchester United,1,3,0.376464,1.59642
14508,2020-11-07 15:00:00,2020,Crystal Palace,Leeds,4,1,1.30169,0.847913
14507,2020-11-07 17:30:00,2020,Chelsea,Sheffield United,4,1,2.87622,0.743967
14514,2020-11-07 20:00:00,2020,West Ham,Fulham,1,0,1.42614,1.84922
14513,2020-11-08 12:00:00,2020,West Bromwich Albion,Tottenham,0,1,0.799352,1.87063
14510,2020-11-08 14:00:00,2020,Leicester,Wolverhampton Wanderers,1,0,2.0545,0.57936
14511,2020-11-08 16:30:00,2020,Manchester City,Liverpool,1,1,1.58487,1.18789
14505,2020-11-08 19:15:00,2020,Arsenal,Aston Villa,0,3,1.39037,1.98553
14521,2020-11-21 12:30:00,2020,Newcastle United,Chelsea,0,2,0.368286,1.81923
14515,2020-11-21 15:00:00,2020,Aston Villa,Brighton,1,2,1.76514,1.50038
14523,2020-11-21 17:30:00,2020,Tottenham,Manchester City,2,0,0.761142,1.66325
14520,2020-11-21 20:00:00,2020,Manchester United,West Bromwich Albion,1,0,2.42994,0.438646
14517,2020-11-22 12:00:00,2020,Fulham,Everton,2,3,1.87028,2.2508
14522,2020-11-22 14:00:00,2020,Sheffield United,West Ham,0,1,0.692374,2.1142
14518,2020-11-22 16:30:00,2020,Leeds,Arsenal,0,0,1.9617,0.710778
14519,2020-11-22 19:15:00,2020,Liverpool,Leicester,3,0,3.77245,1.98397
14516,2020-11-23 17:30:00,2020,Burnley,Crystal Palace,1,0,1.75343,1.28331
14524,2020-11-23 20:00:00,2020,Wolverhampton Wanderers,Southampton,1,1,1.57479,1.0785
14530,2020-11-27 20:00:00,2020,Crystal Palace,Newcastle United,0,2,0.534893,1.27929
14528,2020-11-28 12:30:00,2020,Brighton,Liverpool,1,1,2.30722,0.28109
14533,2020-11-28 15:00:00,2020,Manchester City,Burnley,5,0,2.26129,0.419877
14531,2020-11-28 17:30:00,2020,Everton,Leeds,0,1,1.29229,3.11324
14527,2020-11-28 20:00:00,2020,West Bromwich Albion,Sheffield United,1,0,1.71644,3.36544
14534,2020-11-29 14:00:00,2020,Southampton,Manchester United,2,3,0.498783,2.47547
14529,2020-11-29 16:30:00,2020,Chelsea,Tottenham,0,0,0.974755,0.22689
14525,2020-11-29 19:15:00,2020,Arsenal,Wolverhampton Wanderers,1,2,1.1185,2.0069
14532,2020-11-30 17:30:00,2020,Leicester,Fulham,1,2,1.27814,2.03719
14526,2020-11-30 20:00:00,2020,West Ham,Aston Villa,2,1,0.571633,2.39051
14537,2020-12-05 12:30:00,2020,Burnley,Everton,1,1,0.730434,2.28139
14540,2020-12-05 15:00:00,2020,Manchester City,Fulham,2,0,3.26328,0.287444
14544,2020-12-05 17:30:00,2020,West Ham,Manchester United,1,3,2.53006,1.78708
14538,2020-12-05 20:00:00,2020,Chelsea,Leeds,3,1,4.89472,1.0277
14543,2020-12-06 12:00:00,2020,West Bromwich Albion,Crystal Palace,1,5,0.567234,1.68656
14541,2020-12-06 14:15:00,2020,Sheffield United,Leicester,1,2,0.290743,1.3904
14542,2020-12-06 16:30:00,2020,Tottenham,Arsenal,2,0,0.390629,0.595216
14539,2020-12-06 19:15:00,2020,Liverpool,Wolverhampton Wanderers,4,0,1.59454,0.357753
14536,2020-12-07 20:00:00,2020,Brighton,Southampton,1,2,2.03376,1.34801
14548,2020-12-11 20:00:00,2020,Leeds,West Ham,1,2,1.56644,1.7851
14552,2020-12-12 12:30:00,2020,Wolverhampton Wanderers,Aston Villa,0,1,1.1356,1.26872
14550,2020-12-12 15:00:00,2020,Newcastle United,West Bromwich Albion,2,1,0.904163,0.57319
14549,2020-12-12 17:30:00,2020,Manchester United,Manchester City,0,0,0.591617,1.28434
14546,2020-12-12 20:00:00,2020,Everton,Chelsea,1,0,1.2216,1.00627
14551,2020-12-13 12:00:00,2020,Southampton,Sheffield United,3,0,2.27973,0.219115
14545,2020-12-13 14:15:00,2020,Crystal Palace,Tottenham,1,1,1.84443,1.40792
14547,2020-12-13 16:30:00,2020,Fulham,Liverpool,1,1,1.72509,1.82445
14553,2020-12-13 19:15:00,2020,Leicester,Brighton,3,0,1.64351,0.791673
14554,2020-12-13 19:15:00,2020,Arsenal,Burnley,0,1,1.85362,0.815375
14562,2020-12-15 18:00:00,2020,Wolverhampton Wanderers,Chelsea,2,1,0.683783,1.56772
14564,2020-12-15 20:00:00,2020,Manchester City,West Bromwich Albion,1,1,2.58593,0.210243
14555,2020-12-16 18:00:00,2020,Arsenal,Southampton,1,1,0.661135,1.11296
14558,2020-12-16 18:00:00,2020,Leeds,Newcastle United,5,2,2.95137,1.44437
14559,2020-12-16 18:00:00,2020,Leicester,Everton,0,2,0.83883,1.51486
14557,2020-12-16 20:00:00,2020,Fulham,Brighton,0,0,1.00448,0.462456
14561,2020-12-16 20:00:00,2020,West Ham,Crystal Palace,1,1,0.449469,1.09108
14563,2020-12-16 20:00:00,2020,Liverpool,Tottenham,2,1,1.21783,1.5161
14556,2020-12-17 18:00:00,2020,Aston Villa,Burnley,0,0,1.81142,0.316737
14560,2020-12-17 20:00:00,2020,Sheffield United,Manchester United,2,3,1.23525,1.78667
14568,2020-12-19 12:30:00,2020,Crystal Palace,Liverpool,0,7,0.489318,2.86902
14572,2020-12-19 15:00:00,2020,Southampton,Manchester City,0,1,0.586972,1.15599
14569,2020-12-19 17:30:00,2020,Everton,Arsenal,2,1,0.661744,1.25206
14571,2020-12-19 20:00:00,2020,Newcastle United,Fulham,1,1,1.26725,1.10645
14565,2020-12-20 12:00:00,2020,Brighton,Sheffield United,1,1,2.90097,1.03713
14573,2020-12-20 14:15:00,2020,Tottenham,Leicester,0,2,0.945932,1.74772
14570,2020-12-20 16:30:00,2020,Manchester United,Leeds,6,2,4.77743,1.63467
14574,2020-12-20 19:15:00,2020,West Bromwich Albion,Aston Villa,0,3,0.0388442,2.61964
14566,2020-12-21 17:30:00,2020,Burnley,Wolverhampton Wanderers,2,1,1.20465,1.45722
14567,2020-12-21 20:00:00,2020,Chelsea,West Ham,3,0,2.41157,0.277737
14579,2020-12-26 12:30:00,2020,Leicester,Manchester United,2,2,1.0396,2.08423
14576,2020-12-26 15:00:00,2020,Aston Villa,Crystal Palace,3,0,4.58214,0.849086
14577,2020-12-26 15:00:00,2020,Fulham,Southampton,0,0,0.781855,0.119709
14575,2020-12-26 17:30:00,2020,Arsenal,Chelsea,3,1,1.94485,2.25414
14582,2020-12-26 20:00:00,2020,Sheffield United,Everton,0,1,1.25106,0.568803
14581,2020-12-26 20:00:00,2020,Manchester City,Newcastle United,2,0,3.19575,0.200953
14578,2020-12-27 12:00:00,2020,Leeds,Burnley,1,0,2.13271,1.54591
14583,2020-12-27 14:15:00,2020,West Ham,Brighton,2,2,1.38877,1.50551
14580,2020-12-27 16:30:00,2020,Liverpool,West Bromwich Albion,1,1,1.45485,0.739845
14584,2020-12-27 19:15:00,2020,Wolverhampton Wanderers,Tottenham,1,1,0.742598,0.408109
14594,2020-12-28 15:00:00,2020,Crystal Palace,Leicester,1,1,0.321348,1.72132
14586,2020-12-28 17:30:00,2020,Chelsea,Aston Villa,1,1,1.53701,0.730859
14585,2020-12-29 18:00:00,2020,Brighton,Arsenal,0,1,0.799368,1.31394
14587,2020-12-29 18:00:00,2020,Burnley,Sheffield United,1,0,0.973831,0.492578
14588,2020-12-29 18:00:00,2020,Southampton,West Ham,0,0,0.670996,1.07246
14590,2020-12-29 18:00:00,2020,West Bromwich Albion,Leeds,0,5,0.43551,1.54225
14592,2020-12-29 20:00:00,2020,Manchester United,Wolverhampton Wanderers,1,0,1.48207,0.411046
14591,2020-12-30 20:00:00,2020,Newcastle United,Liverpool,0,0,0.817935,1.32047
14595,2021-01-01 17:30:00,2020,Everton,West Ham,0,1,0.371045,1.19713
14596,2021-01-01 20:00:00,2020,Manchester United,Aston Villa,2,1,2.46473,1.56434
14599,2021-01-02 12:30:00,2020,Tottenham,Leeds,3,0,2.5286,1.15626
14604,2021-01-02 15:00:00,2020,Crystal Palace,Sheffield United,2,0,0.598888,0.323158
14601,2021-01-02 17:30:00,2020,Brighton,Wolverhampton Wanderers,3,3,2.4228,1.81856
14600,2021-01-02 20:00:00,2020,West Bromwich Albion,Arsenal,0,4,0.869874,4.03429
14597,2021-01-03 14:15:00,2020,Newcastle United,Leicester,1,2,0.264584,0.702081
14603,2021-01-03 16:30:00,2020,Chelsea,Manchester City,1,3,0.691013,3.18063
14598,2021-01-04 20:00:00,2020,Southampton,Liverpool,1,0,0.500436,1.37204
14610,2021-01-12 18:00:00,2020,Sheffield United,Newcastle United,1,0,2.01315,1.04745
14612,2021-01-12 20:15:00,2020,Wolverhampton Wanderers,Everton,1,2,0.852495,0.323445
14088,2021-01-12 22:15:00,2020,Burnley,Manchester United,0,1,0.648582,1.23996
14614,2021-01-13 18:00:00,2020,Manchester City,Brighton,1,0,2.90855,0.177084
14589,2021-01-13 20:00:00,2020,Tottenham,Fulham,1,1,3.14372,1.05329
14605,2021-01-14 20:00:00,2020,Arsenal,Crystal Palace,0,0,0.368554,0.709634
14624,2021-01-16 12:30:00,2020,Wolverhampton Wanderers,West Bromwich Albion,2,3,1.94358,2.46332
14623,2021-01-16 15:00:00,2020,West Ham,Burnley,1,0,1.73397,0.395668
14618,2021-01-16 15:00:00,2020,Leeds,Brighton,0,1,0.245193,1.14424
14617,2021-01-16 17:30:00,2020,Fulham,Chelsea,0,1,0.46126,1.37939
14619,2021-01-16 20:00:00,2020,Leicester,Southampton,2,0,2.12019,0.378147
14622,2021-01-17 14:00:00,2020,Sheffield United,Tottenham,1,3,0.978133,1.28385
14620,2021-01-17 16:30:00,2020,Liverpool,Manchester United,0,0,1.20205,1.18929
14621,2021-01-17 19:15:00,2020,Manchester City,Crystal Palace,4,0,0.961088,0.0515836
14615,2021-01-18 20:00:00,2020,Arsenal,Newcastle United,3,0,2.30744,0.168796
14611,2021-01-19 18:00:00,2020,West Ham,West Bromwich Albion,2,1,2.17512,0.464091
14609,2021-01-19 20:15:00,2020,Leicester,Chelsea,2,0,1.1449,0.615727
14089,2021-01-20 20:00:00,2020,Manchester City,Aston Villa,2,0,3.34385,0.601768
14607,2021-01-20 20:15:00,2020,Fulham,Manchester United,1,2,0.753669,1.68401
14613,2021-01-21 20:00:00,2020,Liverpool,Burnley,0,1,1.64907,1.08059
14535,2021-01-23 20:00:00,2020,Aston Villa,Newcastle United,2,0,2.6026,0.400364
14634,2021-01-26 18:00:00,2020,Crystal Palace,West Ham,2,3,0.629033,3.30321
14631,2021-01-26 18:00:00,2020,Newcastle United,Leeds,1,2,1.1364,0.785914
14629,2021-01-26 20:15:00,2020,West Bromwich Albion,Manchester City,0,5,0.568258,2.24838
14632,2021-01-26 20:15:00,2020,Southampton,Arsenal,1,3,0.99504,2.4339
14626,2021-01-27 18:00:00,2020,Burnley,Aston Villa,3,2,0.717681,2.70718
14630,2021-01-27 18:00:00,2020,Chelsea,Wolverhampton Wanderers,0,0,0.663324,0.63192
14625,2021-01-27 19:30:00,2020,Brighton,Fulham,0,0,2.29129,0.513226
14627,2021-01-27 20:15:00,2020,Everton,Leicester,1,1,0.474981,0.792045
14628,2021-01-27 20:15:00,2020,Manchester United,Sheffield United,1,2,0.9931,0.689548
14633,2021-01-28 20:00:00,2020,Tottenham,Liverpool,1,3,0.104586,2.58798
14644,2021-01-30 12:30:00,2020,Everton,Newcastle United,0,2,0.966012,2.08832
14638,2021-01-30 15:00:00,2020,Crystal Palace,Wolverhampton Wanderers,1,0,1.36877,0.450907
14640,2021-01-30 15:00:00,2020,West Bromwich Albion,Fulham,2,2,0.994664,1.52044
14642,2021-01-30 15:00:00,2020,Manchester City,Sheffield United,1,0,1.53116,0.154537
14635,2021-01-30 17:30:00,2020,Arsenal,Manchester United,0,0,0.747166,1.51332
14641,2021-01-30 20:00:00,2020,Southampton,Aston Villa,0,1,2.22557,0.795508
14637,2021-01-31 12:00:00,2020,Chelsea,Burnley,2,0,1.4405,0.390714
14643,2021-01-31 14:00:00,2020,Leicester,Leeds,1,3,1.73432,1.8141
14639,2021-01-31 16:30:00,2020,West Ham,Liverpool,1,3,0.883061,2.05809
14636,2021-01-31 19:15:00,2020,Brighton,Tottenham,1,0,1.77386,0.372524
14649,2021-02-02 18:00:00,2020,Sheffield United,West Bromwich Albion,2,1,1.35804,1.61871
14650,2021-02-02 18:00:00,2020,Wolverhampton Wanderers,Arsenal,2,1,1.56162,0.716265
14651,2021-02-02 20:15:00,2020,Manchester United,Southampton,9,0,5.0325,0.507893
14652,2021-02-02 20:15:00,2020,Newcastle United,Crystal Palace,1,2,1.90755,0.809312
14646,2021-02-03 18:00:00,2020,Burnley,Manchester City,0,2,0.0489155,2.12153
14647,2021-02-03 18:00:00,2020,Fulham,Leicester,0,2,0.731288,1.71299
14648,2021-02-03 19:30:00,2020,Leeds,Everton,1,2,1.14303,1.91539
14645,2021-02-03 20:15:00,2020,Aston Villa,West Ham,1,3,0.741154,1.79064
14654,2021-02-03 20:15:00,2020,Liverpool,Brighton,0,1,1.09518,1.18977
14653,2021-02-04 20:00:00,2020,Tottenham,Chelsea,0,1,0.569446,2.393
14655,2021-02-06 12:30:00,2020,Aston Villa,Arsenal,1,0,1.19792,0.679649
14656,2021-02-06 15:00:00,2020,Burnley,Brighton,1,1,1.88934,0.612682
14661,2021-02-06 15:00:00,2020,Newcastle United,Southampton,3,2,0.910553,1.43445
14657,2021-02-06 17:30:00,2020,Fulham,West Ham,0,0,1.60884,0.943539
14660,2021-02-06 20:00:00,2020,Manchester United,Everton,3,3,1.71769,1.5571
14663,2021-02-07 12:00:00,2020,Tottenham,West Bromwich Albion,2,0,1.92997,0.698686
14664,2021-02-07 14:00:00,2020,Wolverhampton Wanderers,Leicester,0,0,1.35506,0.632232
14659,2021-02-07 16:30:00,2020,Liverpool,Manchester City,1,4,1.17728,3.55196
14662,2021-02-07 19:15:00,2020,Sheffield United,Chelsea,1,2,0.623045,1.64144
14658,2021-02-08 20:00:00,2020,Leeds,Crystal Palace,2,0,2.64769,0.370278
14670,2021-02-13 12:30:00,2020,Leicester,Liverpool,3,1,2.07383,1.68325
14668,2021-02-13 15:00:00,2020,Crystal Palace,Burnley,0,3,0.645616,1.95502
14671,2021-02-13 17:30:00,2020,Manchester City,Tottenham,3,0,2.46219,0.4235
14666,2021-02-13 20:00:00,2020,Brighton,Aston Villa,0,0,2.33232,0.144036
14672,2021-02-14 12:00:00,2020,Southampton,Wolverhampton Wanderers,1,2,0.8536,1.09361
14673,2021-02-14 14:00:00,2020,West Bromwich Albion,Manchester United,1,1,0.945964,0.423885
14665,2021-02-14 16:30:00,2020,Arsenal,Leeds,4,2,2.50614,0.77074
14669,2021-02-14 19:00:00,2020,Everton,Fulham,0,2,0.314075,2.55085
14674,2021-02-15 18:00:00,2020,West Ham,Sheffield United,3,0,2.32735,0.926652
14667,2021-02-15 20:00:00,2020,Chelsea,Newcastle United,2,0,2.5428,0.432603
14602,2021-02-17 18:00:00,2020,Burnley,Fulham,1,1,1.20642,0.594471
14593,2021-02-17 20:15:00,2020,Everton,Manchester City,1,3,1.04664,1.23218
14684,2021-02-19 20:00:00,2020,Wolverhampton Wanderers,Leeds,1,0,0.592049,2.4793
14682,2021-02-20 12:30:00,2020,Southampton,Chelsea,1,1,0.496603,1.44849
14678,2021-02-20 15:00:00,2020,Burnley,West Bromwich Albion,0,0,0.535153,1.71922
14680,2021-02-20 17:30:00,2020,Liverpool,Everton,0,2,1.54046,2.01468
14679,2021-02-20 20:00:00,2020,Fulham,Sheffield United,1,0,1.21006,0.977747
14683,2021-02-21 12:00:00,2020,West Ham,Tottenham,2,1,1.09246,0.770706
14676,2021-02-21 14:00:00,2020,Aston Villa,Leicester,1,2,1.7084,1.23852
14675,2021-02-21 16:30:00,2020,Arsenal,Manchester City,0,1,0.331188,2.08868
14681,2021-02-21 19:00:00,2020,Manchester United,Newcastle United,3,1,1.7256,0.341778
14677,2021-02-22 20:00:00,2020,Brighton,Crystal Palace,1,2,2.59204,0.179886
14608,2021-02-23 20:00:00,2020,Leeds,Southampton,3,0,1.84753,1.47981
14689,2021-02-27 12:30:00,2020,Manchester City,West Ham,2,1,0.760574,1.92892
14692,2021-02-27 15:00:00,2020,West Bromwich Albion,Brighton,1,0,0.687091,3.12111
14691,2021-02-27 17:30:00,2020,Leeds,Aston Villa,0,1,1.00106,0.876255
14688,2021-02-27 20:00:00,2020,Newcastle United,Wolverhampton Wanderers,1,1,1.9519,1.27827
14687,2021-02-28 12:00:00,2020,Crystal Palace,Fulham,0,0,0.0880148,0.813134
14690,2021-02-28 12:00:00,2020,Leicester,Arsenal,1,3,0.533575,2.1065
14693,2021-02-28 14:00:00,2020,Tottenham,Burnley,4,0,2.35788,0.603212
14685,2021-02-28 16:30:00,2020,Chelsea,Manchester United,0,0,1.17294,0.35954
14694,2021-02-28 19:15:00,2020,Sheffield United,Liverpool,0,2,0.777149,2.80551
14686,2021-03-01 20:00:00,2020,Everton,Southampton,1,0,1.42054,0.665743
14720,2021-03-02 20:00:00,2020,Manchester City,Wolverhampton Wanderers,4,1,3.26196,0.318824
14716,2021-03-03 18:00:00,2020,Burnley,Leicester,1,1,1.26793,1.24109
14721,2021-03-03 18:00:00,2020,Sheffield United,Aston Villa,1,0,0.716254,1.44176
14717,2021-03-03 20:15:00,2020,Crystal Palace,Manchester United,0,0,0.742397,0.584016
14723,2021-03-04 18:00:00,2020,West Bromwich Albion,Everton,0,1,1.02038,1.40789
14757,2021-03-04 18:00:00,2020,Fulham,Tottenham,0,1,1.1715,1.5519
14719,2021-03-04 20:15:00,2020,Liverpool,Chelsea,0,1,0.247034,1.22635
14697,2021-03-06 12:30:00,2020,Burnley,Arsenal,1,1,1.10374,2.53692
14701,2021-03-06 15:00:00,2020,Sheffield United,Southampton,0,2,0.908155,2.37386
14695,2021-03-06 17:30:00,2020,Aston Villa,Wolverhampton Wanderers,0,0,0.956392,2.15087
14696,2021-03-06 20:00:00,2020,Brighton,Leicester,1,2,0.75471,1.03801
14703,2021-03-07 12:00:00,2020,West Bromwich Albion,Newcastle United,0,0,1.46503,0.454577
14699,2021-03-07 14:00:00,2020,Liverpool,Fulham,0,1,0.701764,1.37047
14700,2021-03-07 16:30:00,2020,Manchester City,Manchester United,0,2,1.27561,2.11411
14702,2021-03-07 19:15:00,2020,Tottenham,Crystal Palace,4,1,2.24159,0.559383
14698,2021-03-08 18:00:00,2020,Chelsea,Everton,2,0,2.57224,0.270757
14704,2021-03-08 20:00:00,2020,West Ham,Leeds,2,0,2.37556,1.34971
14761,2021-03-10 18:00:00,2020,Manchester City,Southampton,5,2,3.10503,1.60561
14712,2021-03-12 20:00:00,2020,Newcastle United,Aston Villa,1,1,0.873171,0.748665
14709,2021-03-13 12:30:00,2020,Leeds,Chelsea,0,0,0.382957,0.971054
14706,2021-03-13 15:00:00,2020,Crystal Palace,West Bromwich Albion,1,0,1.30694,0.513439
14707,2021-03-13 17:30:00,2020,Everton,Burnley,1,2,1.69849,0.74852
14708,2021-03-13 20:00:00,2020,Fulham,Manchester City,0,3,0.449499,2.72578
14713,2021-03-14 12:00:00,2020,Southampton,Brighton,1,2,1.03495,0.895967
14710,2021-03-14 14:00:00,2020,Leicester,Sheffield United,5,0,4.54571,0.0934777
14705,2021-03-14 16:30:00,2020,Arsenal,Tottenham,2,1,1.56529,0.705566
14711,2021-03-14 19:15:00,2020,Manchester United,West Ham,1,0,1.70128,0.463737
14714,2021-03-15 20:00:00,2020,Wolverhampton Wanderers,Liverpool,0,1,1.29175,1.0552
14718,2021-03-19 20:00:00,2020,Fulham,Leeds,1,2,1.47498,1.40706
14715,2021-03-20 20:00:00,2020,Brighton,Newcastle United,3,0,0.951921,0.100945
14724,2021-03-21 15:00:00,2020,West Ham,Arsenal,3,3,2.50629,1.35217
14606,2021-03-21 19:30:00,2020,Aston Villa,Tottenham,0,2,0.439681,1.72011
14727,2021-04-03 11:30:00,2020,Chelsea,West Bromwich Albion,2,5,2.55917,1.38315
14729,2021-04-03 14:00:00,2020,Leeds,Sheffield United,2,1,2.50597,0.867652
14730,2021-04-03 16:30:00,2020,Leicester,Manchester City,0,2,0.284781,1.98438
14725,2021-04-03 19:00:00,2020,Arsenal,Liverpool,0,3,0.161161,2.43732
14733,2021-04-04 11:00:00,2020,Southampton,Burnley,3,2,2.40272,1.50285
14732,2021-04-04 13:05:00,2020,Newcastle United,Tottenham,2,2,3.30098,2.43683
14726,2021-04-04 15:30:00,2020,Aston Villa,Fulham,3,1,1.52229,1.52172
14731,2021-04-04 18:30:00,2020,Manchester United,Brighton,2,1,1.73474,1.41071
14728,2021-04-05 17:00:00,2020,Everton,Crystal Palace,1,1,2.53386,0.603749
14734,2021-04-05 19:15:00,2020,Wolverhampton Wanderers,West Ham,2,3,1.95649,1.59694
14738,2021-04-09 19:00:00,2020,Fulham,Wolverhampton Wanderers,0,1,0.733154,0.428134
14740,2021-04-10 11:30:00,2020,Manchester City,Leeds,1,2,1.98825,0.17525
14739,2021-04-10 14:00:00,2020,Liverpool,Aston Villa,2,1,2.14592,0.760621
14737,2021-04-10 16:30:00,2020,Crystal Palace,Chelsea,1,4,0.602167,3.85472
14736,2021-04-11 11:00:00,2020,Burnley,Newcastle United,1,2,1.84262,1.34279
14744,2021-04-11 13:05:00,2020,West Ham,Leicester,3,2,1.02408,1.17188
14742,2021-04-11 15:30:00,2020,Tottenham,Manchester United,1,3,0.921801,2.09737
14741,2021-04-11 18:00:00,2020,Sheffield United,Arsenal,0,3,0.315121,1.93838
14743,2021-04-12 17:00:00,2020,West Bromwich Albion,Southampton,3,0,2.77089,1.5002
14735,2021-04-12 19:15:00,2020,Brighton,Everton,0,0,1.16465,0.306287
14748,2021-04-16 19:00:00,2020,Everton,Tottenham,2,2,2.26022,1.4815
14752,2021-04-17 11:30:00,2020,Newcastle United,West Ham,3,2,2.4314,2.06741
14754,2021-04-17 19:15:00,2020,Wolverhampton Wanderers,Sheffield United,1,0,1.22604,0.295925
14745,2021-04-18 12:30:00,2020,Arsenal,Fulham,1,1,2.85573,0.839128
14751,2021-04-18 15:00:00,2020,Manchester United,Burnley,3,1,2.87455,0.959804
14749,2021-04-19 19:00:00,2020,Leeds,Liverpool,1,1,2.59719,1.60043
14747,2021-04-20 19:00:00,2020,Chelsea,Brighton,0,0,0.807348,0.459568
14722,2021-04-21 19:00:00,2020,Tottenham,Southampton,2,1,1.28824,1.06134
14746,2021-04-21 19:15:00,2020,Aston Villa,Manchester City,1,2,0.801733,1.5634
14750,2021-04-22 19:00:00,2020,Leicester,West Bromwich Albion,3,0,2.6712,0.277126
14755,2021-04-23 19:00:00,2020,Arsenal,Everton,0,1,0.735767,0.529676
14760,2021-04-24 11:30:00,2020,Liverpool,Newcastle United,1,1,2.84708,0.860694
14763,2021-04-24 16:30:00,2020,West Ham,Chelsea,0,1,0.267123,2.52059
14762,2021-04-24 19:00:00,2020,Sheffield United,Brighton,1,0,0.786324,2.06038
14764,2021-04-25 11:00:00,2020,Wolverhampton Wanderers,Burnley,0,4,0.351673,2.24049
14758,2021-04-25 13:00:00,2020,Leeds,Manchester United,0,0,0.216834,1.11635
14756,2021-04-25 18:00:00,2020,Aston Villa,West Bromwich Albion,2,2,2.65394,1.56764
14759,2021-04-26 19:00:00,2020,Leicester,Crystal Palace,2,1,1.23419,0.723112
14772,2021-04-30 19:00:00,2020,Southampton,Leicester,1,1,0.954057,2.51518
14768,2021-05-01 11:30:00,2020,Crystal Palace,Manchester City,0,2,0.361866,2.04443
14765,2021-05-01 14:00:00,2020,Brighton,Leeds,2,0,2.52542,0.510874
14767,2021-05-01 16:30:00,2020,Chelsea,Fulham,2,0,1.8433,0.290042
14769,2021-05-01 19:00:00,2020,Everton,Aston Villa,1,2,1.223,1.58811
14771,2021-05-02 13:00:00,2020,Newcastle United,Arsenal,0,2,0.172988,1.78751
14773,2021-05-02 18:15:00,2020,Tottenham,Sheffield United,4,0,2.26016,0.469026
14774,2021-05-03 17:00:00,2020,West Bromwich Albion,Wolverhampton Wanderers,1,1,1.07133,0.844138
14766,2021-05-03 19:15:00,2020,Burnley,West Ham,1,2,1.68312,2.42477
14779,2021-05-07 19:00:00,2020,Leicester,Newcastle United,2,4,2.315,2.87261
14778,2021-05-08 11:30:00,2020,Leeds,Tottenham,3,1,2.55216,1.03384
14782,2021-05-08 14:00:00,2020,Sheffield United,Crystal Palace,0,2,0.639325,2.25382
14781,2021-05-08 16:30:00,2020,Manchester City,Chelsea,1,2,1.79168,0.619724
14780,2021-05-08 19:15:00,2020,Liverpool,Southampton,2,0,2.26367,1.2289
14784,2021-05-09 11:00:00,2020,Wolverhampton Wanderers,Brighton,2,1,1.1199,0.27571
14776,2021-05-09 13:05:00,2020,Aston Villa,Manchester United,1,3,0.565472,1.88793
14783,2021-05-09 15:30:00,2020,West Ham,Everton,0,1,1.09704,1.56222
14775,2021-05-09 18:00:00,2020,Arsenal,West Bromwich Albion,3,1,1.07042,1.83076
14777,2021-05-10 19:00:00,2020,Fulham,Burnley,0,2,0.778074,1.65831
14788,2021-05-11 17:00:00,2020,Manchester United,Leicester,1,2,0.212874,0.991522
14753,2021-05-11 21:00:00,2020,Southampton,Crystal Palace,3,1,1.58872,1.32586
14790,2021-05-12 19:15:00,2020,Chelsea,Arsenal,0,1,1.56786,0.692043
14770,2021-05-13 19:15:00,2020,Manchester United,Liverpool,2,4,1.71328,2.938
14616,2021-05-13 21:00:00,2020,Aston Villa,Everton,0,0,0.558976,0.975408
14791,2021-05-14 19:00:00,2020,Newcastle United,Manchester City,3,4,2.18312,1.477
14786,2021-05-15 11:30:00,2020,Burnley,Leeds,0,4,1.41338,1.85654
14792,2021-05-15 14:00:00,2020,Southampton,Fulham,3,1,2.29146,0.875957
14785,2021-05-15 19:00:00,2020,Brighton,West Ham,1,1,0.922587,1.92378
14794,2021-05-16 11:00:00,2020,Crystal Palace,Aston Villa,3,2,1.95285,1.2303
14793,2021-05-16 13:05:00,2020,Tottenham,Wolverhampton Wanderers,2,0,3.13947,1.09206
14789,2021-05-16 15:30:00,2020,West Bromwich Albion,Liverpool,1,2,1.14202,2.07854
14787,2021-05-16 18:00:00,2020,Everton,Sheffield United,0,1,1.24609,1.391
14800,2021-05-18 17:00:00,2020,Manchester United,Fulham,1,1,0.92243,0.872643
14802,2021-05-18 17:00:00,2020,Southampton,Leeds,0,2,1.3084,1.58132
14795,2021-05-18 18:00:00,2020,Brighton,Manchester City,3,2,1.22824,1.07139
14797,2021-05-18 19:15:00,2020,Chelsea,Leicester,2,1,2.86149,0.832596
14803,2021-05-19 17:00:00,2020,Tottenham,Aston Villa,1,2,0.89279,1.63669
14801,2021-05-19 17:00:00,2020,Newcastle United,Sheffield United,1,0,1.82508,0.882242
14799,2021-05-19 17:00:00,2020,Everton,Wolverhampton Wanderers,1,0,0.670997,0.265526
14798,2021-05-19 18:00:00,2020,Crystal Palace,Arsenal,1,3,0.998377,1.7945
14796,2021-05-19 19:15:00,2020,Burnley,Liverpool,0,3,0.837048,2.73316
14804,2021-05-19 19:15:00,2020,West Bromwich Albion,West Ham,1,3,1.10741,3.56991
14805,2021-05-23 15:00:00,2020,Arsenal,Brighton,2,0,0.772904,0.193968
14806,2021-05-23 15:00:00,2020,Aston Villa,Chelsea,2,1,0.980413,3.43414
14807,2021-05-23 15:00:00,2020,Fulham,Newcastle United,0,2,0.98902,1.60157
14808,2021-05-23 15:00:00,2020,Leeds,West Bromwich Albion,3,1,2.49009,1.02209
14809,2021-05-23 15:00:00,2020,Leicester,Tottenham,2,4,1.82554,1.85229
14810,2021-05-23 15:00:00,2020,Liverpool,Crystal Palace,2,0,2.20348,0.772317
14811,2021-05-23 15:00:00,2020,Manchester City,Everton,5,0,2.88355,1.07258
14812,2021-05-23 15:00:00,2020,Sheffield United,Burnley,1,0,0.420006,0.558508
14813,2021-05-23 15:00:00,2020,West Ham,Southampton,3,0,1.98344,1.35179
14814,2021-05-23 15:00:00,2020,Wolverhampton Wanderers,Manchester United,1,2,0.701256,2.05229
16376,2021-08-13 19:00:00,2021,Brentford,Arsenal,2,0,1.88818,1.02385
16377,2021-08-14 11:30:00,2021,Manchester United,Leeds,5,1,1.64248,0.568342
16378,2021-08-14 14:00:00,2021,Burnley,Brighton,1,2,1.79548,1.6853
16379,2021-08-14 14:00:00,2021,Chelsea,Crystal Palace,3,0,1.18709,0.321701
16380,2021-08-14 14:00:00,2021,Everton,Southampton,3,1,2.38863,0.580601
16381,2021-08-14 14:00:00,2021,Leicester,Wolverhampton Wanderers,1,0,0.668082,1.32714
16382,2021-08-14 14:00:00,2021,Watford,Aston Villa,3,2,1.35036,1.13718
16383,2021-08-14 16:30:00,2021,Norwich,Liverpool,0,3,1.3333,1.78728
16384,2021-08-15 13:00:00,2021,Newcastle United,West Ham,2,4,1.67926,3.00939
16385,2021-08-15 15:30:00,2021,Tottenham,Manchester City,1,0,1.06014,2.10585
16386,2021-08-21 11:30:00,2021,Liverpool,Burnley,2,0,2.63945,0.690464
16387,2021-08-21 14:00:00,2021,Manchester City,Norwich,5,0,2.43928,0.0250088
16388,2021-08-21 14:00:00,2021,Aston Villa,Newcastle United,2,0,1.18426,0.63163
16389,2021-08-21 14:00:00,2021,Crystal Palace,Brentford,0,0,0.606313,0.712439
16390,2021-08-21 14:00:00,2021,Leeds,Everton,2,2,0.966093,1.85713
16391,2021-08-21 16:30:00,2021,Brighton,Watford,2,0,1.77896,0.407224
16392,2021-08-22 13:00:00,2021,Southampton,Manchester United,1,1,0.587526,2.26173
16393,2021-08-22 13:00:00,2021,Wolverhampton Wanderers,Tottenham,0,1,1.51127,1.72636
16394,2021-08-22 15:30:00,2021,Arsenal,Chelsea,0,2,0.630099,3.64132
16395,2021-08-23 19:00:00,2021,West Ham,Leicester,4,1,2.28613,0.62676
16396,2021-08-28 11:30:00,2021,Manchester City,Arsenal,5,0,4.47273,0.116805
16397,2021-08-28 14:00:00,2021,Newcastle United,Southampton,2,2,1.19077,3.46036
16398,2021-08-28 14:00:00,2021,Norwich,Leicester,1,2,1.44084,1.27371
16399,2021-08-28 14:00:00,2021,Aston Villa,Brentford,1,1,0.431464,1.13312
16400,2021-08-28 14:00:00,2021,Brighton,Everton,0,2,0.701622,1.54868
16401,2021-08-28 14:00:00,2021,West Ham,Crystal Palace,2,2,1.44748,1.67658
16402,2021-08-28 16:30:00,2021,Liverpool,Chelsea,1,1,2.08462,0.573638
16403,2021-08-29 13:00:00,2021,Burnley,Leeds,1,1,1.71102,1.52078
16404,2021-08-29 13:00:00,2021,Tottenham,Watford,1,0,0.920963,0.596016
16405,2021-08-29 15:30:00,2021,Wolverhampton Wanderers,Manchester United,0,1,1.79575,0.944083
16406,2021-09-11 11:30:00,2021,Crystal Palace,Tottenham,3,0,2.89372,0.0775646
16407,2021-09-11 14:00:00,2021,Arsenal,Norwich,1,0,2.68515,0.577292
16408,2021-09-11 14:00:00,2021,Brentford,Brighton,0,1,0.729786,0.287902
16409,2021-09-11 14:00:00,2021,Leicester,Manchester City,0,1,0.8001,2.75058
16410,2021-09-11 14:00:00,2021,Manchester United,Newcastle United,4,1,2.77326,0.622042
16411,2021-09-11 14:00:00,2021,Southampton,West Ham,0,0,0.692135,0.725407
16412,2021-09-11 14:00:00,2021,Watford,Wolverhampton Wanderers,0,2,0.185407,2.55922
16413,2021-09-11 16:30:00,2021,Chelsea,Aston Villa,3,0,1.22153,1.17349
16414,2021-09-12 15:30:00,2021,Leeds,Liverpool,0,3,0.652514,4.4016
16415,2021-09-13 19:00:00,2021,Everton,Burnley,3,1,1.80386,1.82061
16416,2021-09-17 19:00:00,2021,Newcastle United,Leeds,1,1,1.17668,1.42995
16417,2021-09-18 11:30:00,2021,Wolverhampton Wanderers,Brentford,0,2,1.02316,2.32741
16420,2021-09-18 14:00:00,2021,Liverpool,Crystal Palace,3,0,2.76793,0.644168
16421,2021-09-18 14:00:00,2021,Manchester City,Southampton,0,0,1.22451,0.490923
16418,2021-09-18 14:00:00,2021,Norwich,Watford,1,3,0.782665,2.42487
16419,2021-09-18 14:00:00,2021,Burnley,Arsenal,0,1,0.775574,1.09928
16422,2021-09-18 16:30:00,2021,Aston Villa,Everton,3,0,0.777716,0.755035
16423,2021-09-19 13:00:00,2021,Brighton,Leicester,2,1,1.47438,1.25373
16424,2021-09-19 13:00:00,2021,West Ham,Manchester United,1,2,1.6671,1.8954
16425,2021-09-19 15:30:00,2021,Tottenham,Chelsea,0,3,0.70567,2.5869
16426,2021-09-25 11:30:00,2021,Chelsea,Manchester City,0,1,0.194202,1.69244
16431,2021-09-25 11:30:00,2021,Manchester United,Aston Villa,0,1,1.9251,1.57249
16427,2021-09-25 14:00:00,2021,Watford,Newcastle United,1,1,0.904061,2.52338
16428,2021-09-25 14:00:00,2021,Everton,Norwich,2,0,2.26681,0.800903
16429,2021-09-25 14:00:00,2021,Leeds,West Ham,1,2,1.1967,1.98962
16430,2021-09-25 14:00:00,2021,Leicester,Burnley,2,2,2.16233,0.428866
16432,2021-09-25 16:30:00,2021,Brentford,Liverpool,3,3,2.94058,2.25736
16433,2021-09-26 13:00:00,2021,Southampton,Wolverhampton Wanderers,0,1,0.909342,0.909833
16434,2021-09-26 15:30:00,2021,Arsenal,Tottenham,3,1,1.44499,0.980166
16435,2021-09-27 19:00:00,2021,Crystal Palace,Brighton,1,1,1.36836,0.649566
16442,2021-10-02 11:30:00,2021,Manchester United,Everton,1,1,1.0496,1.32211
16437,2021-10-02 14:00:00,2021,Burnley,Norwich,0,0,0.584725,0.673617
16438,2021-10-02 14:00:00,2021,Chelsea,Southampton,3,1,3.79243,1.52634
16440,2021-10-02 14:00:00,2021,Leeds,Watford,1,0,1.57388,0.192794
16445,2021-10-02 14:00:00,2021,Wolverhampton Wanderers,Newcastle United,2,1,1.15849,0.865217
16436,2021-10-02 16:30:00,2021,Brighton,Arsenal,0,0,1.11551,0.36431
16439,2021-10-03 13:00:00,2021,Crystal Palace,Leicester,2,2,1.1703,1.04322
16443,2021-10-03 13:00:00,2021,Tottenham,Aston Villa,2,1,1.78187,1.07395
16444,2021-10-03 13:00:00,2021,West Ham,Brentford,1,2,1.37258,1.30098
16441,2021-10-03 15:30:00,2021,Liverpool,Manchester City,2,2,0.949368,1.04319
16455,2021-10-16 11:30:00,2021,Watford,Liverpool,0,5,0.302302,3.65553
16453,2021-10-16 14:00:00,2021,Norwich,Brighton,0,0,1.16088,1.17572
16451,2021-10-16 14:00:00,2021,Manchester City,Burnley,2,0,2.15712,1.07719
16454,2021-10-16 14:00:00,2021,Southampton,Leeds,1,0,1.83082,0.446173
16447,2021-10-16 14:00:00,2021,Aston Villa,Wolverhampton Wanderers,2,3,1.21276,2.19633
16450,2021-10-16 14:00:00,2021,Leicester,Manchester United,4,2,2.96611,1.02494
16448,2021-10-16 16:30:00,2021,Brentford,Chelsea,0,1,1.62169,0.248256
16449,2021-10-17 13:00:00,2021,Everton,West Ham,0,1,0.854165,2.03034
16452,2021-10-17 15:30:00,2021,Newcastle United,Tottenham,2,3,0.645658,1.55008
16446,2021-10-18 19:00:00,2021,Arsenal,Crystal Palace,2,2,1.7436,0.492239
16456,2021-10-22 19:00:00,2021,Arsenal,Aston Villa,3,1,3.4984,1.41088
16459,2021-10-23 11:30:00,2021,Chelsea,Norwich,7,0,3.10509,0.267429
16460,2021-10-23 14:00:00,2021,Crystal Palace,Newcastle United,1,1,2.25588,0.721813
16461,2021-10-23 14:00:00,2021,Everton,Watford,2,5,1.84089,3.10344
16462,2021-10-23 14:00:00,2021,Leeds,Wolverhampton Wanderers,1,1,1.71313,0.858644
16464,2021-10-23 14:00:00,2021,Southampton,Burnley,2,2,1.42567,0.673195
16458,2021-10-23 16:30:00,2021,Brighton,Manchester City,1,4,1.1695,3.57376
16465,2021-10-24 13:00:00,2021,West Ham,Tottenham,1,0,1.73468,0.672198
16457,2021-10-24 13:00:00,2021,Brentford,Leicester,1,2,1.16789,1.00254
16463,2021-10-24 15:30:00,2021,Manchester United,Liverpool,0,5,1.35584,4.04765
16468,2021-10-30 11:30:00,2021,Leicester,Arsenal,0,2,1.98801,1.10288
16467,2021-10-30 14:00:00,2021,Burnley,Brentford,3,1,2.72901,0.834312
16469,2021-10-30 14:00:00,2021,Liverpool,Brighton,2,2,1.39778,1.51032
16470,2021-10-30 14:00:00,2021,Manchester City,Crystal Palace,0,2,0.65739,1.05029
16471,2021-10-30 14:00:00,2021,Newcastle United,Chelsea,0,3,0.157616,2.16608
16474,2021-10-30 14:00:00,2021,Watford,Southampton,0,1,0.852556,1.90757
16473,2021-10-30 16:30:00,2021,Tottenham,Manchester United,0,3,1.15787,1.38612
16472,2021-10-31 14:00:00,2021,Norwich,Leeds,1,2,0.661887,1.16855
16466,2021-10-31 16:30:00,2021,Aston Villa,West Ham,1,4,0.687551,2.66391
16475,2021-11-01 20:00:00,2021,Wolverhampton Wanderers,Everton,2,1,1.69344,1.69767
16484,2021-11-05 20:00:00,2021,Southampton,Aston Villa,1,0,0.89818,0.536077
16483,2021-11-06 12:30:00,2021,Manchester United,Manchester City,0,2,0.759561,2.04202
16479,2021-11-06 15:00:00,2021,Chelsea,Burnley,1,1,3.00585,0.674072
16480,2021-11-06 15:00:00,2021,Crystal Palace,Wolverhampton Wanderers,2,0,2.65161,0.25416
16477,2021-11-06 15:00:00,2021,Brentford,Norwich,1,2,2.79229,1.15797
16478,2021-11-06 17:30:00,2021,Brighton,Newcastle United,1,1,1.43123,0.227321
16476,2021-11-07 14:00:00,2021,Arsenal,Watford,1,0,1.49208,0.491659
16481,2021-11-07 14:00:00,2021,Everton,Tottenham,0,0,0.597906,0.801798
16482,2021-11-07 14:00:00,2021,Leeds,Leicester,1,1,1.96551,0.795292
16485,2021-11-07 16:30:00,2021,West Ham,Liverpool,3,2,1.25298,1.45641
16488,2021-11-20 12:30:00,2021,Leicester,Chelsea,0,3,0.499504,2.57178
16486,2021-11-20 15:00:00,2021,Aston Villa,Brighton,2,0,1.06946,0.582787
16487,2021-11-20 15:00:00,2021,Burnley,Crystal Palace,3,3,1.04224,1.74839
16491,2021-11-20 15:00:00,2021,Newcastle United,Brentford,3,3,2.18388,1.23275
16492,2021-11-20 15:00:00,2021,Norwich,Southampton,2,1,0.43778,1.13118
16494,2021-11-20 15:00:00,2021,Watford,Manchester United,4,1,2.73393,1.66794
16495,2021-11-20 15:00:00,2021,Wolverhampton Wanderers,West Ham,1,0,1.31903,0.436331
16489,2021-11-20 17:30:00,2021,Liverpool,Arsenal,4,0,3.97374,0.268025
16490,2021-11-21 14:00:00,2021,Manchester City,Everton,3,0,2.61302,0.266894
16493,2021-11-21 16:30:00,2021,Tottenham,Leeds,2,1,2.31744,1.46689
16496,2021-11-27 12:30:00,2021,Arsenal,Newcastle United,2,0,2.84493,0.185383
16501,2021-11-27 15:00:00,2021,Crystal Palace,Aston Villa,1,2,0.962129,0.454305
16503,2021-11-27 15:00:00,2021,Liverpool,Southampton,4,0,3.07278,0.966132
16505,2021-11-27 15:00:00,2021,Norwich,Wolverhampton Wanderers,0,0,1.4047,0.297157
16498,2021-11-27 17:30:00,2021,Brighton,Leeds,0,0,1.90498,0.864829
16497,2021-11-28 14:00:00,2021,Brentford,Everton,1,0,1.19813,0.968075
16502,2021-11-28 14:00:00,2021,Leicester,Watford,4,2,2.16027,2.38383
16504,2021-11-28 14:00:00,2021,Manchester City,West Ham,2,1,2.72187,0.171763
16500,2021-11-28 16:30:00,2021,Chelsea,Manchester United,1,1,2.34525,0.563367
16513,2021-11-30 19:30:00,2021,Newcastle United,Norwich,1,1,1.15636,1.51084
16508,2021-11-30 20:15:00,2021,Leeds,Crystal Palace,1,0,1.9818,0.707328
16514,2021-12-01 19:30:00,2021,Southampton,Leicester,2,2,1.91169,1.4401
16511,2021-12-01 19:30:00,2021,Wolverhampton Wanderers,Burnley,0,0,0.711691,0.195537
16509,2021-12-01 19:30:00,2021,Watford,Chelsea,1,2,0.990877,0.908574
16510,2021-12-01 19:30:00,2021,West Ham,Brighton,1,1,1.14679,1.2607
16506,2021-12-01 20:15:00,2021,Aston Villa,Manchester City,1,2,0.772083,1.01897
16507,2021-12-01 20:15:00,2021,Everton,Liverpool,1,4,0.512263,2.86067
16515,2021-12-02 19:30:00,2021,Tottenham,Brentford,2,0,2.07248,0.225492
16512,2021-12-02 20:15:00,2021,Manchester United,Arsenal,3,2,1.85597,1.16638
16524,2021-12-04 12:30:00,2021,West Ham,Chelsea,3,2,2.0174,1.37049
16520,2021-12-04 15:00:00,2021,Newcastle United,Burnley,1,0,1.70609,0.604599
16521,2021-12-04 15:00:00,2021,Southampton,Brighton,1,1,1.34236,1.4872
16525,2021-12-04 15:00:00,2021,Wolverhampton Wanderers,Liverpool,0,1,0.095167,2.42332
16523,2021-12-04 17:30:00,2021,Watford,Manchester City,1,3,0.675105,4.03223
16522,2021-12-05 14:00:00,2021,Tottenham,Norwich,3,0,2.00668,1.06562
16518,2021-12-05 14:00:00,2021,Leeds,Brentford,2,2,1.41896,1.19959
16519,2021-12-05 14:00:00,2021,Manchester United,Crystal Palace,1,0,0.870376,0.520593
16516,2021-12-05 16:30:00,2021,Aston Villa,Leicester,2,1,1.84818,0.982614
16517,2021-12-06 20:00:00,2021,Everton,Arsenal,2,1,1.06108,1.05723
16527,2021-12-10 20:00:00,2021,Brentford,Watford,2,1,1.82799,0.561554
16534,2021-12-11 12:30:00,2021,Manchester City,Wolverhampton Wanderers,1,0,2.99915,0.0762839
16526,2021-12-11 15:00:00,2021,Arsenal,Southampton,3,0,2.08429,0.502215
16530,2021-12-11 15:00:00,2021,Chelsea,Leeds,3,2,2.74844,1.72934
16533,2021-12-11 15:00:00,2021,Liverpool,Aston Villa,1,0,2.71181,0.140573
16535,2021-12-11 17:30:00,2021,Norwich,Manchester United,0,1,0.986107,2.09817
16529,2021-12-12 14:00:00,2021,Burnley,West Ham,0,0,0.54801,0.998813
16532,2021-12-12 14:00:00,2021,Leicester,Newcastle United,4,0,2.05771,0.511934
16531,2021-12-12 16:30:00,2021,Crystal Palace,Everton,3,1,2.09864,1.27556
16541,2021-12-14 19:45:00,2021,Norwich,Aston Villa,0,2,0.502647,1.96261
16545,2021-12-14 20:00:00,2021,Manchester City,Leeds,7,0,3.31349,0.227498
16538,2021-12-15 19:30:00,2021,Brighton,Wolverhampton Wanderers,0,1,1.20118,1.11736
16542,2021-12-15 19:30:00,2021,Crystal Palace,Southampton,2,2,1.49244,0.625183
16536,2021-12-15 20:00:00,2021,Arsenal,West Ham,2,0,2.81482,0.338855
16543,2021-12-16 19:45:00,2021,Chelsea,Everton,1,1,3.20239,0.627528
16544,2021-12-16 20:00:00,2021,Liverpool,Newcastle United,3,1,2.93912,0.2064
16548,2021-12-18 17:30:00,2021,Leeds,Arsenal,1,4,1.31408,3.69008
16555,2021-12-19 14:00:00,2021,Wolverhampton Wanderers,Chelsea,0,0,0.321371,0.793952
16550,2021-12-19 14:15:00,2021,Newcastle United,Manchester City,0,4,0.174208,3.64686
16552,2021-12-19 16:30:00,2021,Tottenham,Liverpool,2,2,2.79777,1.54944
16560,2021-12-26 15:00:00,2021,Manchester City,Leicester,6,3,3.82869,2.43425
16562,2021-12-26 15:00:00,2021,Norwich,Arsenal,0,5,0.154212,2.87539
16563,2021-12-26 15:00:00,2021,Tottenham,Crystal Palace,3,0,2.82148,0.178324
16564,2021-12-26 15:00:00,2021,West Ham,Southampton,2,3,1.53745,1.35643
16556,2021-12-26 17:30:00,2021,Aston Villa,Chelsea,1,3,0.474029,2.8285
16557,2021-12-26 20:00:00,2021,Brighton,Brentford,2,0,0.943363,1.10342
16561,2021-12-27 20:00:00,2021,Newcastle United,Manchester United,1,1,1.26586,1.75587
16575,2021-12-28 15:00:00,2021,Southampton,Tottenham,1,1,0.353043,2.80917
16570,2021-12-28 15:00:00,2021,Crystal Palace,Norwich,3,0,2.38978,0.594134
16569,2021-12-28 15:00:00,2021,Watford,West Ham,1,4,1.0143,2.84084
16573,2021-12-28 20:00:00,2021,Leicester,Liverpool,1,0,0.615892,2.72682
16568,2021-12-29 19:30:00,2021,Chelsea,Brighton,1,1,0.763458,0.78663
16567,2021-12-29 20:15:00,2021,Brentford,Manchester City,0,1,0.238829,1.01763
16574,2021-12-30 20:15:00,2021,Manchester United,Burnley,3,1,1.80776,0.871738
16576,2022-01-01 12:30:00,2021,Arsenal,Manchester City,1,2,0.836949,1.94623
16585,2022-01-01 15:00:00,2021,Watford,Tottenham,0,1,0.303514,1.93752
16579,2022-01-01 17:30:00,2021,Crystal Palace,West Ham,2,3,2.69204,2.23146
16577,2022-01-02 14:00:00,2021,Brentford,Aston Villa,2,1,0.501329,1.13821
16580,2022-01-02 14:00:00,2021,Everton,Brighton,2,3,1.82698,1.48397
16581,2022-01-02 14:00:00,2021,Leeds,Burnley,3,1,2.04186,0.960493
16578,2022-01-02 16:30:00,2021,Chelsea,Liverpool,2,2,1.389,1.78897
16583,2022-01-03 17:30:00,2021,Manchester United,Wolverhampton Wanderers,0,1,0.768752,0.840925
16551,2022-01-11 21:45:00,2021,Southampton,Brentford,4,1,1.59306,0.621466
16554,2022-01-12 21:45:00,2021,West Ham,Norwich,2,0,2.89217,0.343347
16587,2022-01-14 20:00:00,2021,Brighton,Crystal Palace,1,1,2.18053,0.509681
16590,2022-01-15 12:30:00,2021,Manchester City,Chelsea,1,0,0.901703,0.613757
16591,2022-01-15 15:00:00,2021,Newcastle United,Watford,1,1,1.03855,1.49623
16592,2022-01-15 15:00:00,2021,Norwich,Everton,2,1,1.00153,0.541027
16595,2022-01-15 15:00:00,2021,Wolverhampton Wanderers,Southampton,3,1,2.29917,0.91728
16586,2022-01-15 17:30:00,2021,Aston Villa,Manchester United,2,2,1.82784,1.35378
16589,2022-01-16 14:00:00,2021,Liverpool,Brentford,3,0,3.49099,0.376656
16594,2022-01-16 14:00:00,2021,West Ham,Leeds,2,3,2.3549,2.26884
16607,2022-01-18 09:45:00,2021,Brighton,Chelsea,1,1,0.747557,0.572994
16540,2022-01-19 19:30:00,2021,Leicester,Tottenham,2,3,1.95031,4.24711
16537,2022-01-19 20:00:00,2021,Brentford,Manchester United,1,3,2.081,2.05969
16605,2022-01-21 20:00:00,2021,Watford,Norwich,0,3,1.30606,0.925212
16600,2022-01-22 12:30:00,2021,Everton,Aston Villa,0,1,1.2384,0.860245
16601,2022-01-22 15:00:00,2021,Leeds,Newcastle United,0,1,1.12992,1.15904
16603,2022-01-22 15:00:00,2021,Manchester United,West Ham,1,0,1.75857,0.238027
16597,2022-01-22 15:00:00,2021,Brentford,Wolverhampton Wanderers,1,2,0.742573,0.218211
16604,2022-01-22 17:30:00,2021,Southampton,Manchester City,1,1,1.00222,1.62907
16596,2022-01-23 14:00:00,2021,Arsenal,Burnley,0,0,1.35507,0.388963
16599,2022-01-23 14:00:00,2021,Crystal Palace,Liverpool,1,3,1.62615,1.49697
16602,2022-01-23 14:00:00,2021,Leicester,Brighton,1,1,1.70979,1.19738
16598,2022-01-23 16:30:00,2021,Chelsea,Tottenham,2,0,1.04212,0.328818
16539,2022-02-05 18:00:00,2021,Burnley,Watford,0,0,0.765905,0.933965
16610,2022-02-08 19:45:00,2021,West Ham,Watford,1,0,0.905143,0.335474
16612,2022-02-08 19:45:00,2021,Newcastle United,Everton,3,1,2.68732,0.823607
16608,2022-02-08 20:00:00,2021,Burnley,Manchester United,1,1,0.772721,1.83387
16609,2022-02-09 19:45:00,2021,Norwich,Crystal Palace,1,1,0.296411,1.22883
16613,2022-02-09 19:45:00,2021,Tottenham,Southampton,2,3,1.74286,1.73293
16615,2022-02-09 19:45:00,2021,Manchester City,Brentford,2,0,1.98246,0.461305
16606,2022-02-09 20:00:00,2021,Aston Villa,Leeds,3,3,1.5013,2.52914
16614,2022-02-10 19:45:00,2021,Liverpool,Leicester,2,0,2.72997,0.544954
16611,2022-02-10 19:45:00,2021,Wolverhampton Wanderers,Arsenal,0,1,0.641359,1.45247
16621,2022-02-12 12:30:00,2021,Manchester United,Southampton,1,1,2.99207,0.677386
16616,2022-02-12 15:00:00,2021,Brentford,Crystal Palace,0,0,1.97576,0.49802
16619,2022-02-12 15:00:00,2021,Everton,Leeds,3,0,2.58561,0.242668
16625,2022-02-12 15:00:00,2021,Watford,Brighton,0,2,0.532979,1.80456
16623,2022-02-12 17:30:00,2021,Norwich,Manchester City,0,4,0.356755,4.44653
16617,2022-02-13 14:00:00,2021,Burnley,Liverpool,0,1,1.16081,1.95722
16622,2022-02-13 14:00:00,2021,Newcastle United,Aston Villa,1,0,0.527571,0.455206
16624,2022-02-13 14:00:00,2021,Tottenham,Wolverhampton Wanderers,0,2,0.838197,1.87026
16620,2022-02-13 16:30:00,2021,Leicester,West Ham,2,2,1.40693,0.745068
16549,2022-02-15 20:15:00,2021,Manchester United,Brighton,2,0,2.74936,1.26179
16634,2022-02-19 12:30:00,2021,West Ham,Newcastle United,1,1,0.847948,0.932574
16633,2022-02-19 15:00:00,2021,Southampton,Everton,2,0,2.72851,0.19991
16631,2022-02-19 15:00:00,2021,Liverpool,Norwich,3,1,3.15449,0.66975
16629,2022-02-19 15:00:00,2021,Crystal Palace,Chelsea,0,1,0.624023,1.12339
16628,2022-02-19 15:00:00,2021,Brighton,Burnley,0,3,0.44587,0.821228
16627,2022-02-19 15:00:00,2021,Aston Villa,Watford,0,1,1.0267,1.82051
16626,2022-02-19 15:00:00,2021,Arsenal,Brentford,2,1,1.52247,0.640726
16632,2022-02-19 17:30:00,2021,Manchester City,Tottenham,2,3,2.31773,2.00235
16630,2022-02-20 14:00:00,2021,Leeds,Manchester United,2,4,1.74476,2.60999
16635,2022-02-20 16:30:00,2021,Wolverhampton Wanderers,Leicester,2,1,0.472777,1.55048
16499,2022-02-23 19:30:00,2021,Burnley,Tottenham,1,0,1.55576,0.691655
16553,2022-02-23 19:30:00,2021,Watford,Crystal Palace,1,4,1.71917,0.818403
16559,2022-02-23 19:45:00,2021,Liverpool,Leeds,6,0,5.3303,0.141547
16566,2022-02-24 19:45:00,2021,Arsenal,Wolverhampton Wanderers,2,1,2.50961,1.10934
16644,2022-02-25 20:00:00,2021,Southampton,Norwich,2,0,3.08863,0.424877
16642,2022-02-26 12:30:00,2021,Leeds,Tottenham,0,4,1.89569,2.47025
16637,2022-02-26 15:00:00,2021,Brentford,Newcastle United,0,2,0.494232,2.25373
16640,2022-02-26 15:00:00,2021,Crystal Palace,Burnley,1,1,1.03765,0.255988
16643,2022-02-26 15:00:00,2021,Manchester United,Watford,0,0,2.41457,0.437185
16638,2022-02-26 15:30:00,2021,Brighton,Aston Villa,0,2,0.627107,1.3027
16641,2022-02-26 17:30:00,2021,Everton,Manchester City,0,1,0.770819,1.93422
16645,2022-02-27 14:00:00,2021,West Ham,Wolverhampton Wanderers,1,0,1.62241,0.892018
16588,2022-03-01 19:45:00,2021,Burnley,Leicester,0,2,1.04214,1.79558
16648,2022-03-05 12:30:00,2021,Leicester,Leeds,1,0,0.359129,2.14389
16646,2022-03-05 15:00:00,2021,Aston Villa,Southampton,4,0,2.85379,1.32947
16647,2022-03-05 15:00:00,2021,Burnley,Chelsea,0,4,0.849232,2.2868
16651,2022-03-05 15:00:00,2021,Newcastle United,Brighton,2,1,1.58028,1.64995
16652,2022-03-05 15:00:00,2021,Norwich,Brentford,1,3,0.77334,2.22064
16655,2022-03-05 15:00:00,2021,Wolverhampton Wanderers,Crystal Palace,0,2,0.710865,2.53759
16649,2022-03-05 17:30:00,2021,Liverpool,West Ham,1,0,2.18865,1.33829
16654,2022-03-06 14:00:00,2021,Watford,Arsenal,2,3,1.29603,1.00457
16650,2022-03-06 16:30:00,2021,Manchester City,Manchester United,4,1,2.74434,0.361782
16653,2022-03-07 20:00:00,2021,Tottenham,Everton,5,0,3.24279,0.208263
16672,2022-03-10 19:30:00,2021,Norwich,Chelsea,1,3,0.965723,2.1308
16565,2022-03-10 19:30:00,2021,Wolverhampton Wanderers,Watford,4,0,1.55037,0.498696
16584,2022-03-10 19:30:00,2021,Southampton,Newcastle United,1,2,1.79835,0.812233
16572,2022-03-10 19:45:00,2021,Leeds,Aston Villa,0,3,0.194028,1.2729
16658,2022-03-12 12:30:00,2021,Brighton,Liverpool,0,2,0.629316,2.48312
16657,2022-03-12 15:00:00,2021,Brentford,Burnley,2,0,1.82002,0.825311
16663,2022-03-12 17:30:00,2021,Manchester United,Tottenham,3,2,1.0181,1.62374
16659,2022-03-13 14:00:00,2021,Chelsea,Newcastle United,1,0,1.07072,0.246037
16661,2022-03-13 14:00:00,2021,Everton,Wolverhampton Wanderers,0,1,0.397268,0.712135
16662,2022-03-13 14:00:00,2021,Leeds,Norwich,2,1,3.11755,1.40148
16664,2022-03-13 14:00:00,2021,Southampton,Watford,1,2,1.25696,1.29385
16665,2022-03-13 14:00:00,2021,West Ham,Aston Villa,2,1,1.58468,1.05391
16656,2022-03-13 16:30:00,2021,Arsenal,Leicester,2,0,2.93665,0.54911
16660,2022-03-14 20:00:00,2021,Crystal Palace,Manchester City,0,0,0.474002,2.04021
16528,2022-03-16 19:30:00,2021,Brighton,Tottenham,0,2,1.04171,2.05196
16636,2022-03-16 20:15:00,2021,Arsenal,Liverpool,0,2,0.534265,1.27681
16571,2022-03-17 19:45:00,2021,Everton,Newcastle United,1,0,0.708809,0.75803
16675,2022-03-18 20:00:00,2021,Wolverhampton Wanderers,Leeds,2,3,1.24075,2.82103
16666,2022-03-19 12:30:00,2021,Aston Villa,Arsenal,0,1,0.309375,1.14522
16668,2022-03-20 14:00:00,2021,Leicester,Brentford,2,1,1.27865,1.72466
16673,2022-03-20 16:30:00,2021,Tottenham,West Ham,3,1,2.54795,0.644964
16680,2022-04-02 11:30:00,2021,Liverpool,Watford,2,0,2.23651,0.753307
16676,2022-04-02 14:00:00,2021,Wolverhampton Wanderers,Aston Villa,2,1,1.62151,1.91256
16681,2022-04-02 14:00:00,2021,Leeds,Southampton,1,1,1.50715,2.06387
16683,2022-04-02 14:00:00,2021,Chelsea,Brentford,1,4,1.29014,2.43422
16684,2022-04-02 14:00:00,2021,Burnley,Manchester City,0,2,0.0591223,1.62008
16685,2022-04-02 14:00:00,2021,Brighton,Norwich,0,0,2.38297,0.494112
16679,2022-04-02 16:30:00,2021,Manchester United,Leicester,1,1,0.902127,1.07638
16677,2022-04-03 13:00:00,2021,West Ham,Everton,2,1,1.49657,0.657846
16678,2022-04-03 15:30:00,2021,Tottenham,Newcastle United,5,1,3.6081,0.538152
16682,2022-04-04 19:00:00,2021,Crystal Palace,Arsenal,3,0,1.39707,1.05199
16558,2022-04-06 18:30:00,2021,Burnley,Everton,3,2,2.24439,2.31574
16689,2022-04-08 19:00:00,2021,Newcastle United,Wolverhampton Wanderers,1,0,1.43878,0.306867
16692,2022-04-09 11:30:00,2021,Everton,Manchester United,1,0,0.357295,0.762357
16686,2022-04-09 14:00:00,2021,Watford,Leeds,0,3,1.07422,0.895612
16687,2022-04-09 14:00:00,2021,Southampton,Chelsea,0,6,0.564726,4.39683
16695,2022-04-09 14:00:00,2021,Arsenal,Brighton,1,2,2.35153,0.596106
16694,2022-04-09 16:30:00,2021,Aston Villa,Tottenham,0,4,1.48712,0.983601
16688,2022-04-10 13:00:00,2021,Norwich,Burnley,2,0,1.6723,1.44652
16691,2022-04-10 13:00:00,2021,Leicester,Crystal Palace,2,1,0.879235,1.52767
16693,2022-04-10 13:00:00,2021,Brentford,West Ham,2,0,1.85534,0.244824
16690,2022-04-10 15:30:00,2021,Manchester City,Liverpool,2,2,1.34647,1.29983
16699,2022-04-16 11:30:00,2021,Tottenham,Brighton,0,1,0.58624,0.711155
16698,2022-04-16 14:00:00,2021,Watford,Brentford,1,2,1.50381,2.12457
16700,2022-04-16 14:00:00,2021,Southampton,Arsenal,1,0,1.04007,1.35002
16702,2022-04-16 14:00:00,2021,Manchester United,Norwich,3,2,1.66737,1.79754
16697,2022-04-17 13:15:00,2021,West Ham,Burnley,1,1,2.79175,1.88137
16701,2022-04-17 13:15:00,2021,Newcastle United,Leicester,2,1,2.54294,0.541084
16669,2022-04-19 19:00:00,2021,Liverpool,Manchester United,4,0,2.25967,0.110227
16547,2022-04-20 18:45:00,2021,Everton,Leicester,1,1,1.68819,0.786333
16618,2022-04-20 18:45:00,2021,Chelsea,Arsenal,2,4,0.593801,1.87331
16671,2022-04-20 18:45:00,2021,Newcastle United,Crystal Palace,1,0,0.767855,0.432788
16670,2022-04-20 19:00:00,2021,Manchester City,Brighton,3,0,1.52844,0.117354
16667,2022-04-21 18:45:00,2021,Burnley,Southampton,2,0,2.14743,1.31837
16715,2022-04-23 11:30:00,2021,Arsenal,Manchester United,3,1,2.54173,2.04244
16707,2022-04-23 14:00:00,2021,Manchester City,Watford,5,1,3.68,0.42632
16706,2022-04-23 14:00:00,2021,Norwich,Newcastle United,0,3,0.657661,1.87558
16709,2022-04-23 14:00:00,2021,Leicester,Aston Villa,0,0,0.235635,0.593202
16714,2022-04-23 16:30:00,2021,Brentford,Tottenham,0,0,1.3153,0.517755
16712,2022-04-24 13:00:00,2021,Burnley,Wolverhampton Wanderers,1,0,1.27298,0.592902
16713,2022-04-24 13:00:00,2021,Brighton,Southampton,2,2,1.87343,0.926764
16711,2022-04-24 13:00:00,2021,Chelsea,West Ham,1,0,2.34959,0.388975
16708,2022-04-24 15:30:00,2021,Liverpool,Everton,2,0,1.70397,0.424961
16710,2022-04-25 19:00:00,2021,Crystal Palace,Leeds,0,0,1.61656,0.374044
16742,2022-04-28 18:45:00,2021,Manchester United,Chelsea,1,1,0.618456,2.46868
16721,2022-04-30 11:30:00,2021,Newcastle United,Liverpool,0,1,0.115353,2.73435
16716,2022-04-30 14:00:00,2021,Wolverhampton Wanderers,Brighton,0,3,0.525912,2.90679
16718,2022-04-30 14:00:00,2021,Watford,Burnley,1,2,0.785742,1.37022
16720,2022-04-30 14:00:00,2021,Southampton,Crystal Palace,1,2,0.650256,0.756217
16725,2022-04-30 14:00:00,2021,Aston Villa,Norwich,2,0,2.31192,0.352212
16723,2022-04-30 16:30:00,2021,Leeds,Manchester City,0,4,1.03608,3.01431
16719,2022-05-01 13:00:00,2021,Tottenham,Leicester,3,1,1.65338,0.274133
16724,2022-05-01 13:00:00,2021,Everton,Chelsea,1,0,1.11712,1.21141
16717,2022-05-01 15:30:00,2021,West Ham,Arsenal,1,2,0.451976,0.964564
16722,2022-05-02 19:00:00,2021,Manchester United,Brentford,3,0,1.84111,0.681425
16734,2022-05-07 14:00:00,2021,Brentford,Southampton,3,0,3.68223,0.988574
16732,2022-05-07 14:00:00,2021,Burnley,Aston Villa,1,3,1.31028,1.81256
16730,2022-05-07 14:00:00,2021,Crystal Palace,Watford,1,0,2.49142,0.255373
16731,2022-05-07 14:00:00,2021,Chelsea,Wolverhampton Wanderers,2,2,1.82098,1.6842
16733,2022-05-07 16:30:00,2021,Brighton,Manchester United,4,0,2.82636,0.930715
16728,2022-05-07 18:45:00,2021,Liverpool,Tottenham,1,1,1.0481,0.982635
16726,2022-05-08 13:00:00,2021,Norwich,West Ham,0,4,0.77895,3.25894
16729,2022-05-08 13:00:00,2021,Leicester,Everton,1,2,1.47479,1.55635
16735,2022-05-08 13:00:00,2021,Arsenal,Leeds,2,1,2.7227,0.696785
16727,2022-05-08 15:30:00,2021,Manchester City,Newcastle United,5,0,4.05613,0.995099
16705,2022-05-10 19:00:00,2021,Aston Villa,Liverpool,1,2,1.44726,1.75417
16703,2022-05-11 18:30:00,2021,Leeds,Chelsea,0,3,0.499789,1.46853
16674,2022-05-11 18:45:00,2021,Watford,Everton,0,0,0.232236,0.812193
16582,2022-05-11 18:45:00,2021,Leicester,Norwich,3,0,2.57058,1.21966
16696,2022-05-11 19:15:00,2021,Wolverhampton Wanderers,Manchester City,1,5,0.411857,3.39304
16593,2022-05-12 18:45:00,2021,Tottenham,Arsenal,3,0,3.42522,0.387446
16739,2022-05-15 11:00:00,2021,Tottenham,Burnley,1,0,2.39449,0.629888
16736,2022-05-15 13:00:00,2021,Wolverhampton Wanderers,Norwich,1,1,0.999066,1.53212
16737,2022-05-15 13:00:00,2021,West Ham,Manchester City,2,2,1.0088,2.14723
16738,2022-05-15 13:00:00,2021,Watford,Leicester,1,5,2.58968,2.27297
16743,2022-05-15 13:00:00,2021,Leeds,Brighton,1,1,2.22282,2.25898
16745,2022-05-15 13:00:00,2021,Aston Villa,Crystal Palace,1,1,0.799443,1.39009
16744,2022-05-15 15:30:00,2021,Everton,Brentford,2,3,2.69589,1.81626
16741,2022-05-16 19:00:00,2021,Newcastle United,Arsenal,2,0,1.68299,0.492454
16740,2022-05-17 18:45:00,2021,Southampton,Liverpool,1,2,0.121506,1.19178
16704,2022-05-19 18:45:00,2021,Everton,Crystal Palace,3,2,0.813157,1.6023
16546,2022-05-19 19:00:00,2021,Aston Villa,Burnley,1,1,0.996403,1.63117
16639,2022-05-19 19:00:00,2021,Chelsea,Leicester,1,1,1.61996,0.0417972
16755,2022-05-22 15:00:00,2021,Norwich,Tottenham,0,5,0.310789,3.815
16754,2022-05-22 15:00:00,2021,Manchester City,Aston Villa,3,2,3.3209,0.247841
16753,2022-05-22 15:00:00,2021,Liverpool,Wolverhampton Wanderers,3,1,3.19385,1.11708
16752,2022-05-22 15:00:00,2021,Leicester,Southampton,4,1,3.42058,1.05141
16751,2022-05-22 15:00:00,2021,Crystal Palace,Manchester United,1,0,0.354618,0.782005
16748,2022-05-22 15:00:00,2021,Brighton,West Ham,3,1,1.67774,0.268845
16749,2022-05-22 15:00:00,2021,Burnley,Newcastle United,1,2,1.49164,1.74291
16747,2022-05-22 15:00:00,2021,Brentford,Leeds,1,2,0.844985,1.47786
16746,2022-05-22 15:00:00,2021,Arsenal,Everton,5,1,4.35597,1.08601
16750,2022-05-22 15:00:00,2021,Chelsea,Watford,2,1,2.59231,0.575755
18202,2022-08-05 19:00:00,2022,Crystal Palace,Arsenal,0,2,1.20637,1.43601
18203,2022-08-06 11:30:00,2022,Fulham,Liverpool,2,2,1.26822,2.34111
18204,2022-08-06 14:00:00,2022,Bournemouth,Aston Villa,2,0,0.588341,0.488895
18205,2022-08-06 14:00:00,2022,Leeds,Wolverhampton Wanderers,2,1,0.88917,1.10119
18206,2022-08-06 14:00:00,2022,Newcastle United,Nottingham Forest,2,0,1.8591,0.235825
18207,2022-08-06 14:00:00,2022,Tottenham,Southampton,4,1,1.6172,0.386546
18208,2022-08-06 16:30:00,2022,Everton,Chelsea,0,1,0.541983,1.92315
18210,2022-08-07 13:00:00,2022,Leicester,Brentford,2,2,0.455695,0.931067
18209,2022-08-07 13:00:00,2022,Manchester United,Brighton,1,2,1.42103,1.7289
18211,2022-08-07 15:30:00,2022,West Ham,Manchester City,0,2,0.246188,2.58739
18212,2022-08-13 11:30:00,2022,Aston Villa,Everton,2,1,2.66696,1.37507
18213,2022-08-13 14:00:00,2022,Brighton,Newcastle United,0,0,1.60835,0.183952
18214,2022-08-13 14:00:00,2022,Manchester City,Bournemouth,4,0,1.69064,0.123946
18215,2022-08-13 14:00:00,2022,Southampton,Leeds,2,2,1.40906,1.99694
18216,2022-08-13 14:00:00,2022,Wolverhampton Wanderers,Fulham,0,0,0.975375,1.08813
18217,2022-08-13 14:00:00,2022,Arsenal,Leicester,4,2,3.0107,0.690679
18218,2022-08-13 16:30:00,2022,Brentford,Manchester United,4,0,1.38785,0.896038
18219,2022-08-14 13:00:00,2022,Nottingham Forest,West Ham,1,0,1.9717,2.08634
18220,2022-08-14 15:30:00,2022,Chelsea,Tottenham,2,2,1.83945,1.58708
18221,2022-08-15 19:00:00,2022,Liverpool,Crystal Palace,1,1,2.23596,1.64468
18222,2022-08-20 11:30:00,2022,Tottenham,Wolverhampton Wanderers,1,0,1.46608,0.686123
18226,2022-08-20 14:00:00,2022,Leicester,Southampton,1,2,0.242948,1.24155
18225,2022-08-20 14:00:00,2022,Fulham,Brentford,3,2,2.89934,1.59352
18224,2022-08-20 14:00:00,2022,Everton,Nottingham Forest,1,1,1.43408,0.918315
18223,2022-08-20 14:00:00,2022,Crystal Palace,Aston Villa,3,1,2.91137,0.803828
18227,2022-08-20 16:30:00,2022,Bournemouth,Arsenal,0,3,0.211335,1.71081
18228,2022-08-21 13:00:00,2022,Leeds,Chelsea,3,0,2.20971,0.692492
18229,2022-08-21 13:00:00,2022,West Ham,Brighton,0,2,0.768634,1.82645
18230,2022-08-21 15:30:00,2022,Newcastle United,Manchester City,3,3,2.2127,3.67382
18231,2022-08-22 19:00:00,2022,Manchester United,Liverpool,2,1,2.01764,1.52301
18232,2022-08-27 11:30:00,2022,Southampton,Manchester United,0,1,1.35887,1.34359
18233,2022-08-27 14:00:00,2022,Brentford,Everton,1,1,2.28391,1.65465
18234,2022-08-27 14:00:00,2022,Brighton,Leeds,1,0,1.60986,1.14874
18235,2022-08-27 14:00:00,2022,Chelsea,Leicester,2,1,1.74916,1.96023
18236,2022-08-27 14:00:00,2022,Liverpool,Bournemouth,9,0,4.86035,0.180991
18237,2022-08-27 14:00:00,2022,Manchester City,Crystal Palace,4,2,2.3853,0.091976
18238,2022-08-27 16:30:00,2022,Arsenal,Fulham,2,1,2.47427,0.926007
18239,2022-08-28 13:00:00,2022,Aston Villa,West Ham,0,1,0.304555,0.334589
18240,2022-08-28 13:00:00,2022,Wolverhampton Wanderers,Newcastle United,1,1,1.13248,1.93362
18241,2022-08-28 15:30:00,2022,Nottingham Forest,Tottenham,0,2,0.801369,2.44473
18242,2022-08-30 18:30:00,2022,Fulham,Brighton,2,1,1.07093,1.75359
18243,2022-08-30 18:30:00,2022,Crystal Palace,Brentford,1,1,0.777363,1.61808
18244,2022-08-30 18:45:00,2022,Southampton,Chelsea,2,1,1.44086,1.5047
18245,2022-08-30 19:00:00,2022,Leeds,Everton,1,1,1.04551,1.17189
18246,2022-08-31 18:30:00,2022,Manchester City,Nottingham Forest,6,0,3.83759,0.729752
18247,2022-08-31 18:30:00,2022,Arsenal,Aston Villa,2,1,2.79971,0.297168
18248,2022-08-31 18:30:00,2022,Bournemouth,Wolverhampton Wanderers,0,0,0.362035,1.53246
18249,2022-08-31 18:45:00,2022,West Ham,Tottenham,1,1,1.52267,0.723285
18250,2022-08-31 19:00:00,2022,Liverpool,Newcastle United,2,1,1.76119,0.643546
18251,2022-09-01 19:00:00,2022,Leicester,Manchester United,0,1,0.615266,1.09969
18252,2022-09-03 11:30:00,2022,Everton,Liverpool,0,0,1.39169,1.38617
18253,2022-09-03 14:00:00,2022,Newcastle United,Crystal Palace,0,0,2.90672,0.920595
18254,2022-09-03 14:00:00,2022,Nottingham Forest,Bournemouth,2,3,1.32895,0.905041
18255,2022-09-03 14:00:00,2022,Tottenham,Fulham,2,1,2.67823,0.381556
18256,2022-09-03 14:00:00,2022,Wolverhampton Wanderers,Southampton,1,0,1.10039,1.20838
18257,2022-09-03 14:00:00,2022,Brentford,Leeds,5,2,2.7485,1.796
18260,2022-09-03 14:00:00,2022,Chelsea,West Ham,2,1,0.707333,1.4196
18258,2022-09-03 16:30:00,2022,Aston Villa,Manchester City,1,1,0.279392,1.92143
18259,2022-09-04 13:00:00,2022,Brighton,Leicester,5,2,2.73166,1.06549
18261,2022-09-04 15:30:00,2022,Manchester United,Arsenal,3,1,2.02904,1.42238
18272,2022-09-16 19:00:00,2022,Aston Villa,Southampton,1,0,1.34365,0.218302
18273,2022-09-16 19:00:00,2022,Nottingham Forest,Fulham,2,3,1.41541,1.3496
18274,2022-09-17 11:30:00,2022,Wolverhampton Wanderers,Manchester City,0,3,0.310995,1.4242
18275,2022-09-17 14:00:00,2022,Newcastle United,Bournemouth,1,1,1.54758,0.976948
18278,2022-09-17 16:30:00,2022,Tottenham,Leicester,6,2,1.98619,1.59449
18280,2022-09-18 11:00:00,2022,Brentford,Arsenal,0,3,0.54011,1.32021
18277,2022-09-18 13:15:00,2022,Everton,West Ham,1,0,0.39773,0.655351
18282,2022-10-01 11:30:00,2022,Arsenal,Tottenham,3,1,2.48403,1.5027
18283,2022-10-01 14:00:00,2022,Bournemouth,Brentford,0,0,0.758128,1.046
18284,2022-10-01 14:00:00,2022,Crystal Palace,Chelsea,1,2,0.70987,1.25506
18285,2022-10-01 14:00:00,2022,Fulham,Newcastle United,1,4,0.683701,4.67198
18288,2022-10-01 14:00:00,2022,Liverpool,Brighton,3,3,2.1515,2.36567
18290,2022-10-01 14:00:00,2022,Southampton,Everton,1,2,1.95961,1.99979
18291,2022-10-01 16:30:00,2022,West Ham,Wolverhampton Wanderers,2,0,1.03934,0.575988
18289,2022-10-02 13:00:00,2022,Manchester City,Manchester United,6,3,3.01103,1.71335
18286,2022-10-02 15:30:00,2022,Leeds,Aston Villa,0,0,0.298626,1.89645
18287,2022-10-03 19:00:00,2022,Leicester,Nottingham Forest,4,0,1.2497,1.22169
18293,2022-10-08 14:00:00,2022,Bournemouth,Leicester,2,1,1.14891,1.18125
18295,2022-10-08 14:00:00,2022,Chelsea,Wolverhampton Wanderers,3,0,2.43092,0.748449
18298,2022-10-08 14:00:00,2022,Manchester City,Southampton,4,0,2.73536,0.101148
18299,2022-10-08 14:00:00,2022,Newcastle United,Brentford,5,1,2.44631,1.13466
18294,2022-10-08 16:30:00,2022,Brighton,Tottenham,0,1,0.899735,0.771641
18296,2022-10-09 13:00:00,2022,Crystal Palace,Leeds,2,1,1.65194,1.06564
18301,2022-10-09 13:00:00,2022,West Ham,Fulham,3,1,3.43676,0.549848
18292,2022-10-09 15:30:00,2022,Arsenal,Liverpool,3,2,2.81968,0.765151
18297,2022-10-09 18:00:00,2022,Everton,Manchester United,1,2,0.365844,1.82612
18300,2022-10-10 19:00:00,2022,Nottingham Forest,Aston Villa,1,1,0.221346,0.657187
18303,2022-10-14 19:00:00,2022,Brentford,Brighton,2,0,1.90636,2.15668
18306,2022-10-15 11:30:00,2022,Leicester,Crystal Palace,0,0,0.973426,0.346808
18304,2022-10-15 14:00:00,2022,Fulham,Bournemouth,2,2,1.61738,1.62829
18311,2022-10-15 14:00:00,2022,Wolverhampton Wanderers,Nottingham Forest,1,0,1.22368,1.24761
18310,2022-10-15 16:30:00,2022,Tottenham,Everton,2,0,2.49409,0.560039
18302,2022-10-16 13:00:00,2022,Aston Villa,Chelsea,0,2,2.44542,1.23643
18305,2022-10-16 13:00:00,2022,Leeds,Arsenal,0,1,2.02232,0.821757
18308,2022-10-16 13:00:00,2022,Manchester United,Newcastle United,0,0,1.41606,0.78815
18309,2022-10-16 13:00:00,2022,Southampton,West Ham,1,1,0.524479,1.70727
18307,2022-10-16 15:30:00,2022,Liverpool,Manchester City,1,0,1.9992,0.911493
18315,2022-10-18 18:30:00,2022,Brighton,Nottingham Forest,0,0,2.10188,0.195003
18318,2022-10-18 19:15:00,2022,Crystal Palace,Wolverhampton Wanderers,2,1,1.25617,0.857837
18313,2022-10-19 18:30:00,2022,Bournemouth,Southampton,0,1,0.810452,1.23878
18314,2022-10-19 18:30:00,2022,Brentford,Chelsea,0,0,1.45228,0.557405
18319,2022-10-19 18:30:00,2022,Newcastle United,Everton,1,0,1.13393,0.0609567
18320,2022-10-19 18:30:00,2022,Liverpool,West Ham,1,0,2.24066,2.48649
18321,2022-10-19 19:15:00,2022,Manchester United,Tottenham,2,0,1.70973,0.658526
18316,2022-10-20 18:30:00,2022,Fulham,Aston Villa,3,0,2.892,0.711487
18317,2022-10-20 19:15:00,2022,Leicester,Leeds,2,0,0.655249,1.19464
18327,2022-10-22 11:30:00,2022,Nottingham Forest,Liverpool,1,0,2.50163,2.19752
18324,2022-10-22 14:00:00,2022,Everton,Crystal Palace,3,0,1.93396,0.597167
18326,2022-10-22 14:00:00,2022,Manchester City,Brighton,3,1,1.86239,0.52863
18323,2022-10-22 15:30:00,2022,Chelsea,Manchester United,1,1,1.20238,0.730935
18331,2022-10-23 13:00:00,2022,Wolverhampton Wanderers,Leicester,0,4,1.61785,0.989075
18328,2022-10-23 13:00:00,2022,Southampton,Arsenal,1,1,0.622653,1.57897
18322,2022-10-23 13:00:00,2022,Aston Villa,Brentford,4,0,3.45617,1.00462
18325,2022-10-23 13:00:00,2022,Leeds,Fulham,2,3,1.96384,2.47512
18329,2022-10-23 15:30:00,2022,Tottenham,Newcastle United,1,2,1.56513,1.1294
18330,2022-10-24 19:00:00,2022,West Ham,Bournemouth,2,0,1.97715,0.730443
18338,2022-10-29 11:30:00,2022,Leicester,Manchester City,0,1,0.693597,0.703827
18333,2022-10-29 14:00:00,2022,Bournemouth,Tottenham,2,3,0.887533,2.1946
18334,2022-10-29 14:00:00,2022,Brentford,Wolverhampton Wanderers,1,1,1.29257,0.557605
18335,2022-10-29 14:00:00,2022,Brighton,Chelsea,4,1,2.881,1.07554
18336,2022-10-29 14:00:00,2022,Crystal Palace,Southampton,1,0,1.00384,1.35803
18341,2022-10-29 14:00:00,2022,Newcastle United,Aston Villa,4,0,4.18808,0.270814
18337,2022-10-29 16:30:00,2022,Fulham,Everton,0,0,1.76438,1.19166
18339,2022-10-29 18:45:00,2022,Liverpool,Leeds,1,2,1.90889,1.61271
18332,2022-10-30 14:00:00,2022,Arsenal,Nottingham Forest,5,0,3.00699,0.206127
18340,2022-10-30 16:15:00,2022,Manchester United,West Ham,1,0,1.7514,1.00033
18345,2022-11-05 15:00:00,2022,Leeds,Bournemouth,4,3,2.22532,1.55594
18346,2022-11-05 15:00:00,2022,Manchester City,Fulham,2,1,2.39332,0.843884
18347,2022-11-05 15:00:00,2022,Nottingham Forest,Brentford,2,2,1.29696,1.2204
18351,2022-11-05 15:00:00,2022,Wolverhampton Wanderers,Brighton,2,3,1.29252,1.87375
18344,2022-11-05 17:30:00,2022,Everton,Leicester,0,2,1.3729,2.2679
18343,2022-11-06 12:00:00,2022,Chelsea,Arsenal,0,1,0.278815,2.37846
18342,2022-11-06 14:00:00,2022,Aston Villa,Manchester United,3,1,0.578563,0.517189
18348,2022-11-06 14:00:00,2022,Southampton,Newcastle United,1,4,1.65228,1.42101
18350,2022-11-06 14:00:00,2022,West Ham,Crystal Palace,1,2,0.192579,1.03344
18349,2022-11-06 16:30:00,2022,Tottenham,Liverpool,1,2,1.81736,1.46548
18356,2022-11-12 12:30:00,2022,Manchester City,Brentford,1,2,1.605,3.29012
18360,2022-11-12 15:00:00,2022,West Ham,Leicester,0,2,0.720721,1.60566
18359,2022-11-12 15:00:00,2022,Tottenham,Leeds,4,3,2.58046,1.71731
18358,2022-11-12 15:00:00,2022,Nottingham Forest,Crystal Palace,1,0,1.23752,1.14552
18355,2022-11-12 15:00:00,2022,Liverpool,Southampton,3,1,2.74418,1.43427
18352,2022-11-12 15:00:00,2022,Bournemouth,Everton,3,0,2.45642,0.768756
18357,2022-11-12 17:30:00,2022,Newcastle United,Chelsea,1,0,1.3601,0.359105
18361,2022-11-12 19:45:00,2022,Wolverhampton Wanderers,Arsenal,0,2,0.512339,2.27996
18353,2022-11-13 14:00:00,2022,Brighton,Aston Villa,1,2,0.829107,1.15437
18354,2022-11-13 16:30:00,2022,Fulham,Manchester United,1,2,1.70218,3.37664
18364,2022-12-26 12:30:00,2022,Brentford,Tottenham,2,2,2.25263,0.883787
18366,2022-12-26 15:00:00,2022,Crystal Palace,Fulham,0,3,0.421754,2.69927
18367,2022-12-26 15:00:00,2022,Everton,Wolverhampton Wanderers,1,2,1.22653,1.22076
18369,2022-12-26 15:00:00,2022,Leicester,Newcastle United,0,3,0.31099,1.76382
18371,2022-12-26 15:00:00,2022,Southampton,Brighton,1,3,1.70709,1.00714
18363,2022-12-26 17:30:00,2022,Aston Villa,Liverpool,1,3,1.69155,3.50694
18362,2022-12-26 20:00:00,2022,Arsenal,West Ham,3,1,1.88828,1.02652
18365,2022-12-27 17:30:00,2022,Chelsea,Bournemouth,2,0,1.91378,0.44307
18370,2022-12-27 20:00:00,2022,Manchester United,Nottingham Forest,3,0,2.13668,0.477076
18368,2022-12-28 20:00:00,2022,Leeds,Manchester City,1,3,0.603751,4.16249
18380,2022-12-30 19:45:00,2022,West Ham,Brentford,0,2,1.13979,1.51436
18375,2022-12-30 20:00:00,2022,Liverpool,Leicester,2,1,2.02463,0.863312
18381,2022-12-31 12:30:00,2022,Wolverhampton Wanderers,Manchester United,0,1,0.587672,2.44728
18372,2022-12-31 15:00:00,2022,Bournemouth,Crystal Palace,0,2,0.895819,1.75264
18374,2022-12-31 15:00:00,2022,Fulham,Southampton,2,1,1.49305,0.698711
18376,2022-12-31 15:00:00,2022,Manchester City,Everton,1,1,2.36333,0.0760019
18377,2022-12-31 15:00:00,2022,Newcastle United,Leeds,0,0,2.78846,0.517099
18373,2022-12-31 17:30:00,2022,Brighton,Arsenal,2,4,1.15663,3.22106
18379,2023-01-01 14:00:00,2022,Tottenham,Aston Villa,0,2,0.569383,1.21733
18378,2023-01-01 16:30:00,2022,Nottingham Forest,Chelsea,1,1,0.985219,1.37305
18384,2023-01-02 17:30:00,2022,Brentford,Liverpool,3,1,2.0991,2.10461
18387,2023-01-03 19:45:00,2022,Everton,Brighton,1,4,1.16896,2.50731
18389,2023-01-03 19:45:00,2022,Leicester,Fulham,0,1,1.45221,1.33493
18382,2023-01-03 19:45:00,2022,Arsenal,Newcastle United,0,0,0.970637,0.959523
18390,2023-01-03 20:00:00,2022,Manchester United,Bournemouth,3,0,2.97383,0.679022
18391,2023-01-04 19:30:00,2022,Southampton,Nottingham Forest,0,1,0.62937,1.22324
18388,2023-01-04 19:45:00,2022,Leeds,West Ham,2,2,1.2577,1.29245
18383,2023-01-04 20:00:00,2022,Aston Villa,Wolverhampton Wanderers,1,1,1.03226,0.832522
18386,2023-01-04 20:00:00,2022,Crystal Palace,Tottenham,0,4,0.787525,1.66514
18385,2023-01-05 20:00:00,2022,Chelsea,Manchester City,0,1,0.493576,1.71972
18262,2023-01-12 19:00:00,2022,Fulham,Chelsea,2,1,0.711266,2.39911
18392,2023-01-13 20:00:00,2022,Aston Villa,Leeds,2,1,1.64599,2.46295
18397,2023-01-14 12:30:00,2022,Manchester United,Manchester City,2,1,1.98228,0.73695
18401,2023-01-14 15:00:00,2022,Wolverhampton Wanderers,West Ham,1,0,0.806232,0.735105
18394,2023-01-14 15:00:00,2022,Brighton,Liverpool,3,0,2.40062,1.28853
18396,2023-01-14 15:00:00,2022,Everton,Southampton,1,2,1.18191,1.08412
18399,2023-01-14 15:00:00,2022,Nottingham Forest,Leicester,2,0,1.75313,0.803421
18393,2023-01-14 17:30:00,2022,Brentford,Bournemouth,2,0,1.29815,0.269283
18398,2023-01-15 14:00:00,2022,Newcastle United,Fulham,1,0,1.96256,0.989872
18395,2023-01-15 14:00:00,2022,Chelsea,Crystal Palace,1,0,2.12987,0.837366
18400,2023-01-15 16:30:00,2022,Tottenham,Arsenal,0,2,1.71032,2.04232
18270,2023-01-18 15:30:00,2022,Crystal Palace,Manchester United,1,1,0.413339,1.39437
18267,2023-01-19 19:00:00,2022,Manchester City,Tottenham,4,2,2.34166,1.16499
18408,2023-01-21 12:30:00,2022,Liverpool,Chelsea,0,0,1.30125,1.84467
18403,2023-01-21 15:00:00,2022,Bournemouth,Nottingham Forest,1,1,1.80549,1.57544
18407,2023-01-21 15:00:00,2022,Leicester,Brighton,2,2,1.35941,1.94491
18410,2023-01-21 15:00:00,2022,Southampton,Aston Villa,0,1,0.672444,1.16432
18411,2023-01-21 15:00:00,2022,West Ham,Everton,2,0,2.46879,0.286826
18404,2023-01-21 17:30:00,2022,Crystal Palace,Newcastle United,0,0,0.333154,1.44384
18406,2023-01-22 14:00:00,2022,Leeds,Brentford,0,0,0.374736,0.17114
18409,2023-01-22 14:00:00,2022,Manchester City,Wolverhampton Wanderers,3,0,3.32757,0.469277
18402,2023-01-22 16:30:00,2022,Arsenal,Manchester United,3,2,2.90273,0.272246
18405,2023-01-23 20:00:00,2022,Fulham,Tottenham,0,1,1.09339,0.993805
18415,2023-02-03 20:00:00,2022,Chelsea,Fulham,0,0,1.41471,0.493341
18416,2023-02-04 12:30:00,2022,Everton,Arsenal,1,0,2.09191,0.690102
18412,2023-02-04 15:00:00,2022,Aston Villa,Leicester,2,4,1.4989,2.49784
18413,2023-02-04 15:00:00,2022,Brentford,Southampton,3,0,2.36747,0.644385
18414,2023-02-04 15:00:00,2022,Brighton,Bournemouth,1,0,2.55696,0.908298
18417,2023-02-04 15:00:00,2022,Manchester United,Crystal Palace,2,1,2.07035,1.3798
18421,2023-02-04 15:00:00,2022,Wolverhampton Wanderers,Liverpool,3,0,2.63328,1.30193
18418,2023-02-04 17:30:00,2022,Newcastle United,West Ham,1,1,1.22883,1.27831
18419,2023-02-05 14:00:00,2022,Nottingham Forest,Leeds,1,0,0.3325,1.12331
18420,2023-02-05 16:30:00,2022,Tottenham,Manchester City,1,0,1.42168,0.773747
18279,2023-02-08 19:00:00,2022,Manchester United,Leeds,2,2,2.00007,0.554798
18431,2023-02-11 12:30:00,2022,West Ham,Chelsea,1,1,1.07615,0.900465
18427,2023-02-11 15:00:00,2022,Leicester,Tottenham,4,1,1.41208,1.11709
18425,2023-02-11 15:00:00,2022,Fulham,Nottingham Forest,2,0,1.69704,0.686824
18430,2023-02-11 15:00:00,2022,Southampton,Wolverhampton Wanderers,1,2,1.30203,0.615651
18422,2023-02-11 15:00:00,2022,Arsenal,Brentford,1,1,1.36738,2.17538
18424,2023-02-11 15:00:00,2022,Crystal Palace,Brighton,1,1,0.928279,2.64981
18423,2023-02-11 17:30:00,2022,Bournemouth,Newcastle United,1,1,1.54458,1.54853
18426,2023-02-12 14:00:00,2022,Leeds,Manchester United,0,2,1.89163,1.30375
18429,2023-02-12 16:30:00,2022,Manchester City,Aston Villa,3,1,3.60987,0.275348
18428,2023-02-13 20:00:00,2022,Liverpool,Everton,2,0,2.23291,0.402331
18312,2023-02-15 18:30:00,2022,Arsenal,Manchester City,1,3,1.70139,2.00841
18432,2023-02-18 12:30:00,2022,Aston Villa,Arsenal,2,4,0.335752,2.85981
18433,2023-02-18 15:00:00,2022,Brentford,Crystal Palace,1,1,0.610105,1.12202
18434,2023-02-18 15:00:00,2022,Brighton,Fulham,0,1,2.71375,0.224214
18435,2023-02-18 15:00:00,2022,Chelsea,Southampton,0,1,1.61723,0.619532
18436,2023-02-18 15:00:00,2022,Everton,Leeds,1,0,1.53811,0.597403
18439,2023-02-18 15:00:00,2022,Nottingham Forest,Manchester City,1,1,1.12735,2.80966
18441,2023-02-18 15:00:00,2022,Wolverhampton Wanderers,Bournemouth,0,1,0.911415,1.15274
18438,2023-02-18 17:30:00,2022,Newcastle United,Liverpool,0,2,1.74852,2.16549
18437,2023-02-19 14:00:00,2022,Manchester United,Leicester,3,0,4.24663,1.39678
18440,2023-02-19 16:30:00,2022,Tottenham,West Ham,2,0,1.43042,0.365173
18445,2023-02-24 20:00:00,2022,Fulham,Wolverhampton Wanderers,1,1,0.913133,0.997097
18444,2023-02-25 15:00:00,2022,Everton,Aston Villa,0,2,1.54109,2.06037
18446,2023-02-25 15:00:00,2022,Leeds,Southampton,1,0,0.720048,0.391128
18447,2023-02-25 15:00:00,2022,Leicester,Arsenal,0,1,0.0203463,0.722059
18451,2023-02-25 15:00:00,2022,West Ham,Nottingham Forest,4,0,3.05032,0.350849
18442,2023-02-25 17:30:00,2022,Bournemouth,Manchester City,1,4,1.08527,2.98206
18443,2023-02-25 19:45:00,2022,Crystal Palace,Liverpool,0,0,0.989086,1.35123
18450,2023-02-26 13:30:00,2022,Tottenham,Chelsea,2,0,0.926313,0.262281
18264,2023-03-01 20:00:00,2022,Liverpool,Wolverhampton Wanderers,2,0,2.70191,0.78681
18269,2023-03-01 20:00:00,2022,Arsenal,Everton,4,0,3.06919,1.604
18458,2023-03-04 12:30:00,2022,Manchester City,Newcastle United,2,0,1.34144,0.359809
18456,2023-03-04 15:00:00,2022,Chelsea,Leeds,1,0,1.8678,0.633995
18455,2023-03-04 15:00:00,2022,Brighton,West Ham,4,0,3.49993,0.250045
18461,2023-03-04 15:00:00,2022,Wolverhampton Wanderers,Tottenham,1,0,0.562477,1.25588
18452,2023-03-04 15:00:00,2022,Arsenal,Bournemouth,3,2,2.46279,1.74267
18453,2023-03-04 15:00:00,2022,Aston Villa,Crystal Palace,1,0,0.890605,0.152761
18460,2023-03-04 17:30:00,2022,Southampton,Leicester,1,0,1.34332,1.67051
18459,2023-03-05 14:00:00,2022,Nottingham Forest,Everton,2,2,0.799733,1.70877
18457,2023-03-05 16:30:00,2022,Liverpool,Manchester United,7,0,3.44269,0.837542
18454,2023-03-06 20:00:00,2022,Brentford,Fulham,3,2,2.44358,1.67531
18462,2023-03-11 12:30:00,2022,Bournemouth,Liverpool,1,0,1.10128,2.13465
18464,2023-03-11 15:00:00,2022,Everton,Brentford,1,0,1.71599,1.95088
18466,2023-03-11 15:00:00,2022,Leeds,Brighton,2,2,0.596738,1.51388
18467,2023-03-11 15:00:00,2022,Leicester,Chelsea,1,3,2.36139,1.49478
18470,2023-03-11 15:00:00,2022,Tottenham,Nottingham Forest,3,1,1.73482,1.62805
18463,2023-03-11 17:30:00,2022,Crystal Palace,Manchester City,0,1,0.185498,2.1884
18471,2023-03-12 14:00:00,2022,West Ham,Aston Villa,1,1,2.14634,1.99139
18468,2023-03-12 14:00:00,2022,Manchester United,Southampton,0,0,0.910911,1.18053
18465,2023-03-12 14:00:00,2022,Fulham,Arsenal,0,3,0.61832,2.64355
18469,2023-03-12 16:30:00,2022,Newcastle United,Wolverhampton Wanderers,2,1,2.45527,0.709895
18265,2023-03-15 19:30:00,2022,Southampton,Brentford,0,2,0.358977,1.66591
18276,2023-03-15 19:30:00,2022,Brighton,Crystal Palace,1,0,0.588727,1.21452
18479,2023-03-17 20:00:00,2022,Nottingham Forest,Newcastle United,1,2,0.531985,2.50027
18473,2023-03-18 15:00:00,2022,Aston Villa,Bournemouth,3,0,3.45474,0.50014
18474,2023-03-18 15:00:00,2022,Brentford,Leicester,1,1,0.476467,1.42133
18480,2023-03-18 15:00:00,2022,Southampton,Tottenham,3,3,2.52077,1.88473
18481,2023-03-18 15:00:00,2022,Wolverhampton Wanderers,Leeds,2,4,2.76358,1.6549
18476,2023-03-18 17:30:00,2022,Chelsea,Everton,2,2,1.90027,1.64675
18472,2023-03-19 14:00:00,2022,Arsenal,Crystal Palace,4,1,1.53568,1.19194
18488,2023-04-01 11:30:00,2022,Manchester City,Liverpool,4,1,3.01243,0.318171
18486,2023-04-01 14:00:00,2022,Crystal Palace,Leicester,2,1,1.93471,0.198959
18484,2023-04-01 14:00:00,2022,Brighton,Brentford,3,3,3.8195,1.2788
18490,2023-04-01 14:00:00,2022,Nottingham Forest,Wolverhampton Wanderers,1,1,1.11441,0.383739
18482,2023-04-01 14:00:00,2022,Arsenal,Leeds,4,1,3.29548,0.497609
18483,2023-04-01 14:00:00,2022,Bournemouth,Fulham,2,1,3.14054,0.601049
18485,2023-04-01 16:30:00,2022,Chelsea,Aston Villa,0,2,2.38024,0.765794
18491,2023-04-02 13:00:00,2022,West Ham,Southampton,1,0,1.40363,0.318261
18489,2023-04-02 15:30:00,2022,Newcastle United,Manchester United,2,0,3.33162,0.334127
18487,2023-04-03 19:00:00,2022,Everton,Tottenham,1,1,0.823365,1.39177
18263,2023-04-04 18:45:00,2022,Leicester,Aston Villa,1,2,0.671597,1.00159
18266,2023-04-04 18:45:00,2022,Bournemouth,Brighton,0,2,1.15322,2.63392
18271,2023-04-04 18:45:00,2022,Leeds,Nottingham Forest,2,1,2.43248,0.613917
18281,2023-04-04 19:00:00,2022,Chelsea,Liverpool,0,0,2.18903,0.202217
18268,2023-04-05 19:00:00,2022,West Ham,Newcastle United,1,5,0.83342,2.84091
18448,2023-04-05 19:00:00,2022,Manchester United,Brentford,1,0,1.1445,0.64499
18498,2023-04-08 11:30:00,2022,Manchester United,Everton,2,0,4.38578,0.949183
18501,2023-04-08 14:00:00,2022,Wolverhampton Wanderers,Chelsea,1,0,0.601153,0.815308
18500,2023-04-08 14:00:00,2022,Tottenham,Brighton,2,1,0.594139,1.47549
18496,2023-04-08 14:00:00,2022,Leicester,Bournemouth,0,1,0.731965,1.92396
18494,2023-04-08 14:00:00,2022,Fulham,West Ham,0,1,0.456524,1.23261
18492,2023-04-08 14:00:00,2022,Aston Villa,Nottingham Forest,2,0,1.42718,0.232452
18493,2023-04-08 14:00:00,2022,Brentford,Newcastle United,1,2,2.06521,1.02337
18499,2023-04-08 16:30:00,2022,Southampton,Manchester City,1,4,0.492801,3.05999
18495,2023-04-09 13:00:00,2022,Leeds,Crystal Palace,1,5,1.02075,3.22687
18497,2023-04-09 15:30:00,2022,Liverpool,Arsenal,2,2,4.64012,1.53631
18502,2023-04-15 11:30:00,2022,Aston Villa,Newcastle United,3,0,1.91802,0.425086
18503,2023-04-15 14:00:00,2022,Chelsea,Brighton,1,2,0.46331,2.52107
18504,2023-04-15 14:00:00,2022,Everton,Fulham,1,3,2.24262,1.92209
18508,2023-04-15 14:00:00,2022,Southampton,Crystal Palace,0,2,0.678449,0.86306
18509,2023-04-15 14:00:00,2022,Tottenham,Bournemouth,2,3,2.30604,1.20598
18511,2023-04-15 14:00:00,2022,Wolverhampton Wanderers,Brentford,2,0,0.93912,1.5133
18506,2023-04-15 16:30:00,2022,Manchester City,Leicester,3,1,1.60702,1.92692
18510,2023-04-16 13:00:00,2022,West Ham,Arsenal,2,2,1.96095,2.71782
18507,2023-04-16 15:30:00,2022,Nottingham Forest,Manchester United,0,2,1.05289,3.33747
18505,2023-04-17 19:00:00,2022,Leeds,Liverpool,1,6,1.16748,2.65476
18512,2023-04-21 19:00:00,2022,Arsenal,Southampton,3,3,2.39609,1.43063
18517,2023-04-22 11:30:00,2022,Fulham,Leeds,2,1,1.43763,1.07482
18514,2023-04-22 14:00:00,2022,Brentford,Aston Villa,1,1,2.03162,1.66602
18516,2023-04-22 14:00:00,2022,Crystal Palace,Everton,0,0,0.368137,0.433712
18518,2023-04-22 14:00:00,2022,Leicester,Wolverhampton Wanderers,2,1,2.66929,0.59626
18519,2023-04-22 14:00:00,2022,Liverpool,Nottingham Forest,3,2,3.32745,0.724666
18513,2023-04-23 13:00:00,2022,Bournemouth,West Ham,0,4,0.974687,2.52322
18521,2023-04-23 13:00:00,2022,Newcastle United,Tottenham,6,1,3.98532,0.883001
18527,2023-04-25 18:30:00,2022,Wolverhampton Wanderers,Crystal Palace,2,0,1.12829,0.580294
18528,2023-04-25 18:45:00,2022,Aston Villa,Fulham,1,0,0.839159,0.079864
18523,2023-04-25 19:00:00,2022,Leeds,Leicester,1,1,2.09645,2.08594
18524,2023-04-26 18:30:00,2022,Nottingham Forest,Brighton,3,1,2.43846,2.33064
18526,2023-04-26 18:45:00,2022,West Ham,Liverpool,1,2,0.939348,1.7045
18529,2023-04-26 18:45:00,2022,Chelsea,Brentford,0,2,1.21124,0.695344
18531,2023-04-26 19:00:00,2022,Manchester City,Arsenal,4,1,2.01168,0.398372
18522,2023-04-27 18:45:00,2022,Everton,Newcastle United,1,4,0.777008,2.86368
18530,2023-04-27 18:45:00,2022,Southampton,Bournemouth,0,1,0.477034,0.988554
18525,2023-04-27 19:15:00,2022,Tottenham,Manchester United,2,2,2.37239,1.96508
18536,2023-04-29 11:30:00,2022,Crystal Palace,West Ham,4,3,2.31888,1.98262
18534,2023-04-29 14:00:00,2022,Brentford,Nottingham Forest,2,1,1.32059,0.939693
18535,2023-04-29 14:00:00,2022,Brighton,Wolverhampton Wanderers,6,0,3.60471,0.603985
18533,2023-04-30 13:00:00,2022,Bournemouth,Leeds,4,1,2.51723,1.33691
18537,2023-04-30 13:00:00,2022,Fulham,Manchester City,1,2,0.431813,2.32338
18540,2023-04-30 13:00:00,2022,Manchester United,Aston Villa,1,0,1.3056,0.434738
18541,2023-04-30 13:00:00,2022,Newcastle United,Southampton,3,1,3.91457,0.897175
18539,2023-04-30 15:30:00,2022,Liverpool,Tottenham,4,3,2.42911,1.44927
18538,2023-05-01 19:00:00,2022,Leicester,Everton,2,2,3.32486,3.28648
18532,2023-05-02 19:00:00,2022,Arsenal,Chelsea,3,1,2.7832,0.785202
18478,2023-05-03 19:00:00,2022,Manchester City,West Ham,3,0,2.99908,0.492075
18477,2023-05-03 19:00:00,2022,Liverpool,Fulham,1,0,1.67372,0.740125
18475,2023-05-04 19:00:00,2022,Brighton,Manchester United,1,0,2.09953,1.32105
18542,2023-05-06 14:00:00,2022,Bournemouth,Chelsea,1,3,1.21755,1.76852
18546,2023-05-06 14:00:00,2022,Manchester City,Leeds,2,1,2.83472,0.140924
18549,2023-05-06 14:00:00,2022,Tottenham,Crystal Palace,1,0,1.15665,0.306669
18551,2023-05-06 14:00:00,2022,Wolverhampton Wanderers,Aston Villa,1,0,0.80605,1.50158
18545,2023-05-06 16:30:00,2022,Liverpool,Brentford,1,0,1.992,0.183892
18547,2023-05-07 15:30:00,2022,Newcastle United,Arsenal,0,2,1.37224,1.29061
18550,2023-05-07 18:00:00,2022,West Ham,Manchester United,1,0,1.76618,1.1942
18544,2023-05-08 14:00:00,2022,Fulham,Leicester,5,3,1.75276,2.92566
18543,2023-05-08 16:30:00,2022,Brighton,Everton,1,5,3.23717,2.94223
18548,2023-05-08 19:00:00,2022,Nottingham Forest,Southampton,4,3,1.91326,3.31096
18558,2023-05-13 11:30:00,2022,Leeds,Newcastle United,2,2,2.01567,2.35118
18555,2023-05-13 14:00:00,2022,Chelsea,Nottingham Forest,2,2,0.999181,1.96797
18561,2023-05-13 14:00:00,2022,Southampton,Fulham,0,2,0.149649,1.27085
18560,2023-05-13 14:00:00,2022,Manchester United,Wolverhampton Wanderers,2,0,3.10118,0.268789
18553,2023-05-13 14:00:00,2022,Aston Villa,Tottenham,2,1,1.79987,1.18505
18556,2023-05-13 14:00:00,2022,Crystal Palace,Bournemouth,2,0,1.40237,0.262022
18554,2023-05-14 13:00:00,2022,Brentford,West Ham,2,0,4.42571,0.203312
18557,2023-05-14 13:00:00,2022,Everton,Manchester City,0,3,1.18597,1.04338
18552,2023-05-14 15:30:00,2022,Arsenal,Brighton,0,3,0.958651,2.21276
18559,2023-05-15 19:00:00,2022,Leicester,Liverpool,0,3,0.527496,1.77085
18449,2023-05-18 18:30:00,2022,Newcastle United,Brighton,4,1,4.11359,0.593493
18569,2023-05-20 11:30:00,2022,Tottenham,Brentford,1,3,1.61667,1.15344
18565,2023-05-20 14:00:00,2022,Liverpool,Aston Villa,1,1,0.918508,1.46948
18562,2023-05-20 14:00:00,2022,Bournemouth,Manchester United,0,1,0.815723,1.71783
18564,2023-05-20 14:00:00,2022,Fulham,Crystal Palace,2,2,1.95519,1.70785
18571,2023-05-20 14:00:00,2022,Wolverhampton Wanderers,Everton,1,1,1.28976,2.46976
18568,2023-05-20 16:30:00,2022,Nottingham Forest,Arsenal,1,0,1.1397,0.4902
18570,2023-05-21 12:30:00,2022,West Ham,Leeds,3,1,2.48001,0.645828
18563,2023-05-21 13:00:00,2022,Brighton,Southampton,3,1,2.41418,0.863659
18566,2023-05-21 15:00:00,2022,Manchester City,Chelsea,1,0,1.20557,1.15648
18567,2023-05-22 19:00:00,2022,Newcastle United,Leicester,0,0,2.05089,0.0839072
18515,2023-05-24 19:00:00,2022,Brighton,Manchester City,1,1,2.11486,1.92973
18520,2023-05-25 19:00:00,2022,Manchester United,Chelsea,4,1,4.92231,1.68364
18572,2023-05-28 15:30:00,2022,Arsenal,Wolverhampton Wanderers,5,0,3.02466,0.38772
18573,2023-05-28 15:30:00,2022,Aston Villa,Brighton,2,1,2.55845,1.23117
18574,2023-05-28 15:30:00,2022,Brentford,Manchester City,1,0,1.43893,1.18649
18575,2023-05-28 15:30:00,2022,Chelsea,Newcastle United,1,1,2.01924,1.51899
18576,2023-05-28 15:30:00,2022,Crystal Palace,Nottingham Forest,1,1,1.00786,0.436439
18577,2023-05-28 15:30:00,2022,Everton,Bournemouth,1,0,1.12933,0.432084
18578,2023-05-28 15:30:00,2022,Leeds,Tottenham,1,4,1.19151,2.03315
18579,2023-05-28 15:30:00,2022,Leicester,West Ham,2,1,2.03013,0.970352
18580,2023-05-28 15:30:00,2022,Manchester United,Fulham,2,1,2.74766,1.88167
18581,2023-05-28 15:30:00,2022,Southampton,Liverpool,4,4,1.33964,4.00345
22275,2023-08-11 19:00:00,2023,Burnley,Manchester City,0,3,0.311032,2.40074
22276,2023-08-12 11:30:00,2023,Arsenal,Nottingham Forest,2,1,0.84262,0.966305
22277,2023-08-12 14:00:00,2023,Bournemouth,West Ham,1,1,1.51025,1.4834
22278,2023-08-12 14:00:00,2023,Brighton,Luton,4,1,4.36748,1.88594
22279,2023-08-12 14:00:00,2023,Everton,Fulham,0,1,2.59001,1.58144
22280,2023-08-12 14:00:00,2023,Sheffield United,Crystal Palace,0,1,0.422704,2.27616
22281,2023-08-12 16:30:00,2023,Newcastle United,Aston Villa,5,1,4.32208,1.486
22282,2023-08-13 13:00:00,2023,Brentford,Tottenham,2,2,1.90756,1.45316
22283,2023-08-13 15:30:00,2023,Chelsea,Liverpool,1,1,1.93258,1.29994
22284,2023-08-14 19:00:00,2023,Manchester United,Wolverhampton Wanderers,1,0,1.97087,1.72228
22285,2023-08-18 18:45:00,2023,Nottingham Forest,Sheffield United,2,1,1.37181,0.551038
22286,2023-08-19 14:00:00,2023,Wolverhampton Wanderers,Brighton,1,4,2.68821,3.15562
22287,2023-08-19 14:00:00,2023,Fulham,Brentford,0,3,0.399899,3.46888
22288,2023-08-19 14:00:00,2023,Liverpool,Bournemouth,3,1,3.25448,1.3867
22290,2023-08-19 16:30:00,2023,Tottenham,Manchester United,2,0,2.53904,2.44604
22291,2023-08-19 19:00:00,2023,Manchester City,Newcastle United,1,0,1.22528,0.257154
22292,2023-08-20 13:00:00,2023,Aston Villa,Everton,4,0,3.24336,0.721465
22293,2023-08-20 15:30:00,2023,West Ham,Chelsea,3,1,1.71234,1.60916
22294,2023-08-21 19:00:00,2023,Crystal Palace,Arsenal,0,1,1.06916,2.20593
22295,2023-08-25 19:00:00,2023,Chelsea,Luton,3,0,3.41419,0.465741
22296,2023-08-26 11:30:00,2023,Bournemouth,Tottenham,0,2,0.483582,2.26115
22297,2023-08-26 14:00:00,2023,Arsenal,Fulham,2,2,3.23088,0.849817
22298,2023-08-26 14:00:00,2023,Brentford,Crystal Palace,1,1,0.948011,1.06061
22299,2023-08-26 14:00:00,2023,Everton,Wolverhampton Wanderers,0,1,1.89792,1.40228
22300,2023-08-26 14:00:00,2023,Manchester United,Nottingham Forest,3,2,3.02803,0.960354
22301,2023-08-26 16:30:00,2023,Brighton,West Ham,1,3,1.3743,2.9527
22302,2023-08-27 13:00:00,2023,Burnley,Aston Villa,1,3,0.630605,2.83691
22303,2023-08-27 13:00:00,2023,Sheffield United,Manchester City,1,2,0.762232,3.84804
22304,2023-08-27 15:30:00,2023,Newcastle United,Liverpool,1,2,1.62037,0.856121
21925,2023-09-01 19:00:00,2023,Luton,West Ham,1,2,2.02244,1.22528
21926,2023-09-02 11:30:00,2023,Sheffield United,Everton,2,2,1.575,2.73871
21927,2023-09-02 14:00:00,2023,Manchester City,Fulham,5,1,2.00152,1.46427
21928,2023-09-02 14:00:00,2023,Brentford,Bournemouth,2,2,3.07185,2.11013
21929,2023-09-02 14:00:00,2023,Burnley,Tottenham,2,5,1.66604,2.39785
21930,2023-09-02 14:00:00,2023,Chelsea,Nottingham Forest,0,1,2.28442,1.1505
21931,2023-09-02 16:30:00,2023,Brighton,Newcastle United,3,1,1.32258,0.90476
21932,2023-09-03 13:00:00,2023,Crystal Palace,Wolverhampton Wanderers,3,2,2.32935,1.13911
21933,2023-09-03 13:00:00,2023,Liverpool,Aston Villa,3,0,2.73138,0.615503
21934,2023-09-03 15:30:00,2023,Arsenal,Manchester United,3,1,1.90973,0.966109
21935,2023-09-16 11:30:00,2023,Wolverhampton Wanderers,Liverpool,1,3,0.538833,2.82701
21936,2023-09-16 14:00:00,2023,Tottenham,Sheffield United,2,1,2.15909,0.790655
21937,2023-09-16 14:00:00,2023,West Ham,Manchester City,1,3,0.895632,4.15046
21938,2023-09-16 14:00:00,2023,Aston Villa,Crystal Palace,3,1,2.31518,1.11696
21939,2023-09-16 14:00:00,2023,Fulham,Luton,1,0,1.75704,1.45705
21940,2023-09-16 14:00:00,2023,Manchester United,Brighton,1,3,0.719951,1.93908
21943,2023-09-16 16:30:00,2023,Newcastle United,Brentford,1,0,1.50126,0.633678
21942,2023-09-17 13:00:00,2023,Bournemouth,Chelsea,0,0,1.32515,1.39677
21941,2023-09-17 15:30:00,2023,Everton,Arsenal,0,1,0.28317,0.802605
21944,2023-09-18 18:45:00,2023,Nottingham Forest,Burnley,1,1,0.705795,0.807651
21945,2023-09-23 14:00:00,2023,Luton,Wolverhampton Wanderers,1,1,2.24101,0.762984
21946,2023-09-23 14:00:00,2023,Manchester City,Nottingham Forest,2,0,1.33984,0.729109
21948,2023-09-23 14:00:00,2023,Crystal Palace,Fulham,0,0,0.37236,0.542678
21949,2023-09-23 16:30:00,2023,Brentford,Everton,1,3,1.57402,2.51497
21950,2023-09-23 19:00:00,2023,Burnley,Manchester United,0,1,0.935444,0.840273
21947,2023-09-24 13:00:00,2023,Chelsea,Aston Villa,0,1,1.19716,1.13479
21951,2023-09-24 13:00:00,2023,Brighton,Bournemouth,3,1,2.14533,1.58984
21952,2023-09-24 13:00:00,2023,Arsenal,Tottenham,2,2,2.3429,2.21166
21953,2023-09-24 13:00:00,2023,Liverpool,West Ham,3,1,4.14262,1.53878
21954,2023-09-24 15:30:00,2023,Sheffield United,Newcastle United,0,8,0.579392,5.1082
21955,2023-09-30 11:30:00,2023,Aston Villa,Brighton,6,1,1.90746,1.72819
21956,2023-09-30 14:00:00,2023,Everton,Luton,1,2,3.65377,1.5102
21957,2023-09-30 14:00:00,2023,Manchester United,Crystal Palace,0,1,1.55408,1.19015
21958,2023-09-30 14:00:00,2023,Newcastle United,Burnley,2,0,3.08516,0.801849
21959,2023-09-30 14:00:00,2023,Bournemouth,Arsenal,0,4,0.644443,4.0742
21960,2023-09-30 14:00:00,2023,West Ham,Sheffield United,2,0,3.19753,0.911997
21961,2023-09-30 14:00:00,2023,Wolverhampton Wanderers,Manchester City,2,1,0.673985,0.98075
21962,2023-09-30 16:30:00,2023,Tottenham,Liverpool,2,1,2.18823,1.12299
21963,2023-10-01 13:00:00,2023,Nottingham Forest,Brentford,1,1,0.800317,1.75862
21964,2023-10-02 19:00:00,2023,Fulham,Chelsea,0,2,0.889383,1.98461
22289,2023-10-03 18:30:00,2023,Luton,Burnley,1,2,1.53058,0.920206
21971,2023-10-07 11:30:00,2023,Luton,Tottenham,0,1,0.848118,2.37947
21970,2023-10-07 14:00:00,2023,Fulham,Sheffield United,3,1,2.26612,0.251809
21972,2023-10-07 14:00:00,2023,Manchester United,Brentford,2,1,1.29356,1.02509
21967,2023-10-07 14:00:00,2023,Burnley,Chelsea,1,4,0.956642,1.97566
21969,2023-10-07 14:00:00,2023,Everton,Bournemouth,3,0,3.16482,0.981732
21968,2023-10-07 16:30:00,2023,Crystal Palace,Nottingham Forest,0,0,0.982452,1.22105
21966,2023-10-08 13:00:00,2023,Brighton,Liverpool,2,2,2.23187,2.51029
21973,2023-10-08 13:00:00,2023,West Ham,Newcastle United,2,2,0.931345,1.97865
21974,2023-10-08 13:00:00,2023,Wolverhampton Wanderers,Aston Villa,1,1,1.76232,1.81618
21965,2023-10-08 15:30:00,2023,Arsenal,Manchester City,1,0,0.386558,0.858071
21979,2023-10-21 11:30:00,2023,Liverpool,Everton,2,0,2.28568,0.0937725
21975,2023-10-21 14:00:00,2023,Bournemouth,Wolverhampton Wanderers,1,2,1.01839,2.30454
21977,2023-10-21 14:00:00,2023,Brentford,Burnley,3,0,3.15685,0.693129
21980,2023-10-21 14:00:00,2023,Manchester City,Brighton,2,1,0.962509,0.963733
21981,2023-10-21 14:00:00,2023,Newcastle United,Crystal Palace,4,0,3.73336,1.08795
21982,2023-10-21 14:00:00,2023,Nottingham Forest,Luton,2,2,3.27549,1.49555
21978,2023-10-21 16:30:00,2023,Chelsea,Arsenal,2,2,1.71838,1.05791
21983,2023-10-21 19:00:00,2023,Sheffield United,Manchester United,1,2,1.41074,1.46187
21976,2023-10-22 15:30:00,2023,Aston Villa,West Ham,4,1,2.34143,0.659622
21984,2023-10-23 19:00:00,2023,Tottenham,Fulham,2,0,1.63523,0.745838
21990,2023-10-27 19:00:00,2023,Crystal Palace,Tottenham,1,2,0.561834,0.989103
21989,2023-10-28 11:30:00,2023,Chelsea,Brentford,0,2,1.71801,2.48137
21985,2023-10-28 14:00:00,2023,Bournemouth,Burnley,2,1,1.10052,0.90255
21986,2023-10-28 14:00:00,2023,Arsenal,Sheffield United,5,0,3.03496,0.0281554
21994,2023-10-28 16:30:00,2023,Wolverhampton Wanderers,Newcastle United,2,2,0.863393,2.31987
21993,2023-10-29 13:00:00,2023,West Ham,Everton,0,1,0.618578,0.733813
21987,2023-10-29 14:00:00,2023,Aston Villa,Luton,3,1,3.07654,0.453117
21988,2023-10-29 14:00:00,2023,Brighton,Fulham,1,1,1.31996,0.552523
21991,2023-10-29 14:00:00,2023,Liverpool,Nottingham Forest,3,0,2.70428,0.642014
21992,2023-10-29 15:30:00,2023,Manchester United,Manchester City,0,3,0.714628,4.54595
21998,2023-11-04 12:30:00,2023,Fulham,Manchester United,0,1,1.18241,0.697095
22003,2023-11-04 15:00:00,2023,Sheffield United,Wolverhampton Wanderers,2,1,1.10165,1.14803
21997,2023-11-04 15:00:00,2023,Everton,Brighton,1,1,0.617607,0.442489
22000,2023-11-04 15:00:00,2023,Manchester City,Bournemouth,6,1,2.39949,0.643127
21996,2023-11-04 15:00:00,2023,Burnley,Crystal Palace,0,2,1.4998,1.43653
21995,2023-11-04 15:00:00,2023,Brentford,West Ham,3,2,1.82944,1.75505
22001,2023-11-04 17:30:00,2023,Newcastle United,Arsenal,1,0,1.12355,0.535473
22002,2023-11-05 14:00:00,2023,Nottingham Forest,Aston Villa,2,0,0.592447,1.33116
21999,2023-11-05 16:30:00,2023,Luton,Liverpool,1,1,1.3411,3.03925
22004,2023-11-06 20:00:00,2023,Tottenham,Chelsea,1,4,0.959108,4.05865
22014,2023-11-11 12:30:00,2023,Wolverhampton Wanderers,Tottenham,2,1,1.90884,0.432315
22006,2023-11-11 15:00:00,2023,Arsenal,Burnley,3,1,2.63194,0.327706
22010,2023-11-11 15:00:00,2023,Crystal Palace,Everton,2,3,1.89194,1.7904
22012,2023-11-11 15:00:00,2023,Manchester United,Luton,1,0,2.74105,0.408265
22005,2023-11-11 17:30:00,2023,Bournemouth,Newcastle United,2,0,2.78424,0.306141
22011,2023-11-12 14:00:00,2023,Liverpool,Brentford,3,0,1.56004,1.44954
22013,2023-11-12 14:00:00,2023,West Ham,Nottingham Forest,3,2,2.06402,1.42128
22007,2023-11-12 14:00:00,2023,Aston Villa,Fulham,3,1,2.86039,0.648745
22008,2023-11-12 14:00:00,2023,Brighton,Sheffield United,1,1,1.08601,0.84434
22009,2023-11-12 16:30:00,2023,Chelsea,Manchester City,4,4,3.47238,3.19324
22020,2023-11-25 12:30:00,2023,Manchester City,Liverpool,1,1,1.79622,0.766278
22016,2023-11-25 15:00:00,2023,Burnley,West Ham,1,2,1.44228,1.36963
22019,2023-11-25 15:00:00,2023,Luton,Crystal Palace,2,1,0.996153,1.83546
22021,2023-11-25 15:00:00,2023,Newcastle United,Chelsea,4,1,2.15227,0.968061
22022,2023-11-25 15:00:00,2023,Nottingham Forest,Brighton,2,3,2.22655,1.21792
22023,2023-11-25 15:00:00,2023,Sheffield United,Bournemouth,1,3,0.816227,3.13975
22015,2023-11-25 17:30:00,2023,Brentford,Arsenal,0,1,1.66315,1.82699
22024,2023-11-26 14:00:00,2023,Tottenham,Aston Villa,1,2,2.22542,2.39755
22017,2023-11-26 16:30:00,2023,Everton,Manchester United,0,3,2.49764,2.07334
22018,2023-11-27 20:00:00,2023,Fulham,Wolverhampton Wanderers,3,2,2.49057,1.57875
22027,2023-12-02 15:00:00,2023,Brentford,Luton,3,1,3.25952,0.227176
22026,2023-12-02 15:00:00,2023,Arsenal,Wolverhampton Wanderers,2,1,3.30368,1.07886
22028,2023-12-02 15:00:00,2023,Burnley,Sheffield United,5,0,2.60469,0.618131
22033,2023-12-02 17:30:00,2023,Nottingham Forest,Everton,0,1,0.673085,0.623789
22032,2023-12-02 20:00:00,2023,Newcastle United,Manchester United,1,0,2.90191,0.422674
22025,2023-12-03 14:00:00,2023,Bournemouth,Aston Villa,2,2,2.54937,0.89511
22029,2023-12-03 14:00:00,2023,Chelsea,Brighton,3,2,1.66304,0.855058
22030,2023-12-03 14:00:00,2023,Liverpool,Fulham,4,3,2.72831,1.51005
22034,2023-12-03 14:00:00,2023,West Ham,Crystal Palace,1,1,1.1466,0.987682
22031,2023-12-03 16:30:00,2023,Manchester City,Tottenham,3,3,2.90729,0.433077
22042,2023-12-05 19:30:00,2023,Wolverhampton Wanderers,Burnley,1,0,1.11886,0.781542
22039,2023-12-05 20:15:00,2023,Luton,Arsenal,3,4,0.526254,2.58815
22036,2023-12-06 19:30:00,2023,Brighton,Brentford,2,1,1.54099,1.22007
22038,2023-12-06 19:30:00,2023,Fulham,Nottingham Forest,5,0,3.09427,0.218659
22040,2023-12-06 19:30:00,2023,Sheffield United,Liverpool,0,2,0.834172,1.80116
22043,2023-12-06 19:30:00,2023,Crystal Palace,Bournemouth,0,2,1.26441,1.79997
22044,2023-12-06 20:15:00,2023,Manchester United,Chelsea,2,1,4.03949,2.3512
22035,2023-12-06 20:15:00,2023,Aston Villa,Manchester City,1,0,2.1922,1.00198
22037,2023-12-07 19:30:00,2023,Everton,Newcastle United,3,0,2.95393,1.29564
22041,2023-12-07 20:15:00,2023,Tottenham,West Ham,1,2,1.61268,1.7409
22047,2023-12-09 12:30:00,2023,Crystal Palace,Liverpool,1,2,1.79152,1.3708
22046,2023-12-09 15:00:00,2023,Brighton,Burnley,1,1,2.96247,1.05162
22051,2023-12-09 15:00:00,2023,Manchester United,Bournemouth,0,3,1.11296,1.9742
22052,2023-12-09 15:00:00,2023,Sheffield United,Brentford,1,0,0.841976,0.644638
22054,2023-12-09 15:00:00,2023,Wolverhampton Wanderers,Nottingham Forest,1,1,1.02199,1.21801
22045,2023-12-09 17:30:00,2023,Aston Villa,Arsenal,1,0,0.628499,1.71667
22048,2023-12-10 14:00:00,2023,Everton,Chelsea,2,0,1.11437,0.885512
22049,2023-12-10 14:00:00,2023,Fulham,West Ham,5,0,2.1884,0.983
22050,2023-12-10 14:00:00,2023,Luton,Manchester City,1,2,0.689037,2.23353
22053,2023-12-10 16:30:00,2023,Tottenham,Newcastle United,4,1,4.40118,1.61368
22063,2023-12-15 20:00:00,2023,Nottingham Forest,Tottenham,0,2,1.70569,1.60738
22061,2023-12-16 15:00:00,2023,Manchester City,Crystal Palace,2,2,2.41646,1.64977
22059,2023-12-16 15:00:00,2023,Chelsea,Sheffield United,2,0,3.27322,0.44014
22062,2023-12-16 15:00:00,2023,Newcastle United,Fulham,3,0,4.27933,0.471042
22058,2023-12-16 17:30:00,2023,Burnley,Everton,0,2,0.811435,2.22305
22056,2023-12-17 14:00:00,2023,Arsenal,Brighton,2,0,2.76976,0.663054
22057,2023-12-17 14:00:00,2023,Brentford,Aston Villa,1,2,0.796812,1.4664
22064,2023-12-17 14:00:00,2023,West Ham,Wolverhampton Wanderers,3,0,1.03828,0.556206
22060,2023-12-17 16:30:00,2023,Liverpool,Manchester United,0,0,1.97111,0.632715
22066,2023-12-21 20:00:00,2023,Crystal Palace,Brighton,1,1,1.65409,1.33653
22065,2023-12-22 20:00:00,2023,Aston Villa,Sheffield United,1,1,1.21861,0.646159
22072,2023-12-23 12:30:00,2023,West Ham,Manchester United,2,0,1.51468,0.730496
22067,2023-12-23 15:00:00,2023,Fulham,Burnley,0,2,1.38096,0.41714
22069,2023-12-23 15:00:00,2023,Luton,Newcastle United,1,0,1.81844,1.41488
22070,2023-12-23 15:00:00,2023,Nottingham Forest,Bournemouth,2,3,0.791806,1.89067
22071,2023-12-23 15:00:00,2023,Tottenham,Everton,2,1,1.57527,1.98385
22068,2023-12-23 17:30:00,2023,Liverpool,Arsenal,1,1,0.982901,0.851681
22073,2023-12-24 13:00:00,2023,Wolverhampton Wanderers,Chelsea,2,1,1.74626,1.75447
22083,2023-12-26 12:30:00,2023,Newcastle United,Nottingham Forest,1,3,2.79106,3.1074
22084,2023-12-26 15:00:00,2023,Sheffield United,Luton,2,3,3.61788,0.715575
22075,2023-12-26 15:00:00,2023,Bournemouth,Fulham,3,0,2.07911,0.324365
22079,2023-12-26 17:30:00,2023,Burnley,Liverpool,0,2,0.972389,1.68451
22082,2023-12-26 20:00:00,2023,Manchester United,Aston Villa,3,2,1.20104,1.83637
22077,2023-12-27 19:30:00,2023,Brentford,Wolverhampton Wanderers,1,4,2.59347,1.89483
22080,2023-12-27 19:30:00,2023,Chelsea,Crystal Palace,2,1,2.73005,0.958077
22081,2023-12-27 20:15:00,2023,Everton,Manchester City,1,3,1.23529,2.28321
22078,2023-12-28 19:30:00,2023,Brighton,Tottenham,4,2,3.84702,2.06955
22076,2023-12-28 20:15:00,2023,Arsenal,West Ham,0,2,2.7884,1.59711
22089,2023-12-30 12:30:00,2023,Luton,Chelsea,2,3,2.64093,1.57463
22085,2023-12-30 15:00:00,2023,Aston Villa,Burnley,3,2,2.92587,1.11923
22086,2023-12-30 15:00:00,2023,Crystal Palace,Brentford,3,1,1.61057,1.28731
22090,2023-12-30 15:00:00,2023,Manchester City,Sheffield United,2,0,2.24229,0.263211
22094,2023-12-30 15:00:00,2023,Wolverhampton Wanderers,Everton,3,0,2.64477,0.519641
22091,2023-12-30 17:30:00,2023,Nottingham Forest,Manchester United,2,1,0.744348,0.651905
22092,2023-12-31 14:00:00,2023,Tottenham,Bournemouth,3,1,2.15027,1.58229
22087,2023-12-31 14:00:00,2023,Fulham,Arsenal,2,1,1.52829,1.6591
22088,2024-01-01 19:00:00,2023,Liverpool,Newcastle United,4,2,6.67151,0.910974
22093,2024-01-02 18:30:00,2023,West Ham,Brighton,0,0,0.9831,2.1552
22096,2024-01-12 19:45:00,2023,Burnley,Luton,1,1,1.52023,0.965167
22097,2024-01-13 12:30:00,2023,Chelsea,Fulham,1,0,2.0456,0.697847
22100,2024-01-13 17:30:00,2023,Newcastle United,Manchester City,2,3,1.23638,2.55452
22098,2024-01-14 14:00:00,2023,Everton,Aston Villa,0,0,1.03664,1.3435
22099,2024-01-14 16:30:00,2023,Manchester United,Tottenham,2,2,0.923233,1.31224
22103,2024-01-20 12:30:00,2023,Arsenal,Crystal Palace,5,0,3.52167,0.288083
22104,2024-01-20 17:30:00,2023,Brentford,Nottingham Forest,3,2,1.94219,1.22251
22101,2024-01-21 14:00:00,2023,Sheffield United,West Ham,2,2,2.61362,2.4241
22102,2024-01-21 16:30:00,2023,Bournemouth,Liverpool,0,4,0.834585,1.53344
22095,2024-01-22 19:45:00,2023,Brighton,Wolverhampton Wanderers,0,0,1.3701,1.14116
22108,2024-01-30 19:30:00,2023,Nottingham Forest,Arsenal,1,2,0.631618,1.39143
22107,2024-01-30 19:45:00,2023,Luton,Brighton,4,0,3.63312,1.01366
22106,2024-01-30 19:45:00,2023,Fulham,Everton,0,0,2.37499,2.83317
22112,2024-01-30 20:00:00,2023,Crystal Palace,Sheffield United,3,2,1.1601,0.768467
22105,2024-01-30 20:15:00,2023,Aston Villa,Newcastle United,1,3,1.44485,3.3224
22109,2024-01-31 19:30:00,2023,Tottenham,Brentford,3,2,3.36194,1.59637
22114,2024-01-31 19:30:00,2023,Manchester City,Burnley,3,1,1.84756,1.49114
22113,2024-01-31 20:15:00,2023,Liverpool,Chelsea,4,1,3.6627,0.477972
22110,2024-02-01 19:30:00,2023,West Ham,Bournemouth,1,1,1.3128,1.13487
22111,2024-02-01 20:15:00,2023,Wolverhampton Wanderers,Manchester United,3,4,2.27609,3.22698
22121,2024-02-03 12:30:00,2023,Everton,Tottenham,2,2,3.25881,0.922371
22118,2024-02-03 15:00:00,2023,Brighton,Crystal Palace,4,1,1.92591,0.241137
22119,2024-02-03 15:00:00,2023,Burnley,Fulham,2,2,1.00428,1.28806
22123,2024-02-03 15:00:00,2023,Newcastle United,Luton,4,4,2.37353,2.67463
22124,2024-02-03 17:30:00,2023,Sheffield United,Aston Villa,0,5,1.52784,2.99015
22122,2024-02-04 14:00:00,2023,Manchester United,West Ham,3,0,0.96721,1.1807
22115,2024-02-04 14:00:00,2023,Bournemouth,Nottingham Forest,1,1,1.1895,0.456548
22120,2024-02-04 14:00:00,2023,Chelsea,Wolverhampton Wanderers,2,4,2.35967,2.48996
22116,2024-02-04 16:30:00,2023,Arsenal,Liverpool,3,1,2.8526,0.542052
22117,2024-02-05 20:00:00,2023,Brentford,Manchester City,1,3,0.865741,2.10785
22130,2024-02-10 12:30:00,2023,Manchester City,Everton,2,0,1.58971,0.192072
22127,2024-02-10 15:00:00,2023,Fulham,Bournemouth,3,1,1.7456,2.60612
22128,2024-02-10 15:00:00,2023,Liverpool,Burnley,3,1,3.14734,1.11123
22129,2024-02-10 15:00:00,2023,Luton,Sheffield United,1,3,1.76215,1.98283
22132,2024-02-10 15:00:00,2023,Tottenham,Brighton,2,1,2.10928,1.49285
22134,2024-02-10 15:00:00,2023,Wolverhampton Wanderers,Brentford,0,2,1.05781,1.84908
22131,2024-02-10 17:30:00,2023,Nottingham Forest,Newcastle United,2,3,0.968075,0.511375
22133,2024-02-11 14:00:00,2023,West Ham,Arsenal,0,6,0.191065,3.99893
22125,2024-02-11 16:30:00,2023,Aston Villa,Manchester United,1,2,2.64675,2.44591
22126,2024-02-12 20:00:00,2023,Crystal Palace,Chelsea,1,3,0.719516,1.26948
22135,2024-02-17 12:30:00,2023,Brentford,Liverpool,1,4,1.69518,3.08952
22136,2024-02-17 15:00:00,2023,Burnley,Arsenal,0,5,0.335143,2.20575
22138,2024-02-17 15:00:00,2023,Fulham,Aston Villa,1,2,1.41796,1.57297
22141,2024-02-17 15:00:00,2023,Newcastle United,Bournemouth,2,2,2.38425,2.08098
22142,2024-02-17 15:00:00,2023,Nottingham Forest,West Ham,2,0,2.66942,0.520016
22144,2024-02-17 15:00:00,2023,Tottenham,Wolverhampton Wanderers,1,2,1.59768,1.77591
22140,2024-02-17 17:30:00,2023,Manchester City,Chelsea,1,1,2.77713,1.82903
22143,2024-02-18 14:00:00,2023,Sheffield United,Brighton,0,5,0.586214,3.35549
22139,2024-02-18 16:30:00,2023,Luton,Manchester United,1,2,1.57234,3.58973
22137,2024-02-19 20:00:00,2023,Everton,Crystal Palace,1,1,2.44588,0.734685
22074,2024-02-20 18:30:00,2023,Manchester City,Brentford,1,0,2.53766,0.503799
22151,2024-02-21 15:00:00,2023,Liverpool,Luton,4,1,3.70302,0.956512
22152,2024-02-24 15:00:00,2023,Manchester United,Fulham,1,2,1.96036,1.1385
22150,2024-02-24 15:00:00,2023,Crystal Palace,Burnley,3,0,2.41612,0.0760216
22147,2024-02-24 15:00:00,2023,Aston Villa,Nottingham Forest,4,2,3.48861,2.25569
22148,2024-02-24 15:00:00,2023,Brighton,Everton,1,1,1.6538,0.286655
22145,2024-02-24 17:30:00,2023,Bournemouth,Manchester City,0,1,0.925889,1.79636
22146,2024-02-24 20:00:00,2023,Arsenal,Newcastle United,4,1,2.59336,0.217373
22154,2024-02-25 13:30:00,2023,Wolverhampton Wanderers,Sheffield United,1,0,1.21618,0.654342
22153,2024-02-26 20:00:00,2023,West Ham,Brentford,4,2,2.06873,1.33683
22155,2024-03-02 15:00:00,2023,Brentford,Chelsea,2,2,2.4732,2.1523
22157,2024-03-02 15:00:00,2023,Everton,West Ham,1,3,3.12075,2.17948
22158,2024-03-02 15:00:00,2023,Fulham,Brighton,3,0,1.37604,1.15198
22161,2024-03-02 15:00:00,2023,Newcastle United,Wolverhampton Wanderers,3,0,3.33495,0.507769
22162,2024-03-02 15:00:00,2023,Nottingham Forest,Liverpool,0,1,0.971466,1.32259
22164,2024-03-02 15:00:00,2023,Tottenham,Crystal Palace,3,1,2.6625,0.277887
22159,2024-03-02 17:30:00,2023,Luton,Aston Villa,2,3,2.43312,2.08586
22156,2024-03-03 13:00:00,2023,Burnley,Bournemouth,0,2,1.60461,1.43616
22160,2024-03-03 15:30:00,2023,Manchester City,Manchester United,3,1,2.64173,0.153764
22163,2024-03-04 20:00:00,2023,Sheffield United,Arsenal,0,6,0.201374,2.47294
22172,2024-03-09 12:30:00,2023,Manchester United,Everton,2,0,2.9016,1.8214
22165,2024-03-09 15:00:00,2023,Bournemouth,Sheffield United,2,2,3.92657,1.91752
22170,2024-03-09 15:00:00,2023,Crystal Palace,Luton,1,1,3.25103,1.08531
22174,2024-03-09 15:00:00,2023,Wolverhampton Wanderers,Fulham,2,1,1.29589,2.94155
22166,2024-03-09 17:30:00,2023,Arsenal,Brentford,2,1,1.59369,0.733239
22167,2024-03-10 13:00:00,2023,Aston Villa,Tottenham,0,4,1.23267,2.25381
22168,2024-03-10 14:00:00,2023,Brighton,Nottingham Forest,1,0,0.534518,0.687034
22173,2024-03-10 14:00:00,2023,West Ham,Burnley,2,2,1.87414,0.88131
22171,2024-03-10 15:45:00,2023,Liverpool,Manchester City,1,1,2.25492,1.37289
22169,2024-03-11 20:00:00,2023,Chelsea,Newcastle United,3,2,1.78315,0.568435
25861,2024-03-13 19:30:00,2023,Bournemouth,Luton,4,3,2.84403,2.79419
22177,2024-03-16 15:00:00,2023,Burnley,Brentford,2,1,2.69776,1.25123
22181,2024-03-16 15:00:00,2023,Luton,Nottingham Forest,1,1,0.853782,1.95268
22180,2024-03-16 17:30:00,2023,Fulham,Tottenham,3,0,2.47234,2.14564
22183,2024-03-17 14:00:00,2023,West Ham,Aston Villa,1,1,1.32829,0.911274
22191,2024-03-30 12:30:00,2023,Newcastle United,West Ham,4,3,3.80922,0.994584
22185,2024-03-30 15:00:00,2023,Bournemouth,Everton,2,1,1.39268,0.93378
22188,2024-03-30 15:00:00,2023,Chelsea,Burnley,2,2,4.46643,2.10422
22192,2024-03-30 15:00:00,2023,Nottingham Forest,Crystal Palace,1,1,0.784652,0.900972
22193,2024-03-30 15:00:00,2023,Sheffield United,Fulham,3,3,1.78824,1.10254
22194,2024-03-30 15:00:00,2023,Tottenham,Luton,2,1,2.46523,0.402402
22186,2024-03-30 17:30:00,2023,Aston Villa,Wolverhampton Wanderers,2,0,1.28271,1.66232
22187,2024-03-30 20:00:00,2023,Brentford,Manchester United,1,1,3.16487,0.989565
22189,2024-03-31 14:00:00,2023,Liverpool,Brighton,2,1,3.21149,0.43922
22190,2024-03-31 16:30:00,2023,Manchester City,Arsenal,0,0,1.22009,0.511402
22198,2024-04-02 18:30:00,2023,Nottingham Forest,Fulham,3,1,1.94619,1.04304
22202,2024-04-02 18:30:00,2023,Newcastle United,Everton,1,1,2.65009,1.69834
22195,2024-04-02 18:45:00,2023,Bournemouth,Crystal Palace,1,0,1.30969,0.174389
22197,2024-04-02 18:45:00,2023,Burnley,Wolverhampton Wanderers,1,1,1.12581,1.01021
22199,2024-04-02 19:15:00,2023,West Ham,Tottenham,1,1,1.47017,1.39423
22200,2024-04-03 18:30:00,2023,Brentford,Brighton,0,0,0.423299,1.22404
22196,2024-04-03 18:30:00,2023,Arsenal,Luton,2,0,1.14384,0.292082
22204,2024-04-03 19:15:00,2023,Manchester City,Aston Villa,4,1,3.87704,1.18643
22203,2024-04-04 18:30:00,2023,Liverpool,Sheffield United,3,1,2.51772,0.720948
22201,2024-04-04 19:15:00,2023,Chelsea,Manchester United,4,3,3.48048,1.56686
22207,2024-04-06 11:30:00,2023,Crystal Palace,Manchester City,2,4,1.49472,2.26381
22205,2024-04-06 14:00:00,2023,Aston Villa,Brentford,3,3,1.16333,1.42064
22208,2024-04-06 14:00:00,2023,Everton,Burnley,1,0,0.659844,0.34699
22209,2024-04-06 14:00:00,2023,Fulham,Newcastle United,0,1,0.834564,1.18012
22210,2024-04-06 14:00:00,2023,Luton,Bournemouth,2,1,1.30478,0.616108
22214,2024-04-06 14:00:00,2023,Wolverhampton Wanderers,West Ham,1,2,1.78341,1.14133
22206,2024-04-06 16:30:00,2023,Brighton,Arsenal,0,3,0.428514,4.16518
22211,2024-04-07 14:30:00,2023,Manchester United,Liverpool,2,2,0.814509,4.43457
22212,2024-04-07 16:30:00,2023,Sheffield United,Chelsea,2,2,1.74265,0.521789
22213,2024-04-07 19:00:00,2023,Tottenham,Nottingham Forest,3,1,1.61978,2.00122
22222,2024-04-13 11:30:00,2023,Newcastle United,Tottenham,4,0,3.1483,0.737596
22217,2024-04-13 14:00:00,2023,Brentford,Sheffield United,2,0,1.09071,0.834498
22218,2024-04-13 14:00:00,2023,Burnley,Brighton,1,1,1.8522,0.889445
22221,2024-04-13 14:00:00,2023,Manchester City,Luton,5,1,4.64245,0.809775
22223,2024-04-13 14:00:00,2023,Nottingham Forest,Wolverhampton Wanderers,2,2,1.76244,1.45688
22215,2024-04-13 16:30:00,2023,Bournemouth,Manchester United,2,2,2.38519,1.52274
22220,2024-04-14 13:00:00,2023,Liverpool,Crystal Palace,0,1,3.04497,2.12879
22224,2024-04-14 13:00:00,2023,West Ham,Fulham,0,2,1.45307,3.61413
22216,2024-04-14 15:30:00,2023,Arsenal,Aston Villa,0,2,1.89003,0.929049
22219,2024-04-15 19:00:00,2023,Chelsea,Everton,6,0,3.37093,1.21791
22230,2024-04-20 14:00:00,2023,Luton,Brentford,1,5,0.497799,3.7809
22232,2024-04-20 14:00:00,2023,Sheffield United,Burnley,1,4,1.97816,2.42338
22234,2024-04-20 18:30:00,2023,Wolverhampton Wanderers,Arsenal,0,2,0.164516,1.66179
22228,2024-04-21 12:30:00,2023,Everton,Nottingham Forest,2,0,0.473233,1.18916
22227,2024-04-21 14:00:00,2023,Crystal Palace,West Ham,5,2,3.7185,1.34536
22225,2024-04-21 14:00:00,2023,Aston Villa,Bournemouth,3,1,2.62687,2.05211
22229,2024-04-21 15:30:00,2023,Fulham,Liverpool,1,3,0.83885,1.02445
22175,2024-04-23 19:00:00,2023,Arsenal,Chelsea,5,0,3.45858,1.60343
22184,2024-04-24 18:45:00,2023,Wolverhampton Wanderers,Bournemouth,0,1,0.484454,2.40311
22178,2024-04-24 19:00:00,2023,Crystal Palace,Newcastle United,2,0,1.43661,0.55129
22179,2024-04-24 19:00:00,2023,Everton,Liverpool,2,0,1.89111,1.87155
22182,2024-04-24 19:00:00,2023,Manchester United,Sheffield United,4,2,3.51311,1.20517
22176,2024-04-25 19:00:00,2023,Brighton,Manchester City,0,4,0.572021,1.90507
22243,2024-04-27 11:30:00,2023,West Ham,Liverpool,2,2,0.794025,2.29298
22238,2024-04-27 14:00:00,2023,Fulham,Crystal Palace,1,1,1.39418,1.05387
22239,2024-04-27 14:00:00,2023,Manchester United,Burnley,1,1,3.06197,1.89591
22240,2024-04-27 14:00:00,2023,Newcastle United,Sheffield United,5,1,2.93477,1.82408
22244,2024-04-27 14:00:00,2023,Wolverhampton Wanderers,Luton,2,1,1.49011,0.90435
22237,2024-04-27 16:30:00,2023,Everton,Brentford,1,0,1.21399,0.956356
22236,2024-04-27 19:00:00,2023,Aston Villa,Chelsea,2,2,0.612257,1.56401
22241,2024-04-28 13:00:00,2023,Tottenham,Arsenal,2,3,2.60458,1.51469
22235,2024-04-28 13:00:00,2023,Bournemouth,Brighton,3,0,2.48132,1.35682
22242,2024-04-28 15:30:00,2023,Nottingham Forest,Manchester City,0,2,2.17312,0.932063
22149,2024-05-02 18:30:00,2023,Chelsea,Tottenham,2,0,2.22432,1.27064
22252,2024-05-03 19:00:00,2023,Luton,Everton,1,1,0.950391,1.22959
22245,2024-05-04 11:30:00,2023,Arsenal,Bournemouth,3,0,3.91372,0.4687
22246,2024-05-04 14:00:00,2023,Brentford,Fulham,0,0,0.809379,1.45579
22248,2024-05-04 14:00:00,2023,Burnley,Newcastle United,1,4,1.28632,4.25643
22254,2024-05-04 14:00:00,2023,Sheffield United,Nottingham Forest,1,3,2.48986,1.93818
22253,2024-05-04 16:30:00,2023,Manchester City,Wolverhampton Wanderers,5,1,4.52542,0.396887
22247,2024-05-05 13:00:00,2023,Brighton,Aston Villa,1,0,2.63566,0.0644055
22249,2024-05-05 13:00:00,2023,Chelsea,West Ham,5,0,4.21838,0.893899
22251,2024-05-05 15:30:00,2023,Liverpool,Tottenham,4,2,3.26222,1.17205
22250,2024-05-06 19:00:00,2023,Crystal Palace,Manchester United,4,0,2.0656,0.341417
22258,2024-05-11 11:30:00,2023,Fulham,Manchester City,0,4,0.0886245,3.15218
22264,2024-05-11 14:00:00,2023,Wolverhampton Wanderers,Crystal Palace,1,3,1.1561,2.51452
22263,2024-05-11 14:00:00,2023,West Ham,Luton,3,1,3.71009,0.640456
22262,2024-05-11 14:00:00,2023,Tottenham,Burnley,2,1,3.00238,0.950331
22257,2024-05-11 14:00:00,2023,Everton,Sheffield United,1,0,1.82411,0.465523
22255,2024-05-11 14:00:00,2023,Bournemouth,Brentford,1,2,1.07237,1.92722
22260,2024-05-11 14:00:00,2023,Newcastle United,Brighton,1,1,2.45163,1.91556
22261,2024-05-11 16:30:00,2023,Nottingham Forest,Chelsea,2,3,2.44569,2.41068
22259,2024-05-12 15:30:00,2023,Manchester United,Arsenal,0,1,0.551669,1.73104
22256,2024-05-13 19:00:00,2023,Aston Villa,Liverpool,3,3,2.71655,1.89968
22233,2024-05-14 19:00:00,2023,Tottenham,Manchester City,0,2,1.84285,2.70331
22226,2024-05-15 18:45:00,2023,Brighton,Chelsea,1,2,1.32423,1.544
22231,2024-05-15 19:00:00,2023,Manchester United,Newcastle United,3,2,1.49706,2.27657
22271,2024-05-19 15:00:00,2023,Liverpool,Wolverhampton Wanderers,2,0,5.65937,0.731254
22274,2024-05-19 15:00:00,2023,Sheffield United,Tottenham,0,3,0.697312,3.19675
22273,2024-05-19 15:00:00,2023,Manchester City,West Ham,3,1,2.31504,0.240159
22272,2024-05-19 15:00:00,2023,Luton,Fulham,2,4,2.06743,1.11598
22270,2024-05-19 15:00:00,2023,Crystal Palace,Aston Villa,5,0,2.23189,0.598846
22268,2024-05-19 15:00:00,2023,Burnley,Nottingham Forest,1,2,1.08222,1.57962
22267,2024-05-19 15:00:00,2023,Brighton,Manchester United,0,2,1.9717,1.00404
22266,2024-05-19 15:00:00,2023,Brentford,Newcastle United,2,4,1.70157,3.65044
22265,2024-05-19 15:00:00,2023,Arsenal,Everton,2,1,3.2117,0.664904
22269,2024-05-19 15:00:00,2023,Chelsea,Bournemouth,2,1,1.59771,2.002
26602,2024-08-16 19:00:00,2024,Manchester United,Fulham,1,0,2.04268,0.418711
26603,2024-08-17 11:30:00,2024,Ipswich,Liverpool,0,2,0.342601,3.92906
26604,2024-08-17 14:00:00,2024,Arsenal,Wolverhampton Wanderers,2,0,1.6283,0.575835
26605,2024-08-17 14:00:00,2024,Everton,Brighton,0,3,0.405325,1.79083
26606,2024-08-17 14:00:00,2024,Newcastle United,Southampton,1,0,0.433489,1.95483
26607,2024-08-17 14:00:00,2024,Nottingham Forest,Bournemouth,1,1,1.24405,1.90915
26608,2024-08-17 16:30:00,2024,West Ham,Aston Villa,1,2,2.8047,2.6703
26609,2024-08-18 13:00:00,2024,Brentford,Crystal Palace,2,1,1.38064,1.14757
26610,2024-08-18 15:30:00,2024,Chelsea,Manchester City,0,2,1.06123,1.18038
26611,2024-08-19 19:00:00,2024,Leicester,Tottenham,1,1,1.02614,1.40775
26612,2024-08-24 11:30:00,2024,Brighton,Manchester United,2,1,2.14153,1.28556
26613,2024-08-24 14:00:00,2024,Crystal Palace,West Ham,0,2,1.3761,1.53421
26614,2024-08-24 14:00:00,2024,Fulham,Leicester,2,1,1.96218,0.857005
26615,2024-08-24 14:00:00,2024,Manchester City,Ipswich,4,1,3.07818,0.479999
26616,2024-08-24 14:00:00,2024,Southampton,Nottingham Forest,0,1,0.214952,2.86475
26617,2024-08-24 14:00:00,2024,Tottenham,Everton,4,0,2.61143,0.648869
26618,2024-08-24 16:30:00,2024,Aston Villa,Arsenal,0,2,1.31664,1.41399
26619,2024-08-25 13:00:00,2024,Wolverhampton Wanderers,Chelsea,2,6,2.4181,2.02935
26620,2024-08-25 13:00:00,2024,Bournemouth,Newcastle United,1,1,2.53513,1.89287
26621,2024-08-25 15:30:00,2024,Liverpool,Brentford,2,0,2.71877,0.457239
26622,2024-08-31 11:30:00,2024,Arsenal,Brighton,1,1,2.41798,1.81748
26627,2024-08-31 14:00:00,2024,Nottingham Forest,Wolverhampton Wanderers,1,1,1.41069,0.937632
26626,2024-08-31 14:00:00,2024,Leicester,Aston Villa,1,2,0.774741,2.16385
26624,2024-08-31 14:00:00,2024,Everton,Bournemouth,2,3,2.55629,2.95688
26625,2024-08-31 14:00:00,2024,Ipswich,Fulham,1,1,0.707048,1.18883
26623,2024-08-31 14:00:00,2024,Brentford,Southampton,3,1,3.86281,1.64713
26628,2024-08-31 16:30:00,2024,West Ham,Manchester City,1,3,0.947201,3.19297
26629,2024-09-01 12:30:00,2024,Newcastle United,Tottenham,2,1,1.58694,1.63304
26630,2024-09-01 12:30:00,2024,Chelsea,Crystal Palace,1,1,2.97743,0.459708
26631,2024-09-01 15:00:00,2024,Manchester United,Liverpool,0,3,1.50087,2.10397
26632,2024-09-14 11:30:00,2024,Southampton,Manchester United,0,3,1.35593,3.02693
26633,2024-09-14 14:00:00,2024,Brighton,Ipswich,0,0,1.75696,0.721323
26634,2024-09-14 14:00:00,2024,Fulham,West Ham,1,1,2.88601,0.682719
26635,2024-09-14 14:00:00,2024,Liverpool,Nottingham Forest,0,1,1.17044,0.589532
26636,2024-09-14 14:00:00,2024,Crystal Palace,Leicester,2,2,2.88716,1.65187
26637,2024-09-14 14:00:00,2024,Manchester City,Brentford,2,1,1.55279,1.05094
26638,2024-09-14 16:30:00,2024,Aston Villa,Everton,3,2,3.15876,0.852158
26639,2024-09-14 19:00:00,2024,Bournemouth,Chelsea,0,1,1.53731,0.932726
26640,2024-09-15 13:00:00,2024,Tottenham,Arsenal,0,1,0.792595,1.1209
26641,2024-09-15 15:30:00,2024,Wolverhampton Wanderers,Newcastle United,1,2,1.46969,1.48343
26642,2024-09-21 11:30:00,2024,West Ham,Chelsea,0,3,0.758267,2.39727
26643,2024-09-21 14:00:00,2024,Southampton,Ipswich,1,1,2.89813,1.645
26644,2024-09-21 14:00:00,2024,Leicester,Everton,1,1,1.33793,1.82377
26645,2024-09-21 14:00:00,2024,Liverpool,Bournemouth,3,0,2.43731,1.46979
26646,2024-09-21 14:00:00,2024,Fulham,Newcastle United,3,1,3.21141,1.09768
26647,2024-09-21 14:00:00,2024,Aston Villa,Wolverhampton Wanderers,3,1,2.37351,0.520117
26648,2024-09-21 14:00:00,2024,Tottenham,Brentford,3,1,3.89481,0.893565
26649,2024-09-21 16:30:00,2024,Crystal Palace,Manchester United,0,0,1.66928,2.35056
26650,2024-09-22 13:00:00,2024,Brighton,Nottingham Forest,2,2,1.56836,1.36923
26651,2024-09-22 15:30:00,2024,Manchester City,Arsenal,2,2,2.75588,1.28411
26652,2024-09-28 11:30:00,2024,Newcastle United,Manchester City,1,1,1.34344,1.26516
26657,2024-09-28 14:00:00,2024,Chelsea,Brighton,4,2,3.65839,1.20712
26656,2024-09-28 14:00:00,2024,Brentford,West Ham,1,1,0.370222,0.878617
26655,2024-09-28 14:00:00,2024,Arsenal,Leicester,4,2,6.05305,0.337909
26654,2024-09-28 14:00:00,2024,Everton,Crystal Palace,2,1,1.10959,1.12358
26653,2024-09-28 14:00:00,2024,Nottingham Forest,Fulham,0,1,0.614351,1.43592
26658,2024-09-28 16:30:00,2024,Wolverhampton Wanderers,Liverpool,1,2,0.748925,2.11724
26659,2024-09-29 13:00:00,2024,Ipswich,Aston Villa,2,2,1.84608,1.14494
26660,2024-09-29 15:30:00,2024,Manchester United,Tottenham,0,3,0.600721,5.4072
26661,2024-09-30 19:00:00,2024,Bournemouth,Southampton,3,1,1.44215,0.696068
26662,2024-10-05 11:30:00,2024,Crystal Palace,Liverpool,0,1,0.609481,2.07332
26663,2024-10-05 14:00:00,2024,Leicester,Bournemouth,1,0,0.912063,1.94963
26664,2024-10-05 14:00:00,2024,Manchester City,Fulham,3,2,1.36684,2.75846
26665,2024-10-05 14:00:00,2024,West Ham,Ipswich,4,1,4.39402,1.18463
26666,2024-10-05 14:00:00,2024,Arsenal,Southampton,3,1,3.25165,1.27313
26667,2024-10-05 14:00:00,2024,Brentford,Wolverhampton Wanderers,5,3,4.13513,0.696254
26669,2024-10-05 16:30:00,2024,Everton,Newcastle United,0,0,0.692214,1.79048
26670,2024-10-06 13:00:00,2024,Aston Villa,Manchester United,0,0,0.532809,0.448537
26668,2024-10-06 13:00:00,2024,Chelsea,Nottingham Forest,1,1,2.27752,1.66654
26671,2024-10-06 15:30:00,2024,Brighton,Tottenham,3,2,1.97217,1.09279
26672,2024-10-19 11:30:00,2024,Tottenham,West Ham,4,1,1.44052,0.858803
26673,2024-10-19 14:00:00,2024,Fulham,Aston Villa,1,3,2.63074,1.43595
26674,2024-10-19 14:00:00,2024,Ipswich,Everton,0,2,1.174,1.60804
26675,2024-10-19 14:00:00,2024,Manchester United,Brentford,2,1,1.76555,0.892843
26676,2024-10-19 14:00:00,2024,Newcastle United,Brighton,0,1,1.93657,1.6779
26678,2024-10-19 14:00:00,2024,Southampton,Leicester,2,3,2.42776,2.83826
26680,2024-10-19 16:30:00,2024,Bournemouth,Arsenal,2,0,2.18419,0.740758
26681,2024-10-20 13:00:00,2024,Wolverhampton Wanderers,Manchester City,1,2,0.761217,1.36569
26679,2024-10-20 15:30:00,2024,Liverpool,Chelsea,2,1,2.22517,1.33904
26677,2024-10-21 19:00:00,2024,Nottingham Forest,Crystal Palace,1,0,1.88573,0.835001
26682,2024-10-25 19:00:00,2024,Leicester,Nottingham Forest,1,3,0.832415,2.54488
26686,2024-10-26 14:00:00,2024,Brighton,Wolverhampton Wanderers,2,2,1.51347,1.11074
26684,2024-10-26 14:00:00,2024,Aston Villa,Bournemouth,1,1,1.974,0.328651
26683,2024-10-26 14:00:00,2024,Manchester City,Southampton,1,0,3.16286,0.369989
26685,2024-10-26 14:00:00,2024,Brentford,Ipswich,4,3,4.09663,1.65698
26687,2024-10-26 16:30:00,2024,Everton,Fulham,1,1,0.884845,1.49531
26688,2024-10-27 14:00:00,2024,Chelsea,Newcastle United,2,1,1.61794,1.74225
26689,2024-10-27 14:00:00,2024,Crystal Palace,Tottenham,1,0,0.978611,1.0192
26690,2024-10-27 14:00:00,2024,West Ham,Manchester United,2,1,2.99312,2.62598
26691,2024-10-27 16:30:00,2024,Arsenal,Liverpool,2,2,1.0883,1.35346
26694,2024-11-02 12:30:00,2024,Newcastle United,Arsenal,1,0,0.859715,0.911305
26692,2024-11-02 15:00:00,2024,Bournemouth,Manchester City,2,1,2.4493,2.3527
26695,2024-11-02 15:00:00,2024,Ipswich,Leicester,1,1,1.33617,2.33858
26696,2024-11-02 15:00:00,2024,Liverpool,Brighton,2,1,1.81037,1.01568
26698,2024-11-02 15:00:00,2024,Nottingham Forest,West Ham,3,0,2.35011,0.132317
26699,2024-11-02 15:00:00,2024,Southampton,Everton,1,0,0.540345,1.78581
26701,2024-11-02 17:30:00,2024,Wolverhampton Wanderers,Crystal Palace,2,2,1.65018,2.64849
26700,2024-11-03 14:00:00,2024,Tottenham,Aston Villa,4,1,2.09751,2.48749
26697,2024-11-03 16:30:00,2024,Manchester United,Chelsea,1,1,2.1605,1.21071
26693,2024-11-04 20:00:00,2024,Fulham,Brentford,2,1,1.43017,0.739231
26702,2024-11-09 15:00:00,2024,Brentford,Bournemouth,3,2,1.56474,2.49234
26706,2024-11-09 15:00:00,2024,Crystal Palace,Fulham,0,2,1.96037,2.25331
26710,2024-11-09 15:00:00,2024,West Ham,Everton,0,0,1.1237,0.865983
26711,2024-11-09 15:00:00,2024,Wolverhampton Wanderers,Southampton,2,0,0.912781,0.792655
26703,2024-11-09 17:30:00,2024,Brighton,Manchester City,2,1,2.87116,2.60334
26707,2024-11-09 20:00:00,2024,Liverpool,Aston Villa,2,0,2.68196,1.66337
26704,2024-11-10 14:00:00,2024,Nottingham Forest,Newcastle United,1,3,1.17852,1.86904
26708,2024-11-10 14:00:00,2024,Manchester United,Leicester,3,0,1.2369,0.417295
26709,2024-11-10 14:00:00,2024,Tottenham,Ipswich,1,2,1.75088,2.18392
26705,2024-11-10 16:30:00,2024,Chelsea,Arsenal,1,1,1.24067,1.9605
26719,2024-11-23 12:30:00,2024,Leicester,Chelsea,1,2,0.967987,2.81658
26717,2024-11-23 15:00:00,2024,Fulham,Wolverhampton Wanderers,1,4,0.717158,1.33903
26716,2024-11-23 15:00:00,2024,Aston Villa,Crystal Palace,2,2,3.04455,1.61437
26712,2024-11-23 15:00:00,2024,Bournemouth,Brighton,1,2,1.91157,1.23059
26714,2024-11-23 15:00:00,2024,Arsenal,Nottingham Forest,3,0,1.66016,0.403136
26715,2024-11-23 15:00:00,2024,Everton,Brentford,0,0,1.5951,1.34314
26720,2024-11-23 17:30:00,2024,Manchester City,Tottenham,0,4,2.15899,3.30449
26721,2024-11-24 14:00:00,2024,Southampton,Liverpool,2,3,1.53985,3.18835
26718,2024-11-24 16:30:00,2024,Ipswich,Manchester United,1,1,1.98714,1.26912
26713,2024-11-25 20:00:00,2024,Newcastle United,West Ham,0,2,1.49781,0.942824
26723,2024-11-29 20:00:00,2024,Brighton,Southampton,1,1,1.86986,0.934969
26728,2024-11-30 15:00:00,2024,Nottingham Forest,Ipswich,1,0,1.76587,0.462771
26731,2024-11-30 15:00:00,2024,Wolverhampton Wanderers,Bournemouth,2,4,0.866034,3.07901
26722,2024-11-30 15:00:00,2024,Brentford,Leicester,4,1,2.21885,0.907555
26725,2024-11-30 15:00:00,2024,Crystal Palace,Newcastle United,1,1,2.29595,0.020989
26730,2024-11-30 17:30:00,2024,West Ham,Arsenal,2,5,1.23539,3.99935
26724,2024-12-01 13:30:00,2024,Chelsea,Aston Villa,3,0,1.94939,0.875443
26727,2024-12-01 13:30:00,2024,Manchester United,Everton,4,0,1.76161,0.766749
26729,2024-12-01 13:30:00,2024,Tottenham,Fulham,1,1,1.01086,1.57274
26726,2024-12-01 16:00:00,2024,Liverpool,Manchester City,2,0,3.70054,0.745015
26737,2024-12-03 19:30:00,2024,Ipswich,Crystal Palace,0,1,0.471708,1.65422
26738,2024-12-03 20:15:00,2024,Leicester,West Ham,3,1,2.78061,2.87716
26740,2024-12-04 19:30:00,2024,Newcastle United,Liverpool,3,3,1.52057,2.22766
26735,2024-12-04 19:30:00,2024,Everton,Wolverhampton Wanderers,4,0,1.49904,0.847724
26739,2024-12-04 19:30:00,2024,Manchester City,Nottingham Forest,3,0,3.20169,0.802155
26741,2024-12-04 19:30:00,2024,Southampton,Chelsea,1,5,1.91014,5.8331
26734,2024-12-04 20:15:00,2024,Aston Villa,Brentford,3,1,3.21673,1.13266
26733,2024-12-04 20:15:00,2024,Arsenal,Manchester United,2,0,2.96684,0.256083
26736,2024-12-05 19:30:00,2024,Fulham,Brighton,3,1,0.666644,1.09939
26732,2024-12-05 20:15:00,2024,Bournemouth,Tottenham,1,0,3.27716,0.623934
26747,2024-12-07 15:00:00,2024,Crystal Palace,Manchester City,2,2,1.21476,1.5846
26743,2024-12-07 15:00:00,2024,Brentford,Newcastle United,4,2,1.746,1.95645
26742,2024-12-07 15:00:00,2024,Aston Villa,Southampton,1,0,2.51338,0.385832
26744,2024-12-07 17:30:00,2024,Manchester United,Nottingham Forest,2,3,1.4697,0.651217
26749,2024-12-08 14:00:00,2024,Fulham,Arsenal,1,1,0.150988,2.4333
26750,2024-12-08 14:00:00,2024,Ipswich,Bournemouth,1,2,1.5668,3.49127
26751,2024-12-08 14:00:00,2024,Leicester,Brighton,2,2,1.42438,1.12184
26745,2024-12-08 16:30:00,2024,Tottenham,Chelsea,3,4,3.25488,2.57326
26746,2024-12-09 20:00:00,2024,West Ham,Wolverhampton Wanderers,2,1,1.19808,1.47567
26752,2024-12-14 15:00:00,2024,Liverpool,Fulham,2,2,2.09698,1.2862
26755,2024-12-14 15:00:00,2024,Arsenal,Everton,0,0,1.30865,0.132166
26758,2024-12-14 15:00:00,2024,Wolverhampton Wanderers,Ipswich,1,2,1.23748,1.73349
26760,2024-12-14 15:00:00,2024,Newcastle United,Leicester,4,0,3.95461,0.186759
26761,2024-12-14 17:30:00,2024,Nottingham Forest,Aston Villa,2,1,2.2861,0.389423
26756,2024-12-15 14:00:00,2024,Brighton,Crystal Palace,1,3,1.32323,3.00618
26753,2024-12-15 16:30:00,2024,Manchester City,Manchester United,1,2,0.638103,2.04662
26759,2024-12-15 19:00:00,2024,Southampton,Tottenham,0,5,1.27356,3.89322
26757,2024-12-15 19:00:00,2024,Chelsea,Brentford,2,1,2.59146,1.65861
26754,2024-12-16 20:00:00,2024,Bournemouth,West Ham,1,1,2.04842,1.81827
26762,2024-12-21 12:30:00,2024,Aston Villa,Manchester City,2,1,2.05988,1.09627
26766,2024-12-21 15:00:00,2024,Brentford,Nottingham Forest,0,2,0.769004,0.964897
26767,2024-12-21 15:00:00,2024,West Ham,Brighton,1,1,1.22937,1.34379
26771,2024-12-21 15:00:00,2024,Ipswich,Newcastle United,0,4,1.06427,3.23386
26765,2024-12-21 17:30:00,2024,Crystal Palace,Arsenal,1,5,1.6052,3.05434
26763,2024-12-22 14:00:00,2024,Fulham,Southampton,0,0,1.25255,0.280031
26764,2024-12-22 14:00:00,2024,Everton,Chelsea,0,0,1.07081,1.51591
26769,2024-12-22 14:00:00,2024,Manchester United,Bournemouth,0,3,2.28533,1.82831
26770,2024-12-22 14:00:00,2024,Leicester,Wolverhampton Wanderers,0,3,0.78868,1.13531
26768,2024-12-22 16:30:00,2024,Tottenham,Liverpool,3,6,1.20245,5.20214
26777,2024-12-26 12:30:00,2024,Manchester City,Everton,1,1,2.51965,0.653289
26780,2024-12-26 15:00:00,2024,Southampton,West Ham,0,1,2.19833,1.90111
26779,2024-12-26 15:00:00,2024,Nottingham Forest,Tottenham,1,0,1.30018,1.05758
26772,2024-12-26 15:00:00,2024,Bournemouth,Crystal Palace,0,0,1.20189,0.500066
26775,2024-12-26 15:00:00,2024,Chelsea,Fulham,1,2,1.55626,1.77929
26778,2024-12-26 15:00:00,2024,Newcastle United,Aston Villa,3,0,2.82867,0.225522
26781,2024-12-26 17:30:00,2024,Wolverhampton Wanderers,Manchester United,2,0,0.826489,0.358876
26776,2024-12-26 20:00:00,2024,Liverpool,Leicester,3,1,1.89935,0.22097
26774,2024-12-27 19:30:00,2024,Brighton,Brentford,0,0,1.33538,0.961233
26773,2024-12-27 20:15:00,2024,Arsenal,Ipswich,1,0,2.16462,0.0783327
26788,2024-12-29 14:30:00,2024,Leicester,Manchester City,0,2,1.84208,1.58002
26784,2024-12-29 15:00:00,2024,Crystal Palace,Southampton,2,1,3.05417,1.21853
26785,2024-12-29 15:00:00,2024,Everton,Nottingham Forest,0,2,0.615191,2.02753
26786,2024-12-29 15:00:00,2024,Fulham,Bournemouth,2,2,0.961566,1.70692
26790,2024-12-29 15:00:00,2024,Tottenham,Wolverhampton Wanderers,2,2,2.28433,0.640697
26791,2024-12-29 17:15:00,2024,West Ham,Liverpool,0,5,0.518279,3.29868
26787,2024-12-30 19:45:00,2024,Ipswich,Chelsea,2,0,1.50093,1.60622
26782,2024-12-30 19:45:00,2024,Aston Villa,Brighton,2,2,1.87997,0.938042
26789,2024-12-30 20:00:00,2024,Manchester United,Newcastle United,0,2,1.00073,2.2424
26783,2025-01-01 17:30:00,2024,Brentford,Arsenal,1,3,0.272604,1.99848
26800,2025-01-04 12:30:00,2024,Tottenham,Newcastle United,1,2,1.00333,2.42963
26792,2025-01-04 15:00:00,2024,Bournemouth,Everton,1,0,2.61852,0.561015
26793,2025-01-04 15:00:00,2024,Aston Villa,Leicester,2,1,2.3456,0.81548
26795,2025-01-04 15:00:00,2024,Crystal Palace,Chelsea,1,1,1.2766,1.51541
26798,2025-01-04 15:00:00,2024,Manchester City,West Ham,4,1,1.97986,1.53286
26799,2025-01-04 15:00:00,2024,Southampton,Brentford,0,5,0.249614,5.54874
26794,2025-01-04 17:30:00,2024,Brighton,Arsenal,1,1,1.76513,1.81142
26796,2025-01-05 14:00:00,2024,Fulham,Ipswich,2,2,2.65469,1.4434
26797,2025-01-05 16:30:00,2024,Liverpool,Manchester United,2,2,2.862,1.67469
26801,2025-01-06 20:00:00,2024,Wolverhampton Wanderers,Nottingham Forest,0,3,1.90463,2.57227
26809,2025-01-14 19:30:00,2024,Chelsea,Bournemouth,2,2,2.53808,1.14845
26808,2025-01-14 19:30:00,2024,West Ham,Fulham,3,2,0.937322,2.83581
26803,2025-01-14 19:30:00,2024,Brentford,Manchester City,2,2,2.39088,2.65315
26807,2025-01-14 20:00:00,2024,Nottingham Forest,Liverpool,1,1,0.5292,2.72291
26804,2025-01-15 19:30:00,2024,Everton,Aston Villa,0,1,1.23126,1.28522
26806,2025-01-15 19:30:00,2024,Leicester,Crystal Palace,0,2,2.09904,2.2647
26810,2025-01-15 19:30:00,2024,Newcastle United,Wolverhampton Wanderers,3,0,2.13327,1.47433
26802,2025-01-15 20:00:00,2024,Arsenal,Tottenham,2,1,2.25501,0.777071
26805,2025-01-16 19:30:00,2024,Ipswich,Brighton,0,2,0.268127,1.06343
26811,2025-01-16 20:00:00,2024,Manchester United,Southampton,3,1,3.10847,1.36705
26819,2025-01-18 12:30:00,2024,Newcastle United,Bournemouth,1,4,0.837801,2.70174
26813,2025-01-18 15:00:00,2024,Brentford,Liverpool,0,2,1.20021,4.16249
26817,2025-01-18 15:00:00,2024,Leicester,Fulham,0,2,0.676934,2.36823
26821,2025-01-18 15:00:00,2024,West Ham,Crystal Palace,0,2,0.221062,1.62561
26812,2025-01-18 17:30:00,2024,Arsenal,Aston Villa,2,2,1.64458,1.20602
26818,2025-01-19 14:00:00,2024,Manchester United,Brighton,1,3,1.31823,2.17172
26820,2025-01-19 14:00:00,2024,Nottingham Forest,Southampton,3,2,2.36419,1.25922
26815,2025-01-19 14:00:00,2024,Everton,Tottenham,3,2,2.56089,1.35719
26816,2025-01-19 16:30:00,2024,Ipswich,Manchester City,0,6,0.795637,3.20228
26814,2025-01-20 20:00:00,2024,Chelsea,Wolverhampton Wanderers,3,1,3.14882,1.06726
26822,2025-01-25 15:00:00,2024,Bournemouth,Nottingham Forest,5,0,2.8254,0.996166
26824,2025-01-25 15:00:00,2024,Brighton,Everton,0,1,0.64378,0.870883
26827,2025-01-25 15:00:00,2024,Liverpool,Ipswich,4,1,2.16809,0.804707
26829,2025-01-25 15:00:00,2024,Southampton,Newcastle United,1,3,0.825621,3.08319
26831,2025-01-25 15:00:00,2024,Wolverhampton Wanderers,Arsenal,0,1,0.514724,0.887358
26828,2025-01-25 17:30:00,2024,Manchester City,Chelsea,3,1,2.23213,1.49843
26825,2025-01-26 14:00:00,2024,Crystal Palace,Brentford,1,2,1.23177,1.92037
26830,2025-01-26 14:00:00,2024,Tottenham,Leicester,1,2,1.27483,1.40469
26823,2025-01-26 16:30:00,2024,Aston Villa,West Ham,1,1,0.907851,1.67886
26826,2025-01-26 19:00:00,2024,Fulham,Manchester United,0,1,0.560571,0.201988
26840,2025-02-01 12:30:00,2024,Nottingham Forest,Brighton,7,0,4.0677,0.756296
26839,2025-02-01 15:00:00,2024,Newcastle United,Fulham,1,2,1.22716,1.60881
26837,2025-02-01 15:00:00,2024,Ipswich,Southampton,1,2,1.94845,1.17566
26832,2025-02-01 15:00:00,2024,Bournemouth,Liverpool,0,2,1.65273,2.7219
26836,2025-02-01 15:00:00,2024,Everton,Leicester,4,0,3.11261,0.447136
26841,2025-02-01 17:30:00,2024,Wolverhampton Wanderers,Aston Villa,2,0,2.00146,0.742809
26834,2025-02-02 14:00:00,2024,Brentford,Tottenham,0,2,1.66475,0.945355
26838,2025-02-02 14:00:00,2024,Manchester United,Crystal Palace,0,2,1.50706,2.44633
26833,2025-02-02 16:30:00,2024,Arsenal,Manchester City,5,1,1.53202,0.743191
26835,2025-02-03 20:00:00,2024,Chelsea,West Ham,2,1,1.39066,1.1868
26748,2025-02-12 19:30:00,2024,Everton,Liverpool,2,2,0.910523,0.929103
26843,2025-02-14 20:00:00,2024,Brighton,Chelsea,3,0,2.06892,0.649788
26846,2025-02-15 12:30:00,2024,Leicester,Arsenal,0,2,0.233209,1.75
26851,2025-02-15 15:00:00,2024,West Ham,Brentford,0,1,0.673466,1.96499
26848,2025-02-15 15:00:00,2024,Manchester City,Newcastle United,4,0,2.12004,0.157211
26849,2025-02-15 15:00:00,2024,Southampton,Bournemouth,1,3,0.974418,2.08722
26842,2025-02-15 15:00:00,2024,Aston Villa,Ipswich,1,1,2.89841,0.332864
26845,2025-02-15 15:00:00,2024,Fulham,Nottingham Forest,2,1,2.20993,0.331301
26844,2025-02-15 17:30:00,2024,Crystal Palace,Everton,1,2,2.30646,1.01565
26847,2025-02-16 14:00:00,2024,Liverpool,Wolverhampton Wanderers,2,1,1.86758,1.05329
26850,2025-02-16 16:30:00,2024,Tottenham,Manchester United,1,0,1.97109,1.42652
26884,2025-02-19 15:00:00,2024,Aston Villa,Liverpool,2,2,1.02269,2.04279
26858,2025-02-21 20:00:00,2024,Leicester,Brentford,0,4,0.727901,2.03465
26855,2025-02-22 12:30:00,2024,Everton,Manchester United,2,2,2.10444,0.645685
26857,2025-02-22 15:00:00,2024,Ipswich,Tottenham,1,4,1.15389,1.58741
26852,2025-02-22 15:00:00,2024,Bournemouth,Wolverhampton Wanderers,0,1,0.629691,2.10124
26853,2025-02-22 15:00:00,2024,Arsenal,West Ham,0,1,1.37264,1.02684
26856,2025-02-22 15:00:00,2024,Fulham,Crystal Palace,0,2,0.23426,1.46203
26861,2025-02-22 15:00:00,2024,Southampton,Brighton,0,4,0.154147,5.12018
26854,2025-02-22 17:30:00,2024,Aston Villa,Chelsea,2,1,2.69413,2.17418
26860,2025-02-23 14:00:00,2024,Newcastle United,Nottingham Forest,4,3,3.45858,2.38603
26859,2025-02-23 16:30:00,2024,Manchester City,Liverpool,0,2,0.58248,0.807058
26863,2025-02-25 19:30:00,2024,Brighton,Bournemouth,2,1,2.57927,1.70169
26867,2025-02-25 19:30:00,2024,Wolverhampton Wanderers,Fulham,1,2,0.928973,1.43473
26868,2025-02-25 19:30:00,2024,Crystal Palace,Aston Villa,4,1,4.02522,0.667217
26869,2025-02-25 20:15:00,2024,Chelsea,Southampton,4,0,2.98234,0.845039
26862,2025-02-26 19:30:00,2024,Brentford,Everton,1,1,1.34009,1.44955
26864,2025-02-26 19:30:00,2024,Nottingham Forest,Arsenal,0,0,0.508611,1.31766
26865,2025-02-26 19:30:00,2024,Tottenham,Manchester City,0,1,1.28426,2.38641
26871,2025-02-26 19:30:00,2024,Manchester United,Ipswich,3,2,1.40202,1.04498
26870,2025-02-26 20:15:00,2024,Liverpool,Newcastle United,2,0,1.40027,0.45882
26866,2025-02-27 20:00:00,2024,West Ham,Leicester,2,0,1.70437,0.289578
26878,2025-03-08 12:30:00,2024,Nottingham Forest,Manchester City,1,0,0.501476,0.721234
26873,2025-03-08 15:00:00,2024,Brighton,Fulham,2,1,1.94417,0.708227
26875,2025-03-08 15:00:00,2024,Crystal Palace,Ipswich,1,0,3.13879,1.63282
26876,2025-03-08 15:00:00,2024,Liverpool,Southampton,3,1,4.98996,0.511566
26872,2025-03-08 17:30:00,2024,Brentford,Aston Villa,0,1,0.637743,1.29638
26881,2025-03-08 20:00:00,2024,Wolverhampton Wanderers,Everton,1,1,0.812432,1.3672
26874,2025-03-09 14:00:00,2024,Chelsea,Leicester,1,0,1.76844,0.108487
26879,2025-03-09 14:00:00,2024,Tottenham,Bournemouth,2,2,1.35053,2.22536
26877,2025-03-09 16:30:00,2024,Manchester United,Arsenal,1,1,1.31107,1.82996
26880,2025-03-10 20:00:00,2024,West Ham,Newcastle United,0,1,0.823986,1.62976
26885,2025-03-15 15:00:00,2024,Everton,West Ham,1,1,1.189,0.516029
26887,2025-03-15 15:00:00,2024,Ipswich,Nottingham Forest,2,4,0.520839,1.30722
26889,2025-03-15 15:00:00,2024,Manchester City,Brighton,2,2,2.02642,2.11119
26891,2025-03-15 15:00:00,2024,Southampton,Wolverhampton Wanderers,1,2,1.2821,0.540718
26882,2025-03-15 17:30:00,2024,Bournemouth,Brentford,1,2,2.02714,1.60321
26883,2025-03-16 13:30:00,2024,Arsenal,Chelsea,1,0,0.695725,0.286036
26886,2025-03-16 13:30:00,2024,Fulham,Tottenham,2,0,1.03966,1.40865
26888,2025-03-16 19:00:00,2024,Leicester,Manchester United,0,3,1.30455,1.13892
26892,2025-04-01 19:45:00,2024,Arsenal,Fulham,2,1,2.30189,1.44206
26895,2025-04-01 19:45:00,2024,Wolverhampton Wanderers,West Ham,1,0,1.10359,1.73057
26894,2025-04-01 20:00:00,2024,Nottingham Forest,Manchester United,1,0,0.512063,1.86688
26893,2025-04-02 19:45:00,2024,Brighton,Aston Villa,0,3,0.558009,1.20715
26896,2025-04-02 19:45:00,2024,Bournemouth,Ipswich,1,2,1.99637,1.41263
26898,2025-04-02 19:45:00,2024,Manchester City,Leicester,2,0,2.07165,0.104741
26899,2025-04-02 19:45:00,2024,Newcastle United,Brentford,2,1,2.26584,1.53201
26900,2025-04-02 19:45:00,2024,Southampton,Crystal Palace,1,1,0.687304,0.93776
26901,2025-04-02 20:00:00,2024,Liverpool,Everton,1,0,1.29718,0.823136
26897,2025-04-03 19:00:00,2024,Chelsea,Tottenham,1,0,1.30443,1.40274
26905,2025-04-05 11:30:00,2024,Everton,Arsenal,1,1,1.22875,1.4031
26904,2025-04-05 14:00:00,2024,Crystal Palace,Brighton,2,1,0.443965,1.27226
26907,2025-04-05 14:00:00,2024,Ipswich,Wolverhampton Wanderers,1,2,0.872356,2.8096
26911,2025-04-05 14:00:00,2024,West Ham,Bournemouth,2,2,0.907832,1.94869
26902,2025-04-05 16:30:00,2024,Aston Villa,Nottingham Forest,2,1,2.63349,0.96769
26906,2025-04-06 13:00:00,2024,Fulham,Liverpool,3,2,1.72764,1.40638
26910,2025-04-06 13:00:00,2024,Tottenham,Southampton,3,1,2.648,0.780439
26903,2025-04-06 13:00:00,2024,Brentford,Chelsea,0,0,1.36123,1.47829
26909,2025-04-06 15:30:00,2024,Manchester United,Manchester City,0,0,1.23317,0.687894
26908,2025-04-07 19:00:00,2024,Leicester,Newcastle United,0,3,0.354575,3.44111
26917,2025-04-12 11:30:00,2024,Manchester City,Crystal Palace,5,2,4.59724,1.33808
26914,2025-04-12 14:00:00,2024,Brighton,Leicester,2,2,3.6978,1.98444
26920,2025-04-12 14:00:00,2024,Nottingham Forest,Everton,0,1,0.423949,1.26036
26921,2025-04-12 14:00:00,2024,Southampton,Aston Villa,0,3,0.412256,2.99927
26913,2025-04-12 16:30:00,2024,Arsenal,Brentford,1,1,0.767369,0.588583
26915,2025-04-13 13:00:00,2024,Chelsea,Ipswich,2,2,2.90758,1.60301
26916,2025-04-13 13:00:00,2024,Liverpool,West Ham,2,1,1.42902,1.46598
26919,2025-04-13 13:00:00,2024,Wolverhampton Wanderers,Tottenham,4,2,2.22977,1.62887
26918,2025-04-13 15:30:00,2024,Newcastle United,Manchester United,4,1,2.6383,0.786568
26912,2025-04-14 19:00:00,2024,Bournemouth,Fulham,1,0,1.8577,1.07203
26890,2025-04-16 18:30:00,2024,Newcastle United,Crystal Palace,5,0,2.32947,2.37548
26931,2025-04-19 14:00:00,2024,West Ham,Southampton,1,1,0.98423,0.922877
26925,2025-04-19 14:00:00,2024,Everton,Manchester City,0,2,0.81683,1.87989
26923,2025-04-19 14:00:00,2024,Brentford,Brighton,4,2,2.95516,1.24107
26924,2025-04-19 14:00:00,2024,Crystal Palace,Bournemouth,0,0,0.337818,0.664093
26922,2025-04-19 16:30:00,2024,Aston Villa,Newcastle United,4,1,3.05371,1.27176
26926,2025-04-20 13:00:00,2024,Fulham,Chelsea,1,2,0.306122,0.75172
26927,2025-04-20 13:00:00,2024,Ipswich,Arsenal,0,4,0.192879,2.81362
26929,2025-04-20 13:00:00,2024,Manchester United,Wolverhampton Wanderers,0,1,1.13966,0.187814
26928,2025-04-20 15:30:00,2024,Leicester,Liverpool,0,1,0.232205,4.52706
26930,2025-04-21 19:00:00,2024,Tottenham,Nottingham Forest,1,2,2.4024,0.557682
26937,2025-04-22 19:00:00,2024,Manchester City,Aston Villa,2,1,1.36232,1.85906
26933,2025-04-23 19:00:00,2024,Arsenal,Crystal Palace,2,2,1.92149,2.50515
26935,2025-04-26 11:30:00,2024,Chelsea,Everton,1,0,0.768313,0.916838
26934,2025-04-26 14:00:00,2024,Brighton,West Ham,3,2,1.29433,1.24134
26938,2025-04-26 14:00:00,2024,Newcastle United,Ipswich,3,0,4.11539,0.127203
26940,2025-04-26 14:00:00,2024,Southampton,Fulham,1,2,0.935581,1.9956
26941,2025-04-26 14:00:00,2024,Wolverhampton Wanderers,Leicester,3,0,2.57666,1.04978
26932,2025-04-27 13:00:00,2024,Bournemouth,Manchester United,1,1,0.60995,1.91039
26936,2025-04-27 15:30:00,2024,Liverpool,Tottenham,5,1,2.51104,0.512812
26939,2025-05-01 18:30:00,2024,Nottingham Forest,Brentford,0,2,0.670607,1.52054
26942,2025-05-02 19:00:00,2024,Manchester City,Wolverhampton Wanderers,1,0,0.859463,0.622455
26946,2025-05-03 11:30:00,2024,Aston Villa,Fulham,1,0,1.29013,0.702787
26950,2025-05-03 14:00:00,2024,Everton,Ipswich,2,2,0.808481,1.14351
26951,2025-05-03 14:00:00,2024,Leicester,Southampton,2,0,1.60739,0.550774
26945,2025-05-03 16:30:00,2024,Arsenal,Bournemouth,1,2,2.05484,1.41783
26943,2025-05-04 13:00:00,2024,West Ham,Tottenham,1,1,1.15166,0.847022
26944,2025-05-04 13:00:00,2024,Brighton,Newcastle United,1,1,0.687863,1.63777
26947,2025-05-04 13:00:00,2024,Brentford,Manchester United,4,3,3.58737,1.13404
26948,2025-05-04 15:30:00,2024,Chelsea,Liverpool,3,1,3.51944,1.4267
26949,2025-05-05 19:00:00,2024,Crystal Palace,Nottingham Forest,1,1,2.34037,0.63684
26961,2025-05-10 14:00:00,2024,Wolverhampton Wanderers,Brighton,0,2,0.73395,1.41254
26959,2025-05-10 14:00:00,2024,Southampton,Manchester City,0,0,0.136995,1.58463
26954,2025-05-10 14:00:00,2024,Ipswich,Brentford,0,1,0.717433,1.32077
26953,2025-05-10 14:00:00,2024,Fulham,Everton,1,3,1.20869,1.32604
26955,2025-05-10 16:30:00,2024,Bournemouth,Aston Villa,0,1,1.02272,1.12376
26957,2025-05-11 11:00:00,2024,Newcastle United,Chelsea,2,0,1.6703,0.646426
26956,2025-05-11 13:15:00,2024,Manchester United,West Ham,0,2,2.31287,2.15985
26958,2025-05-11 13:15:00,2024,Nottingham Forest,Leicester,2,2,1.76909,1.22949
26960,2025-05-11 13:15:00,2024,Tottenham,Crystal Palace,0,2,0.806792,3.98546
26952,2025-05-11 15:30:00,2024,Liverpool,Arsenal,2,2,2.74682,2.18795
26963,2025-05-16 18:30:00,2024,Aston Villa,Tottenham,2,0,1.69061,0.523016
26966,2025-05-16 19:15:00,2024,Chelsea,Manchester United,1,0,1.29571,0.337632
26968,2025-05-18 11:00:00,2024,Everton,Southampton,2,0,2.67793,1.05025
26971,2025-05-18 13:15:00,2024,West Ham,Nottingham Forest,1,2,0.850457,2.14756
26964,2025-05-18 14:00:00,2024,Brentford,Fulham,2,3,2.43045,1.61741
26969,2025-05-18 14:00:00,2024,Leicester,Ipswich,2,0,0.788544,1.36957
26962,2025-05-18 15:30:00,2024,Arsenal,Newcastle United,1,0,1.15958,2.24634
26965,2025-05-19 19:00:00,2024,Brighton,Liverpool,3,2,2.17789,3.065
26967,2025-05-20 19:00:00,2024,Crystal Palace,Wolverhampton Wanderers,4,2,1.68451,1.42886
26970,2025-05-20 19:00:00,2024,Manchester City,Bournemouth,3,1,1.59779,0.962014
26978,2025-05-25 15:00:00,2024,Wolverhampton Wanderers,Brentford,1,1,1.10889,1.97196
26977,2025-05-25 15:00:00,2024,Southampton,Arsenal,1,2,0.598144,2.40711
26979,2025-05-25 15:00:00,2024,Bournemouth,Leicester,2,0,2.72449,0.156702
26976,2025-05-25 15:00:00,2024,Tottenham,Brighton,1,4,1.85265,3.11624
26980,2025-05-25 15:00:00,2024,Ipswich,West Ham,1,3,0.893095,0.967379
26974,2025-05-25 15:00:00,2024,Manchester United,Aston Villa,2,0,2.96259,0.335222
26973,2025-05-25 15:00:00,2024,Newcastle United,Everton,0,1,1.1591,1.07279
26972,2025-05-25 15:00:00,2024,Nottingham Forest,Chelsea,0,1,1.58014,1.30874
26975,2025-05-25 15:00:00,2024,Liverpool,Crystal Palace,1,1,1.92122,1.4144
26981,2025-05-25 15:00:00,2024,Fulham,Manchester City,0,2,2.21797,2.45923
