match_id,date,season,team,goals,xg,venue,raw_spread,rolling_spread,z_spread,match_num
88,2015-08-09 16:30:00,2015,Arsenal,0,1.33166,home,1.33166,,,1
98,2015-08-16 16:30:00,2015,Arsenal,2,2.05542,away,0.0554199999999998,,,2
110,2015-08-24 23:00:00,2015,Arsenal,0,1.83755,home,1.83755,1.0748766666666667,1.3946204252050745,3
111,2015-08-29 15:45:00,2015,Arsenal,1,2.33948,away,1.33948,1.1410274999999999,1.5086425799157424,4
122,2015-09-12 18:00:00,2015,Arsenal,2,4.42684,home,2.4268400000000003,1.39819,1.9519056634362162,5
131,2015-09-19 15:45:00,2015,Arsenal,0,0.775312,away,0.775312,1.2869204,1.7601136797757306,6
144,2015-09-26 18:00:00,2015,Arsenal,5,3.89623,away,-1.10377,1.0550824,1.360501657193824,7
160,2015-10-04 19:00:00,2015,Arsenal,3,2.16952,home,-0.8304800000000001,0.5214764000000001,0.4407414240920856,8
168,2015-10-17 20:30:00,2015,Arsenal,3,2.69046,away,-0.30954000000000015,0.19167240000000002,-0.127731576432432,9
176,2015-10-24 20:30:00,2015,Arsenal,2,2.55754,home,0.5575399999999999,-0.18218760000000006,-0.7721425477247638,10
185,2015-10-31 19:00:00,2015,Arsenal,3,2.17657,away,-0.8234300000000001,-0.501936,-1.3232830201293242,11
199,2015-11-08 20:00:00,2015,Arsenal,1,2.01767,home,1.0176699999999999,-0.07764800000000012,-0.5919508578555298,12
204,2015-11-21 19:00:00,2015,Arsenal,1,2.08956,away,1.08956,0.3063599999999999,0.06995190859187211,13
220,2015-11-29 20:15:00,2015,Arsenal,1,1.65699,away,0.65699,0.49966599999999994,0.4031475091285315,14
225,2015-12-05 19:00:00,2015,Arsenal,3,2.29559,home,-0.7044100000000002,0.2472759999999999,-0.03188936308157815,15
237,2015-12-13 17:30:00,2015,Arsenal,2,1.68498,away,-0.3150200000000001,0.34895799999999993,0.14337676964978352,16
250,2015-12-22 00:00:00,2015,Arsenal,2,1.50109,home,-0.49890999999999996,0.04564199999999996,-0.3794396808089573,17
260,2015-12-26 23:45:00,2015,Arsenal,0,0.83106,away,0.83106,-0.006058000000000052,-0.4685533790270431,18
266,2015-12-28 21:30:00,2015,Arsenal,2,3.12958,home,1.1295799999999998,0.08845999999999991,-0.30563561252458604,19
273,2016-01-02 19:00:00,2015,Arsenal,1,1.93025,home,0.93025,0.41539199999999993,0.25788701002541814,20
289,2016-01-14 00:00:00,2015,Arsenal,3,2.22912,away,-0.77088,0.32421999999999995,0.10073664070357455,21
299,2016-01-17 20:15:00,2015,Arsenal,0,0.585841,away,0.585841,0.5411701999999999,0.4746870208032525,22
310,2016-01-24 20:00:00,2015,Arsenal,0,1.10907,home,1.10907,0.5967722,0.5705264762833687,23
311,2016-02-02 23:45:00,2015,Arsenal,0,3.38487,home,3.38487,1.0478302,1.348001263340493,24
329,2016-02-07 17:30:00,2015,Arsenal,2,1.13957,away,-0.86043,0.6896941999999999,0.73069326672478,25
338,2016-02-14 16:00:00,2015,Arsenal,2,2.36319,home,0.3631899999999999,0.9165081999999998,1.12164557518971,26
348,2016-02-28 18:05:00,2015,Arsenal,2,1.5435,away,-0.4564999999999999,0.7080399999999999,0.7623153573392742,27
355,2016-03-02 23:45:00,2015,Arsenal,1,1.4928,home,0.4927999999999999,0.5847859999999999,0.5498662323843044,28
359,2016-03-05 16:45:00,2015,Arsenal,2,0.543157,away,-1.456843,-0.3835566,-1.1192360931111798,29
374,2016-03-19 16:45:00,2015,Arsenal,2,1.92384,away,-0.07616,-0.22670260000000003,-0.84887168266051,30
385,2016-04-02 18:00:00,2015,Arsenal,4,3.00742,home,-0.9925799999999998,-0.4978566,-1.31625148394923,31
394,2016-04-09 15:45:00,2015,Arsenal,3,1.46966,away,-1.53034,-0.7126246,-1.6864404730962679,32
413,2016-04-17 19:00:00,2015,Arsenal,1,1.73461,home,0.73461,-0.6642626,-1.6030803827051059,33
419,2016-04-21 22:45:00,2015,Arsenal,2,1.37348,home,-0.62652,-0.49819800000000003,-1.3168399446179275,34
424,2016-04-24 17:05:00,2015,Arsenal,0,0.97303,away,0.97303,-0.28836000000000006,-0.955148644682015,35
432,2016-04-30 20:30:00,2015,Arsenal,1,0.781508,home,-0.21849200000000002,-0.1335424,-0.6882943142129953,36
446,2016-05-08 19:00:00,2015,Arsenal,2,1.08084,away,-0.91916,-0.011306400000000005,-0.4775998845150082,37
451,2016-05-15 18:00:00,2015,Arsenal,4,3.40207,home,-0.5979299999999999,-0.27781439999999996,-0.9369715186485789,38
469,2016-08-14 19:00:00,2016,Arsenal,3,1.18197,home,-1.81803,-0.5161163999999999,-0.41423931125731006,1
478,2016-08-20 20:30:00,2016,Arsenal,0,0.521509,away,0.521509,-0.6064206000000001,-0.7259309278622557,2
482,2016-08-27 18:00:00,2016,Arsenal,3,2.03271,away,-0.9672900000000002,-0.7561802,-1.242837249230585,3
494,2016-09-10 18:00:00,2016,Arsenal,2,1.89219,home,-0.10780999999999996,-0.5939102,-0.6827503581836082,4
502,2016-09-17 18:00:00,2016,Arsenal,4,3.63453,away,-0.3654700000000002,-0.5474182000000001,-0.5222797860596416,5
518,2016-09-24 20:30:00,2016,Arsenal,3,1.66224,home,-1.33776,-0.4513642000000001,-0.19074231004666137,6
530,2016-10-02 19:30:00,2016,Arsenal,1,1.85433,away,0.85433,-0.3848000000000001,0.039008943007071285,7
532,2016-10-15 18:00:00,2016,Arsenal,3,3.50519,home,0.5051899999999998,-0.09030400000000008,1.0554836399058853,8
547,2016-10-22 18:00:00,2016,Arsenal,0,0.711811,home,0.711811,0.07362019999999991,1.6212801244400745,9
2677,2016-10-29 15:30:00,2016,Arsenal,4,2.48348,away,-1.5165199999999999,-0.15658980000000003,0.8266933050161233,10
2692,2016-11-06 16:00:00,2016,Arsenal,1,0.675745,home,-0.32425499999999996,0.0461112,1.5263307789922946,11
2697,2016-11-19 16:30:00,2016,Arsenal,1,0.575813,away,-0.424187,-0.20959219999999998,0.643751606402527,12
2714,2016-11-27 18:15:00,2016,Arsenal,3,2.8697,home,-0.13030000000000008,-0.33669019999999994,0.20506347132957045,13
3111,2016-12-03 21:30:00,2016,Arsenal,5,2.96923,away,-2.03077,-0.8852063999999998,-1.6881807090297185,14
3118,2016-12-10 19:00:00,2016,Arsenal,3,1.58027,home,-1.41973,-0.8658484,-1.6213651421542188,15
3126,2016-12-13 23:45:00,2016,Arsenal,1,1.3508,away,0.3508,-0.7308374,-1.155364703088813,16
3142,2016-12-18 20:00:00,2016,Arsenal,1,0.609893,away,-0.390107,-0.7240214,-1.1318387756260895,17
3149,2016-12-26 19:00:00,2016,Arsenal,1,1.97881,home,0.97881,-0.5021994,-0.3662037577803842,18
3329,2017-01-01 20:00:00,2016,Arsenal,2,1.67138,home,-0.3286199999999999,-0.16176939999999998,0.8088155330258177,19
3336,2017-01-03 23:45:00,2016,Arsenal,3,1.12629,away,-1.87371,-0.2525654,0.4954264323941462,20
3343,2017-01-14 19:00:00,2016,Arsenal,4,2.31811,away,-1.68189,-0.6591034,-0.9077695034686502,21
3358,2017-01-22 17:15:00,2016,Arsenal,2,1.86443,home,-0.13556999999999997,-0.6081960000000001,-0.7320588521018858,22
3360,2017-01-31 22:45:00,2016,Arsenal,1,1.07765,home,0.07765,-0.788428,-1.3541429129090512,23
3370,2017-02-04 12:30:00,2016,Arsenal,1,0.950035,away,-0.04996500000000004,-0.7326970000000002,-1.161783249847863,24
3380,2017-02-11 12:30:00,2016,Arsenal,2,3.1235,home,1.1235,-0.13325500000000004,0.9072350908373041,25
3401,2017-03-04 17:30:00,2016,Arsenal,1,0.729203,away,-0.27079699999999995,0.1489636,1.8813334347679775,26
3420,2017-03-18 12:30:00,2016,Arsenal,1,0.995221,away,-0.004778999999999978,0.1751218,1.971620394239137,27
3430,2017-04-02 16:00:00,2016,Arsenal,2,0.738497,home,-1.261503,-0.09270880000000001,1.0471832950757272,28
3440,2017-04-05 19:45:00,2016,Arsenal,3,2.16023,home,-0.8397700000000001,-0.2506698,0.5019692358123298,29
3459,2017-04-10 20:00:00,2016,Arsenal,0,0.44226,away,0.44226,-0.38691780000000003,0.03169919987612128,30
3461,2017-04-17 20:00:00,2016,Arsenal,2,1.0689,away,-0.9311,-0.5189784000000001,-0.4241177156584719,31
3410,2017-04-26 19:45:00,2016,Arsenal,1,0.410203,home,-0.589797,-0.635982,-0.8279642835102256,32
3487,2017-04-30 16:30:00,2016,Arsenal,0,0.589537,away,0.589537,-0.26577400000000007,0.44983597384306995,33
3490,2017-05-07 16:00:00,2016,Arsenal,2,1.03986,home,-0.96014,-0.289848,0.36674278462100246,34
3390,2017-05-10 19:45:00,2016,Arsenal,2,1.35954,away,-0.64046,-0.5063920000000001,-0.380674826366097,35
3505,2017-05-13 17:30:00,2016,Arsenal,4,2.63639,away,-1.36361,-0.592894,-0.6792428688221616,36
3470,2017-05-16 19:45:00,2016,Arsenal,2,3.83905,home,1.8390499999999999,-0.10712460000000004,0.997426096555021,37
3510,2017-05-21 15:00:00,2016,Arsenal,3,3.35075,home,0.3507500000000001,-0.15488200000000002,0.8325879028624906,38
7119,2017-08-11 19:45:00,2017,Arsenal,4,2.54329,home,-1.4567100000000002,-0.25419600000000003,-0.451701956572397,1
7135,2017-08-19 17:30:00,2017,Arsenal,0,1.40658,away,1.40658,0.15521199999999996,0.4108762976975354,2
7148,2017-08-27 16:00:00,2017,Arsenal,0,0.484816,away,0.484816,0.5248972,1.189762920444113,3
7152,2017-09-09 15:00:00,2017,Arsenal,3,2.48732,home,-0.51268,0.05455119999999998,0.198794909113495,4
7167,2017-09-17 13:30:00,2017,Arsenal,0,1.42208,away,1.42208,0.2688172,0.650230133216105,5
7178,2017-09-25 20:00:00,2017,Arsenal,2,2.39316,home,0.39315999999999995,0.6387912,1.429725226241312,6
7186,2017-10-01 12:00:00,2017,Arsenal,2,2.47818,home,0.47818000000000005,0.45311120000000005,1.0385176038869834,7
7198,2017-10-14 17:30:00,2017,Arsenal,1,0.988468,away,-0.011531999999999987,0.3538416,0.8293673228224352,8
7200,2017-10-22 13:30:00,2017,Arsenal,5,3.86029,away,-1.13971,0.2284356,0.5651504815419152,9
7209,2017-10-28 15:00:00,2017,Arsenal,2,2.37777,home,0.37776999999999994,0.019573599999999924,0.12510089935659718,10
7228,2017-11-05 14:15:00,2017,Arsenal,1,0.340407,away,-0.659593,-0.19097700000000006,-0.31850637989414243,11
7236,2017-11-18 12:30:00,2017,Arsenal,2,2.24246,home,0.2424599999999999,-0.2381210000000001,-0.4178336749623916,12
7248,2017-11-26 14:00:00,2017,Arsenal,1,1.75184,away,0.7518400000000001,-0.08544660000000008,-0.09616527223526022,13
7254,2017-11-29 19:45:00,2017,Arsenal,5,4.47889,home,-0.5211100000000002,0.03827339999999988,0.16449934989785883,14
7266,2017-12-02 17:30:00,2017,Arsenal,1,4.24057,home,3.24057,0.6108334,1.3708211737625429,15
7278,2017-12-10 12:00:00,2017,Arsenal,1,0.608352,away,-0.391648,0.6644224,1.4837273848479917,16
7286,2017-12-13 20:00:00,2017,Arsenal,0,1.02186,away,1.02186,0.8203023999999999,1.8121496391165868,17
7289,2017-12-16 15:00:00,2017,Arsenal,1,2.02472,home,1.0247199999999999,0.8748783999999998,1.927135352158432,18
7301,2017-12-22 19:45:00,2017,Arsenal,3,1.13104,home,-1.86896,0.6053084,1.3591805979681242,19
7311,2017-12-28 20:00:00,2017,Arsenal,3,1.84104,away,-1.15896,-0.2745976,-0.4946859151474942,20
7328,2017-12-31 16:30:00,2017,Arsenal,1,0.917801,away,-0.08219900000000002,-0.2127078,-0.36429081871284896,21
7330,2018-01-03 19:45:00,2017,Arsenal,2,1.23205,home,-0.7679499999999999,-0.5706697999999999,-1.1184779304814843,22
7339,2018-01-14 13:30:00,2017,Arsenal,1,1.00956,away,0.009560000000000013,-0.7737018,-1.5462443349507007,23
7349,2018-01-20 15:00:00,2017,Arsenal,4,3.56519,home,-0.43481000000000014,-0.4868718,-0.9419246326677833,24
7361,2018-01-30 19:45:00,2017,Arsenal,1,1.15616,away,0.15616000000000008,-0.22384779999999999,-0.38776159054087145,25
7369,2018-02-03 17:30:00,2017,Arsenal,5,3.19622,home,-1.8037800000000002,-0.568164,-1.113198481644262,26
7387,2018-02-10 12:30:00,2017,Arsenal,0,0.487297,away,0.487297,-0.3171146,-0.5842646230300825,27
7389,2018-03-01 19:45:00,2017,Arsenal,0,1.30172,home,1.30172,-0.05868260000000003,-0.03977642688470403,28
7399,2018-03-04 13:30:00,2017,Arsenal,1,0.801513,away,-0.19848699999999997,-0.011418000000000017,0.059804959304053044,29
7409,2018-03-11 13:30:00,2017,Arsenal,3,2.38263,home,-0.6173700000000002,-0.16612400000000008,-0.26614380428895007,30
7429,2018-04-01 13:30:00,2017,Arsenal,3,3.56649,home,0.5664899999999999,0.3079299999999999,0.7326365608960941,31
7439,2018-04-08 13:15:00,2017,Arsenal,3,1.58895,home,-1.41105,-0.07173940000000005,-0.06728568842905995,32
7454,2018-04-15 12:30:00,2017,Arsenal,1,1.41538,away,0.4153800000000001,-0.24900740000000005,-0.44077013909422125,33
7459,2018-04-22 12:30:00,2017,Arsenal,4,2.07299,home,-1.9270100000000001,-0.5947120000000001,-1.169132238420774,34
7473,2018-04-29 15:30:00,2017,Arsenal,1,0.651541,away,-0.34845899999999996,-0.5409298,-1.055818975888541,35
7487,2018-05-06 16:30:00,2017,Arsenal,5,2.92408,home,-2.07592,-1.0694118,-2.169273234166548,36
7422,2018-05-09 19:45:00,2017,Arsenal,1,1.54443,away,0.54443,-0.6783158,-1.3452763778961445,37
7494,2018-05-13 15:00:00,2017,Arsenal,1,2.3322,away,1.3321999999999998,-0.4949518000000001,-0.9589483163635125,38
9206,2018-08-12 18:00:00,2018,Arsenal,0,0.445187,home,0.445187,-0.020512400000000097,0.3948231278225438,1
9212,2018-08-18 19:30:00,2018,Arsenal,2,2.45798,away,0.45798000000000005,0.1407753999999999,0.70205425783317,2
9222,2018-08-25 17:00:00,2018,Arsenal,3,1.7852,home,-1.2148,0.31299939999999987,1.0301173483765966,3
9235,2018-09-02 12:30:00,2018,Arsenal,3,1.41005,away,-1.58995,-0.11387660000000013,0.21697713656630424,4
9238,2018-09-15 14:00:00,2018,Arsenal,2,0.90461,away,-1.09539,-0.5993946000000001,-0.7078680394513438,5
9256,2018-09-23 15:00:00,2018,Arsenal,2,0.930544,home,-1.069456,-0.9023232,-1.2849054600779315,6
9263,2018-09-29 14:00:00,2018,Arsenal,2,1.57061,home,-0.42938999999999994,-1.0797972000000002,-1.622969080311489,7
9274,2018-10-07 11:00:00,2018,Arsenal,5,1.13706,away,-3.86294,-1.6094252,-2.6318377543542115,8
9286,2018-10-22 19:00:00,2018,Arsenal,3,2.91637,home,-0.08362999999999987,-1.3081612,-2.0579711683413744,9
9294,2018-10-28 12:30:00,2018,Arsenal,2,0.845197,away,-1.154803,-1.3200438,-2.0806058910263157,10
9303,2018-11-03 17:30:00,2018,Arsenal,1,1.62321,home,0.62321,-0.9815106,-1.4357465924177828,11
9316,2018-11-11 16:30:00,2018,Arsenal,1,0.965843,home,-0.03415699999999999,-0.9024640000000002,-1.285173664759907,12
9324,2018-11-25 13:30:00,2018,Arsenal,2,1.71044,away,-0.28956000000000004,-0.18778800000000007,0.07618606034933446,13
9336,2018-12-02 14:05:00,2018,Arsenal,4,2.71421,home,-1.28579,-0.42822000000000016,-0.3818039119282644,14
9344,2018-12-05 20:00:00,2018,Arsenal,2,1.73226,away,-0.2677400000000001,-0.2508074000000001,-0.04385725027051202,15
9356,2018-12-08 15:00:00,2018,Arsenal,1,2.02156,home,1.02156,-0.1711374000000001,0.10790316885571201,16
9360,2018-12-16 13:30:00,2018,Arsenal,2,1.85763,away,-0.1423700000000001,-0.19278000000000012,0.06667698526111909,17
9376,2018-12-22 12:30:00,2018,Arsenal,3,1.4656,home,-1.5344,-0.44174800000000014,-0.4075728958612323,18
9386,2018-12-26 17:15:00,2018,Arsenal,1,0.789138,away,-0.210862,-0.22676240000000014,0.0019451757102844315,19
9391,2018-12-29 17:30:00,2018,Arsenal,1,1.08186,away,0.08186000000000004,-0.1568424000000001,0.13513318255483805,20
9406,2019-01-01 15:00:00,2018,Arsenal,4,4.43325,home,0.43325000000000014,-0.2745044000000001,-0.08899678399756267,21
9407,2019-01-12 12:30:00,2018,Arsenal,0,0.685895,away,0.685895,-0.10885140000000007,0.2265494530994172,22
9426,2019-01-19 17:30:00,2018,Arsenal,2,2.09412,home,0.0941200000000002,0.2168526,0.8469708858983086,23
9431,2019-01-29 19:45:00,2018,Arsenal,2,2.69339,home,0.69339,0.39770300000000003,1.191466084883438,24
9439,2019-02-03 16:30:00,2018,Arsenal,1,0.703542,away,-0.296458,0.3220393999999999,1.047337308071602,25
9456,2019-02-09 15:00:00,2018,Arsenal,2,1.46751,away,-0.5324899999999999,0.12889139999999996,0.6794168683403115,26
9466,2019-02-24 14:05:00,2018,Arsenal,2,2.35088,home,0.3508800000000001,0.061888399999999955,0.551785346277874,27
9470,2019-02-27 19:45:00,2018,Arsenal,5,3.18716,home,-1.81284,-0.3195036000000001,-0.17471408602272623,28
9480,2019-03-02 12:30:00,2018,Arsenal,1,3.45713,away,2.45713,0.03324439999999988,0.4972224562885234,29
9496,2019-03-10 16:30:00,2018,Arsenal,2,1.52723,home,-0.4727699999999999,-0.0020180000000000974,0.43005242235609514,30
9507,2019-04-01 20:00:00,2018,Arsenal,2,1.04458,home,-0.9554199999999999,-0.0866040000000001,0.268927697714313,31
9524,2019-04-07 14:05:00,2018,Arsenal,0,0.201885,away,0.201885,-0.11640300000000012,0.21216469119313378,32
9527,2019-04-15 20:00:00,2018,Arsenal,1,2.2668,away,1.2668,0.4995249999999999,1.3854230247136168,33
9546,2019-04-21 16:00:00,2018,Arsenal,2,1.54245,home,-0.4575499999999999,-0.08341100000000008,0.2750099246287103,34
9497,2019-04-24 19:45:00,2018,Arsenal,1,0.939754,away,-0.06024600000000002,-0.0009062000000001014,0.432170248815045,35
9552,2019-04-28 12:00:00,2018,Arsenal,0,0.600697,away,0.600697,0.3103171999999999,1.0250081253794792,36
9566,2019-05-05 15:30:00,2018,Arsenal,1,2.36178,home,1.36178,0.5422961999999998,1.4668962924245688,37
9575,2019-05-12 14:00:00,2018,Arsenal,3,2.87276,away,-0.12724000000000002,0.2634881999999999,0.9358053054063156,38
11650,2019-08-11 14:00:00,2019,Arsenal,1,1.13309,away,0.13308999999999993,0.38161619999999985,1.6462895102490234,1
11653,2019-08-17 12:30:00,2019,Arsenal,2,1.1644,home,-0.8355999999999999,0.22654539999999987,1.1074689386858565,2
11670,2019-08-24 17:30:00,2019,Arsenal,1,0.985542,away,-0.014457999999999971,0.10351439999999987,0.6799762467026591,3
11682,2019-09-01 16:30:00,2019,Arsenal,2,1.92509,home,-0.07491000000000003,-0.18382360000000014,-0.3184298064796114,4
11691,2019-09-15 15:30:00,2019,Arsenal,2,1.00616,away,-0.9938400000000001,-0.3571436000000001,-0.9206604099415658,5
11702,2019-09-22 15:30:00,2019,Arsenal,3,2.53209,home,-0.4679099999999998,-0.4773436000000001,-1.338316298102926,6
11712,2019-09-30 19:00:00,2019,Arsenal,1,1.70399,away,0.7039899999999999,-0.16942560000000012,-0.26840144144011663,7
11722,2019-10-06 14:00:00,2019,Arsenal,1,1.24109,home,0.24109000000000003,-0.11831600000000013,-0.0908122119761245,8
11730,2019-10-21 20:00:00,2019,Arsenal,0,0.949735,away,0.949735,0.08661299999999987,0.6212493812436707,9
11733,2019-10-27 16:30:00,2019,Arsenal,2,1.54014,home,-0.45985999999999994,0.1934089999999999,0.9923307309282017,10
11743,2019-11-02 15:00:00,2019,Arsenal,1,1.02552,home,0.025519999999999987,0.2920949999999999,1.3352324695229771,11
11762,2019-11-09 17:30:00,2019,Arsenal,0,0.961339,away,0.961339,0.3435647999999999,1.5140732767816092,12
11763,2019-11-23 15:00:00,2019,Arsenal,2,1.60823,home,-0.39176999999999995,0.21699279999999987,1.0742767620032425,13
11781,2019-12-01 14:00:00,2019,Arsenal,2,1.96157,away,-0.038429999999999964,0.019359799999999906,0.38756639474039634,14
11783,2019-12-05 20:15:00,2019,Arsenal,1,0.965377,home,-0.03462299999999996,0.1044071999999999,0.6830784361947596,15
11802,2019-12-09 20:00:00,2019,Arsenal,3,1.79181,away,-1.20819,-0.14233480000000012,-0.1742697265066576,16
11803,2019-12-15 16:30:00,2019,Arsenal,0,0.28161,home,0.28161,-0.2782806000000001,-0.6466371461473117,17
11816,2019-12-21 12:30:00,2019,Arsenal,0,0.881818,away,0.881818,-0.023563000000000132,0.23842363137623288,18
11824,2019-12-26 15:00:00,2019,Arsenal,1,1.42464,away,0.4246399999999999,0.06905099999999983,0.5602271457370998,19
11833,2019-12-29 14:00:00,2019,Arsenal,1,0.785214,home,-0.21478600000000003,0.03301839999999982,0.4350255853730146,20
11844,2020-01-01 20:00:00,2019,Arsenal,2,1.90747,home,-0.09253,0.25615039999999983,1.2103366805246005,21
11859,2020-01-11 12:30:00,2019,Arsenal,1,1.43924,away,0.4392400000000001,0.2876763999999999,1.319879272289784,22
11863,2020-01-18 15:00:00,2019,Arsenal,1,1.22882,home,0.22882000000000002,0.15707679999999985,0.8660881580508624,23
11881,2020-01-21 20:15:00,2019,Arsenal,2,0.568077,away,-1.4319229999999998,-0.21423580000000006,-0.4241023056638118,24
11884,2020-02-02 14:00:00,2019,Arsenal,0,1.48025,away,1.48025,0.12477139999999995,0.7538374048943902,25
11893,2020-02-16 16:30:00,2019,Arsenal,4,3.02257,home,-0.97743,-0.05220860000000005,0.13888949235863704,26
11903,2020-02-23 16:30:00,2019,Arsenal,3,1.33567,home,-1.66433,-0.4729226000000001,-1.3229547616506683,27
11923,2020-03-07 15:00:00,2019,Arsenal,1,1.55974,home,0.5597399999999999,-0.40673860000000006,-1.092986897240756,28
11917,2020-06-17 19:15:00,2019,Arsenal,0,0.496759,away,0.496759,-0.021002200000000117,0.24732157811835953,29
11941,2020-06-20 14:00:00,2019,Arsenal,1,0.69627,away,-0.30373000000000006,-0.37779820000000014,-0.9924284241480357,30
11952,2020-06-25 17:00:00,2019,Arsenal,2,2.18595,away,0.18595000000000006,-0.14512220000000015,-0.18395503451548442,31
11953,2020-07-01 17:00:00,2019,Arsenal,4,1.76496,home,-2.2350399999999997,-0.25926420000000006,-0.5805613438874806,32
11972,2020-07-04 16:30:00,2019,Arsenal,2,1.28273,away,-0.7172700000000001,-0.5146662000000001,-1.4680001887143335,33
11973,2020-07-07 19:15:00,2019,Arsenal,1,1.29023,home,0.29023,-0.555972,-1.6115244032335971,34
11990,2020-07-12 15:30:00,2019,Arsenal,1,0.68991,away,-0.31009,-0.5572440000000001,-1.6159441893379338,35
11993,2020-07-15 19:15:00,2019,Arsenal,2,1.31516,home,-0.6848399999999999,-0.7314020000000001,-2.221086570123343,36
12003,2020-07-21 19:15:00,2019,Arsenal,0,0.737137,away,0.737137,-0.1369666000000001,-0.15561697826349769,37
12014,2020-07-26 15:00:00,2019,Arsenal,3,1.95282,home,-1.04718,-0.20294860000000012,-0.3848829584021239,38
14086,2020-09-12 11:30:00,2020,Arsenal,3,2.16287,away,-0.8371300000000002,-0.4284206000000001,-0.9811887646781343,1
14099,2020-09-19 19:00:00,2020,Arsenal,2,1.32902,home,-0.6709799999999999,-0.5005986000000002,-1.1604802363426867,2
14115,2020-09-28 19:15:00,2020,Arsenal,1,1.17817,away,0.17816999999999994,-0.3279966000000002,-0.7317337125785892,3
14465,2020-10-04 13:00:00,2020,Arsenal,2,0.667131,home,-1.332869,-0.7419978000000003,-1.7601202627585693,4
14480,2020-10-17 16:30:00,2020,Arsenal,0,0.838322,away,0.838322,-0.3648974000000002,-0.8233959744533891,5
14485,2020-10-25 19:15:00,2020,Arsenal,0,0.73944,home,0.73944,-0.04958340000000019,-0.04015023341821774,6
14500,2020-11-01 16:30:00,2020,Arsenal,1,0.998072,away,-0.0019280000000000408,0.08422699999999979,0.29223724670068807,7
14505,2020-11-08 19:15:00,2020,Arsenal,0,1.39037,home,1.39037,0.3266669999999998,0.8944626393460097,8
14518,2020-11-22 16:30:00,2020,Arsenal,0,0.710778,away,0.710778,0.7353963999999998,1.9097539419391738,9
14525,2020-11-29 19:15:00,2020,Arsenal,1,1.1185,home,0.11850000000000005,0.5914319999999998,1.5521437401698779,10
14542,2020-12-06 16:30:00,2020,Arsenal,0,0.595216,away,0.595216,0.5625871999999998,1.4804927295867407,11
14554,2020-12-13 19:15:00,2020,Arsenal,0,1.85362,home,1.85362,0.9336967999999999,2.4023357611592875,12
14555,2020-12-16 18:00:00,2020,Arsenal,1,0.661135,home,-0.33886499999999997,0.5878497999999999,1.543245489874819,13
14569,2020-12-19 17:30:00,2020,Arsenal,1,1.25206,away,0.25205999999999995,0.49610619999999983,1.315352710083137,14
14575,2020-12-26 17:30:00,2020,Arsenal,3,1.94485,home,-1.05515,0.26137619999999984,0.7322790984033964,15
14585,2020-12-29 18:00:00,2020,Arsenal,1,1.31394,away,0.3139400000000001,0.20512099999999983,0.5925401530629366,16
14600,2021-01-02 20:00:00,2020,Arsenal,4,4.03429,away,0.034290000000000376,-0.1587450000000001,-0.31130964367144115,17
14605,2021-01-14 20:00:00,2020,Arsenal,0,0.368554,home,0.368554,-0.017261200000000122,0.04013870234387042,18
14615,2021-01-18 20:00:00,2020,Arsenal,3,2.30744,home,-0.6925599999999998,-0.2061852000000001,-0.4291519678430819,19
14632,2021-01-26 20:15:00,2020,Arsenal,3,2.4339,away,-0.5661,-0.10837520000000009,-0.1861901395365363,20
14635,2021-01-30 17:30:00,2020,Arsenal,0,0.747166,home,0.747166,-0.021730000000000117,0.029038121438683936,21
14650,2021-02-02 18:00:00,2020,Arsenal,1,0.716265,away,-0.28373499999999996,-0.08533500000000019,-0.12895786148164984,22
14655,2021-02-06 12:30:00,2020,Arsenal,0,0.679649,away,0.679649,-0.02311600000000018,0.02559527209778947,23
14665,2021-02-14 16:30:00,2020,Arsenal,4,2.50614,home,-1.4938600000000002,-0.18337600000000026,-0.37249349801167797,24
14675,2021-02-21 16:30:00,2020,Arsenal,0,0.331188,home,0.331188,-0.0039184000000002436,0.07328246149660067,25
14690,2021-02-28 12:00:00,2020,Arsenal,3,2.1065,away,-0.8935,-0.3320516000000002,-0.7418064067180744,26
14697,2021-03-06 12:30:00,2020,Arsenal,1,2.53692,away,1.5369199999999998,0.03207939999999976,0.162701654861424,27
14705,2021-03-14 16:30:00,2020,Arsenal,2,1.56529,home,-0.43470999999999993,-0.19079240000000025,-0.390915971209231,28
14724,2021-03-21 15:00:00,2020,Arsenal,3,1.35217,away,-1.64783,-0.22158640000000016,-0.4674088302305145,29
14725,2021-04-03 19:00:00,2020,Arsenal,0,0.161161,home,0.161161,-0.2555918000000002,-0.5518788655673452,30
14741,2021-04-11 18:00:00,2020,Arsenal,3,1.93838,away,-1.06162,-0.2892158000000002,-0.6354014963308591,31
14745,2021-04-18 12:30:00,2020,Arsenal,1,2.85573,home,1.8557299999999999,-0.2254538000000002,-0.4770155225400201,32
14755,2021-04-23 19:00:00,2020,Arsenal,0,0.735767,home,0.735767,0.008641599999999782,0.10448173113702823,33
14771,2021-05-02 13:00:00,2020,Arsenal,2,1.78751,away,-0.21249000000000007,0.2957095999999998,0.8175638917372063,34
14775,2021-05-09 18:00:00,2020,Arsenal,3,1.07042,home,-1.92958,-0.12243860000000026,-0.22112388226433832,35
14790,2021-05-12 19:15:00,2020,Arsenal,1,0.692043,away,-0.30795700000000004,0.02829399999999973,0.15329865205116322,36
14798,2021-05-19 18:00:00,2020,Arsenal,3,1.7945,away,-1.2055,-0.5839520000000002,-1.367531605932369,37
14805,2021-05-23 15:00:00,2020,Arsenal,2,0.772904,home,-1.227096,-0.9765246000000003,-2.342689121923108,38
16376,2021-08-13 19:00:00,2021,Arsenal,0,1.02385,away,1.02385,-0.7292566000000003,-2.111956889757124,1
16394,2021-08-22 15:30:00,2021,Arsenal,0,0.630099,home,0.630099,-0.2173208000000002,-0.634580364225071,2
16396,2021-08-28 11:30:00,2021,Arsenal,0,0.116805,away,0.116805,-0.1323684000000002,-0.3894193859391041,3
16407,2021-09-11 14:00:00,2021,Arsenal,1,2.68515,home,1.6851500000000001,0.4457615999999998,1.278984524679856,4
16419,2021-09-18 14:00:00,2021,Arsenal,1,1.09928,away,0.09928000000000003,0.7110367999999998,2.044532379090156,5
16434,2021-09-26 15:30:00,2021,Arsenal,3,1.44499,home,-1.55501,0.19526479999999985,0.5560851063526018,6
16436,2021-10-02 16:30:00,2021,Arsenal,0,0.36431,away,0.36431,0.14210699999999987,0.40267898420031684,7
16446,2021-10-18 19:00:00,2021,Arsenal,2,1.7436,home,-0.25639999999999996,0.06746599999999987,0.18727529248303906,8
16456,2021-10-22 19:00:00,2021,Arsenal,3,3.4984,home,0.4984000000000002,-0.16988400000000015,-0.49768426364691465,9
16468,2021-10-30 11:30:00,2021,Arsenal,2,1.10288,away,-0.8971199999999999,-0.36916400000000016,-1.072779019684737,10
16476,2021-11-07 14:00:00,2021,Arsenal,1,1.49208,home,0.4920800000000001,0.04025399999999988,0.10874519161340225,11
16489,2021-11-20 17:30:00,2021,Arsenal,0,0.268025,away,0.268025,0.020996999999999877,0.053172130006515717,12
16496,2021-11-27 12:30:00,2021,Arsenal,2,2.84493,home,0.8449300000000002,0.24126299999999992,0.6888296045821231,13
16512,2021-12-02 20:15:00,2021,Arsenal,2,1.16638,away,-0.83362,-0.025141000000000125,-0.0799758118545494,14
16517,2021-12-06 20:00:00,2021,Arsenal,1,1.05723,away,0.05722999999999989,0.16572899999999985,0.4708488373071285,15
16526,2021-12-11 15:00:00,2021,Arsenal,3,2.08429,home,-0.9157099999999998,-0.11582900000000014,-0.34168894531278937,16
16536,2021-12-15 20:00:00,2021,Arsenal,2,2.81482,home,0.8148200000000001,-0.006470000000000109,-0.026093865899199174,17
16548,2021-12-18 17:30:00,2021,Arsenal,4,3.69008,away,-0.30992,-0.23744000000000015,-0.6926416168127674,18
16562,2021-12-26 15:00:00,2021,Arsenal,5,2.87539,away,-2.12461,-0.49563800000000013,-1.4377656424021577,19
16576,2022-01-01 12:30:00,2021,Arsenal,1,0.836949,home,-0.16305099999999995,-0.5396942000000001,-1.5649057949059388,20
16596,2022-01-23 14:00:00,2021,Arsenal,0,1.35507,home,1.35507,-0.08553820000000019,-0.2542738497879477,21
16611,2022-02-10 19:45:00,2021,Arsenal,1,1.45247,away,0.45246999999999993,-0.1580082000000002,-0.46341233317845854,22
16626,2022-02-19 15:00:00,2021,Arsenal,2,1.52247,home,-0.47753,-0.19153020000000023,-0.5601522288624203,23
16566,2022-02-24 19:45:00,2021,Arsenal,2,2.50961,home,0.5096099999999999,0.3353137999999998,0.9602473177553565,24
16654,2022-03-06 14:00:00,2021,Arsenal,3,1.00457,away,-1.99543,-0.031162000000000266,-0.09735159229465282,25
16656,2022-03-13 16:30:00,2021,Arsenal,2,2.93665,home,0.9366500000000002,-0.11484600000000023,-0.33885214209528064,26
16636,2022-03-16 20:15:00,2021,Arsenal,0,0.534265,home,0.534265,-0.09848700000000021,-0.29164231113370526,27
16666,2022-03-19 12:30:00,2021,Arsenal,1,1.14522,away,0.1452199999999999,0.02606299999999977,0.06779191138993376,28
16682,2022-04-04 19:00:00,2021,Arsenal,0,1.05199,away,1.05199,0.1345389999999998,0.38083877387467313,29
16695,2022-04-09 14:00:00,2021,Arsenal,1,2.35153,home,1.35153,0.8039309999999997,2.31261230324877,30
16700,2022-04-16 14:00:00,2021,Arsenal,0,1.35002,away,1.35002,0.8866049999999998,2.5511981315339516,31
16618,2022-04-20 18:45:00,2021,Arsenal,4,1.87331,away,-2.12669,0.3544139999999998,1.0153678760616272,32
16715,2022-04-23 11:30:00,2021,Arsenal,3,2.54173,home,-0.4582700000000002,0.23371599999999976,0.6670499973770974,33
16717,2022-05-01 15:30:00,2021,Arsenal,2,0.964564,away,-1.035436,-0.18376920000000024,-0.5377550469996667,34
16735,2022-05-08 13:00:00,2021,Arsenal,2,2.7227,home,0.7227000000000001,-0.3095352000000002,-0.9006984787933878,35
16593,2022-05-12 18:45:00,2021,Arsenal,0,0.387446,away,0.387446,-0.5020500000000001,-1.4562697952309136,36
16741,2022-05-16 19:00:00,2021,Arsenal,0,0.492454,away,0.492454,0.021778799999999855,0.05542829761124452,37
16746,2022-05-22 15:00:00,2021,Arsenal,5,4.35597,home,-0.6440299999999999,-0.015373200000000087,-0.05178728035100532,38
18202,2022-08-05 19:00:00,2022,Arsenal,2,1.43601,away,-0.56399,0.07891599999999992,1.0672070052797364,1
18217,2022-08-13 14:00:00,2022,Arsenal,4,3.0107,home,-0.9893000000000001,-0.26348400000000016,0.02803070099502405,2
18227,2022-08-20 16:30:00,2022,Arsenal,3,1.71081,away,-1.28919,-0.5988112000000001,-0.9896798142565543,3
18238,2022-08-27 16:30:00,2022,Arsenal,2,2.47427,home,0.4742700000000002,-0.6024480000000001,-1.0007174205165503,4
18247,2022-08-31 18:30:00,2022,Arsenal,2,2.79971,home,0.7997100000000001,-0.3137000000000001,-0.1243737303600023,5
18261,2022-09-04 15:30:00,2022,Arsenal,1,1.42238,away,0.42238,-0.11642600000000014,0.47434842574824015,6
18280,2022-09-18 11:00:00,2022,Arsenal,3,1.32021,away,-1.67979,-0.2545240000000001,0.055224099611820496,7
18282,2022-10-01 11:30:00,2022,Arsenal,3,2.48403,home,-0.5159699999999998,-0.09988000000000005,0.5245651638635875,8
18292,2022-10-09 15:30:00,2022,Arsenal,3,2.81968,home,-0.18032000000000004,-0.23079800000000011,0.1272319763508948,9
18305,2022-10-16 13:00:00,2022,Arsenal,1,0.821757,away,-0.17824300000000004,-0.4263886000000001,-0.4663810985931163,10
18328,2022-10-23 13:00:00,2022,Arsenal,1,1.57897,away,0.57897,-0.3950706000000001,-0.37133167249034577,11
18332,2022-10-30 14:00:00,2022,Arsenal,5,3.00699,home,-1.99301,-0.4577146000000001,-0.5614548045160802,12
18343,2022-11-06 12:00:00,2022,Arsenal,1,2.37846,away,1.37846,-0.07882860000000017,0.588455689716447,13
18361,2022-11-12 19:45:00,2022,Arsenal,2,2.27996,away,0.27996,0.013227399999999844,0.8678435806838344,14
18362,2022-12-26 20:00:00,2022,Arsenal,3,1.88828,home,-1.11172,-0.17346800000000015,0.30122723781305166,15
18373,2022-12-31 17:30:00,2022,Arsenal,4,3.22106,away,-0.77894,-0.44505000000000017,-0.5230180281631478,16
18382,2023-01-03 19:45:00,2022,Arsenal,0,0.970637,home,0.970637,0.14767939999999982,1.2759023787670356,17
18400,2023-01-15 16:30:00,2022,Arsenal,2,2.04232,away,0.042320000000000135,-0.11954860000000016,0.4648714049311856,18
18402,2023-01-22 16:30:00,2022,Arsenal,3,2.90273,home,-0.09726999999999997,-0.19499460000000016,0.23589449064069393,19
18416,2023-02-04 12:30:00,2022,Arsenal,0,0.690102,away,0.690102,0.16536979999999984,1.3295923451610727,20
18422,2023-02-11 15:00:00,2022,Arsenal,1,1.36738,home,0.36738000000000004,0.39463379999999987,2.0254034322683454,21
18312,2023-02-15 18:30:00,2022,Arsenal,1,1.70139,home,0.70139,0.3407843999999999,1.861971713576905,22
18432,2023-02-18 12:30:00,2022,Arsenal,4,2.85981,away,-1.14019,0.10428239999999982,1.1441934591495015,23
18447,2023-02-25 15:00:00,2022,Arsenal,1,0.722059,away,-0.277941,0.06814819999999981,1.0345269742946983,24
18269,2023-03-01 20:00:00,2022,Arsenal,4,3.06919,home,-0.9308100000000001,-0.2560342000000002,0.0506406765547793,25
18452,2023-03-04 15:00:00,2022,Arsenal,3,2.46279,home,-0.53721,-0.4369522000000002,-0.49844138716771336,26
18465,2023-03-12 14:00:00,2022,Arsenal,3,2.64355,away,-0.35645000000000016,-0.6485202000000003,-1.1405455120068142,27
18472,2023-03-19 14:00:00,2022,Arsenal,4,1.53568,home,-2.46432,-0.9133462000000001,-1.9442864698295443,28
18482,2023-04-01 14:00:00,2022,Arsenal,4,3.29548,home,-0.70452,-0.9986620000000002,-2.203218005288346,29
18497,2023-04-09 15:30:00,2022,Arsenal,2,1.53631,away,-0.46368999999999994,-0.9052380000000001,-1.9196782650678588,30
18510,2023-04-16 13:00:00,2022,Arsenal,2,2.71782,away,0.7178200000000001,-0.6542320000000001,-1.1578806966295163,31
18512,2023-04-21 19:00:00,2022,Arsenal,3,2.39609,home,-0.60391,-0.7037240000000002,-1.3080878042570252,32
18531,2023-04-26 19:00:00,2022,Arsenal,1,0.398372,away,-0.601628,-0.33118560000000025,-0.17744213335708442,33
18532,2023-05-02 19:00:00,2022,Arsenal,3,2.7832,home,-0.2168000000000001,-0.23364160000000025,0.11860171426309063,34
18547,2023-05-07 15:30:00,2022,Arsenal,2,1.29061,away,-0.70939,-0.28278160000000024,-0.030537081275901014,35
18552,2023-05-14 15:30:00,2022,Arsenal,0,0.958651,home,0.958651,-0.2346154000000003,0.1156462531500284,36
18568,2023-05-20 16:30:00,2022,Arsenal,0,0.4902,away,0.4902,-0.01579340000000028,0.7797661049496466,37
18572,2023-05-28 15:30:00,2022,Arsenal,5,3.02466,home,-1.97534,-0.2905358000000003,-0.054070903994021806,38
22276,2023-08-12 11:30:00,2023,Arsenal,2,0.84262,home,-1.1573799999999999,-0.4786518000000003,-0.32543915035097765,1
22294,2023-08-21 19:00:00,2023,Arsenal,1,2.20593,away,1.20593,-0.09558780000000025,0.19741877910468178,2
22297,2023-08-26 14:00:00,2023,Arsenal,2,3.23088,home,1.23088,-0.041142000000000234,0.2717338237331432,3
21934,2023-09-03 15:30:00,2023,Arsenal,3,1.90973,home,-1.09027,-0.3572360000000003,-0.15971432684576062,4
21941,2023-09-17 15:30:00,2023,Arsenal,1,0.802605,away,-0.197395,-0.001647000000000265,0.32564197987376525,5
21952,2023-09-24 13:00:00,2023,Arsenal,2,2.3429,home,0.3429000000000002,0.29840899999999976,0.7351992833028198,6
21959,2023-09-30 14:00:00,2023,Arsenal,4,4.0742,away,0.07420000000000027,0.07206299999999981,0.4262514288957999,7
21965,2023-10-08 15:30:00,2023,Arsenal,1,0.386558,home,-0.613442,-0.2968014000000002,-0.07722495216298952,8
21978,2023-10-21 16:30:00,2023,Arsenal,2,1.05791,away,-0.9420900000000001,-0.2671654000000002,-0.036773702248228755,9
21986,2023-10-28 14:00:00,2023,Arsenal,5,3.03496,home,-1.9650400000000001,-0.6206944000000002,-0.5193182403476841,10
22001,2023-11-04 17:30:00,2023,Arsenal,0,0.535473,away,0.535473,-0.5821798000000002,-0.46674826768041994,11
22006,2023-11-11 15:00:00,2023,Arsenal,3,2.63194,home,-0.36805999999999983,-0.6706318000000003,-0.5874796065068616,12
22015,2023-11-25 17:30:00,2023,Arsenal,1,1.82699,away,0.8269899999999999,-0.3825454000000003,-0.19426004369663952,13
22026,2023-12-02 15:00:00,2023,Arsenal,2,3.30368,home,1.30368,0.06660859999999968,0.4188065207592404,14
22039,2023-12-05 20:15:00,2023,Arsenal,4,2.58815,away,-1.4118499999999998,0.1772465999999997,0.5698203346365958,15
22045,2023-12-09 17:30:00,2023,Arsenal,0,1.71667,away,1.71667,0.4134859999999997,0.8922720490755597,16
22056,2023-12-17 14:00:00,2023,Arsenal,2,2.76976,home,0.7697600000000002,0.6410499999999997,1.2028823958026018,17
22068,2023-12-23 17:30:00,2023,Arsenal,1,0.851681,away,-0.14831899999999998,0.4459881999999998,0.936635479193644,18
22076,2023-12-28 20:15:00,2023,Arsenal,0,2.7884,home,2.7884,0.7429321999999998,1.3419451010956793,19
22087,2023-12-31 14:00:00,2023,Arsenal,1,1.6591,away,0.6591,1.1571221999999999,1.907288035438869,20
22103,2024-01-20 12:30:00,2023,Arsenal,5,3.52167,home,-1.4783300000000001,0.5181221999999999,1.0350937887277023,21
22108,2024-01-30 19:30:00,2023,Arsenal,2,1.39143,away,-0.60857,0.24245619999999973,0.6588272797857923,22
22116,2024-02-04 16:30:00,2023,Arsenal,3,2.8526,home,-0.1474000000000002,0.24263999999999966,0.6590781550636412,23
22133,2024-02-11 14:00:00,2023,Arsenal,6,3.99893,away,-2.00107,-0.7152540000000004,-0.6483860636517678,24
22136,2024-02-17 15:00:00,2023,Arsenal,5,2.20575,away,-2.79425,-1.4059240000000002,-1.5911065650226617,25
22146,2024-02-24 20:00:00,2023,Arsenal,4,2.59336,home,-1.40664,-1.3915860000000002,-1.5715361094524822,26
22163,2024-03-04 20:00:00,2023,Arsenal,6,2.47294,away,-3.52706,-1.9752840000000003,-2.3682466531407678,27
22166,2024-03-09 17:30:00,2023,Arsenal,2,1.59369,home,-0.40630999999999995,-2.0270660000000005,-2.4389257806575095,28
22190,2024-03-31 16:30:00,2023,Arsenal,0,0.511402,away,0.511402,-1.5245716000000002,-1.7530529720744426,29
22196,2024-04-03 18:30:00,2023,Arsenal,2,1.14384,home,-0.85616,-1.1369536000000005,-1.223979123057715,30
22206,2024-04-06 16:30:00,2023,Arsenal,3,4.16518,away,1.1651800000000003,-0.6225896000000004,-0.5219050674781492,31
22216,2024-04-14 15:30:00,2023,Arsenal,0,1.89003,home,1.89003,0.46082839999999975,0.9568914057351823,32
22234,2024-04-20 18:30:00,2023,Arsenal,2,1.66179,away,-0.3382099999999999,0.4744483999999997,0.9754818370970071,33
22175,2024-04-23 19:00:00,2023,Arsenal,5,3.45858,home,-1.54142,0.06388399999999975,0.41508761552514156,34
22241,2024-04-28 13:00:00,2023,Arsenal,3,1.51469,away,-1.48531,-0.06194600000000024,0.24333769054287854,35
22245,2024-05-04 11:30:00,2023,Arsenal,3,3.91372,home,0.9137200000000001,-0.11223800000000028,0.17469231799890667,36
22259,2024-05-12 15:30:00,2023,Arsenal,1,1.73104,away,0.7310399999999999,-0.34403600000000034,-0.1416971686977366,37
22265,2024-05-19 15:00:00,2023,Arsenal,2,3.2117,home,1.2117,-0.03405400000000034,0.28140849168414267,38
26604,2024-08-17 14:00:00,2024,Arsenal,2,1.6283,home,-0.3716999999999999,0.19988999999999968,0.16907355672998203,1
26618,2024-08-24 16:30:00,2024,Arsenal,2,1.41399,away,-0.5860099999999999,0.3797499999999997,0.6810443548293359,2
26622,2024-08-31 11:30:00,2024,Arsenal,1,2.41798,home,1.41798,0.48060199999999964,0.9681191848633401,3
26640,2024-09-15 13:00:00,2024,Arsenal,1,1.1209,away,0.12090000000000001,0.35857399999999967,0.620766952290962,4
26651,2024-09-22 15:30:00,2024,Arsenal,2,1.28411,away,-0.7158899999999999,-0.0269440000000003,-0.4766085516658193,5
26655,2024-09-28 14:00:00,2024,Arsenal,4,6.05305,home,2.05305,0.4580059999999996,0.9037997577875421,6
26666,2024-10-05 14:00:00,2024,Arsenal,3,3.25165,home,0.25165000000000015,0.6255379999999996,1.380678951311288,7
26680,2024-10-19 16:30:00,2024,Arsenal,0,0.740758,away,0.740758,0.49009359999999963,0.9951369877502513,8
26691,2024-10-27 16:30:00,2024,Arsenal,2,1.0883,home,-0.9117,0.28357359999999965,0.4072786022088382,9
26694,2024-11-02 12:30:00,2024,Arsenal,0,0.911305,away,0.911305,0.6090125999999996,1.3336394637825932,10
26705,2024-11-10 16:30:00,2024,Arsenal,1,1.9605,away,0.9604999999999999,0.39050259999999964,0.7116515893653256,11
26714,2024-11-23 15:00:00,2024,Arsenal,3,1.66016,home,-1.33984,0.07220459999999962,-0.194382443179032,12
26730,2024-11-30 17:30:00,2024,Arsenal,5,3.99935,away,-1.0006499999999998,-0.27607700000000035,-1.1857646777799433,13
26733,2024-12-04 20:15:00,2024,Arsenal,2,2.96684,home,0.9668399999999999,0.09963099999999962,-0.11631330108522504,14
26749,2024-12-08 14:00:00,2024,Arsenal,1,2.4333,away,1.4333,0.20402999999999963,0.18085805080388007,15
26755,2024-12-14 15:00:00,2024,Arsenal,0,1.30865,home,1.30865,0.2736599999999997,0.3790595779453125,16
26765,2024-12-21 17:30:00,2024,Arsenal,5,3.05434,away,-1.9456600000000002,0.15249599999999966,0.034166718049225976,17
26773,2024-12-27 20:15:00,2024,Arsenal,1,2.16462,home,1.1646200000000002,0.5855499999999996,1.2668532631405054,18
26783,2025-01-01 17:30:00,2024,Arsenal,3,1.99848,away,-1.00152,0.19187799999999963,0.14626742955122052,19
26794,2025-01-04 17:30:00,2024,Arsenal,1,1.81142,away,0.81142,0.06750199999999965,-0.20776837598867287,20
26802,2025-01-15 20:00:00,2024,Arsenal,2,2.25501,home,0.25500999999999996,-0.14322600000000038,-0.8076048173423961,21
26812,2025-01-18 17:30:00,2024,Arsenal,2,1.64458,home,-0.35542000000000007,0.17482199999999964,0.09771759116368259,22
26831,2025-01-25 15:00:00,2024,Arsenal,1,0.887358,away,-0.11264200000000002,-0.08063040000000041,-0.6294266827404396,23
26833,2025-02-02 16:30:00,2024,Arsenal,5,1.53202,home,-3.46798,-0.5739224000000004,-2.0335804631030907,24
26846,2025-02-15 12:30:00,2024,Arsenal,2,1.75,away,-0.25,-0.7862064000000004,-2.637846052471062,25
26853,2025-02-22 15:00:00,2024,Arsenal,0,1.37264,home,1.37264,-0.5626804000000004,-2.0015801533497664,26
26864,2025-02-26 19:30:00,2024,Arsenal,0,1.31766,away,1.31766,-0.22806440000000033,-1.04909699657887,27
26877,2025-03-09 16:30:00,2024,Arsenal,1,1.82996,away,0.82996,-0.03954400000000029,-0.5124744031950744,28
26883,2025-03-16 13:30:00,2024,Arsenal,1,0.695725,home,-0.30427499999999996,0.5931969999999998,1.28862041922338,29
26892,2025-04-01 19:45:00,2024,Arsenal,2,2.30189,home,0.3018900000000002,0.7035749999999997,1.6028109716119627,30
26905,2025-04-05 11:30:00,2024,Arsenal,1,1.4031,away,0.4031,0.5096669999999998,1.0508525955536425,31
26913,2025-04-12 16:30:00,2024,Arsenal,1,0.767369,home,-0.23263100000000003,0.19960879999999975,0.16827312201172617,32
26927,2025-04-20 13:00:00,2024,Arsenal,4,2.81362,away,-1.1863800000000002,-0.20365920000000032,-0.9796276886628554,33
26933,2025-04-23 19:00:00,2024,Arsenal,2,1.92149,home,-0.07851000000000008,-0.15850620000000035,-0.8510998478612314,34
26945,2025-05-03 16:30:00,2024,Arsenal,1,2.05484,home,1.05484,-0.007916200000000373,-0.4224459921635683,35
26952,2025-05-11 15:30:00,2024,Arsenal,2,2.18795,away,0.18794999999999984,-0.05094620000000043,-0.5449307216321284,36
26962,2025-05-18 15:30:00,2024,Arsenal,1,1.15958,home,0.15958000000000006,0.027495999999999587,-0.3216453010902117,37
26977,2025-05-25 15:00:00,2024,Arsenal,2,2.40711,away,0.40710999999999986,0.34619399999999956,0.5855273299153918,38
82,2015-08-08 18:00:00,2015,Aston Villa,1,0.782253,away,-0.21774700000000002,,,1
91,2015-08-14 22:45:00,2015,Aston Villa,0,0.219118,home,0.219118,,,2
104,2015-08-22 18:00:00,2015,Aston Villa,1,0.765278,away,-0.234722,-0.07778366666666667,-0.29567015724722057,3
113,2015-08-29 18:00:00,2015,Aston Villa,2,2.27406,home,0.27405999999999997,0.010177249999999992,0.03244701783657602,4
129,2015-09-13 19:00:00,2015,Aston Villa,2,0.953181,away,-1.0468190000000002,-0.20122200000000007,-0.7561273553443156,5
133,2015-09-19 18:00:00,2015,Aston Villa,0,0.876719,home,0.876719,0.017671199999999953,0.0604014070971761,6
145,2015-09-26 18:00:00,2015,Aston Villa,2,0.892054,away,-1.107946,-0.24774160000000006,-0.929657603964525,7
152,2015-10-03 18:00:00,2015,Aston Villa,0,0.839028,home,0.839028,-0.03299160000000005,-0.1285840588095803,8
164,2015-10-17 18:00:00,2015,Aston Villa,0,0.795846,away,0.795846,0.07136559999999995,0.2606955321866646,9
171,2015-10-24 18:00:00,2015,Aston Villa,1,1.09516,home,0.09515999999999991,0.29976139999999996,1.1126714726034268,10
190,2015-11-03 00:00:00,2015,Aston Villa,1,0.325711,away,-0.674289,-0.010440200000000056,-0.04446145137671782,11
198,2015-11-08 17:30:00,2015,Aston Villa,0,0.182741,home,0.182741,0.2476972,0.9184584189612569,12
206,2015-11-21 19:00:00,2015,Aston Villa,0,0.322061,away,0.322061,0.14430379999999998,0.5327740534961892,13
212,2015-11-28 19:00:00,2015,Aston Villa,2,1.48969,home,-0.51031,-0.11692740000000004,-0.4416864982573866,14
227,2015-12-05 19:00:00,2015,Aston Villa,1,1.058,away,0.05800000000000005,-0.12435940000000001,-0.46940979785036224,15
237,2015-12-13 17:30:00,2015,Aston Villa,0,1.00876,home,1.00876,0.2122504,0.7862326041049202,16
247,2015-12-19 21:30:00,2015,Aston Villa,1,0.404373,away,-0.595627,0.056576800000000003,0.20552944862630418,17
254,2015-12-26 19:00:00,2015,Aston Villa,1,1.61235,home,0.61235,0.1146346,0.42210019446982805,18
263,2015-12-28 19:00:00,2015,Aston Villa,0,0.235874,away,0.235874,0.26387140000000003,0.978792406081374,19
277,2016-01-02 19:00:00,2015,Aston Villa,1,0.27956,away,-0.72044,0.1081834,0.39803553484466586,20
282,2016-01-12 23:45:00,2015,Aston Villa,1,0.551973,home,-0.44802699999999995,-0.183174,-0.6888036052024926,21
297,2016-01-16 21:30:00,2015,Aston Villa,1,0.665386,home,-0.33461399999999997,-0.13097140000000002,-0.4940742834408838,22
305,2016-01-23 19:00:00,2015,Aston Villa,0,0.562461,away,0.562461,-0.1409492,-0.5312940814331865,23
315,2016-02-02 23:45:00,2015,Aston Villa,0,0.107888,away,0.107888,-0.1665464,-0.6267783177546773,24
326,2016-02-06 19:00:00,2015,Aston Villa,2,0.918291,home,-1.081709,-0.23880020000000002,-0.8963038484504461,25
339,2016-02-14 18:05:00,2015,Aston Villa,0,0.174868,home,0.174868,-0.11422120000000002,-0.4315916659970917,26
345,2016-02-27 19:00:00,2015,Aston Villa,1,0.414343,away,-0.585657,-0.16442980000000001,-0.6188828473673667,27
349,2016-03-01 23:45:00,2015,Aston Villa,1,0.60177,home,-0.39823,-0.35656800000000005,-1.3356084773263412,28
364,2016-03-05 19:00:00,2015,Aston Villa,0,0.121136,away,0.121136,-0.3539184,-1.3257247778374353,29
372,2016-03-13 20:00:00,2015,Aston Villa,0,1.84022,home,1.84022,0.2304674,0.8541867683521268,30
379,2016-03-19 21:30:00,2015,Aston Villa,0,0.730828,away,0.730828,0.3416594,1.268961947084926,31
384,2016-04-02 15:45:00,2015,Aston Villa,0,0.72512,home,0.72512,0.6038148,2.2468700060349263,32
398,2016-04-09 18:00:00,2015,Aston Villa,1,0.220872,home,-0.779128,0.5276352,1.9627002167893588,33
406,2016-04-16 18:00:00,2015,Aston Villa,0,0.262427,away,0.262427,0.5558934,2.0681106775749116,34
421,2016-04-23 18:00:00,2015,Aston Villa,2,1.47192,home,-0.5280800000000001,0.08223339999999997,0.3012352624499239,35
430,2016-04-30 18:00:00,2015,Aston Villa,2,0.491793,away,-1.508207,-0.36557360000000005,-1.3692017155952467,36
440,2016-05-07 18:00:00,2015,Aston Villa,0,0.0312154,home,0.0312154,-0.50435452,-1.8868907660458392,37
451,2016-05-15 18:00:00,2015,Aston Villa,0,0.222731,away,0.222731,-0.30398272000000004,-1.139451659293441,38
11649,2019-08-10 17:30:00,2019,Aston Villa,1,0.639599,away,-0.36040099999999997,-0.42854832,-2.029922540173574,1
11654,2019-08-17 15:00:00,2019,Aston Villa,1,1.65069,home,0.65069,-0.19279432000000002,-1.1198756594560675,2
11663,2019-08-23 20:00:00,2019,Aston Villa,2,0.855926,home,-1.144074,-0.11996772,-0.8387537265800121,3
11676,2019-08-31 15:00:00,2019,Aston Villa,0,0.30354,away,0.30354,-0.0655028,-0.6285107166861036,4
11692,2019-09-16 19:00:00,2019,Aston Villa,0,1.40502,home,1.40502,0.17095499999999997,0.2842529408184305,5
11702,2019-09-22 15:30:00,2019,Aston Villa,2,1.71546,away,-0.28454,0.18612719999999996,0.3428199779996539,6
11706,2019-09-28 14:00:00,2019,Aston Villa,2,0.914266,home,-1.085734,-0.16115760000000004,-0.9977530301385028,7
11717,2019-10-05 15:00:00,2019,Aston Villa,5,3.67827,away,-1.32173,-0.19668880000000005,-1.134908954229504,8
11723,2019-10-19 15:00:00,2019,Aston Villa,2,2.96692,home,0.96692,-0.06401280000000002,-0.6227590863754023,9
11737,2019-10-26 12:30:00,2019,Aston Villa,0,0.980145,away,0.980145,-0.1489878,-0.9507757210410711,10
11744,2019-11-02 15:00:00,2019,Aston Villa,1,0.741615,home,-0.258385,-0.1437568,-0.9305832524804813,11
11760,2019-11-10 14:00:00,2019,Aston Villa,1,0.473225,away,-0.526775,-0.031965,-0.4990496247168153,12
11764,2019-11-25 20:00:00,2019,Aston Villa,2,2.6985,home,0.6985000000000001,0.372081,1.0606303890534092,13
11782,2019-12-01 16:30:00,2019,Aston Villa,2,1.29701,away,-0.70299,0.038099000000000015,-0.2285917548584402,14
11789,2019-12-04 19:30:00,2019,Aston Villa,1,0.86086,away,-0.13914000000000004,-0.185758,-1.0927143766454672,15
11793,2019-12-08 14:00:00,2019,Aston Villa,1,1.24141,home,0.2414099999999999,-0.08579900000000003,-0.7068571858888262,16
11810,2019-12-14 15:00:00,2019,Aston Villa,0,0.97258,away,0.97258,0.21407199999999998,0.4506912254536721,17
11813,2019-12-21 15:00:00,2019,Aston Villa,1,0.921054,home,-0.07894599999999996,0.058582799999999956,-0.1495211206582094,18
11823,2019-12-26 15:00:00,2019,Aston Villa,1,0.654194,home,-0.34580599999999995,0.13001959999999996,0.12623596939515278,19
11841,2019-12-28 15:00:00,2019,Aston Villa,0,0.610997,away,0.610997,0.280047,0.7053649232714715,20
11846,2020-01-01 12:30:00,2019,Aston Villa,2,1.74824,away,-0.25176,0.181413,0.32462243732132634,21
11856,2020-01-12 16:30:00,2019,Aston Villa,1,1.12565,home,0.12565000000000004,0.01202700000000001,-0.3292337048320009,22
11867,2020-01-18 15:00:00,2019,Aston Villa,1,1.02045,away,0.02045000000000008,0.031906200000000016,-0.25249692008536045,23
11873,2020-01-21 19:30:00,2019,Aston Villa,2,1.06739,home,-0.9326099999999999,-0.08545459999999998,-0.7055277486545942,24
11883,2020-02-01 15:00:00,2019,Aston Villa,1,1.40955,away,0.4095500000000001,-0.12574399999999994,-0.8610510602250441,25
11894,2020-02-16 14:00:00,2019,Aston Villa,2,1.71313,home,-0.28686999999999996,-0.13276599999999997,-0.8881570656221884,26
11908,2020-02-22 15:00:00,2019,Aston Villa,0,0.47235,away,0.47235,-0.06342599999999997,-0.6204939476731742,27
11927,2020-03-09 20:00:00,2019,Aston Villa,0,0.672448,away,0.672448,0.06697360000000002,-0.11713133568436164,28
11913,2020-06-17 17:00:00,2019,Aston Villa,0,1.00877,home,1.00877,0.4552496,1.3816740405021313,29
11933,2020-06-21 15:15:00,2019,Aston Villa,1,1.57223,home,0.57223,0.48778559999999993,1.5072680296222511,30
11949,2020-06-24 17:00:00,2019,Aston Villa,1,1.22985,away,0.2298500000000001,0.5911296,1.9061918436015264,31
11954,2020-06-27 11:30:00,2019,Aston Villa,0,0.403418,home,0.403418,0.5773432,1.8529742086247118,32
11966,2020-07-05 15:30:00,2019,Aston Villa,0,0.689775,away,0.689775,0.5808085999999999,1.866351188274849,33
11974,2020-07-09 19:15:00,2019,Aston Villa,0,0.598873,home,0.598873,0.49882920000000003,1.5498980326418899,34
11983,2020-07-12 13:15:00,2019,Aston Villa,2,1.6977,home,-0.3023,0.3239232,0.8747338372569711,35
11997,2020-07-16 17:00:00,2019,Aston Villa,1,1.52021,away,0.5202100000000001,0.38199520000000003,1.0989007335006278,36
12003,2020-07-21 19:15:00,2019,Aston Villa,1,0.57408,home,-0.42591999999999997,0.2161276,0.4586261591896974,37
12013,2020-07-26 15:00:00,2019,Aston Villa,1,0.983594,away,-0.01640600000000003,0.07489140000000001,-0.086567403822569,38
14104,2020-09-21 17:00:00,2020,Aston Villa,1,0.80527,home,-0.19472999999999996,-0.08382919999999998,-0.3068603142674427,1
14114,2020-09-28 17:00:00,2020,Aston Villa,3,2.03222,away,-0.9677799999999999,-0.21692519999999993,-0.5651086492194578,2
14466,2020-10-04 18:15:00,2020,Aston Villa,7,3.07626,home,-3.92374,-1.1057152,-2.2896423513743054,3
14479,2020-10-18 18:15:00,2020,Aston Villa,1,0.873776,away,-0.126224,-1.045776,-2.1733413460972435,4
14486,2020-10-23 19:00:00,2020,Aston Villa,0,1.50125,home,1.50125,-0.7422448,-1.584394818733633,5
14495,2020-11-01 12:00:00,2020,Aston Villa,3,2.44855,home,-0.55145,-0.8135888,-1.7228247430650672,6
14505,2020-11-08 19:15:00,2020,Aston Villa,3,1.98553,away,-1.01447,-0.8229268,-1.7409434164420425,7
14515,2020-11-21 15:00:00,2020,Aston Villa,1,1.76514,home,0.7651399999999999,0.11484920000000001,0.07863861876533398,8
14526,2020-11-30 20:00:00,2020,Aston Villa,1,2.39051,away,1.39051,0.418196,0.6672273518078143,9
14552,2020-12-12 12:30:00,2020,Aston Villa,1,1.26872,away,0.26872000000000007,0.17169000000000004,0.18892774809559568,10
14556,2020-12-17 18:00:00,2020,Aston Villa,0,1.81142,home,1.81142,0.6442640000000001,1.1058707714893385,11
14574,2020-12-20 19:15:00,2020,Aston Villa,3,2.61964,away,-0.38036000000000003,0.771086,1.3519455621313148,12
14576,2020-12-26 15:00:00,2020,Aston Villa,3,4.58214,home,1.5821399999999999,0.934486,1.6689932414842577,13
14586,2020-12-28 17:30:00,2020,Aston Villa,1,0.730859,away,-0.26914099999999996,0.6025558,1.0249436722238034,14
14596,2021-01-01 20:00:00,2020,Aston Villa,1,1.56434,away,0.5643400000000001,0.6616798,1.139662931673396,15
14089,2021-01-20 20:00:00,2020,Aston Villa,0,0.601768,away,0.601768,0.41974940000000005,0.6702414391095699,16
14535,2021-01-23 20:00:00,2020,Aston Villa,2,2.6026,home,0.6025999999999998,0.6163413999999999,1.0516920962659573,17
14626,2021-01-27 18:00:00,2020,Aston Villa,2,2.70718,away,0.7071800000000001,0.4413494,0.7121522706519418,18
14641,2021-01-30 20:00:00,2020,Aston Villa,1,0.795508,away,-0.204492,0.45427920000000005,0.7372401720258567,19
14645,2021-02-03 20:15:00,2020,Aston Villa,1,0.741154,home,-0.258846,0.289642,0.4177919333773479,20
14655,2021-02-06 12:30:00,2020,Aston Villa,1,1.19792,home,0.1979200000000001,0.20887240000000004,0.2610733639632386,21
14666,2021-02-13 20:00:00,2020,Aston Villa,0,0.144036,away,0.144036,0.1171596000000001,0.08312152548734786,22
14676,2021-02-21 14:00:00,2020,Aston Villa,1,1.7084,home,0.7083999999999999,0.11740360000000005,0.08359496265847456,23
14691,2021-02-27 17:30:00,2020,Aston Villa,1,0.876255,away,-0.123745,0.13355300000000006,0.11492990631173293,24
14721,2021-03-03 18:00:00,2020,Aston Villa,0,1.44176,away,1.44176,0.47367420000000005,0.7748726061816114,25
14695,2021-03-06 17:30:00,2020,Aston Villa,0,0.956392,home,0.956392,0.6253686,1.0692077193446288,26
14712,2021-03-12 20:00:00,2020,Aston Villa,1,0.748665,away,-0.251335,0.5462944000000001,0.9157787621433408,27
14606,2021-03-21 19:30:00,2020,Aston Villa,0,0.439681,home,0.439681,0.49255060000000006,0.8114987923170942,28
14726,2021-04-04 15:30:00,2020,Aston Villa,3,1.52229,home,-1.47771,0.22175760000000005,0.28607472723128363,29
14739,2021-04-10 14:00:00,2020,Aston Villa,1,0.760621,away,-0.239379,-0.11447019999999997,-0.36631354525308235,30
14746,2021-04-21 19:15:00,2020,Aston Villa,1,0.801733,home,-0.19826699999999997,-0.345402,-0.8143942752334858,31
14756,2021-04-25 18:00:00,2020,Aston Villa,2,2.65394,home,0.65394,-0.16434699999999997,-0.4630903120434793,32
14769,2021-05-01 19:00:00,2020,Aston Villa,2,1.58811,away,-0.4118900000000001,-0.3346612,-0.7935537261857865,33
14776,2021-05-09 13:05:00,2020,Aston Villa,1,0.565472,home,-0.434528,-0.1260248,-0.3887331236854662,34
14616,2021-05-13 21:00:00,2020,Aston Villa,0,0.558976,home,0.558976,0.03364620000000003,-0.07892088372240783,35
14794,2021-05-16 11:00:00,2020,Aston Villa,2,1.2303,away,-0.7697,-0.08064039999999999,-0.3006730337293726,36
14803,2021-05-19 17:00:00,2020,Aston Villa,2,1.63669,away,-0.36331,-0.28409039999999997,-0.6954303799004632,37
14806,2021-05-23 15:00:00,2020,Aston Villa,2,0.980413,home,-1.019587,-0.4056298,-0.9312552557875444,38
16382,2021-08-14 14:00:00,2021,Aston Villa,2,1.13718,away,-0.8628199999999999,-0.49128819999999995,-0.7548857601708912,1
16388,2021-08-21 14:00:00,2021,Aston Villa,2,1.18426,home,-0.8157399999999999,-0.7662314,-1.5464748377784003,2
16399,2021-08-28 14:00:00,2021,Aston Villa,1,0.431464,home,-0.5685359999999999,-0.7259985999999999,-1.4306405671306177,3
16413,2021-09-11 16:30:00,2021,Aston Villa,0,1.17349,away,1.17349,-0.41863859999999986,-0.5457202676162305,4
16422,2021-09-18 16:30:00,2021,Aston Villa,3,0.777716,home,-2.222284,-0.659178,-1.2382573508183747,5
16431,2021-09-25 11:30:00,2021,Aston Villa,1,1.57249,away,0.5724899999999999,-0.372116,-0.411777031260856,6
16443,2021-10-03 13:00:00,2021,Aston Villa,1,1.07395,away,0.07394999999999996,-0.19417800000000005,0.10052433604455437,7
16447,2021-10-16 14:00:00,2021,Aston Villa,2,1.21276,home,-0.7872399999999999,-0.23791880000000004,-0.025409818812938124,8
16456,2021-10-22 19:00:00,2021,Aston Villa,1,1.41088,away,0.4108799999999999,-0.39044080000000003,-0.4645359703047826,9
16466,2021-10-31 16:30:00,2021,Aston Villa,1,0.687551,home,-0.312449,-0.008473800000000021,0.6351853728908572,10
16484,2021-11-05 20:00:00,2021,Aston Villa,0,0.536077,away,0.536077,-0.015756400000000004,0.6142180363043025,11
16486,2021-11-20 15:00:00,2021,Aston Villa,2,1.06946,home,-0.9305399999999999,-0.2166544,0.035812523772283666,12
16501,2021-11-27 15:00:00,2021,Aston Villa,2,0.454305,away,-1.545695,-0.3683454,-0.40092109528561864,13
16506,2021-12-01 20:15:00,2021,Aston Villa,1,0.772083,home,-0.22791700000000004,-0.4961048,-0.7687532351664698,14
16516,2021-12-05 16:30:00,2021,Aston Villa,2,1.84818,home,-0.15182000000000007,-0.463979,-0.6762598314765318,15
16533,2021-12-11 15:00:00,2021,Aston Villa,0,0.140573,away,0.140573,-0.5430798,-0.9039989765436441,16
16541,2021-12-14 19:45:00,2021,Aston Villa,2,1.96261,away,-0.037390000000000034,-0.3644498,-0.38970527176014935,17
16556,2021-12-26 17:30:00,2021,Aston Villa,1,0.474029,home,-0.525971,-0.16050500000000004,0.19747228387624347,18
16577,2022-01-02 14:00:00,2021,Aston Villa,1,1.13821,away,0.13820999999999994,-0.08727960000000004,0.40829556244229237,19
16586,2022-01-15 17:30:00,2021,Aston Villa,2,1.82784,home,-0.1721600000000001,-0.09134760000000004,0.3965833820075431,20
16600,2022-01-22 12:30:00,2021,Aston Villa,1,0.860245,away,-0.13975499999999996,-0.14741320000000002,0.23516489051725875,21
16606,2022-02-09 20:00:00,2021,Aston Villa,3,1.5013,home,-1.4987,-0.43967520000000004,-0.6062867511299099,22
16622,2022-02-13 14:00:00,2021,Aston Villa,0,0.455206,away,0.455206,-0.24343980000000004,-0.04130533213158378,23
16627,2022-02-19 15:00:00,2021,Aston Villa,0,1.0267,home,1.0267,-0.06574180000000003,0.4703050510773814,24
16638,2022-02-26 15:30:00,2021,Aston Villa,2,1.3027,away,-0.6973,-0.17076980000000003,0.16791889407127447,25
16646,2022-03-05 15:00:00,2021,Aston Villa,4,2.85379,home,-1.14621,-0.3720608,-0.4116181049186737,26
16572,2022-03-10 19:45:00,2021,Aston Villa,3,1.2729,away,-1.7271,-0.4177408000000001,-0.5431354112754451,27
16665,2022-03-13 14:00:00,2021,Aston Villa,1,1.05391,away,0.0539099999999999,-0.49800000000000005,-0.774209706248067,28
16666,2022-03-19 12:30:00,2021,Aston Villa,0,0.309375,home,0.309375,-0.6414650000000001,-1.1872598454003038,29
16676,2022-04-02 14:00:00,2021,Aston Villa,1,1.91256,away,0.91256,-0.31949300000000014,-0.2602701308140007,30
16694,2022-04-09 16:30:00,2021,Aston Villa,0,1.48712,home,1.48712,0.2071729999999999,1.2560541614297662,31
16709,2022-04-23 14:00:00,2021,Aston Villa,0,0.593202,away,0.593202,0.6712333999999999,2.5921306455551116,32
16725,2022-04-30 14:00:00,2021,Aston Villa,2,2.31192,home,0.3119200000000002,0.7228353999999999,2.7406979844916726,33
16732,2022-05-07 14:00:00,2021,Aston Villa,3,1.81256,away,-1.18744,0.42347239999999997,1.8788018508909263,34
16705,2022-05-10 19:00:00,2021,Aston Villa,1,1.44726,home,0.44726,0.3304124,1.6108727674942291,35
16745,2022-05-15 13:00:00,2021,Aston Villa,1,0.799443,home,-0.20055699999999999,-0.007123000000000013,0.639074461713684,36
16546,2022-05-19 19:00:00,2021,Aston Villa,1,0.996403,home,-0.0035969999999999613,-0.1264828,0.29542561356826064,37
16754,2022-05-22 15:00:00,2021,Aston Villa,2,0.247841,away,-1.752159,-0.5392986000000001,-0.8931125221041473,38
18204,2022-08-06 14:00:00,2022,Aston Villa,0,0.488895,away,0.488895,-0.20403160000000004,-0.26321258981927065,1
18212,2022-08-13 11:30:00,2022,Aston Villa,2,2.66696,home,0.66696,-0.16009160000000003,-0.16344559620860838,2
18223,2022-08-20 14:00:00,2022,Aston Villa,1,0.803828,away,-0.196172,-0.15921460000000004,-0.1614543432865203,3
18239,2022-08-28 13:00:00,2022,Aston Villa,0,0.304555,home,0.304555,-0.09758420000000004,-0.021520803845861188,4
18247,2022-08-31 18:30:00,2022,Aston Villa,1,0.297168,away,-0.702832,0.11228119999999994,0.4549844310403264,5
18258,2022-09-03 16:30:00,2022,Aston Villa,1,0.279392,home,-0.720608,-0.12961940000000002,-0.09425761753990505,6
18272,2022-09-16 19:00:00,2022,Aston Villa,1,1.34365,home,0.34365,-0.1942814,-0.24107448920245947,7
18286,2022-10-02 15:30:00,2022,Aston Villa,0,1.89645,away,1.89645,0.22424299999999997,0.7091968157749248,8
18300,2022-10-10 19:00:00,2022,Aston Villa,1,0.657187,away,-0.34281300000000003,0.0947694,0.4152234014838588,9
18302,2022-10-16 13:00:00,2022,Aston Villa,0,2.44542,home,2.44542,0.7244198,1.8448621687517455,10
18316,2022-10-20 18:30:00,2022,Aston Villa,0,0.711487,away,0.711487,1.0108388,2.495184484249522,11
18322,2022-10-23 13:00:00,2022,Aston Villa,4,3.45617,home,-0.5438299999999998,0.8333427999999999,2.092174873463948,12
18341,2022-10-29 14:00:00,2022,Aston Villa,0,0.270814,away,0.270814,0.5082156,1.3539645119470494,13
18342,2022-11-06 14:00:00,2022,Aston Villa,3,0.578563,home,-2.421437,0.09249080000000003,0.4100497767309854,14
18353,2022-11-13 14:00:00,2022,Aston Villa,2,1.15437,away,-0.8456300000000001,-0.5657192,-1.0844343576448459,15
18363,2022-12-26 17:30:00,2022,Aston Villa,1,1.69155,home,0.6915500000000001,-0.5697066,-1.093487860383197,16
18379,2023-01-01 14:00:00,2022,Aston Villa,2,1.21733,away,-0.78267,-0.6174746,-1.20194643459335,17
18383,2023-01-04 20:00:00,2022,Aston Villa,1,1.03226,home,0.032259999999999955,-0.6651854,-1.3102751346106372,18
18392,2023-01-13 20:00:00,2022,Aston Villa,2,1.64599,home,-0.35400999999999994,-0.2517,-0.3714450194558316,19
18410,2023-01-21 15:00:00,2022,Aston Villa,1,1.16432,away,0.16432000000000002,-0.04970999999999996,0.08717890042167582,20
18412,2023-02-04 15:00:00,2022,Aston Villa,2,1.4989,home,-0.5011000000000001,-0.28824,-0.45441010699642337,21
18429,2023-02-12 16:30:00,2022,Aston Villa,1,0.275348,away,-0.7246520000000001,-0.2766364,-0.4280638100674138,22
18432,2023-02-18 12:30:00,2022,Aston Villa,2,0.335752,home,-1.664248,-0.6159380000000001,-1.1984575415031786,23
18444,2023-02-25 15:00:00,2022,Aston Villa,2,2.06037,away,0.06036999999999981,-0.5330620000000001,-1.0102852756297773,24
18453,2023-03-04 15:00:00,2022,Aston Villa,1,0.890605,home,-0.10939500000000002,-0.5878050000000001,-1.1345807815748954,25
18471,2023-03-12 14:00:00,2022,Aston Villa,1,1.99139,away,0.99139,-0.289307,-0.4568327602094997,26
18473,2023-03-18 15:00:00,2022,Aston Villa,3,3.45474,home,0.45474000000000014,-0.05342860000000001,0.07873571556868053,27
18485,2023-04-01 16:30:00,2022,Aston Villa,2,0.765794,away,-1.234206,0.03257979999999998,0.2740201828709856,28
18263,2023-04-04 18:45:00,2022,Aston Villa,2,1.00159,away,-0.99841,-0.17917619999999995,-0.2067777119633202,29
18492,2023-04-08 14:00:00,2022,Aston Villa,2,1.42718,home,-0.5728200000000001,-0.2718611999999999,-0.417221585490954,30
18502,2023-04-15 11:30:00,2022,Aston Villa,3,1.91802,home,-1.08198,-0.6865352,-1.3587504500450684,31
18514,2023-04-22 14:00:00,2022,Aston Villa,1,1.66602,away,0.6660200000000001,-0.6442791999999999,-1.2628070253292707,32
18528,2023-04-25 18:45:00,2022,Aston Villa,1,0.839159,home,-0.160841,-0.4296062,-0.7753860007643707,33
18540,2023-04-30 13:00:00,2022,Aston Villa,0,0.434738,away,0.434738,-0.14297659999999998,-0.12458551210195179,34
18551,2023-05-06 14:00:00,2022,Aston Villa,0,1.50158,away,1.50158,0.2719034,0.8174110811887075,35
18553,2023-05-13 14:00:00,2022,Aston Villa,2,1.79987,home,-0.20012999999999992,0.44827340000000004,1.217864077618214,36
18565,2023-05-20 14:00:00,2022,Aston Villa,1,1.46948,away,0.4694799999999999,0.4089653999999999,1.1286141689962765,37
18573,2023-05-28 15:30:00,2022,Aston Villa,2,2.55845,home,0.5584500000000001,0.5528236,1.4552482181597126,38
22281,2023-08-12 16:30:00,2023,Aston Villa,1,1.486,away,0.486,0.563076,1.8130832270183452,1
22292,2023-08-20 13:00:00,2023,Aston Villa,4,3.24336,home,-0.75664,0.11143200000000002,0.7431385513154407,2
22302,2023-08-27 13:00:00,2023,Aston Villa,3,2.83691,away,-0.16308999999999996,0.11884000000000002,0.7606881039666595,3
21933,2023-09-03 13:00:00,2023,Aston Villa,0,0.615503,away,0.615503,0.14804460000000003,0.8298738039339636,4
21938,2023-09-16 14:00:00,2023,Aston Villa,3,2.31518,home,-0.6848200000000002,-0.10060940000000003,0.24081245607540666,5
21947,2023-09-24 13:00:00,2023,Aston Villa,1,1.13479,away,0.13478999999999997,-0.17085140000000004,0.07440915190060653,6
21955,2023-09-30 11:30:00,2023,Aston Villa,6,1.90746,home,-4.09254,-0.8380314,-1.5061403267495332,7
21974,2023-10-08 13:00:00,2023,Aston Villa,1,1.81618,away,0.8161799999999999,-0.6421774000000001,-1.042162183532494,8
21976,2023-10-22 15:30:00,2023,Aston Villa,4,2.34143,home,-1.65857,-1.096992,-2.1196180109141176,9
21987,2023-10-29 14:00:00,2023,Aston Villa,3,3.07654,home,0.07654000000000005,-0.94472,-1.7588856295282638,10
22002,2023-11-05 14:00:00,2023,Aston Villa,0,1.33116,away,1.33116,-0.705446,-1.1920455024942795,11
22007,2023-11-12 14:00:00,2023,Aston Villa,3,2.86039,home,-0.1396099999999998,0.08514,0.680852801004176,12
22024,2023-11-26 14:00:00,2023,Aston Villa,2,2.39755,away,0.39754999999999985,0.001413999999999982,0.4825058996440309,13
22025,2023-12-03 14:00:00,2023,Aston Villa,2,0.89511,away,-1.1048900000000001,0.11214999999999997,0.7448394933785581,14
22035,2023-12-06 20:15:00,2023,Aston Villa,1,2.1922,home,1.1922000000000001,0.33528199999999997,1.2734392209935392,15
22045,2023-12-09 17:30:00,2023,Aston Villa,1,0.628499,home,-0.37150099999999997,-0.005250199999999983,0.4667184092581977,16
22057,2023-12-17 14:00:00,2023,Aston Villa,2,1.4664,away,-0.5336000000000001,-0.08404820000000005,0.2800459403312607,17
22065,2023-12-22 20:00:00,2023,Aston Villa,1,1.21861,home,0.21860999999999997,-0.11983620000000002,0.19526416518522638,18
22082,2023-12-26 20:00:00,2023,Aston Villa,2,1.83637,away,-0.16362999999999994,0.06841580000000003,0.6412331697339931,19
22085,2023-12-30 15:00:00,2023,Aston Villa,3,2.92587,home,-0.07412999999999981,-0.18485019999999996,0.04124599347000691,20
22098,2024-01-14 14:00:00,2023,Aston Villa,0,1.3435,away,1.3435,0.15815,0.8538134974223043,21
22105,2024-01-30 20:15:00,2023,Aston Villa,1,1.44485,home,0.44484999999999997,0.35384000000000004,1.3174031246249271,22
22124,2024-02-03 17:30:00,2023,Aston Villa,5,2.99015,away,-2.00985,-0.091852,0.26155873744524805,23
22125,2024-02-11 16:30:00,2023,Aston Villa,1,2.64675,home,1.64675,0.27022399999999996,1.1193168132744515,24
22138,2024-02-17 15:00:00,2023,Aston Villa,2,1.57297,away,-0.42703,0.19964399999999993,0.9521127870699387,25
22147,2024-02-24 15:00:00,2023,Aston Villa,4,3.48861,home,-0.51139,-0.17133400000000004,0.07326587245818236,26
22159,2024-03-02 17:30:00,2023,Aston Villa,3,2.08586,away,-0.9141400000000002,-0.44313200000000014,-0.5706236134349063,27
22167,2024-03-10 13:00:00,2023,Aston Villa,0,1.23267,home,1.23267,0.20537199999999994,0.965682419573473,28
22183,2024-03-17 14:00:00,2023,Aston Villa,1,0.911274,away,-0.08872599999999997,-0.14172320000000005,0.14341386026119438,29
22186,2024-03-30 17:30:00,2023,Aston Villa,2,1.28271,home,-0.71729,-0.19977520000000004,0.005888667157986972,30
22204,2024-04-03 19:15:00,2023,Aston Villa,1,1.18643,away,0.1864300000000001,-0.06021120000000002,0.33651579542671234,31
22205,2024-04-06 14:00:00,2023,Aston Villa,3,1.16333,home,-1.83667,-0.24471720000000002,-0.1005789347927528,32
22216,2024-04-14 15:30:00,2023,Aston Villa,2,0.929049,away,-1.070951,-0.7054414,-1.192034605093875,33
22225,2024-04-21 14:00:00,2023,Aston Villa,3,2.62687,home,-0.3731300000000002,-0.7623222000000001,-1.3267852252941255,34
22236,2024-04-27 19:00:00,2023,Aston Villa,2,0.612257,home,-1.387743,-0.8964128,-1.6444458684816976,35
22247,2024-05-05 13:00:00,2023,Aston Villa,0,0.0644055,away,0.0644055,-0.9208177,-1.7022610787270718,36
22256,2024-05-13 19:00:00,2023,Aston Villa,3,2.71655,home,-0.2834500000000002,-0.6101737,-0.9663454154191279,37
22270,2024-05-19 15:00:00,2023,Aston Villa,0,0.598846,away,0.598846,-0.2762143,-0.1751955674615848,38
26608,2024-08-17 16:30:00,2024,Aston Villa,2,2.6703,away,0.6703000000000001,-0.06752829999999996,-0.70742782569258,1
26618,2024-08-24 16:30:00,2024,Aston Villa,0,1.31664,home,1.31664,0.47334830000000006,0.6365687273525006,2
26626,2024-08-31 14:00:00,2024,Aston Villa,2,2.16385,away,0.16385000000000005,0.4932372000000001,0.6859896360105168,3
26638,2024-09-14 16:30:00,2024,Aston Villa,3,3.15876,home,0.15876,0.5816792000000002,0.9057546307328123,4
26647,2024-09-21 14:00:00,2024,Aston Villa,3,2.37351,home,-0.62649,0.33661200000000013,0.2967997007831538,5
26659,2024-09-29 13:00:00,2024,Aston Villa,2,1.14494,away,-0.8550599999999999,0.031540000000000123,-0.4612580825089479,6
26670,2024-10-06 13:00:00,2024,Aston Villa,0,0.532809,home,0.532809,-0.1252261999999999,-0.8507983814125717,7
26673,2024-10-19 14:00:00,2024,Aston Villa,3,1.43595,away,-1.56405,-0.4708061999999999,-1.7095124185909574,8
26684,2024-10-26 14:00:00,2024,Aston Villa,1,1.974,home,0.974,-0.3077581999999999,-1.3043627966977305,9
26700,2024-11-03 14:00:00,2024,Aston Villa,1,2.48749,away,1.4874900000000002,0.11503780000000012,-0.2537786770644389,10
26707,2024-11-09 20:00:00,2024,Aston Villa,0,1.66337,away,1.66337,0.6187238,0.9978048593966768,11
26716,2024-11-23 15:00:00,2024,Aston Villa,2,3.04455,home,1.04455,0.7210720000000002,1.2521246580538357,12
26724,2024-12-01 13:30:00,2024,Aston Villa,0,0.875443,away,0.875443,1.2089706000000002,2.464478893078092,13
26734,2024-12-04 20:15:00,2024,Aston Villa,3,3.21673,home,0.2167300000000001,1.0575166,2.0881386077988067,14
26742,2024-12-07 15:00:00,2024,Aston Villa,1,2.51338,home,1.5133800000000002,1.0626946,2.101005154718506,15
26761,2024-12-14 17:30:00,2024,Aston Villa,1,0.389423,away,-0.6105769999999999,0.6079052000000003,0.9709222745172917,16
26762,2024-12-21 12:30:00,2024,Aston Villa,2,2.05988,home,0.059880000000000155,0.4109712000000002,0.48157106727819143,17
26778,2024-12-26 15:00:00,2024,Aston Villa,0,0.225522,away,0.225522,0.2809870000000002,0.15857998807394716,18
26782,2024-12-30 19:45:00,2024,Aston Villa,2,1.87997,home,-0.12003000000000008,0.21363500000000016,-0.008779546135320407,19
26793,2025-01-04 15:00:00,2024,Aston Villa,2,2.3456,home,0.34560000000000013,-0.019920999999999855,-0.5891308849490107,20
26804,2025-01-15 19:30:00,2024,Aston Villa,1,1.28522,away,0.28522000000000003,0.15923840000000014,-0.14394687061815448,21
26812,2025-01-18 17:30:00,2024,Aston Villa,2,1.20602,away,-0.7939799999999999,-0.011533599999999877,-0.5682894643939149,22
26823,2025-01-26 16:30:00,2024,Aston Villa,1,0.907851,home,-0.09214900000000004,-0.07506779999999988,-0.7261623429774529,23
26841,2025-02-01 17:30:00,2024,Aston Villa,0,0.742809,away,0.742809,0.09750000000000014,-0.2973574577844663,24
26842,2025-02-15 15:00:00,2024,Aston Villa,1,2.89841,home,1.8984100000000002,0.40806200000000015,0.47434214524289015,25
26884,2025-02-19 15:00:00,2024,Aston Villa,2,1.02269,home,-0.9773099999999999,0.15555600000000017,-0.1530970777207231,26
26854,2025-02-22 17:30:00,2024,Aston Villa,2,2.69413,home,0.6941299999999999,0.45317800000000014,0.5864485822512241,27
26868,2025-02-25 19:30:00,2024,Aston Villa,1,0.667217,away,-0.33278300000000005,0.4050512000000001,0.46686076257277986,28
26872,2025-03-08 17:30:00,2024,Aston Villa,1,1.29638,away,0.2963800000000001,0.31576540000000014,0.24499905246021,29
26893,2025-04-02 19:45:00,2024,Aston Villa,3,1.20715,away,-1.79285,-0.4224865999999999,-1.5894455200700803,30
26902,2025-04-05 16:30:00,2024,Aston Villa,2,2.63349,home,0.6334900000000001,-0.1003265999999999,-0.7889266410337102,31
26921,2025-04-12 14:00:00,2024,Aston Villa,3,2.99927,away,-0.0007299999999998974,-0.23929859999999986,-1.134251043993241,32
26922,2025-04-19 16:30:00,2024,Aston Villa,4,3.05371,home,-0.9462899999999999,-0.3619999999999998,-1.4391454665913077,33
26937,2025-04-22 19:00:00,2024,Aston Villa,1,1.85906,away,0.8590599999999999,-0.24946399999999985,-1.1595105256574956,34
26946,2025-05-03 11:30:00,2024,Aston Villa,1,1.29013,home,0.29013,0.16713200000000014,-0.1243324683846013,35
26955,2025-05-10 16:30:00,2024,Aston Villa,1,1.12376,away,0.12376000000000009,0.06518600000000015,-0.37765286086734834,36
26963,2025-05-16 18:30:00,2024,Aston Villa,2,1.69061,home,-0.30939000000000005,0.0034540000000001124,-0.5310475450015463,37
26974,2025-05-25 15:00:00,2024,Aston Villa,0,0.335222,away,0.335222,0.2597564000000001,0.10582515782416556,38
82,2015-08-08 18:00:00,2015,Bournemouth,0,0.876106,home,0.876106,,,1
100,2015-08-17 23:00:00,2015,Bournemouth,0,0.460805,away,0.460805,,,2
106,2015-08-22 18:00:00,2015,Bournemouth,4,2.8554,away,-1.1446,0.06410366666666671,0.7273186445077032,3
114,2015-08-29 18:00:00,2015,Bournemouth,1,0.321432,home,-0.6785680000000001,-0.12156424999999998,0.16336965584890198,4
126,2015-09-12 18:00:00,2015,Bournemouth,1,0.389495,away,-0.6105050000000001,-0.2193524,-0.1336527338315005,5
134,2015-09-19 18:00:00,2015,Bournemouth,2,0.644335,home,-1.3556650000000001,-0.6657066,-1.4894120065847358,6
143,2015-09-26 18:00:00,2015,Bournemouth,1,0.871678,away,-0.12832200000000005,-0.7835320000000001,-1.8472956752403888,7
153,2015-10-03 18:00:00,2015,Bournemouth,1,1.50268,home,0.50268,-0.45407600000000004,-0.8466037875776539,8
167,2015-10-17 18:00:00,2015,Bournemouth,1,0.173025,away,-0.826975,-0.4837574,-0.9367582731370994,9
178,2015-10-25 18:05:00,2015,Bournemouth,1,0.490581,home,-0.5094190000000001,-0.46354020000000007,-0.8753504128120332,10
189,2015-11-01 20:00:00,2015,Bournemouth,0,0.712132,away,0.712132,-0.04998080000000003,0.3807977121171471,11
191,2015-11-07 16:45:00,2015,Bournemouth,0,1.00427,home,1.00427,0.1765376,1.0688262357632257,12
202,2015-11-21 19:00:00,2015,Bournemouth,2,1.58509,away,-0.4149099999999999,-0.006980399999999998,0.511407418561263,13
213,2015-11-28 19:00:00,2015,Bournemouth,3,1.69105,home,-1.30895,-0.1033754,0.2186165921345192,14
228,2015-12-05 21:30:00,2015,Bournemouth,1,1.25911,away,0.25910999999999995,0.0503304,0.6854836309703904,15
236,2015-12-12 21:30:00,2015,Bournemouth,2,1.05032,home,-0.9496800000000001,-0.282032,-0.32403617575377586,16
241,2015-12-19 19:00:00,2015,Bournemouth,2,1.89177,away,-0.10823000000000005,-0.504532,-0.999859184000578,17
255,2015-12-26 19:00:00,2015,Bournemouth,0,0.871395,home,0.871395,-0.2472710000000001,-0.21845287872156452,18
266,2015-12-28 21:30:00,2015,Bournemouth,0,0.343752,away,0.343752,0.08326939999999997,0.7855327728519248,19
274,2016-01-02 19:00:00,2015,Bournemouth,0,1.2593,away,1.2593,0.2833074,1.3931295500369758,20
283,2016-01-12 23:45:00,2015,Bournemouth,1,0.729546,home,-0.27045399999999997,0.4191526,1.8057466813623175,21
296,2016-01-16 19:00:00,2015,Bournemouth,3,2.53086,home,-0.4691399999999999,0.3469706,1.586500585266719,22
306,2016-01-23 19:00:00,2015,Bournemouth,1,1.26851,away,0.26851,0.22639360000000003,1.2202591881189675,23
316,2016-02-03 00:00:00,2015,Bournemouth,2,1.17427,away,-0.8257300000000001,-0.007502799999999987,0.509820677260103,24
329,2016-02-07 17:30:00,2015,Bournemouth,0,0.584316,home,0.584316,-0.1424996,0.09978048184575723,25
336,2016-02-13 19:00:00,2015,Bournemouth,1,1.19427,home,0.19426999999999994,-0.04955480000000001,0.3820916474048466,26
342,2016-02-27 19:00:00,2015,Bournemouth,0,0.955252,away,0.955252,0.2353236,1.2473832306521988,27
350,2016-03-01 23:45:00,2015,Bournemouth,2,1.41228,home,-0.58772,0.06407759999999996,0.7272394694376731,28
365,2016-03-05 19:00:00,2015,Bournemouth,3,1.26853,away,-1.73147,-0.11707040000000002,0.17701930630108118,29
371,2016-03-12 19:00:00,2015,Bournemouth,3,0.70756,home,-2.29244,-0.6924216000000001,-1.5705563286760318,30
383,2016-03-20 20:00:00,2015,Bournemouth,0,0.120366,away,0.120366,-0.7072024,-1.615451630789714,31
386,2016-04-02 18:00:00,2015,Bournemouth,0,1.3239,home,1.3239,-0.6334728000000001,-1.3915048439634963,32
398,2016-04-09 18:00:00,2015,Bournemouth,2,1.0038,away,-0.9962,-0.7151688,-1.6396488281510504,33
412,2016-04-17 16:30:00,2015,Bournemouth,1,0.85914,home,-0.14085999999999999,-0.3970468,-0.6733829089173907,34
422,2016-04-23 18:00:00,2015,Bournemouth,1,0.575087,home,-0.424913,-0.02354139999999998,0.46110492490025057,35
429,2016-04-30 18:00:00,2015,Bournemouth,1,1.42599,away,0.4259900000000001,0.03758340000000004,0.6467658067631007,36
441,2016-05-07 18:00:00,2015,Bournemouth,1,0.814964,home,-0.18503599999999998,-0.2642038,-0.2698846802228741,37
460,2016-05-17 23:00:00,2015,Bournemouth,1,0.503471,away,-0.496529,-0.1642696,0.033656136274822966,38
468,2016-08-14 16:30:00,2016,Bournemouth,1,0.522847,home,-0.47715300000000005,-0.2315282,-0.31453243118962065,1
480,2016-08-21 19:00:00,2016,Bournemouth,0,0.39341,away,0.39341,-0.06786360000000001,0.18245898827589566,2
486,2016-08-27 18:00:00,2016,Bournemouth,1,0.974014,away,-0.025985999999999954,-0.1582588,-0.09203921573932354,3
495,2016-09-10 18:00:00,2016,Bournemouth,1,0.986511,home,-0.013488999999999973,-0.12394940000000003,0.012146279517501555,4
504,2016-09-17 18:00:00,2016,Bournemouth,0,0.389672,away,0.389672,0.053290799999999985,0.5503619876446838,5
517,2016-09-24 18:00:00,2016,Bournemouth,1,0.693594,home,-0.30640599999999996,0.0874402,0.6540616195742257,6
525,2016-10-01 18:00:00,2016,Bournemouth,2,1.35487,away,-0.64513,-0.1202678,0.023325994678289302,7
533,2016-10-15 18:00:00,2016,Bournemouth,6,2.92532,home,-3.07468,-0.7300066,-1.8282347687073213,8
541,2016-10-22 15:30:00,2016,Bournemouth,0,0.523371,home,0.523371,-0.6226345999999999,-1.5021840363507124,9
2681,2016-10-29 18:00:00,2016,Bournemouth,0,1.54599,away,1.54599,-0.39137099999999997,-0.7999183977538173,10
2687,2016-11-05 19:00:00,2016,Bournemouth,1,2.6457,home,1.6457000000000002,-0.0009497999999998896,0.3856524977081842,11
2699,2016-11-19 19:00:00,2016,Bournemouth,1,1.24012,away,0.2401199999999999,0.17610020000000007,0.9232906358050583,12
2714,2016-11-27 18:15:00,2016,Bournemouth,1,2.0491,away,1.0491000000000001,1.0008562,3.427782475535223,13
3112,2016-12-04 17:30:00,2016,Bournemouth,4,2.54396,home,-1.4560399999999998,0.6049740000000001,2.225628457383885,14
3119,2016-12-10 19:00:00,2016,Bournemouth,2,1.00194,away,-0.99806,0.0961640000000001,0.6805527101651864,15
3125,2016-12-13 23:45:00,2016,Bournemouth,1,0.64118,home,-0.35882000000000003,-0.30473999999999996,-0.5368507358420957,16
3141,2016-12-18 17:30:00,2016,Bournemouth,1,0.492912,home,-0.507088,-0.4541815999999999,-0.9906519421579263,17
3151,2016-12-26 19:00:00,2016,Bournemouth,0,0.650942,away,0.650942,-0.5338132,-1.2324649054884833,18
3161,2016-12-31 19:00:00,2016,Bournemouth,3,2.43608,away,-0.56392,-0.35538919999999996,-0.690654416068564,19
3336,2017-01-03 23:45:00,2016,Bournemouth,3,1.55859,home,-1.44141,-0.44405920000000004,-0.9599137987573517,20
3344,2017-01-14 19:00:00,2016,Bournemouth,1,1.43455,away,0.43455,-0.2853852,-0.4780770637989591,21
3352,2017-01-21 18:00:00,2016,Bournemouth,2,1.14791,home,-0.85209,-0.35438559999999997,-0.6876068383481798,22
3361,2017-01-31 22:45:00,2016,Bournemouth,0,0.32099,home,0.32099,-0.4203760000000001,-0.887996309052885,23
3372,2017-02-04 15:00:00,2016,Bournemouth,3,2.1501,away,-0.8498999999999999,-0.477572,-1.0616803019734655,24
3389,2017-02-13 20:00:00,2016,Bournemouth,0,0.152385,home,0.152385,-0.15881299999999995,-0.09372212483920075,25
3395,2017-02-25 15:00:00,2016,Bournemouth,1,1.22747,away,0.22747000000000006,-0.20022899999999993,-0.21948784710647062,26
3402,2017-03-04 12:30:00,2016,Bournemouth,1,0.816172,away,-0.183828,-0.06657659999999994,0.18636715141473054,27
3411,2017-03-11 15:00:00,2016,Bournemouth,3,3.68186,home,0.6818599999999999,0.005597400000000041,0.40553402506061464,28
3429,2017-03-18 17:30:00,2016,Bournemouth,2,1.00816,home,-0.99184,-0.022790599999999994,0.3193297242173835,29
3437,2017-04-01 17:30:00,2016,Bournemouth,0,2.06307,away,2.06307,0.35934640000000007,1.4797444385801355,30
3449,2017-04-05 20:00:00,2016,Bournemouth,2,1.31233,away,-0.68767,0.17631840000000004,0.9239532319176408,31
3450,2017-04-08 17:30:00,2016,Bournemouth,1,0.384152,home,-0.615848,0.08991440000000002,0.6615748886015023,32
3465,2017-04-15 12:30:00,2016,Bournemouth,0,0.211502,away,0.211502,-0.004157199999999944,0.37591275998363216,33
3471,2017-04-22 15:00:00,2016,Bournemouth,4,3.27712,home,-0.72288,0.04963480000000007,0.5392600106162617,34
3486,2017-04-29 15:00:00,2016,Bournemouth,1,1.53094,away,0.53094,-0.2567912,-0.39124721392185074,35
3491,2017-05-06 15:00:00,2016,Bournemouth,2,1.30668,home,-0.6933199999999999,-0.25792119999999996,-0.39467862367078865,36
3500,2017-05-13 15:00:00,2016,Bournemouth,2,1.5499,home,-0.45009999999999994,-0.22477159999999996,-0.29401503020760794,37
3514,2017-05-21 15:00:00,2016,Bournemouth,1,0.87072,away,-0.12927999999999995,-0.29292799999999997,-0.5009818757054096,38
7121,2017-08-12 15:00:00,2017,Bournemouth,0,0.378659,away,0.378659,-0.07262019999999994,0.21451518071152365,1
7131,2017-08-19 15:00:00,2017,Bournemouth,0,0.766694,home,0.766694,-0.02546939999999993,0.3442381455629771,2
7139,2017-08-26 12:30:00,2017,Bournemouth,1,0.415402,home,-0.584598,-0.003724999999999934,0.40406211539839754,3
7152,2017-09-09 15:00:00,2017,Bournemouth,0,0.577291,away,0.577291,0.20175320000000005,0.9693810774592726,4
7159,2017-09-15 20:00:00,2017,Bournemouth,2,1.39529,home,-0.6047100000000001,0.1066672,0.7077770784631727,5
7175,2017-09-23 15:00:00,2017,Bournemouth,1,0.384728,away,-0.615272,-0.09211899999999998,0.16086938579297455,6
7184,2017-09-30 15:00:00,2017,Bournemouth,0,1.39901,home,1.39901,0.03434420000000005,0.508799457999646,7
7197,2017-10-14 15:00:00,2017,Bournemouth,0,0.17504,away,0.17504,0.18627180000000004,0.9267880968936981,8
7205,2017-10-21 15:00:00,2017,Bournemouth,2,1.11834,away,-0.8816600000000001,-0.10551839999999998,0.12400447798164228,9
7210,2017-10-28 17:30:00,2017,Bournemouth,0,0.455055,home,0.455055,0.10643460000000002,0.707137141036354,10
7222,2017-11-04 15:00:00,2017,Bournemouth,1,1.28703,away,0.2870299999999999,0.286895,1.2036262382792262,11
7237,2017-11-18 15:00:00,2017,Bournemouth,4,1.38782,home,-2.61218,-0.515343,-1.0035195975602564,12
7240,2017-11-25 15:00:00,2017,Bournemouth,0,0.449075,away,0.449075,-0.46053599999999995,-0.852732621843755,13
7253,2017-11-29 19:45:00,2017,Bournemouth,1,0.915088,home,-0.08491199999999999,-0.3011863999999999,-0.4143243114886143,14
7267,2017-12-03 13:30:00,2017,Bournemouth,1,1.11195,home,0.11195,-0.3698073999999999,-0.603116857343013,15
7273,2017-12-09 15:00:00,2017,Bournemouth,2,0.962374,away,-1.037626,-0.6347385999999998,-1.332005036242488,16
7283,2017-12-13 20:00:00,2017,Bournemouth,0,0.815792,away,0.815792,0.05085580000000014,0.5542267615966426,17
7290,2017-12-17 16:30:00,2017,Bournemouth,0,0.539178,home,0.539178,0.06887640000000014,0.6038056798843939,18
7308,2017-12-23 15:00:00,2017,Bournemouth,0,0.334896,away,0.334896,0.15283800000000017,0.834803832315992,19
7309,2017-12-26 15:00:00,2017,Bournemouth,3,2.84928,home,-0.1507200000000002,0.10030400000000013,0.6902704153748954,20
7319,2017-12-30 15:00:00,2017,Bournemouth,2,1.39955,home,-0.6004499999999999,0.18773920000000013,0.9308252601787969,21
7331,2018-01-01 12:30:00,2017,Bournemouth,2,1.28248,away,-0.7175199999999999,-0.11892319999999985,0.08712471349746077,22
7339,2018-01-14 13:30:00,2017,Bournemouth,2,0.822285,home,-1.177715,-0.4623017999999998,-0.8575907538655801,23
7358,2018-01-20 15:00:00,2017,Bournemouth,1,0.501886,away,-0.49811399999999995,-0.6289037999999999,-1.3159521261049028,24
7362,2018-01-31 19:45:00,2017,Bournemouth,3,1.42447,away,-1.57553,-0.9138658,-2.099949757322186,25
7370,2018-02-03 15:00:00,2017,Bournemouth,2,1.91091,home,-0.08908999999999989,-0.8115937999999998,-1.8185753784932401,26
7381,2018-02-11 12:00:00,2017,Bournemouth,1,0.433555,away,-0.566445,-0.7813787999999999,-1.7354467914281924,27
7390,2018-02-24 15:00:00,2017,Bournemouth,2,1.20646,home,-0.7935399999999999,-0.7045437999999998,-1.524055595428094,28
7402,2018-03-03 15:00:00,2017,Bournemouth,1,1.4035,away,0.40349999999999997,-0.5242209999999999,-1.027945068219316,29
7410,2018-03-11 16:00:00,2017,Bournemouth,1,1.17387,home,0.17386999999999997,-0.17434099999999983,-0.06534271699247517,30
7419,2018-03-17 15:00:00,2017,Bournemouth,2,0.685329,home,-1.3146710000000001,-0.4194571999999999,-0.7397151602409848,31
7437,2018-03-31 15:00:00,2017,Bournemouth,2,2.1146,away,0.11459999999999981,-0.28324819999999995,-0.3649720950236055,32
7440,2018-04-07 14:00:00,2017,Bournemouth,2,2.09227,home,0.09227000000000007,-0.10608619999999995,0.122442326343862,33
7452,2018-04-14 16:30:00,2017,Bournemouth,0,0.540593,away,0.540593,-0.07866759999999995,0.19787735786137728,34
7463,2018-04-18 18:45:00,2017,Bournemouth,0,1.18301,home,1.18301,0.12316040000000003,0.7531537593230521,35
7475,2018-04-28 14:00:00,2017,Bournemouth,1,1.01741,away,0.017409999999999926,0.38957660000000005,1.4861275232561726,36
7488,2018-05-05 15:00:00,2017,Bournemouth,1,1.69618,home,0.69618,0.5058926000000001,1.806140256436981,37
7492,2018-05-13 15:00:00,2017,Bournemouth,2,1.38551,away,-0.61449,0.3645406000000001,1.4172475859481952,38
9202,2018-08-11 17:00:00,2018,Bournemouth,2,2.60022,home,0.6002200000000002,0.3764660000000001,1.6342613959894898,1
9208,2018-08-18 17:00:00,2018,Bournemouth,2,1.69077,away,-0.3092299999999999,0.07801800000000014,0.03561377894954863,2
9221,2018-08-25 17:00:00,2018,Bournemouth,2,2.5887,home,0.5886999999999998,0.1922760000000001,0.6476409308411665,3
9231,2018-09-01 14:00:00,2018,Bournemouth,0,0.950959,away,0.950959,0.24323180000000014,0.9205875354234183,4
9242,2018-09-15 14:00:00,2018,Bournemouth,4,2.22726,home,-1.7727400000000002,0.011581800000000086,-0.320254153873553,5
9253,2018-09-22 14:00:00,2018,Bournemouth,0,0.976413,away,0.976413,0.08682040000000005,0.08276415618187127,6
9266,2018-10-01 19:00:00,2018,Bournemouth,2,1.97143,home,-0.028569999999999984,0.14295240000000003,0.3834372651981353,7
9268,2018-10-06 14:00:00,2018,Bournemouth,4,3.28471,away,-0.71529,-0.11784559999999993,-1.0135367511423412,8
9283,2018-10-20 14:00:00,2018,Bournemouth,0,0.840403,home,0.840403,-0.1399567999999999,-1.131976201867069,9
9289,2018-10-27 14:00:00,2018,Bournemouth,3,2.10555,away,-0.89445,0.03570120000000014,-0.19105770647087902,10
9297,2018-11-03 12:30:00,2018,Bournemouth,1,1.928,home,0.9279999999999999,0.026018600000000135,-0.24292290716497295,11
9309,2018-11-10 15:00:00,2018,Bournemouth,1,1.91687,away,0.9168700000000001,0.21510660000000015,0.7699338739521678,12
9324,2018-11-25 13:30:00,2018,Bournemouth,1,0.650884,home,-0.349116,0.28834140000000014,1.1622187560904187,13
9329,2018-12-01 15:00:00,2018,Bournemouth,1,0.715009,away,-0.284991,0.06326260000000014,-0.043424060300408324,14
9338,2018-12-04 19:45:00,2018,Bournemouth,2,1.07393,home,-0.92607,0.05693860000000015,-0.07729879737407132,15
9355,2018-12-08 12:30:00,2018,Bournemouth,0,0.279142,home,0.279142,-0.07283299999999984,-0.7724251145196392,16
9357,2018-12-15 15:00:00,2018,Bournemouth,0,0.52685,away,0.52685,-0.15083699999999983,-1.1902563907204633,17
9375,2018-12-22 15:00:00,2018,Bournemouth,2,0.892502,home,-1.107498,-0.3025133999999999,-2.0027165694490763,18
9378,2018-12-26 15:00:00,2018,Bournemouth,0,1.21736,away,1.21736,-0.0020431999999998675,-0.39323696421964055,19
9390,2018-12-30 16:30:00,2018,Bournemouth,1,0.705549,away,-0.294451,0.12428060000000012,0.28342108624620316,20
9405,2019-01-02 19:45:00,2018,Bournemouth,3,2.84828,home,-0.15172000000000008,0.038108200000000106,-0.1781645230211153,21
9411,2019-01-13 14:15:00,2018,Bournemouth,0,1.52828,away,1.52828,0.2383942000000001,0.8946747542615661,22
9425,2019-01-19 15:00:00,2018,Bournemouth,2,1.24835,home,-0.7516499999999999,0.30956380000000017,1.275897317139139,23
9430,2019-01-30 19:45:00,2018,Bournemouth,4,2.15094,home,-1.8490600000000001,-0.3037201999999999,-2.009180837744537,24
9444,2019-02-02 17:30:00,2018,Bournemouth,0,0.35199,away,0.35199,-0.17443199999999986,-1.3166438703620005,25
9455,2019-02-09 15:00:00,2018,Bournemouth,0,0.390995,away,0.390995,-0.06588899999999986,-0.7352293247916956,26
9465,2019-02-23 15:00:00,2018,Bournemouth,1,2.13291,home,1.1329099999999999,-0.1449629999999999,-1.1587920950894237,27
9470,2019-02-27 19:45:00,2018,Bournemouth,1,0.88618,away,-0.11382000000000003,-0.01739699999999993,-0.4754801549346326,28
9486,2019-03-02 15:00:00,2018,Bournemouth,0,0.0,home,0.0,0.3524150000000001,1.5054313356860944,29
9492,2019-03-09 15:00:00,2018,Bournemouth,2,2.16389,away,0.16388999999999987,0.31479500000000005,1.303918431082805,30
9506,2019-03-16 15:00:00,2018,Bournemouth,2,1.61666,home,-0.38334,0.15992800000000007,0.4743676868723408,31
9511,2019-03-30 15:00:00,2018,Bournemouth,0,0.790333,away,0.790333,0.0914126000000001,0.10736244327701312,32
9526,2019-04-06 15:00:00,2018,Bournemouth,1,1.20888,home,0.20887999999999995,0.15595260000000008,0.45307331151455466,33
9536,2019-04-13 15:00:00,2018,Bournemouth,5,2.76885,away,-2.23115,-0.2902773999999999,-1.937173988355885,34
9545,2019-04-20 15:00:00,2018,Bournemouth,0,2.83739,home,2.83739,0.24442260000000013,0.9269660991342529,35
9549,2019-04-27 15:00:00,2018,Bournemouth,3,2.62214,away,-0.3778600000000001,0.24551860000000011,0.9328368631811748,36
9565,2019-05-04 11:30:00,2018,Bournemouth,1,2.22622,home,1.22622,0.33269600000000016,1.3998057916703515,37
9574,2019-05-12 14:00:00,2018,Bournemouth,3,1.8981,away,-1.1019,0.07054000000000013,-0.004442401290307894,38
11645,2019-08-10 15:00:00,2019,Bournemouth,1,1.34099,home,0.3409899999999999,0.5849680000000002,1.2767029053900834,1
11654,2019-08-17 15:00:00,2019,Bournemouth,2,1.62777,away,-0.37223000000000006,-0.056955999999999965,-0.6241101904595943,2
11671,2019-08-25 14:00:00,2019,Bournemouth,1,1.89345,home,0.8934500000000001,0.19730600000000006,0.1287897468802321,3
11677,2019-08-31 15:00:00,2019,Bournemouth,1,0.554726,away,-0.44527399999999995,-0.13699279999999994,-0.8611086475820908,4
11690,2019-09-15 13:00:00,2019,Bournemouth,3,1.41542,home,-1.58458,-0.23352879999999993,-1.1469631927010524,5
11693,2019-09-20 19:00:00,2019,Bournemouth,3,1.29773,away,-1.70227,-0.6421807999999999,-2.3570302306138933,6
11707,2019-09-28 14:00:00,2019,Bournemouth,2,2.31957,home,0.31957000000000013,-0.5038208,-1.9473298611904701,7
11722,2019-10-06 14:00:00,2019,Bournemouth,0,0.683967,away,0.683967,-0.5457173999999998,-2.0713906627052525,8
11724,2019-10-19 15:00:00,2019,Bournemouth,0,0.675554,home,0.675554,-0.3215517999999999,-1.4076097351826797,9
11741,2019-10-26 15:00:00,2019,Bournemouth,0,0.899526,away,0.899526,0.17526940000000013,0.06353676075103164,10
11745,2019-11-02 12:30:00,2019,Bournemouth,1,1.86862,home,0.86862,0.6894474,1.586078799992118,11
11756,2019-11-09 15:00:00,2019,Bournemouth,1,1.9213,away,0.9213,0.8097934000000002,1.9424375789645911,12
11765,2019-11-23 15:00:00,2019,Bournemouth,1,0.849789,home,-0.15021099999999998,0.6429578000000001,1.4484175807499446,13
11779,2019-11-30 15:00:00,2019,Bournemouth,2,1.02949,away,-0.97051,0.3137450000000001,0.4735794354845539,14
11791,2019-12-03 19:30:00,2019,Bournemouth,0,0.342799,away,0.342799,0.20239960000000007,0.14387250057852025,15
11794,2019-12-07 15:00:00,2019,Bournemouth,0,0.154608,home,0.154608,0.05959720000000011,-0.2789823421112123,16
11805,2019-12-14 15:00:00,2019,Bournemouth,1,1.20777,away,0.20777,-0.0831087999999999,-0.7015517329679556,17
11814,2019-12-21 15:00:00,2019,Bournemouth,0,0.138532,home,0.138532,-0.025360199999999906,-0.5305512794142878,18
11824,2019-12-26 15:00:00,2019,Bournemouth,1,1.55463,home,0.55463,0.2796678000000001,0.37267280474650905,19
11834,2019-12-28 12:30:00,2019,Bournemouth,0,0.500726,away,0.500726,0.31125320000000006,0.4662009201583808,20
11843,2020-01-01 17:30:00,2019,Bournemouth,0,0.720709,away,0.720709,0.4244734000000001,0.8014593602147111,21
11857,2020-01-12 14:00:00,2019,Bournemouth,0,0.320447,home,0.320447,0.44700880000000015,0.8681893523013302,22
11869,2020-01-18 15:00:00,2019,Bournemouth,0,0.558298,away,0.558298,0.530962,1.116784734306812,23
11878,2020-01-21 19:30:00,2019,Bournemouth,3,1.92315,home,-1.07685,0.20466600000000007,0.1505835797723714,24
11883,2020-02-01 15:00:00,2019,Bournemouth,2,2.72236,home,0.7223600000000001,0.24899280000000007,0.28184049170759967,25
11900,2020-02-09 14:00:00,2019,Bournemouth,1,1.07183,away,0.07183000000000006,0.11921700000000009,-0.10244104343420608,26
11907,2020-02-22 15:00:00,2019,Bournemouth,0,1.75718,away,1.75718,0.4065636,0.7484263183218254,27
11914,2020-02-29 15:00:00,2019,Bournemouth,2,1.58495,home,-0.4150499999999999,0.2118940000000001,0.17198654500938007,28
11928,2020-03-07 12:30:00,2019,Bournemouth,1,1.29544,away,0.2954399999999999,0.4863520000000001,0.9846892335842125,29
11942,2020-06-20 18:45:00,2019,Bournemouth,0,0.363637,home,0.363637,0.41460740000000007,0.7722449641122862,30
11947,2020-06-24 17:00:00,2019,Bournemouth,0,0.0619009,away,0.0619009,0.41262158000000004,0.7663647155750758,31
11955,2020-07-01 17:00:00,2019,Bournemouth,1,1.27503,home,0.2750300000000001,0.1161915800000001,-0.11139967086743105,32
11967,2020-07-04 14:00:00,2019,Bournemouth,2,1.52161,away,-0.4783900000000001,0.10352358000000006,-0.14891112128558615,33
11975,2020-07-09 17:00:00,2019,Bournemouth,0,0.960349,home,0.960349,0.2365053800000001,0.24486376008613805,34
11984,2020-07-12 18:00:00,2019,Bournemouth,4,2.54311,home,-1.45689,-0.1276000199999999,-0.8332955120233095,35
11999,2020-07-15 17:00:00,2019,Bournemouth,1,1.66635,away,0.66635,-0.006710199999999911,-0.4753264175340707,36
12004,2020-07-19 13:00:00,2019,Bournemouth,0,0.583117,home,0.583117,0.05490720000000008,-0.29286998834275224,37
12019,2020-07-26 15:00:00,2019,Bournemouth,3,1.46461,away,-1.53539,-0.15649279999999993,-0.9188504602718619,38
18204,2022-08-06 14:00:00,2022,Bournemouth,2,0.588341,home,-1.411659,-0.6308943999999999,-1.6897810818876653,1
18214,2022-08-13 14:00:00,2022,Bournemouth,0,0.123946,away,0.123946,-0.31472719999999993,-0.8832408692488647,2
18227,2022-08-20 16:30:00,2022,Bournemouth,0,0.211335,home,0.211335,-0.40573019999999993,-1.11538885604436,3
18236,2022-08-27 14:00:00,2022,Bournemouth,0,0.180991,away,0.180991,-0.4861553999999999,-1.3205529524766215,4
18248,2022-08-31 18:30:00,2022,Bournemouth,0,0.362035,home,0.362035,-0.10667039999999992,-0.35248949556763376,5
18254,2022-09-03 14:00:00,2022,Bournemouth,3,0.905041,away,-2.0949590000000002,-0.24333039999999997,-0.7011081551225103,6
18275,2022-09-17 14:00:00,2022,Bournemouth,1,0.976948,away,-0.02305199999999996,-0.27273,-0.7761063194972326,7
18283,2022-10-01 14:00:00,2022,Bournemouth,0,0.758128,home,0.758128,-0.16337139999999994,-0.4971333314773444,8
18293,2022-10-08 14:00:00,2022,Bournemouth,2,1.14891,home,-0.8510899999999999,-0.36978759999999994,-1.023699546568895,9
18304,2022-10-15 14:00:00,2022,Bournemouth,2,1.62829,away,-0.37171,-0.5165365999999999,-1.3980551712653573,10
18313,2022-10-19 18:30:00,2022,Bournemouth,0,0.810452,home,0.810452,0.06454560000000012,0.08428126701357305,11
18330,2022-10-24 19:00:00,2022,Bournemouth,0,0.730443,away,0.730443,0.21524460000000012,0.46871331279332074,12
18333,2022-10-29 14:00:00,2022,Bournemouth,2,0.887533,home,-1.112467,-0.15887439999999992,-0.485661517398475,13
18345,2022-11-05 15:00:00,2022,Bournemouth,3,1.55594,away,-1.44406,-0.2774683999999999,-0.7881939432088878,14
18352,2022-11-12 15:00:00,2022,Bournemouth,3,2.45642,home,-0.54358,-0.31184239999999985,-0.8758817655675831,15
18365,2022-12-27 17:30:00,2022,Bournemouth,0,0.44307,away,0.44307,-0.38531879999999985,-1.0633195240698363,16
18372,2022-12-31 15:00:00,2022,Bournemouth,0,0.895819,home,0.895819,-0.3522435999999998,-0.9789449310030321,17
18390,2023-01-03 20:00:00,2022,Bournemouth,0,0.679022,away,0.679022,0.006054200000000165,-0.06492986618917888,18
18393,2023-01-14 17:30:00,2022,Bournemouth,0,0.269283,away,0.269283,0.3487228000000001,0.8092152238411598,19
18403,2023-01-21 15:00:00,2022,Bournemouth,1,1.80549,home,0.80549,0.6185368,1.4975087626172419,20
18414,2023-02-04 15:00:00,2022,Bournemouth,0,0.908298,away,0.908298,0.7115824000000002,1.734867407059502,21
18423,2023-02-11 17:30:00,2022,Bournemouth,1,1.54458,home,0.5445800000000001,0.6413346000000001,1.5556657835216776,22
18441,2023-02-18 15:00:00,2022,Bournemouth,1,1.15274,away,0.1527400000000001,0.5360782000000002,1.2871574776708665,23
18442,2023-02-25 17:30:00,2022,Bournemouth,1,1.08527,home,0.08526999999999996,0.49927560000000015,1.1932743144911921,24
18452,2023-03-04 15:00:00,2022,Bournemouth,2,1.74267,away,-0.25733000000000006,0.2867116000000002,0.651025106605763,25
18462,2023-03-11 12:30:00,2022,Bournemouth,1,1.10128,home,0.10128000000000004,0.12530800000000014,0.23928570459104437,26
18473,2023-03-18 15:00:00,2022,Bournemouth,0,0.50014,away,0.50014,0.11642000000000015,0.2166124816573129,27
18483,2023-04-01 14:00:00,2022,Bournemouth,2,3.14054,home,1.14054,0.31398000000000015,0.7205865953823339,28
18266,2023-04-04 18:45:00,2022,Bournemouth,0,1.15322,home,1.15322,0.5275700000000001,1.2654531217567377,29
18496,2023-04-08 14:00:00,2022,Bournemouth,1,1.92396,away,0.9239599999999999,0.7638280000000002,1.8681455501858026,30
18509,2023-04-15 14:00:00,2022,Bournemouth,3,1.20598,away,-1.79402,0.3847680000000001,0.9011662651655227,31
18513,2023-04-23 13:00:00,2022,Bournemouth,0,0.974687,home,0.974687,0.4796774000000001,1.1432794497634853,32
18530,2023-04-27 18:45:00,2022,Bournemouth,1,0.988554,away,-0.011445999999999956,0.24928020000000012,0.5555378792293367,33
18533,2023-04-30 13:00:00,2022,Bournemouth,4,2.51723,home,-1.48277,-0.2779177999999999,-0.789340359318971,34
18542,2023-05-06 14:00:00,2022,Bournemouth,1,1.21755,home,0.2175499999999999,-0.4191997999999998,-1.1497497070376306,35
18556,2023-05-13 14:00:00,2022,Bournemouth,0,0.262022,away,0.262022,-0.00799139999999987,-0.10076008896573373,36
18562,2023-05-20 14:00:00,2022,Bournemouth,0,0.815723,home,0.815723,-0.039784199999999846,-0.18186328902058713,37
18577,2023-05-28 15:30:00,2022,Bournemouth,0,0.432084,away,0.432084,0.048921800000000126,0.04442506759052699,38
22277,2023-08-12 14:00:00,2023,Bournemouth,1,1.51025,home,0.5102500000000001,0.4475258000000001,0.5284004715841728,1
22288,2023-08-19 14:00:00,2023,Bournemouth,1,1.3867,away,0.38670000000000004,0.4813558000000002,0.6227989170281287,2
22296,2023-08-26 11:30:00,2023,Bournemouth,0,0.483582,home,0.483582,0.5256678000000001,0.7464460915629364,3
21928,2023-09-02 14:00:00,2023,Bournemouth,2,2.11013,away,0.11012999999999984,0.3845492000000001,0.3526720311660291,4
21942,2023-09-17 13:00:00,2023,Bournemouth,0,1.32515,home,1.32515,0.5631624000000001,0.8510701516440161,5
21951,2023-09-24 13:00:00,2023,Bournemouth,1,1.58984,away,0.5898399999999999,0.5790804,0.8954873687464956,6
21959,2023-09-30 14:00:00,2023,Bournemouth,0,0.644443,home,0.644443,0.6306290000000001,1.039327383668526,7
21969,2023-10-07 14:00:00,2023,Bournemouth,0,0.981732,away,0.981732,0.730259,1.3173326192458616,8
21975,2023-10-21 14:00:00,2023,Bournemouth,1,1.01839,home,0.018389999999999906,0.7119110000000001,1.266134786641496,9
21985,2023-10-28 14:00:00,2023,Bournemouth,2,1.10052,home,-0.8994800000000001,0.26698500000000014,0.02462362088337282,10
22000,2023-11-04 15:00:00,2023,Bournemouth,1,0.643127,away,-0.356873,0.07764240000000007,-0.5037135678933545,11
22005,2023-11-11 17:30:00,2023,Bournemouth,2,2.78424,home,0.78424,0.10560180000000008,-0.42569630819646626,12
22023,2023-11-25 15:00:00,2023,Bournemouth,3,3.13975,away,0.13974999999999982,-0.06279459999999996,-0.8955857074976339,13
22025,2023-12-03 14:00:00,2023,Bournemouth,2,2.54937,home,0.5493700000000001,0.043401400000000076,-0.5992588581814561,14
22043,2023-12-06 19:30:00,2023,Bournemouth,2,1.79997,away,-0.20002999999999993,0.1832914000000001,-0.2089130546592885,15
22051,2023-12-09 15:00:00,2023,Bournemouth,3,1.9742,away,-1.0258,0.04950600000000009,-0.5822247242749479,16
22070,2023-12-23 15:00:00,2023,Bournemouth,3,1.89067,away,-1.10933,-0.3292079999999999,-1.6389794646787947,17
22075,2023-12-26 15:00:00,2023,Bournemouth,3,2.07911,home,-0.92089,-0.5413359999999999,-2.2308965038492166,18
22092,2023-12-31 14:00:00,2023,Bournemouth,1,1.58229,away,0.58229,-0.5347519999999999,-2.21252466332888,19
22102,2024-01-21 16:30:00,2023,Bournemouth,0,0.834585,home,0.834585,-0.3278289999999999,-1.6351315351408933,20
22110,2024-02-01 19:30:00,2023,Bournemouth,1,1.13487,away,0.13487000000000005,-0.09569499999999989,-0.987390218715024,21
22115,2024-02-04 14:00:00,2023,Bournemouth,1,1.1895,home,0.1895,0.1640710000000001,-0.2625452119401339,22
22127,2024-02-10 15:00:00,2023,Bournemouth,1,2.60612,away,1.6061200000000002,0.6694730000000002,1.1477167781357152,23
22141,2024-02-17 15:00:00,2023,Bournemouth,2,2.08098,away,0.08097999999999983,0.5692110000000001,0.8679480244525385,24
22145,2024-02-24 17:30:00,2023,Bournemouth,0,0.925889,home,0.925889,0.5874718000000001,0.9189025362043263,25
22156,2024-03-03 13:00:00,2023,Bournemouth,2,1.43616,away,-0.5638399999999999,0.4477298000000001,0.5289697084411215,26
22165,2024-03-09 15:00:00,2023,Bournemouth,2,3.92657,home,1.92657,0.7951438000000002,1.498385656577874,27
25861,2024-03-13 19:30:00,2023,Bournemouth,4,2.84403,home,-1.15597,0.24272580000000005,-0.0430686867641002,28
22185,2024-03-30 15:00:00,2023,Bournemouth,2,1.39268,home,-0.6073200000000001,0.10506580000000007,-0.42719195013433087,29
22195,2024-04-02 18:45:00,2023,Bournemouth,1,1.30969,home,0.30969,-0.018173999999999912,-0.7710774226978537,30
22210,2024-04-06 14:00:00,2023,Bournemouth,1,0.616108,away,-0.383892,0.017815600000000063,-0.6706528796251437,31
22215,2024-04-13 16:30:00,2023,Bournemouth,2,2.38519,home,0.38519000000000014,-0.2904603999999999,-1.5308590625302814,32
22225,2024-04-21 14:00:00,2023,Bournemouth,1,2.05211,away,1.0521099999999999,0.15115560000000006,-0.298584043813822,33
22184,2024-04-24 18:45:00,2023,Bournemouth,1,2.40311,away,1.4031099999999999,0.5532416,0.8233873819851216,34
22235,2024-04-28 13:00:00,2023,Bournemouth,3,2.48132,home,-0.5186799999999998,0.3875676,0.3610945043474665,35
22245,2024-05-04 11:30:00,2023,Bournemouth,0,0.4687,away,0.4687,0.5580860000000001,0.8369050831115983,36
22255,2024-05-11 14:00:00,2023,Bournemouth,1,1.07237,home,0.07237000000000005,0.4955220000000001,0.6623279521404003,37
22269,2024-05-19 15:00:00,2023,Bournemouth,1,2.002,away,1.0019999999999998,0.48550000000000004,0.6343627963544315,38
26607,2024-08-17 14:00:00,2024,Bournemouth,1,1.90915,away,0.9091499999999999,0.38670800000000005,-0.0003280809726484692,1
26620,2024-08-25 13:00:00,2024,Bournemouth,1,2.53513,home,1.53513,0.79747,0.970183511057734,2
26624,2024-08-31 14:00:00,2024,Bournemouth,3,2.95688,away,-0.04312000000000005,0.695106,0.7283270379501972,3
26639,2024-09-14 19:00:00,2024,Bournemouth,0,1.53731,home,1.53731,0.988094,1.4205727917584798,4
26645,2024-09-21 14:00:00,2024,Bournemouth,0,1.46979,away,1.46979,1.081652,1.6416232383119063,5
26661,2024-09-30 19:00:00,2024,Bournemouth,3,1.44215,home,-1.55785,0.588252,0.4758619957729399,6
26663,2024-10-05 14:00:00,2024,Bournemouth,0,1.94963,away,1.94963,0.671152,0.6717306763697787,7
26680,2024-10-19 16:30:00,2024,Bournemouth,2,2.18419,home,0.18419000000000008,0.7166140000000001,0.7791442102333916,8
26684,2024-10-26 14:00:00,2024,Bournemouth,1,0.328651,away,-0.671349,0.27488220000000013,-0.2645400460231426,9
26692,2024-11-02 15:00:00,2024,Bournemouth,2,2.4493,home,0.44930000000000003,0.07078420000000012,-0.746764484774091,10
26702,2024-11-09 15:00:00,2024,Bournemouth,2,2.49234,away,0.49234,0.4808222000000001,0.22203650502767744,11
26712,2024-11-23 15:00:00,2024,Bournemouth,1,1.91157,home,0.91157,0.2732102000000001,-0.2684904975787267,12
26731,2024-11-30 15:00:00,2024,Bournemouth,4,3.07901,away,-0.9209900000000002,0.05217420000000006,-0.7907345227223079,13
26732,2024-12-05 20:15:00,2024,Bournemouth,1,3.27716,home,2.27716,0.6418760000000001,0.6025599707828906,14
26750,2024-12-08 14:00:00,2024,Bournemouth,2,3.49127,away,1.49127,0.8502700000000001,1.0949346128130188,15
26754,2024-12-16 20:00:00,2024,Bournemouth,1,2.04842,home,1.0484200000000001,0.9614860000000001,1.3577057971466502,16
26769,2024-12-22 14:00:00,2024,Bournemouth,3,1.82831,away,-1.17169,0.544834,0.37327784168182365,17
26772,2024-12-26 15:00:00,2024,Bournemouth,0,1.20189,home,1.20189,0.9694100000000001,1.376427913250985,18
26786,2024-12-29 15:00:00,2024,Bournemouth,2,1.70692,away,-0.29308,0.45536200000000004,0.1618814292528687,19
26792,2025-01-04 15:00:00,2024,Bournemouth,1,2.61852,home,1.6185200000000002,0.4808120000000001,0.22201240538302014,20
26809,2025-01-14 19:30:00,2024,Bournemouth,2,1.14845,away,-0.85155,0.10081800000000003,-0.6758033173517831,21
26819,2025-01-18 12:30:00,2024,Bournemouth,4,2.70174,away,-1.29826,0.07550400000000002,-0.7356129648865043,22
26822,2025-01-25 15:00:00,2024,Bournemouth,5,2.8254,home,-2.1746,-0.5997939999999999,-2.3311464783929465,23
26832,2025-02-01 15:00:00,2024,Bournemouth,0,1.65273,home,1.65273,-0.210632,-1.411669427989726,24
26849,2025-02-15 15:00:00,2024,Bournemouth,3,2.08722,away,-0.9127800000000001,-0.7168920000000001,-2.607815124478938,25
26852,2025-02-22 15:00:00,2024,Bournemouth,0,0.629691,home,0.629691,-0.4206438,-1.9078664626793185,26
26863,2025-02-25 19:30:00,2024,Bournemouth,1,1.70169,away,0.7016899999999999,-0.020653800000000055,-0.9628059855752223,27
26879,2025-03-09 14:00:00,2024,Bournemouth,2,2.22536,away,0.22535999999999978,0.4593381999999999,0.1712760377907351,28
26882,2025-03-15 17:30:00,2024,Bournemouth,1,2.02714,home,1.0271400000000002,0.33422019999999997,-0.12434154458459991,29
26896,2025-04-02 19:45:00,2024,Bournemouth,1,1.99637,home,0.99637,0.7160502,0.777812114188512,30
26911,2025-04-05 14:00:00,2024,Bournemouth,2,1.94869,away,-0.05130999999999997,0.5798499999999999,0.45601050416407785,31
26912,2025-04-14 19:00:00,2024,Bournemouth,1,1.8577,home,0.8576999999999999,0.6110519999999999,0.5297317897127217,32
26924,2025-04-19 14:00:00,2024,Bournemouth,0,0.664093,away,0.664093,0.6987986,0.7370515818581814,33
26932,2025-04-27 13:00:00,2024,Bournemouth,1,0.60995,home,-0.39005,0.41536059999999997,0.06736971103783367,34
26945,2025-05-03 16:30:00,2024,Bournemouth,2,1.41783,away,-0.5821700000000001,0.09965259999999998,-0.6785568198893894,35
26955,2025-05-10 16:30:00,2024,Bournemouth,0,1.02272,home,1.02272,0.3144586,-0.17103247966882776,36
26970,2025-05-20 19:00:00,2024,Bournemouth,1,0.962014,away,-0.037985999999999964,0.1353214,-0.5942817801490695,37
26979,2025-05-25 15:00:00,2024,Bournemouth,2,2.72449,home,0.7244899999999999,0.14740079999999997,-0.5657416578281834,38
16376,2021-08-13 19:00:00,2021,Brentford,2,1.88818,home,-0.11182000000000003,,,1
16389,2021-08-21 14:00:00,2021,Brentford,0,0.712439,away,0.712439,,,2
16399,2021-08-28 14:00:00,2021,Brentford,1,1.13312,away,0.1331199999999999,0.24457966666666664,0.34030451792527244,3
16408,2021-09-11 14:00:00,2021,Brentford,0,0.729786,home,0.729786,0.36588125,0.7752111877469937,4
16417,2021-09-18 11:30:00,2021,Brentford,2,2.32741,away,0.32741,0.358187,0.747624732959505,5
16432,2021-09-25 16:30:00,2021,Brentford,3,2.94058,home,-0.059419999999999806,0.368667,0.7851990314516104,6
16444,2021-10-03 13:00:00,2021,Brentford,2,1.30098,away,-0.69902,0.08637520000000003,-0.22691130777297533,7
16448,2021-10-16 16:30:00,2021,Brentford,0,1.62169,home,1.62169,0.3840892000000001,0.8404927667765099,8
16457,2021-10-24 13:00:00,2021,Brentford,1,1.16789,home,0.1678900000000001,0.27171000000000006,0.4375758197246027,9
16467,2021-10-30 14:00:00,2021,Brentford,1,0.834312,away,-0.16568799999999995,0.1730904000000001,0.08399163197918136,10
16477,2021-11-06 15:00:00,2021,Brentford,1,2.79229,home,1.79229,0.5434324,1.411791331613076,11
16491,2021-11-20 15:00:00,2021,Brentford,3,1.23275,away,-1.76725,0.32978640000000004,0.6457991011126654,12
16497,2021-11-28 14:00:00,2021,Brentford,1,1.19813,home,0.19812999999999992,0.04507439999999998,-0.3749884630365955,13
16515,2021-12-02 19:30:00,2021,Brentford,0,0.225492,away,0.225492,0.056594799999999966,-0.33368398323235426,14
16518,2021-12-05 14:00:00,2021,Brentford,2,1.19959,away,-0.8004100000000001,-0.07034960000000005,-0.7888220345206365,15
16527,2021-12-10 20:00:00,2021,Brentford,2,1.82799,home,-0.17201,-0.46320960000000005,-2.1973562812389993,16
16557,2021-12-26 20:00:00,2021,Brentford,0,1.10342,away,1.10342,0.11092439999999999,-0.13889423062198417,17
16567,2021-12-29 20:15:00,2021,Brentford,0,0.238829,home,0.238829,0.1190642,-0.10971033034850726,18
16577,2022-01-02 14:00:00,2021,Brentford,2,0.501329,home,-1.4986709999999999,-0.22576839999999998,-1.3460503152920866,19
16551,2022-01-11 21:45:00,2021,Brentford,1,0.621466,away,-0.37853400000000004,-0.14139319999999997,-1.0435370566917932,20
16589,2022-01-16 14:00:00,2021,Brentford,0,0.376656,away,0.376656,-0.03165999999999998,-0.6501069029423775,21
16537,2022-01-19 20:00:00,2021,Brentford,1,2.081,home,1.081,-0.036143999999999996,-0.6661835398162896,22
16597,2022-01-22 15:00:00,2021,Brentford,1,0.742573,home,-0.25742699999999996,-0.1353952,-1.022032224405949,23
16615,2022-02-09 19:45:00,2021,Brentford,0,0.461305,away,0.461305,0.2566,0.38340142562005003,24
16616,2022-02-12 15:00:00,2021,Brentford,0,1.97576,home,1.97576,0.7274588,2.0715874083332615,25
16626,2022-02-19 15:00:00,2021,Brentford,1,0.640726,away,-0.359274,0.5802728,1.5438764638810676,26
16637,2022-02-26 15:00:00,2021,Brentford,0,0.494232,home,0.494232,0.4629192,1.1231246322471824,27
16652,2022-03-05 15:00:00,2021,Brentford,3,2.22064,away,-0.77936,0.3585325999999999,0.7488638243296262,28
16657,2022-03-12 15:00:00,2021,Brentford,2,1.82002,home,-0.17998000000000003,0.23027559999999997,0.2890196638618845,29
16668,2022-03-20 14:00:00,2021,Brentford,1,1.72466,away,0.7246600000000001,-0.019944399999999994,-0.6081025659753825,30
16683,2022-04-02 14:00:00,2021,Brentford,4,2.43422,away,-1.5657800000000002,-0.2612456,-1.4732479204890438,31
16693,2022-04-10 13:00:00,2021,Brentford,2,1.85534,home,-0.14466,-0.38902400000000004,-1.9313761401878622,32
16698,2022-04-16 14:00:00,2021,Brentford,2,2.12457,away,0.12456999999999985,-0.20823800000000006,-1.2831979791960944,33
16714,2022-04-23 16:30:00,2021,Brentford,0,1.3153,home,1.3153,0.09081799999999993,-0.2109823866526775,34
16722,2022-05-02 19:00:00,2021,Brentford,0,0.681425,away,0.681425,0.08217099999999991,-0.2419847682424899,35
16734,2022-05-07 14:00:00,2021,Brentford,3,3.68223,home,0.6822300000000001,0.5317729999999999,1.3699884904070785,36
16744,2022-05-15 15:30:00,2021,Brentford,3,1.81626,away,-1.18374,0.32395699999999994,0.624898756109814,37
16747,2022-05-22 15:00:00,2021,Brentford,1,0.844985,home,-0.15501500000000001,0.26803999999999994,0.4244176445847143,38
18210,2022-08-07 13:00:00,2022,Brentford,2,0.931067,away,-1.068933,-0.2088066,-0.5251795784883082,1
18218,2022-08-13 16:30:00,2022,Brentford,4,1.38785,home,-2.6121499999999997,-0.8675215999999999,-2.074239526084742,2
18225,2022-08-20 14:00:00,2022,Brentford,2,1.59352,away,-0.40647999999999995,-1.0852636,-2.5862901262829205,3
18233,2022-08-27 14:00:00,2022,Brentford,1,2.28391,home,1.28391,-0.5917335999999999,-1.425685682878309,4
18243,2022-08-30 18:30:00,2022,Brentford,1,1.61808,away,0.61808,-0.43711459999999996,-1.062077597382438,5
18257,2022-09-03 14:00:00,2022,Brentford,5,2.7485,home,-2.2515,-0.673628,-1.6182717557208004,6
18280,2022-09-18 11:00:00,2022,Brentford,0,0.54011,home,0.54011,-0.043176000000000034,-0.135676183914986,7
18283,2022-10-01 14:00:00,2022,Brentford,0,1.046,away,1.046,0.24731999999999993,0.5474655671260161,8
18299,2022-10-08 14:00:00,2022,Brentford,1,1.13466,away,0.13466,0.017469999999999965,0.006941320744742933,9
18303,2022-10-14 19:00:00,2022,Brentford,2,1.90636,home,-0.09363999999999995,-0.12487400000000001,-0.32780039483888096,10
18314,2022-10-19 18:30:00,2022,Brentford,0,1.45228,home,1.45228,0.615882,1.4141903758916239,11
18322,2022-10-23 13:00:00,2022,Brentford,0,1.00462,away,1.00462,0.708784,1.6326623512551783,12
18334,2022-10-29 14:00:00,2022,Brentford,1,1.29257,home,0.29257,0.558098,1.2783032623267097,13
18347,2022-11-05 15:00:00,2022,Brentford,2,1.2204,away,-0.7796000000000001,0.3752459999999999,0.8483013502131197,14
18356,2022-11-12 12:30:00,2022,Brentford,2,3.29012,away,1.29012,0.651998,1.4991221735087916,15
18364,2022-12-26 12:30:00,2022,Brentford,2,2.25263,home,0.2526299999999999,0.41206799999999993,0.9348934050325727,16
18380,2022-12-30 19:45:00,2022,Brentford,2,1.51436,away,-0.48564000000000007,0.1140159999999999,0.23398266897674802,17
18384,2023-01-02 17:30:00,2022,Brentford,3,2.0991,home,-0.9009,-0.12467800000000011,-0.3273394735759239,18
18393,2023-01-14 17:30:00,2022,Brentford,2,1.29815,home,-0.7018500000000001,-0.10912800000000011,-0.2907714856219157,19
18406,2023-01-22 14:00:00,2022,Brentford,0,0.17114,away,0.17114,-0.3329240000000001,-0.8170589089116412,20
18413,2023-02-04 15:00:00,2022,Brentford,3,2.36747,home,-0.63253,-0.5099560000000001,-1.2333742814823156,21
18422,2023-02-11 15:00:00,2022,Brentford,1,2.17538,away,1.17538,-0.17775200000000008,-0.452150366995283,22
18433,2023-02-18 15:00:00,2022,Brentford,1,0.610105,home,-0.389895,-0.07555100000000008,-0.21181049967132165,23
18454,2023-03-06 20:00:00,2022,Brentford,3,2.44358,home,-0.5564200000000001,-0.04646500000000009,-0.14341072490410084,24
18464,2023-03-11 15:00:00,2022,Brentford,0,1.95088,away,1.95088,0.3094829999999999,0.6936505082954705,25
18265,2023-03-15 19:30:00,2022,Brentford,2,1.66591,away,-0.33409,0.3691709999999999,0.8340151427005409,26
18474,2023-03-18 15:00:00,2022,Brentford,1,0.476467,home,-0.523533,0.02938839999999989,0.034969096155099806,27
18484,2023-04-01 14:00:00,2022,Brentford,3,1.2788,away,-1.7212,-0.23687260000000016,-0.5911806813768742,28
18448,2023-04-05 19:00:00,2022,Brentford,0,0.64499,away,0.64499,0.0034093999999998737,-0.026124135938609603,29
18493,2023-04-08 14:00:00,2022,Brentford,1,2.06521,home,1.06521,-0.17372460000000012,-0.44267937569714977,30
18511,2023-04-15 14:00:00,2022,Brentford,0,1.5133,away,1.5133,0.1957533999999999,0.42619953448105385,31
18514,2023-04-22 14:00:00,2022,Brentford,1,2.03162,home,1.0316200000000002,0.5067839999999999,1.1576312537175788,32
18529,2023-04-26 18:45:00,2022,Brentford,2,0.695344,away,-1.304656,0.5900928,1.353543484898472,33
18534,2023-04-29 14:00:00,2022,Brentford,2,1.32059,home,-0.6794100000000001,0.32521279999999997,0.7306413209590693,34
18545,2023-05-06 16:30:00,2022,Brentford,0,0.183892,away,0.183892,0.14894919999999995,0.3161329478703148,35
18554,2023-05-14 13:00:00,2022,Brentford,2,4.42571,home,2.4257099999999996,0.3314311999999998,0.7452647535181175,36
18569,2023-05-20 11:30:00,2022,Brentford,3,1.15344,away,-1.84656,-0.2442048000000002,-0.6084233695618504,37
18574,2023-05-28 15:30:00,2022,Brentford,1,1.43893,home,0.43893000000000004,0.10451239999999981,0.21163363165715215,38
22282,2023-08-13 13:00:00,2023,Brentford,2,1.90756,home,-0.09244000000000008,0.2219063999999998,0.010372630260727189,1
22287,2023-08-19 14:00:00,2023,Brentford,3,3.46888,away,0.46887999999999996,0.2789039999999998,0.19287367948231268,2
22298,2023-08-26 14:00:00,2023,Brentford,1,0.948011,home,-0.05198899999999995,-0.21663580000000007,-1.3937989774550776,3
21928,2023-09-02 14:00:00,2023,Brentford,2,3.07185,home,1.07185,0.36704619999999993,0.47509686047061483,4
21943,2023-09-16 16:30:00,2023,Brentford,0,0.633678,away,0.633678,0.4059957999999999,0.5998098811374686,5
21949,2023-09-23 16:30:00,2023,Brentford,1,1.57402,home,0.57402,0.5392878,1.0265985503593935,6
21963,2023-10-01 13:00:00,2023,Brentford,1,1.75862,away,0.7586200000000001,0.5972357999999999,1.2121426925740202,7
21972,2023-10-07 14:00:00,2023,Brentford,1,1.02509,away,0.025090000000000057,0.6126516,1.2615026599163317,8
21977,2023-10-21 14:00:00,2023,Brentford,3,3.15685,home,0.15684999999999993,0.42965159999999997,0.6755535671904952,9
21989,2023-10-28 11:30:00,2023,Brentford,2,2.48137,away,0.4813700000000001,0.39919,0.5780183383217666,10
21995,2023-11-04 15:00:00,2023,Brentford,3,1.82944,home,-1.17056,0.05027399999999997,-0.5391784575117196,11
22011,2023-11-12 14:00:00,2023,Brentford,0,1.44954,away,1.44954,0.18845799999999996,-0.09672605625911315,12
22015,2023-11-25 17:30:00,2023,Brentford,0,1.66315,home,1.66315,0.5160699999999999,0.9522572998397761,13
22027,2023-12-02 15:00:00,2023,Brentford,3,3.25952,home,0.2595200000000002,0.536604,1.01800527071427,14
22036,2023-12-06 19:30:00,2023,Brentford,1,1.22007,away,0.22007,0.48434399999999994,0.8506735789883014,15
22052,2023-12-09 15:00:00,2023,Brentford,0,0.644638,away,0.644638,0.8473836,2.01309283714978,16
22057,2023-12-17 14:00:00,2023,Brentford,1,0.796812,home,-0.20318800000000004,0.516838,0.9547163648846586,17
22077,2023-12-27 19:30:00,2023,Brentford,1,2.59347,home,1.59347,0.502902,0.9100945804244002,18
22086,2023-12-30 15:00:00,2023,Brentford,1,1.28731,away,0.28730999999999995,0.5084599999999999,0.9278907829236908,19
22104,2024-01-20 17:30:00,2023,Brentford,3,1.94219,home,-1.05781,0.2528839999999999,0.10956004345648632,20
22109,2024-01-31 19:30:00,2023,Brentford,2,1.59637,away,-0.40362999999999993,0.04323039999999993,-0.5617314139572045,21
22117,2024-02-05 20:00:00,2023,Brentford,1,0.865741,home,-0.13425900000000002,0.05701619999999994,-0.5175905560200469,22
22134,2024-02-10 15:00:00,2023,Brentford,2,1.84908,away,-0.15091999999999994,-0.29186180000000006,-1.6346656793643335,23
22135,2024-02-17 12:30:00,2023,Brentford,1,1.69518,home,0.6951799999999999,-0.21028780000000005,-1.3734732679434731,24
22074,2024-02-20 18:30:00,2023,Brentford,0,0.503799,away,0.503799,0.10203399999999993,-0.37344771959101325,25
22153,2024-02-26 20:00:00,2023,Brentford,2,1.33683,away,-0.66317,0.050125999999999914,-0.5396523398380774,26
22155,2024-03-02 15:00:00,2023,Brentford,2,2.4732,home,0.47319999999999984,0.17161779999999988,-0.15064682080185457,27
22166,2024-03-09 17:30:00,2023,Brentford,1,0.733239,away,-0.266761,0.14844959999999988,-0.2248292567039897,28
22177,2024-03-16 15:00:00,2023,Brentford,1,1.25123,away,0.25123000000000006,0.0596595999999999,-0.5091266334423887,29
22187,2024-03-30 20:00:00,2023,Brentford,1,3.16487,home,2.16487,0.39187379999999994,0.554592541861653,30
22200,2024-04-03 18:30:00,2023,Brentford,0,0.423299,home,0.423299,0.6091675999999999,1.250347213801267,31
22205,2024-04-06 14:00:00,2023,Brentford,3,1.42064,away,-1.57936,0.19865559999999993,-0.06407428321003679,32
22217,2024-04-13 14:00:00,2023,Brentford,2,1.09071,home,-0.9092899999999999,0.07014979999999996,-0.4755379822264728,33
22230,2024-04-20 14:00:00,2023,Brentford,5,3.7809,away,-1.2191,-0.22391620000000007,-1.4171101456227344,34
22237,2024-04-27 16:30:00,2023,Brentford,0,0.956356,away,0.956356,-0.4656190000000001,-2.1910201804276217,35
22246,2024-05-04 14:00:00,2023,Brentford,0,0.809379,home,0.809379,-0.3884030000000001,-1.9437816823734237,36
22255,2024-05-11 14:00:00,2023,Brentford,2,1.92722,away,-0.07278000000000007,-0.08708700000000003,-0.9789956888008652,37
22266,2024-05-19 15:00:00,2023,Brentford,2,1.70157,home,-0.29843,0.03508499999999996,-0.5878122322079641,38
26609,2024-08-18 13:00:00,2024,Brentford,2,1.38064,home,-0.6193599999999999,0.15503299999999998,0.40606290393912287,1
26621,2024-08-25 15:30:00,2024,Brentford,0,0.457239,away,0.457239,0.055209599999999984,0.13200840859620777,2
26623,2024-08-31 14:00:00,2024,Brentford,3,3.86281,home,0.8628100000000001,0.06589580000000002,0.16134623067132714,3
26637,2024-09-14 14:00:00,2024,Brentford,1,1.05094,away,0.050939999999999985,0.0906398,0.22927824293263147,4
26648,2024-09-21 14:00:00,2024,Brentford,1,0.893565,away,-0.10643499999999995,0.1290388,0.334698600951619,5
26656,2024-09-28 14:00:00,2024,Brentford,1,0.370222,home,-0.629778,0.1269552,0.32897829943417417,6
26667,2024-10-05 14:00:00,2024,Brentford,5,4.13513,home,-0.8648699999999998,-0.13746659999999994,-0.3969635434269709,7
26675,2024-10-19 14:00:00,2024,Brentford,1,0.892843,away,-0.10715699999999995,-0.33146,-0.9295517275286573,8
26685,2024-10-26 14:00:00,2024,Brentford,4,4.09663,home,0.09663000000000022,-0.3223219999999999,-0.90446432338851,9
26693,2024-11-04 20:00:00,2024,Brentford,1,0.739231,away,-0.26076900000000003,-0.3531887999999999,-0.9892058298574411,10
26702,2024-11-09 15:00:00,2024,Brentford,3,1.56474,home,-1.43526,-0.5142852,-1.4314788099759346,11
26715,2024-11-23 15:00:00,2024,Brentford,0,1.34314,away,1.34314,-0.07268319999999999,-0.21910762994778465,12
26722,2024-11-30 15:00:00,2024,Brentford,4,2.21885,home,-1.7811499999999998,-0.40748179999999995,-1.1382614692731783,13
26734,2024-12-04 20:15:00,2024,Brentford,1,1.13266,away,0.13266,-0.4002758,-1.118478165023463,14
26743,2024-12-07 15:00:00,2024,Brentford,4,1.746,home,-2.254,-0.7989219999999999,-2.2129187787610314,15
26757,2024-12-15 19:00:00,2024,Brentford,1,1.65861,away,0.6586099999999999,-0.38014800000000004,-1.0632194373968433,16
26766,2024-12-21 15:00:00,2024,Brentford,0,0.769004,home,0.769004,-0.4949752,-1.3784652650047986,17
26774,2024-12-27 19:30:00,2024,Brentford,0,0.961233,away,0.961233,0.0535013999999999,0.12731872773035077,18
26783,2025-01-01 17:30:00,2024,Brentford,1,0.272604,home,-0.7273959999999999,-0.11850980000000008,-0.34491967137576307,19
26799,2025-01-04 15:00:00,2024,Brentford,5,5.54874,away,0.5487399999999996,0.4420381999999998,1.1940050622586391,20
26803,2025-01-14 19:30:00,2024,Brentford,2,2.39088,home,0.3908800000000001,0.38849219999999984,1.0470002316514695,21
26813,2025-01-18 15:00:00,2024,Brentford,0,1.20021,home,1.20021,0.47473339999999986,1.2837662458702541,22
26825,2025-01-26 14:00:00,2024,Brentford,2,1.92037,away,-0.07963000000000009,0.2665607999999998,0.7122505808335738,23
26834,2025-02-02 14:00:00,2024,Brentford,0,1.66475,home,1.66475,0.7449899999999998,2.0257269096634336,24
26851,2025-02-15 15:00:00,2024,Brentford,1,1.96499,away,0.96499,0.8282399999999999,2.2542809033893305,25
26858,2025-02-21 20:00:00,2024,Brentford,4,2.03465,away,-1.96535,0.3569939999999999,0.9605252838415352,26
26862,2025-02-26 19:30:00,2024,Brentford,1,1.34009,home,0.34009,0.1849699999999999,0.4882517437009506,27
26872,2025-03-08 17:30:00,2024,Brentford,0,0.637743,home,0.637743,0.3284445999999999,0.8821459518478041,28
26882,2025-03-15 17:30:00,2024,Brentford,2,1.60321,away,-0.39679,-0.08386340000000007,-0.24980167632201036,29
26899,2025-04-02 19:45:00,2024,Brentford,1,1.53201,away,0.5320100000000001,-0.17045940000000007,-0.4875417560900315,30
26903,2025-04-06 13:00:00,2024,Brentford,0,1.36123,home,1.36123,0.4948566,1.3390123446876114,31
26913,2025-04-12 16:30:00,2024,Brentford,1,0.588583,away,-0.41141700000000003,0.34455519999999995,0.9263758854372388,32
26923,2025-04-19 14:00:00,2024,Brentford,4,2.95516,home,-1.0448400000000002,0.008038599999999896,0.0025054603914714557,33
26939,2025-05-01 18:30:00,2024,Brentford,2,1.52054,away,-0.47946,-0.008495400000000108,-0.042886872728816576,34
26947,2025-05-04 13:00:00,2024,Brentford,4,3.58737,home,-0.41263000000000005,-0.19742340000000014,-0.56156854151736,35
26954,2025-05-10 14:00:00,2024,Brentford,1,1.32077,away,0.32077,-0.4055154000000001,-1.132862927852607,36
26964,2025-05-18 14:00:00,2024,Brentford,2,2.43045,home,0.43045,-0.23714200000000013,-0.6706117205588182,37
26978,2025-05-25 15:00:00,2024,Brentford,1,1.97196,away,0.9719599999999999,0.1662179999999999,0.4367701282012747,38
7126,2017-08-12 17:30:00,2017,Brighton,0,0.276343,home,0.276343,,,1
7133,2017-08-19 15:00:00,2017,Brighton,0,0.123075,away,0.123075,,,2
7143,2017-08-26 15:00:00,2017,Brighton,0,0.952357,away,0.952357,0.45059166666666667,0.9438625218925291,3
7153,2017-09-09 15:00:00,2017,Brighton,3,0.396771,home,-2.603229,-0.31286349999999996,-1.0352778599424362,4
7159,2017-09-15 20:00:00,2017,Brighton,1,0.874276,away,-0.12572399999999995,-0.27543559999999995,-0.9382517717954384,5
7177,2017-09-24 16:00:00,2017,Brighton,1,0.507341,home,-0.49265899999999996,-0.42923599999999995,-1.3369557110344426,6
7186,2017-10-01 12:00:00,2017,Brighton,0,0.386343,away,0.386343,-0.37658239999999993,-1.2004593317329917,7
7189,2017-10-15 13:30:00,2017,Brighton,1,1.05884,home,0.05884,-0.5552857999999999,-1.6637204775778884,8
7208,2017-10-20 20:00:00,2017,Brighton,3,1.98345,away,-1.01655,-0.23795000000000002,-0.841076105251414,9
7211,2017-10-29 13:30:00,2017,Brighton,1,1.50533,home,0.5053300000000001,-0.11173920000000001,-0.5138939709103713,10
7225,2017-11-04 15:00:00,2017,Brighton,1,0.874927,away,-0.125073,-0.03822200000000002,-0.32331190973353613,11
7238,2017-11-20 20:00:00,2017,Brighton,2,0.490058,home,-1.5099420000000001,-0.41747900000000004,-1.3064774924236136,12
7243,2017-11-25 15:00:00,2017,Brighton,0,0.565072,away,0.565072,-0.3162326000000001,-1.0440117347677955,13
7250,2017-11-28 19:45:00,2017,Brighton,0,0.475162,home,0.475162,-0.017890200000000057,-0.2706048377635051,14
7268,2017-12-02 15:00:00,2017,Brighton,1,1.65878,home,0.6587799999999999,0.012799799999999917,-0.19104572156325442,15
7274,2017-12-09 15:00:00,2017,Brighton,0,0.273809,away,0.273809,0.09257619999999991,0.015762355257784317,16
7288,2017-12-13 20:00:00,2017,Brighton,0,0.315616,away,0.315616,0.4576878,0.9622581587918168,17
7291,2017-12-16 15:00:00,2017,Brighton,0,1.49029,home,1.49029,0.6427314,1.4419553003529997,18
7305,2017-12-23 15:00:00,2017,Brighton,1,1.40139,home,0.4013899999999999,0.6279769999999999,1.4037067821364801,19
7310,2017-12-26 15:00:00,2017,Brighton,0,0.452601,away,0.452601,0.5867412,1.2968092974896803,20
7325,2017-12-30 15:00:00,2017,Brighton,0,0.630058,away,0.630058,0.657991,1.4815134720561391,21
7331,2018-01-01 12:30:00,2017,Brighton,2,2.37332,home,0.3733200000000001,0.6695317999999999,1.511431225338767,22
7348,2018-01-13 15:00:00,2017,Brighton,0,0.530765,away,0.530765,0.4776268,1.013946957029575,23
7350,2018-01-20 12:30:00,2017,Brighton,0,0.881174,home,0.881174,0.5735836000000001,1.2627002382744177,24
7363,2018-01-31 19:45:00,2017,Brighton,1,1.07907,away,0.07906999999999997,0.4988774,1.0690358770271329,25
7371,2018-02-03 15:00:00,2017,Brighton,3,1.64227,home,-1.35773,0.1013198,0.03842879671782077,26
7385,2018-02-10 15:00:00,2017,Brighton,1,0.897856,away,-0.10214400000000001,0.0062269999999999825,-0.20808469709147215,27
7391,2018-02-24 15:00:00,2017,Brighton,4,3.2913,home,-0.7086999999999999,-0.24166600000000002,-0.8507092651015322,28
7399,2018-03-04 13:30:00,2017,Brighton,2,1.48498,home,-0.51502,-0.5209048000000001,-1.574593010191743,29
7412,2018-03-10 15:00:00,2017,Brighton,0,0.321797,away,0.321797,-0.47235940000000004,-1.4487465090647422,30
7430,2018-03-31 15:00:00,2017,Brighton,0,1.60322,home,1.60322,0.11983060000000005,0.08641520558584308,31
7441,2018-04-07 14:00:00,2017,Brighton,1,1.53244,home,0.53244,0.24674740000000006,0.4154275366045455,32
7450,2018-04-14 14:00:00,2017,Brighton,2,1.54485,away,-0.45514999999999994,0.29745740000000004,0.546885431114637,33
7462,2018-04-17 18:45:00,2017,Brighton,1,0.988099,home,-0.01190100000000005,0.3980812,0.8077371937966438,34
7469,2018-04-28 14:00:00,2017,Brighton,0,0.378409,away,0.378409,0.4094036000000001,0.8370887785886191,35
7484,2018-05-04 20:00:00,2017,Brighton,1,0.922771,home,-0.07722899999999999,0.07331380000000001,-0.03417246129144022,36
7424,2018-05-09 20:00:00,2017,Brighton,1,1.00939,away,0.00939000000000001,-0.031296199999999996,-0.3053578358664883,37
7495,2018-05-13 15:00:00,2017,Brighton,0,0.0408165,away,0.0408165,0.06789709999999999,-0.04821442495132617,38
9199,2018-08-11 17:00:00,2018,Brighton,0,0.45504,away,0.45504,0.1612853,0.4456809453420323,1
9215,2018-08-19 18:00:00,2018,Brighton,3,1.63672,home,-1.36328,-0.1870525,-0.9110619549787947,2
9223,2018-08-25 19:30:00,2018,Brighton,0,0.535616,away,0.535616,-0.06448350000000003,-0.43366725205128176,3
9233,2018-09-01 14:00:00,2018,Brighton,2,2.68216,home,0.6821600000000001,0.0700705,0.09040789629543394,4
9246,2018-09-17 19:00:00,2018,Brighton,2,1.97094,away,-0.029060000000000086,0.05609519999999998,0.035975419961100784,5
9254,2018-09-22 16:30:00,2018,Brighton,1,0.817174,home,-0.18282600000000004,-0.07147800000000003,-0.46091017032283893,6
9260,2018-09-29 14:00:00,2018,Brighton,0,0.23023,away,0.23023,0.24722399999999997,0.7804040821586552,7
9267,2018-10-05 19:00:00,2018,Brighton,1,1.02566,home,0.025660000000000016,0.1452328,0.3831579707828542,8
9280,2018-10-20 14:00:00,2018,Brighton,1,0.675798,away,-0.324202,-0.05603960000000002,-0.4007790573850152,9
9290,2018-10-27 14:00:00,2018,Brighton,1,1.01337,home,0.013370000000000104,-0.04755359999999999,-0.3677268871866543,10
9301,2018-11-03 15:00:00,2018,Brighton,1,0.676348,away,-0.32365200000000005,-0.07571879999999999,-0.47742768662936813,11
9307,2018-11-10 12:30:00,2018,Brighton,1,0.767044,away,-0.23295600000000005,-0.168356,-0.8382408496154137,12
9322,2018-11-24 15:00:00,2018,Brighton,1,0.862315,home,-0.13768499999999995,-0.201025,-0.9654835255770265,13
9332,2018-12-01 15:00:00,2018,Brighton,2,1.67998,away,-0.32001999999999997,-0.2001886,-0.9622258264073459,14
9337,2018-12-04 19:45:00,2018,Brighton,3,1.2521,home,-1.7479,-0.5524426,-2.3342219566281046,15
9354,2018-12-08 15:00:00,2018,Brighton,0,0.951507,away,0.951507,-0.29741080000000003,-1.3408971322592276,16
9366,2018-12-16 13:30:00,2018,Brighton,1,0.26126,home,-0.73874,-0.39856759999999997,-1.7348933342768487,17
9375,2018-12-22 15:00:00,2018,Brighton,0,0.825478,away,0.825478,-0.20593499999999998,-0.9846075128117602,18
9386,2018-12-26 17:15:00,2018,Brighton,1,1.38502,home,0.3850199999999999,-0.064927,-0.4353946427516084,19
9396,2018-12-29 15:00:00,2018,Brighton,1,1.60311,home,0.60311,0.40527499999999994,1.3959978309238106,20
9398,2019-01-02 19:45:00,2018,Brighton,2,0.686806,away,-1.313194,-0.04766519999999996,-0.368161558668405,21
9416,2019-01-12 15:00:00,2018,Brighton,0,0.384198,home,0.384198,0.17692239999999998,0.5065859760524714,22
9421,2019-01-19 15:00:00,2018,Brighton,1,0.635111,away,-0.364889,-0.06115100000000001,-0.4206874786378906,23
9429,2019-01-29 19:45:00,2018,Brighton,2,2.36867,away,0.36866999999999983,-0.06442100000000002,-0.43342382044187827,24
9446,2019-02-02 15:00:00,2018,Brighton,0,1.83528,home,1.83528,0.18201299999999998,0.5264133832657374,25
9449,2019-02-09 17:30:00,2018,Brighton,1,1.31614,home,0.3161400000000001,0.5078797999999999,1.7956338564680907,26
9467,2019-02-26 19:45:00,2018,Brighton,1,1.20566,away,0.20565999999999995,0.4721722,1.6565561198931458,27
9485,2019-03-02 15:00:00,2018,Brighton,1,1.39896,home,0.39896,0.624942,2.251580092408999,28
9493,2019-03-09 12:30:00,2018,Brighton,2,0.129312,away,-1.870688,0.17707040000000002,0.5071624221035388,29
9516,2019-03-30 15:00:00,2018,Brighton,0,0.560521,home,0.560521,-0.07788139999999996,-0.4858508098053019,30
9462,2019-04-03 19:45:00,2018,Brighton,0,0.440898,away,0.440898,-0.052929799999999985,-0.3886666794822502,31
9536,2019-04-13 15:00:00,2018,Brighton,0,0.206731,home,0.206731,-0.052715599999999974,-0.38783239067050274,32
9505,2019-04-16 19:45:00,2018,Brighton,0,0.588539,home,0.588539,-0.014799799999999964,-0.24015392321740278,33
9537,2019-04-20 15:00:00,2018,Brighton,0,0.115051,away,0.115051,0.382348,1.3066993267831304,34
9519,2019-04-23 19:45:00,2018,Brighton,0,0.143138,away,0.143138,0.2988714,0.9815658374147024,35
9556,2019-04-27 17:30:00,2018,Brighton,1,1.20482,home,0.20482,0.25165580000000004,0.7976655254635218,36
9566,2019-05-05 15:30:00,2018,Brighton,1,1.90585,away,0.90585,0.39147960000000004,1.3422660481339848,37
9576,2019-05-12 14:00:00,2018,Brighton,1,0.595313,home,-0.404687,0.19283440000000002,0.5685617163537107,38
11648,2019-08-10 15:00:00,2019,Brighton,3,0.855516,away,-2.144484,-0.25907259999999993,-1.769966068844736,1
11655,2019-08-17 15:00:00,2019,Brighton,1,2.40461,home,1.40461,-0.006778199999999934,-0.8620934918930834,2
11666,2019-08-24 15:00:00,2019,Brighton,0,0.997711,home,0.997711,0.15180000000000007,-0.2914553838639137,3
11678,2019-08-31 15:00:00,2019,Brighton,0,0.861035,away,0.861035,0.14283700000000005,-0.32370842597351934,4
11685,2019-09-14 14:00:00,2019,Brighton,1,1.68545,home,0.6854499999999999,0.36086440000000003,0.4608555496203453,5
11699,2019-09-21 16:30:00,2019,Brighton,0,1.21592,away,1.21592,1.0329452,2.879314809182698,6
11708,2019-09-28 14:00:00,2019,Brighton,0,0.616263,away,0.616263,0.8752758,2.3119469861774284,7
11713,2019-10-05 12:30:00,2019,Brighton,3,2.60017,home,-0.39983000000000013,0.5957676,1.3061465014535583,8
11723,2019-10-19 15:00:00,2019,Brighton,1,1.32184,away,0.3218399999999999,0.4879285999999999,0.9180916305333582,9
11734,2019-10-26 15:00:00,2019,Brighton,3,1.15279,home,-1.84721,-0.01860340000000007,-0.9046460606261539,10
11746,2019-11-02 15:00:00,2019,Brighton,2,2.65496,home,0.65496,-0.13079540000000006,-1.3083650498441461,11
11761,2019-11-10 14:00:00,2019,Brighton,1,1.1342,away,0.1342000000000001,-0.22720800000000002,-1.655302419887274,12
11766,2019-11-23 15:00:00,2019,Brighton,0,0.784706,home,0.784706,0.009699199999999996,-0.8028001441237191,13
11776,2019-11-30 15:00:00,2019,Brighton,1,0.867601,away,-0.13239900000000004,-0.08114859999999999,-1.1297127759395198,14
11783,2019-12-05 20:15:00,2019,Brighton,2,1.53446,away,-0.46554000000000006,0.1951854,-0.1353345389300659,15
11795,2019-12-08 16:30:00,2019,Brighton,2,0.951621,home,-1.048379,-0.14548239999999998,-1.3612157058146666,16
11806,2019-12-16 19:45:00,2019,Brighton,1,2.48355,away,1.4835500000000001,0.12438760000000001,-0.3900979467921021,17
11815,2019-12-21 15:00:00,2019,Brighton,0,0.428371,home,0.428371,0.05312060000000002,-0.6465497544486074,18
11831,2019-12-26 12:30:00,2019,Brighton,1,1.09007,away,0.0900700000000001,0.09761440000000005,-0.4864403708698539,19
11834,2019-12-28 12:30:00,2019,Brighton,2,1.05876,home,-0.9412400000000001,0.0024744000000000545,-0.8287983343093129,20
11845,2020-01-01 12:30:00,2019,Brighton,1,1.56978,home,0.56978,0.3261062,0.335779382237316,21
11860,2020-01-11 15:00:00,2019,Brighton,0,1.53324,away,1.53324,0.3360442,0.37154092775614456,22
11867,2020-01-18 15:00:00,2019,Brighton,1,1.30028,home,0.3002800000000001,0.310426,0.27935473079393347,23
11878,2020-01-21 19:30:00,2019,Brighton,1,1.97227,away,0.97227,0.486866,0.914267901587061,24
11892,2020-02-01 15:00:00,2019,Brighton,3,2.03179,away,-0.96821,0.48147199999999996,0.8948577811877287,25
11895,2020-02-08 17:30:00,2019,Brighton,1,0.76201,home,-0.23799000000000003,0.31991800000000004,0.31351136090710735,26
11909,2020-02-22 15:00:00,2019,Brighton,1,1.06035,away,0.060349999999999904,0.025339999999999984,-0.7465172722027198,27
11915,2020-02-29 12:30:00,2019,Brighton,0,1.78712,home,1.78712,0.322708,0.32355107835503755,28
11931,2020-03-07 15:00:00,2019,Brighton,0,0.308874,away,0.308874,0.19002879999999994,-0.15389038373006522,29
11941,2020-06-20 14:00:00,2019,Brighton,2,0.670973,home,-1.329027,0.11786539999999998,-0.4135678554440345,30
11945,2020-06-23 17:00:00,2019,Brighton,0,1.10227,away,1.10227,0.38591739999999997,0.5510078941447172,31
11956,2020-06-30 19:15:00,2019,Brighton,0,0.31013,home,0.31013,0.4358734,0.7307728134381967,32
11969,2020-07-04 11:30:00,2019,Brighton,1,0.903046,away,-0.09695399999999998,0.0590586,-0.6251820690701808,33
11976,2020-07-08 19:15:00,2019,Brighton,1,2.3646,home,1.3645999999999998,0.2702038,0.13461655045911533,34
11985,2020-07-11 19:00:00,2019,Brighton,0,0.149588,home,0.149588,0.5659268,1.198765426034132,35
12002,2020-07-16 19:15:00,2019,Brighton,1,0.67264,away,-0.32736,0.28000079999999994,0.16987071240799445,36
12005,2020-07-20 17:00:00,2019,Brighton,0,0.855896,home,0.855896,0.38915399999999994,0.5626546860773234,37
12022,2020-07-26 15:00:00,2019,Brighton,2,1.3696,away,-0.6304000000000001,0.28246479999999996,0.1787373302544821,38
14095,2020-09-14 19:15:00,2020,Brighton,1,1.44281,home,0.4428099999999999,0.09810679999999997,-0.5991765147354038,1
14101,2020-09-20 13:00:00,2020,Brighton,3,1.8766,away,-1.1234,-0.15649080000000004,-1.1222233971106568,2
14106,2020-09-26 11:30:00,2020,Brighton,2,2.97659,home,0.9765899999999998,0.10429919999999993,-0.5864548099179958,3
14468,2020-10-03 14:00:00,2020,Brighton,2,1.16568,away,-0.83432,-0.2337440000000001,-1.2809328484704179,4
14476,2020-10-18 13:00:00,2020,Brighton,1,1.0935,away,0.09349999999999992,-0.08896400000000007,-0.9834959220017899,5
14487,2020-10-26 17:30:00,2020,Brighton,1,0.546807,home,-0.45319299999999996,-0.2681646000000001,-1.3516467417651137,6
14503,2020-11-01 19:15:00,2020,Brighton,1,0.324457,away,-0.675543,-0.17859320000000006,-1.1676307042219998,7
14506,2020-11-06 17:30:00,2020,Brighton,0,1.59022,home,1.59022,-0.05586720000000005,-0.9155016516056933,8
14515,2020-11-21 15:00:00,2020,Brighton,2,1.50038,away,-0.49961999999999995,0.011072799999999971,-0.7779797020421488,9
14528,2020-11-28 12:30:00,2020,Brighton,1,2.30722,home,1.30722,0.25381679999999995,-0.2792849287398929,10
14536,2020-12-07 20:00:00,2020,Brighton,1,2.03376,home,1.03376,0.5512074,0.33167615721577187,11
14553,2020-12-13 19:15:00,2020,Brighton,0,0.791673,away,0.791673,0.8446505999999999,0.9345276802239142,12
14557,2020-12-16 20:00:00,2020,Brighton,0,0.462456,away,0.462456,0.6190977999999999,0.47115061441100403,13
14565,2020-12-20 12:00:00,2020,Brighton,1,2.90097,home,1.90097,1.0992158,1.4575079998389964,14
14583,2020-12-27 14:15:00,2020,Brighton,2,1.50551,away,-0.4944900000000001,0.7388738,0.7172191688018481,15
14585,2020-12-29 18:00:00,2020,Brighton,0,0.799368,home,0.799368,0.6919953999999999,0.6209118942213332,16
14601,2021-01-02 17:30:00,2020,Brighton,3,2.4228,home,-0.5771999999999999,0.4182208,0.05846766456821812,17
14614,2021-01-13 18:00:00,2020,Brighton,0,0.177084,away,0.177084,0.3611464,-0.05878633540443739,18
14618,2021-01-16 15:00:00,2020,Brighton,1,1.14424,away,0.14423999999999992,0.00980039999999997,-0.7805937284631923,19
14625,2021-01-27 19:30:00,2020,Brighton,0,2.29129,home,2.29129,0.5669564,0.36403100011502887,20
14636,2021-01-31 19:15:00,2020,Brighton,1,1.77386,home,0.77386,0.5618548000000001,0.35355024155671744,21
14654,2021-02-03 20:15:00,2020,Brighton,1,1.18977,away,0.18977,0.7152488,0.6686838228436955,22
14656,2021-02-06 15:00:00,2020,Brighton,1,0.612682,away,-0.38731800000000005,0.6023683999999999,0.4367816316947154,23
14666,2021-02-13 20:00:00,2020,Brighton,0,2.33232,home,2.33232,1.0399844,1.3358226457401299,24
14677,2021-02-22 20:00:00,2020,Brighton,1,2.59204,home,1.59204,0.9001344,1.0485139417296476,25
14692,2021-02-27 15:00:00,2020,Brighton,0,3.12111,away,3.12111,1.3695844,2.012954922049425,26
14696,2021-03-06 20:00:00,2020,Brighton,1,0.75471,home,-0.24529,1.2825723999999998,1.8341969316785982,27
14713,2021-03-14 12:00:00,2020,Brighton,2,0.895967,away,-1.104033,1.1392294,1.5397121868879333,28
14715,2021-03-20 20:00:00,2020,Brighton,3,0.951921,home,-2.048079,0.26314959999999993,-0.26011156676070796,29
14731,2021-04-04 18:30:00,2020,Brighton,1,1.41071,away,0.4107099999999999,0.02688359999999994,-0.7454978968410839,30
14735,2021-04-12 19:15:00,2020,Brighton,0,1.16465,home,1.16465,-0.3644084,-1.5493705990911348,31
14747,2021-04-20 19:00:00,2020,Brighton,0,0.459568,away,0.459568,-0.22343680000000005,-1.2597576731112698,32
14762,2021-04-24 19:00:00,2020,Brighton,0,2.06038,away,2.06038,0.40944579999999997,0.04044025035518994,33
14765,2021-05-01 14:00:00,2020,Brighton,2,2.52542,home,0.52542,0.9241455999999999,1.097842699353791,34
14784,2021-05-09 11:00:00,2020,Brighton,1,0.27571,away,-0.72429,0.6971455999999999,0.6314924969199015,35
14785,2021-05-15 19:00:00,2020,Brighton,1,0.922587,home,-0.07741299999999995,0.448733,0.12115211675633848,36
14795,2021-05-18 18:00:00,2020,Brighton,3,1.22824,home,-1.77176,0.0024674000000000085,-0.7956586889673672,37
14805,2021-05-23 15:00:00,2020,Brighton,0,0.193968,away,0.193968,-0.370815,-1.5625323577118966,38
16378,2021-08-14 14:00:00,2021,Brighton,2,1.6853,away,-0.3147,-0.538839,-1.7617280108897613,1
16391,2021-08-21 16:30:00,2021,Brighton,2,1.77896,home,-0.2210399999999999,-0.43818899999999994,-1.518915765967023,2
16400,2021-08-28 14:00:00,2021,Brighton,0,0.701622,home,0.701622,-0.28238199999999997,-1.1430404808733612,3
16408,2021-09-11 14:00:00,2021,Brighton,1,0.287902,away,-0.712098,-0.07044959999999997,-0.6317659471837068,4
16423,2021-09-19 13:00:00,2021,Brighton,2,1.47438,home,-0.52562,-0.21436719999999995,-0.9789587493684327,5
16435,2021-09-27 19:00:00,2021,Brighton,1,0.649566,away,-0.350434,-0.221514,-0.9961999868449735,6
16436,2021-10-02 16:30:00,2021,Brighton,0,1.11551,home,1.11551,0.04579599999999999,-0.35133022837207584,7
16453,2021-10-16 14:00:00,2021,Brighton,0,1.17572,away,1.17572,0.1406156,-0.12258348283133003,8
16458,2021-10-23 16:30:00,2021,Brighton,1,1.1695,home,0.16949999999999998,0.31693520000000003,0.30277725139499123,9
16469,2021-10-30 14:00:00,2021,Brighton,2,1.51032,away,-0.4896799999999999,0.3241232,0.32011788146458525,10
16478,2021-11-06 17:30:00,2021,Brighton,1,1.43123,home,0.43123,0.48045600000000005,0.6972616283404666,11
16486,2021-11-20 15:00:00,2021,Brighton,0,0.582787,away,0.582787,0.37391140000000006,0.44022900528636655,12
16498,2021-11-27 17:30:00,2021,Brighton,0,1.90498,home,1.90498,0.5197634,0.7920884344614405,13
16510,2021-12-01 19:30:00,2021,Brighton,1,1.2607,away,0.26069999999999993,0.5380034,0.8360913688617461,14
16521,2021-12-04 15:00:00,2021,Brighton,1,1.4872,away,0.4872000000000001,0.7333794,1.3074245547934389,15
16538,2021-12-15 19:30:00,2021,Brighton,0,1.20118,home,1.20118,0.8873694000000001,1.6789164335381233,16
16557,2021-12-26 20:00:00,2021,Brighton,2,0.943363,home,-1.056637,0.5594845999999999,0.8879135089077896,17
16568,2021-12-29 19:30:00,2021,Brighton,1,0.78663,away,-0.21336999999999995,0.13581459999999998,-0.13416561485193682,18
16580,2022-01-02 14:00:00,2021,Brighton,3,1.48397,away,-1.51603,-0.2195314,-0.9914170801705192,19
16587,2022-01-14 20:00:00,2021,Brighton,1,2.18053,home,1.18053,-0.08086540000000002,-0.6568934561818813,20
16607,2022-01-18 09:45:00,2021,Brighton,1,0.747557,home,-0.252443,-0.37159,-1.358249569249592,21
16602,2022-01-23 14:00:00,2021,Brighton,1,1.19738,away,0.1973800000000001,-0.12078659999999997,-0.7532010189440234,22
16625,2022-02-12 15:00:00,2021,Brighton,2,1.80456,away,-0.19544000000000006,-0.11720059999999999,-0.7445500034418582,23
16549,2022-02-15 20:15:00,2021,Brighton,0,1.26179,away,1.26179,0.43836339999999996,0.5957156899337614,24
16628,2022-02-19 15:00:00,2021,Brighton,0,0.44587,home,0.44587,0.29143139999999995,0.24125082385340604,25
16638,2022-02-26 15:30:00,2021,Brighton,0,0.627107,home,0.627107,0.4673413999999999,0.6656234220089835,26
16651,2022-03-05 15:00:00,2021,Brighton,1,1.64995,away,0.64995,0.5578554,0.8839831590873416,27
16658,2022-03-12 12:30:00,2021,Brighton,0,0.629316,home,0.629316,0.7228066,1.281918292467367,28
16528,2022-03-16 19:30:00,2021,Brighton,0,1.04171,home,1.04171,0.6787905999999999,1.1757322639276824,29
16685,2022-04-02 14:00:00,2021,Brighton,0,2.38297,home,2.38297,1.0662105999999998,2.1103603804499595,30
16695,2022-04-09 14:00:00,2021,Brighton,2,0.596106,away,-1.403894,0.6600104,1.1304261285864208,31
16699,2022-04-16 11:30:00,2021,Brighton,1,0.711155,away,-0.288845,0.4722513999999999,0.6774685101616972,32
16670,2022-04-20 19:00:00,2021,Brighton,0,0.117354,away,0.117354,0.3698589999999999,0.4304528270317719,33
16713,2022-04-24 13:00:00,2021,Brighton,2,1.87343,home,-0.12657000000000007,0.13620299999999985,-0.13322862254266746,34
16716,2022-04-30 14:00:00,2021,Brighton,3,2.90679,away,-0.09321000000000002,-0.3590330000000001,-1.32795654034254,35
16733,2022-05-07 16:30:00,2021,Brighton,4,2.82636,home,-1.1736399999999998,-0.3129822000000001,-1.2168616756779793,36
16743,2022-05-15 13:00:00,2021,Brighton,1,2.25898,away,1.2589800000000002,-0.0034172000000000312,-0.47005419828595274,37
16748,2022-05-22 15:00:00,2021,Brighton,3,1.67774,home,-1.32226,-0.29134000000000004,-1.164651132537722,38
18209,2022-08-07 13:00:00,2022,Brighton,2,1.7289,away,-0.2710999999999999,-0.320246,-0.7569949832615762,1
18213,2022-08-13 14:00:00,2022,Brighton,0,1.60835,home,1.60835,0.020066000000000007,-0.16599445556019957,2
18229,2022-08-21 13:00:00,2022,Brighton,2,1.82645,away,-0.1735500000000001,0.22008399999999995,0.18136544814514707,3
18234,2022-08-27 14:00:00,2022,Brighton,1,1.60986,home,0.6098600000000001,0.09025999999999992,-0.0440925213308148,4
18242,2022-08-30 18:30:00,2022,Brighton,1,1.75359,away,0.75359,0.5054299999999999,0.6769096445809971,5
18259,2022-09-04 13:00:00,2022,Brighton,5,2.73166,home,-2.26834,0.10598199999999984,-0.016789016615961976,6
18288,2022-10-01 14:00:00,2022,Brighton,3,2.36567,away,-0.6343299999999998,-0.3425540000000001,-0.7957360202275437,7
18294,2022-10-08 16:30:00,2022,Brighton,0,0.899735,home,0.899735,-0.12789700000000007,-0.42295339641529384,8
18303,2022-10-14 19:00:00,2022,Brighton,0,2.15668,away,2.15668,0.18146699999999996,0.11430149689381285,9
18315,2022-10-18 18:30:00,2022,Brighton,0,2.10188,home,2.10188,0.45112499999999994,0.5826012344843117,10
18326,2022-10-22 14:00:00,2022,Brighton,1,0.52863,away,-0.47136999999999996,0.8105189999999999,1.206740388121881,11
18335,2022-10-29 14:00:00,2022,Brighton,4,2.881,home,-1.1190000000000002,0.7135849999999998,1.038400614172666,12
18351,2022-11-05 15:00:00,2022,Brighton,3,1.87375,away,-1.12625,0.30838799999999983,0.3347179911002656,13
18353,2022-11-13 14:00:00,2022,Brighton,1,0.829107,home,-0.17089299999999996,-0.1571266000000001,-0.47371478309722154,14
18371,2022-12-26 15:00:00,2022,Brighton,3,1.00714,away,-1.99286,-0.9760746000000001,-1.8959352753513503,15
18373,2022-12-31 17:30:00,2022,Brighton,2,1.15663,home,-0.84337,-1.0504746,-2.0251415309667338,16
18387,2023-01-03 19:45:00,2022,Brighton,4,2.50731,away,-1.49269,-1.1252126000000002,-2.1549347719906926,17
18394,2023-01-14 15:00:00,2022,Brighton,3,2.40062,home,-0.59938,-1.0198386000000002,-1.9719377292593023,18
18407,2023-01-21 15:00:00,2022,Brighton,2,1.94491,away,-0.05509000000000008,-0.9966780000000002,-1.93171603028342,19
18414,2023-02-04 15:00:00,2022,Brighton,1,2.55696,home,1.5569600000000001,-0.28671400000000014,-0.6987618627871808,20
18424,2023-02-11 15:00:00,2022,Brighton,1,2.64981,away,1.64981,0.21192199999999986,0.16719096617830875,21
18434,2023-02-18 15:00:00,2022,Brighton,0,2.71375,home,2.71375,1.05321,1.6282080679814654,22
18455,2023-03-04 15:00:00,2022,Brighton,4,3.49993,home,-0.50007,1.0730719999999998,1.6627012756297548,23
18466,2023-03-11 15:00:00,2022,Brighton,2,1.51388,away,-0.4861200000000001,0.9868659999999998,1.512992210151532,24
18276,2023-03-15 19:30:00,2022,Brighton,1,0.588727,home,-0.411273,0.5932193999999998,0.829368510934776,25
18484,2023-04-01 14:00:00,2022,Brighton,3,3.8195,home,0.8195000000000001,0.4271573999999999,0.5409780644293751,26
18266,2023-04-04 18:45:00,2022,Brighton,2,2.63392,away,0.6339199999999998,0.011191399999999829,-0.1814064694860639,27
18500,2023-04-08 14:00:00,2022,Brighton,1,1.47549,away,0.47548999999999997,0.20630339999999983,0.15743346257883833,28
18503,2023-04-15 14:00:00,2022,Brighton,2,2.52107,away,0.5210699999999999,0.4077413999999998,0.5072593996574893,29
18524,2023-04-26 18:30:00,2022,Brighton,1,2.33064,away,1.3306399999999998,0.7561239999999998,1.112275680135338,30
18535,2023-04-29 14:00:00,2022,Brighton,6,3.60471,home,-2.39529,0.11316599999999974,-0.004312971718906832,31
18475,2023-05-04 19:00:00,2022,Brighton,1,2.09953,home,1.0995300000000001,0.2062879999999998,0.1574067182732405,32
18543,2023-05-08 16:30:00,2022,Brighton,1,3.23717,home,2.23717,0.5586239999999998,0.7692886440595549,33
18552,2023-05-14 15:30:00,2022,Brighton,3,2.21276,away,-0.7872400000000002,0.29696199999999984,0.3148751056612687,34
18449,2023-05-18 18:30:00,2022,Brighton,1,0.593493,away,-0.40650699999999995,-0.05046740000000014,-0.2884858064986689,35
18563,2023-05-21 13:00:00,2022,Brighton,3,2.41418,home,-0.58582,0.3114265999999999,0.33999495519049294,36
18515,2023-05-24 19:00:00,2022,Brighton,1,2.11486,home,1.1148600000000002,0.3144925999999999,0.34531950330496564,37
18573,2023-05-28 15:30:00,2022,Brighton,1,1.23117,away,0.2311700000000001,-0.08670740000000006,-0.3514217568145492,38
22278,2023-08-12 14:00:00,2023,Brighton,4,4.36748,home,0.3674799999999996,0.14423659999999988,0.02427294151684941,1
22286,2023-08-19 14:00:00,2023,Brighton,4,3.15562,away,-0.8443800000000001,0.05666199999999986,-0.1380523408533929,2
22301,2023-08-26 16:30:00,2023,Brighton,1,1.3743,home,0.3743000000000001,0.24868599999999988,0.21787677582956547,3
21931,2023-09-02 16:30:00,2023,Brighton,3,1.32258,home,-1.67742,-0.30977000000000016,-0.8172581593155112,4
21940,2023-09-16 14:00:00,2023,Brighton,3,1.93908,away,-1.06092,-0.5681880000000001,-1.2962529228605717,5
21951,2023-09-24 13:00:00,2023,Brighton,3,2.14533,home,-0.85467,-0.8126180000000002,-1.7493200081770712,6
21955,2023-09-30 11:30:00,2023,Brighton,1,1.72819,away,0.7281899999999999,-0.4981040000000001,-1.166347618244438,7
21966,2023-10-08 13:00:00,2023,Brighton,2,2.23187,home,0.2318699999999998,-0.5265900000000002,-1.2191482932529305,8
21980,2023-10-21 14:00:00,2023,Brighton,1,0.963733,away,-0.03626700000000005,-0.19835940000000019,-0.6107512828463282,9
21988,2023-10-29 14:00:00,2023,Brighton,1,1.31996,home,0.31996,0.07781659999999983,-0.098840898055715,10
21997,2023-11-04 15:00:00,2023,Brighton,1,0.442489,away,-0.557511,0.13724839999999985,0.0113198530841334,11
22008,2023-11-12 14:00:00,2023,Brighton,1,1.08601,home,0.08600999999999992,0.008812399999999854,-0.22674472233504564,12
22022,2023-11-25 15:00:00,2023,Brighton,3,1.21792,away,-1.78208,-0.3939776000000001,-0.9733424856809231,13
22029,2023-12-03 14:00:00,2023,Brighton,2,0.855058,away,-1.144942,-0.6157126,-1.3843428954614492,14
22036,2023-12-06 19:30:00,2023,Brighton,2,1.54099,home,-0.4590099999999999,-0.7715066,-1.673117323681384,15
22046,2023-12-09 15:00:00,2023,Brighton,1,2.96247,home,1.9624700000000002,-0.26751040000000004,-0.7389272105831902,16
22056,2023-12-17 14:00:00,2023,Brighton,0,0.663054,away,0.663054,-0.1521016,-0.5250094073844224,17
22066,2023-12-21 20:00:00,2023,Brighton,1,1.33653,away,0.33653,0.27162040000000004,0.26038719501494695,18
22078,2023-12-28 19:30:00,2023,Brighton,4,3.84702,home,-0.1529799999999999,0.4700128,0.6281205600558384,19
22093,2024-01-02 18:30:00,2023,Brighton,0,2.1552,away,2.1552,0.9928547999999999,1.5972426032626836,20
22095,2024-01-22 19:45:00,2023,Brighton,0,1.3701,home,1.3701,0.8743808,1.3776432502136025,21
22107,2024-01-30 19:45:00,2023,Brighton,0,1.01366,away,1.01366,0.944502,1.5076175074770124,22
22118,2024-02-03 15:00:00,2023,Brighton,4,1.92591,home,-2.07409,0.462378,0.6139689559852479,23
22132,2024-02-10 15:00:00,2023,Brighton,1,1.49285,away,0.49285,0.5915439999999998,0.853386634428937,24
22143,2024-02-18 14:00:00,2023,Brighton,5,3.35549,away,-1.64451,-0.16839800000000005,-0.5552158568756951,25
22148,2024-02-24 15:00:00,2023,Brighton,1,1.6538,home,0.6537999999999999,-0.3116580000000001,-0.8207576915213677,26
22158,2024-03-02 15:00:00,2023,Brighton,0,1.15198,away,1.15198,-0.283994,-0.7694806475897895,27
22168,2024-03-10 14:00:00,2023,Brighton,1,0.534518,home,-0.46548199999999995,0.03772759999999997,-0.17314849689077244,28
22189,2024-03-31 14:00:00,2023,Brighton,1,0.43922,away,-0.5607800000000001,-0.17299840000000005,-0.5637430009222117,29
22200,2024-04-03 18:30:00,2023,Brighton,0,1.22404,away,1.22404,0.4007116,0.4996662267377685,30
22206,2024-04-06 16:30:00,2023,Brighton,0,0.428514,home,0.428514,0.3556544,0.4161497423597356,31
22218,2024-04-13 14:00:00,2023,Brighton,1,0.889445,away,-0.11055499999999996,0.10314739999999997,-0.05188859381836587,32
22176,2024-04-25 19:00:00,2023,Brighton,0,0.572021,home,0.572021,0.3106479999999999,0.33272741912368226,33
22235,2024-04-28 13:00:00,2023,Brighton,0,1.35682,away,1.35682,0.694168,1.0436069697540629,34
22247,2024-05-05 13:00:00,2023,Brighton,1,2.63566,home,1.6356600000000001,0.776492,1.196199919603081,35
22260,2024-05-11 14:00:00,2023,Brighton,1,1.91556,away,0.9155599999999999,0.8739011999999999,1.376754280062157,36
22226,2024-05-15 18:45:00,2023,Brighton,1,1.32423,home,0.32423,0.9608581999999999,1.5379348002023476,37
22267,2024-05-19 15:00:00,2023,Brighton,0,1.9717,home,1.9717,1.240794,2.0568142216389247,38
26605,2024-08-17 14:00:00,2024,Brighton,3,1.79083,away,-1.20917,0.7275959999999999,1.8281211579606023,1
26612,2024-08-24 11:30:00,2024,Brighton,2,2.14153,home,0.14152999999999993,0.42876999999999993,0.9776495152970334,2
26622,2024-08-31 11:30:00,2024,Brighton,1,1.81748,away,0.81748,0.4091539999999999,0.9218215359964081,3
26633,2024-09-14 14:00:00,2024,Brighton,0,1.75696,home,1.75696,0.6956999999999999,1.7373437707372774,4
26650,2024-09-22 13:00:00,2024,Brighton,2,1.56836,home,-0.43164,0.21503199999999995,0.369341978604691,5
26657,2024-09-28 14:00:00,2024,Brighton,2,1.20712,away,-0.79288,0.29828999999999994,0.606297825903398,6
26671,2024-10-06 15:30:00,2024,Brighton,3,1.97217,home,-1.02783,0.06441799999999995,-0.0593119403586214,7
26676,2024-10-19 14:00:00,2024,Brighton,1,1.6779,away,0.6779,0.036501999999999944,-0.13876207647996355,8
26686,2024-10-26 14:00:00,2024,Brighton,2,1.51347,home,-0.4865299999999999,-0.41219600000000006,-1.4157758742079325,9
26696,2024-11-02 15:00:00,2024,Brighton,1,1.01568,away,0.015679999999999916,-0.3227320000000001,-1.1611574841105061,10
26703,2024-11-09 17:30:00,2024,Brighton,2,2.87116,home,0.8711600000000002,0.010075999999999974,-0.21397160854553834,11
26712,2024-11-23 15:00:00,2024,Brighton,2,1.23059,away,-0.7694099999999999,0.061759999999999995,-0.06687672262723164,12
26723,2024-11-29 20:00:00,2024,Brighton,1,1.86986,home,0.8698600000000001,0.10015200000000002,0.042388559862042256,13
26736,2024-12-05 19:30:00,2024,Brighton,1,1.09939,away,0.09939000000000009,0.21733600000000003,0.37589926165468307,14
26751,2024-12-08 14:00:00,2024,Brighton,2,1.12184,away,-0.87816,0.038568000000000026,-0.13288215166169806,15
26756,2024-12-15 14:00:00,2024,Brighton,1,1.32323,home,0.3232299999999999,-0.07101800000000003,-0.44476861881291624,16
26767,2024-12-21 15:00:00,2024,Brighton,1,1.34379,away,0.34379000000000004,0.15162199999999998,0.18887439258039293,17
26774,2024-12-27 19:30:00,2024,Brighton,0,1.33538,home,1.33538,0.24472599999999994,0.4538523791630494,18
26782,2024-12-30 19:45:00,2024,Brighton,2,0.938042,away,-1.061958,0.012456399999999946,-0.20719688781107634,19
26794,2025-01-04 17:30:00,2024,Brighton,1,1.76513,home,0.7651300000000001,0.3411144,0.7281779093435331,20
26805,2025-01-16 19:30:00,2024,Brighton,2,1.06343,away,-0.9365699999999999,0.08915440000000001,0.011088917470292958,21
26818,2025-01-19 14:00:00,2024,Brighton,3,2.17172,away,-0.8282799999999999,-0.1452596,-0.6560634040925492,22
26824,2025-01-25 15:00:00,2024,Brighton,0,0.64378,home,0.64378,-0.28357959999999993,-1.0497280705312957,23
26840,2025-02-01 12:30:00,2024,Brighton,0,0.756296,away,0.756296,0.08007120000000001,-0.014762260220542946,24
26843,2025-02-14 20:00:00,2024,Brighton,3,2.06892,home,-0.9310800000000001,-0.25917080000000003,-0.9802595763860524,25
26861,2025-02-22 15:00:00,2024,Brighton,4,5.12018,away,1.1201800000000004,0.15217920000000001,0.1904602077346706,26
26863,2025-02-25 19:30:00,2024,Brighton,2,2.57927,home,0.5792700000000002,0.43368920000000005,0.9916497699756448,27
26873,2025-03-08 15:00:00,2024,Brighton,2,1.94417,home,-0.055830000000000046,0.2937672,0.5934257426662006,28
26889,2025-03-15 15:00:00,2024,Brighton,2,2.11119,away,0.11119000000000012,0.16474600000000003,0.22622586078703066,29
26893,2025-04-02 19:45:00,2024,Brighton,0,0.558009,home,0.558009,0.4625638,1.0738281229076303,30
26904,2025-04-05 14:00:00,2024,Brighton,1,1.27226,away,0.27225999999999995,0.2929798,0.591184768415522,31
26914,2025-04-12 14:00:00,2024,Brighton,2,3.6978,home,1.6978,0.5166858,1.2278616616366484,32
26923,2025-04-19 14:00:00,2024,Brighton,2,1.24107,away,-0.7589300000000001,0.3760658,0.8276510963198719,33
26934,2025-04-26 14:00:00,2024,Brighton,3,1.29433,home,-1.70567,0.012693799999999911,-0.20652123720514415,34
26944,2025-05-04 13:00:00,2024,Brighton,1,0.687863,home,-0.312137,-0.16133540000000007,-0.701815821998391,35
26961,2025-05-10 14:00:00,2024,Brighton,2,1.41254,away,-0.5874600000000001,-0.33327940000000006,-1.1911758379479558,36
26965,2025-05-19 19:00:00,2024,Brighton,3,2.17789,home,-0.8221099999999999,-0.8372614,-2.625530276359844,37
26976,2025-05-25 15:00:00,2024,Brighton,4,3.11624,away,-0.8837600000000001,-0.8622274000000001,-2.696584585659365,38
464,2016-08-13 18:00:00,2016,Burnley,0,1.04903,home,1.04903,,,1
473,2016-08-20 18:00:00,2016,Burnley,2,0.197536,home,-1.802464,,,2
485,2016-08-27 18:00:00,2016,Burnley,0,0.18449,away,0.18449,-0.18964800000000004,-0.36292887781355776,3
496,2016-09-10 18:00:00,2016,Burnley,1,0.453149,home,-0.546851,-0.27894875,-0.7442852152476402,4
503,2016-09-17 18:00:00,2016,Burnley,0,0.464523,away,0.464523,-0.13025440000000002,-0.10929018202404946,5
520,2016-09-26 23:00:00,2016,Burnley,2,0.569734,home,-1.430266,-0.6261136,-2.2268429281655346,6
530,2016-10-02 19:30:00,2016,Burnley,0,0.608783,home,0.608783,-0.1438642,-0.16741044956055243,7
539,2016-10-16 19:00:00,2016,Burnley,1,1.03126,away,0.031260000000000066,-0.17451019999999998,-0.29828332931805596,8
546,2016-10-22 18:00:00,2016,Burnley,2,0.905579,home,-1.094421,-0.2840242,-0.7659597815063761,9
2682,2016-10-29 18:00:00,2016,Burnley,0,0.327957,away,0.327957,-0.3113374,-0.882600032742839,10
2688,2016-11-05 19:00:00,2016,Burnley,3,2.25738,home,-0.7426200000000001,-0.1738082,-0.2952854580921288,11
2706,2016-11-22 00:00:00,2016,Burnley,0,0.571005,away,0.571005,-0.18136380000000002,-0.3275514350645166,12
2707,2016-11-26 16:30:00,2016,Burnley,1,0.475642,home,-0.524358,-0.2924874,-0.8021016387133103,13
3107,2016-12-03 19:00:00,2016,Burnley,0,0.773995,away,0.773995,0.08119580000000001,0.7937019409055368,14
3119,2016-12-10 19:00:00,2016,Burnley,3,2.15178,home,-0.84822,-0.1540396,-0.21086420863790356,15
3129,2016-12-14 23:45:00,2016,Burnley,0,0.923353,away,0.923353,0.179155,1.2120339451717137,16
3143,2016-12-18 20:00:00,2016,Burnley,1,1.17031,away,0.17030999999999996,0.09901600000000002,0.8698026030426728,17
3150,2016-12-26 19:00:00,2016,Burnley,1,0.275704,home,-0.724296,0.0590284,0.6990366836211771,18
3157,2016-12-31 19:00:00,2016,Burnley,4,2.72471,home,-1.27529,-0.3508286,-1.0512460899470266,19
3332,2017-01-02 15:00:00,2016,Burnley,1,0.642111,away,-0.357889,-0.25276240000000005,-0.632457145194847,20
3345,2017-01-14 19:00:00,2016,Burnley,1,0.464555,home,-0.535445,-0.544522,-1.8784082986536133,21
3358,2017-01-22 17:15:00,2016,Burnley,1,1.29948,away,0.29947999999999997,-0.5186879999999999,-1.7680849293507563,22
3362,2017-01-31 22:45:00,2016,Burnley,1,1.82995,home,0.82995,-0.20783880000000005,-0.4406121768115607,23
3374,2017-02-04 15:00:00,2016,Burnley,1,1.4777,away,0.4777,0.1427592,1.056606706475696,24
3387,2017-02-12 13:30:00,2016,Burnley,1,0.906366,home,-0.093634,0.1956102,1.2823054132584353,25
3394,2017-02-25 15:00:00,2016,Burnley,1,0.473058,away,-0.526942,0.19731079999999998,1.2895677776556032,26
3405,2017-03-04 15:00:00,2016,Burnley,2,0.933851,away,-1.066149,-0.07581500000000001,0.12319174221632924,27
3419,2017-03-12 16:00:00,2016,Burnley,1,0.83474,away,-0.16525999999999996,-0.274857,-0.7268115121298511,28
3423,2017-03-18 15:00:00,2016,Burnley,0,1.18742,away,1.18742,-0.132913,-0.12064365843608682,29
3431,2017-04-01 15:00:00,2016,Burnley,0,0.44677,home,0.44677,-0.024832200000000016,0.34091235352288984,30
3441,2017-04-04 19:45:00,2016,Burnley,1,0.348885,home,-0.651115,-0.04966680000000001,0.23485689376873922,31
3456,2017-04-08 15:00:00,2016,Burnley,0,0.809899,away,0.809899,0.3255428,1.8371789215916536,32
3467,2017-04-15 15:00:00,2016,Burnley,1,1.1469,away,0.14690000000000003,0.3879748,2.103793018994919,33
3472,2017-04-23 14:15:00,2016,Burnley,0,0.342829,home,0.342829,0.2190566,1.3824326040156738,34
3480,2017-04-29 17:30:00,2016,Burnley,2,1.38569,away,-0.6143099999999999,0.006840600000000019,0.4761701537572912,35
3492,2017-05-06 15:00:00,2016,Burnley,2,1.08649,home,-0.91351,-0.04563839999999999,0.25206006249598356,36
3500,2017-05-13 15:00:00,2016,Burnley,1,1.1511,away,0.1511,-0.1773982,-0.31061645196830967,37
3511,2017-05-21 15:00:00,2016,Burnley,1,1.70802,home,0.7080200000000001,-0.0651742,0.16863297888420253,38
7123,2017-08-12 15:00:00,2017,Burnley,3,0.564237,away,-2.435763,-0.6208926,-1.5764060193537155,1
7132,2017-08-19 15:00:00,2017,Burnley,0,1.37242,home,1.37242,-0.22354660000000007,-0.3578941329125959,2
7147,2017-08-27 16:00:00,2017,Burnley,1,0.670943,away,-0.32905700000000004,-0.10665600000000001,0.0005657119410943977,3
7156,2017-09-10 13:30:00,2017,Burnley,1,0.429329,home,-0.5706709999999999,-0.25101019999999996,-0.4421147442801804,4
7162,2017-09-16 15:00:00,2017,Burnley,1,0.334402,away,-0.665598,-0.5257338,-1.2845894944623786,5
7174,2017-09-23 15:00:00,2017,Burnley,0,0.369454,home,0.369454,0.0353096,0.4359212234241481,6
7187,2017-10-01 14:15:00,2017,Burnley,1,0.383977,away,-0.616023,-0.362379,-0.7836412893534511,7
7190,2017-10-14 15:00:00,2017,Burnley,1,0.70219,home,-0.29781,-0.35612960000000005,-0.7644767119243967,8
7202,2017-10-21 15:00:00,2017,Burnley,0,0.14859,away,0.14859,-0.21227740000000006,-0.3233357023491014,9
7212,2017-10-30 20:00:00,2017,Burnley,1,1.0271,home,0.027099999999999902,-0.07373780000000003,0.10151354576915872,10
7223,2017-11-04 15:00:00,2017,Burnley,1,0.137743,away,-0.862257,-0.32008000000000003,-0.6539260429823466,11
7233,2017-11-18 15:00:00,2017,Burnley,2,1.5427,home,-0.45730000000000004,-0.2883354000000001,-0.5565772023489473,12
7248,2017-11-26 14:00:00,2017,Burnley,0,0.402745,home,0.402745,-0.14822440000000003,-0.1269090569010207,13
7253,2017-11-29 19:45:00,2017,Burnley,2,1.08519,away,-0.9148099999999999,-0.3609044,-0.7791192414965554,14
7261,2017-12-02 15:00:00,2017,Burnley,0,0.789388,away,0.789388,-0.20844680000000002,-0.3115886817871695,15
7272,2017-12-09 15:00:00,2017,Burnley,1,0.485632,home,-0.5143679999999999,-0.138869,-0.0982195366783148,16
7279,2017-12-12 19:45:00,2017,Burnley,1,0.360081,home,-0.639919,-0.1753928,-0.21022440004172646,17
7291,2017-12-16 15:00:00,2017,Burnley,0,1.32536,away,1.32536,0.009130200000000022,0.3556387741736293,18
7304,2017-12-23 17:30:00,2017,Burnley,0,0.159735,home,0.159735,0.2240392,1.014684469872528,19
7314,2017-12-26 15:00:00,2017,Burnley,2,0.786214,away,-1.213786,-0.17659560000000002,-0.21391293873850814,20
7322,2017-12-30 15:00:00,2017,Burnley,0,1.20923,away,1.20923,0.168124,0.8432134198739561,21
7332,2018-01-01 15:00:00,2017,Burnley,1,0.900466,home,-0.09953400000000001,0.276201,1.174645242896956,22
7341,2018-01-13 15:00:00,2017,Burnley,0,0.907849,away,0.907849,0.1926988,0.9185751597855527,23
7351,2018-01-20 15:00:00,2017,Burnley,0,0.568215,home,0.568215,0.2743948,1.169106301598214,24
7364,2018-01-31 19:45:00,2017,Burnley,1,1.22828,away,0.22828000000000004,0.5628080000000001,2.053561945813885,25
7372,2018-02-03 12:30:00,2017,Burnley,1,0.795971,home,-0.20402900000000002,0.2801562,1.1867743651562765,26
7386,2018-02-10 15:00:00,2017,Burnley,0,0.430729,away,0.430729,0.3862088,1.5119981089160865,27
7398,2018-02-24 15:00:00,2017,Burnley,1,1.28178,home,0.2817799999999999,0.260995,1.1280141160069819,28
7400,2018-03-03 12:30:00,2017,Burnley,2,2.33524,home,0.3352400000000002,0.2144,0.9851246409682903,29
7418,2018-03-10 15:00:00,2017,Burnley,3,1.41929,away,-1.58071,-0.147398,-0.12437479652604529,30
7438,2018-03-31 15:00:00,2017,Burnley,2,1.41534,away,-0.58466,-0.2235242,-0.3578254404726157,31
7447,2018-04-07 14:00:00,2017,Burnley,2,1.38319,away,-0.6168100000000001,-0.43303200000000003,-1.0003076715813444,32
7449,2018-04-14 14:00:00,2017,Burnley,2,1.05951,home,-0.94049,-0.677486,-1.7499568556377523,33
7420,2018-04-19 18:45:00,2017,Burnley,1,0.221642,home,-0.778358,-0.9002055999999999,-2.4329547465021664,34
7466,2018-04-22 12:30:00,2017,Burnley,1,1.61309,away,0.6130899999999999,-0.46144560000000007,-1.0874415783945084,35
7469,2018-04-28 14:00:00,2017,Burnley,0,1.54596,home,1.54596,-0.03532160000000002,0.21932169366016394,36
7487,2018-05-06 16:30:00,2017,Burnley,0,0.21671,away,0.21671,0.13138239999999998,0.7305406451968107,37
7492,2018-05-13 15:00:00,2017,Burnley,1,1.16179,home,0.1617900000000001,0.3518384,1.4065969196711063,38
9204,2018-08-12 15:30:00,2018,Burnley,0,1.40827,away,1.40827,0.789164,1.7525233489206722,1
9214,2018-08-19 15:30:00,2018,Burnley,1,0.392642,home,-0.6073580000000001,0.5450744000000001,1.2090073716174752,2
9220,2018-08-26 17:00:00,2018,Burnley,2,1.56882,away,-0.4311799999999999,0.14964640000000004,0.32850514672526854,3
9232,2018-09-02 15:00:00,2018,Burnley,0,1.09923,home,1.09923,0.32615040000000006,0.7215278074937879,4
9244,2018-09-16 12:30:00,2018,Burnley,0,0.208994,away,0.208994,0.3355912,0.7425497012513423,5
9253,2018-09-22 14:00:00,2018,Burnley,4,2.29417,home,-1.7058300000000002,-0.2872288,-0.6442878411264459,6
9265,2018-09-30 15:00:00,2018,Burnley,2,0.111527,away,-1.888473,-0.5434518,-1.2148213429739525,7
9272,2018-10-06 14:00:00,2018,Burnley,1,0.353128,home,-0.646872,-0.5865902000000001,-1.3108779125094685,8
9281,2018-10-20 14:00:00,2018,Burnley,0,0.370236,away,0.370236,-0.732389,-1.6355290949917756,9
9295,2018-10-28 12:30:00,2018,Burnley,0,0.269828,home,0.269828,-0.7202222,-1.6084371984396386,10
9298,2018-11-03 15:00:00,2018,Burnley,2,0.882514,away,-1.117486,-0.6025534,-1.346423278837597,11
9310,2018-11-10 15:00:00,2018,Burnley,0,0.368393,away,0.368393,-0.1511802,-0.34134749549217147,12
9326,2018-11-26 20:00:00,2018,Burnley,1,1.49487,home,0.4948699999999999,0.0771682,0.16711744439720289,13
9333,2018-12-01 15:00:00,2018,Burnley,0,0.302477,away,0.302477,0.0636164,0.13694155889770815,14
9343,2018-12-05 19:45:00,2018,Burnley,1,1.05809,home,0.058089999999999975,0.021268799999999997,0.042645869116394716,15
9354,2018-12-08 15:00:00,2018,Burnley,1,1.81251,home,0.8125100000000001,0.407268,0.9021529207329009,16
9359,2018-12-15 15:00:00,2018,Burnley,0,0.451196,away,0.451196,0.42382860000000006,0.9390285217160127,17
9376,2018-12-22 12:30:00,2018,Burnley,1,1.03237,away,0.03237000000000001,0.33132860000000003,0.733058140755309,18
9385,2018-12-26 15:00:00,2018,Burnley,1,1.88646,home,0.88646,0.44812519999999995,0.9931299266679025,19
9395,2018-12-30 14:15:00,2018,Burnley,2,2.89884,home,0.8988399999999999,0.6162751999999999,1.3675506786521436,20
9401,2019-01-02 19:45:00,2018,Burnley,2,2.66309,away,0.66309,0.5863911999999999,1.3010077720074984,21
9415,2019-01-12 15:00:00,2018,Burnley,2,0.809801,home,-1.190199,0.25811219999999996,0.5700266834518357,22
9418,2019-01-19 15:00:00,2018,Burnley,0,1.97256,away,1.97256,0.6461501999999999,1.4340735449353978,23
9432,2019-01-29 20:00:00,2018,Burnley,2,0.934603,away,-1.065397,0.2557788,0.5648308857552552,24
9445,2019-02-02 15:00:00,2018,Burnley,1,2.00175,home,1.00175,0.2763608,0.6106609655491277,25
9449,2019-02-09 17:30:00,2018,Burnley,3,1.83041,away,-1.16959,-0.09017519999999997,-0.20550724586506092,26
9464,2019-02-23 12:30:00,2018,Burnley,2,1.08514,home,-0.91486,-0.03510739999999997,-0.08288739997676,27
9473,2019-02-26 20:00:00,2018,Burnley,0,1.74201,away,1.74201,-0.08121739999999997,-0.18556085150214424,28
9484,2019-03-02 15:00:00,2018,Burnley,1,1.90872,home,0.90872,0.313606,0.6935951064459666,29
9490,2019-03-10 12:00:00,2018,Burnley,2,0.471571,away,-1.528429,-0.19242979999999998,-0.43319826118381083,30
9504,2019-03-16 15:00:00,2018,Burnley,1,1.17008,home,0.17008,0.0755042,0.1634122042467314,31
9515,2019-03-30 15:00:00,2018,Burnley,2,0.572695,home,-1.427305,-0.02698480000000001,-0.064800751150907,32
9526,2019-04-06 15:00:00,2018,Burnley,3,1.38919,away,-1.61081,-0.6975488000000001,-1.5579501839999153,33
9535,2019-04-13 15:00:00,2018,Burnley,2,2.84358,home,0.8435800000000002,-0.7105767999999999,-1.5869597204664667,34
9543,2019-04-22 20:00:00,2018,Burnley,2,0.788788,away,-1.211212,-0.6471333999999999,-1.4456898689265498,35
9555,2019-04-28 14:05:00,2018,Burnley,0,0.0899809,home,0.0899809,-0.6631532200000001,-1.4813613113948951,36
9562,2019-05-03 19:00:00,2018,Burnley,0,0.473292,away,0.473292,-0.28303382,-0.6349468505456617,37
9575,2019-05-12 14:00:00,2018,Burnley,1,1.72939,home,0.72939,0.18500618000000005,0.4072410100472866,38
11646,2019-08-10 15:00:00,2019,Burnley,3,0.909241,home,-2.0907590000000003,-0.40186162000000003,-2.177755403259917,1
11653,2019-08-17 12:30:00,2019,Burnley,1,1.39172,away,0.39172000000000007,-0.08127522000000002,-0.9678153968886211,2
11668,2019-08-25 16:30:00,2019,Burnley,1,1.22762,away,0.22761999999999993,-0.05374740000000004,-0.8639213742283091,3
11680,2019-08-31 17:30:00,2019,Burnley,0,0.61739,home,0.61739,-0.024927800000000035,-0.7551519847357473,4
11685,2019-09-14 14:00:00,2019,Burnley,1,0.341654,away,-0.658346,-0.302475,-1.802655749512841,5
11696,2019-09-21 14:00:00,2019,Burnley,2,2.39312,home,0.39312000000000014,0.19430080000000005,0.07224884599434717,6
11706,2019-09-28 14:00:00,2019,Burnley,2,1.66919,away,-0.33081000000000005,0.04979480000000003,-0.47313795319829016,7
11714,2019-10-05 15:00:00,2019,Burnley,1,0.558912,home,-0.44108800000000004,-0.08394679999999996,-0.9778983309189523,8
11728,2019-10-19 15:00:00,2019,Burnley,1,1.79569,away,0.79569,-0.048286799999999984,-0.8433122704148249,9
11735,2019-10-26 17:30:00,2019,Burnley,2,2.23494,home,0.23493999999999993,0.13037040000000003,-0.16903384280130831,10
11750,2019-11-02 15:00:00,2019,Burnley,0,0.716613,away,0.716613,0.195069,0.07514814525624461,11
11753,2019-11-09 15:00:00,2019,Burnley,3,2.4158,home,-0.5842,0.144391,-0.11611804583259924,12
11771,2019-11-23 15:00:00,2019,Burnley,3,2.66281,away,-0.3371900000000001,0.1651706,-0.03769279336901068,13
11773,2019-11-30 15:00:00,2019,Burnley,0,1.8509,home,1.8509,0.3762126,0.7588106104703631,14
11784,2019-12-03 20:15:00,2019,Burnley,1,0.486548,home,-0.513452,0.2265342,0.19390241645575307,15
11800,2019-12-07 15:00:00,2019,Burnley,0,1.08645,away,1.08645,0.3005015999999999,0.4730662126344684,16
11804,2019-12-14 15:00:00,2019,Burnley,1,1.43602,home,0.4360200000000001,0.5045455999999999,1.2431581399901661,17
11814,2019-12-21 15:00:00,2019,Burnley,1,0.144318,away,-0.855682,0.4008472,0.851785197292993,18
11827,2019-12-26 15:00:00,2019,Burnley,0,0.565252,away,0.565252,0.14371760000000003,-0.11865955601609544,19
11835,2019-12-28 19:45:00,2019,Burnley,0,0.386662,home,0.386662,0.32374040000000004,0.5607728459166706,20
11846,2020-01-01 12:30:00,2019,Burnley,1,2.34418,home,1.3441800000000002,0.37528640000000013,0.7553149960777971,21
11858,2020-01-11 15:00:00,2019,Burnley,0,0.717407,away,0.717407,0.43156380000000005,0.9677141424999779,22
11866,2020-01-19 14:00:00,2019,Burnley,2,1.50886,home,-0.4911399999999999,0.5044722000000001,1.2428811176446537,23
11879,2020-01-22 20:15:00,2019,Burnley,2,0.717284,away,-1.282716,0.13487860000000013,-0.1520192360159824,24
11884,2020-02-02 14:00:00,2019,Burnley,0,2.24562,home,2.24562,0.5066702000000001,1.2511766914244646,25
11901,2020-02-15 12:30:00,2019,Burnley,2,0.892699,away,-1.107301,0.016374000000000066,-0.5992729450910647,26
11907,2020-02-22 15:00:00,2019,Burnley,3,3.09935,home,0.09934999999999983,-0.10723739999999997,-1.0658004649844999,27
11918,2020-02-29 15:00:00,2019,Burnley,0,0.617612,away,0.617612,0.11451300000000002,-0.22888199187136304,28
11924,2020-03-07 17:30:00,2019,Burnley,1,3.33302,home,2.33302,0.8376602,2.500381407247828,29
11939,2020-06-22 19:00:00,2019,Burnley,0,0.0303408,away,0.0303408,0.3946043599999999,0.828223805202202,30
11943,2020-06-25 17:00:00,2019,Burnley,1,0.964774,home,-0.03522599999999998,0.6090193599999998,1.6374574048374368,31
11957,2020-06-29 19:00:00,2019,Burnley,1,0.359906,away,-0.6400939999999999,0.46113055999999997,1.0793034232142518,32
11963,2020-07-05 11:00:00,2019,Burnley,1,1.31966,home,0.31966000000000006,0.40154016,0.8544005297800074,33
11982,2020-07-08 17:00:00,2019,Burnley,1,1.05291,away,0.05291000000000001,-0.054481840000000004,-0.8666932583078562,34
11986,2020-07-11 14:00:00,2019,Burnley,1,0.452331,away,-0.547669,-0.1700838,-1.3029919790861995,35
11994,2020-07-15 17:00:00,2019,Burnley,1,1.53435,home,0.5343500000000001,-0.05616859999999999,-0.8730593374838499,36
12008,2020-07-18 16:30:00,2019,Burnley,2,1.8233,away,-0.17670000000000008,0.03651019999999998,-0.5232759784190737,37
12022,2020-07-26 15:00:00,2019,Burnley,1,1.44244,home,0.44243999999999994,0.06106619999999996,-0.4305980395032197,38
14103,2020-09-20 18:00:00,2020,Burnley,2,1.52404,away,-0.47595999999999994,-0.044707800000000034,-0.5241561550513973,1
14109,2020-09-26 19:00:00,2020,Burnley,0,0.347136,home,0.347136,0.13425319999999996,0.09761026764645939,2
14472,2020-10-03 19:00:00,2020,Burnley,1,0.438849,away,-0.561151,-0.08484700000000005,-0.6636122756248957,3
14484,2020-10-19 16:30:00,2020,Burnley,0,1.08532,away,1.08532,0.16755699999999998,0.21331807319205254,4
14488,2020-10-26 20:00:00,2020,Burnley,0,0.95045,home,0.95045,0.269159,0.5663151623843774,5
14496,2020-10-31 15:00:00,2020,Burnley,0,0.407341,home,0.407341,0.44581919999999997,1.1800878870958391,6
14506,2020-11-06 17:30:00,2020,Burnley,0,0.326933,away,0.326933,0.44177859999999997,1.1660495803834663,7
14516,2020-11-23 17:30:00,2020,Burnley,1,1.75343,home,0.75343,0.7046948,2.079502596086967,8
14533,2020-11-28 15:00:00,2020,Burnley,0,0.419877,away,0.419877,0.5716062,1.6171112218553414,9
14537,2020-12-05 12:30:00,2020,Burnley,1,0.730434,home,-0.269566,0.327603,0.7693678767084677,10
14554,2020-12-13 19:15:00,2020,Burnley,1,0.815375,away,-0.18462500000000004,0.2092098,0.358032913025029,11
14556,2020-12-17 18:00:00,2020,Burnley,0,0.316737,away,0.316737,0.20717059999999998,0.35094809516434716,12
14566,2020-12-21 17:30:00,2020,Burnley,2,1.20465,home,-0.79535,-0.10258540000000002,-0.725241018828072,13
14578,2020-12-27 12:00:00,2020,Burnley,0,1.54591,away,1.54591,0.12262119999999994,0.05719706572636797,14
14587,2020-12-29 18:00:00,2020,Burnley,1,0.973831,home,-0.026168999999999998,0.17130059999999994,0.22632450911949858,15
14088,2021-01-12 22:15:00,2020,Burnley,0,0.648582,home,0.648582,0.33794199999999996,0.8052887926861005,16
14623,2021-01-16 15:00:00,2020,Burnley,0,0.395668,away,0.395668,0.35372819999999994,0.8601349832080181,17
14613,2021-01-21 20:00:00,2020,Burnley,1,1.08059,away,0.08058999999999994,0.5289162,1.4687928251936582,18
14626,2021-01-27 18:00:00,2020,Burnley,3,0.717681,home,-2.282319,-0.2367296000000001,-1.1912998772366967,19
14637,2021-01-31 12:00:00,2020,Burnley,0,0.390714,away,0.390714,-0.15335300000000007,-0.9016235213898355,20
14646,2021-02-03 18:00:00,2020,Burnley,0,0.0489155,home,0.0489155,-0.2732863000000001,-1.3183092736115423,21
14656,2021-02-06 15:00:00,2020,Burnley,1,1.88934,home,0.88934,-0.1745519000000001,-0.975275122677991,22
14668,2021-02-13 15:00:00,2020,Burnley,3,1.95502,away,-1.04498,-0.39966590000000013,-1.7573914859035282,23
14602,2021-02-17 18:00:00,2020,Burnley,1,1.20642,home,0.20642000000000005,0.09808189999999999,-0.028060128726666442,24
14678,2021-02-20 15:00:00,2020,Burnley,0,0.535153,home,0.535153,0.1269697,0.07230511322890572,25
14693,2021-02-28 14:00:00,2020,Burnley,0,0.603212,away,0.603212,0.23782899999999998,0.45746495466803777,26
14716,2021-03-03 18:00:00,2020,Burnley,1,1.26793,home,0.26793,0.11354699999999998,0.025670460081311956,27
14697,2021-03-06 12:30:00,2020,Burnley,1,1.10374,home,0.10373999999999994,0.34329099999999996,0.8238728897520022,28
14707,2021-03-13 17:30:00,2020,Burnley,2,0.74852,away,-1.25148,0.05171099999999997,-0.189167121927867,29
14733,2021-04-04 11:00:00,2020,Burnley,2,1.50285,away,-0.49715,-0.15474960000000001,-0.9064757460976758,30
14736,2021-04-11 11:00:00,2020,Burnley,1,1.84262,home,0.8426199999999999,-0.106868,-0.7401201091429777,31
14751,2021-04-18 15:00:00,2020,Burnley,1,0.959804,away,-0.04019600000000001,-0.16849320000000004,-0.9542253060967272,32
14764,2021-04-25 11:00:00,2020,Burnley,4,2.24049,away,-1.7595100000000001,-0.5411432,-2.248927824625101,33
14766,2021-05-03 19:15:00,2020,Burnley,1,1.68312,home,0.68312,-0.15422320000000006,-0.9046468680465465,34
14777,2021-05-10 19:00:00,2020,Burnley,2,1.65831,away,-0.34169000000000005,-0.12313120000000008,-0.7966235466831112,35
14786,2021-05-15 11:30:00,2020,Burnley,0,1.41338,home,1.41338,-0.008979200000000053,-0.40002383678092146,36
14796,2021-05-19 19:15:00,2020,Burnley,0,0.837048,home,0.837048,0.16646959999999994,0.20954010588050603,37
14812,2021-05-23 15:00:00,2020,Burnley,0,0.558508,away,0.558508,0.6300732,1.8202438453647967,38
16378,2021-08-14 14:00:00,2021,Burnley,1,1.79548,home,0.79548,0.6525451999999999,1.2480123674028099,1
16386,2021-08-21 11:30:00,2021,Burnley,0,0.690464,away,0.690464,0.858976,1.812895118023566,2
16403,2021-08-29 13:00:00,2021,Burnley,1,1.71102,home,0.71102,0.7185039999999999,1.4285037881193132,3
16415,2021-09-13 19:00:00,2021,Burnley,1,1.82061,away,0.8206100000000001,0.7152163999999999,1.4195075117354554,4
16419,2021-09-18 14:00:00,2021,Burnley,0,0.775574,home,0.775574,0.7586295999999999,1.5383045508848896,5
16430,2021-09-25 14:00:00,2021,Burnley,2,0.428866,away,-1.571134,0.28530679999999997,0.24309140829416198,6
16437,2021-10-02 14:00:00,2021,Burnley,0,0.584725,home,0.584725,0.264159,0.18522200395344526,7
16451,2021-10-16 14:00:00,2021,Burnley,0,1.07719,away,1.07719,0.33739299999999994,0.3856214761201977,8
16464,2021-10-23 14:00:00,2021,Burnley,2,0.673195,away,-1.326805,-0.09209000000000005,-0.7896272676954259,9
16467,2021-10-30 14:00:00,2021,Burnley,3,2.72901,home,-0.27098999999999984,-0.3014028,-1.3623964000348452,10
16479,2021-11-06 15:00:00,2021,Burnley,1,0.674072,away,-0.325928,-0.05236160000000001,-0.6809134136108528,11
16487,2021-11-20 15:00:00,2021,Burnley,3,1.04224,home,-1.95776,-0.5608586,-2.0723781758575845,12
16511,2021-12-01 19:30:00,2021,Burnley,0,0.195537,away,0.195537,-0.7371892000000001,-2.5548939358440226,13
16520,2021-12-04 15:00:00,2021,Burnley,0,0.604599,away,0.604599,-0.3509084,-1.4978648451463834,14
16529,2021-12-12 14:00:00,2021,Burnley,0,0.54801,home,0.54801,-0.18710840000000004,-1.0496381534333257,15
16574,2021-12-30 20:15:00,2021,Burnley,1,0.871738,away,-0.128262,-0.14757520000000005,-0.941458449838511,16
16581,2022-01-02 14:00:00,2021,Burnley,1,0.960493,away,-0.03950699999999996,0.23607539999999996,0.10837329138083947,17
16596,2022-01-23 14:00:00,2021,Burnley,0,0.388963,away,0.388963,0.27476059999999997,0.2142325051430982,18
16539,2022-02-05 18:00:00,2021,Burnley,0,0.765905,home,0.765905,0.30702179999999996,0.30251291385306944,19
16608,2022-02-08 20:00:00,2021,Burnley,1,0.772721,home,-0.227279,0.15196399999999993,-0.12179138845648466,20
16617,2022-02-13 14:00:00,2021,Burnley,0,1.16081,home,1.16081,0.4097783999999999,0.5836988165983804,21
16628,2022-02-19 15:00:00,2021,Burnley,3,0.821228,away,-2.178772,-0.018074600000000007,-0.5870895517136269,22
16499,2022-02-23 19:30:00,2021,Burnley,1,1.55576,home,0.55576,0.015284799999999998,-0.49580399921342805,23
16640,2022-02-26 15:00:00,2021,Burnley,1,0.255988,away,-0.744012,-0.28669859999999997,-1.3221594347095267,24
16588,2022-03-01 19:45:00,2021,Burnley,0,1.04214,home,1.04214,-0.03281479999999996,-0.6274250283997612,25
16647,2022-03-05 15:00:00,2021,Burnley,0,0.849232,home,0.849232,-0.09513039999999999,-0.7979470994016795,26
16657,2022-03-12 15:00:00,2021,Burnley,0,0.825311,away,0.825311,0.5056862,0.8461434802337751,27
16684,2022-04-02 14:00:00,2021,Burnley,0,0.0591223,home,0.0591223,0.40635866,0.5743409487917945,28
16558,2022-04-06 18:30:00,2021,Burnley,3,2.24439,home,-0.7556099999999999,0.40403906,0.5679935334432133,29
16688,2022-04-10 13:00:00,2021,Burnley,0,1.44652,away,1.44652,0.48491505999999995,0.7893047783698631,30
16697,2022-04-17 13:15:00,2021,Burnley,1,1.88137,away,0.88137,0.49134265999999993,0.8068934345582321,31
16667,2022-04-21 18:45:00,2021,Burnley,2,2.14743,home,0.14742999999999995,0.35576645999999995,0.43589910243962504,32
16712,2022-04-24 13:00:00,2021,Burnley,1,1.27298,home,0.27298,0.39853799999999995,0.5529402860395806,33
16718,2022-04-30 14:00:00,2021,Burnley,2,1.37022,away,-0.62978,0.42370399999999986,0.6218052001033826,34
16732,2022-05-07 14:00:00,2021,Burnley,1,1.31028,home,0.3102799999999999,0.1964559999999999,-4.229219459607449e-05,35
16739,2022-05-15 11:00:00,2021,Burnley,0,0.629888,away,0.629888,0.14615959999999992,-0.13767470353206024,36
16546,2022-05-19 19:00:00,2021,Burnley,1,1.63117,away,0.63117,0.24290759999999995,0.12706910580771336,37
16749,2022-05-22 15:00:00,2021,Burnley,1,1.49164,home,0.4916400000000001,0.28663959999999994,0.24673851778570746,38
22275,2023-08-11 19:00:00,2023,Burnley,0,0.311032,home,0.311032,0.47480199999999995,1.9032051615979773,1
22302,2023-08-27 13:00:00,2023,Burnley,1,0.630605,home,-0.36939500000000003,0.3388669999999999,1.2409153221776594,2
21929,2023-09-02 14:00:00,2023,Burnley,2,1.66604,home,-0.33396000000000003,0.14609739999999996,0.30172124096885483,3
21944,2023-09-18 18:45:00,2023,Burnley,1,0.807651,away,-0.192349,-0.018606400000000044,-0.5007332648899462,4
21950,2023-09-23 19:00:00,2023,Burnley,0,0.935444,home,0.935444,0.07015439999999995,-0.06828116661636742,5
21958,2023-09-30 14:00:00,2023,Burnley,0,0.801849,away,0.801849,0.16831779999999996,0.40998140316295667,6
22289,2023-10-03 18:30:00,2023,Burnley,2,0.920206,away,-1.0797940000000001,0.02623799999999994,-0.28224655819262406,7
21967,2023-10-07 14:00:00,2023,Burnley,1,0.956642,home,-0.04335800000000001,0.08435839999999994,0.0009222385340808657,8
21977,2023-10-21 14:00:00,2023,Burnley,0,0.693129,away,0.693129,0.26145399999999996,0.8637509175795425,9
21985,2023-10-28 14:00:00,2023,Burnley,1,0.90255,away,-0.09745000000000004,0.05487519999999992,-0.14272306101053328,10
21996,2023-11-04 15:00:00,2023,Burnley,0,1.4998,home,1.4998,0.19446539999999993,0.5373753032271541,11
22006,2023-11-11 15:00:00,2023,Burnley,1,0.327706,away,-0.672294,0.2759653999999999,0.9344520083638436,12
22016,2023-11-25 15:00:00,2023,Burnley,1,1.44228,home,0.44228,0.37309299999999995,1.4076680499078231,13
22028,2023-12-02 15:00:00,2023,Burnley,5,2.60469,home,-2.39531,-0.24459480000000006,-1.6017728878483786,14
22042,2023-12-05 19:30:00,2023,Burnley,0,0.781542,away,0.781542,-0.06879640000000001,-0.7452643057587859,15
22046,2023-12-09 15:00:00,2023,Burnley,1,1.05162,away,0.05162,-0.3584324,-2.156401834212408,16
22058,2023-12-16 17:30:00,2023,Burnley,0,0.811435,home,0.811435,-0.061686600000000015,-0.7106246007504321,17
22067,2023-12-23 15:00:00,2023,Burnley,2,0.41714,away,-1.58286,-0.4667146,-2.683964278395868,18
22079,2023-12-26 17:30:00,2023,Burnley,0,0.972389,home,0.972389,0.20682519999999993,0.5975935689958468,19
22085,2023-12-30 15:00:00,2023,Burnley,2,1.11923,away,-0.88077,-0.12563720000000006,-1.0221987546095044,20
22096,2024-01-12 19:45:00,2023,Burnley,1,1.52023,home,0.52023,-0.031915200000000074,-0.565575160022746,21
22114,2024-01-31 19:30:00,2023,Burnley,1,1.49114,away,0.4911399999999999,-0.09597420000000009,-0.8776774502601841,22
22119,2024-02-03 15:00:00,2023,Burnley,2,1.00428,home,-0.9957199999999999,0.021453799999999922,-0.30555569160016954,23
22128,2024-02-10 15:00:00,2023,Burnley,1,1.11123,away,0.11122999999999994,-0.15077800000000013,-1.144687417535891,24
22136,2024-02-17 15:00:00,2023,Burnley,0,0.335143,home,0.335143,0.09240459999999989,0.040124184360716575,25
22150,2024-02-24 15:00:00,2023,Burnley,0,0.0760216,away,0.0760216,0.0035629199999998975,-0.3927219699117757,26
22156,2024-03-03 13:00:00,2023,Burnley,0,1.60461,home,1.60461,0.22625691999999992,0.692266984366874,27
22173,2024-03-10 14:00:00,2023,Burnley,2,0.88131,away,-1.11869,0.20166291999999988,0.5724423894450118,28
22177,2024-03-16 15:00:00,2023,Burnley,2,2.69776,home,0.6977600000000002,0.31896892,1.1439697510740248,29
22188,2024-03-30 15:00:00,2023,Burnley,2,2.10422,away,0.1042200000000002,0.27278432,0.9189534468279396,30
22197,2024-04-02 18:45:00,2023,Burnley,1,1.12581,home,0.12580999999999998,0.282742,0.9674683273826082,31
22208,2024-04-06 14:00:00,2023,Burnley,0,0.34699,away,0.34699,0.03121799999999999,-0.2579834662713881,32
22218,2024-04-13 14:00:00,2023,Burnley,1,1.8522,home,0.8522000000000001,0.42539599999999994,1.662493852469348,33
22232,2024-04-20 14:00:00,2023,Burnley,4,2.42338,away,-1.5766200000000001,-0.029480000000000083,-0.553710605515398,34
22239,2024-04-27 14:00:00,2023,Burnley,1,1.89591,away,0.89591,0.12885799999999986,0.21772904280279984,35
22248,2024-05-04 14:00:00,2023,Burnley,1,1.28632,home,0.2863199999999999,0.16095999999999985,0.374133415665352,36
22262,2024-05-11 14:00:00,2023,Burnley,1,0.950331,away,-0.04966899999999996,0.08162819999999986,-0.012379587482658074,37
22268,2024-05-19 15:00:00,2023,Burnley,1,1.08222,home,0.08221999999999996,-0.07236780000000016,-0.7626645480253531,38
9202,2018-08-11 17:00:00,2018,Cardiff,0,1.50693,away,1.50693,,,1
9207,2018-08-18 14:30:00,2018,Cardiff,0,1.15521,home,1.15521,,,2
9219,2018-08-25 17:00:00,2018,Cardiff,0,1.06351,away,1.06351,1.2418833333333332,3.6488058177354015,3
9235,2018-09-02 12:30:00,2018,Cardiff,2,0.77426,home,-1.22574,0.6249775,1.4755708215944028,4
9241,2018-09-15 14:00:00,2018,Cardiff,1,0.8276,away,-0.1724,0.465502,0.913770756008352,5
9252,2018-09-22 14:00:00,2018,Cardiff,0,0.0980726,home,0.0980726,0.18373051999999998,-0.07885341475316672,6
9265,2018-09-30 15:00:00,2018,Cardiff,1,1.56707,home,0.56707,0.06610251999999997,-0.4932331665943961,7
9269,2018-10-06 14:00:00,2018,Cardiff,0,1.13843,away,1.13843,0.08108651999999998,-0.44044755261142454,8
9282,2018-10-20 14:00:00,2018,Cardiff,4,1.7562,home,-2.2438000000000002,-0.12252548000000005,-1.1577316179011208,9
9288,2018-10-27 14:00:00,2018,Cardiff,1,0.643117,away,-0.35688299999999995,-0.15942208000000005,-1.2877109081363123,10
9302,2018-11-03 15:00:00,2018,Cardiff,0,0.922262,home,0.922262,0.005415799999999971,-0.7070202578792787,11
9307,2018-11-10 12:30:00,2018,Cardiff,2,1.94297,home,-0.057029999999999914,-0.1194042,-1.1467359771367873,12
9321,2018-11-24 15:00:00,2018,Cardiff,0,0.879108,away,0.879108,-0.17126860000000002,-1.3294438120178893,13
9335,2018-11-30 20:00:00,2018,Cardiff,2,1.09264,home,-0.9073599999999999,0.09601940000000005,-0.38784202409206786,14
9340,2018-12-04 19:45:00,2018,Cardiff,1,1.93448,away,0.93448,0.35429200000000005,0.52200032547937,15
9353,2018-12-08 15:00:00,2018,Cardiff,1,1.55832,home,0.5583199999999999,0.2815036,0.26558145302621133,16
9358,2018-12-15 15:00:00,2018,Cardiff,2,0.485768,away,-1.514232,-0.009936800000000013,-0.7611043754203204,17
9374,2018-12-22 17:30:00,2018,Cardiff,1,1.27173,home,0.27173,-0.1314124,-1.1890384470934292,18
9384,2018-12-26 15:00:00,2018,Cardiff,0,1.05926,away,1.05926,0.2619116,0.19656278316807071,19
9392,2018-12-29 15:00:00,2018,Cardiff,1,0.493212,away,-0.506788,-0.026341999999999997,-0.8188965907509027,20
9404,2019-01-01 17:30:00,2018,Cardiff,0,1.0789,home,1.0789,0.07777400000000001,-0.4521168933769658,21
9414,2019-01-12 15:00:00,2018,Cardiff,0,0.124558,home,0.124558,0.405532,0.702508524924609,22
9420,2019-01-19 15:00:00,2018,Cardiff,0,0.255727,away,0.255727,0.4023314,0.6912334557765912,23
9431,2019-01-29 19:45:00,2018,Cardiff,1,0.597893,away,-0.402107,0.11005799999999999,-0.33838686389043,24
9444,2019-02-02 17:30:00,2018,Cardiff,2,2.53093,home,0.5309300000000001,0.31760160000000004,0.39274743631220366,25
9453,2019-02-09 15:00:00,2018,Cardiff,2,0.980673,away,-1.019327,-0.10204379999999999,-1.0855787845987481,26
9463,2019-02-22 19:45:00,2018,Cardiff,1,1.90045,home,0.90045,0.05313460000000001,-0.5389165368080944,27
9469,2019-02-26 19:45:00,2018,Cardiff,0,0.219359,home,0.219359,0.045861,-0.5645399645888299,28
9477,2019-03-02 15:00:00,2018,Cardiff,0,0.702261,away,0.702261,0.26673460000000004,0.21355324073880436,29
9495,2019-03-09 15:00:00,2018,Cardiff,2,3.49275,home,1.49275,0.4590986,0.8912128675554317,30
9514,2019-03-31 13:05:00,2018,Cardiff,1,0.446122,home,-0.553878,0.5521884,1.2191494831822356,31
9522,2019-04-03 19:45:00,2018,Cardiff,0,0.135788,away,0.135788,0.399256,0.6803994410112928,32
9535,2019-04-13 15:00:00,2018,Cardiff,0,0.872224,away,0.872224,0.529829,1.1403818205226748,33
9505,2019-04-16 19:45:00,2018,Cardiff,2,0.819472,away,-1.180528,0.1532712,-0.18615546411941106,34
9544,2019-04-21 16:00:00,2018,Cardiff,0,1.1187,home,1.1187,0.07846120000000001,-0.4496960261900266,35
9553,2019-04-27 15:00:00,2018,Cardiff,0,1.11322,away,1.11322,0.41188080000000005,0.724874068574842,36
9564,2019-05-04 16:30:00,2018,Cardiff,2,1.4996,home,-0.5004,0.28464320000000004,0.2766416314606039,37
9570,2019-05-12 14:00:00,2018,Cardiff,2,1.71095,away,-0.28905000000000003,0.05238840000000004,-0.5415452491114908,38
86,2015-08-08 20:30:00,2015,Chelsea,2,0.64396,home,-1.3560400000000001,,,1
99,2015-08-16 19:00:00,2015,Chelsea,0,0.482423,away,0.482423,,,2
107,2015-08-23 16:30:00,2015,Chelsea,3,2.02778,away,-0.9722200000000001,-0.615279,-0.9467285232874486,3
115,2015-08-29 18:00:00,2015,Chelsea,1,1.27906,home,0.2790600000000001,-0.39169425,-0.511317911890947,4
121,2015-09-12 15:45:00,2015,Chelsea,1,0.656048,away,-0.34395200000000004,-0.38214580000000004,-0.4927231890738098,5
131,2015-09-19 15:45:00,2015,Chelsea,2,2.0687,home,0.0687000000000002,-0.09719779999999996,0.062186673500495296,6
148,2015-09-26 20:30:00,2015,Chelsea,2,1.30593,away,-0.69407,-0.33249639999999997,-0.39603557683965923,7
157,2015-10-03 20:30:00,2015,Chelsea,1,0.520175,home,-0.47982499999999995,-0.23401739999999993,-0.20425683701184855,8
164,2015-10-17 18:00:00,2015,Chelsea,2,1.22875,home,-0.77125,-0.44407939999999996,-0.6133331440997511,9
173,2015-10-24 18:00:00,2015,Chelsea,1,1.1356,away,0.13559999999999994,-0.34816899999999995,-0.42655651508868025,10
181,2015-10-31 16:45:00,2015,Chelsea,1,0.735762,home,-0.264238,-0.4147565999999999,-0.5562297044606105,11
197,2015-11-07 21:30:00,2015,Chelsea,0,1.02642,away,1.02642,-0.07065859999999997,0.11386930971774191,12
207,2015-11-21 19:00:00,2015,Chelsea,1,2.16487,home,1.16487,0.2582804,0.7544475741215254,13
217,2015-11-29 16:00:00,2015,Chelsea,0,0.283375,away,0.283375,0.4692054,1.165204493852442,14
228,2015-12-05 21:30:00,2015,Chelsea,0,1.66952,home,1.66952,0.7759894,1.762637945850686,15
240,2015-12-15 00:00:00,2015,Chelsea,1,2.26887,away,1.2688700000000002,1.082611,2.3597551388764786,16
244,2015-12-19 19:00:00,2015,Chelsea,3,3.02023,home,0.020230000000000192,0.8813730000000002,1.9678627552670904,17
256,2015-12-26 19:00:00,2015,Chelsea,2,2.09356,home,0.09356000000000009,0.667111,1.5506073368226871,18
267,2015-12-28 21:30:00,2015,Chelsea,0,0.900029,away,0.900029,0.7904418000000001,1.790782657509897,19
279,2016-01-03 17:30:00,2015,Chelsea,3,2.3747,away,-0.6253000000000002,0.33147780000000004,0.8969927373611215,20
287,2016-01-13 23:45:00,2015,Chelsea,2,1.38532,home,-0.6146799999999999,-0.045232199999999965,0.1633848709070091,21
295,2016-01-16 19:00:00,2015,Chelsea,3,2.44864,home,-0.5513599999999999,-0.15955019999999998,-0.05923885577213726,22
310,2016-01-24 20:00:00,2015,Chelsea,1,1.48778,away,0.4877800000000001,-0.08070619999999998,0.0943025384640339,23
320,2016-02-03 23:45:00,2015,Chelsea,0,1.13694,away,1.13694,-0.03332399999999995,0.18657498849164683,24
330,2016-02-07 20:00:00,2015,Chelsea,1,1.61554,home,0.61554,0.2148440000000001,0.6698592044725982,25
337,2016-02-13 21:30:00,2015,Chelsea,5,2.0858,home,-2.9142,-0.24505999999999997,-0.2257612786940609,26
344,2016-02-27 19:00:00,2015,Chelsea,2,0.631036,away,-1.368964,-0.4085808,-0.5442029054331166,27
353,2016-03-01 23:45:00,2015,Chelsea,2,0.980988,away,-1.019012,-0.7099392,-1.1310705034847344,28
362,2016-03-05 19:00:00,2015,Chelsea,1,1.0615,home,0.06150000000000011,-0.9250271999999999,-1.5499344804959156,29
376,2016-03-19 19:00:00,2015,Chelsea,2,2.1406,home,0.14060000000000006,-1.0200152,-1.7349148208605019,30
384,2016-04-02 15:45:00,2015,Chelsea,4,2.49358,away,-1.5064199999999999,-0.7384592,-1.186610564410304,31
397,2016-04-09 18:00:00,2015,Chelsea,0,1.3003,away,1.3003,-0.20460639999999994,-0.14698163603422149,32
410,2016-04-16 20:30:00,2015,Chelsea,0,0.487715,home,0.487715,0.09673900000000006,0.4398606457203406,33
422,2016-04-23 18:00:00,2015,Chelsea,4,2.07192,away,-1.92808,-0.3011769999999999,-0.33504394345423555,34
436,2016-05-02 23:00:00,2015,Chelsea,2,0.81661,home,-1.1833900000000002,-0.565975,-0.850713545591997,35
442,2016-05-07 18:00:00,2015,Chelsea,2,1.77677,away,-0.22323000000000004,-0.30933700000000003,-0.35093478837543657,36
450,2016-05-11 23:00:00,2015,Chelsea,1,0.812268,away,-0.187732,-0.6069434,-0.9304957136152474,37
452,2016-05-15 18:00:00,2015,Chelsea,1,1.86065,home,0.8606499999999999,-0.5323564000000001,-0.7852444329611292,38
470,2016-08-15 23:00:00,2016,Chelsea,2,1.4603,home,-0.5397000000000001,-0.2546804000000001,0.6538876426019725,1
476,2016-08-20 18:00:00,2016,Chelsea,2,1.75595,away,-0.2440500000000001,-0.06681240000000006,1.0852110979819274,2
485,2016-08-27 18:00:00,2016,Chelsea,3,2.65838,home,-0.3416199999999998,-0.09049040000000001,1.0308491162900664,3
499,2016-09-11 19:00:00,2016,Chelsea,2,2.19035,away,0.19035000000000002,-0.014874000000000009,1.2044557280142174,4
501,2016-09-16 23:00:00,2016,Chelsea,1,1.16415,home,0.16415000000000002,-0.15417399999999998,0.8846388494908516,5
518,2016-09-24 20:30:00,2016,Chelsea,0,0.613553,away,0.613553,0.07647660000000003,1.4141862645772942,6
524,2016-10-01 18:00:00,2016,Chelsea,2,1.99155,away,-0.008450000000000069,0.12359660000000003,1.5223683989349468,7
531,2016-10-15 15:30:00,2016,Chelsea,3,3.11573,home,0.11573000000000011,0.21506660000000002,1.7323730642510435,8
550,2016-10-23 19:00:00,2016,Chelsea,4,2.25192,home,-1.7480799999999999,-0.17261939999999995,0.8422903193320943,9
2685,2016-10-30 20:00:00,2016,Chelsea,2,1.14759,away,-0.8524099999999999,-0.3759313999999999,0.3755092051444235,10
2691,2016-11-05 21:30:00,2016,Chelsea,5,1.94078,home,-3.05922,-1.1104859999999999,-1.3109441995718694,11
2705,2016-11-20 20:00:00,2016,Chelsea,1,1.68738,away,0.6873800000000001,-0.9713199999999999,-0.9914349697327973,12
2712,2016-11-26 21:30:00,2016,Chelsea,2,1.24948,home,-0.7505200000000001,-1.1445699999999999,-1.38919716789628,13
3105,2016-12-03 16:30:00,2016,Chelsea,3,1.2848,away,-1.7152,-1.137994,-1.3740994235088455,14
3121,2016-12-11 16:00:00,2016,Chelsea,1,0.551109,home,-0.44889100000000004,-1.0572902,-1.188812722855766,15
3128,2016-12-14 23:45:00,2016,Chelsea,1,1.22459,away,0.22459000000000007,-0.4005282,0.31903776366801606,16
3135,2016-12-17 16:30:00,2016,Chelsea,1,0.81444,away,-0.18555999999999995,-0.5751162,-0.08179632956699752,17
3151,2016-12-26 19:00:00,2016,Chelsea,3,1.71303,home,-1.28697,-0.6824062,-0.3281219067153961,18
3158,2016-12-31 19:00:00,2016,Chelsea,4,1.94737,home,-2.0526299999999997,-0.7498921999999999,-0.48306204931430385,19
3339,2017-01-05 00:00:00,2016,Chelsea,0,0.912754,away,0.912754,-0.4775631999999999,0.1421742084846172,20
3347,2017-01-14 21:30:00,2016,Chelsea,3,0.738826,away,-2.261174,-0.9747159999999999,-0.9992317975825129,21
3359,2017-01-22 19:30:00,2016,Chelsea,2,1.47165,home,-0.5283500000000001,-1.0432739999999998,-1.1566331296557713,22
3366,2017-01-31 23:00:00,2016,Chelsea,1,1.0666,away,0.06659999999999999,-0.77256,-0.5351047272683024,23
3370,2017-02-04 12:30:00,2016,Chelsea,3,1.95451,home,-1.04549,-0.5711320000000001,-0.07264906174637471,24
3387,2017-02-12 13:30:00,2016,Chelsea,1,0.800222,away,-0.199778,-0.7936384000000001,-0.5834983244848633,25
3391,2017-02-25 15:00:00,2016,Chelsea,3,1.22573,home,-1.77427,-0.6962576,-0.3599231379514232,26
3409,2017-03-06 20:00:00,2016,Chelsea,2,2.01134,away,0.011340000000000128,-0.5883195999999999,-0.1121098268670363,27
3424,2017-03-18 15:00:00,2016,Chelsea,2,1.95538,away,-0.044620000000000104,-0.6105636000000001,-0.16317950845981302,28
3432,2017-04-01 15:00:00,2016,Chelsea,1,3.16805,home,2.16805,0.03214439999999996,1.3124046003843755,29
3448,2017-04-05 20:00:00,2016,Chelsea,2,1.36933,home,-0.6306700000000001,-0.054034000000000006,1.1145488438579,30
3450,2017-04-08 17:30:00,2016,Chelsea,3,1.52126,away,-1.47874,0.00507200000000001,1.250249464259925,31
3460,2017-04-16 16:00:00,2016,Chelsea,0,0.132913,away,0.132913,0.029386599999999985,1.3060730067907522,32
3473,2017-04-25 19:45:00,2016,Chelsea,4,1.4438,home,-2.5562,-0.47292940000000006,0.15281288365835394,33
3481,2017-04-30 14:05:00,2016,Chelsea,3,1.81945,away,-1.18055,-1.1426494000000003,-1.384787689813783,34
3493,2017-05-08 20:00:00,2016,Chelsea,3,2.28046,home,-0.7195399999999998,-1.1604234,-1.4255947623110854,35
3508,2017-05-12 20:00:00,2016,Chelsea,1,1.76954,away,0.7695399999999999,-0.7107674,-0.3932359803347566,36
3414,2017-05-15 20:00:00,2016,Chelsea,4,2.65315,home,-1.3468499999999999,-1.00672,-1.0727093236432583,37
3512,2017-05-21 15:00:00,2016,Chelsea,5,2.73947,home,-2.26053,-0.947586,-0.9369444184415303,38
7123,2017-08-12 15:00:00,2017,Chelsea,2,1.35651,home,-0.6434899999999999,-0.840174,-1.3178649170096743,1
7137,2017-08-20 16:00:00,2017,Chelsea,2,0.834423,away,-1.1655769999999999,-0.9293814000000001,-1.4951767390399875,2
7140,2017-08-27 13:30:00,2017,Chelsea,2,1.16991,home,-0.83009,-1.2493073999999997,-2.131073110583938,3
7151,2017-09-09 15:00:00,2017,Chelsea,2,1.03943,away,-0.9605699999999999,-1.1720514000000002,-1.9775163190759042,4
7167,2017-09-17 13:30:00,2017,Chelsea,0,0.762129,home,0.762129,-0.5675196,-0.775927270036646,5
7170,2017-09-23 15:00:00,2017,Chelsea,4,1.59815,away,-2.40185,-0.9191915999999999,-1.474923127746255,6
7185,2017-09-30 17:30:00,2017,Chelsea,0,0.911532,home,0.911532,-0.5037698,-0.6492158851956121,7
7191,2017-10-14 15:00:00,2017,Chelsea,1,0.651919,away,-0.348081,-0.40736800000000006,-0.4576042161524408,8
7199,2017-10-21 19:30:00,2017,Chelsea,4,1.78315,home,-2.21685,-0.658624,-0.9570096371830759,9
7210,2017-10-28 17:30:00,2017,Chelsea,1,1.78362,away,0.78362,-0.6543258,-0.9484663809795468,10
7219,2017-11-05 16:30:00,2017,Chelsea,1,1.8417,home,0.8416999999999999,-0.005615799999999993,0.3409328400411785,11
7229,2017-11-18 15:00:00,2017,Chelsea,4,1.71709,away,-2.28291,-0.6445042000000001,-0.9289446171880575,12
7244,2017-11-25 17:30:00,2017,Chelsea,1,0.739983,away,-0.26001700000000005,-0.6268914000000001,-0.893936785337163,13
7255,2017-11-29 19:45:00,2017,Chelsea,1,2.30012,home,1.3001200000000002,0.07650259999999998,0.5041543118721482,14
7259,2017-12-02 12:30:00,2017,Chelsea,3,3.07794,home,0.0779399999999999,-0.06463340000000004,0.22362734534167825,15
7269,2017-12-09 12:30:00,2017,Chelsea,0,1.18891,away,1.18891,0.004808599999999963,0.3616527506940256,16
7280,2017-12-12 20:00:00,2017,Chelsea,3,1.8707,away,-1.1293,0.2355306,0.8202440581693903,17
7292,2017-12-16 15:00:00,2017,Chelsea,1,1.29018,home,0.2901800000000001,0.34557000000000004,1.0389623092239264,18
7303,2017-12-23 12:30:00,2017,Chelsea,0,1.84971,away,1.84971,0.45548800000000006,1.2574392612921172,19
7310,2017-12-26 15:00:00,2017,Chelsea,2,2.16934,home,0.16934000000000005,0.4737680000000001,1.293773243750009,20
7320,2017-12-30 15:00:00,2017,Chelsea,5,3.09527,home,-1.9047299999999998,-0.1449599999999999,0.0639673193404709,21
7330,2018-01-03 19:45:00,2017,Chelsea,2,3.0768,away,1.0768,0.2962600000000001,0.9409519878345044,22
7340,2018-01-13 15:00:00,2017,Chelsea,0,0.622946,home,0.622946,0.36281320000000006,1.0732355108824558,23
7350,2018-01-20 12:30:00,2017,Chelsea,4,1.52008,away,-2.47992,-0.5031127999999999,-0.6479100084737939,24
7362,2018-01-31 19:45:00,2017,Chelsea,0,1.14795,home,1.14795,-0.3073907999999999,-0.2588859540633201,25
7377,2018-02-05 20:00:00,2017,Chelsea,1,0.573557,away,-0.426443,-0.011733399999999939,0.3287732792597564,26
7379,2018-02-12 20:00:00,2017,Chelsea,3,2.37995,home,-0.62005,-0.35110339999999995,-0.34577068281544454,27
7393,2018-02-25 14:05:00,2017,Chelsea,1,1.68958,away,0.6895800000000001,-0.3377766,-0.3192818580112963,28
7404,2018-03-04 16:00:00,2017,Chelsea,0,0.118301,away,0.118301,0.1818676,0.7135815581344976,29
7411,2018-03-10 17:30:00,2017,Chelsea,2,3.87829,home,1.8782899999999998,0.32793559999999994,1.0039115444397115,30
7431,2018-04-01 16:00:00,2017,Chelsea,1,1.209,home,0.20900000000000007,0.4550242,1.2565173958072173,31
7442,2018-04-08 15:30:00,2017,Chelsea,1,2.12073,home,1.12073,0.8031801999999999,1.9485247260375076,32
7455,2018-04-14 11:30:00,2017,Chelsea,3,0.663817,away,-2.336183,0.19802759999999991,0.7457017526924585,33
7420,2018-04-19 18:45:00,2017,Chelsea,2,1.7717,away,-0.22829999999999995,0.12870739999999994,0.6079184413807771,34
7476,2018-04-28 16:30:00,2017,Chelsea,1,1.45426,away,0.4542600000000001,-0.15609859999999998,0.041827839197939476,35
7485,2018-05-06 16:30:00,2017,Chelsea,1,0.806168,home,-0.193832,-0.236665,-0.11830882186855278,36
7460,2018-05-09 19:45:00,2017,Chelsea,1,2.25256,home,1.25256,-0.210299,-0.06590281631686958,37
7497,2018-05-13 15:00:00,2017,Chelsea,0,0.843284,away,0.843284,0.42559440000000004,1.1980216716858136,38
9200,2018-08-11 17:00:00,2018,Chelsea,3,2.31427,away,-0.68573,0.3341084,0.9086630284555468,1
9212,2018-08-18 19:30:00,2018,Chelsea,3,1.71799,home,-1.28201,-0.013145600000000002,-0.14407818360621036,2
9225,2018-08-26 18:00:00,2018,Chelsea,2,1.49669,away,-0.5033099999999999,-0.07504119999999999,-0.33172195146860983,3
9231,2018-09-01 14:00:00,2018,Chelsea,2,1.16408,home,-0.83592,-0.4927372,-1.59801634494816,4
9241,2018-09-15 14:00:00,2018,Chelsea,4,2.67145,home,-1.32855,-0.9271039999999999,-2.9148502230644286,5
9255,2018-09-23 12:30:00,2018,Chelsea,0,1.88344,away,1.88344,-0.41326999999999997,-1.3571022116418363,6
9264,2018-09-29 16:30:00,2018,Chelsea,1,1.77638,home,0.7763800000000001,-0.001591999999999949,-0.10905209069532447,7
9275,2018-10-07 13:15:00,2018,Chelsea,3,3.54699,away,0.5469900000000001,0.20846800000000004,0.52776942613585,8
9277,2018-10-20 11:30:00,2018,Chelsea,2,2.21163,home,0.21162999999999998,0.41797800000000007,1.162923553486604,9
9295,2018-10-28 12:30:00,2018,Chelsea,4,3.01621,away,-0.9837899999999999,0.4869300000000001,1.371959625221076,10
9305,2018-11-04 16:00:00,2018,Chelsea,3,1.88741,home,-1.11259,-0.11227599999999996,-0.4446036129696353,11
9314,2018-11-11 14:15:00,2018,Chelsea,0,1.16298,home,1.16298,-0.03495599999999999,-0.21019896819487383,12
9323,2018-11-24 17:30:00,2018,Chelsea,1,0.962804,away,-0.03719600000000001,-0.15179320000000002,-0.5644046376526827,13
9334,2018-12-02 12:00:00,2018,Chelsea,2,2.17105,home,0.17105000000000015,-0.15990919999999997,-0.589009243149216,14
9339,2018-12-05 19:45:00,2018,Chelsea,1,1.10702,away,0.10701999999999989,0.058252799999999993,0.07237443653717213,15
9352,2018-12-08 17:30:00,2018,Chelsea,2,0.526329,home,-1.473671,-0.013963400000000004,-0.14655744018273392,16
9366,2018-12-16 13:30:00,2018,Chelsea,2,1.6111,away,-0.3889,-0.3243394,-1.0874986717736728,17
9373,2018-12-22 15:00:00,2018,Chelsea,0,2.40458,home,2.40458,0.16401580000000004,0.3930073703875746,18
9377,2018-12-26 19:30:00,2018,Chelsea,2,2.1956,away,0.19560000000000022,0.16892580000000007,0.4078926110218747,19
9394,2018-12-30 12:00:00,2018,Chelsea,1,0.741471,away,-0.258529,0.09581600000000008,0.18625168113887083,20
9403,2019-01-02 19:45:00,2018,Chelsea,0,0.850791,home,0.850791,0.5607084,1.5956274943888233,21
9413,2019-01-12 17:30:00,2018,Chelsea,2,1.32355,home,-0.67645,0.5031984,1.4212791870815742,22
9426,2019-01-19 17:30:00,2018,Chelsea,0,0.755304,away,0.755304,0.17334320000000003,0.4212844770051652,23
9430,2019-01-30 19:45:00,2018,Chelsea,0,0.718873,away,0.718873,0.27799779999999996,0.7385571663099343,24
9443,2019-02-02 15:00:00,2018,Chelsea,5,2.94236,home,-2.05764,-0.08182440000000005,-0.35228601751149885,25
9454,2019-02-10 16:00:00,2018,Chelsea,0,0.901867,away,0.901867,-0.07160920000000001,-0.3213174411107856,26
9474,2019-02-27 20:00:00,2018,Chelsea,2,0.625978,home,-1.374022,-0.21112360000000008,-0.7442717009784008,27
9482,2019-03-03 14:05:00,2018,Chelsea,2,1.53632,away,-0.4636800000000001,-0.4549204000000001,-1.483370282215126,28
9494,2019-03-10 14:05:00,2018,Chelsea,1,1.0471,home,0.04709999999999992,-0.5892750000000001,-1.8906820034626064,29
9503,2019-03-17 16:30:00,2018,Chelsea,0,1.24394,away,1.24394,0.07104099999999995,0.11114336408901636,30
9514,2019-03-31 13:05:00,2018,Chelsea,2,2.07834,away,0.07833999999999985,-0.09366440000000006,-0.3881803655990982,31
9462,2019-04-03 19:45:00,2018,Chelsea,3,3.12416,home,0.12415999999999983,0.2059719999999999,0.5202025095119773,32
9525,2019-04-08 20:00:00,2018,Chelsea,2,2.23287,home,0.23287000000000013,0.345282,0.9425371068163236,33
9531,2019-04-14 16:30:00,2018,Chelsea,0,0.873177,away,0.873177,0.5104974,1.4434069612953737,34
9543,2019-04-22 20:00:00,2018,Chelsea,2,1.28197,home,-0.71803,0.11810339999999997,0.25381854714964414,35
9550,2019-04-28 16:30:00,2018,Chelsea,1,1.6298,away,0.6297999999999999,0.22839539999999997,0.5881816754670006,36
9563,2019-05-05 13:00:00,2018,Chelsea,3,2.96478,home,-0.03521999999999981,0.19651940000000007,0.49154584441629867,37
9572,2019-05-12 14:00:00,2018,Chelsea,0,1.26735,away,1.26735,0.4034154,1.118775324309199,38
11652,2019-08-11 16:30:00,2019,Chelsea,0,1.09534,away,1.09534,0.4478479999999999,0.548023370549261,1
11661,2019-08-18 16:30:00,2019,Chelsea,1,1.22629,home,0.2262900000000001,0.636712,1.0000172919572816,2
11664,2019-08-24 12:30:00,2019,Chelsea,3,1.89428,away,-1.10572,0.28960800000000003,0.16931955127398826,3
11675,2019-08-31 15:00:00,2019,Chelsea,2,2.30579,home,0.30579,0.35781,0.3325422375872603,4
11688,2019-09-14 14:00:00,2019,Chelsea,5,3.06799,away,-1.93201,-0.282062,-1.198815006139405,5
11701,2019-09-22 15:30:00,2019,Chelsea,1,1.23321,home,0.23320999999999992,-0.4544880000000001,-1.6114691058762496,6
11708,2019-09-28 14:00:00,2019,Chelsea,2,4.26443,home,2.26443,-0.046860000000000034,-0.6359238553483108,7
11718,2019-10-06 14:00:00,2019,Chelsea,4,2.15201,away,-1.8479899999999998,-0.19531400000000004,-0.991207581250051,8
11725,2019-10-19 15:00:00,2019,Chelsea,1,2.30068,home,1.3006799999999998,0.003663999999999934,-0.5150085888855713,9
11735,2019-10-26 17:30:00,2019,Chelsea,4,0.988321,away,-3.011679,-0.21226980000000006,-1.0317866144835426,10
11751,2019-11-02 17:30:00,2019,Chelsea,2,2.18313,away,0.1831299999999998,-0.2222858000000001,-1.0557571494548592,11
11754,2019-11-09 12:30:00,2019,Chelsea,2,3.28903,home,1.28903,-0.41736580000000006,-1.522627353349072,12
11769,2019-11-23 17:30:00,2019,Chelsea,1,0.820474,away,-0.17952599999999996,-0.08367300000000008,-0.7240256229101196,13
11774,2019-11-30 15:00:00,2019,Chelsea,0,2.73185,home,2.73185,0.20256099999999994,-0.039003447692485,14
11789,2019-12-04 19:30:00,2019,Chelsea,2,1.9774,home,-0.022599999999999953,0.8003767999999999,1.3917038746223707,15
11796,2019-12-07 12:30:00,2019,Chelsea,1,1.25734,away,0.2573399999999999,0.8152187999999999,1.427224110249795,16
11805,2019-12-14 15:00:00,2019,Chelsea,0,2.02119,home,2.02119,0.9616507999999999,1.777668736539714,17
11820,2019-12-22 16:30:00,2019,Chelsea,2,1.49374,away,-0.5062599999999999,0.896304,1.6212791843568437,18
11825,2019-12-26 15:00:00,2019,Chelsea,0,0.859973,home,0.859973,0.5219286,0.7253148654570202,19
11833,2019-12-29 14:00:00,2019,Chelsea,2,1.49666,away,-0.5033399999999999,0.42578060000000006,0.4952111317886752,20
11845,2020-01-01 12:30:00,2019,Chelsea,1,1.57497,away,0.57497,0.48930660000000004,0.6472431010965681,21
11858,2020-01-11 15:00:00,2019,Chelsea,3,2.87633,home,-0.12367000000000017,0.060334599999999995,-0.3793831297057097,22
11868,2020-01-18 17:30:00,2019,Chelsea,0,2.05436,away,2.05436,0.5724585999999999,0.8462444912657887,23
11881,2020-01-21 20:15:00,2019,Chelsea,2,3.38612,home,1.38612,0.677688,1.0980820524389776,24
11886,2020-02-01 12:30:00,2019,Chelsea,2,0.806995,away,-1.1930049999999999,0.539755,0.7679774397993403,25
11896,2020-02-17 20:00:00,2019,Chelsea,0,0.940204,home,0.940204,0.6128018,0.9427948193862778,26
11906,2020-02-22 12:30:00,2019,Chelsea,2,1.78193,home,-0.21806999999999999,0.5939218,0.8976107438812404,27
11914,2020-02-29 15:00:00,2019,Chelsea,2,1.98271,away,-0.017290000000000028,0.17959180000000002,-0.09397389616125122,28
11925,2020-03-08 14:00:00,2019,Chelsea,4,2.02883,home,-1.9711699999999999,-0.4918661999999999,-1.7009235238340032,29
11933,2020-06-21 15:15:00,2019,Chelsea,2,1.14011,away,-0.85989,-0.4252432,-1.5414797387507342,30
11946,2020-06-25 19:15:00,2019,Chelsea,2,4.206,home,2.2060000000000004,-0.1720839999999999,-0.9356129798738843,31
11962,2020-07-01 19:15:00,2019,Chelsea,2,1.57609,away,-0.42391,-0.2132519999999999,-1.0341372394285129,32
11964,2020-07-04 19:00:00,2019,Chelsea,3,2.78877,home,-0.21123000000000003,-0.25203999999999993,-1.1269656250582483,33
11977,2020-07-07 17:00:00,2019,Chelsea,3,2.65753,away,-0.34247000000000005,0.07370000000000006,-0.34739672913605746,34
11989,2020-07-11 16:30:00,2019,Chelsea,0,1.17509,away,1.17509,0.480696,0.6266360036101445,35
11995,2020-07-14 19:15:00,2019,Chelsea,1,3.05119,home,2.05119,0.44973399999999997,0.5525369916510885,36
12006,2020-07-22 19:15:00,2019,Chelsea,3,2.38205,away,-0.61795,0.410926,0.4596607415345897,37
12021,2020-07-26 15:00:00,2019,Chelsea,2,1.15938,home,-0.8406199999999999,0.285048,0.15840644829183934,38
14095,2020-09-14 19:15:00,2020,Chelsea,3,1.27062,away,-1.72938,0.007665999999999995,-0.371861686940273,1
14102,2020-09-20 15:30:00,2020,Chelsea,0,0.904183,home,0.904183,-0.046515400000000005,-0.47311830684911743,2
14108,2020-09-26 16:30:00,2020,Chelsea,3,2.36046,away,-0.6395400000000002,-0.5846614000000001,-1.4788295837350047,3
14467,2020-10-03 11:30:00,2020,Chelsea,4,2.51433,home,-1.4856699999999998,-0.7582054,-1.8031563609216499,4
14475,2020-10-17 14:00:00,2020,Chelsea,3,1.98708,home,-1.01292,-0.7926654000000001,-1.8675567478082715,5
14491,2020-10-24 16:30:00,2020,Chelsea,0,0.219906,away,0.219906,-0.40280820000000006,-1.1389742025228717,6
14496,2020-10-31 15:00:00,2020,Chelsea,3,1.23077,away,-1.76923,-0.9374908000000002,-2.1382129228230617,7
14507,2020-11-07 17:30:00,2020,Chelsea,4,2.87622,home,-1.12378,-1.0343388,-2.319206790182188,8
14521,2020-11-21 12:30:00,2020,Chelsea,2,1.81923,away,-0.1807700000000001,-0.7733588000000001,-1.831475711549849,9
14529,2020-11-29 16:30:00,2020,Chelsea,0,0.974755,home,0.974755,-0.3758238000000001,-1.0885445507555083,10
14538,2020-12-05 20:00:00,2020,Chelsea,3,4.89472,home,1.8947200000000004,-0.040861000000000036,-0.46255111161952633,11
14546,2020-12-12 20:00:00,2020,Chelsea,0,1.00627,away,1.00627,0.5142390000000001,0.5748445575842885,12
14562,2020-12-15 18:00:00,2020,Chelsea,1,1.56772,away,0.56772,0.8525389999999999,1.2070747051102304,13
14567,2020-12-21 20:00:00,2020,Chelsea,3,2.41157,home,-0.5884299999999998,0.771007,1.0547040625205613,14
14575,2020-12-26 17:30:00,2020,Chelsea,1,2.25414,away,1.25414,0.8268840000000001,1.1591294954301299,15
14586,2020-12-28 17:30:00,2020,Chelsea,1,1.53701,home,0.53701,0.5553419999999999,0.6516596795285944,16
14603,2021-01-03 16:30:00,2020,Chelsea,1,0.691013,home,-0.308987,0.2922906,0.1600574760733607,17
14617,2021-01-16 17:30:00,2020,Chelsea,1,1.37939,away,0.3793899999999999,0.2546246,0.08966557321580187,18
14609,2021-01-19 20:15:00,2020,Chelsea,0,0.615727,away,0.615727,0.4954559999999999,0.539742048388368,19
14630,2021-01-27 18:00:00,2020,Chelsea,0,0.663324,home,0.663324,0.37729279999999993,0.31891338339239583,20
14637,2021-01-31 12:00:00,2020,Chelsea,2,1.4405,home,-0.5595000000000001,0.15799079999999993,-0.09092798761775538,21
14653,2021-02-04 20:00:00,2020,Chelsea,1,2.393,away,1.3929999999999998,0.49838819999999984,0.545221874692168,22
14662,2021-02-07 19:15:00,2020,Chelsea,2,1.64144,away,-0.35856,0.3507981999999999,0.269399091738122,23
14667,2021-02-15 20:00:00,2020,Chelsea,2,2.5428,home,0.5428000000000002,0.3362127999999999,0.2421412448752049,24
14682,2021-02-20 12:30:00,2020,Chelsea,1,1.44849,away,0.44849000000000006,0.29324599999999995,0.16184297025883587,25
14685,2021-02-28 16:30:00,2020,Chelsea,0,1.17294,home,1.17294,0.639734,0.8093752178378152,26
14719,2021-03-04 20:15:00,2020,Chelsea,1,1.22635,away,0.22635000000000005,0.40640400000000004,0.37331769397666215,27
14698,2021-03-08 18:00:00,2020,Chelsea,2,2.57224,home,0.5722399999999999,0.592564,0.7212218153583628,28
14709,2021-03-13 12:30:00,2020,Chelsea,0,0.971054,away,0.971054,0.6782148,0.8812898553220488,29
14727,2021-04-03 11:30:00,2020,Chelsea,2,2.55917,home,0.55917,0.7003508,0.9226586006535129,30
14737,2021-04-10 16:30:00,2020,Chelsea,4,3.85472,away,-0.14528000000000008,0.4367067999999999,0.42994891985443046,31
14747,2021-04-20 19:00:00,2020,Chelsea,0,0.807348,home,0.807348,0.5529063999999999,0.6471079214815527,32
14763,2021-04-24 16:30:00,2020,Chelsea,1,2.52059,away,1.5205899999999999,0.7425763999999999,1.0015716876099756,33
14767,2021-05-01 16:30:00,2020,Chelsea,2,1.8433,home,-0.15670000000000006,0.5170255999999999,0.5800522801060018,34
14781,2021-05-08 16:30:00,2020,Chelsea,2,0.619724,away,-1.3802759999999998,0.12913639999999993,-0.14485237889405614,35
14790,2021-05-12 19:15:00,2020,Chelsea,0,1.56786,home,1.56786,0.4717644,0.49546612830818604,36
14797,2021-05-18 19:15:00,2020,Chelsea,2,2.86149,home,0.8614899999999999,0.48259279999999993,0.5157027257940563,37
14806,2021-05-23 15:00:00,2020,Chelsea,1,3.43414,away,2.43414,0.6653028,0.8571593331084663,38
16379,2021-08-14 14:00:00,2021,Chelsea,3,1.18709,home,-1.81291,0.33406080000000005,0.9406718648209526,1
16394,2021-08-22 15:30:00,2021,Chelsea,2,3.64132,away,1.64132,0.9383800000000001,2.2280653670608057,2
16402,2021-08-28 16:30:00,2021,Chelsea,1,0.573638,away,-0.426362,0.5395355999999999,1.378399016951868,3
16413,2021-09-11 16:30:00,2021,Chelsea,3,1.22153,home,-1.77847,0.011543599999999942,0.2536069037199462,4
16425,2021-09-19 15:30:00,2021,Chelsea,3,2.5869,away,-0.4131,-0.5579044000000002,-0.9594997708048414,5
16426,2021-09-25 11:30:00,2021,Chelsea,0,0.194202,home,0.194202,-0.15648200000000015,-0.10434145477992073,6
16438,2021-10-02 14:00:00,2021,Chelsea,3,3.79243,home,0.79243,-0.32626000000000016,-0.4660229866976188,7
16448,2021-10-16 16:30:00,2021,Chelsea,1,0.248256,away,-0.751744,-0.39133640000000014,-0.6046565672774872,8
16459,2021-10-23 11:30:00,2021,Chelsea,7,3.10509,home,-3.89491,-0.8146244000000001,-1.5063956164026895,9
16471,2021-10-30 14:00:00,2021,Chelsea,3,2.16608,away,-0.83392,-0.8987884000000002,-1.6856919000926913,10
16479,2021-11-06 15:00:00,2021,Chelsea,1,3.00585,home,2.00585,-0.5364588,-0.9138137722603054,11
16488,2021-11-20 12:30:00,2021,Chelsea,3,2.57178,away,-0.42822000000000005,-0.7805888000000001,-1.4338888843894837,12
16500,2021-11-28 16:30:00,2021,Chelsea,1,2.34525,home,1.34525,-0.36119,-0.5404350772504887,13
16509,2021-12-01 19:30:00,2021,Chelsea,2,0.908574,away,-1.091426,0.19950679999999985,0.6540287376451465,14
16524,2021-12-04 12:30:00,2021,Chelsea,2,1.37049,away,-0.62951,0.24038879999999985,0.741120495045159,15
16530,2021-12-11 15:00:00,2021,Chelsea,3,2.74844,home,-0.25156,-0.21109320000000018,-0.22068080661504544,16
16543,2021-12-16 19:45:00,2021,Chelsea,1,3.20239,home,2.20239,0.3150287999999998,0.9001276075234362,17
16555,2021-12-19 14:00:00,2021,Chelsea,0,0.793952,away,0.793952,0.2047691999999998,0.6652393355645686,18
16556,2021-12-26 17:30:00,2021,Chelsea,3,2.8285,away,-0.17149999999999999,0.38875439999999983,1.0571867550546326,19
16568,2021-12-29 19:30:00,2021,Chelsea,1,0.763458,home,-0.23654200000000003,0.46734799999999976,1.2246163021509984,20
16578,2022-01-02 16:30:00,2021,Chelsea,2,1.389,home,-0.611,0.3954599999999998,1.0714718313332277,21
16590,2022-01-15 12:30:00,2021,Chelsea,0,0.613757,away,0.613757,0.07773339999999981,0.3946123830006893,22
16607,2022-01-18 09:45:00,2021,Chelsea,1,0.572994,away,-0.427006,-0.16645820000000017,-0.1255939568633317,23
16598,2022-01-23 16:30:00,2021,Chelsea,2,1.04212,home,-0.9578800000000001,-0.3237342000000002,-0.4606422235049925,24
16629,2022-02-19 15:00:00,2021,Chelsea,1,1.12339,away,0.12339000000000011,-0.25174780000000013,-0.3072881291627326,25
16647,2022-03-05 15:00:00,2021,Chelsea,4,2.2868,away,-1.7132,-0.4721878000000002,-0.7768959517070988,26
16672,2022-03-10 19:30:00,2021,Chelsea,3,2.1308,away,-0.8692000000000002,-0.7687792000000002,-1.408730652938205,27
16659,2022-03-13 14:00:00,2021,Chelsea,1,1.07072,home,0.0707199999999999,-0.6692340000000002,-1.1966674855604904,28
16683,2022-04-02 14:00:00,2021,Chelsea,1,1.29014,home,0.29014000000000006,-0.41963000000000017,-0.6649309997214233,29
16687,2022-04-09 14:00:00,2021,Chelsea,6,4.39683,away,-1.6031700000000004,-0.7649420000000002,-1.4005561876112806,30
16618,2022-04-20 18:45:00,2021,Chelsea,2,0.593801,home,-1.406199,-0.7035418000000002,-1.269754090778634,31
16711,2022-04-24 13:00:00,2021,Chelsea,1,2.34959,home,1.34959,-0.25978380000000023,-0.3244073836626717,32
16742,2022-04-28 18:45:00,2021,Chelsea,1,2.46868,away,1.46868,0.01980819999999981,0.27121314945665503,33
16724,2022-05-01 13:00:00,2021,Chelsea,0,1.21141,away,1.21141,0.2040621999999998,0.6637331990623964,34
16731,2022-05-07 14:00:00,2021,Chelsea,2,1.82098,home,-0.17901999999999996,0.4888921999999999,1.2705123502840976,35
16703,2022-05-11 18:30:00,2021,Chelsea,3,1.46853,away,-1.53147,0.46383799999999986,1.2171388776494074,36
16639,2022-05-19 19:00:00,2021,Chelsea,1,1.61996,home,0.6199600000000001,0.31791199999999986,0.9062697472165951,37
16750,2022-05-22 15:00:00,2021,Chelsea,2,2.59231,home,0.5923099999999999,0.14263799999999988,0.5328799745408503,38
18208,2022-08-06 16:30:00,2022,Chelsea,1,1.92315,away,0.9231499999999999,0.08498599999999983,-0.48029111767257476,1
18220,2022-08-14 15:30:00,2022,Chelsea,2,1.83945,home,-0.16054999999999997,0.08867999999999983,-0.47309962246050297,2
18228,2022-08-21 13:00:00,2022,Chelsea,0,0.692492,away,0.692492,0.5334723999999998,0.3928241498637916,3
18235,2022-08-27 14:00:00,2022,Chelsea,2,1.74916,home,-0.25083999999999995,0.35931239999999975,0.053768706947052894,4
18244,2022-08-30 18:45:00,2022,Chelsea,1,1.5047,away,0.5046999999999999,0.3417903999999998,0.019656801395909883,5
18260,2022-09-03 14:00:00,2022,Chelsea,2,0.707333,home,-1.292667,-0.10137300000000012,-0.8430956266672949,6
18284,2022-10-01 14:00:00,2022,Chelsea,2,1.25506,away,-0.7449399999999999,-0.2182510000000001,-1.0706342236885544,7
18295,2022-10-08 14:00:00,2022,Chelsea,3,2.43092,home,-0.56908,-0.4705654000000001,-1.5618409912946127,8
18302,2022-10-16 13:00:00,2022,Chelsea,2,1.23643,away,-0.7635700000000001,-0.5731114000000002,-1.7614779885921545,9
18314,2022-10-19 18:30:00,2022,Chelsea,0,0.557405,away,0.557405,-0.5625704,-1.7409567241009662,10
18323,2022-10-22 15:30:00,2022,Chelsea,1,1.20238,home,0.20238,-0.26356100000000016,-1.1588439280900096,11
18335,2022-10-29 14:00:00,2022,Chelsea,1,1.07554,away,0.07553999999999994,-0.09946500000000016,-0.8393811239968474,12
18343,2022-11-06 12:00:00,2022,Chelsea,0,0.278815,home,0.278815,0.07011399999999984,-0.5092439917369852,13
18357,2022-11-12 17:30:00,2022,Chelsea,0,0.359105,away,0.359105,0.2946489999999998,-0.07211828046396114,14
18365,2022-12-27 17:30:00,2022,Chelsea,2,1.91378,home,-0.08621999999999996,0.16592399999999985,-0.3227206684374175,15
18378,2023-01-01 16:30:00,2022,Chelsea,1,1.37305,away,0.3730500000000001,0.20005799999999985,-0.2562684492796318,16
18385,2023-01-05 20:00:00,2022,Chelsea,0,0.493576,home,0.493576,0.2836651999999999,-0.09350158991451724,17
18262,2023-01-12 19:00:00,2022,Chelsea,1,2.39911,away,1.3991099999999999,0.5077241999999998,0.34269744249522954,18
18395,2023-01-15 14:00:00,2022,Chelsea,1,2.12987,home,1.12987,0.6618771999999998,0.6428031710893038,19
18408,2023-01-21 12:30:00,2022,Chelsea,0,1.84467,away,1.84467,1.0480551999999999,1.394616175422677,20
18415,2023-02-03 20:00:00,2022,Chelsea,0,1.41471,home,1.41471,1.2563871999999998,1.8001978160619165,21
18431,2023-02-11 12:30:00,2022,Chelsea,1,0.900465,away,-0.09953500000000004,1.1377649999999997,1.5692636029202194,22
18435,2023-02-18 15:00:00,2022,Chelsea,0,1.61723,home,1.61723,1.1813889999999998,1.6541909952135119,23
18450,2023-02-26 13:30:00,2022,Chelsea,0,0.262281,away,0.262281,1.0078711999999999,1.3163857900404639,24
18456,2023-03-04 15:00:00,2022,Chelsea,1,1.8678,home,0.8677999999999999,0.8124971999999998,0.9360308399691796,25
18467,2023-03-11 15:00:00,2022,Chelsea,3,1.49478,away,-1.50522,0.22851119999999975,-0.20087563618593343,26
18476,2023-03-18 17:30:00,2022,Chelsea,2,1.90027,home,-0.0997300000000001,0.22847219999999976,-0.20095156155498345,27
18485,2023-04-01 16:30:00,2022,Chelsea,0,2.38024,home,2.38024,0.38107419999999986,0.09613467351610157,28
18281,2023-04-04 19:00:00,2022,Chelsea,0,2.18903,home,2.18903,0.7664239999999998,0.8463353344995453,29
18501,2023-04-08 14:00:00,2022,Chelsea,0,0.815308,away,0.815308,0.7559255999999998,0.8258970038730118,30
18503,2023-04-15 14:00:00,2022,Chelsea,1,0.46331,home,-0.53669,0.9496315999999997,1.2030046843141562,31
18529,2023-04-26 18:45:00,2022,Chelsea,0,1.21124,home,1.21124,1.2118255999999998,1.7134451000244881,32
18532,2023-05-02 19:00:00,2022,Chelsea,1,0.785202,away,-0.21479800000000004,0.6928179999999997,0.7030388546457932,33
18542,2023-05-06 14:00:00,2022,Chelsea,3,1.76852,away,-1.23148,0.008715999999999858,-0.628773884273744,34
18555,2023-05-13 14:00:00,2022,Chelsea,2,0.999181,home,-1.000819,-0.35450940000000014,-1.3359026674364076,35
18566,2023-05-21 15:00:00,2022,Chelsea,0,1.15648,away,1.15648,-0.01587540000000014,-0.6766485283880221,36
18520,2023-05-25 19:00:00,2022,Chelsea,1,1.68364,away,0.68364,-0.12139540000000015,-0.8820753217767122,37
18575,2023-05-28 15:30:00,2022,Chelsea,1,2.01924,home,1.01924,0.12541219999999983,-0.4015892162805177,38
22283,2023-08-13 15:30:00,2023,Chelsea,1,1.93258,home,0.93258,0.5582241999999998,0.7494536204534226,1
22293,2023-08-20 15:30:00,2023,Chelsea,1,1.60916,away,0.6091599999999999,0.8802199999999998,1.366745811640937,2
22295,2023-08-25 19:00:00,2023,Chelsea,3,3.41419,home,0.41419000000000006,0.7317619999999998,1.0821397263462964,3
21930,2023-09-02 14:00:00,2023,Chelsea,0,2.28442,home,2.28442,1.051918,1.6959048709905125,4
21942,2023-09-17 13:00:00,2023,Chelsea,0,1.39677,away,1.39677,1.127424,1.8406560267130545,5
21947,2023-09-24 13:00:00,2023,Chelsea,0,1.19716,home,1.19716,1.18034,1.9421003113555204,6
21964,2023-10-02 19:00:00,2023,Chelsea,2,1.98461,away,-0.015390000000000015,1.0554299999999999,1.7026376612177467,7
21967,2023-10-07 14:00:00,2023,Chelsea,4,1.97566,away,-2.02434,0.5677239999999998,0.7676655112850518,8
21978,2023-10-21 16:30:00,2023,Chelsea,2,1.71838,home,-0.28162,0.05451599999999979,-0.2161960510550845,9
21989,2023-10-28 11:30:00,2023,Chelsea,0,1.71801,home,1.71801,0.11876399999999979,-0.0930273988570886,10
22004,2023-11-06 20:00:00,2023,Chelsea,4,4.05865,away,0.05865000000000009,-0.1089380000000002,-0.5295506905204564,11
22009,2023-11-12 16:30:00,2023,Chelsea,4,3.47238,home,-0.5276200000000002,-0.21138400000000024,-0.7259480218471264,12
22021,2023-11-25 15:00:00,2023,Chelsea,1,0.968061,away,-0.03193900000000005,0.18709619999999977,0.03797099760231702,13
22029,2023-12-03 14:00:00,2023,Chelsea,3,1.66304,home,-1.33696,-0.023971800000000255,-0.36666356039367665,14
22044,2023-12-06 20:15:00,2023,Chelsea,1,2.3512,away,1.3512,-0.09733380000000028,-0.507304493380686,15
22048,2023-12-10 14:00:00,2023,Chelsea,0,0.885512,away,0.885512,0.0680385999999997,-0.19027212476613217,16
22059,2023-12-16 15:00:00,2023,Chelsea,2,3.27322,home,1.2732199999999998,0.42820659999999966,0.5001992848473621,17
22073,2023-12-24 13:00:00,2023,Chelsea,1,1.75447,away,0.75447,0.5854883999999997,0.8017213138797794,18
22080,2023-12-27 19:30:00,2023,Chelsea,2,2.73005,home,0.7300499999999999,0.9988903999999998,1.5942466400526707,19
22089,2023-12-30 12:30:00,2023,Chelsea,3,1.57463,away,-1.42537,0.44357639999999965,0.5296644440827118,20
22097,2024-01-13 12:30:00,2023,Chelsea,1,2.0456,home,1.0455999999999999,0.47559399999999963,0.591044792710133,21
22113,2024-01-31 20:15:00,2023,Chelsea,1,0.477972,away,-0.5220279999999999,0.11654439999999969,-0.09728255295400498,22
22120,2024-02-04 14:00:00,2023,Chelsea,2,2.35967,home,0.35966999999999993,0.03758439999999967,-0.2486553081767941,23
22126,2024-02-12 20:00:00,2023,Chelsea,3,1.26948,away,-1.73052,-0.4545296000000003,-1.1920779533605281,24
22140,2024-02-17 17:30:00,2023,Chelsea,1,1.82903,away,0.8290299999999999,-0.0036496000000003194,-0.3277042467388063,25
22155,2024-03-02 15:00:00,2023,Chelsea,2,2.1523,away,0.15229999999999988,-0.18230960000000032,-0.6702100274898638,26
22169,2024-03-11 20:00:00,2023,Chelsea,3,1.78315,home,-1.21685,-0.32127400000000034,-0.936616107858174,27
22188,2024-03-30 15:00:00,2023,Chelsea,2,4.46643,home,2.46643,0.10007799999999967,-0.12884998376201584,28
22201,2024-04-04 19:15:00,2023,Chelsea,4,3.48048,home,-0.51952,0.3422779999999997,0.33546715548519196,29
22212,2024-04-07 16:30:00,2023,Chelsea,2,0.521789,away,-1.478211,-0.1191702000000003,-0.5491666518425263,30
22219,2024-04-15 19:00:00,2023,Chelsea,6,3.37093,home,-2.62907,-0.6754442000000003,-1.6155892460522754,31
22175,2024-04-23 19:00:00,2023,Chelsea,0,1.60343,away,1.60343,-0.1113882000000003,-0.5342479236112225,32
22236,2024-04-27 19:00:00,2023,Chelsea,2,1.56401,away,-0.4359900000000001,-0.6918722000000003,-1.6470830609306946,33
22149,2024-05-02 18:30:00,2023,Chelsea,2,2.22432,home,0.22432000000000007,-0.5431042000000004,-1.3618826803711217,34
22249,2024-05-05 13:00:00,2023,Chelsea,5,4.21838,home,-0.7816200000000002,-0.40378600000000037,-1.094798336568189,35
22261,2024-05-11 16:30:00,2023,Chelsea,3,2.41068,away,-0.5893199999999998,0.004163999999999701,-0.31272493873210944,36
22226,2024-05-15 18:45:00,2023,Chelsea,2,1.544,away,-0.45599999999999996,-0.40772200000000025,-1.1023439693513306,37
22269,2024-05-19 15:00:00,2023,Chelsea,2,1.59771,home,-0.40229000000000004,-0.4009820000000003,-1.0894228400427999,38
26610,2024-08-18 15:30:00,2024,Chelsea,0,1.06123,home,1.06123,-0.2336000000000003,-1.1205448043485922,1
26619,2024-08-25 13:00:00,2024,Chelsea,6,2.02935,away,-3.97065,-0.8714060000000003,-2.794939502933722,2
26630,2024-09-01 12:30:00,2024,Chelsea,1,2.97743,home,1.97743,-0.35805600000000026,-1.447271844556917,3
26639,2024-09-14 19:00:00,2024,Chelsea,1,0.932726,away,-0.06727399999999994,-0.28031080000000025,-1.2431719290333243,4
26642,2024-09-21 11:30:00,2024,Chelsea,3,2.39727,away,-0.6027300000000002,-0.3203988000000003,-1.348412605158793,5
26657,2024-09-28 14:00:00,2024,Chelsea,4,3.65839,home,-0.3416100000000002,-0.6009668000000004,-2.084971326451212,6
26668,2024-10-06 13:00:00,2024,Chelsea,1,2.27752,home,1.27752,0.4486671999999997,0.6705712759305531,7
26679,2024-10-20 15:30:00,2024,Chelsea,1,1.33904,away,0.33904,0.12098919999999969,-0.18966256640234788,8
26688,2024-10-27 14:00:00,2024,Chelsea,2,1.61794,home,-0.38206000000000007,0.05803199999999966,-0.3549404125150589,9
26697,2024-11-03 16:30:00,2024,Chelsea,1,1.21071,away,0.21070999999999995,0.22071999999999967,0.07215485583208364,10
26705,2024-11-10 16:30:00,2024,Chelsea,1,1.24067,home,0.24066999999999994,0.33717599999999975,0.3778799650634644,11
26719,2024-11-23 12:30:00,2024,Chelsea,2,2.81658,away,0.8165800000000001,0.24498799999999976,0.13586421345064492,12
26724,2024-12-01 13:30:00,2024,Chelsea,3,1.94939,home,-1.05061,-0.03294200000000029,-0.593769121102127,13
26741,2024-12-04 19:30:00,2024,Chelsea,5,5.8331,away,0.8331,0.21008999999999972,0.04424854004646884,14
26745,2024-12-08 16:30:00,2024,Chelsea,4,2.57326,away,-1.4267400000000001,-0.11740000000000031,-0.8154917569084739,15
26757,2024-12-15 19:00:00,2024,Chelsea,2,2.59146,home,0.5914600000000001,-0.04724200000000027,-0.6313100727234152,16
26764,2024-12-22 14:00:00,2024,Chelsea,0,1.51591,away,1.51591,0.09262399999999973,-0.26412806297075087,17
26775,2024-12-26 15:00:00,2024,Chelsea,1,1.55626,home,0.55626,0.41399799999999976,0.5795562577523178,18
26787,2024-12-30 19:45:00,2024,Chelsea,0,1.60622,away,1.60622,0.5686219999999997,0.9854815796747003,19
26795,2025-01-04 15:00:00,2024,Chelsea,1,1.51541,away,0.5154099999999999,0.9570519999999997,2.0052040858465174,20
26809,2025-01-14 19:30:00,2024,Chelsea,2,2.53808,home,0.5380799999999999,0.9463759999999997,1.977177008957785,21
26814,2025-01-20 20:00:00,2024,Chelsea,3,3.14882,home,0.14882000000000017,0.6729579999999997,1.25938876347601,22
26828,2025-01-25 17:30:00,2024,Chelsea,1,1.49843,away,0.49842999999999993,0.6613919999999996,1.2290252217660922,23
26835,2025-02-03 20:00:00,2024,Chelsea,2,1.39066,home,-0.60934,0.21827999999999972,0.06574926688411574,24
26843,2025-02-14 20:00:00,2024,Chelsea,0,0.649788,away,0.649788,0.24515559999999975,0.13630420390461187,25
26854,2025-02-22 17:30:00,2024,Chelsea,1,2.17418,away,1.1741799999999998,0.3723755999999997,0.470287411265471,26
26869,2025-02-25 20:15:00,2024,Chelsea,4,2.98234,home,-1.0176599999999998,0.13907959999999972,-0.14217089988418327,27
26874,2025-03-09 14:00:00,2024,Chelsea,1,1.76844,home,0.76844,0.19308159999999974,-0.0004026153070638793,28
26883,2025-03-16 13:30:00,2024,Chelsea,0,0.286036,away,0.286036,0.37215679999999973,0.4697130084532517,29
26897,2025-04-03 19:00:00,2024,Chelsea,1,1.30443,home,0.30443,0.3030851999999997,0.288383386494862,30
26903,2025-04-06 13:00:00,2024,Chelsea,0,1.47829,away,1.47829,0.36390719999999976,0.4480558172298266,31
26915,2025-04-13 13:00:00,2024,Chelsea,2,2.90758,home,0.9075799999999998,0.7489551999999997,1.4588997570811404,32
26926,2025-04-20 13:00:00,2024,Chelsea,2,0.75172,away,-1.2482799999999998,0.34561119999999973,0.40002440108555454,33
26935,2025-04-26 11:30:00,2024,Chelsea,1,0.768313,home,-0.23168699999999998,0.24206659999999974,0.12819483330613918,34
26948,2025-05-04 15:30:00,2024,Chelsea,3,3.51944,home,0.5194399999999999,0.28506859999999973,0.24108546278995985,35
26957,2025-05-11 11:00:00,2024,Chelsea,0,0.646426,away,0.646426,0.11869579999999971,-0.19568329496516337,36
26966,2025-05-16 19:15:00,2024,Chelsea,1,1.29571,home,0.2957099999999999,-0.0036782000000002758,-0.5169445826367385,37
26972,2025-05-25 15:00:00,2024,Chelsea,1,1.30874,away,0.30874,0.3077257999999997,0.3005660816063131,38
85,2015-08-08 18:00:00,2015,Crystal Palace,3,2.10975,away,-0.89025,,,1
98,2015-08-16 16:30:00,2015,Crystal Palace,1,0.964134,home,-0.035865999999999953,,,2
104,2015-08-22 18:00:00,2015,Crystal Palace,2,1.23807,home,-0.76193,-0.562682,-1.6866387595677474,3
115,2015-08-29 18:00:00,2015,Crystal Palace,2,2.19283,away,0.19282999999999983,-0.373804,-1.200527890418621,4
123,2015-09-12 18:00:00,2015,Crystal Palace,0,0.743193,home,0.743193,-0.15040460000000003,-0.6255701054918776,5
138,2015-09-20 16:30:00,2015,Crystal Palace,0,0.538439,away,0.538439,0.1353332,0.10982655429252976,6
149,2015-09-27 19:00:00,2015,Crystal Palace,1,2.33566,away,1.3356599999999998,0.40963839999999996,0.8157994001725422,7
151,2015-10-03 15:45:00,2015,Crystal Palace,2,1.99083,home,-0.0091699999999999,0.5601904,1.2032715439486268,8
165,2015-10-17 18:00:00,2015,Crystal Palace,1,1.08391,home,0.08390999999999993,0.5384064000000001,1.1472065751669553,9
172,2015-10-24 18:00:00,2015,Crystal Palace,0,0.240008,away,0.240008,0.4377694,0.8881994936722302,10
182,2015-10-31 19:00:00,2015,Crystal Palace,0,0.939118,home,0.939118,0.5179052000000001,1.094443118593929,11
200,2015-11-08 20:00:00,2015,Crystal Palace,2,0.849281,away,-1.150719,0.020629400000000065,-0.18538391973148335,12
210,2015-11-24 00:00:00,2015,Crystal Palace,0,0.696183,home,0.696183,0.16170000000000004,0.17768616771855722,13
214,2015-11-28 19:00:00,2015,Crystal Palace,5,1.67836,home,-3.32164,-0.5194099999999999,-1.5752706302471222,14
230,2015-12-08 00:00:00,2015,Crystal Palace,1,1.1905,away,0.1904999999999999,-0.5293116,-1.6007541454366467,15
234,2015-12-12 19:00:00,2015,Crystal Palace,1,1.31177,home,0.3117700000000001,-0.6547812000000001,-1.9236723058777425,16
243,2015-12-19 19:00:00,2015,Crystal Palace,2,1.95347,away,-0.04652999999999996,-0.4339434,-1.3553072506623072,17
255,2015-12-26 19:00:00,2015,Crystal Palace,0,0.405181,away,0.405181,-0.4921438,-1.5050962521808897,18
264,2015-12-28 19:00:00,2015,Crystal Palace,0,0.735185,home,0.735185,0.3192212,0.5830947777282639,19
279,2016-01-03 17:30:00,2015,Crystal Palace,0,0.546499,home,0.546499,0.390421,0.7663400294846568,20
282,2016-01-12 23:45:00,2015,Crystal Palace,0,0.547913,away,0.547913,0.43764959999999997,0.887891167228049,21
292,2016-01-16 19:00:00,2015,Crystal Palace,0,0.613339,away,0.613339,0.5696234,1.2275490343322804,22
302,2016-01-23 19:00:00,2015,Crystal Palace,1,0.930792,home,-0.06920800000000005,0.4747456,0.9833642705114171,23
316,2016-02-03 00:00:00,2015,Crystal Palace,1,1.62395,home,0.62395,0.45249860000000003,0.9261076895122505,24
325,2016-02-06 19:00:00,2015,Crystal Palace,1,1.01465,away,0.014650000000000052,0.3461288,0.6523462354031495,25
335,2016-02-13 19:00:00,2015,Crystal Palace,1,0.983946,home,-0.016054000000000013,0.2333354,0.36205251295646385,26
346,2016-02-27 21:30:00,2015,Crystal Palace,2,1.21638,away,-0.78362,-0.0460564,-0.35701159578642283,27
352,2016-03-01 23:45:00,2015,Crystal Palace,2,0.887448,away,-1.112552,-0.2547252,-0.894057581726052,28
367,2016-03-06 17:30:00,2015,Crystal Palace,1,1.43901,home,0.4390099999999999,-0.2917132,-0.9892527279478878,29
375,2016-03-19 19:00:00,2015,Crystal Palace,0,0.784339,home,0.784339,-0.13777540000000002,-0.5930666302927642,30
390,2016-04-02 18:00:00,2015,Crystal Palace,2,1.65593,away,-0.3440700000000001,-0.20337860000000002,-0.7619080441734913,31
399,2016-04-09 18:00:00,2015,Crystal Palace,1,1.45029,home,0.4502900000000001,0.04340339999999998,-0.1267710112190988,32
404,2016-04-13 23:00:00,2015,Crystal Palace,0,1.59025,home,1.59025,0.5839637999999999,1.2644565847507838,33
413,2016-04-17 19:00:00,2015,Crystal Palace,1,0.275806,away,-0.724194,0.351323,0.6657144258569578,34
417,2016-04-20 23:00:00,2015,Crystal Palace,0,0.137416,away,0.137416,0.22193839999999998,0.3327203219353147,35
428,2016-04-30 18:00:00,2015,Crystal Palace,0,1.05079,away,1.05079,0.5009104,1.050704001285319,36
438,2016-05-07 18:00:00,2015,Crystal Palace,2,1.31448,home,-0.6855199999999999,0.27374839999999995,0.46606250117596865,37
455,2016-05-15 18:00:00,2015,Crystal Palace,1,1.24857,away,0.24856999999999996,0.005412399999999984,-0.2245475549660914,38
462,2016-08-13 18:00:00,2016,Crystal Palace,0,0.990062,home,0.990062,0.3482636,1.0011701025920667,1
475,2016-08-20 18:00:00,2016,Crystal Palace,0,0.357943,away,0.357943,0.39236899999999997,1.0981609736735256,2
486,2016-08-27 18:00:00,2016,Crystal Palace,1,2.659,home,1.6589999999999998,0.514011,1.3656602717207227,3
492,2016-09-10 18:00:00,2016,Crystal Palace,2,1.12437,away,-0.8756299999999999,0.47598899999999994,1.2820472243328915,4
508,2016-09-18 17:15:00,2016,Crystal Palace,4,1.31366,home,-2.68634,-0.11099300000000004,-0.008767403561583287,5
514,2016-09-24 18:00:00,2016,Crystal Palace,3,1.7887,away,-1.2113,-0.5512654,-0.9769573211028493,6
521,2016-09-30 23:00:00,2016,Crystal Palace,1,0.47692,away,-0.52308,-0.7274700000000001,-1.364443607193896,7
537,2016-10-15 20:30:00,2016,Crystal Palace,0,1.94599,home,1.94599,-0.670072,-1.2382213754868128,8
544,2016-10-22 18:00:00,2016,Crystal Palace,1,1.656,away,0.6559999999999999,-0.363746,-0.5645889954404011,9
2683,2016-10-29 20:30:00,2016,Crystal Palace,2,0.496044,home,-1.503956,-0.1272692000000001,-0.044559910055029676,10
2688,2016-11-05 19:00:00,2016,Crystal Palace,2,2.05902,away,0.05901999999999985,0.12679479999999987,0.5141446628643815,11
2703,2016-11-19 19:00:00,2016,Crystal Palace,1,0.431559,home,-0.568441,0.11772259999999987,0.49419425813785806,12
2709,2016-11-26 19:00:00,2016,Crystal Palace,4,2.28156,away,-1.7184400000000002,-0.6151634000000001,-1.117473509151548,13
3106,2016-12-03 19:00:00,2016,Crystal Palace,3,2.20073,home,-0.7992699999999999,-0.9062174000000001,-1.7575216890057828,14
3116,2016-12-10 19:00:00,2016,Crystal Palace,3,1.50059,away,-1.49941,-0.9053082000000001,-1.7555222943741218,15
3130,2016-12-15 00:00:00,2016,Crystal Palace,1,0.710324,home,-0.28967600000000004,-0.9750474,-1.9088836913124576,16
3135,2016-12-17 16:30:00,2016,Crystal Palace,0,0.356331,home,0.356331,-0.790093,-1.5021559807294316,17
3145,2016-12-26 16:30:00,2016,Crystal Palace,1,1.53834,away,0.53834,-0.338737,-0.5095924486484842,18
3329,2017-01-01 20:00:00,2016,Crystal Palace,0,0.221469,away,0.221469,-0.13458920000000008,-0.06065710396589493,19
3337,2017-01-04 00:00:00,2016,Crystal Palace,1,0.331276,home,-0.668724,0.03154799999999991,0.3046902627292165,20
3346,2017-01-14 19:00:00,2016,Crystal Palace,0,1.06181,away,1.06181,0.3018451999999999,0.8990927821231988,21
3353,2017-01-21 18:00:00,2016,Crystal Palace,0,0.463733,home,0.463733,0.3233255999999999,0.9463296897848041,22
3361,2017-01-31 22:45:00,2016,Crystal Palace,2,1.60667,away,-0.39332999999999996,0.1369915999999999,0.5365681419450253,23
3371,2017-02-04 15:00:00,2016,Crystal Palace,0,2.45994,home,2.45994,0.5846857999999999,1.5210791187441686,24
3383,2017-02-11 15:00:00,2016,Crystal Palace,0,0.202159,away,0.202159,0.7588623999999999,1.9041056904566314,25
3392,2017-02-25 15:00:00,2016,Crystal Palace,1,0.808522,home,-0.19147800000000004,0.5082047999999999,1.352892030288309,26
3408,2017-03-04 15:00:00,2016,Crystal Palace,2,1.39171,away,-0.60829,0.29380019999999996,0.8814012623126918,27
3428,2017-03-18 15:00:00,2016,Crystal Palace,1,0.376326,home,-0.6236740000000001,0.24773139999999993,0.7800927367879823,28
3432,2017-04-01 15:00:00,2016,Crystal Palace,2,1.57423,away,-0.42577,-0.32941060000000005,-0.48908304027549326,29
3447,2017-04-05 19:45:00,2016,Crystal Palace,1,1.73055,away,0.73055,-0.22373240000000005,-0.2566892591892625,30
3459,2017-04-10 20:00:00,2016,Crystal Palace,3,2.15968,home,-0.8403200000000002,-0.35350080000000006,-0.5420590813617676,31
3468,2017-04-15 15:00:00,2016,Crystal Palace,2,1.67894,home,-0.3210599999999999,-0.29605480000000006,-0.4157312942847772,32
3476,2017-04-23 16:30:00,2016,Crystal Palace,2,1.21741,away,-0.7825899999999999,-0.327838,-0.48562478246890484,33
3415,2017-04-26 20:00:00,2016,Crystal Palace,0,0.321722,home,0.321722,-0.17833960000000001,-0.15686730512408098,34
3480,2017-04-29 17:30:00,2016,Crystal Palace,0,0.633469,home,0.633469,-0.19775580000000006,-0.19956489206563074,35
3497,2017-05-06 12:30:00,2016,Crystal Palace,0,0.241571,away,0.241571,0.018622399999999976,0.27626596086934224,36
3501,2017-05-14 12:00:00,2016,Crystal Palace,4,2.73274,home,-1.2672599999999998,-0.1706176,-0.13988608499024185,37
3516,2017-05-21 15:00:00,2016,Crystal Palace,0,0.3016,away,0.3016,0.04622039999999996,0.3369559004256348,38
7124,2017-08-12 15:00:00,2017,Crystal Palace,0,0.988934,home,0.988934,0.17966279999999996,-0.34206816730461514,1
7134,2017-08-19 15:00:00,2017,Crystal Palace,0,0.727364,away,0.727364,0.19844179999999997,-0.2984359715962643,2
7141,2017-08-26 15:00:00,2017,Crystal Palace,0,0.818951,home,0.818951,0.31391779999999997,-0.030132471323751506,3
7156,2017-09-10 13:30:00,2017,Crystal Palace,0,1.72996,away,1.72996,0.9133618,1.3626497814158323,4
7160,2017-09-16 12:30:00,2017,Crystal Palace,0,2.03243,home,2.03243,1.2595277999999999,2.1669515365453362,5
7173,2017-09-23 15:00:00,2017,Crystal Palace,0,0.611018,away,0.611018,1.1839445999999998,1.9913372346835,6
7180,2017-09-30 15:00:00,2017,Crystal Palace,0,0.244321,away,0.244321,1.087336,1.7668713237026297,7
7191,2017-10-14 15:00:00,2017,Crystal Palace,2,1.51873,home,-0.4812700000000001,0.8272917999999999,1.1626698525262344,8
7203,2017-10-21 15:00:00,2017,Crystal Palace,0,0.566845,away,0.566845,0.5946687999999999,0.6221803556273744,9
7213,2017-10-28 15:00:00,2017,Crystal Palace,2,2.91672,home,0.9167200000000002,0.37152679999999993,0.103719552882137,10
7226,2017-11-05 12:00:00,2017,Crystal Palace,0,1.10222,away,1.10222,0.4697671999999999,0.33197688070931974,11
7234,2017-11-18 15:00:00,2017,Crystal Palace,2,2.02983,home,0.029830000000000023,0.42686899999999994,0.2323047651581204,12
7246,2017-11-25 15:00:00,2017,Crystal Palace,2,1.48339,home,-0.51661,0.4198009999999999,0.2158825723221534,13
7250,2017-11-28 19:45:00,2017,Crystal Palace,0,0.584296,away,0.584296,0.4232912,0.22399190133122143,14
7265,2017-12-02 15:00:00,2017,Crystal Palace,0,0.80924,away,0.80924,0.4017951999999999,0.1740468734305498,15
7273,2017-12-09 15:00:00,2017,Crystal Palace,2,4.61208,home,2.6120799999999997,0.7037671999999999,0.8756657776555943,16
7282,2017-12-12 20:00:00,2017,Crystal Palace,2,1.10545,home,-0.89455,0.5188911999999999,0.44611437375884444,17
7294,2017-12-16 12:30:00,2017,Crystal Palace,3,2.25889,away,-0.7411099999999999,0.47399119999999983,0.34179116233624723,18
7299,2017-12-23 15:00:00,2017,Crystal Palace,1,1.25546,away,0.25546,0.40822399999999986,0.18898391266426,19
7311,2017-12-28 20:00:00,2017,Crystal Palace,2,1.14522,home,-0.8547800000000001,0.07541999999999986,-0.5842718123755175,20
7321,2017-12-31 12:00:00,2017,Crystal Palace,0,1.72153,home,1.72153,-0.10269000000000003,-0.9981027073973162,21
7336,2018-01-02 19:45:00,2017,Crystal Palace,2,1.34294,away,-0.65706,-0.05519200000000004,-0.8877431551445206,22
7341,2018-01-13 15:00:00,2017,Crystal Palace,1,1.80971,home,0.8097099999999999,0.2549719999999999,-0.16709049261270764,23
7349,2018-01-20 15:00:00,2017,Crystal Palace,1,0.501202,away,-0.49879799999999996,0.10412039999999993,-0.5175876721280094,24
7360,2018-01-30 19:45:00,2017,Crystal Palace,1,1.15809,away,0.15809000000000006,0.3066943999999999,-0.04691572935025469,25
7373,2018-02-04 14:15:00,2017,Crystal Palace,1,3.00238,home,2.00238,0.3628644,0.08359284048509688,26
7380,2018-02-10 15:00:00,2017,Crystal Palace,1,1.65713,away,0.65713,0.6257024,0.6942855853379384,27
7397,2018-02-25 00:00:00,2017,Crystal Palace,0,0.184958,home,0.184958,0.500752,0.4039687257268453,28
7401,2018-03-05 20:00:00,2017,Crystal Palace,2,0.74138,home,-1.25862,0.3487875999999999,0.050886003457176594,29
7411,2018-03-10 17:30:00,2017,Crystal Palace,1,1.13893,away,0.13893,0.3449555999999999,0.041982516905475206,30
7421,2018-03-17 15:00:00,2017,Crystal Palace,2,2.74705,away,0.7470500000000002,0.09388959999999993,-0.5413584942086844,31
7432,2018-03-31 12:30:00,2017,Crystal Palace,1,1.90868,home,0.9086799999999999,0.14419959999999993,-0.4244653813652354,32
7440,2018-04-07 14:00:00,2017,Crystal Palace,2,1.14558,away,-0.85442,-0.06367600000000007,-0.90745536284406,33
7450,2018-04-14 14:00:00,2017,Crystal Palace,3,2.49925,home,-0.50075,0.08789799999999995,-0.5552797181186985,34
7467,2018-04-21 14:00:00,2017,Crystal Palace,0,0.182325,away,0.182325,0.09657699999999994,-0.5351144363383706,35
7470,2018-04-28 14:00:00,2017,Crystal Palace,5,2.7876,home,-2.2124,-0.49531300000000017,-1.910345296225253,36
7481,2018-05-05 12:30:00,2017,Crystal Palace,2,1.31471,away,-0.68529,-0.8141070000000001,-2.651049391152991,37
7493,2018-05-13 15:00:00,2017,Crystal Palace,2,2.36491,home,0.36491000000000007,-0.570241,-2.084437269175639,38
9201,2018-08-11 17:00:00,2018,Crystal Palace,2,1.07816,away,-0.92184,-0.6544590000000001,-1.6045700163065546,1
9216,2018-08-20 22:00:00,2018,Crystal Palace,0,0.368608,home,0.368608,-0.6172024000000002,-1.5170423772762716,2
9224,2018-08-26 15:30:00,2018,Crystal Palace,1,1.21905,away,0.21904999999999997,-0.13091240000000007,-0.37459203065214636,3
9230,2018-09-01 14:00:00,2018,Crystal Palace,0,2.35193,home,2.35193,0.47653159999999983,1.0524877126178056,4
9240,2018-09-15 14:00:00,2018,Crystal Palace,1,0.746631,away,-0.25336899999999996,0.35287579999999996,0.7619807896457451,5
9251,2018-09-22 14:00:00,2018,Crystal Palace,0,0.930793,home,0.930793,0.7234023999999999,1.6324659787375597,6
9266,2018-10-01 19:00:00,2018,Crystal Palace,1,0.385841,away,-0.614159,0.526849,1.1706993375149348,7
9271,2018-10-06 14:00:00,2018,Crystal Palace,0,1.03714,home,1.03714,0.6904669999999999,1.5550902170599514,8
9285,2018-10-21 15:00:00,2018,Crystal Palace,0,1.50174,away,1.50174,0.520429,1.1556167094014083,9
9294,2018-10-28 12:30:00,2018,Crystal Palace,2,2.38115,home,0.3811499999999999,0.6473328,1.453754220553023,10
9305,2018-11-04 16:00:00,2018,Crystal Palace,1,0.454547,away,-0.545453,0.35208359999999994,0.7601196591174684,11
9312,2018-11-10 17:30:00,2018,Crystal Palace,0,0.688016,home,0.688016,0.6125185999999999,1.371964558299138,12
9319,2018-11-24 15:00:00,2018,Crystal Palace,0,1.05292,away,1.05292,0.6156746,1.3793790091287783,13
9333,2018-12-01 15:00:00,2018,Crystal Palace,2,2.03785,home,0.03785000000000016,0.32289660000000003,0.6915500848574214,14
9337,2018-12-04 19:45:00,2018,Crystal Palace,1,1.5329,away,0.5328999999999999,0.3532466,0.7628519171386573,15
9347,2018-12-08 15:00:00,2018,Crystal Palace,2,0.934613,away,-1.0653869999999999,0.2492598,0.518553749986683,16
9365,2018-12-15 15:00:00,2018,Crystal Palace,1,0.39698,home,-0.60302,-0.008947399999999939,-0.08805733628045129,17
9370,2018-12-22 15:00:00,2018,Crystal Palace,3,1.14609,away,-1.85391,-0.5903134,-1.453871538126019,18
9384,2018-12-26 15:00:00,2018,Crystal Palace,0,2.43202,home,2.43202,-0.1114793999999999,-0.3289377141209678,19
9394,2018-12-30 12:00:00,2018,Crystal Palace,0,0.199002,home,0.199002,-0.17825899999999992,-0.48582429860228643,20
9397,2019-01-02 19:45:00,2018,Crystal Palace,2,1.94658,away,-0.05342000000000002,0.024134400000000045,-0.010337634298197982,21
9412,2019-01-12 15:00:00,2018,Crystal Palace,1,1.1617,home,0.16169999999999995,0.17707840000000002,0.34897661401881486,22
9422,2019-01-19 15:00:00,2018,Crystal Palace,3,0.695213,away,-2.304787,0.08690300000000004,0.13712583159069763,23
9433,2019-01-30 19:45:00,2018,Crystal Palace,1,1.53294,away,0.53294,-0.2929130000000001,-0.7551831216129234,24
9442,2019-02-02 15:00:00,2018,Crystal Palace,2,2.19582,home,0.19581999999999988,-0.2935494000000001,-0.7566782282377597,25
9448,2019-02-09 15:00:00,2018,Crystal Palace,1,2.68412,home,1.68412,0.0539585999999999,0.05972892604190168,26
9460,2019-02-23 17:30:00,2018,Crystal Palace,4,1.57739,away,-2.4226099999999997,-0.46290339999999996,-1.1545448016860764,27
9471,2019-02-27 20:00:00,2018,Crystal Palace,1,1.69334,home,0.6933400000000001,0.13672200000000007,0.2541665558878605,28
9484,2019-03-02 15:00:00,2018,Crystal Palace,3,0.706284,away,-2.293716,-0.4286091999999999,-1.0739767853230067,29
9493,2019-03-09 12:30:00,2018,Crystal Palace,1,1.44291,home,0.4429099999999999,-0.3791911999999999,-0.9578781379531841,30
9513,2019-03-30 15:00:00,2018,Crystal Palace,2,2.84701,home,0.84701,-0.5466131999999999,-1.3512058270533183,31
9500,2019-04-03 19:45:00,2018,Crystal Palace,0,0.564317,away,0.564317,0.050772200000000024,0.05224305591402949,32
9521,2019-04-06 15:00:00,2018,Crystal Palace,1,0.907988,away,-0.09201199999999998,-0.10629819999999998,-0.31676542241040656,33
9534,2019-04-14 14:05:00,2018,Crystal Palace,1,0.318169,home,-0.6818310000000001,0.21607879999999996,0.4406009955575663,34
9546,2019-04-21 16:00:00,2018,Crystal Palace,3,2.56216,away,-0.43784,0.039928799999999987,0.02676845004390244,35
9554,2019-04-27 15:00:00,2018,Crystal Palace,0,0.261344,home,0.261344,-0.07720440000000002,-0.24841480468309787,36
9564,2019-05-04 16:30:00,2018,Crystal Palace,3,1.80991,away,-1.19009,-0.4280858,-1.0727471517475209,37
9574,2019-05-12 14:00:00,2018,Crystal Palace,5,2.85899,home,-2.14101,-0.8378854,-2.0354971467431566,38
11647,2019-08-10 15:00:00,2019,Crystal Palace,0,0.87159,home,0.87159,-0.5272012000000001,-1.7563262516203875,1
11660,2019-08-18 14:00:00,2019,Crystal Palace,0,0.241912,away,0.241912,-0.39125080000000007,-1.3114024313827457,2
11669,2019-08-24 15:00:00,2019,Crystal Palace,2,0.676993,away,-1.323007,-0.708121,-2.3484210786501722,3
11676,2019-08-31 15:00:00,2019,Crystal Palace,1,1.41394,home,0.41394,-0.387315,-1.29852176923176,4
11687,2019-09-14 14:00:00,2019,Crystal Palace,0,0.577323,away,0.577323,0.15635159999999998,0.48073169826528206,5
11697,2019-09-22 13:00:00,2019,Crystal Palace,1,0.984777,home,-0.015222999999999987,-0.021011000000000002,-0.09972150789873623,6
11709,2019-09-28 14:00:00,2019,Crystal Palace,2,1.80497,home,-0.19503000000000004,-0.1083994,-0.3857168471728769,7
11720,2019-10-05 17:30:00,2019,Crystal Palace,2,2.0682,away,0.06820000000000004,0.169842,0.5248816257721808,8
11726,2019-10-19 17:30:00,2019,Crystal Palace,0,0.616864,home,0.616864,0.21042680000000002,0.6577031861322876,9
11733,2019-10-27 16:30:00,2019,Crystal Palace,2,1.77892,away,-0.22107999999999994,0.050746200000000005,0.13511772430327648,10
11747,2019-11-03 14:00:00,2019,Crystal Palace,0,0.44291,home,0.44291,0.14237280000000002,0.43498338786429813,11
11754,2019-11-09 12:30:00,2019,Crystal Palace,0,0.479488,away,0.479488,0.27727640000000003,0.8764813538563858,12
11767,2019-11-23 15:00:00,2019,Crystal Palace,1,1.02306,home,0.02306000000000008,0.26824840000000005,0.8469354882384441,13
11773,2019-11-30 15:00:00,2019,Crystal Palace,2,0.936732,away,-1.0632679999999999,-0.06777799999999992,-0.252775506276481,14
11791,2019-12-03 19:30:00,2019,Crystal Palace,1,0.383763,home,-0.6162369999999999,-0.14680939999999992,-0.5114209564313107,15
11801,2019-12-07 15:00:00,2019,Crystal Palace,0,0.210746,away,0.210746,-0.19324219999999992,-0.6633812210596632,16
11806,2019-12-16 19:45:00,2019,Crystal Palace,1,0.484859,home,-0.5151410000000001,-0.39216799999999996,-1.3144041447129156,17
11818,2019-12-21 15:00:00,2019,Crystal Palace,0,0.985368,away,0.985368,-0.19970639999999995,-0.6845365582913313,18
11826,2019-12-26 15:00:00,2019,Crystal Palace,2,2.14195,home,0.14195000000000002,0.04133720000000003,0.1043249629387203,19
11840,2019-12-28 15:00:00,2019,Crystal Palace,1,0.137837,away,-0.862163,-0.007847999999999989,-0.056643059833941384,20
11850,2020-01-01 17:30:00,2019,Crystal Palace,1,1.29896,away,0.2989599999999999,0.009794799999999992,0.0010963949649312698,21
11859,2020-01-11 12:30:00,2019,Crystal Palace,1,0.317862,home,-0.682138,-0.023604599999999996,-0.10820956251401022,22
11864,2020-01-18 15:00:00,2019,Crystal Palace,2,0.586716,away,-1.413284,-0.5033350000000001,-1.678219523883245,23
11882,2020-01-21 19:30:00,2019,Crystal Palace,0,0.674589,home,0.674589,-0.3968072,-1.3295868185913777,24
11885,2020-02-01 15:00:00,2019,Crystal Palace,0,0.970063,home,0.970063,-0.030362,-0.13032445311288923,25
11897,2020-02-08 12:30:00,2019,Crystal Palace,1,0.865323,away,-0.13467700000000005,-0.11708939999999998,-0.4141565428108823,26
11905,2020-02-22 15:00:00,2019,Crystal Palace,1,1.75552,home,0.75552,0.17044220000000002,0.5268458956596298,27
11915,2020-02-29 12:30:00,2019,Crystal Palace,1,2.17159,away,1.1715900000000001,0.6874170000000001,2.218745316202643,28
11926,2020-03-07 15:00:00,2019,Crystal Palace,1,0.856107,home,-0.14389300000000005,0.5237206000000001,1.68301737684278,29
11942,2020-06-20 18:45:00,2019,Crystal Palace,2,0.788453,away,-1.211547,0.08739860000000003,0.25506974966604223,30
11951,2020-06-24 19:15:00,2019,Crystal Palace,0,0.0645285,away,0.0645285,0.12723970000000004,0.38545740880106444,31
11957,2020-06-29 19:00:00,2019,Crystal Palace,0,1.06533,home,1.06533,0.18920170000000008,0.5882399658922152,32
11965,2020-07-04 14:00:00,2019,Crystal Palace,0,0.507537,away,0.507537,0.05639110000000005,0.15359174477588622,33
11977,2020-07-07 17:00:00,2019,Crystal Palace,2,1.2882,home,-0.7118,-0.05719029999999994,-0.2181252225588158,34
11983,2020-07-12 13:15:00,2019,Crystal Palace,0,0.974181,away,0.974181,0.37995530000000005,1.2125177939536478,35
11996,2020-07-16 19:15:00,2019,Crystal Palace,0,0.572141,home,0.572141,0.48147780000000007,1.5447696927349386,36
12012,2020-07-20 19:15:00,2019,Crystal Palace,0,0.440119,away,0.440119,0.3564356,1.1355450540805523,37
12020,2020-07-26 15:00:00,2019,Crystal Palace,1,0.988534,home,-0.011465999999999976,0.252635,0.7958376350883364,38
14087,2020-09-12 14:00:00,2020,Crystal Palace,1,1.39569,home,0.3956900000000001,0.474133,2.612162434430543,1
14098,2020-09-19 16:30:00,2020,Crystal Palace,3,1.91456,away,-1.08544,0.06220880000000002,0.8584240695128512,2
14107,2020-09-26 14:00:00,2020,Crystal Palace,1,0.443115,home,-0.5568850000000001,-0.16359639999999998,-0.10292571823429351,3
14467,2020-10-03 11:30:00,2020,Crystal Palace,0,0.103249,away,0.103249,-0.2309704,-0.38976579366070596,4
14476,2020-10-18 13:00:00,2020,Crystal Palace,1,0.761169,home,-0.23883100000000002,-0.2764434,-0.583363899010919,5
14489,2020-10-24 14:00:00,2020,Crystal Palace,2,2.81049,away,0.8104900000000002,-0.1934834,-0.2301675227029193,6
14504,2020-10-30 20:00:00,2020,Crystal Palace,0,0.802767,away,0.802767,0.184158,1.3776142278260084,7
14508,2020-11-07 15:00:00,2020,Crystal Palace,4,1.30169,home,-2.69831,-0.24412700000000004,-0.4457790945832451,8
14516,2020-11-23 17:30:00,2020,Crystal Palace,0,1.28331,away,1.28331,-0.008114800000000023,0.5590262791448032,9
14530,2020-11-27 20:00:00,2020,Crystal Palace,0,0.534893,home,0.534893,0.14662999999999995,1.217841402246372,10
14543,2020-12-06 12:00:00,2020,Crystal Palace,5,1.68656,away,-3.31344,-0.6781560000000001,-2.2936270937706222,11
14545,2020-12-13 14:15:00,2020,Crystal Palace,1,1.84443,home,0.84443,-0.6698234000000001,-2.2581516342090984,12
14561,2020-12-16 20:00:00,2020,Crystal Palace,1,1.09108,away,0.09108000000000005,-0.11194540000000006,0.11697478842776608,13
14568,2020-12-19 12:30:00,2020,Crystal Palace,0,0.489318,home,0.489318,-0.2707438000000001,-0.5590982521159691,14
14576,2020-12-26 15:00:00,2020,Crystal Palace,0,0.849086,away,0.849086,-0.20790520000000004,-0.2915673238099435,15
14594,2020-12-28 15:00:00,2020,Crystal Palace,1,0.321348,home,-0.678652,0.3190523999999999,1.9519176664017293,16
14604,2021-01-02 15:00:00,2020,Crystal Palace,2,0.598888,home,-1.401112,-0.1300560000000001,0.03987018027005549,17
14605,2021-01-14 20:00:00,2020,Crystal Palace,0,0.709634,away,0.709634,-0.006345200000000095,0.5665602269210159,18
14621,2021-01-17 19:15:00,2020,Crystal Palace,0,0.0515836,away,0.0515836,-0.0938920800000001,0.1938355310064633,19
14634,2021-01-26 18:00:00,2020,Crystal Palace,2,0.629033,home,-1.370967,-0.5379026800000001,-1.6965084294846255,20
14638,2021-01-30 15:00:00,2020,Crystal Palace,1,1.36877,home,0.36877000000000004,-0.32841828000000006,-0.8046433020369936,21
14652,2021-02-02 20:15:00,2020,Crystal Palace,2,0.809312,away,-1.190688,-0.2863334800000001,-0.6254702203392248,22
14658,2021-02-08 20:00:00,2020,Crystal Palace,0,0.370278,away,0.370278,-0.35420468000000016,-0.9144270898627969,23
14668,2021-02-13 15:00:00,2020,Crystal Palace,0,0.645616,home,0.645616,-0.2353982000000001,-0.4086168413344837,24
14677,2021-02-22 20:00:00,2020,Crystal Palace,2,0.179886,away,-1.820114,-0.32522760000000006,-0.7910592059188836,25
14687,2021-02-28 12:00:00,2020,Crystal Palace,0,0.0880148,home,0.0880148,-0.38137864000000005,-1.0301183169835597,26
14717,2021-03-03 20:15:00,2020,Crystal Palace,0,0.742397,home,0.742397,0.005238359999999931,0.615876420469067,27
14702,2021-03-07 19:15:00,2020,Crystal Palace,1,0.559383,away,-0.44061700000000004,-0.15694064000000008,-0.07458928726062311,28
14706,2021-03-13 15:00:00,2020,Crystal Palace,1,1.30694,home,0.30694,-0.2246758400000001,-0.362967146331231,29
14728,2021-04-05 17:00:00,2020,Crystal Palace,1,0.603749,away,-0.396251,0.06009675999999995,0.8494322074755131,30
14737,2021-04-10 16:30:00,2020,Crystal Palace,1,0.602167,home,-0.397833,-0.03707280000000005,0.4357396269614973,31
14759,2021-04-26 19:00:00,2020,Crystal Palace,1,0.723112,away,-0.276888,-0.24092980000000006,-0.43216724002283124,32
14768,2021-05-01 11:30:00,2020,Crystal Palace,0,0.361866,home,0.361866,-0.08043320000000005,0.2511357678093108,33
14782,2021-05-08 14:00:00,2020,Crystal Palace,2,2.25382,away,0.25382000000000016,-0.09105720000000002,0.2059048336013048,34
14753,2021-05-11 21:00:00,2020,Crystal Palace,1,1.32586,away,0.32586000000000004,0.053364999999999996,0.8207722118369509,35
14794,2021-05-16 11:00:00,2020,Crystal Palace,3,1.95285,home,-1.04715,-0.07649840000000001,0.26788790259109396,36
14798,2021-05-19 18:00:00,2020,Crystal Palace,1,0.998377,home,-0.001623000000000041,-0.021445400000000014,0.5022721854368546,37
14810,2021-05-23 15:00:00,2020,Crystal Palace,0,0.772317,away,0.772317,0.060644799999999985,0.851765449303766,38
16379,2021-08-14 14:00:00,2021,Crystal Palace,0,0.321701,away,0.321701,0.07422099999999995,0.32280121347715757,1
16389,2021-08-21 14:00:00,2021,Crystal Palace,0,0.606313,home,0.606313,0.13031159999999994,0.5244109689785452,2
16401,2021-08-28 14:00:00,2021,Crystal Palace,2,1.67658,away,-0.32342000000000004,0.27505759999999996,1.0446800634400744,3
16406,2021-09-11 11:30:00,2021,Crystal Palace,3,2.89372,home,-0.10627999999999993,0.25412619999999997,0.9694450965061899,4
16420,2021-09-18 14:00:00,2021,Crystal Palace,0,0.644168,away,0.644168,0.22849639999999996,0.8773223930309292,5
16435,2021-09-27 19:00:00,2021,Crystal Palace,1,1.36836,home,0.36836,0.23782819999999996,0.9108642327756966,6
16439,2021-10-03 13:00:00,2021,Crystal Palace,2,1.1703,home,-0.8297000000000001,-0.04937440000000008,-0.12144503054762047,7
16446,2021-10-18 19:00:00,2021,Crystal Palace,2,0.492239,away,-1.507761,-0.28624260000000007,-0.9728343879097059,8
16460,2021-10-23 14:00:00,2021,Crystal Palace,1,2.25588,home,1.2558799999999999,-0.013810600000000095,0.006384035689864026,9
16470,2021-10-30 14:00:00,2021,Crystal Palace,2,1.05029,away,-0.94971,-0.33258620000000005,-1.139409925790458,10
16480,2021-11-06 15:00:00,2021,Crystal Palace,2,2.65161,home,0.6516099999999998,-0.27593620000000013,-0.9357894858387799,11
16487,2021-11-20 15:00:00,2021,Crystal Palace,3,1.74839,away,-1.25161,-0.3603182000000001,-1.2390886908520633,12
16501,2021-11-27 15:00:00,2021,Crystal Palace,1,0.962129,home,-0.03787099999999999,-0.0663402000000001,-0.182426207248983,13
16508,2021-11-30 20:15:00,2021,Crystal Palace,0,0.707328,away,0.707328,-0.17605060000000008,-0.5767647759210855,14
16519,2021-12-05 14:00:00,2021,Crystal Palace,0,0.520593,away,0.520593,0.11800999999999992,0.48019460173918826,15
16531,2021-12-12 16:30:00,2021,Crystal Palace,3,2.09864,home,-0.9013599999999999,-0.19258400000000003,-0.6361917517709896,16
16542,2021-12-15 19:30:00,2021,Crystal Palace,2,1.49244,home,-0.50756,-0.04377400000000005,-0.1013151821468193,17
16563,2021-12-26 15:00:00,2021,Crystal Palace,0,0.178324,away,0.178324,-0.0005350000000000465,0.05410130863995249,18
16570,2021-12-28 15:00:00,2021,Crystal Palace,3,2.38978,home,-0.61022,-0.2640446,-0.8930468058082519,19
16579,2022-01-01 17:30:00,2021,Crystal Palace,2,2.69204,home,0.69204,-0.22975520000000005,-0.7697983907388949,20
16587,2022-01-14 20:00:00,2021,Crystal Palace,1,0.509681,away,-0.49031899999999995,-0.14754700000000004,-0.47431260341964393,21
16599,2022-01-23 14:00:00,2021,Crystal Palace,1,1.62615,home,0.62615,0.07919499999999997,0.340679555371591,22
16609,2022-02-09 19:45:00,2021,Crystal Palace,1,1.22883,away,0.2288300000000001,0.08929619999999998,0.37698689496629345,23
16616,2022-02-12 15:00:00,2021,Crystal Palace,0,0.49802,away,0.49802,0.31094419999999995,1.1736693887775838,24
16629,2022-02-19 15:00:00,2021,Crystal Palace,0,0.624023,home,0.624023,0.2973408,1.1247738849322413,25
16553,2022-02-23 19:30:00,2021,Crystal Palace,4,0.818403,away,-3.181597,-0.2409148,-0.8099099999478048,26
16640,2022-02-26 15:00:00,2021,Crystal Palace,1,1.03765,home,0.03764999999999996,-0.3586148,-1.2329660596532337,27
16655,2022-03-05 15:00:00,2021,Crystal Palace,2,2.53759,away,0.5375899999999998,-0.2968628000000001,-1.0110071998492438,28
16660,2022-03-14 20:00:00,2021,Crystal Palace,0,0.474002,home,0.474002,-0.30166640000000006,-1.0282730629622512,29
16682,2022-04-04 19:00:00,2021,Crystal Palace,3,1.39707,home,-1.60293,-0.7470570000000001,-2.629166795042428,30
16691,2022-04-10 13:00:00,2021,Crystal Palace,1,1.52767,away,0.5276700000000001,-0.005203600000000063,0.037320683998144734,31
16671,2022-04-20 18:45:00,2021,Crystal Palace,0,0.432788,away,0.432788,0.07382399999999995,0.32137425293592514,32
16710,2022-04-25 19:00:00,2021,Crystal Palace,0,1.61656,home,1.61656,0.289618,1.0970153688923678,33
16720,2022-04-30 14:00:00,2021,Crystal Palace,2,0.756217,away,-1.243783,-0.05393900000000005,-0.1378518418486518,34
16730,2022-05-07 14:00:00,2021,Crystal Palace,1,2.49142,home,1.4914200000000002,0.564931,2.086589140903249,35
16745,2022-05-15 13:00:00,2021,Crystal Palace,1,1.39009,away,0.39009000000000005,0.537415,1.9876867573955637,36
16704,2022-05-19 18:45:00,2021,Crystal Palace,2,1.6023,away,-0.39769999999999994,0.3713174,1.390672346329052,37
16751,2022-05-22 15:00:00,2021,Crystal Palace,1,0.354618,home,-0.645382,-0.081071,-0.2353739914827017,38
18202,2022-08-05 19:00:00,2022,Crystal Palace,0,1.20637,home,1.20637,0.40895960000000003,1.2193412655529843,1
18221,2022-08-15 19:00:00,2022,Crystal Palace,1,1.64468,away,0.6446799999999999,0.23961159999999992,0.6881105449814321,2
18223,2022-08-20 14:00:00,2022,Crystal Palace,3,2.91137,home,-0.08863000000000021,0.14386759999999987,0.387769506939042,3
18237,2022-08-27 14:00:00,2022,Crystal Palace,2,0.091976,away,-1.908024,-0.15819720000000012,-0.5597828784643974,4
18243,2022-08-30 18:30:00,2022,Crystal Palace,1,0.777363,home,-0.22263699999999997,-0.07364820000000012,-0.29455963287777037,5
18253,2022-09-03 14:00:00,2022,Crystal Palace,0,0.920595,away,0.920595,-0.13080320000000006,-0.47385015791654855,6
18284,2022-10-01 14:00:00,2022,Crystal Palace,1,0.70987,home,-0.29013,-0.3177652000000001,-1.0603345449745503,7
18296,2022-10-09 13:00:00,2022,Crystal Palace,2,1.65194,home,-0.34806000000000004,-0.36965120000000007,-1.22309665121481,8
18306,2022-10-15 11:30:00,2022,Crystal Palace,0,0.346808,away,0.346808,0.08131519999999992,0.19154778288277968,9
18318,2022-10-18 19:15:00,2022,Crystal Palace,2,1.25617,home,-0.74383,-0.022923400000000083,-0.13544011534672265,10
18324,2022-10-22 14:00:00,2022,Crystal Palace,0,0.597167,away,0.597167,-0.08760900000000009,-0.3383535120127782,11
18336,2022-10-29 14:00:00,2022,Crystal Palace,1,1.00384,home,0.0038400000000000656,-0.02881500000000008,-0.15392157903876125,12
18350,2022-11-06 14:00:00,2022,Crystal Palace,2,1.03344,away,-0.9665600000000001,-0.1525150000000001,-0.5419582853163728,13
18358,2022-11-12 15:00:00,2022,Crystal Palace,0,1.14552,away,1.14552,0.007227399999999928,-0.040859540377967477,14
18366,2022-12-26 15:00:00,2022,Crystal Palace,0,0.421754,home,0.421754,0.24034419999999992,0.6904086508102032,15
18372,2022-12-31 15:00:00,2022,Crystal Palace,2,1.75264,away,-0.24736000000000002,0.07143879999999993,0.1605663299653973,16
18386,2023-01-04 20:00:00,2022,Crystal Palace,0,0.787525,home,0.787525,0.2281757999999999,0.652237382769229,17
18395,2023-01-15 14:00:00,2022,Crystal Palace,0,0.837366,away,0.837366,0.588961,1.783990824011827,18
18270,2023-01-18 15:30:00,2022,Crystal Palace,1,0.413339,home,-0.586661,0.2425247999999999,0.6972490133139134,19
18404,2023-01-21 17:30:00,2022,Crystal Palace,0,0.333154,home,0.333154,0.22480479999999994,0.6416628335625855,20
18417,2023-02-04 15:00:00,2022,Crystal Palace,1,1.3798,away,0.3797999999999999,0.3502367999999999,1.0351326811116022,21
18424,2023-02-11 15:00:00,2022,Crystal Palace,1,0.928279,home,-0.07172100000000003,0.1783875999999999,0.4960559022559633,22
18433,2023-02-18 15:00:00,2022,Crystal Palace,1,1.12202,away,0.12202000000000002,0.035318399999999896,0.047259611732334644,23
18443,2023-02-25 19:45:00,2022,Crystal Palace,0,0.989086,home,0.989086,0.35046779999999994,1.0358573090756291,24
18453,2023-03-04 15:00:00,2022,Crystal Palace,0,0.152761,away,0.152761,0.31438919999999987,0.9226817139979616,25
18463,2023-03-11 17:30:00,2022,Crystal Palace,0,0.185498,home,0.185498,0.2755287999999999,0.8007798415595584,26
18276,2023-03-15 19:30:00,2022,Crystal Palace,0,1.21452,away,1.21452,0.532777,1.607746245956036,27
18472,2023-03-19 14:00:00,2022,Crystal Palace,1,1.19194,away,0.19194,0.5467609999999998,1.6516129015792056,28
18486,2023-04-01 14:00:00,2022,Crystal Palace,2,1.93471,home,-0.06529000000000007,0.3358857999999999,0.9901147767317314,29
18495,2023-04-09 13:00:00,2022,Crystal Palace,5,3.22687,away,-1.77313,-0.049292400000000125,-0.21815749536155168,30
18508,2023-04-15 14:00:00,2022,Crystal Palace,2,0.86306,away,-1.13694,-0.3137800000000001,-1.0478333009821692,31
18516,2023-04-22 14:00:00,2022,Crystal Palace,0,0.368137,home,0.368137,-0.4830566000000001,-1.5788400456375675,32
18527,2023-04-25 18:30:00,2022,Crystal Palace,0,0.580294,away,0.580294,-0.4053858000000002,-1.3351931466404203,33
18536,2023-04-29 11:30:00,2022,Crystal Palace,4,2.31888,home,-1.68112,-0.7285518000000002,-2.348938257561282,34
18549,2023-05-06 14:00:00,2022,Crystal Palace,0,0.306669,away,0.306669,-0.3125920000000001,-1.0441066428814594,35
18556,2023-05-13 14:00:00,2022,Crystal Palace,2,1.40237,home,-0.5976300000000001,-0.20473000000000008,-0.7057524374447922,36
18564,2023-05-20 14:00:00,2022,Crystal Palace,2,1.70785,away,-0.2921499999999999,-0.33678740000000007,-1.1200056188157304,37
18576,2023-05-28 15:30:00,2022,Crystal Palace,1,1.00786,home,0.007859999999999978,-0.4512742000000001,-1.4791412759237632,38
22280,2023-08-12 14:00:00,2023,Crystal Palace,1,2.27616,away,1.27616,0.1401817999999999,0.31411102081351455,1
22294,2023-08-21 19:00:00,2023,Crystal Palace,0,1.06916,home,1.06916,0.29267999999999994,0.6469167558243444,2
22298,2023-08-26 14:00:00,2023,Crystal Palace,1,1.06061,away,0.06061000000000005,0.4243279999999999,0.9342198807314299,3
21932,2023-09-03 13:00:00,2023,Crystal Palace,3,2.32935,home,-0.6706500000000002,0.3486279999999999,0.7690153462495815,4
21938,2023-09-16 14:00:00,2023,Crystal Palace,1,1.11696,away,0.11695999999999995,0.3704479999999999,0.8166344075757893,5
21948,2023-09-23 14:00:00,2023,Crystal Palace,0,0.37236,home,0.37236,0.1896879999999999,0.42215129459112727,6
21957,2023-09-30 14:00:00,2023,Crystal Palace,1,1.19015,away,0.19015000000000004,0.013885999999999888,0.03848831478956957,7
21968,2023-10-07 16:30:00,2023,Crystal Palace,0,0.982452,home,0.982452,0.1982543999999999,0.44084624999648137,8
21981,2023-10-21 14:00:00,2023,Crystal Palace,0,1.08795,away,1.08795,0.5499744,1.208425363179516,9
21990,2023-10-27 19:00:00,2023,Crystal Palace,1,0.561834,home,-0.43816600000000006,0.4389491999999999,0.9661285800651948,10
21996,2023-11-04 15:00:00,2023,Crystal Palace,2,1.43653,away,-0.5634699999999999,0.2517831999999999,0.5576652788653316,11
22010,2023-11-11 15:00:00,2023,Crystal Palace,2,1.89194,home,-0.10806000000000004,0.19214119999999993,0.42750505633473196,12
22019,2023-11-25 15:00:00,2023,Crystal Palace,1,1.83546,away,0.8354600000000001,0.1627427999999999,0.36334720974937956,13
22034,2023-12-03 14:00:00,2023,Crystal Palace,1,0.987682,away,-0.012318000000000051,-0.057310800000000085,-0.11688862313113399,14
22043,2023-12-06 19:30:00,2023,Crystal Palace,0,1.26441,home,1.26441,0.2832043999999999,0.62623760011845,15
22047,2023-12-09 12:30:00,2023,Crystal Palace,1,1.79152,home,0.79152,0.5542024,1.2176523746958867,16
22061,2023-12-16 15:00:00,2023,Crystal Palace,2,1.64977,away,-0.35023000000000004,0.5057683999999999,1.1119520256457696,17
22066,2023-12-21 20:00:00,2023,Crystal Palace,1,1.65409,home,0.6540900000000001,0.4694944,1.0327891553182327,18
22080,2023-12-27 19:30:00,2023,Crystal Palace,1,0.958077,away,-0.041923000000000044,0.4635733999999999,1.019867410950108,19
22086,2023-12-30 15:00:00,2023,Crystal Palace,3,1.61057,home,-1.38943,-0.06719460000000006,-0.1384586175553307,20
22103,2024-01-20 12:30:00,2023,Crystal Palace,0,0.288083,away,0.288083,-0.16788200000000006,-0.35819461551025356,21
22112,2024-01-30 20:00:00,2023,Crystal Palace,3,1.1601,home,-1.8399,-0.46581600000000006,-1.0083933972317203,22
22118,2024-02-03 15:00:00,2023,Crystal Palace,1,0.241137,away,-0.7588630000000001,-0.7484066,-1.6251073803485794,23
22126,2024-02-12 20:00:00,2023,Crystal Palace,1,0.719516,home,-0.28048399999999996,-0.7961188,-1.7292325030712326,24
22137,2024-02-19 20:00:00,2023,Crystal Palace,1,0.734685,away,-0.26531499999999997,-0.5712958,-1.238588129810828,25
22150,2024-02-24 15:00:00,2023,Crystal Palace,3,2.41612,home,-0.5838800000000002,-0.7456884,-1.6191752936163657,26
22164,2024-03-02 15:00:00,2023,Crystal Palace,1,0.277887,away,-0.722113,-0.5221310000000001,-1.1312929132072196,27
22170,2024-03-09 15:00:00,2023,Crystal Palace,1,3.25103,home,2.25103,0.07984759999999995,0.18244016976549957,28
22192,2024-03-30 15:00:00,2023,Crystal Palace,1,0.900972,away,-0.099028,0.11613879999999994,0.2616405766583352,29
22195,2024-04-02 18:45:00,2023,Crystal Palace,0,0.174389,away,0.174389,0.20407959999999994,0.45355892442532775,30
22207,2024-04-06 11:30:00,2023,Crystal Palace,2,1.49472,home,-0.50528,0.21979959999999998,0.48786559922129424,31
22220,2024-04-14 13:00:00,2023,Crystal Palace,1,2.12879,away,1.12879,0.5899802,1.2957323587617344,32
22227,2024-04-21 14:00:00,2023,Crystal Palace,5,3.7185,home,-1.2814999999999999,-0.11652580000000001,-0.2461169786046167,33
22178,2024-04-24 19:00:00,2023,Crystal Palace,2,1.43661,home,-0.5633900000000001,-0.20939820000000003,-0.44879784529169753,34
22238,2024-04-27 14:00:00,2023,Crystal Palace,1,1.05387,away,0.053870000000000084,-0.23350200000000002,-0.5014009768404898,35
22250,2024-05-06 19:00:00,2023,Crystal Palace,4,2.0656,home,-1.9344000000000001,-0.5193260000000001,-1.1251713977617561,36
22264,2024-05-11 14:00:00,2023,Crystal Palace,3,2.51452,away,-0.4854799999999999,-0.8421800000000002,-1.8297545519969305,37
22270,2024-05-19 15:00:00,2023,Crystal Palace,5,2.23189,home,-2.76811,-1.139502,-2.4786177303484775,38
26609,2024-08-18 13:00:00,2024,Crystal Palace,1,1.14757,away,0.14756999999999998,-0.99731,-3.1100032169496004,1
26613,2024-08-24 14:00:00,2024,Crystal Palace,0,1.3761,home,1.3761,-0.732864,-2.502045318150689,2
26630,2024-09-01 12:30:00,2024,Crystal Palace,1,0.459708,away,-0.540292,-0.45404239999999996,-1.8610381027806309,3
26636,2024-09-14 14:00:00,2024,Crystal Palace,2,2.88716,home,0.8871600000000002,-0.17951440000000002,-1.2299018177112127,4
26649,2024-09-21 16:30:00,2024,Crystal Palace,0,1.66928,home,1.66928,0.7079636,0.8103985086702032,5
26654,2024-09-28 14:00:00,2024,Crystal Palace,1,1.12358,away,0.12358000000000002,0.7031656,0.7993679693599577,6
26662,2024-10-05 11:30:00,2024,Crystal Palace,0,0.609481,home,0.609481,0.5498418,0.4468785564595379,7
26677,2024-10-21 19:00:00,2024,Crystal Palace,0,0.835001,away,0.835001,0.8249004,1.0792346839962377,8
26689,2024-10-27 14:00:00,2024,Crystal Palace,1,0.978611,home,-0.02138899999999999,0.6431906,0.6614862279818892,9
26701,2024-11-02 17:30:00,2024,Crystal Palace,2,2.64849,away,0.6484899999999998,0.4390325999999999,0.19212965347144814,10
26706,2024-11-09 15:00:00,2024,Crystal Palace,0,1.96037,home,1.96037,0.8063906,1.0366808956417604,11
26716,2024-11-23 15:00:00,2024,Crystal Palace,2,1.61437,away,-0.3856299999999999,0.6073683999999999,0.5791314582279343,12
26725,2024-11-30 15:00:00,2024,Crystal Palace,1,2.29595,home,1.29595,0.6995582,0.7910746038935594,13
26737,2024-12-03 19:30:00,2024,Crystal Palace,1,1.65422,away,0.65422,0.8346799999999999,1.1017178566178456,14
26747,2024-12-07 15:00:00,2024,Crystal Palace,2,1.21476,home,-0.7852399999999999,0.5479339999999999,0.44249254918648917,15
26756,2024-12-15 14:00:00,2024,Crystal Palace,3,3.00618,away,0.006180000000000074,0.15709600000000004,-0.4560389061986128,16
26765,2024-12-21 17:30:00,2024,Crystal Palace,1,1.6052,home,0.6052,0.355262,-0.0004578613978407446,17
26772,2024-12-26 15:00:00,2024,Crystal Palace,0,0.500066,away,0.500066,0.19608520000000002,-0.3664032448240771,18
26784,2024-12-29 15:00:00,2024,Crystal Palace,2,3.05417,home,1.05417,0.2760752,-0.18250727995818805,19
26795,2025-01-04 15:00:00,2024,Crystal Palace,1,1.2766,home,0.27659999999999996,0.4884432,0.30572397728195594,20
26806,2025-01-15 19:30:00,2024,Crystal Palace,2,2.2647,away,0.26469999999999994,0.5401472,0.42459079772733577,21
26821,2025-01-18 15:00:00,2024,Crystal Palace,2,1.62561,away,-0.37439,0.34422919999999996,-0.02582212444537659,22
26825,2025-01-26 14:00:00,2024,Crystal Palace,1,1.23177,home,0.23177000000000003,0.29056999999999994,-0.14918392414448542,23
26838,2025-02-02 14:00:00,2024,Crystal Palace,2,2.44633,away,0.4463300000000001,0.16900199999999996,-0.4286671677601423,24
26844,2025-02-15 17:30:00,2024,Crystal Palace,1,2.30646,home,1.30646,0.374974,0.04485976904892004,25
26856,2025-02-22 15:00:00,2024,Crystal Palace,2,1.46203,away,-0.5379700000000001,0.21443999999999996,-0.3242057994443995,26
26868,2025-02-25 19:30:00,2024,Crystal Palace,4,4.02522,home,0.02522000000000002,0.29436199999999996,-0.14046616569003542,27
26875,2025-03-08 15:00:00,2024,Crystal Palace,1,3.13879,home,2.13879,0.675766,0.7363766469579148,28
26900,2025-04-02 19:45:00,2024,Crystal Palace,1,0.93776,away,-0.06223999999999996,0.5740519999999999,0.5025374899336736,29
26904,2025-04-05 14:00:00,2024,Crystal Palace,2,0.443965,home,-1.556035,0.0015529999999999156,-0.8136302309033884,30
26917,2025-04-12 11:30:00,2024,Crystal Palace,2,1.33808,away,-0.6619200000000001,-0.023237000000000084,-0.870622117001968,31
26890,2025-04-16 18:30:00,2024,Crystal Palace,0,2.37548,away,2.37548,0.44681499999999996,0.2100212893880916,32
26924,2025-04-19 14:00:00,2024,Crystal Palace,0,0.337818,home,0.337818,0.08662059999999984,-0.6180609299804545,33
26933,2025-04-23 19:00:00,2024,Crystal Palace,2,2.50515,away,0.50515,0.20009859999999985,-0.35717649066239776,34
26949,2025-05-05 19:00:00,2024,Crystal Palace,1,2.34037,home,1.34037,0.7793795999999998,0.9745829595623435,35
26960,2025-05-11 13:15:00,2024,Crystal Palace,2,3.98546,away,1.9854599999999998,1.3088555999999998,2.1918413655297324,36
26967,2025-05-20 19:00:00,2024,Crystal Palace,4,1.68451,home,-2.31549,0.37066159999999976,0.034945617793916924,37
26975,2025-05-25 15:00:00,2024,Crystal Palace,1,1.4144,away,0.4144000000000001,0.3859779999999998,0.0701578212727507,38
83,2015-08-08 18:00:00,2015,Everton,2,0.604226,home,-1.3957739999999998,,,1
92,2015-08-15 15:45:00,2015,Everton,3,1.39628,away,-1.60372,,,2
108,2015-08-23 19:00:00,2015,Everton,0,0.579338,home,0.579338,-0.8067186666666667,-1.357742841483279,3
118,2015-08-29 20:30:00,2015,Everton,0,0.694692,away,0.694692,-0.43136599999999997,-0.6044728007455475,4
121,2015-09-12 15:45:00,2015,Everton,3,1.18026,home,-1.81974,-0.7090408,-1.1617196954201774,5
136,2015-09-19 18:00:00,2015,Everton,0,1.77458,away,1.77458,-0.07496999999999998,0.11075437966282702,6
150,2015-09-28 23:00:00,2015,Everton,3,2.30159,away,-0.69841,0.10609200000000003,0.4741155389886924,7
158,2015-10-04 16:30:00,2015,Everton,1,1.20063,home,0.20063000000000009,0.030350400000000045,0.32211481224759847,8
166,2015-10-17 18:00:00,2015,Everton,0,0.653457,home,0.653457,0.02210340000000004,0.3055644621964535,9
176,2015-10-24 20:30:00,2015,Everton,1,0.373025,away,-0.6269750000000001,0.2606564,0.7843004456753897,10
188,2015-11-01 17:30:00,2015,Everton,6,2.34852,home,-3.65148,-0.8245556,-1.3935385842388996,11
195,2015-11-07 19:00:00,2015,Everton,1,1.08814,away,0.08814000000000011,-0.6672456,-1.0778437174333197,12
206,2015-11-21 19:00:00,2015,Everton,4,2.83068,home,-1.16932,-0.9412356,-1.627695834629053,13
213,2015-11-28 19:00:00,2015,Everton,3,0.729005,away,-2.270995,-1.526126,-2.8014730701758226,14
230,2015-12-08 00:00:00,2015,Everton,1,1.69774,home,0.69774,-1.2611830000000002,-2.26977676926634,15
231,2015-12-12 16:45:00,2015,Everton,1,2.43558,away,1.4355799999999999,-0.24377100000000002,-0.22800100277725108,16
245,2015-12-19 19:00:00,2015,Everton,2,1.48982,home,-0.5101800000000001,-0.36343500000000006,-0.4681466422243486,17
259,2015-12-26 21:30:00,2015,Everton,1,1.69923,away,0.69923,0.010274999999999946,0.2818268411772993,18
265,2015-12-28 19:00:00,2015,Everton,3,2.2472,home,-0.7528000000000001,0.3139139999999999,0.8911795438788404,19
280,2016-01-03 20:00:00,2015,Everton,1,0.721603,home,-0.278397,0.11868659999999993,0.49939079529451863,20
288,2016-01-13 23:45:00,2015,Everton,0,0.369548,away,0.369548,-0.09451980000000004,0.07152119990899228,21
295,2016-01-16 19:00:00,2015,Everton,3,1.5891,away,-1.4109,-0.2746638,-0.2899976869120894,22
309,2016-01-24 17:30:00,2015,Everton,1,1.94094,home,0.9409400000000001,-0.22632180000000007,-0.19298337599024512,23
319,2016-02-03 23:45:00,2015,Everton,3,2.48447,home,-0.51553,-0.1788678,-0.09775113258936784,24
323,2016-02-06 19:00:00,2015,Everton,3,3.05913,away,0.05913000000000013,-0.11136239999999997,0.03772091789475519,25
334,2016-02-13 19:00:00,2015,Everton,0,1.82912,home,1.82912,0.18055200000000005,0.6235443088211473,26
349,2016-03-01 23:45:00,2015,Everton,3,2.63668,away,-0.36331999999999987,0.39006800000000014,1.0440078884641317,27
363,2016-03-05 19:00:00,2015,Everton,2,2.09025,home,0.09025000000000016,0.2199300000000001,0.7025693705786333,28
374,2016-03-19 16:45:00,2015,Everton,0,0.58617,home,0.58617,0.4402700000000001,1.1447549083825967,29
393,2016-04-03 19:00:00,2015,Everton,0,0.755625,away,0.755625,0.579569,1.4243047097375672,30
395,2016-04-09 18:00:00,2015,Everton,1,1.59979,away,0.59979,0.333703,0.9308927580369718,31
404,2016-04-13 23:00:00,2015,Everton,0,0.759269,away,0.759269,0.5582208000000001,1.3814624418872152,32
407,2016-04-16 18:00:00,2015,Everton,1,0.318721,home,-0.681279,0.403915,1.0717965021610159,33
418,2016-04-20 23:00:00,2015,Everton,0,0.0886329,away,0.0886329,0.30440758,0.8721017484704247,34
429,2016-04-30 18:00:00,2015,Everton,2,0.95281,home,-1.04719,-0.05615542,0.14851209580994368,35
443,2016-05-07 20:30:00,2015,Everton,1,1.30184,away,0.3018400000000001,-0.11574541999999999,0.02892492962251441,36
449,2016-05-11 22:45:00,2015,Everton,0,1.16563,away,1.16563,-0.03447321999999997,0.19202464581345235,37
453,2016-05-15 18:00:00,2015,Everton,3,2.40775,home,-0.5922499999999999,-0.01666741999999999,0.2277579091747567,38
463,2016-08-13 18:00:00,2016,Everton,1,0.790063,home,-0.20993700000000004,-0.0763814,0.5713584418394616,1
477,2016-08-20 18:00:00,2016,Everton,2,1.83897,away,-0.16103,0.10085060000000001,0.942874709931415,2
487,2016-08-27 18:00:00,2016,Everton,1,2.31835,home,1.3183500000000001,0.3041526,1.3690392870711543,3
500,2016-09-12 23:00:00,2016,Everton,3,2.84526,away,-0.15473999999999988,0.040078600000000054,0.8154835692543128,4
506,2016-09-17 20:30:00,2016,Everton,3,1.17467,home,-1.82533,-0.20653739999999993,0.29852356219145076,5
517,2016-09-24 18:00:00,2016,Everton,0,1.15724,away,1.15724,0.06689800000000008,0.8717027813631043,6
521,2016-09-30 23:00:00,2016,Everton,1,1.1542,home,0.1541999999999999,0.12994400000000006,1.0038607135543862,7
534,2016-10-15 18:00:00,2016,Everton,1,0.144498,away,-0.855502,-0.30482639999999994,0.09248874638792765,8
546,2016-10-22 18:00:00,2016,Everton,1,0.752795,away,-0.247205,-0.32331940000000003,0.05372345374424858,9
2684,2016-10-30 17:30:00,2016,Everton,2,2.0087,home,0.008700000000000152,0.04348660000000002,0.8226274678824238,10
2691,2016-11-05 21:30:00,2016,Everton,0,0.0131321,away,0.0131321,-0.18533497999999998,0.342968380017341,11
2702,2016-11-19 19:00:00,2016,Everton,1,1.54877,home,0.54877,-0.10642098,0.5083890420885719,12
2715,2016-11-27 20:30:00,2016,Everton,0,0.615174,away,0.615174,0.18771422000000001,1.1249594798113327,13
3113,2016-12-04 20:00:00,2016,Everton,1,1.64985,home,0.64985,0.36712522000000003,1.5010433990507783,14
3115,2016-12-10 16:30:00,2016,Everton,2,1.09675,away,-0.9032500000000001,0.18473522,1.118714857154894,15
3126,2016-12-13 23:45:00,2016,Everton,2,1.46034,home,-0.53966,0.07417679999999997,0.8869607066372516,16
3144,2016-12-20 00:00:00,2016,Everton,0,0.456788,home,0.456788,0.05578039999999999,0.848397908303278,17
3148,2016-12-26 15:00:00,2016,Everton,2,1.25512,away,-0.74488,-0.21623040000000002,0.2782049561461805,18
3155,2016-12-31 00:00:00,2016,Everton,2,1.27757,away,-0.7224299999999999,-0.4906864000000001,-0.2971136594280113,19
3331,2017-01-02 15:00:00,2016,Everton,3,2.34997,home,-0.6500300000000001,-0.4400424,-0.1909529780541685,20
3348,2017-01-15 17:30:00,2016,Everton,4,0.572528,home,-3.427472,-1.0176048,-1.401647589852444,21
3353,2017-01-21 18:00:00,2016,Everton,1,0.949561,away,-0.05043900000000001,-1.1190502,-1.6142988967445147,22
3369,2017-02-01 23:00:00,2016,Everton,1,0.870158,away,-0.129842,-0.9960426,-1.356448596014693,23
3372,2017-02-04 15:00:00,2016,Everton,6,2.75981,home,-3.24019,-1.4995946,-2.4120015426058234,24
3382,2017-02-11 15:00:00,2016,Everton,0,0.831644,away,0.831644,-1.2032598,-1.7908202717192157,25
3393,2017-02-25 15:00:00,2016,Everton,2,1.70366,home,-0.29634000000000005,-0.5770334,-0.4781154830317391,26
3406,2017-03-05 13:30:00,2016,Everton,2,0.808013,away,-1.1919870000000001,-0.805343,-0.956701351055384,27
3416,2017-03-11 15:00:00,2016,Everton,3,2.17521,home,-0.8247900000000001,-0.9443326000000001,-1.2480533501051796,28
3427,2017-03-18 15:00:00,2016,Everton,4,2.63141,home,-1.3685900000000002,-0.5700126000000001,-0.4633983810692269,29
3435,2017-04-01 12:30:00,2016,Everton,1,1.44152,away,0.4415199999999999,-0.6480374000000001,-0.6269550893082642,30
3446,2017-04-04 20:00:00,2016,Everton,1,0.589122,away,-0.41087799999999997,-0.6709450000000001,-0.6749743299811857,31
3458,2017-04-09 16:00:00,2016,Everton,4,2.64597,home,-1.3540299999999998,-0.7033536,-0.74290970353723,32
3467,2017-04-15 15:00:00,2016,Everton,3,1.67352,home,-1.32648,-0.8036916000000002,-0.9532396626180419,33
3479,2017-04-22 15:00:00,2016,Everton,0,0.104476,away,0.104476,-0.5090784,-0.3356672344186857,34
3481,2017-04-30 14:05:00,2016,Everton,0,0.684516,home,0.684516,-0.4604792000000001,-0.23379289222170974,35
3498,2017-05-06 17:30:00,2016,Everton,0,0.270186,away,0.270186,-0.3242664,0.0517383387205335,36
3502,2017-05-12 19:45:00,2016,Everton,1,1.12984,home,0.12983999999999996,-0.027492400000000028,0.6738402669655533,37
3510,2017-05-21 15:00:00,2016,Everton,1,1.8831,away,0.8831,0.41442359999999995,1.60019094364992,38
7125,2017-08-12 15:00:00,2017,Everton,1,0.720574,home,-0.27942599999999995,0.3376432,0.7183060244835019,1
7138,2017-08-21 20:00:00,2017,Everton,1,0.59971,away,-0.40029000000000003,0.12068199999999996,0.21881475140213089,2
7140,2017-08-27 13:30:00,2017,Everton,0,0.326655,away,0.326655,0.13197579999999998,0.24481550425529724,3
7154,2017-09-09 15:00:00,2017,Everton,0,1.15144,home,1.15144,0.3362958,0.7152040203401351,4
7168,2017-09-17 16:00:00,2017,Everton,0,1.06298,away,1.06298,0.3722718,0.7980284978982212,5
7175,2017-09-23 15:00:00,2017,Everton,2,2.21092,home,0.21092000000000022,0.47034100000000006,1.0238048558740787,6
7187,2017-10-01 14:15:00,2017,Everton,0,0.93376,home,0.93376,0.737151,1.6380587711863122,7
7189,2017-10-15 13:30:00,2017,Everton,1,1.45518,away,0.4551799999999999,0.762856,1.6972372011293464,8
7200,2017-10-22 13:30:00,2017,Everton,2,0.810989,home,-1.189011,0.2947658000000001,0.6195930421049978,9
7214,2017-10-29 16:00:00,2017,Everton,0,0.575236,away,0.575236,0.19721700000000003,0.3950147566808755,10
7220,2017-11-05 16:30:00,2017,Everton,3,2.5796,home,-0.4203999999999999,0.07095300000000002,0.10432791449735956,11
7234,2017-11-18 15:00:00,2017,Everton,2,1.68728,away,-0.3127200000000001,-0.178343,-0.46960501182353775,12
7241,2017-11-26 13:30:00,2017,Everton,1,0.147724,away,-0.852276,-0.43983419999999995,-1.0716139073660373,13
7256,2017-11-29 20:00:00,2017,Everton,4,1.76497,home,-2.23503,-0.649038,-1.5532459798078406,14
7260,2017-12-02 15:00:00,2017,Everton,2,0.820024,home,-1.179976,-1.0000803999999999,-2.3614209681538667,15
7275,2017-12-10 14:15:00,2017,Everton,1,0.823217,away,-0.17678300000000002,-0.951357,-2.2492492383936478,16
7284,2017-12-13 19:45:00,2017,Everton,1,1.38719,away,0.3871899999999999,-0.8113750000000002,-1.9269806143794166,17
7293,2017-12-18 20:00:00,2017,Everton,3,2.01756,home,-0.98244,-0.8374078,-1.986913710314877,18
7303,2017-12-23 12:30:00,2017,Everton,0,0.342403,home,0.342403,-0.32192119999999996,-0.800152860492939,19
7318,2017-12-26 15:00:00,2017,Everton,0,0.405775,away,0.405775,-0.004771000000000014,-0.07000499462562534,20
7319,2017-12-30 15:00:00,2017,Everton,1,0.599608,away,-0.40039199999999997,-0.0494928,-0.17296418187426912,21
7333,2018-01-01 17:30:00,2017,Everton,0,1.23952,home,1.23952,0.1209732,0.21948515633500054,22
7346,2018-01-13 17:30:00,2017,Everton,0,0.290345,away,0.290345,0.3755302,0.8055300344135443,23
7352,2018-01-20 15:00:00,2017,Everton,1,0.92355,home,-0.07645000000000002,0.2917596,0.6126721241476061,24
7365,2018-01-31 19:45:00,2017,Everton,2,1.53072,home,-0.4692799999999999,0.11674860000000002,0.2097592199359598,25
7369,2018-02-03 17:30:00,2017,Everton,1,1.49065,away,0.49065000000000003,0.294957,0.6200332255636675,26
7380,2018-02-10 15:00:00,2017,Everton,3,1.48792,home,-1.51208,-0.255363,-0.6469215912521508,27
7392,2018-02-24 17:30:00,2017,Everton,0,0.665127,away,0.665127,-0.18040660000000003,-0.474355862165123,28
7400,2018-03-03 12:30:00,2017,Everton,1,1.79993,away,0.79993,-0.005130599999999985,-0.07083287104684742,29
7412,2018-03-10 15:00:00,2017,Everton,2,1.68868,home,-0.31132000000000004,0.02646139999999998,0.001898697082323392,30
7425,2018-03-17 15:00:00,2017,Everton,2,2.97881,away,0.9788100000000002,0.12409340000000002,0.22666852677297977,31
7433,2018-03-31 17:30:00,2017,Everton,1,0.859628,home,-0.14037200000000005,0.398435,0.8582618026360384,32
7443,2018-04-07 11:30:00,2017,Everton,0,0.723427,home,0.723427,0.410095,0.8851056265277241,33
7456,2018-04-14 14:00:00,2017,Everton,1,1.61456,away,0.61456,0.37302100000000005,0.7997533171829254,34
7461,2018-04-23 19:00:00,2017,Everton,1,0.948534,home,-0.05146600000000001,0.42499180000000003,0.9194012590963059,35
7471,2018-04-28 14:00:00,2017,Everton,2,0.943754,away,-1.056246,0.017980599999999968,-0.01762592570160524,36
7486,2018-05-05 17:30:00,2017,Everton,1,0.420891,home,-0.579109,-0.06976680000000002,-0.2196392835535174,37
7489,2018-05-13 15:00:00,2017,Everton,1,1.67867,away,0.6786700000000001,-0.0787182,-0.2402473285950298,38
9203,2018-08-11 19:30:00,2018,Everton,2,0.715382,away,-1.284618,-0.45855379999999996,-1.0698329522701289,1
9211,2018-08-18 17:00:00,2018,Everton,2,2.02004,home,0.020039999999999836,-0.4442526000000001,-1.0359823172108447,2
9221,2018-08-25 17:00:00,2018,Everton,2,0.543665,away,-1.4563350000000002,-0.5242704,-1.225382741374329,3
9229,2018-09-01 14:00:00,2018,Everton,1,0.616013,home,-0.38398699999999997,-0.48524600000000007,-1.1330128197728169,4
9245,2018-09-16 15:00:00,2018,Everton,1,1.26774,home,0.2677400000000001,-0.567432,-1.3275453270437008,5
9256,2018-09-23 15:00:00,2018,Everton,0,1.06523,away,1.06523,-0.09746240000000003,-0.21513731802641858,6
9262,2018-09-29 14:00:00,2018,Everton,3,2.31538,home,-0.6846199999999998,-0.23839439999999995,-0.5487203530287326,7
9270,2018-10-06 14:00:00,2018,Everton,2,1.14952,away,-0.8504799999999999,-0.11722339999999991,-0.26191118311511874,8
9285,2018-10-21 15:00:00,2018,Everton,2,1.92794,home,-0.07206000000000001,-0.05483799999999992,-0.11424627328744749,9
9287,2018-10-28 15:00:00,2018,Everton,1,1.67348,away,0.6734800000000001,0.026310000000000076,0.07782931014546901,10
9301,2018-11-03 15:00:00,2018,Everton,3,2.59305,home,-0.40695000000000014,-0.2681259999999999,-0.6190944154380845,11
9314,2018-11-11 14:15:00,2018,Everton,0,0.198027,away,0.198027,-0.09159659999999997,-0.20125309466538918,12
9321,2018-11-24 15:00:00,2018,Everton,1,2.48066,home,1.4806599999999999,0.3746314,0.9022986270376939,13
9330,2018-12-02 16:15:00,2018,Everton,0,1.23014,away,1.23014,0.6350714,1.5187545464598455,14
9345,2018-12-05 19:45:00,2018,Everton,1,2.10943,home,1.1094300000000001,0.7222614,1.725131414891797,15
9351,2018-12-10 20:00:00,2018,Everton,2,1.72686,home,-0.27313999999999994,0.7490234000000001,1.7884764975042056,16
9361,2018-12-15 12:30:00,2018,Everton,1,1.6235,away,0.6234999999999999,0.8341179999999999,1.9898935988744255,17
9372,2018-12-23 16:00:00,2018,Everton,2,1.00121,home,-0.9987900000000001,0.3382280000000001,0.8161325564759818,18
9385,2018-12-26 15:00:00,2018,Everton,5,1.8875,away,-3.1125,-0.5302999999999999,-1.2396546758381122,19
9396,2018-12-29 15:00:00,2018,Everton,0,0.655851,away,0.655851,-0.6210158,-1.454377037591745,20
9402,2019-01-01 12:30:00,2018,Everton,0,0.871304,home,0.871304,-0.392127,-0.9126021349292007,21
9411,2019-01-13 14:15:00,2018,Everton,2,1.7814,home,-0.2185999999999999,-0.5605469999999999,-1.3112486790433107,22
9419,2019-01-19 15:00:00,2018,Everton,1,1.31169,away,0.31169,-0.2984509999999999,-0.6908730429779276,23
9428,2019-01-29 19:45:00,2018,Everton,1,1.05995,away,0.05994999999999995,0.3360390000000001,0.8109512402126771,24
9441,2019-02-02 15:00:00,2018,Everton,1,1.36252,home,0.36251999999999995,0.27737280000000003,0.6720895973774602,25
9461,2019-02-06 19:45:00,2018,Everton,0,0.111559,home,0.111559,0.12542380000000003,0.3124295585958731,26
9451,2019-02-09 15:00:00,2018,Everton,0,0.641094,away,0.641094,0.29736260000000003,0.7194050271811191,27
9469,2019-02-26 19:45:00,2018,Everton,3,1.14212,away,-1.85788,-0.13655139999999996,-0.30766014644867495,28
9483,2019-03-03 16:15:00,2018,Everton,0,0.241879,home,0.241879,-0.10016559999999997,-0.2215357347111902,29
9488,2019-03-09 15:00:00,2018,Everton,2,1.15114,away,-0.84886,-0.34244159999999996,-0.7949978539475642,30
9503,2019-03-17 16:30:00,2018,Everton,2,2.24031,home,0.24031000000000002,-0.31669139999999996,-0.7340476803325116,31
9508,2019-03-30 17:30:00,2018,Everton,2,2.65983,away,0.6598299999999999,-0.3129442,-0.7251781379378769,32
9524,2019-04-07 14:05:00,2018,Everton,1,2.69396,home,1.6939600000000001,0.39742380000000005,0.9562477512038645,33
9533,2019-04-13 15:00:00,2018,Everton,0,1.29107,away,1.29107,0.6072620000000001,1.4529302904101669,34
9542,2019-04-21 13:30:00,2018,Everton,4,1.5204,home,-2.4796,0.2811140000000001,0.6809449379001994,35
9554,2019-04-27 15:00:00,2018,Everton,0,1.15217,away,1.15217,0.46348599999999995,1.1126155681292602,36
9562,2019-05-03 19:00:00,2018,Everton,2,1.76461,home,-0.23539,0.28444200000000003,0.6888222428450499,37
9568,2019-05-12 14:00:00,2018,Everton,2,2.06851,away,0.06850999999999985,-0.04064800000000002,-0.08065884625396463,38
11647,2019-08-10 15:00:00,2019,Everton,0,1.2246,away,1.2246,-0.053942000000000025,-1.0497237152013967,1
11656,2019-08-17 15:00:00,2019,Everton,1,0.832913,home,-0.16708699999999999,0.40856059999999994,0.5929769187113704,2
11663,2019-08-23 20:00:00,2019,Everton,0,1.25668,away,1.25668,0.4294626000000001,0.66721591466522,3
11681,2019-09-01 14:00:00,2019,Everton,3,1.48842,home,-1.51158,0.1742246,-0.23932952831959142,4
11690,2019-09-15 13:00:00,2019,Everton,1,1.50641,away,0.50641,0.2618046000000001,0.07173406682145282,5
11698,2019-09-21 14:00:00,2019,Everton,0,1.26041,home,1.26041,0.2689666000000001,0.0971718090959465,6
11711,2019-09-28 16:30:00,2019,Everton,1,2.35854,home,1.35854,0.574092,1.18090558270692,7
11714,2019-10-05 15:00:00,2019,Everton,0,1.30723,away,1.30723,0.5842020000000001,1.21681392875483,8
11727,2019-10-19 12:30:00,2019,Everton,2,2.23324,home,0.2332399999999999,0.9331660000000002,2.4562521157244492,9
11734,2019-10-26 15:00:00,2019,Everton,2,1.04723,away,-0.9527699999999999,0.6413300000000001,1.4197191703992413,10
11748,2019-11-03 16:30:00,2019,Everton,1,1.15532,home,0.1553199999999999,0.420312,0.6347151321384141,11
11758,2019-11-09 15:00:00,2019,Everton,2,2.08883,away,0.08883000000000019,0.16637000000000007,-0.2672272231631039,12
11768,2019-11-23 15:00:00,2019,Everton,0,0.812693,home,0.812693,0.06746260000000011,-0.6185230832915953,13
11775,2019-12-01 16:30:00,2019,Everton,1,1.24986,away,0.24985999999999997,0.07078660000000012,-0.606717015807594,14
11792,2019-12-04 20:15:00,2019,Everton,2,1.76453,away,-0.23547000000000007,0.21424660000000012,-0.09718078197642069,15
11796,2019-12-07 12:30:00,2019,Everton,3,2.03892,home,-0.9610799999999999,-0.00903339999999988,-0.890218913091884,16
11809,2019-12-15 14:00:00,2019,Everton,1,0.276759,away,-0.723241,-0.17144759999999992,-1.4670760146442536,17
11816,2019-12-21 12:30:00,2019,Everton,0,0.486523,home,0.486523,-0.2366815999999999,-1.6987718649003722,18
11827,2019-12-26 15:00:00,2019,Everton,1,1.47521,home,0.4752099999999999,-0.19161159999999994,-1.5386938078895611,19
11838,2019-12-28 15:00:00,2019,Everton,2,2.82576,away,0.8257599999999998,0.020634400000000053,-0.7848458538554666,20
11848,2020-01-01 17:30:00,2019,Everton,1,0.848942,away,-0.15105800000000003,0.18263880000000005,-0.2094442656770271,21
11860,2020-01-11 15:00:00,2019,Everton,1,2.02533,home,1.0253299999999999,0.532353,1.0326584555364238,22
11872,2020-01-18 15:00:00,2019,Everton,1,1.95473,away,0.9547300000000001,0.6259944,1.36525072018635,23
11877,2020-01-21 19:30:00,2019,Everton,2,2.05254,home,0.05254000000000003,0.5414604000000001,1.06500580180712,24
11891,2020-02-01 15:00:00,2019,Everton,3,2.70178,away,-0.29822000000000015,0.31666440000000007,0.266583194667064,25
11897,2020-02-08 12:30:00,2019,Everton,3,2.79103,home,-0.20896999999999988,0.3050820000000001,0.22544522955674628,26
11903,2020-02-23 16:30:00,2019,Everton,2,2.65691,away,0.6569099999999999,0.23139800000000008,-0.03626303653565697,27
11916,2020-03-01 14:00:00,2019,Everton,1,2.41259,home,1.4125899999999998,0.32297000000000003,0.288979205234789,28
11925,2020-03-08 14:00:00,2019,Everton,0,0.445922,away,0.445922,0.4016464,0.5684193038503955,29
11940,2020-06-21 18:00:00,2019,Everton,0,0.621456,home,0.621456,0.5855816,1.2217139440078166,30
11948,2020-06-24 17:00:00,2019,Everton,1,0.654912,away,-0.34508799999999995,0.558358,1.1250221092432389,31
11958,2020-07-01 17:00:00,2019,Everton,2,1.17592,home,-0.8240799999999999,0.26216000000000006,0.07299636416917046,32
11971,2020-07-06 19:00:00,2019,Everton,0,0.403762,away,0.403762,0.060394400000000105,-0.6436276699914802,33
11978,2020-07-09 17:00:00,2019,Everton,1,0.671442,home,-0.328558,-0.0945015999999999,-1.1937818905094881,34
11992,2020-07-12 11:00:00,2019,Everton,0,0.286561,away,0.286561,-0.1614805999999999,-1.4316755710181883,35
11997,2020-07-16 17:00:00,2019,Everton,1,0.944434,home,-0.055566000000000004,-0.10357619999999992,-1.2260127388820266,36
12009,2020-07-20 17:00:00,2019,Everton,1,0.624814,away,-0.375186,-0.013797399999999927,-0.9071395224462108,37
12019,2020-07-26 15:00:00,2019,Everton,1,1.74699,home,0.74699,0.05484820000000008,-0.6633264700756464,38
14093,2020-09-13 15:30:00,2020,Everton,1,1.26793,away,0.26793,0.17414580000000007,0.3490257641903543,1
14096,2020-09-19 11:30:00,2020,Everton,5,4.16254,home,-0.8374600000000001,-0.05065839999999992,-0.21068011963165237,2
14107,2020-09-26 14:00:00,2020,Everton,2,2.27189,away,0.27188999999999997,0.014832800000000057,-0.04762351313335834,3
14468,2020-10-03 14:00:00,2020,Everton,4,2.34034,home,-1.6596600000000001,-0.24206199999999994,-0.6872269150416752,4
14477,2020-10-17 11:30:00,2020,Everton,2,1.35998,home,-0.64002,-0.5194639999999999,-1.3778880841123256,5
14492,2020-10-25 14:00:00,2020,Everton,0,0.287054,away,0.287054,-0.5156392,-1.3683652946606943,6
14501,2020-11-01 14:00:00,2020,Everton,1,1.21805,away,0.21805000000000008,-0.30453719999999995,-0.8427744405458991,7
14509,2020-11-07 12:30:00,2020,Everton,1,0.376464,home,-0.623536,-0.48362239999999995,-1.2886515200018918,8
14517,2020-11-22 12:00:00,2020,Everton,3,2.2508,away,-0.7492000000000001,-0.3015303999999999,-0.8352882652365586,9
14531,2020-11-28 17:30:00,2020,Everton,0,1.29229,home,1.29229,0.08493160000000008,0.1269048578172827,10
14537,2020-12-05 12:30:00,2020,Everton,1,2.28139,away,1.28139,0.28379880000000013,0.6220341389392894,11
14546,2020-12-12 20:00:00,2020,Everton,1,1.2216,home,0.22160000000000002,0.2845088000000001,0.6238018602608377,12
14559,2020-12-16 18:00:00,2020,Everton,2,1.51486,away,-0.4851399999999999,0.3121880000000001,0.6927161025191498,13
14569,2020-12-19 17:30:00,2020,Everton,2,0.661744,home,-1.338256,0.19437680000000013,0.3993958628611223,14
14582,2020-12-26 20:00:00,2020,Everton,1,0.568803,away,-0.43119700000000005,-0.15032059999999986,-0.4588139166632273,15
14595,2021-01-01 17:30:00,2020,Everton,0,0.371045,home,0.371045,-0.33238959999999984,-0.9121199072167353,16
14612,2021-01-12 20:15:00,2020,Everton,2,0.323445,away,-1.676555,-0.7120205999999999,-1.8573055593586092,17
14627,2021-01-27 20:15:00,2020,Everton,1,0.474981,home,-0.525019,-0.7199963999999999,-1.877163294170448,18
14644,2021-01-30 12:30:00,2020,Everton,0,0.966012,home,0.966012,-0.2591427999999999,-0.7297538084911166,19
14648,2021-02-03 19:30:00,2020,Everton,2,1.91539,away,-0.08461000000000007,-0.18982539999999992,-0.557170926893515,20
14660,2021-02-06 20:00:00,2020,Everton,3,1.5571,away,-1.4429,-0.5526144,-1.4604242374895893,21
14669,2021-02-14 19:00:00,2020,Everton,0,0.314075,home,0.314075,-0.15448839999999994,-0.46919068979555045,22
14593,2021-02-17 20:15:00,2020,Everton,1,1.04664,home,0.046640000000000015,-0.040156599999999945,-0.1845332805124458,23
14680,2021-02-20 17:30:00,2020,Everton,2,2.01468,away,0.014679999999999804,-0.23042299999999996,-0.658248734109983,24
14686,2021-03-01 20:00:00,2020,Everton,1,1.42054,home,0.4205399999999999,-0.12939299999999995,-0.40670945929867014,25
14723,2021-03-04 18:00:00,2020,Everton,1,1.40789,away,0.4078900000000001,0.24076500000000003,0.5148908068164041,26
14698,2021-03-08 18:00:00,2020,Everton,0,0.270757,away,0.270757,0.23210140000000004,0.4933206230961696,27
14707,2021-03-13 17:30:00,2020,Everton,1,1.69849,home,0.69849,0.36247140000000005,0.8179091142092139,28
14728,2021-04-05 17:00:00,2020,Everton,1,2.53386,home,1.5338599999999998,0.6663074,1.5743842909049484,29
14735,2021-04-12 19:15:00,2020,Everton,0,0.306287,away,0.306287,0.6434568,1.5174920474821691,30
14748,2021-04-16 19:00:00,2020,Everton,2,2.26022,home,0.2602199999999999,0.6139228,1.4439598200024373,31
14755,2021-04-23 19:00:00,2020,Everton,1,0.529676,away,-0.47032399999999996,0.4657066,1.0749387820603555,32
14769,2021-05-01 19:00:00,2020,Everton,1,1.223,home,0.2230000000000001,0.3706086,0.8381686944031622,33
14783,2021-05-09 15:30:00,2020,Everton,1,1.56222,away,0.5622199999999999,0.17628060000000004,0.35434087894703237,34
14616,2021-05-13 21:00:00,2020,Everton,0,0.975408,away,0.975408,0.31010480000000007,0.6875294587768265,35
14787,2021-05-16 18:00:00,2020,Everton,0,1.24609,home,1.24609,0.5072788000000001,1.1784430980091913,36
14799,2021-05-19 17:00:00,2020,Everton,1,0.670997,home,-0.32900300000000005,0.535543,1.2488138430465257,37
14811,2021-05-23 15:00:00,2020,Everton,0,1.07258,away,1.07258,0.7054590000000001,1.6718619220214743,38
16380,2021-08-14 14:00:00,2021,Everton,3,2.38863,home,-0.61137,0.470741,1.5402376253354353,1
16390,2021-08-21 14:00:00,2021,Everton,2,1.85713,away,-0.14287000000000005,0.2470854,0.6223733536864046,2
16400,2021-08-28 14:00:00,2021,Everton,2,1.54868,away,-0.45131999999999994,-0.09239659999999997,-0.7708329808205616,3
16415,2021-09-13 19:00:00,2021,Everton,3,1.80386,home,-1.19614,-0.26582399999999995,-1.4825648318673723,4
16422,2021-09-18 16:30:00,2021,Everton,0,0.755035,away,0.755035,-0.329333,-1.7432005683665182,5
16428,2021-09-25 14:00:00,2021,Everton,2,2.26681,home,0.26681,-0.153697,-1.022404803738451,6
16442,2021-10-02 11:30:00,2021,Everton,1,1.32211,away,0.3221099999999999,-0.060701000000000005,-0.6407568333488284,7
16449,2021-10-17 13:00:00,2021,Everton,0,0.854165,home,0.854165,0.20039599999999996,0.4307638785615684,8
16461,2021-10-23 14:00:00,2021,Everton,2,1.84089,home,-0.15911000000000008,0.40780199999999994,1.2819411221702186,9
16475,2021-11-01 20:00:00,2021,Everton,1,1.69767,away,0.69767,0.396329,1.2348568694681656,10
16481,2021-11-07 14:00:00,2021,Everton,0,0.597906,home,0.597906,0.46254819999999996,1.5066150448824254,11
16490,2021-11-21 14:00:00,2021,Everton,0,0.266894,away,0.266894,0.45150500000000005,1.4612946561925177,12
16497,2021-11-28 14:00:00,2021,Everton,0,0.968075,away,0.968075,0.474287,1.554790119023353,13
16507,2021-12-01 20:15:00,2021,Everton,1,0.512263,home,-0.487737,0.40856159999999997,1.2850584583815392,14
16517,2021-12-06 20:00:00,2021,Everton,2,1.06108,home,-0.93892,0.08124360000000001,-0.058227815995750616,15
16531,2021-12-12 16:30:00,2021,Everton,1,1.27556,away,0.27556,0.016774400000000012,-0.32280413468303454,16
16543,2021-12-16 19:45:00,2021,Everton,1,0.627528,away,-0.372472,-0.11109879999999998,-0.8475852784658454,17
16580,2022-01-02 14:00:00,2021,Everton,2,1.82698,home,-0.17301999999999995,-0.3393178,-1.784177370107951,18
16592,2022-01-15 15:00:00,2021,Everton,1,0.541027,away,-0.45897299999999996,-0.333565,-1.7605683498914104,19
16600,2022-01-22 12:30:00,2021,Everton,0,1.2384,home,1.2384,0.10189899999999999,0.02654025454046385,20
16612,2022-02-08 19:45:00,2021,Everton,1,0.823607,away,-0.17639300000000002,0.011508399999999974,-0.3444153675540372,21
16619,2022-02-12 15:00:00,2021,Everton,3,2.58561,home,-0.41439000000000004,0.003124799999999972,-0.3788209755861939,22
16633,2022-02-19 15:00:00,2021,Everton,0,0.19991,away,0.19991,0.07771079999999997,-0.07272613796435652,23
16641,2022-02-26 17:30:00,2021,Everton,0,0.770819,home,0.770819,0.3236692,0.9366669989477574,24
16653,2022-03-07 20:00:00,2021,Everton,0,0.208263,away,0.208263,0.11764179999999998,0.09114741687271195,25
16661,2022-03-13 14:00:00,2021,Everton,0,0.397268,home,0.397268,0.232374,0.5619989725131294,26
16571,2022-03-17 19:45:00,2021,Everton,1,0.708809,home,-0.291191,0.2570138,0.6631186944453225,27
16677,2022-04-03 13:00:00,2021,Everton,1,0.657846,away,-0.34215399999999996,0.148601,0.2182014390337341,28
16558,2022-04-06 18:30:00,2021,Everton,2,2.31574,away,0.3157399999999999,0.05758519999999998,-0.15531995267545573,29
16692,2022-04-09 11:30:00,2021,Everton,1,0.357295,home,-0.6427050000000001,-0.11260840000000003,-0.8537805532744414,30
16547,2022-04-20 18:45:00,2021,Everton,1,1.68819,home,0.6881900000000001,-0.05442400000000003,-0.6149965392486988,31
16708,2022-04-24 15:30:00,2021,Everton,0,0.424961,away,0.424961,0.08880639999999998,-0.02719070396445223,32
16724,2022-05-01 13:00:00,2021,Everton,1,1.11712,home,0.11711999999999989,0.18066119999999994,0.34977387505555596,33
16729,2022-05-08 13:00:00,2021,Everton,2,1.55635,away,-0.4436500000000001,0.028783199999999943,-0.2735210026470881,34
16674,2022-05-11 18:45:00,2021,Everton,0,0.812193,away,0.812193,0.3197628,0.9206354531658957,35
16744,2022-05-15 15:30:00,2021,Everton,2,2.69589,home,0.6958899999999999,0.32130279999999994,0.926955487085634,36
16704,2022-05-19 18:45:00,2021,Everton,3,0.813157,home,-2.186843,-0.20105800000000004,-1.2167704702791937,37
16746,2022-05-22 15:00:00,2021,Everton,1,1.08601,away,0.08600999999999992,-0.20728000000000005,-1.24230504888219,38
18208,2022-08-06 16:30:00,2022,Everton,0,0.541983,home,0.541983,-0.010153400000000024,-1.1785262564852246,1
18212,2022-08-13 11:30:00,2022,Everton,1,1.37507,away,0.37507,-0.09757800000000005,-1.475471332905453,2
18224,2022-08-20 14:00:00,2022,Everton,1,1.43408,home,0.43408,-0.14994000000000002,-1.6533233115420836,3
18233,2022-08-27 14:00:00,2022,Everton,1,1.65465,away,0.65465,0.4183586,0.27695113302510616,4
18245,2022-08-30 19:00:00,2022,Everton,1,1.17189,away,0.1718900000000001,0.4355346000000001,0.3352908753012374,5
18252,2022-09-03 11:30:00,2022,Everton,0,1.39169,home,1.39169,0.605476,0.9125112687598355,6
18277,2022-09-18 13:15:00,2022,Everton,1,0.39773,home,-0.6022700000000001,0.41000800000000004,0.24858761114276695,7
18290,2022-10-01 14:00:00,2022,Everton,2,1.99979,away,-0.00021000000000004349,0.32315000000000005,-0.046432960272008564,8
18297,2022-10-09 18:00:00,2022,Everton,1,0.365844,home,-0.6341559999999999,0.06538880000000005,-0.9219407605040911,9
18310,2022-10-15 16:30:00,2022,Everton,0,0.560039,away,0.560039,0.14301860000000002,-0.6582645538816185,10
18319,2022-10-19 18:30:00,2022,Everton,0,0.0609567,away,0.0609567,-0.12312806000000001,-1.5622542809457232,11
18324,2022-10-22 14:00:00,2022,Everton,3,1.93396,home,-1.06604,-0.21588206000000004,-1.8773011169424776,12
18337,2022-10-29 16:30:00,2022,Everton,0,1.19166,away,1.19166,0.022491939999999967,-1.0676435875217483,13
18344,2022-11-05 17:30:00,2022,Everton,0,1.3729,home,1.3729,0.42390314,0.2957836338774407,14
18352,2022-11-12 15:00:00,2022,Everton,0,0.768756,away,0.768756,0.46564654,0.4375686360740782,15
18367,2022-12-26 15:00:00,2022,Everton,1,1.22653,home,0.2265299999999999,0.49876119999999985,0.5500453902637438,16
18376,2022-12-31 15:00:00,2022,Everton,1,0.0760019,away,-0.9239981,0.5271695799999999,0.6465368648609956,17
18387,2023-01-03 19:45:00,2022,Everton,1,1.16896,home,0.16896,0.32262957999999997,-0.04820061098668885,18
18396,2023-01-14 15:00:00,2022,Everton,1,1.18191,home,0.18191000000000002,0.08443157999999998,-0.8572603414646723,19
18411,2023-01-21 15:00:00,2022,Everton,0,0.286826,away,0.286826,-0.011954420000000021,-1.1846435738253596,20
18416,2023-02-04 12:30:00,2022,Everton,1,2.09191,home,1.09191,0.16112158,-0.5967762453330653,21
18428,2023-02-13 20:00:00,2022,Everton,0,0.402331,away,0.402331,0.42638739999999997,0.3042216338859933,22
18436,2023-02-18 15:00:00,2022,Everton,1,1.53811,home,0.5381100000000001,0.5002174,0.5549914971979841,23
18444,2023-02-25 15:00:00,2022,Everton,0,1.54109,home,1.54109,0.7720534,1.4783055506082274,24
18269,2023-03-01 20:00:00,2022,Everton,0,1.604,away,1.604,1.0354882,2.373084214940093,25
18459,2023-03-05 14:00:00,2022,Everton,2,1.70877,away,-0.2912300000000001,0.7588602000000001,1.4334937266796384,26
18464,2023-03-11 15:00:00,2022,Everton,1,1.71599,home,0.7159899999999999,0.8215920000000001,1.6465676114326537,27
18476,2023-03-18 17:30:00,2022,Everton,2,1.64675,away,-0.35325000000000006,0.6433199999999999,1.0410516277897548,28
18487,2023-04-03 19:00:00,2022,Everton,1,0.823365,home,-0.176635,0.299775,-0.12582813235541354,29
18498,2023-04-08 11:30:00,2022,Everton,0,0.949183,away,0.949183,0.16881159999999995,-0.5706564395052653,30
18504,2023-04-15 14:00:00,2022,Everton,1,2.24262,home,1.24262,0.47558159999999994,0.47131391087018293,31
18516,2023-04-22 14:00:00,2022,Everton,0,0.433712,away,0.433712,0.419126,0.2795576722788731,32
18522,2023-04-27 18:45:00,2022,Everton,1,0.777008,home,-0.22299199999999997,0.44517760000000006,0.3680441435108746,33
18538,2023-05-01 19:00:00,2022,Everton,2,3.28648,away,1.28648,0.7378006000000001,1.3619630072782407,34
18543,2023-05-08 16:30:00,2022,Everton,5,2.94223,away,-2.05777,0.13640999999999998,-0.680711224864737,35
18557,2023-05-14 13:00:00,2022,Everton,0,1.18597,home,1.18597,0.12507999999999994,-0.7191945318039874,36
18571,2023-05-20 14:00:00,2022,Everton,1,2.46976,away,1.46976,0.3322895999999999,-0.015389532902020296,37
18577,2023-05-28 15:30:00,2022,Everton,1,1.12933,home,0.12932999999999995,0.40275399999999995,0.2239487842639209,38
22279,2023-08-12 14:00:00,2023,Everton,0,2.59001,home,2.59001,0.6634599999999999,0.20004162337391376,1
22292,2023-08-20 13:00:00,2023,Everton,0,0.721465,away,0.721465,1.219307,1.3207635616352078,2
22299,2023-08-26 14:00:00,2023,Everton,0,1.89792,home,1.89792,1.361697,1.6078562270431809,3
21926,2023-09-02 11:30:00,2023,Everton,2,2.73871,away,0.7387100000000002,1.215487,1.3130615180797724,4
21941,2023-09-17 15:30:00,2023,Everton,0,0.28317,home,0.28317,1.2462550000000001,1.3750972448110916,5
21949,2023-09-23 16:30:00,2023,Everton,3,2.51497,away,-0.48503000000000007,0.631247,0.13509242728720106,6
21956,2023-09-30 14:00:00,2023,Everton,1,3.65377,home,2.65377,1.017708,0.9142912373597534,7
21969,2023-10-07 14:00:00,2023,Everton,3,3.16482,home,0.1648200000000002,0.6710880000000001,0.21542151558356384,8
21979,2023-10-21 11:30:00,2023,Everton,0,0.0937725,away,0.0937725,0.5421005000000001,-0.04464846952291096,9
21993,2023-10-29 13:00:00,2023,Everton,1,0.733813,away,-0.26618699999999995,0.4322291000000001,-0.26617577535973647,10
21997,2023-11-04 15:00:00,2023,Everton,1,0.617607,home,-0.382393,0.4527565000000001,-0.22478757408228975,11
22010,2023-11-11 15:00:00,2023,Everton,3,1.7904,away,-1.2096,-0.31991749999999997,-1.7826851662688217,12
22017,2023-11-26 16:30:00,2023,Everton,0,2.49764,home,2.49764,0.14664650000000004,-0.8419793418190318,13
22033,2023-12-02 17:30:00,2023,Everton,1,0.623789,away,-0.37621099999999996,0.05264980000000004,-1.0314994144544247,14
22037,2023-12-07 19:30:00,2023,Everton,3,2.95393,home,-0.04606999999999983,0.09667320000000008,-0.9427375965857446,15
22048,2023-12-10 14:00:00,2023,Everton,2,1.11437,home,-0.8856299999999999,-0.003974199999999905,-1.1456670883504925,16
22058,2023-12-16 17:30:00,2023,Everton,2,2.22305,away,0.2230500000000002,0.28255580000000013,-0.5679533344397785,17
22071,2023-12-23 15:00:00,2023,Everton,1,1.98385,away,0.9838499999999999,-0.020202199999999903,-1.1783866597687143,18
22081,2023-12-27 20:15:00,2023,Everton,1,1.23529,home,0.23529,0.10209800000000009,-0.9317998882403189,19
22094,2023-12-30 15:00:00,2023,Everton,0,0.519641,away,0.519641,0.21524020000000005,-0.7036778588272844,20
22098,2024-01-14 14:00:00,2023,Everton,0,1.03664,home,1.03664,0.5996942000000001,0.07147435401601154,21
22106,2024-01-30 19:45:00,2023,Everton,0,2.83317,away,2.83317,1.1217182,1.1240009469434067,22
22121,2024-02-03 12:30:00,2023,Everton,2,3.25881,home,1.25881,1.1767102,1.2348781142733825,23
22130,2024-02-10 12:30:00,2023,Everton,0,0.192072,away,0.192072,1.1680666,1.2174505269237061,24
22137,2024-02-19 20:00:00,2023,Everton,1,2.44588,home,1.4458799999999998,1.3533144,1.5909548787950674,25
22148,2024-02-24 15:00:00,2023,Everton,1,0.286655,away,-0.713345,1.0033174,0.8852763085668608,26
22157,2024-03-02 15:00:00,2023,Everton,1,3.12075,home,2.12075,0.8608334000000001,0.5979941164326544,27
22172,2024-03-09 12:30:00,2023,Everton,0,1.8214,away,1.8214,0.9733514000000001,0.8248576077338295,28
22185,2024-03-30 15:00:00,2023,Everton,1,0.93378,away,-0.06621999999999995,0.9216930000000001,0.7207017839631207,29
22202,2024-04-02 18:30:00,2023,Everton,1,1.69834,away,0.69834,0.7721850000000001,0.4192575096474016,30
22208,2024-04-06 14:00:00,2023,Everton,1,0.659844,home,-0.340156,0.8468228000000002,0.5697453595117687,31
22219,2024-04-15 19:00:00,2023,Everton,0,1.21791,away,1.21791,0.6662548000000001,0.2056766158683464,32
22228,2024-04-21 12:30:00,2023,Everton,2,0.473233,home,-1.526767,-0.0033785999999998762,-1.1444662147532103,33
22179,2024-04-24 19:00:00,2023,Everton,2,1.89111,home,-0.10888999999999993,-0.011912599999999874,-1.1616728220050652,34
22237,2024-04-27 16:30:00,2023,Everton,1,1.21399,home,0.2139899999999999,-0.10878259999999988,-1.3569861621137131,35
22252,2024-05-03 19:00:00,2023,Everton,1,1.22959,away,0.22958999999999996,0.00516660000000011,-1.1272370255935487,36
22257,2024-05-11 14:00:00,2023,Everton,1,1.82411,home,0.8241099999999999,-0.07359339999999989,-1.2860362272757735,37
22265,2024-05-19 15:00:00,2023,Everton,1,0.664904,away,-0.33509599999999995,0.16474080000000008,-0.8054968583883729,38
26605,2024-08-17 14:00:00,2024,Everton,0,0.405325,home,0.405325,0.26758380000000004,0.31825544831963226,1
26617,2024-08-24 14:00:00,2024,Everton,0,0.648869,away,0.648869,0.3545596000000001,0.552269980252329,2
26624,2024-08-31 14:00:00,2024,Everton,2,2.55629,home,0.5562900000000002,0.4198996000000001,0.728071864414158,3
26638,2024-09-14 16:30:00,2024,Everton,2,0.852158,away,-1.147842,0.02550920000000012,-0.3330633577367046,4
26644,2024-09-21 14:00:00,2024,Everton,1,1.82377,away,0.8237699999999999,0.2572824000000001,0.29053880415825095,5
26654,2024-09-28 14:00:00,2024,Everton,2,1.10959,home,-0.8904099999999999,-0.001864599999999883,-0.40671449971205004,6
26669,2024-10-05 16:30:00,2024,Everton,0,0.692214,home,0.692214,0.006804400000000088,-0.3833899430270349,7
26674,2024-10-19 14:00:00,2024,Everton,2,1.60804,away,-0.3919600000000001,-0.18284559999999997,-0.8936566606776449,8
26687,2024-10-26 16:30:00,2024,Everton,1,0.884845,home,-0.11515500000000001,0.02369180000000004,-0.33795320077734925,9
26699,2024-11-02 15:00:00,2024,Everton,0,1.78581,away,1.78581,0.2160998,0.1797341106369325,10
26710,2024-11-09 15:00:00,2024,Everton,0,0.865983,away,0.865983,0.5673784000000001,1.1248739904307714,11
26715,2024-11-23 15:00:00,2024,Everton,0,1.5951,home,1.5951,0.7479556,1.6107296989809305,12
26727,2024-12-01 13:30:00,2024,Everton,0,0.766749,away,0.766749,0.9796974,2.23424737695849,13
26735,2024-12-04 19:30:00,2024,Everton,4,1.49904,home,-2.50096,0.5025364,0.9504120104365669,14
26755,2024-12-14 15:00:00,2024,Everton,0,0.132166,away,0.132166,0.17180760000000003,0.060562818722752,15
26764,2024-12-22 14:00:00,2024,Everton,0,1.07081,home,1.07081,0.21277300000000005,0.17078312030590148,16
26777,2024-12-26 12:30:00,2024,Everton,1,0.653289,away,-0.346711,-0.17558919999999995,-0.8741328040472209,17
26785,2024-12-29 15:00:00,2024,Everton,0,0.615191,home,0.615191,-0.2059007999999999,-0.9556883043833043,18
26792,2025-01-04 15:00:00,2024,Everton,0,0.561015,away,0.561015,0.40649420000000014,0.6920036890553735,19
26804,2025-01-15 19:30:00,2024,Everton,0,1.23126,home,1.23126,0.6263130000000001,1.2834416935578563,20
26815,2025-01-19 14:00:00,2024,Everton,3,2.56089,home,-0.4391099999999999,0.3243290000000001,0.4709324161362809,21
26824,2025-01-25 15:00:00,2024,Everton,1,0.870883,away,-0.12911700000000004,0.3678478000000001,0.5880228207347169,22
26836,2025-02-01 15:00:00,2024,Everton,4,3.11261,home,-0.8873899999999999,0.06733160000000013,-0.220537237134169,23
26748,2025-02-12 19:30:00,2024,Everton,2,0.910523,home,-1.089477,-0.2627667999999999,-1.1086902931305733,24
26844,2025-02-15 17:30:00,2024,Everton,2,1.01565,away,-0.9843500000000001,-0.7058888,-2.3009413263959235,25
26855,2025-02-22 12:30:00,2024,Everton,2,2.10444,home,0.10443999999999987,-0.5971787999999999,-2.0084493945435753,26
26862,2025-02-26 19:30:00,2024,Everton,1,1.44955,away,0.4495499999999999,-0.48144539999999997,-1.697060509014732,27
26881,2025-03-08 20:00:00,2024,Everton,1,1.3672,away,0.36719999999999997,-0.2305274,-1.0219479107576495,28
26885,2025-03-15 15:00:00,2024,Everton,1,1.189,home,0.18900000000000006,0.025168000000000034,-0.3339813804314709,29
26901,2025-04-02 20:00:00,2024,Everton,0,0.823136,away,0.823136,0.38666520000000004,0.6386523642766022,30
26905,2025-04-05 11:30:00,2024,Everton,1,1.22875,home,0.22875,0.4115272000000001,0.7055453309743585,31
26920,2025-04-12 14:00:00,2024,Everton,1,1.26036,away,0.2603599999999999,0.3736892000000001,0.6037395199410668,32
26925,2025-04-19 14:00:00,2024,Everton,0,0.81683,home,0.81683,0.4636152000000001,0.8456917733101611,33
26935,2025-04-26 11:30:00,2024,Everton,0,0.916838,away,0.916838,0.6091828,1.2373516807621878,34
26950,2025-05-03 14:00:00,2024,Everton,2,0.808481,home,-1.191519,0.20625180000000007,0.1532373711936255,35
26953,2025-05-10 14:00:00,2024,Everton,3,1.32604,away,-1.67396,-0.17429019999999992,-0.8706377528148026,36
26968,2025-05-18 11:00:00,2024,Everton,2,2.67793,home,0.6779299999999999,-0.0907761999999999,-0.6459374382465292,37
26973,2025-05-25 15:00:00,2024,Everton,1,1.07279,away,0.07278999999999991,-0.23958419999999991,-1.0463158707282163,38
9201,2018-08-11 17:00:00,2018,Fulham,0,0.638076,home,0.638076,,,1
9209,2018-08-18 17:00:00,2018,Fulham,1,1.44253,away,0.4425300000000001,,,2
9220,2018-08-26 17:00:00,2018,Fulham,4,1.92459,home,-2.0754099999999998,-0.33160133333333325,-1.8276350462648272,3
9233,2018-09-01 14:00:00,2018,Fulham,2,1.51555,away,-0.48445000000000005,-0.36981349999999996,-1.9591647393276386,4
9239,2018-09-15 14:00:00,2018,Fulham,0,0.342698,away,0.342698,-0.2273112,-1.4686590858993338,5
9247,2018-09-22 11:30:00,2018,Fulham,1,1.77245,home,0.7724500000000001,-0.2004364,-1.3761536222348525,6
9262,2018-09-29 14:00:00,2018,Fulham,0,0.536317,away,0.536317,-0.18167899999999998,-1.3115889749020297,7
9274,2018-10-07 11:00:00,2018,Fulham,1,1.31588,home,0.31587999999999994,0.2965789999999999,0.334617807706491,8
9282,2018-10-20 14:00:00,2018,Fulham,2,0.947712,away,-1.052288,0.18301139999999996,-0.05629202214386474,9
9289,2018-10-27 14:00:00,2018,Fulham,0,0.383833,home,0.383833,0.19123839999999998,-0.027973952816179,10
9306,2018-11-05 20:00:00,2018,Fulham,0,0.354166,away,0.354166,0.10758159999999994,-0.31592813564495464,11
9313,2018-11-11 12:00:00,2018,Fulham,0,0.571301,away,0.571301,0.11457839999999993,-0.2918445246723096,12
9320,2018-11-24 15:00:00,2018,Fulham,3,1.3875,home,-1.6125,-0.27109760000000005,-1.619375788319387,13
9334,2018-12-02 12:00:00,2018,Fulham,0,0.285256,away,0.285256,-0.003588800000000114,-0.6985865888340335,14
9342,2018-12-05 19:45:00,2018,Fulham,1,1.47593,home,0.47592999999999996,0.014830599999999883,-0.6351853677115862,15
9349,2018-12-08 15:00:00,2018,Fulham,1,1.23251,away,0.23251,-0.009500600000000114,-0.7189355328295861,16
9364,2018-12-15 17:30:00,2018,Fulham,0,1.03424,home,1.03424,0.08308719999999989,-0.40024004974973965,17
9369,2018-12-22 15:00:00,2018,Fulham,0,0.245408,away,0.245408,0.4546687999999999,0.8787770293425629,18
9383,2018-12-26 12:30:00,2018,Fulham,1,1.2769,home,0.2768999999999999,0.45299759999999994,0.8730246095710271,19
9393,2018-12-29 15:00:00,2018,Fulham,1,1.72386,home,0.72386,0.5025835999999999,1.043704053558218,20
9406,2019-01-01 15:00:00,2018,Fulham,1,1.71312,away,0.71312,0.5987056,1.3745645689241845,21
9415,2019-01-12 15:00:00,2018,Fulham,1,0.903255,away,-0.09674499999999997,0.3725085999999999,0.5959742774796092,22
9424,2019-01-20 16:00:00,2018,Fulham,1,0.937902,home,-0.06209799999999999,0.31100739999999993,0.384281650114122,23
9429,2019-01-29 19:45:00,2018,Fulham,4,3.46113,home,-0.5388700000000002,0.14785339999999988,-0.17730900055917723,24
9442,2019-02-02 15:00:00,2018,Fulham,0,0.560836,away,0.560836,0.11524859999999992,-0.2895376363699619,25
9447,2019-02-09 12:30:00,2018,Fulham,0,2.18741,home,2.18741,0.41010659999999993,0.7253899539816545,26
9457,2019-02-22 19:45:00,2018,Fulham,1,1.23555,away,0.23554999999999993,0.4765655999999999,0.9541477720743569,27
9472,2019-02-27 19:45:00,2018,Fulham,0,0.798715,away,0.798715,0.6487282,1.5467468291346003,28
9482,2019-03-03 14:05:00,2018,Fulham,1,0.898469,home,-0.10153100000000004,0.736196,1.8478188145898264,29
9491,2019-03-09 15:00:00,2018,Fulham,1,0.15103,away,-0.84897,0.45423479999999994,0.8772831625517261,30
9502,2019-03-17 14:15:00,2018,Fulham,1,0.915765,home,-0.08423499999999995,-9.420000000002205e-05,-0.6865578632873538,31
9512,2019-03-30 12:30:00,2018,Fulham,0,0.661491,home,0.661491,0.085094,-0.39333246478233924,32
9518,2019-04-02 19:45:00,2018,Fulham,1,1.90917,away,0.90917,0.10718500000000002,-0.31729326829298654,33
9533,2019-04-13 15:00:00,2018,Fulham,2,1.66303,home,-0.33697,0.06009720000000003,-0.4793736845915398,34
9545,2019-04-20 15:00:00,2018,Fulham,1,2.61689,away,1.6168900000000002,0.5532692000000001,1.2181684190274478,35
9553,2019-04-27 15:00:00,2018,Fulham,1,0.519072,home,-0.480928,0.4739306,0.9450778665585613,36
9557,2019-05-04 14:00:00,2018,Fulham,0,0.512477,away,0.512477,0.4441278000000001,0.8424939651900007,37
9573,2019-05-12 14:00:00,2018,Fulham,0,0.569845,home,0.569845,0.3762628,0.608896569429287,38
14086,2020-09-12 11:30:00,2020,Fulham,0,0.126327,home,0.126327,0.4689222,0.5208208675414802,1
14097,2020-09-19 14:00:00,2020,Fulham,3,1.55503,away,-1.44497,-0.14344980000000002,-2.7634692439652477,2
14114,2020-09-28 17:00:00,2020,Fulham,0,0.534675,home,0.534675,0.0596708,-1.6740873355446904,3
14474,2020-10-04 13:00:00,2020,Fulham,0,0.969393,away,0.969393,0.151054,-1.1839784799506372,4
14482,2020-10-18 11:00:00,2020,Fulham,1,1.35611,away,0.3561099999999999,0.10830699999999997,-1.4132403492009917,5
14489,2020-10-24 14:00:00,2020,Fulham,1,1.05258,home,0.05258000000000007,0.09355759999999999,-1.4923447311300437,6
14497,2020-11-02 17:30:00,2020,Fulham,2,1.62247,home,-0.3775299999999999,0.30704560000000003,-0.3473601019743206,7
14514,2020-11-07 20:00:00,2020,Fulham,0,1.84922,away,1.84922,0.5699546000000001,1.062680574160647,8
14517,2020-11-22 12:00:00,2020,Fulham,2,1.87028,home,-0.12972000000000006,0.35013200000000005,-0.1162779534429972,9
14532,2020-11-30 17:30:00,2020,Fulham,2,2.03719,away,0.037189999999999834,0.28634800000000005,-0.4583660313961779,10
14540,2020-12-05 15:00:00,2020,Fulham,0,0.287444,away,0.287444,0.33332080000000003,-0.20644023702644318,11
14547,2020-12-13 16:30:00,2020,Fulham,1,1.72509,home,0.72509,0.5538448,0.9762800580718135,12
14557,2020-12-16 20:00:00,2020,Fulham,0,1.00448,home,1.00448,0.38489680000000004,0.07017356437380212,13
14571,2020-12-19 20:00:00,2020,Fulham,1,1.10645,away,0.10644999999999993,0.43213080000000004,0.32350023366454167,14
14577,2020-12-26 15:00:00,2020,Fulham,0,0.781855,home,0.781855,0.5810638000000001,1.1222617367656498,15
14589,2021-01-13 20:00:00,2020,Fulham,1,1.05329,away,0.05329000000000006,0.5342330000000001,0.8710975206454655,16
14617,2021-01-16 17:30:00,2020,Fulham,0,0.46126,home,0.46126,0.48146700000000003,0.5881014789848996,17
14607,2021-01-20 20:15:00,2020,Fulham,1,0.753669,home,-0.24633099999999997,0.23130480000000003,-0.7535752138305268,18
14625,2021-01-27 19:30:00,2020,Fulham,0,0.513226,away,0.513226,0.31266000000000005,-0.3172487996906704,19
14640,2021-01-30 15:00:00,2020,Fulham,2,1.52044,away,-0.47956,0.060377000000000056,-1.670299824559952,20
14647,2021-02-03 18:00:00,2020,Fulham,0,0.731288,home,0.731288,0.19597660000000006,-0.9430483738008258,21
14657,2021-02-06 17:30:00,2020,Fulham,0,1.60884,home,1.60884,0.4254926000000001,0.28789805946617253,22
14669,2021-02-14 19:00:00,2020,Fulham,2,2.55085,away,0.5508500000000001,0.5849288000000001,1.1429906095439177,23
14602,2021-02-17 18:00:00,2020,Fulham,1,0.594471,away,-0.40552900000000003,0.40117780000000014,0.15749226494378468,24
14679,2021-02-20 20:00:00,2020,Fulham,1,1.21006,home,0.2100599999999999,0.5391018000000001,0.8972100007962628,25
14687,2021-02-28 12:00:00,2020,Fulham,0,0.813134,away,0.813134,0.555471,0.9850017379973037,26
14757,2021-03-04 18:00:00,2020,Fulham,0,1.1715,home,1.1715,0.46800300000000006,0.5158909891824159,27
14699,2021-03-07 14:00:00,2020,Fulham,1,1.37047,away,0.3704700000000001,0.43192700000000006,0.3224072079796231,28
14708,2021-03-13 20:00:00,2020,Fulham,0,0.449499,home,0.449499,0.6029326,1.2395490777781684,29
14718,2021-03-19 20:00:00,2020,Fulham,1,1.47498,home,0.47497999999999996,0.6559166000000001,1.5237143029486082,30
14726,2021-04-04 15:30:00,2020,Fulham,1,1.52172,away,0.52172,0.5976338,1.2111304099702804,31
14738,2021-04-09 19:00:00,2020,Fulham,0,0.733154,home,0.733154,0.5099646,0.7409405798609585,32
14745,2021-04-18 12:30:00,2020,Fulham,1,0.839128,away,-0.16087200000000001,0.4036962,0.17099901609638166,33
14767,2021-05-01 16:30:00,2020,Fulham,0,0.290042,away,0.290042,0.37180480000000005,-4.180494394273431e-05,34
14777,2021-05-10 19:00:00,2020,Fulham,0,0.778074,home,0.778074,0.4324236000000001,0.32507058656220733,35
14792,2021-05-15 14:00:00,2020,Fulham,1,0.875957,away,-0.12404300000000001,0.303271,-0.36760413902188865,36
14800,2021-05-18 17:00:00,2020,Fulham,1,0.872643,away,-0.12735700000000005,0.13116880000000003,-1.290627323668726,37
14807,2021-05-23 15:00:00,2020,Fulham,0,0.98902,home,0.98902,0.36114720000000006,-0.057200934186289,38
18203,2022-08-06 11:30:00,2022,Fulham,2,1.26822,home,-0.7317800000000001,0.15678280000000006,0.8698307312797082,1
18216,2022-08-13 14:00:00,2022,Fulham,0,1.08813,away,1.08813,0.21879400000000002,1.0422285456237361,2
18225,2022-08-20 14:00:00,2022,Fulham,3,2.89934,home,-0.10065999999999997,0.22347060000000002,1.0552299972737813,3
18238,2022-08-27 16:30:00,2022,Fulham,1,0.926007,away,-0.07399299999999998,0.23414340000000006,1.084901530689212,4
18242,2022-08-30 18:30:00,2022,Fulham,2,1.07093,home,-0.9290700000000001,-0.14947459999999996,0.018402176652725567,5
18255,2022-09-03 14:00:00,2022,Fulham,1,0.381556,away,-0.618444,-0.12680739999999996,0.0814194338143182,6
18273,2022-09-16 19:00:00,2022,Fulham,3,1.3496,away,-1.6504,-0.6745134,-1.4412622318059287,7
18285,2022-10-01 14:00:00,2022,Fulham,1,0.683701,home,-0.316299,-0.7176412,-1.5611621604876242,8
18301,2022-10-09 13:00:00,2022,Fulham,1,0.549848,away,-0.450152,-0.7928729999999999,-1.7703146666343694,9
18304,2022-10-15 14:00:00,2022,Fulham,2,1.61738,home,-0.38261999999999996,-0.6835829999999999,-1.4664766965634979,10
18316,2022-10-20 18:30:00,2022,Fulham,3,2.892,home,-0.1080000000000001,-0.5814942,-1.1826588380314165,11
18325,2022-10-23 13:00:00,2022,Fulham,3,2.47512,away,-0.52488,-0.3563902,-0.55684547528246,12
18337,2022-10-29 16:30:00,2022,Fulham,0,1.76438,home,1.76438,0.059745600000000024,0.6000568647835861,13
18346,2022-11-05 15:00:00,2022,Fulham,1,0.843884,away,-0.15611600000000003,0.11855280000000004,0.7635472140703622,14
18354,2022-11-13 16:30:00,2022,Fulham,1,1.70218,home,0.70218,0.33551280000000006,1.3667193797449553,15
18366,2022-12-26 15:00:00,2022,Fulham,3,2.69927,away,-0.30073000000000016,0.29696680000000003,1.2595573485037455,16
18374,2022-12-31 15:00:00,2022,Fulham,2,1.49305,home,-0.50695,0.3005528,1.2695268147007823,17
18389,2023-01-03 19:45:00,2022,Fulham,1,1.33493,away,0.33492999999999995,0.014662799999999998,0.4747218255566569,18
18262,2023-01-12 19:00:00,2022,Fulham,2,0.711266,home,-1.288734,-0.21186080000000002,-0.15503817807721698,19
18398,2023-01-15 14:00:00,2022,Fulham,0,0.989872,away,0.989872,-0.15432240000000003,0.004924770565164108,20
18405,2023-01-23 20:00:00,2022,Fulham,0,1.09339,home,1.09339,0.12450160000000003,0.7800855187309679,21
18415,2023-02-03 20:00:00,2022,Fulham,0,0.493341,away,0.493341,0.3245598,1.3362688601531696,22
18425,2023-02-11 15:00:00,2022,Fulham,2,1.69704,home,-0.3029599999999999,0.19698180000000004,0.9815882805420283,23
18434,2023-02-18 15:00:00,2022,Fulham,1,0.224214,away,-0.775786,0.29957140000000015,1.2667984170081523,24
18445,2023-02-24 20:00:00,2022,Fulham,1,0.913133,home,-0.08686700000000003,0.08422360000000009,0.668108340960682,25
18454,2023-03-06 20:00:00,2022,Fulham,2,1.67531,away,-0.3246899999999999,-0.19939239999999991,-0.12037468328325884,26
18465,2023-03-12 14:00:00,2022,Fulham,0,0.61832,home,0.61832,-0.1743965999999999,-0.05088366734129257,27
18483,2023-04-01 14:00:00,2022,Fulham,1,0.601049,away,-0.39895099999999994,-0.1935947999999999,-0.10425673090625373,28
18494,2023-04-08 14:00:00,2022,Fulham,0,0.456524,home,0.456524,0.05286720000000006,0.5809341720089912,29
18504,2023-04-15 14:00:00,2022,Fulham,3,1.92209,away,-1.07791,-0.1453413999999999,0.029892917780888654,30
18517,2023-04-22 11:30:00,2022,Fulham,2,1.43763,home,-0.56237,-0.19287739999999992,-0.10226228164530729,31
18528,2023-04-25 18:45:00,2022,Fulham,0,0.079864,away,0.079864,-0.30056859999999996,-0.40165541553217937,32
18537,2023-04-30 13:00:00,2022,Fulham,1,0.431813,home,-0.568187,-0.33441579999999993,-0.4957542767324977,33
18477,2023-05-03 19:00:00,2022,Fulham,0,0.740125,away,0.740125,-0.2776955999999999,-0.3380660122067967,34
18544,2023-05-08 14:00:00,2022,Fulham,5,1.75276,home,-3.2472399999999997,-0.7115615999999999,-1.5442602177404114,35
18561,2023-05-13 14:00:00,2022,Fulham,2,1.27085,away,-0.72915,-0.7449176,-1.636993490040567,36
18564,2023-05-20 14:00:00,2022,Fulham,2,1.95519,home,-0.044810000000000016,-0.7698523999999999,-1.7063149194130909,37
18580,2023-05-28 15:30:00,2022,Fulham,1,1.88167,away,0.88167,-0.47988099999999995,-0.9001631987194437,38
22279,2023-08-12 14:00:00,2023,Fulham,1,1.58144,away,0.58144,-0.511618,-0.9310279454294169,1
22287,2023-08-19 14:00:00,2023,Fulham,0,0.399899,home,0.399899,0.2178098,0.457879521943575,2
22297,2023-08-26 14:00:00,2023,Fulham,2,0.849817,away,-1.150183,0.13360319999999998,0.2975412738783236,3
21927,2023-09-02 14:00:00,2023,Fulham,1,1.46427,away,0.46426999999999996,0.2354192,0.49140967688962717,4
21939,2023-09-16 14:00:00,2023,Fulham,1,1.75704,home,0.7570399999999999,0.2104932,0.443947943827439,5
21948,2023-09-23 14:00:00,2023,Fulham,0,0.542678,away,0.542678,0.2027408,0.429186556545432,6
21964,2023-10-02 19:00:00,2023,Fulham,0,0.889383,home,0.889383,0.3006376,0.6155923893803202,7
21970,2023-10-07 14:00:00,2023,Fulham,3,2.26612,home,-0.7338800000000001,0.38389819999999997,0.7741293536665124,8
21984,2023-10-23 19:00:00,2023,Fulham,0,0.745838,away,0.745838,0.4402118,0.8813563877261626,9
21988,2023-10-29 14:00:00,2023,Fulham,1,0.552523,away,-0.447477,0.1993084,0.422650904914097,10
21998,2023-11-04 12:30:00,2023,Fulham,0,1.18241,home,1.18241,0.32725479999999996,0.6662743456213085,11
22007,2023-11-12 14:00:00,2023,Fulham,1,0.648745,away,-0.351255,0.07912719999999995,0.19381322403896847,12
22018,2023-11-27 20:00:00,2023,Fulham,3,2.49057,home,-0.50943,0.12401719999999994,0.27928851879792005,13
22030,2023-12-03 14:00:00,2023,Fulham,3,1.51005,away,-1.48995,-0.32314040000000005,-0.5721467154124916,14
22038,2023-12-06 19:30:00,2023,Fulham,5,3.09427,home,-1.9057300000000001,-0.6147910000000001,-1.1274802195698785,15
22049,2023-12-10 14:00:00,2023,Fulham,5,2.1884,home,-2.8116,-1.413593,-2.648483480965291,16
22062,2023-12-16 15:00:00,2023,Fulham,0,0.471042,away,0.471042,-1.2491336,-2.335335437060628,17
22067,2023-12-23 15:00:00,2023,Fulham,0,1.38096,home,1.38096,-0.8710556,-1.6154350473997923,18
22075,2023-12-26 15:00:00,2023,Fulham,0,0.324365,away,0.324365,-0.5081926,-0.9245056225364048,19
22087,2023-12-31 14:00:00,2023,Fulham,2,1.52829,home,-0.4717100000000001,-0.2213886,-0.37840055597266326,20
22097,2024-01-13 12:30:00,2023,Fulham,0,0.697847,away,0.697847,0.4805008,0.9580708931960535,21
22106,2024-01-30 19:45:00,2023,Fulham,0,2.37499,home,2.37499,0.8612904,1.6831344552620657,22
22119,2024-02-03 15:00:00,2023,Fulham,2,1.28806,away,-0.71194,0.4427104,0.8861139856652296,23
22127,2024-02-10 15:00:00,2023,Fulham,3,1.7456,home,-1.2544,0.12695739999999994,0.2848869697146113,24
22138,2024-02-17 15:00:00,2023,Fulham,1,1.41796,home,0.4179600000000001,0.3048914,0.6236920732485677,25
22152,2024-02-24 15:00:00,2023,Fulham,2,1.1385,away,-0.8614999999999999,-0.0069779999999999955,0.029859841319465785,26
22158,2024-03-02 15:00:00,2023,Fulham,3,1.37604,home,-1.62396,-0.8067679999999999,-1.4930246762849428,27
22174,2024-03-09 15:00:00,2023,Fulham,1,2.94155,away,1.9415499999999999,-0.2760699999999999,-0.48251970907652003,28
22180,2024-03-16 17:30:00,2023,Fulham,3,2.47234,home,-0.52766,-0.130722,-0.20576178654089755,29
22193,2024-03-30 15:00:00,2023,Fulham,3,1.10254,away,-1.89746,-0.5938060000000001,-1.0875225661834538,30
22198,2024-04-02 18:30:00,2023,Fulham,1,1.04304,away,0.04303999999999997,-0.41289800000000004,-0.7430546529677617,31
22209,2024-04-06 14:00:00,2023,Fulham,0,0.834564,home,0.834564,0.07880679999999998,0.193203148644877,32
22224,2024-04-14 13:00:00,2023,Fulham,2,3.61413,away,1.6141299999999998,0.01332279999999999,0.06851470574010565,33
22229,2024-04-21 15:30:00,2023,Fulham,1,0.83885,home,-0.16115000000000002,0.08662479999999999,0.20808944524602394,34
22238,2024-04-27 14:00:00,2023,Fulham,1,1.39418,home,0.39418,0.5449528,1.0807942992509423,35
22246,2024-05-04 14:00:00,2023,Fulham,0,1.45579,away,1.45579,0.8275027999999999,1.6187993011253412,36
22258,2024-05-11 11:30:00,2023,Fulham,0,0.0886245,home,0.0886245,0.6783148999999999,1.3347298039774464,37
22272,2024-05-19 15:00:00,2023,Fulham,4,1.11598,away,-2.88402,-0.22131510000000007,-0.37826060422027347,38
26602,2024-08-16 19:00:00,2024,Fulham,0,0.418711,away,0.418711,-0.10534290000000009,-0.3340677647843847,1
26614,2024-08-24 14:00:00,2024,Fulham,2,1.96218,home,-0.037819999999999965,-0.19174290000000008,-0.5431953392698422,2
26625,2024-08-31 14:00:00,2024,Fulham,1,1.18883,away,0.18883000000000005,-0.44513490000000006,-1.156520042441359,3
26634,2024-09-14 14:00:00,2024,Fulham,1,2.88601,home,1.8860100000000002,-0.08565780000000003,-0.2864208062600364,4
26646,2024-09-21 14:00:00,2024,Fulham,3,3.21141,home,0.21140999999999988,0.5334282,1.2120508786694077,5
26653,2024-09-28 14:00:00,2024,Fulham,1,1.43592,away,0.4359200000000001,0.5368699999999998,1.2203816111446857,6
26664,2024-10-05 14:00:00,2024,Fulham,2,2.75846,away,0.7584599999999999,0.6961259999999999,1.605854076448575,7
26673,2024-10-19 14:00:00,2024,Fulham,1,2.63074,home,1.6307399999999999,0.9845079999999999,2.303870606370626,8
26687,2024-10-26 16:30:00,2024,Fulham,1,1.49531,away,0.4953099999999999,0.7063679999999998,1.6306444076740383,9
26693,2024-11-04 20:00:00,2024,Fulham,2,1.43017,home,-0.5698300000000001,0.5501199999999997,1.2524526801485316,10
26706,2024-11-09 15:00:00,2024,Fulham,2,2.25331,away,0.2533099999999999,0.5135979999999998,1.1640527116837414,11
26717,2024-11-23 15:00:00,2024,Fulham,1,0.717158,home,-0.28284200000000004,0.30533759999999976,0.6599671525012046,12
26729,2024-12-01 13:30:00,2024,Fulham,1,1.57274,away,0.57274,0.09373759999999982,0.14779823165487582,13
26736,2024-12-05 19:30:00,2024,Fulham,3,0.666644,home,-2.333356,-0.4719956000000002,-1.2215352396633676,14
26749,2024-12-08 14:00:00,2024,Fulham,1,0.150988,home,-0.849012,-0.5278320000000002,-1.3566849028578098,15
26752,2024-12-14 15:00:00,2024,Fulham,2,1.2862,away,-0.7138,-0.7212540000000002,-1.8248547374888997,16
26763,2024-12-22 14:00:00,2024,Fulham,0,1.25255,home,1.25255,-0.4141756000000001,-1.0815843559046967,17
26775,2024-12-26 15:00:00,2024,Fulham,2,1.77929,away,-0.22070999999999996,-0.5728656000000001,-1.465686841959063,18
26786,2024-12-29 15:00:00,2024,Fulham,2,0.961566,home,-1.038434,-0.3138812000000001,-0.8388259692556889,19
26796,2025-01-05 14:00:00,2024,Fulham,2,2.65469,home,0.65469,-0.013140800000000064,-0.1108964507164957,20
26808,2025-01-14 19:30:00,2024,Fulham,2,2.83581,away,0.8358099999999999,0.29678119999999997,0.6392567453446383,21
26817,2025-01-18 15:00:00,2024,Fulham,2,2.36823,away,0.36823000000000006,0.11991719999999992,0.2111648549071849,22
26826,2025-01-26 19:00:00,2024,Fulham,0,0.560571,home,0.560571,0.2761733999999999,0.5893764301886032,23
26839,2025-02-01 15:00:00,2024,Fulham,2,1.60881,away,-0.3911899999999999,0.4056222,0.9027018186614402,24
26845,2025-02-15 15:00:00,2024,Fulham,2,2.20993,home,0.20992999999999995,0.31667019999999996,0.6873972352629398,25
26856,2025-02-22 15:00:00,2024,Fulham,0,0.23426,home,0.23426,0.19636019999999996,0.39619192870801634,26
26867,2025-02-25 19:30:00,2024,Fulham,2,1.43473,away,-0.5652699999999999,0.009660199999999963,-0.055707586991461874,27
26873,2025-03-08 15:00:00,2024,Fulham,1,0.708227,away,-0.29177299999999995,-0.16080860000000002,-0.46832016418413036,28
26886,2025-03-16 13:30:00,2024,Fulham,2,1.03966,home,-0.96034,-0.2746386,-0.7438409026526447,29
26892,2025-04-01 19:45:00,2024,Fulham,1,1.44206,away,0.4420599999999999,-0.22821260000000007,-0.6314687177792436,30
26906,2025-04-06 13:00:00,2024,Fulham,3,1.72764,home,-1.27236,-0.5295366,-1.3608108156294287,31
26912,2025-04-14 19:00:00,2024,Fulham,0,1.07203,away,1.07203,-0.20207660000000005,-0.5682076264973928,32
26926,2025-04-20 13:00:00,2024,Fulham,1,0.306122,home,-0.693878,-0.28249760000000007,-0.7628632823734921,33
26940,2025-04-26 14:00:00,2024,Fulham,2,1.9956,away,-0.0043999999999999595,-0.09130960000000007,-0.3001007509993526,34
26946,2025-05-03 11:30:00,2024,Fulham,0,0.702787,away,0.702787,-0.03916420000000005,-0.17388499842326482,35
26953,2025-05-10 14:00:00,2024,Fulham,1,1.20869,home,0.20869000000000004,0.25704579999999994,0.5430788770204548,36
26964,2025-05-18 14:00:00,2024,Fulham,3,1.61741,away,-1.38259,-0.23387820000000006,-0.6451820648394845,37
26981,2025-05-25 15:00:00,2024,Fulham,0,2.21797,home,2.21797,0.3484914,0.7644191145825772,38
7124,2017-08-12 15:00:00,2017,Huddersfield,3,1.73657,away,-1.26343,,,1
7136,2017-08-20 13:30:00,2017,Huddersfield,1,0.267008,home,-0.732992,,,2
7144,2017-08-26 15:00:00,2017,Huddersfield,0,1.51605,home,1.51605,-0.16012400000000002,-1.2094590758120052,3
7158,2017-09-11 20:00:00,2017,Huddersfield,0,0.339338,away,0.339338,-0.03525850000000001,-0.6261824444608026,4
7161,2017-09-16 15:00:00,2017,Huddersfield,1,0.700349,home,-0.299651,-0.08813700000000001,-0.8731905720132855,5
7174,2017-09-23 15:00:00,2017,Huddersfield,0,0.312561,away,0.312561,0.2270612,0.5991756484716568,6
7179,2017-09-30 12:30:00,2017,Huddersfield,0,0.196648,home,0.196648,0.4129892,1.467689829841742,7
7196,2017-10-14 15:00:00,2017,Huddersfield,0,0.596086,away,0.596086,0.2289964,0.6082154307733403,8
7201,2017-10-21 15:00:00,2017,Huddersfield,2,1.26744,home,-0.7325600000000001,0.014616799999999985,-0.39320298278699667,9
7217,2017-10-28 15:00:00,2017,Huddersfield,0,0.0554802,away,0.0554802,0.08564303999999998,-0.06142241886227746,10
7221,2017-11-04 15:00:00,2017,Huddersfield,1,0.260436,home,-0.739564,-0.12478196000000001,-1.0443679494698253,11
7237,2017-11-18 15:00:00,2017,Huddersfield,0,1.1633,away,1.1633,0.06854844,-0.14127538627358202,12
7245,2017-11-26 16:00:00,2017,Huddersfield,1,0.537698,home,-0.462302,-0.14312916000000003,-1.1300721112336976,13
7254,2017-11-29 19:45:00,2017,Huddersfield,0,0.475716,away,0.475716,0.09852604000000001,-0.001242842904966906,14
7260,2017-12-02 15:00:00,2017,Huddersfield,0,0.223429,away,0.223429,0.1321158,0.15566296422907225,15
7274,2017-12-09 15:00:00,2017,Huddersfield,2,2.68125,home,0.6812499999999999,0.41627859999999994,1.4830554044093098,16
7280,2017-12-12 20:00:00,2017,Huddersfield,1,0.476748,home,-0.523252,0.07896819999999996,-0.09260219382019834,17
7296,2017-12-16 15:00:00,2017,Huddersfield,4,3.49193,away,-0.50807,0.06981459999999995,-0.13536084991604846,18
7307,2017-12-23 15:00:00,2017,Huddersfield,1,1.09381,away,0.09380999999999995,-0.0065666000000000665,-0.4921557134657277,19
7312,2017-12-26 15:00:00,2017,Huddersfield,1,1.8756,home,0.8755999999999999,0.12386759999999992,0.11713364819933596,20
7322,2017-12-30 15:00:00,2017,Huddersfield,0,0.049118,home,0.049118,-0.00255880000000006,-0.47343432058194995,21
7334,2018-01-01 15:00:00,2017,Huddersfield,0,0.226625,away,0.226625,0.14741659999999995,0.22713666257632145,22
7342,2018-01-13 15:00:00,2017,Huddersfield,1,0.681,home,-0.31899999999999995,0.18523059999999997,0.40377490562916135,23
7356,2018-01-20 15:00:00,2017,Huddersfield,0,0.238458,away,0.238458,0.21416019999999997,0.538911990206869,24
7359,2018-01-30 20:00:00,2017,Huddersfield,0,0.288048,home,0.288048,0.09664979999999998,-0.010007208937268839,25
7376,2018-02-03 15:00:00,2017,Huddersfield,0,0.13049,away,0.13049,0.11292419999999999,0.06601440799664816,26
7381,2018-02-11 12:00:00,2017,Huddersfield,4,2.56699,home,-1.43301,-0.2190028,-1.4844960405620857,27
7394,2018-02-24 15:00:00,2017,Huddersfield,2,1.18101,away,-0.8189900000000001,-0.31900080000000003,-1.9516106285135821,28
7407,2018-03-03 15:00:00,2017,Huddersfield,0,0.138106,away,0.138106,-0.3390712,-2.0453642698466257,29
7413,2018-03-10 15:00:00,2017,Huddersfield,0,1.39381,home,1.39381,-0.11791880000000003,-1.0123084867261187,30
7421,2018-03-17 15:00:00,2017,Huddersfield,0,0.220381,home,0.220381,-0.09994060000000002,-0.9283280122655335,31
7436,2018-03-31 15:00:00,2017,Huddersfield,0,0.280847,away,0.280847,0.24283079999999999,0.6728392238047627,32
7441,2018-04-07 14:00:00,2017,Huddersfield,1,1.48964,away,0.4896400000000001,0.5045568,1.895424001962259,33
7451,2018-04-14 14:00:00,2017,Huddersfield,1,0.929512,home,-0.070488,0.46283799999999997,1.7005455036739843,34
7471,2018-04-28 14:00:00,2017,Huddersfield,0,0.56538,home,0.56538,0.29715199999999997,0.9265865483015606,35
7480,2018-05-06 13:30:00,2017,Huddersfield,0,0.54565,away,0.54565,0.3622058,1.2304684157557004,36
7460,2018-05-09 19:45:00,2017,Huddersfield,1,0.631021,away,-0.36897899999999995,0.2322406,0.6233698653243537,37
7494,2018-05-13 15:00:00,2017,Huddersfield,0,1.31031,home,1.31031,0.3963746,1.390079057296502,38
9200,2018-08-11 17:00:00,2018,Huddersfield,0,0.396115,home,0.396115,0.4896952,1.2178071328477278,1
9213,2018-08-19 15:30:00,2018,Huddersfield,1,0.663731,away,-0.33626900000000004,0.3093654,0.4043499963849642,2
9219,2018-08-25 17:00:00,2018,Huddersfield,0,0.203453,home,0.203453,0.24092599999999997,0.09562388264652671,3
9229,2018-09-01 14:00:00,2018,Huddersfield,1,0.660035,away,-0.33996499999999996,0.2467288,0.1217999726298026,4
9240,2018-09-15 14:00:00,2018,Huddersfield,0,0.87744,home,0.87744,0.16015479999999999,-0.26873025660644845,5
9250,2018-09-22 14:00:00,2018,Huddersfield,1,0.688176,away,-0.311824,0.018567,-0.9074245065089186,6
9261,2018-09-29 14:00:00,2018,Huddersfield,0,0.339245,home,0.339245,0.15366980000000002,-0.29798371072196894,7
9272,2018-10-06 14:00:00,2018,Huddersfield,1,1.02549,away,0.025490000000000013,0.11807720000000002,-0.45853983885644567,8
9284,2018-10-20 16:30:00,2018,Huddersfield,0,0.638341,home,0.638341,0.3137384,0.42407634254489807,9
9291,2018-10-27 14:00:00,2018,Huddersfield,0,0.479655,away,0.479655,0.23418140000000004,0.06519938817813213,10
9306,2018-11-05 20:00:00,2018,Huddersfield,1,0.51433,home,-0.48567000000000005,0.19941220000000004,-0.09164243091722049,11
9311,2018-11-10 15:00:00,2018,Huddersfield,1,1.17524,home,0.17524000000000006,0.16661120000000001,-0.23960581541115952,12
9325,2018-11-25 16:00:00,2018,Huddersfield,2,0.627281,away,-1.372719,-0.11303060000000001,-1.5010535509673062,13
9332,2018-12-01 15:00:00,2018,Huddersfield,1,0.558083,home,-0.441917,-0.32908220000000005,-2.4756496291762233,14
9338,2018-12-04 19:45:00,2018,Huddersfield,1,1.5631,away,0.5630999999999999,-0.3123932000000001,-2.400366530373768,15
9356,2018-12-08 15:00:00,2018,Huddersfield,0,0.308361,away,0.308361,-0.153587,-1.684001089362172,16
9363,2018-12-15 15:00:00,2018,Huddersfield,0,0.671382,home,0.671382,-0.054358600000000014,-1.2363876049586975,17
9371,2018-12-22 15:00:00,2018,Huddersfield,1,1.0038,home,0.0038000000000000256,0.22094519999999998,0.005491667381855094,18
9380,2018-12-26 15:00:00,2018,Huddersfield,1,1.40594,away,0.40593999999999997,0.3905166,0.7704182933193422,19
9393,2018-12-29 15:00:00,2018,Huddersfield,0,0.276791,away,0.276791,0.33325479999999996,0.5121136766852447,20
9401,2019-01-02 19:45:00,2018,Huddersfield,1,0.621818,home,-0.378182,0.1959462,-0.10727735334812198,21
9414,2019-01-12 15:00:00,2018,Huddersfield,0,0.39468,away,0.39468,0.14060579999999998,-0.3569146474320944,22
9423,2019-01-20 13:30:00,2018,Huddersfield,0,0.764264,home,0.764264,0.2926986,0.32916704047863254,23
9428,2019-01-29 19:45:00,2018,Huddersfield,0,0.73078,home,0.73078,0.3576666,0.6222338727033278,24
9443,2019-02-02 15:00:00,2018,Huddersfield,0,0.260391,away,0.260391,0.3543866,0.6074379853480605,25
9456,2019-02-09 15:00:00,2018,Huddersfield,1,1.96816,home,0.9681599999999999,0.623655,1.8220919227666679,26
9458,2019-02-23 15:00:00,2018,Huddersfield,0,0.133934,away,0.133934,0.5715058,1.5868499444534663,27
9468,2019-02-26 19:45:00,2018,Huddersfield,1,1.46224,home,0.46224,0.511101,1.3143674394176603,28
9485,2019-03-02 15:00:00,2018,Huddersfield,0,0.2014,away,0.2014,0.405225,0.8367670218486752,29
9492,2019-03-09 15:00:00,2018,Huddersfield,0,0.339087,home,0.339087,0.42096419999999996,0.9077656286358767,30
9498,2019-03-16 15:00:00,2018,Huddersfield,3,1.66909,away,-1.33091,-0.038849799999999976,-1.1664283190393778,31
9513,2019-03-30 15:00:00,2018,Huddersfield,0,0.926991,away,0.926991,0.11976160000000002,-0.4509416093865639,32
9523,2019-04-06 15:00:00,2018,Huddersfield,1,1.62301,home,0.6230100000000001,0.15191560000000004,-0.3058968038922767,33
9528,2019-04-13 12:30:00,2018,Huddersfield,0,0.983527,away,0.983527,0.3083410000000001,0.39972898815120367,34
9541,2019-04-20 15:00:00,2018,Huddersfield,1,1.09072,home,0.09071999999999991,0.2586676,0.1756551982264685,35
9551,2019-04-26 20:00:00,2018,Huddersfield,0,0.1624,away,0.1624,0.5573296000000001,1.5229019388663514,36
9561,2019-05-05 13:00:00,2018,Huddersfield,1,0.73663,home,-0.26337,0.3192574,0.4489722273966421,37
9569,2019-05-12 14:00:00,2018,Huddersfield,1,0.857152,away,-0.14284799999999997,0.16608580000000003,-0.2419758639527623,38
461,2016-08-13 15:30:00,2016,Hull,2,0.740018,home,-1.259982,,,1
474,2016-08-20 18:00:00,2016,Hull,2,2.18655,away,0.18655,,,2
488,2016-08-27 20:30:00,2016,Hull,0,0.268815,home,0.268815,-0.2682056666666666,-0.5628620788050616,3
496,2016-09-10 18:00:00,2016,Hull,1,0.907116,away,-0.09288399999999997,-0.22437524999999997,-0.4164722124362198,4
502,2016-09-17 18:00:00,2016,Hull,1,0.969693,home,-0.030306999999999973,-0.18556159999999997,-0.2868379203417953,5
516,2016-09-24 18:00:00,2016,Hull,1,0.157549,away,-0.8424510000000001,-0.10205539999999999,-0.00793430982087217,6
524,2016-10-01 18:00:00,2016,Hull,0,0.27266,home,0.27266,-0.08483339999999999,0.04958570642212943,7
533,2016-10-15 18:00:00,2016,Hull,1,0.388589,away,-0.6114109999999999,-0.26087859999999996,-0.5383902988909853,8
545,2016-10-22 18:00:00,2016,Hull,0,0.701606,home,0.701606,-0.1019806,-0.007684484178381417,9
2679,2016-10-29 18:00:00,2016,Hull,0,0.251367,away,0.251367,-0.0456458,0.18046895973325755,10
2694,2016-11-06 18:15:00,2016,Hull,2,0.561215,home,-1.438785,-0.1649126,-0.21787201537130765,11
2700,2016-11-19 19:00:00,2016,Hull,0,1.25065,away,1.25065,0.030685399999999995,0.43540868008210226,12
2708,2016-11-26 19:00:00,2016,Hull,1,0.424457,home,-0.575543,0.037859,0.4593678943731716,13
3114,2016-12-06 00:00:00,2016,Hull,0,0.221339,away,0.221339,-0.05819439999999999,0.13855770228192035,14
3116,2016-12-10 19:00:00,2016,Hull,3,2.16649,home,-0.83351,-0.27516979999999996,-0.5861216922327566,15
3134,2016-12-15 00:00:00,2016,Hull,0,0.570636,away,0.570636,0.12671440000000003,0.7561373782471935,16
3137,2016-12-17 19:00:00,2016,Hull,0,1.13479,away,1.13479,0.1035424,0.6787448677151511,17
3152,2016-12-26 21:15:00,2016,Hull,0,0.350069,home,0.350069,0.2886648,1.2970379495258255,18
3155,2016-12-31 00:00:00,2016,Hull,2,0.852585,home,-1.147415,0.014914000000000005,0.38273354454761876,19
3333,2017-01-02 19:00:00,2016,Hull,1,0.992341,away,-0.007658999999999971,0.1800842,0.9343879741643776,20
3344,2017-01-14 19:00:00,2016,Hull,3,1.18904,home,-1.81096,-0.29623499999999997,-0.6564776698289753,21
3359,2017-01-22 19:30:00,2016,Hull,0,0.314532,away,0.314532,-0.46028660000000005,-1.2043960705193948,22
3368,2017-02-01 23:00:00,2016,Hull,0,0.395896,away,0.395896,-0.45112120000000006,-1.1737844135182562,23
3373,2017-02-04 15:00:00,2016,Hull,2,1.88587,home,-0.11413000000000006,-0.24446419999999996,-0.4835675980072828,24
3380,2017-02-11 12:30:00,2016,Hull,0,0.466403,away,0.466403,-0.14965179999999995,-0.16690224043917426,25
3394,2017-02-25 15:00:00,2016,Hull,1,1.59037,home,0.5903700000000001,0.33061419999999997,1.4371453801020753,26
3400,2017-03-04 15:00:00,2016,Hull,1,1.1216,away,0.12159999999999993,0.29202779999999995,1.3082700836928918,27
3417,2017-03-11 15:00:00,2016,Hull,2,1.98818,home,-0.011819999999999942,0.21048459999999997,1.0359227263298487,28
3427,2017-03-18 15:00:00,2016,Hull,0,0.528692,away,0.528692,0.339049,1.4653168951994198,29
3433,2017-04-01 15:00:00,2016,Hull,2,0.778704,home,-1.2212960000000002,0.0015091999999999662,0.33796265186766344,30
3442,2017-04-05 19:45:00,2016,Hull,4,2.23261,home,-1.7673899999999998,-0.47004280000000004,-1.2369809493064097,31
3457,2017-04-08 15:00:00,2016,Hull,1,0.358364,away,-0.641636,-0.62269,-1.7468096232959989,32
3463,2017-04-15 15:00:00,2016,Hull,1,1.17696,away,0.17696,-0.5849340000000001,-1.6207077923082644,33
3474,2017-04-22 15:00:00,2016,Hull,2,1.42309,home,-0.57691,-0.8060544000000001,-2.359231134525139,34
3484,2017-04-29 15:00:00,2016,Hull,0,0.472435,away,0.472435,-0.4673082,-1.2278476177294666,35
3494,2017-05-06 15:00:00,2016,Hull,0,1.21734,home,1.21734,0.12963779999999997,0.765901285777375,36
3501,2017-05-14 12:00:00,2016,Hull,0,0.518148,away,0.518148,0.3615946,1.5406172829713523,37
3513,2017-05-21 15:00:00,2016,Hull,1,0.812723,home,-0.18727700000000003,0.2887472,1.2973131585223663,38
26603,2024-08-17 11:30:00,2024,Ipswich,0,0.342601,home,0.342601,,,1
26615,2024-08-24 14:00:00,2024,Ipswich,1,0.479999,away,-0.5200009999999999,,,2
26625,2024-08-31 14:00:00,2024,Ipswich,1,0.707048,home,-0.292952,-0.15678399999999998,-1.0056764526159707,3
26633,2024-09-14 14:00:00,2024,Ipswich,0,0.721323,away,0.721323,0.06274275000000003,-0.13513219513077715,4
26643,2024-09-21 14:00:00,2024,Ipswich,1,1.645,away,0.645,0.17919420000000003,0.3266618280273306,5
26659,2024-09-29 13:00:00,2024,Ipswich,2,1.84608,home,-0.15392000000000006,0.07989000000000002,-0.06713392148456786,6
26665,2024-10-05 14:00:00,2024,Ipswich,1,1.18463,away,0.18463000000000007,0.22081620000000002,0.49171594141009023,7
26674,2024-10-19 14:00:00,2024,Ipswich,0,1.174,home,1.174,0.5142066,1.655170180682907,8
26685,2024-10-26 14:00:00,2024,Ipswich,3,1.65698,away,-1.34302,0.10133799999999997,0.017919190423399577,9
26695,2024-11-02 15:00:00,2024,Ipswich,1,1.33617,home,0.3361700000000001,0.03957199999999998,-0.22701695794043514,10
26709,2024-11-10 14:00:00,2024,Ipswich,2,2.18392,away,0.18392000000000008,0.10714000000000001,0.04092731030823881,11
26718,2024-11-24 16:30:00,2024,Ipswich,1,1.98714,home,0.9871399999999999,0.267642,0.6774059827929747,12
26728,2024-11-30 15:00:00,2024,Ipswich,0,0.462771,away,0.462771,0.1253962,0.11332318039469155,13
26737,2024-12-03 19:30:00,2024,Ipswich,0,0.471708,home,0.471708,0.4883418,1.5526020284599868,14
26750,2024-12-08 14:00:00,2024,Ipswich,1,1.5668,home,0.5668,0.5344678,1.7355169780994366,15
26758,2024-12-14 15:00:00,2024,Ipswich,2,1.73349,away,-0.26651,0.44438180000000005,1.3782764596668942,16
26771,2024-12-21 15:00:00,2024,Ipswich,0,1.06427,home,1.06427,0.4598078,1.4394490307360988,17
26773,2024-12-27 20:15:00,2024,Ipswich,0,0.0783327,away,0.0783327,0.38292014,1.1345471867263188,18
26787,2024-12-30 19:45:00,2024,Ipswich,2,1.50093,home,-0.4990699999999999,0.18876454000000004,0.3646134878099351,19
26796,2025-01-05 14:00:00,2024,Ipswich,2,1.4434,away,-0.5566,-0.03591545999999997,-0.5263662391334707,20
26805,2025-01-16 19:30:00,2024,Ipswich,0,0.268127,home,0.268127,0.07101194000000004,-0.10234031045816211,21
26816,2025-01-19 16:30:00,2024,Ipswich,0,0.795637,home,0.795637,0.017285340000000038,-0.31539581783575504,22
26827,2025-01-25 15:00:00,2024,Ipswich,1,0.804707,away,-0.19529300000000005,-0.037439799999999974,-0.5324110853012155,23
26837,2025-02-01 15:00:00,2024,Ipswich,1,1.94845,home,0.94845,0.2520642,0.6156314412655626,24
26842,2025-02-15 15:00:00,2024,Ipswich,1,0.332864,away,-0.667136,0.22995700000000002,0.5279642389356567,25
26857,2025-02-22 15:00:00,2024,Ipswich,1,1.15389,home,0.15389000000000008,0.20710960000000003,0.4373617366507771,26
26871,2025-02-26 19:30:00,2024,Ipswich,2,1.04498,away,-0.95502,-0.14302179999999998,-0.9511017632883024,27
26875,2025-03-08 15:00:00,2024,Ipswich,0,1.63282,away,1.63282,0.22260080000000002,0.49879286156632674,28
26887,2025-03-15 15:00:00,2024,Ipswich,2,0.520839,home,-1.479161,-0.26292139999999997,-1.4265695969567356,29
26896,2025-04-02 19:45:00,2024,Ipswich,2,1.41263,away,-0.58737,-0.24696819999999997,-1.3633063880379463,30
26907,2025-04-05 14:00:00,2024,Ipswich,1,0.872356,home,-0.12764399999999998,-0.303275,-1.5865938069851468,31
26915,2025-04-13 13:00:00,2024,Ipswich,2,1.60301,away,-0.39698999999999995,-0.19166899999999998,-1.144014657059716,32
26927,2025-04-20 13:00:00,2024,Ipswich,0,0.192879,home,0.192879,-0.47965719999999995,-2.2860462032539606,33
26938,2025-04-26 14:00:00,2024,Ipswich,0,0.127203,away,0.127203,-0.1583844,-1.0120229185007859,34
26950,2025-05-03 14:00:00,2024,Ipswich,2,1.14351,away,-0.85649,-0.21220840000000002,-1.2254646704279797,35
26954,2025-05-10 14:00:00,2024,Ipswich,0,0.717433,home,0.717433,-0.043193000000000016,-0.5552256863562753,36
26969,2025-05-18 14:00:00,2024,Ipswich,0,1.36957,away,1.36957,0.310119,0.8458506412466645,37
26980,2025-05-25 15:00:00,2024,Ipswich,1,0.893095,home,-0.10690500000000003,0.2501622,0.6080889655639141,38
14090,2020-09-12 16:30:00,2020,Leeds,3,0.269813,away,-2.730187,,,1
14097,2020-09-19 14:00:00,2020,Leeds,4,1.45254,home,-2.54746,,,2
14110,2020-09-27 11:00:00,2020,Leeds,1,1.46641,away,0.46641,-1.6037456666666667,-2.743336657195745,3
14469,2020-10-03 16:30:00,2020,Leeds,1,2.56662,home,1.56662,-0.81115425,-1.3795743147814061,4
14478,2020-10-19 19:00:00,2020,Leeds,0,1.08332,home,1.08332,-0.43225940000000007,-0.7276337091944002,5
14486,2020-10-23 19:00:00,2020,Leeds,3,2.37695,away,-0.6230500000000001,-0.010832000000000041,-0.0025100122981310292,6
14498,2020-11-02 20:00:00,2020,Leeds,1,1.74822,home,0.7482200000000001,0.6483039999999999,1.1316239644613753,7
14508,2020-11-07 15:00:00,2020,Leeds,1,0.847913,away,-0.15208699999999997,0.5246046,0.9187821648255418,8
14518,2020-11-22 16:30:00,2020,Leeds,0,1.9617,home,1.9617,0.6036206,1.0547400404500398,9
14531,2020-11-28 17:30:00,2020,Leeds,1,3.11324,away,2.11324,0.8096045999999998,1.4091637907365209,10
14538,2020-12-05 20:00:00,2020,Leeds,1,1.0277,away,0.027700000000000058,0.9397545999999999,1.6331047332358684,11
14548,2020-12-11 20:00:00,2020,Leeds,1,1.56644,home,0.56644,0.9033985999999998,1.5705492441424662,12
14558,2020-12-16 18:00:00,2020,Leeds,5,2.95137,home,-2.04863,0.5240899999999998,0.9178967248792474,13
14570,2020-12-20 16:30:00,2020,Leeds,2,1.63467,away,-0.36532999999999993,0.05868399999999983,0.11710180912933418,14
14578,2020-12-27 12:00:00,2020,Leeds,1,2.13271,home,1.1327099999999999,-0.13742200000000016,-0.220325486066801,15
14590,2020-12-29 18:00:00,2020,Leeds,5,1.54225,away,-3.45775,-0.8345120000000001,-1.4197645302993789,16
14599,2021-01-02 12:30:00,2020,Leeds,0,1.15626,away,1.15626,-0.7165480000000002,-1.2167912737416149,17
14618,2021-01-16 15:00:00,2020,Leeds,0,0.245193,home,0.245193,-0.2577834000000001,-0.42742379844898254,18
14631,2021-01-26 18:00:00,2020,Leeds,2,0.785914,away,-1.214086,-0.4275346000000001,-0.7195040421554382,19
14643,2021-01-31 14:00:00,2020,Leeds,3,1.8141,away,-1.1859,-0.8912566000000002,-1.5174014047192672,20
14648,2021-02-03 19:30:00,2020,Leeds,1,1.14303,home,0.14303,-0.1711006000000001,-0.27827414089629393,21
14658,2021-02-08 20:00:00,2020,Leeds,2,2.64769,home,0.6476899999999999,-0.27281460000000013,-0.4532870415907128,22
14665,2021-02-14 16:30:00,2020,Leeds,2,0.77074,away,-1.22926,-0.5677052000000001,-0.9606868026218156,23
14684,2021-02-19 20:00:00,2020,Leeds,0,2.4793,away,2.4793,0.17097199999999982,0.3103087284636923,24
14608,2021-02-23 20:00:00,2020,Leeds,3,1.84753,home,-1.15247,0.17765799999999973,0.32181290934383533,25
14691,2021-02-27 17:30:00,2020,Leeds,0,1.00106,home,1.00106,0.3492639999999998,0.6170845910844655,26
14704,2021-03-08 20:00:00,2020,Leeds,0,1.34971,away,1.34971,0.4896679999999998,0.8586689482929046,27
14709,2021-03-13 12:30:00,2020,Leeds,0,0.382957,home,0.382957,0.8121113999999998,1.4134770842797968,28
14718,2021-03-19 20:00:00,2020,Leeds,2,1.40706,away,-0.59294,0.19766339999999985,0.3562349464631321,29
14729,2021-04-03 14:00:00,2020,Leeds,2,2.50597,home,0.50597,0.5293513999999999,0.9269496858847495,30
14740,2021-04-10 11:30:00,2020,Leeds,2,0.17525,away,-1.82475,-0.03581060000000016,-0.045489122757710145,31
14749,2021-04-19 19:00:00,2020,Leeds,1,2.59719,home,1.5971899999999999,0.013685399999999825,0.03967554024611382,32
14758,2021-04-25 13:00:00,2020,Leeds,0,0.216834,home,0.216834,-0.019539200000000173,-0.017491945256489432,33
14765,2021-05-01 14:00:00,2020,Leeds,0,0.510874,away,0.510874,0.20122359999999984,0.3623607593212663,34
14778,2021-05-08 11:30:00,2020,Leeds,3,2.55216,home,-0.4478399999999998,0.010461599999999871,0.03412854977028297,35
14786,2021-05-15 11:30:00,2020,Leeds,4,1.85654,away,-2.14346,-0.05328040000000014,-0.07554831197995442,36
14802,2021-05-18 17:00:00,2020,Leeds,2,1.58132,away,-0.41867999999999994,-0.45645440000000015,-0.7692645282783167,37
14808,2021-05-23 15:00:00,2020,Leeds,3,2.49009,home,-0.5099100000000001,-0.6018032000000002,-1.0193570927281757,38
16377,2021-08-14 11:30:00,2021,Leeds,1,0.568342,away,-0.431658,-0.7903096000000002,-2.2166155297851935,1
16390,2021-08-21 14:00:00,2021,Leeds,2,0.966093,home,-1.0339070000000001,-0.9075230000000001,-2.4823307068509832,2
16403,2021-08-29 13:00:00,2021,Leeds,1,1.52078,away,0.52078,-0.3746750000000001,-1.274398843521775,3
16414,2021-09-12 15:30:00,2021,Leeds,0,0.652514,home,0.652514,-0.16043620000000008,-0.7887333762939474,4
16416,2021-09-17 19:00:00,2021,Leeds,1,1.42995,away,0.42995000000000005,0.027535799999999933,-0.36261304138846223,5
16429,2021-09-25 14:00:00,2021,Leeds,1,1.1967,home,0.1967000000000001,0.15320739999999994,-0.07772367339690948,6
16440,2021-10-02 14:00:00,2021,Leeds,1,1.57388,home,0.57388,0.4747648,0.651226100927655,7
16454,2021-10-16 14:00:00,2021,Leeds,0,0.446173,away,0.446173,0.4598434,0.6174002547098211,8
16462,2021-10-23 14:00:00,2021,Leeds,1,1.71313,home,0.71313,0.4719666,0.644882762977681,9
16472,2021-10-31 14:00:00,2021,Leeds,2,1.16855,away,-0.83145,0.21968659999999995,0.0729803621416214,10
16482,2021-11-07 14:00:00,2021,Leeds,1,1.96551,home,0.9655100000000001,0.37344859999999996,0.42154884540368803,11
16493,2021-11-21 16:30:00,2021,Leeds,1,1.46689,away,0.46689,0.3520506,0.37304096696270983,12
16498,2021-11-27 17:30:00,2021,Leeds,0,0.864829,away,0.864829,0.4357818,0.5628541677906956,13
16508,2021-11-30 20:15:00,2021,Leeds,1,1.9818,home,0.9818,0.48951579999999995,0.6846656613951225,14
16518,2021-12-05 14:00:00,2021,Leeds,2,1.41896,home,-0.58104,0.5395977999999999,0.7981983078144641,15
16530,2021-12-11 15:00:00,2021,Leeds,2,1.72934,away,-0.2706599999999999,0.29236379999999995,0.23773486176918782,16
16545,2021-12-14 20:00:00,2021,Leeds,0,0.227498,away,0.227498,0.2444854,0.129197633656816,17
16548,2021-12-18 17:30:00,2021,Leeds,1,1.31408,home,0.3140799999999999,0.13433559999999994,-0.12050482025000106,18
16581,2022-01-02 14:00:00,2021,Leeds,3,2.04186,home,-0.9581400000000002,-0.2536524000000001,-1.0000484570645762,19
16594,2022-01-16 14:00:00,2021,Leeds,3,2.26884,away,-0.73116,-0.2836764000000001,-1.0681109181502821,20
16601,2022-01-22 15:00:00,2021,Leeds,0,1.12992,home,1.12992,-0.003560400000000108,-0.43310611034707286,21
16606,2022-02-09 20:00:00,2021,Leeds,3,2.52914,away,-0.47086000000000006,-0.1432320000000001,-0.7497325705048886,22
16619,2022-02-12 15:00:00,2021,Leeds,0,0.242668,away,0.242668,-0.1575144000000001,-0.7821098451588483,23
16630,2022-02-20 14:00:00,2021,Leeds,2,1.74476,home,-0.2552399999999999,-0.016934400000000037,-0.46342410110647286,24
16559,2022-02-23 19:45:00,2021,Leeds,0,0.141547,away,0.141547,0.15760699999999997,-0.06775006549014578,25
16642,2022-02-26 12:30:00,2021,Leeds,0,1.89569,home,1.89569,0.31076099999999995,0.2794401211978431,26
16648,2022-03-05 12:30:00,2021,Leeds,0,2.14389,away,2.14389,0.8337109999999999,1.4649338603655029,27
16572,2022-03-10 19:45:00,2021,Leeds,0,0.194028,home,0.194028,0.8239829999999999,1.4428811151802599,28
16662,2022-03-13 14:00:00,2021,Leeds,2,3.11755,home,1.11755,1.098541,2.0652862973934627,29
16675,2022-03-18 20:00:00,2021,Leeds,3,2.82103,away,-0.17897000000000007,1.0344376,1.9199680463955466,30
16681,2022-04-02 14:00:00,2021,Leeds,1,1.50715,home,0.50715,0.7567295999999999,1.2904220184449344,31
16686,2022-04-09 14:00:00,2021,Leeds,3,0.895612,away,-2.104388,-0.0929260000000001,-0.6356921306108867,32
16710,2022-04-25 19:00:00,2021,Leeds,0,0.374044,away,0.374044,-0.05692280000000011,-0.5540752108480009,33
16723,2022-04-30 16:30:00,2021,Leeds,0,1.03608,home,1.03608,-0.07321680000000015,-0.5910126522592217,34
16735,2022-05-08 13:00:00,2021,Leeds,1,0.696785,away,-0.303215,-0.09806580000000013,-0.6473437239191838,35
16703,2022-05-11 18:30:00,2021,Leeds,0,0.499789,home,0.499789,-0.09953800000000014,-0.6506811058539819,36
16743,2022-05-15 13:00:00,2021,Leeds,1,2.22282,home,1.22282,0.5659035999999998,0.8578318506078412,37
16747,2022-05-22 15:00:00,2021,Leeds,2,1.47786,away,-0.52214,0.38666679999999987,0.4515136476659805,38
18205,2022-08-06 14:00:00,2022,Leeds,2,0.88917,home,-1.11083,-0.042715200000000085,-0.12376752269828063,1
18215,2022-08-13 14:00:00,2022,Leeds,2,1.99694,away,-0.0030600000000000627,0.017315799999999902,0.010726900369321796,2
18228,2022-08-21 13:00:00,2022,Leeds,3,2.20971,home,-0.7902900000000002,-0.24070000000000014,-0.5673358699214597,3
18234,2022-08-27 14:00:00,2022,Leeds,0,1.14874,away,1.14874,-0.2555160000000001,-0.6005298758878702,4
18245,2022-08-30 19:00:00,2022,Leeds,1,1.04551,home,0.04550999999999994,-0.1419860000000001,-0.34617542817144203,5
18257,2022-09-03 14:00:00,2022,Leeds,2,1.796,away,-0.20399999999999996,0.03937999999999988,0.060159890815061345,6
18286,2022-10-02 15:30:00,2022,Leeds,0,0.298626,home,0.298626,0.0997171999999999,0.19534032931374612,7
18296,2022-10-09 13:00:00,2022,Leeds,1,1.06564,away,0.06563999999999992,0.2709031999999999,0.5788682116953588,8
18305,2022-10-16 13:00:00,2022,Leeds,0,2.02232,home,2.02232,0.4456192,0.970304763155092,9
18317,2022-10-20 19:15:00,2022,Leeds,0,1.19464,away,1.19464,0.6754451999999999,1.485210649712617,10
18325,2022-10-23 13:00:00,2022,Leeds,2,1.96384,home,-0.03615999999999997,0.7090131999999999,1.560416939688351,11
18339,2022-10-29 18:45:00,2022,Leeds,2,1.61271,away,-0.3872899999999999,0.57183,1.2530694802329443,12
18345,2022-11-05 15:00:00,2022,Leeds,4,2.22532,home,-1.77468,0.20376599999999995,0.4284529432444879,13
18359,2022-11-12 15:00:00,2022,Leeds,3,1.71731,away,-1.28269,-0.45723600000000014,-1.0524666255871384,14
18368,2022-12-28 20:00:00,2022,Leeds,1,0.603751,home,-0.39624899999999996,-0.7754138,-1.7653173134637188,15
18377,2022-12-31 15:00:00,2022,Leeds,0,0.517099,away,0.517099,-0.6647620000000001,-1.5174112315661703,16
18388,2023-01-04 19:45:00,2022,Leeds,2,1.2577,home,-0.7423,-0.7357640000000002,-1.6764852604286902,17
18392,2023-01-13 20:00:00,2022,Leeds,1,2.46295,away,1.4629500000000002,-0.08823800000000008,-0.22575753989642577,18
18406,2023-01-22 14:00:00,2022,Leeds,0,0.374736,home,0.374736,0.24324719999999994,0.5169072621133494,19
18419,2023-02-05 14:00:00,2022,Leeds,0,1.12331,away,1.12331,0.547159,1.1977961729167108,20
18279,2023-02-08 19:00:00,2022,Leeds,2,0.554798,away,-1.445202,0.1546987999999999,0.3185219949753824,21
18426,2023-02-12 14:00:00,2022,Leeds,0,1.89163,home,1.89163,0.6814848,1.498741867209562,22
18436,2023-02-18 15:00:00,2022,Leeds,0,0.597403,away,0.597403,0.5083753999999999,1.1109047683676498,23
18446,2023-02-25 15:00:00,2022,Leeds,1,0.720048,home,-0.279952,0.3774377999999999,0.8175500521400924,24
18456,2023-03-04 15:00:00,2022,Leeds,0,0.633995,away,0.633995,0.2795747999999999,0.5982962045502674,25
18466,2023-03-11 15:00:00,2022,Leeds,2,0.596738,home,-1.403262,0.2879627999999999,0.6170888153795232,26
18481,2023-03-18 15:00:00,2022,Leeds,4,1.6549,away,-2.3451,-0.5593832000000001,-1.2813188641300746,27
18482,2023-04-01 14:00:00,2022,Leeds,1,0.497609,away,-0.502391,-0.7793420000000001,-1.7741181162605097,28
18271,2023-04-04 18:45:00,2022,Leeds,2,2.43248,home,0.43248,-0.6368556000000002,-1.4548892817753334,29
18495,2023-04-09 13:00:00,2022,Leeds,1,1.02075,home,0.020750000000000046,-0.7595046,-1.729674084540877,30
18505,2023-04-17 19:00:00,2022,Leeds,1,1.16748,home,0.16748000000000007,-0.4453562000000001,-1.025850929577435,31
18517,2023-04-22 11:30:00,2022,Leeds,1,1.07482,away,0.07482000000000011,0.03862779999999995,0.05847464977240936,32
18523,2023-04-25 19:00:00,2022,Leeds,1,2.09645,home,1.09645,0.35839599999999994,0.7748884955248658,33
18533,2023-04-30 13:00:00,2022,Leeds,1,1.33691,away,0.33691000000000004,0.339282,0.7320651808622057,34
18546,2023-05-06 14:00:00,2022,Leeds,1,0.140924,away,-0.859076,0.16331679999999996,0.3378299015236093,35
18558,2023-05-13 11:30:00,2022,Leeds,2,2.01567,home,0.015670000000000073,0.13295479999999996,0.2698063857870974,36
18570,2023-05-21 12:30:00,2022,Leeds,1,0.645828,away,-0.35417200000000004,0.04715639999999992,0.07758226311508815,37
18578,2023-05-28 15:30:00,2022,Leeds,1,1.19151,home,0.19151000000000007,-0.13383160000000005,-0.32790617855936716,38
84,2015-08-08 18:00:00,2015,Leicester,4,2.56803,home,-1.4319700000000002,,,1
97,2015-08-15 18:00:00,2015,Leicester,2,1.80939,away,-0.19060999999999995,,,2
105,2015-08-22 18:00:00,2015,Leicester,1,0.829012,home,-0.17098800000000003,-0.597856,-1.4181647330162248,3
114,2015-08-29 18:00:00,2015,Leicester,1,0.919097,away,-0.08090299999999995,-0.46861775000000006,-1.106876391609357,4
129,2015-09-13 19:00:00,2015,Leicester,3,1.34987,home,-1.65013,-0.7049202,-1.6760437838549136,5
135,2015-09-19 18:00:00,2015,Leicester,2,1.22582,away,-0.7741800000000001,-0.5733622,-1.3591680011914629,6
144,2015-09-26 18:00:00,2015,Leicester,2,1.38516,home,-0.61484,-0.6582082,-1.5635314200323023,7
155,2015-10-03 18:00:00,2015,Leicester,2,3.00282,away,1.0028199999999998,-0.4234466000000001,-0.998075379811837,8
162,2015-10-17 18:00:00,2015,Leicester,2,2.78648,away,0.7864800000000001,-0.24997000000000003,-0.5802328054431599,9
172,2015-10-24 18:00:00,2015,Leicester,1,1.33502,home,0.3350200000000001,0.14705999999999997,0.3760692969821572,10
187,2015-10-31 19:00:00,2015,Leicester,3,2.22545,away,-0.7745500000000001,0.14698599999999998,0.37589105766628816,11
192,2015-11-07 19:00:00,2015,Leicester,2,1.56389,home,-0.43611,0.18273199999999998,0.46199028178863505,12
205,2015-11-21 19:00:00,2015,Leicester,3,3.27478,away,0.2747799999999998,0.037123999999999976,0.1112731155041085,13
216,2015-11-28 21:30:00,2015,Leicester,1,0.876256,home,-0.12374399999999997,-0.14492080000000002,-0.3272071630027962,14
222,2015-12-05 19:00:00,2015,Leicester,3,2.20962,away,-0.7903799999999999,-0.3700008,-0.8693437199730261,15
240,2015-12-15 00:00:00,2015,Leicester,2,0.708846,home,-1.2911540000000001,-0.47332160000000006,-1.1182062700681468,16
245,2015-12-19 19:00:00,2015,Leicester,3,2.02911,away,-0.9708899999999998,-0.5802776,-1.3758247061233622,17
257,2015-12-26 19:00:00,2015,Leicester,0,0.505167,away,0.505167,-0.5342001999999999,-1.2648408648662977,18
269,2015-12-29 23:45:00,2015,Leicester,0,0.810377,home,0.810377,-0.34737599999999996,-0.8148487351936584,19
274,2016-01-02 19:00:00,2015,Leicester,0,2.28506,home,2.28506,0.26771200000000006,0.6666764583095618,20
290,2016-01-14 00:00:00,2015,Leicester,1,0.588708,away,-0.411292,0.4436844000000001,1.0905305149018316,21
297,2016-01-16 21:30:00,2015,Leicester,1,2.21525,away,1.2152500000000002,0.8809124,2.14365510407448,22
304,2016-01-23 19:00:00,2015,Leicester,3,2.25906,home,-0.7409400000000002,0.631691,1.543370619805329,23
312,2016-02-02 23:45:00,2015,Leicester,2,1.34566,home,-0.6543399999999999,0.33874760000000004,0.8377756035304365,24
321,2016-02-06 16:45:00,2015,Leicester,3,2.50168,away,-0.4983200000000001,-0.2179284,-0.5030561451276396,25
338,2016-02-14 16:00:00,2015,Leicester,1,1.31246,away,0.31245999999999996,-0.073178,-0.15440462799567065,26
343,2016-02-27 19:00:00,2015,Leicester,1,1.7645,home,0.7645,-0.16332800000000006,-0.37154347023339174,27
351,2016-03-01 23:45:00,2015,Leicester,2,3.04626,home,1.0462600000000002,0.194112,0.4894005982020047,28
366,2016-03-05 21:30:00,2015,Leicester,1,1.47042,away,0.47042000000000006,0.419064,1.0312288493285693,29
373,2016-03-14 00:00:00,2015,Leicester,1,0.846771,home,-0.15322899999999995,0.4880822,1.19746880541655,30
375,2016-03-19 19:00:00,2015,Leicester,1,1.20315,away,0.20314999999999994,0.4662202000000001,1.1448111307742757,31
392,2016-04-03 16:30:00,2015,Leicester,1,1.38701,home,0.3870100000000001,0.3907222000000001,0.962963673078619,32
401,2016-04-10 16:30:00,2015,Leicester,2,2.60072,away,0.6007199999999999,0.30161420000000005,0.748334633099486,33
411,2016-04-17 16:30:00,2015,Leicester,2,1.95296,home,-0.04703999999999997,0.1981222,0.4990597239384629,34
425,2016-04-24 19:15:00,2015,Leicester,4,3.31579,home,-0.6842100000000002,0.09192599999999995,0.24327137210212932,35
434,2016-05-01 17:05:00,2015,Leicester,1,1.16622,away,0.16622000000000003,0.08453999999999998,0.22548116146687916,36
443,2016-05-07 20:30:00,2015,Leicester,3,4.50525,home,1.5052500000000002,0.308188,0.7641685468111035,37
452,2016-05-15 18:00:00,2015,Leicester,1,1.23491,away,0.23490999999999995,0.235026,0.5879476707623388,38
461,2016-08-13 15:30:00,2016,Leicester,1,2.45631,away,1.4563100000000002,0.5356960000000001,1.2726396497495016,1
478,2016-08-20 20:30:00,2016,Leicester,0,0.553693,home,0.553693,0.7832766000000001,1.7747830859692784,2
483,2016-08-27 18:00:00,2016,Leicester,2,2.47977,home,0.4797699999999998,0.8459866,1.9019716253190584,3
498,2016-09-10 20:30:00,2016,Leicester,1,1.22508,away,0.22507999999999995,0.5899525999999999,1.3826829874003592,4
503,2016-09-17 18:00:00,2016,Leicester,3,1.98503,home,-1.01497,0.33997659999999996,0.8756811964180493,5
511,2016-09-24 15:30:00,2016,Leicester,1,0.286966,away,-0.713034,-0.09389220000000002,-0.004292315644491216,6
528,2016-10-02 17:15:00,2016,Leicester,0,0.446309,home,0.446309,-0.11536900000000001,-0.04785160159421786,7
531,2016-10-15 15:30:00,2016,Leicester,0,0.182549,away,0.182549,-0.17481319999999997,-0.1684164392726774,8
544,2016-10-22 18:00:00,2016,Leicester,3,1.7041,home,-1.2959,-0.47900919999999997,-0.7853873357173551,9
2678,2016-10-29 18:00:00,2016,Leicester,1,0.740987,away,-0.25901300000000005,-0.32781779999999994,-0.4787406553115448,10
2696,2016-11-06 20:30:00,2016,Leicester,1,0.629678,home,-0.37032200000000004,-0.25927540000000004,-0.3397228313675429,11
2701,2016-11-19 19:00:00,2016,Leicester,1,1.19686,away,0.19686000000000003,-0.3091652,-0.4409094170867688,12
2711,2016-11-26 19:00:00,2016,Leicester,2,2.0478,home,0.047800000000000065,-0.33611499999999994,-0.4955690518781689,13
3108,2016-12-03 15:00:00,2016,Leicester,1,1.13791,away,0.13790999999999998,-0.04935299999999996,0.08604217314210962,14
3120,2016-12-10 21:30:00,2016,Leicester,4,2.60583,home,-1.39417,-0.2763843999999999,-0.37442333718376636,15
3125,2016-12-13 23:45:00,2016,Leicester,0,1.6751,away,1.6751,0.1327000000000001,0.4552824084195062,16
3138,2016-12-17 19:00:00,2016,Leicester,2,1.25572,away,-0.74428,-0.05552799999999993,0.07351802658677731,17
3148,2016-12-26 15:00:00,2016,Leicester,0,0.377464,home,0.377464,0.010404800000000058,0.20724305492741177,18
3156,2016-12-31 15:00:00,2016,Leicester,1,1.10842,home,0.10841999999999996,0.0045068000000000556,0.19528072029043195,19
3330,2017-01-02 16:30:00,2016,Leicester,0,0.477078,away,0.477078,0.37875640000000005,0.9543344593470336,20
3347,2017-01-14 21:30:00,2016,Leicester,0,0.179144,home,0.179144,0.07956520000000003,0.3475143076278827,21
3357,2017-01-22 15:00:00,2016,Leicester,0,0.935866,away,0.935866,0.4155944,1.0290493598823103,22
3362,2017-01-31 22:45:00,2016,Leicester,0,0.775645,away,0.775645,0.4952306,1.190567649746239,23
3379,2017-02-05 16:00:00,2016,Leicester,0,0.492009,home,0.492009,0.5719484,1.3461668352689398,24
3388,2017-02-12 16:00:00,2016,Leicester,0,0.672883,away,0.672883,0.6111093999999999,1.4255932487512668,25
3399,2017-02-27 20:00:00,2016,Leicester,3,1.54732,home,-1.45268,0.2847446,0.763659550661917,26
3400,2017-03-04 15:00:00,2016,Leicester,3,1.81255,home,-1.18745,-0.13991859999999992,-0.09764314625410228,27
3421,2017-03-18 15:00:00,2016,Leicester,3,2.17004,away,-0.8299599999999998,-0.4610395999999999,-0.7489413593706827,28
3434,2017-04-01 15:00:00,2016,Leicester,2,1.97444,home,-0.025560000000000027,-0.5645533999999999,-0.9588882422369763,29
3445,2017-04-04 19:45:00,2016,Leicester,2,0.929134,home,-1.070866,-0.9133032,-1.666223239215576,30
3458,2017-04-09 16:00:00,2016,Leicester,2,0.836095,away,-1.163905,-0.8555482,-1.5490844401381314,31
3468,2017-04-15 15:00:00,2016,Leicester,2,0.467725,away,-1.532275,-0.9245131999999998,-1.6889593821929483,32
3410,2017-04-26 19:45:00,2016,Leicester,0,0.595173,away,0.595173,-0.6394865999999999,-1.1108678987001395,33
3489,2017-04-29 15:00:00,2016,Leicester,1,0.570664,away,-0.42933600000000005,-0.7202417999999999,-1.2746557464580628,34
3495,2017-05-06 15:00:00,2016,Leicester,3,1.00566,home,-1.99434,-0.9049365999999999,-1.649254085439083,35
3503,2017-05-13 12:30:00,2016,Leicester,1,1.62503,away,0.62503,-0.5471496,-0.923589822509091,36
3475,2017-05-18 19:45:00,2016,Leicester,1,0.725721,home,-0.27427900000000005,-0.29555039999999994,-0.41329585424927245,37
3514,2017-05-21 15:00:00,2016,Leicester,1,2.45308,home,1.45308,-0.12396899999999995,-0.06529413768747415,38
7119,2017-08-11 19:45:00,2017,Leicester,3,1.46495,away,-1.53505,-0.3451117999999999,-0.6705068766274876,1
7133,2017-08-19 15:00:00,2017,Leicester,2,1.88355,home,-0.11644999999999994,0.03046620000000009,0.23488934473729195,2
7145,2017-08-26 17:30:00,2017,Leicester,0,0.670573,away,0.670573,0.03957480000000009,0.2568472124023928,3
7151,2017-09-09 15:00:00,2017,Leicester,1,1.34903,home,0.34902999999999995,0.1642366000000001,0.5573662062426387,4
7161,2017-09-16 15:00:00,2017,Leicester,1,1.24181,away,0.24181000000000008,-0.07801739999999988,-0.026629278611381733,5
7176,2017-09-23 17:30:00,2017,Leicester,2,2.88766,home,0.8876599999999999,0.4065246000000001,1.1414436540218744,6
7184,2017-09-30 15:00:00,2017,Leicester,0,0.594808,away,0.594808,0.5487762,1.4843659261546778,7
7192,2017-10-16 20:00:00,2017,Leicester,1,0.964277,home,-0.03572299999999995,0.4075170000000001,1.1438360071684441,8
7206,2017-10-21 15:00:00,2017,Leicester,2,1.80814,away,-0.19185999999999992,0.29933900000000013,0.8830540858769971,9
7214,2017-10-29 16:00:00,2017,Leicester,2,1.36768,home,-0.63232,0.12451300000000014,0.4616055457699648,10
7224,2017-11-04 12:30:00,2017,Leicester,2,1.39563,away,-0.6043700000000001,-0.17389299999999988,-0.25775412075091353,11
7235,2017-11-18 15:00:00,2017,Leicester,0,0.0970457,home,0.0970457,-0.2734454599999999,-0.4977426746906235,12
7247,2017-11-24 20:00:00,2017,Leicester,1,0.453851,away,-0.546149,-0.37553065999999985,-0.743836839783541,13
7249,2017-11-28 19:45:00,2017,Leicester,2,0.924575,home,-1.075425,-0.5522436599999999,-1.1698343222400063,14
7261,2017-12-02 15:00:00,2017,Leicester,1,1.61269,home,0.61269,-0.3032416599999999,-0.5695716074050776,15
7277,2017-12-09 17:30:00,2017,Leicester,3,0.444099,away,-2.555901,-0.6935478599999999,-1.5104727215684364,16
7285,2017-12-13 19:45:00,2017,Leicester,4,2.24579,away,-1.75421,-1.063799,-2.403027618585839,17
7294,2017-12-16 12:30:00,2017,Leicester,0,0.758241,home,0.758241,-0.8029209999999999,-1.7741357361081618,18
7302,2017-12-23 19:45:00,2017,Leicester,2,1.56465,home,-0.4353499999999999,-0.6749059999999998,-1.4655332693022989,19
7317,2017-12-26 15:00:00,2017,Leicester,1,1.54771,away,0.5477099999999999,-0.6879019999999998,-1.4968623921286006,20
7323,2017-12-30 15:00:00,2017,Leicester,1,0.789667,away,-0.210333,-0.2187883999999999,-0.3659823064184988,21
7334,2018-01-01 15:00:00,2017,Leicester,3,1.45074,home,-1.54926,-0.1777983999999999,-0.26716876804899287,22
7340,2018-01-13 15:00:00,2017,Leicester,0,1.36341,away,1.36341,-0.0567645999999999,0.024604299535957472,23
7353,2018-01-20 15:00:00,2017,Leicester,2,1.51932,home,-0.48068,-0.06583059999999993,0.002749126594802451,24
7365,2018-01-31 19:45:00,2017,Leicester,1,2.65018,away,1.6501800000000002,0.15466340000000012,0.5342883393112176,25
7374,2018-02-03 15:00:00,2017,Leicester,1,1.48466,home,0.4846600000000001,0.29366200000000015,0.8693686880403617,26
7382,2018-02-10 17:30:00,2017,Leicester,1,0.109716,away,-0.890284,0.4254572000000002,1.1870839857255708,27
7396,2018-02-24 12:30:00,2017,Leicester,1,1.12487,home,0.12487000000000004,0.17774920000000016,0.5899406833973543,28
7402,2018-03-03 15:00:00,2017,Leicester,1,2.97799,home,1.9779900000000001,0.6694832000000002,1.7753511853878559,29
7417,2018-03-10 15:00:00,2017,Leicester,4,1.86524,away,-2.13476,-0.08750479999999987,-0.04950030969034856,30
7430,2018-03-31 15:00:00,2017,Leicester,2,1.26582,away,-0.73418,-0.3312727999999999,-0.6371455553907082,31
7444,2018-04-07 14:00:00,2017,Leicester,1,1.09224,home,0.0922400000000001,-0.1347679999999999,-0.1634364898968779,32
7449,2018-04-14 14:00:00,2017,Leicester,1,1.99812,away,0.9981199999999999,0.039882000000000084,0.2575877715384531,33
7464,2018-04-19 18:45:00,2017,Leicester,0,0.515248,home,0.515248,-0.25266639999999996,-0.44765112937244195,34
7470,2018-04-28 14:00:00,2017,Leicester,0,0.941395,away,0.941395,0.36256460000000007,1.0354704130674102,35
7479,2018-05-05 15:00:00,2017,Leicester,0,0.391738,home,0.391738,0.5877481999999999,1.5783147238452455,36
7422,2018-05-09 19:45:00,2017,Leicester,3,2.19801,home,-0.80199,0.4089022,1.1471752731686742,37
7490,2018-05-13 15:00:00,2017,Leicester,4,1.27359,away,-2.72641,-0.3360037999999999,-0.6485504553669494,38
9197,2018-08-10 22:00:00,2018,Leicester,1,1.73813,away,0.73813,-0.2914273999999999,-0.4661890770394183,1
9210,2018-08-18 17:00:00,2018,Leicester,2,0.222843,home,-1.7771569999999999,-0.8351377999999998,-1.5086918146575525,2
9218,2018-08-25 17:00:00,2018,Leicester,2,0.517935,away,-1.482065,-1.2098983999999997,-2.2272525621647077,3
9227,2018-09-01 11:30:00,2018,Leicester,1,0.981217,home,-0.018782999999999994,-1.0532569999999999,-1.9269105265436548,4
9242,2018-09-15 14:00:00,2018,Leicester,2,1.82502,away,-0.1749799999999999,-0.5429709999999999,-0.9484952673023246,5
9250,2018-09-22 14:00:00,2018,Leicester,3,1.80404,home,-1.19596,-0.9297889999999999,-1.6901747054002008,6
9259,2018-09-29 14:00:00,2018,Leicester,2,1.34341,away,-0.65659,-0.7056755999999998,-1.2604627980375533,7
9270,2018-10-06 14:00:00,2018,Leicester,1,1.10472,home,0.10471999999999992,-0.3883185999999999,-0.6519669125399093,8
9286,2018-10-22 19:00:00,2018,Leicester,1,0.932491,away,-0.06750900000000004,-0.3980637999999999,-0.6706522230997888,9
9293,2018-10-27 16:30:00,2018,Leicester,1,1.95344,home,0.9534400000000001,-0.17237979999999992,-0.2379288692029146,10
9302,2018-11-03 15:00:00,2018,Leicester,1,2.18288,away,1.18288,0.30338820000000005,0.6743020582744786,11
9310,2018-11-10 15:00:00,2018,Leicester,0,1.5091,home,1.5091,0.7365262000000001,1.504794818329176,12
9322,2018-11-24 15:00:00,2018,Leicester,1,1.12521,away,0.12521000000000004,0.7406242000000001,1.512652266372765,13
9331,2018-12-01 15:00:00,2018,Leicester,2,1.41758,home,-0.5824199999999999,0.6376420000000002,1.3151956324258363,14
9342,2018-12-05 19:45:00,2018,Leicester,1,1.21575,away,0.2157500000000001,0.4901040000000002,1.0323083289960984,15
9350,2018-12-08 19:45:00,2018,Leicester,0,0.357742,home,0.357742,0.32507640000000015,0.7158867104606603,16
9365,2018-12-15 15:00:00,2018,Leicester,0,0.895305,away,0.895305,0.20231740000000015,0.48051031602850575,17
9373,2018-12-22 15:00:00,2018,Leicester,1,0.456492,away,-0.543508,0.06857380000000013,0.22407220276286888,18
9382,2018-12-26 15:00:00,2018,Leicester,2,1.55714,home,-0.44286000000000003,0.09648580000000011,0.2775902822632745,19
9392,2018-12-29 15:00:00,2018,Leicester,0,1.51648,home,1.51648,0.35663180000000005,0.7763905943051392,20
9402,2019-01-01 12:30:00,2018,Leicester,1,0.644144,away,-0.35585599999999995,0.21391220000000008,0.5027420238312894,21
9410,2019-01-12 15:00:00,2018,Leicester,1,1.75983,home,0.75983,0.18681720000000007,0.4507904487358649,22
9417,2019-01-19 12:30:00,2018,Leicester,3,1.33831,away,-1.66169,-0.03681919999999992,0.021993134520311666,23
9436,2019-01-30 20:00:00,2018,Leicester,1,1.1272,away,0.12719999999999998,0.0771928000000001,0.24059815315030061,24
9440,2019-02-03 14:05:00,2018,Leicester,0,1.40067,home,1.40067,0.05403080000000009,0.1961876573997848,25
9452,2019-02-10 13:30:00,2018,Leicester,1,3.02164,away,2.02164,0.5295300000000001,1.1079031915062367,26
9460,2019-02-23 17:30:00,2018,Leicester,1,0.946697,home,-0.05330299999999999,0.3669034000000001,0.7960852168831117,27
9467,2019-02-26 19:45:00,2018,Leicester,2,1.92171,home,-0.07828999999999997,0.6835834000000001,1.4032830320231398,28
9479,2019-03-03 12:00:00,2018,Leicester,1,0.794683,away,-0.20531699999999997,0.6170800000000001,1.2757703404121024,29
9491,2019-03-09 15:00:00,2018,Leicester,3,2.13494,home,-0.8650600000000002,0.16393400000000005,0.4069145202168163,30
9504,2019-03-16 15:00:00,2018,Leicester,2,0.608954,away,-1.391046,-0.5186031999999999,-0.9017727874495738,31
9511,2019-03-30 15:00:00,2018,Leicester,2,1.8935,home,-0.10650000000000004,-0.5292425999999999,-0.9221726246176956,32
9523,2019-04-06 15:00:00,2018,Leicester,4,3.61876,away,-0.38124,-0.5898325999999999,-1.0383470455452386,33
9532,2019-04-12 20:00:00,2018,Leicester,0,0.877377,home,0.877377,-0.3732938,-0.6231585705766789,34
9538,2019-04-20 15:00:00,2018,Leicester,2,0.8065,away,-1.1935,-0.4389817999999999,-0.7491078256004193,35
9552,2019-04-28 12:00:00,2018,Leicester,3,3.6797,home,0.6797,-0.02483259999999996,0.044976074178507436,36
9560,2019-05-06 19:00:00,2018,Leicester,0,0.537307,away,0.537307,0.10392880000000004,0.29186138665283873,37
9572,2019-05-12 14:00:00,2018,Leicester,0,0.345306,home,0.345306,0.24923800000000007,0.5704752200485232,38
11651,2019-08-11 14:00:00,2019,Leicester,0,0.543759,home,0.543759,0.18251440000000005,0.5269866325652415,1
11661,2019-08-18 16:30:00,2019,Leicester,1,0.947941,away,-0.052058999999999966,0.4108026000000001,0.8497019721045628,2
11665,2019-08-24 15:00:00,2019,Leicester,2,0.704879,away,-1.295121,0.01583840000000012,0.2913682259500248,3
11677,2019-08-31 15:00:00,2019,Leicester,3,2.23766,home,-0.76234,-0.2440909999999999,-0.07607610353022014,4
11684,2019-09-14 14:00:00,2019,Leicester,0,0.459141,away,0.459141,-0.22132399999999985,-0.04389196026179128,5
11694,2019-09-21 11:30:00,2019,Leicester,2,1.28752,home,-0.71248,-0.4725717999999999,-0.3990637084533645,6
11710,2019-09-29 15:30:00,2019,Leicester,5,1.82438,home,-3.1756200000000003,-1.097284,-1.2821764130844246,7
11715,2019-10-05 15:00:00,2019,Leicester,1,0.0982107,away,-0.9017893,-1.0186176599999999,-1.170971214465242,8
11728,2019-10-19 15:00:00,2019,Leicester,2,0.8291,home,-1.1709,-1.1003296599999999,-1.2864818533175217,9
11740,2019-10-25 20:00:00,2019,Leicester,9,4.38046,away,-4.61954,-2.11606586,-2.7223583141480856,10
11747,2019-11-03 14:00:00,2019,Leicester,2,0.981167,away,-1.0188329999999999,-2.1773364600000003,-2.808972350628193,11
11762,2019-11-09 17:30:00,2019,Leicester,2,1.37055,home,-0.6294500000000001,-1.66810246,-2.089103241252558,12
11766,2019-11-23 15:00:00,2019,Leicester,2,3.50917,away,1.5091700000000001,-1.1859106,-1.4074617467600838,13
11775,2019-12-01 16:30:00,2019,Leicester,2,2.24348,home,0.24347999999999992,-0.9030346,-1.0075793858341795,14
11785,2019-12-04 19:30:00,2019,Leicester,2,2.28735,home,0.28735,0.07834340000000002,0.3797272488776455,15
11793,2019-12-08 14:00:00,2019,Leicester,4,4.03286,away,0.03286000000000033,0.28868200000000005,0.6770684724591775,16
11807,2019-12-14 15:00:00,2019,Leicester,1,1.06421,home,0.0642100000000001,0.42741400000000007,0.8731843666883541,17
11817,2019-12-21 17:30:00,2019,Leicester,1,1.01388,away,0.013879999999999892,0.12835600000000005,0.4504266244487187,18
11828,2019-12-26 20:00:00,2019,Leicester,0,0.120994,home,0.120994,0.10385880000000007,0.41579661634596676,19
11842,2019-12-28 17:30:00,2019,Leicester,2,2.62349,away,0.6234899999999999,0.17108680000000004,0.5108322197917404,20
11849,2020-01-01 15:00:00,2019,Leicester,3,2.43642,away,-0.56358,0.05179879999999999,0.3422029720997153,21
11861,2020-01-11 15:00:00,2019,Leicester,1,0.780114,home,-0.21988600000000003,-0.005020400000000036,0.2618815738831075,22
11866,2020-01-19 14:00:00,2019,Leicester,1,2.33415,away,1.3341500000000002,0.25903360000000003,0.6351565669257437,23
11876,2020-01-22 19:30:00,2019,Leicester,4,2.91302,home,-1.08698,0.017438799999999997,0.29363060144467895,24
11886,2020-02-01 12:30:00,2019,Leicester,2,1.65956,home,-0.3404400000000001,-0.17534719999999998,0.021102282204229418,25
11902,2020-02-14 20:00:00,2019,Leicester,0,0.527366,away,0.527366,0.042842000000000005,0.32954135948379476,26
11904,2020-02-22 17:30:00,2019,Leicester,0,0.723269,home,0.723269,0.23147299999999998,0.5961960407710524,27
11919,2020-02-28 20:00:00,2019,Leicester,0,1.42581,away,1.42581,0.249805,0.6221107293289141,28
11927,2020-03-09 20:00:00,2019,Leicester,4,2.41239,home,-1.5876100000000002,0.14967899999999998,0.4805694841541126,29
11935,2020-06-20 11:30:00,2019,Leicester,1,1.05245,away,0.05245000000000011,0.22825700000000002,0.5916498025863435,30
11945,2020-06-23 17:00:00,2019,Leicester,0,0.505486,home,0.505486,0.223881,0.5854637521210804,31
11958,2020-07-01 17:00:00,2019,Leicester,1,1.80384,away,0.8038400000000001,0.23999520000000002,0.6082432892342756,32
11965,2020-07-04 14:00:00,2019,Leicester,3,2.20683,home,-0.7931699999999999,-0.20380079999999995,-0.019120616680233387,33
11973,2020-07-07 19:15:00,2019,Leicester,1,1.00238,away,0.0023800000000000487,0.11419720000000008,0.43041130193327837,34
11984,2020-07-12 18:00:00,2019,Leicester,1,1.66084,away,0.6608400000000001,0.2358752000000001,0.6024191283757557,35
11998,2020-07-16 17:00:00,2019,Leicester,2,3.05752,home,1.0575199999999998,0.3462820000000001,0.7584936339763514,36
12010,2020-07-19 15:00:00,2019,Leicester,0,1.20085,away,1.20085,0.42568400000000006,0.8707387845802862,37
12018,2020-07-26 15:00:00,2019,Leicester,0,0.754668,home,0.754668,0.7352516,1.3083532260817428,38
14092,2020-09-13 13:00:00,2020,Leicester,3,2.95581,away,-0.04418999999999995,0.7259376000000001,2.478598460065327,1
14103,2020-09-20 18:00:00,2020,Leicester,4,0.987365,home,-3.012635,-0.008757399999999915,0.46265860799766156,2
14112,2020-09-27 15:30:00,2020,Leicester,5,2.86721,away,-2.13279,-0.6468193999999998,-1.2881286083165893,3
14470,2020-10-04 11:00:00,2020,Leicester,0,0.456022,home,0.456022,-0.7957849999999999,-1.696877394720704,4
14479,2020-10-18 18:15:00,2020,Leicester,0,0.671595,home,0.671595,-0.8123995999999998,-1.7424664272664045,5
14485,2020-10-25 19:15:00,2020,Leicester,1,0.736172,away,-0.26382799999999995,-0.8563271999999997,-1.8629999812523272,6
14498,2020-11-02 20:00:00,2020,Leicester,4,3.07657,away,-0.9234300000000002,-0.43848619999999994,-0.7164802366946467,7
14510,2020-11-08 14:00:00,2020,Leicester,1,2.0545,home,1.0545,0.1989718000000001,1.0326496555999107,8
14519,2020-11-22 19:15:00,2020,Leicester,0,1.98397,away,1.98397,0.5045614,1.8711612189253957,9
14532,2020-11-30 17:30:00,2020,Leicester,1,1.27814,home,0.27814000000000005,0.4258704000000001,1.6552398870814924,10
14541,2020-12-06 14:15:00,2020,Leicester,2,1.3904,away,-0.6095999999999999,0.35671600000000003,1.4654861649167459,11
14553,2020-12-13 19:15:00,2020,Leicester,3,1.64351,home,-1.35649,0.27010400000000007,1.2278302907549719,12
14559,2020-12-16 18:00:00,2020,Leicester,0,0.83883,home,0.83883,0.22697000000000012,1.109474306871746,13
14573,2020-12-20 14:15:00,2020,Leicester,2,1.74772,away,-0.25228000000000006,-0.2202799999999999,-0.11774120274416729,14
14579,2020-12-26 12:30:00,2020,Leicester,2,1.0396,home,-0.9603999999999999,-0.4679879999999999,-0.7974306369665008,15
14594,2020-12-28 15:00:00,2020,Leicester,1,1.72132,away,0.72132,-0.20180399999999993,-0.06704464879075517,16
14597,2021-01-03 14:15:00,2020,Leicester,2,0.702081,away,-1.297919,-0.19008979999999992,-0.034901892116092806,17
14619,2021-01-16 20:00:00,2020,Leicester,2,2.12019,home,0.12019000000000002,-0.33381779999999994,-0.4292791548686384,18
14609,2021-01-19 20:15:00,2020,Leicester,2,1.1449,home,-0.8551,-0.4543817999999999,-0.7600963951175662,19
14627,2021-01-27 20:15:00,2020,Leicester,1,0.792045,away,-0.207955,-0.30389279999999996,-0.3471675302174228,20
14643,2021-01-31 14:00:00,2020,Leicester,1,1.73432,home,0.7343200000000001,-0.30129279999999986,-0.3400333539737079,21
14647,2021-02-03 18:00:00,2020,Leicester,2,1.71299,away,-0.28701,-0.09911099999999988,0.21473610543839416,22
14664,2021-02-07 14:00:00,2020,Leicester,0,0.632232,away,0.632232,0.003297400000000117,0.4957359417602506,23
14670,2021-02-13 12:30:00,2020,Leicester,3,2.07383,home,-0.9261699999999999,-0.010916599999999877,0.4567339490186506,24
14676,2021-02-21 14:00:00,2020,Leicester,2,1.23852,away,-0.7614799999999999,-0.12162159999999986,0.15296895630310084,25
14690,2021-02-28 12:00:00,2020,Leicester,1,0.533575,home,-0.466425,-0.36177059999999994,-0.5059792324476026,26
14716,2021-03-03 18:00:00,2020,Leicester,1,1.24109,away,0.24109000000000003,-0.2561505999999999,-0.21616704211639443,27
14696,2021-03-06 20:00:00,2020,Leicester,2,1.03801,away,-0.9619899999999999,-0.5749949999999998,-1.0910486359323361,28
14710,2021-03-14 14:00:00,2020,Leicester,5,4.54571,home,-0.4542900000000003,-0.4806189999999999,-0.8320890139412545,29
14730,2021-04-03 16:30:00,2020,Leicester,0,0.284781,home,0.284781,-0.2713667999999999,-0.25791898540855246,30
14744,2021-04-11 13:05:00,2020,Leicester,2,1.17188,away,-0.82812,-0.34370579999999995,-0.45641097590627316,31
14750,2021-04-22 19:00:00,2020,Leicester,3,2.6712,home,-0.3288000000000002,-0.4576838,-0.7691567989470839,32
14759,2021-04-26 19:00:00,2020,Leicester,2,1.23419,home,-0.7658100000000001,-0.41844780000000004,-0.6614965916015503,33
14772,2021-04-30 19:00:00,2020,Leicester,1,2.51518,away,1.51518,-0.02455379999999998,0.41931464583757905,34
14779,2021-05-07 19:00:00,2020,Leicester,2,2.315,home,0.31499999999999995,-0.018509999999999992,0.4358983129074877,35
14788,2021-05-11 17:00:00,2020,Leicester,2,0.991522,away,-1.008478,-0.05458159999999999,0.3369209468333427,36
14797,2021-05-18 19:15:00,2020,Leicester,1,0.832596,away,-0.167404,-0.022302399999999944,0.4254922936818481,37
14809,2021-05-23 15:00:00,2020,Leicester,2,1.82554,home,-0.17446000000000006,0.09596760000000007,0.7500149953526677,38
16381,2021-08-14 14:00:00,2021,Leicester,1,0.668082,home,-0.33191800000000005,-0.2734519999999999,0.04267284223438774,1
16395,2021-08-23 19:00:00,2021,Leicester,1,0.62676,away,-0.37324,-0.4110999999999999,-0.41716778647602404,2
16398,2021-08-28 14:00:00,2021,Leicester,2,1.27371,away,-0.7262900000000001,-0.35466239999999993,-0.22862671456138142,3
16409,2021-09-11 14:00:00,2021,Leicester,0,0.8001,home,0.8001,-0.16116159999999996,0.4178013448943872,4
16423,2021-09-19 13:00:00,2021,Leicester,1,1.25373,away,0.25373,-0.07552359999999991,0.7038921835662333,5
16430,2021-09-25 14:00:00,2021,Leicester,2,2.16233,home,0.16232999999999986,0.02332600000000007,1.0341190100495292,6
16439,2021-10-03 13:00:00,2021,Leicester,2,1.04322,away,-0.95678,-0.09338199999999992,0.6442326325101917,7
16450,2021-10-16 14:00:00,2021,Leicester,4,2.96611,home,-1.03389,-0.1549019999999999,0.4387127885730147,8
16457,2021-10-24 13:00:00,2021,Leicester,2,1.00254,away,-0.99746,-0.5144139999999998,-0.7623088325833953,9
16468,2021-10-30 11:30:00,2021,Leicester,0,1.98801,home,1.98801,-0.16755799999999987,0.3964328935003732,10
16482,2021-11-07 14:00:00,2021,Leicester,1,0.795292,away,-0.204708,-0.24096559999999992,0.15120014811996488,11
16488,2021-11-20 12:30:00,2021,Leicester,0,0.499504,home,0.499504,0.050291200000000126,1.1242016448956733,12
16502,2021-11-28 14:00:00,2021,Leicester,4,2.16027,home,-1.8397299999999999,-0.11087679999999986,0.5857877598555734,13
16514,2021-12-01 19:30:00,2021,Leicester,2,1.4401,away,-0.5599000000000001,-0.023364799999999873,0.8781390697162729,14
16516,2021-12-05 16:30:00,2021,Leicester,1,0.982614,away,-0.017386000000000013,-0.42444399999999993,-0.4617460829242961,15
16532,2021-12-12 14:00:00,2021,Leicester,4,2.05771,home,-1.9422899999999998,-0.7719603999999999,-1.6226940070726958,16
16560,2021-12-26 15:00:00,2021,Leicester,3,2.43425,away,-0.56575,-0.9850112,-2.334432745152844,17
16573,2021-12-28 20:00:00,2021,Leicester,1,0.615892,home,-0.384108,-0.6938867999999999,-1.3618735570139577,18
16540,2022-01-19 19:30:00,2021,Leicester,2,1.95031,home,-0.04969000000000001,-0.5918447999999998,-1.0209818808917628,19
16602,2022-01-23 14:00:00,2021,Leicester,1,1.70979,home,0.7097899999999999,-0.44640959999999985,-0.5351265556809026,20
16614,2022-02-10 19:45:00,2021,Leicester,0,0.544954,away,0.544954,0.05103920000000008,1.1267004882517362,21
16620,2022-02-13 16:30:00,2021,Leicester,2,1.40693,home,-0.59307,0.04557520000000008,1.108446905233649,22
16635,2022-02-20 16:30:00,2021,Leicester,1,1.55048,away,0.5504800000000001,0.23249280000000008,1.7328824705963222,23
16588,2022-03-01 19:45:00,2021,Leicester,2,1.79558,away,-0.20442000000000005,0.2015468000000001,1.6295011784883922,24
16648,2022-03-05 12:30:00,2021,Leicester,1,0.359129,home,-0.640871,-0.06858539999999988,0.7270706260435565,25
16656,2022-03-13 16:30:00,2021,Leicester,0,0.54911,away,0.54911,-0.0677541999999999,0.7298474156124866,26
16668,2022-03-20 14:00:00,2021,Leicester,2,1.27865,home,-0.7213499999999999,-0.09341019999999989,0.6441384247793883,27
16679,2022-04-02 16:30:00,2021,Leicester,1,1.07638,away,0.07637999999999989,-0.18823019999999993,0.3273732817019642,28
16691,2022-04-10 13:00:00,2021,Leicester,2,0.879235,home,-1.120765,-0.3714991999999999,-0.2848734068305859,29
16701,2022-04-17 13:15:00,2021,Leicester,1,0.541084,away,-0.458916,-0.3351081999999999,-0.16330200499837183,30
16547,2022-04-20 18:45:00,2021,Leicester,1,0.786333,away,-0.21366700000000005,-0.4876636,-0.6729437800272018,31
16709,2022-04-23 14:00:00,2021,Leicester,0,0.235635,home,0.235635,-0.29626659999999994,-0.033543884545344405,32
16719,2022-05-01 13:00:00,2021,Leicester,1,0.274133,away,-0.725867,-0.45671599999999996,-0.5695571427997931,33
16729,2022-05-08 13:00:00,2021,Leicester,1,1.47479,home,0.47479000000000005,-0.13760499999999992,0.49649687083213934,34
16582,2022-05-11 18:45:00,2021,Leicester,3,2.57058,home,-0.4294199999999999,-0.1317057999999999,0.5162043263482999,35
16738,2022-05-15 13:00:00,2021,Leicester,5,2.27297,away,-2.72703,-0.6343783999999999,-1.1630738645407603,36
16639,2022-05-19 19:00:00,2021,Leicester,1,0.0417972,away,-0.9582028,-0.8731459599999999,-1.9607245743661916,37
16752,2022-05-22 15:00:00,2021,Leicester,4,3.42058,home,-0.5794199999999998,-0.8438565599999999,-1.8628774853380128,38
18210,2022-08-07 13:00:00,2022,Leicester,2,0.455695,home,-1.544305,-1.24767556,-1.776098064459385,1
18217,2022-08-13 14:00:00,2022,Leicester,2,0.690679,away,-1.309321,-1.42365576,-2.0528725815181064,2
18226,2022-08-20 14:00:00,2022,Leicester,1,0.242948,home,-0.7570520000000001,-1.02966016,-1.4332122906827665,3
18235,2022-08-27 14:00:00,2022,Leicester,1,1.96023,away,0.9602299999999999,-0.6459735999999998,-0.8297656396054165,4
18251,2022-09-01 19:00:00,2022,Leicester,0,0.615266,home,0.615266,-0.40703639999999996,-0.4539749078221638,5
18259,2022-09-04 13:00:00,2022,Leicester,2,1.06549,away,-0.93451,-0.2850773999999999,-0.26216274187415006,6
18278,2022-09-17 16:30:00,2022,Leicester,2,1.59449,away,-0.40551000000000004,-0.10431519999999994,0.022132710724904008,7
18287,2022-10-03 19:00:00,2022,Leicester,4,1.2497,home,-2.7503,-0.5029648,-0.6048472024451719,8
18293,2022-10-08 14:00:00,2022,Leicester,1,1.18125,away,0.1812499999999999,-0.6587608,-0.849876828844509,9
18306,2022-10-15 11:30:00,2022,Leicester,0,0.973426,home,0.973426,-0.5871288,-0.7372169261625574,10
18317,2022-10-20 19:15:00,2022,Leicester,2,0.655249,home,-1.344751,-0.669177,-0.8662590055018092,11
18331,2022-10-23 13:00:00,2022,Leicester,4,0.989075,away,-3.010925,-1.1902599999999999,-1.6857972016881408,12
18338,2022-10-29 11:30:00,2022,Leicester,0,0.693597,home,0.693597,-0.5014805999999999,-0.6025129129159034,13
18344,2022-11-05 17:30:00,2022,Leicester,2,2.2679,away,0.2679,-0.4841505999999999,-0.5752569921894373,14
18360,2022-11-12 15:00:00,2022,Leicester,2,1.60566,away,-0.3943399999999999,-0.7577037999999998,-1.0054903640111985,15
18369,2022-12-26 15:00:00,2022,Leicester,0,0.31099,home,0.31099,-0.4265555999999998,-0.4846739134680976,16
18375,2022-12-30 20:00:00,2022,Leicester,1,0.863312,away,-0.13668800000000003,0.1482918000000001,0.4194227492102139,17
18389,2023-01-03 19:45:00,2022,Leicester,0,1.45221,home,1.45221,0.3000144000000001,0.6580458973933254,18
18399,2023-01-14 15:00:00,2022,Leicester,0,0.803421,away,0.803421,0.4071186000000001,0.8264950367280958,19
18407,2023-01-21 15:00:00,2022,Leicester,2,1.35941,home,-0.64059,0.35786860000000004,0.7490366353559977,20
18412,2023-02-04 15:00:00,2022,Leicester,4,2.49784,away,-1.50216,-0.004761399999999938,0.17870688734454965,21
18427,2023-02-11 15:00:00,2022,Leicester,4,1.41208,home,-2.58792,-0.49500779999999994,-0.5923327557503945,22
18437,2023-02-19 14:00:00,2022,Leicester,0,1.39678,away,1.39678,-0.5060937999999998,-0.6097683666663553,23
18447,2023-02-25 15:00:00,2022,Leicester,0,0.0203463,home,0.0203463,-0.6627087399999999,-0.8560859886640612,24
18460,2023-03-04 17:30:00,2022,Leicester,0,1.67051,away,1.67051,-0.20048873999999994,-0.12912513014200971,25
18467,2023-03-11 15:00:00,2022,Leicester,1,2.36139,home,1.36139,0.37222126000000005,0.7716099165547238,26
18474,2023-03-18 15:00:00,2022,Leicester,1,1.42133,away,0.42133,0.97407126,1.7181751727130394,27
18486,2023-04-01 14:00:00,2022,Leicester,1,0.198959,away,-0.801041,0.53450706,1.026846437029688,28
18263,2023-04-04 18:45:00,2022,Leicester,1,0.671597,home,-0.328403,0.46475720000000004,0.9171466877600913,29
18496,2023-04-08 14:00:00,2022,Leicester,0,0.731965,home,0.731965,0.27704820000000013,0.6219255900310539,30
18506,2023-04-15 16:30:00,2022,Leicester,1,1.92692,away,0.92692,0.19015420000000008,0.4852622331005551,31
18518,2023-04-22 14:00:00,2022,Leicester,2,2.66929,home,0.6692900000000002,0.23974620000000008,0.563258518193856,32
18523,2023-04-25 19:00:00,2022,Leicester,1,2.08594,away,1.08594,0.6171424000000001,1.1568119463340487,33
18538,2023-05-01 19:00:00,2022,Leicester,2,3.32486,home,1.3248600000000001,0.9477949999999999,1.6768489373092301,34
18544,2023-05-08 14:00:00,2022,Leicester,3,2.92566,away,-0.07433999999999985,0.7865340000000002,1.4232241806865735,35
18559,2023-05-15 19:00:00,2022,Leicester,0,0.527496,home,0.527496,0.7066492000000002,1.2975846090737866,36
18567,2023-05-22 19:00:00,2022,Leicester,0,0.0839072,away,0.0839072,0.5895726400000001,1.1134513466221216,37
18579,2023-05-28 15:30:00,2022,Leicester,2,2.03013,home,0.030130000000000212,0.3784106400000002,0.7813443222457784,38
26611,2024-08-19 19:00:00,2024,Leicester,1,1.02614,home,0.026140000000000052,0.11866664000000016,-0.14415326760707836,1
26614,2024-08-24 14:00:00,2024,Leicester,1,0.857005,away,-0.14299499999999998,0.10493564000000015,-0.18576458160944107,2
26626,2024-08-31 14:00:00,2024,Leicester,1,0.774741,home,-0.225259,-0.04561535999999985,-0.6420041078179985,3
26636,2024-09-14 14:00:00,2024,Leicester,2,1.65187,away,-0.34813000000000005,-0.13202279999999986,-0.9038588247344875,4
26644,2024-09-21 14:00:00,2024,Leicester,1,1.33793,home,0.33793000000000006,-0.0704627999999999,-0.7173034034261019,5
26655,2024-09-28 14:00:00,2024,Leicester,2,0.337909,away,-1.662091,-0.4081089999999999,-1.7405283724672893,6
26663,2024-10-05 14:00:00,2024,Leicester,1,0.912063,home,-0.08793700000000004,-0.39709739999999993,-1.707158104805181,7
26678,2024-10-19 14:00:00,2024,Leicester,3,2.83826,away,-0.16174,-0.38439359999999995,-1.6686596843825448,8
26682,2024-10-25 19:00:00,2024,Leicester,1,0.832415,home,-0.16758499999999998,-0.3482845999999999,-1.5592326260975462,9
26695,2024-11-02 15:00:00,2024,Leicester,1,2.33858,away,1.3385799999999999,-0.14815459999999997,-0.9527456789492803,10
26708,2024-11-10 14:00:00,2024,Leicester,0,0.417295,away,0.417295,0.26772260000000003,0.3075555923072472,11
26719,2024-11-23 12:30:00,2024,Leicester,1,0.967987,home,-0.03201299999999996,0.2789074000000001,0.3414507364958444,12
26722,2024-11-30 15:00:00,2024,Leicester,1,0.907555,away,-0.092445,0.2927664000000001,0.38344995000969956,13
26738,2024-12-03 20:15:00,2024,Leicester,3,2.78061,home,-0.2193900000000002,0.28240540000000003,0.35205130283334807,14
26751,2024-12-08 14:00:00,2024,Leicester,2,1.42438,home,-0.57562,-0.10043459999999996,-0.8081318923210125,15
26760,2024-12-14 15:00:00,2024,Leicester,0,0.186759,away,0.186759,-0.14654179999999994,-0.9478581451044757,16
26770,2024-12-22 14:00:00,2024,Leicester,0,0.78868,home,0.78868,0.017596800000000058,-0.4504418735650245,17
26776,2024-12-26 20:00:00,2024,Leicester,1,0.22097,away,-0.77903,-0.11972019999999994,-0.8665762268431859,18
26788,2024-12-29 14:30:00,2024,Leicester,0,1.84208,home,1.84208,0.29257380000000005,0.38286628246350063,19
26793,2025-01-04 15:00:00,2024,Leicester,1,0.81548,away,-0.18452000000000002,0.37079380000000006,0.6199092495645718,20
26806,2025-01-15 19:30:00,2024,Leicester,0,2.09904,home,2.09904,0.7532500000000001,1.7789293522774416,21
26817,2025-01-18 15:00:00,2024,Leicester,0,0.676934,home,0.676934,0.7309008,1.7112008853848915,22
26830,2025-01-26 14:00:00,2024,Leicester,2,1.40469,away,-0.59531,0.7676448,1.8225522889026846,23
26836,2025-02-01 15:00:00,2024,Leicester,0,0.447136,away,0.447136,0.48865600000000003,0.9770865136538055,24
26846,2025-02-15 12:30:00,2024,Leicester,0,0.233209,home,0.233209,0.5722018,1.2302691308978948,25
26858,2025-02-21 20:00:00,2024,Leicester,0,0.727901,home,0.727901,0.29797400000000007,0.3992313991975739,26
26866,2025-02-27 20:00:00,2024,Leicester,0,0.289578,away,0.289578,0.22050280000000005,0.16445764423873335,27
26874,2025-03-09 14:00:00,2024,Leicester,0,0.108487,away,0.108487,0.36126220000000003,0.591024070004094,28
26888,2025-03-16 19:00:00,2024,Leicester,0,1.30455,home,1.30455,0.532745,1.1106966821084094,29
26898,2025-04-02 19:45:00,2024,Leicester,0,0.104741,away,0.104741,0.5070514000000002,1.032833128292147,30
26908,2025-04-07 19:00:00,2024,Leicester,0,0.354575,home,0.354575,0.4323862,0.806562857936804,31
26914,2025-04-12 14:00:00,2024,Leicester,2,1.98444,away,-0.015560000000000018,0.37135860000000004,0.6216208561590321,32
26928,2025-04-20 15:30:00,2024,Leicester,0,0.232205,home,0.232205,0.39610220000000007,0.6966054682884373,33
26941,2025-04-26 14:00:00,2024,Leicester,0,1.04978,away,1.04978,0.3451482,0.5421911580651185,34
26951,2025-05-03 14:00:00,2024,Leicester,2,1.60739,home,-0.3926099999999999,0.245678,0.2407502050334518,35
26958,2025-05-11 13:15:00,2024,Leicester,2,1.22949,away,-0.77051,0.02066100000000002,-0.4411559229156881,36
26969,2025-05-18 14:00:00,2024,Leicester,2,0.788544,home,-1.211456,-0.21851820000000002,-1.165980101346531,37
26979,2025-05-25 15:00:00,2024,Leicester,0,0.156702,away,0.156702,-0.2336188,-1.2117419401218623,38
89,2015-08-09 19:00:00,2015,Liverpool,1,0.329873,away,-0.6701269999999999,,,1
100,2015-08-17 23:00:00,2015,Liverpool,1,2.15062,home,1.15062,,,2
110,2015-08-24 23:00:00,2015,Liverpool,0,1.29206,away,1.29206,0.590851,1.2692696127767253,3
116,2015-08-29 18:00:00,2015,Liverpool,0,0.561737,home,0.561737,0.5835725,1.2580581433011884,4
127,2015-09-12 20:30:00,2015,Liverpool,1,1.02572,away,0.025719999999999965,0.472002,1.086200033097106,5
140,2015-09-20 19:00:00,2015,Liverpool,1,1.90447,home,0.9044700000000001,0.7869214,1.5712875154567216,6
145,2015-09-26 18:00:00,2015,Liverpool,3,1.78331,home,-1.21669,0.3134594,0.8419882421412374,7
158,2015-10-04 16:30:00,2015,Liverpool,1,1.30844,away,0.30844000000000005,0.1167354,0.5389635638276339,8
161,2015-10-17 15:45:00,2015,Liverpool,0,0.715892,away,0.715892,0.1475664,0.5864542302287171,9
180,2015-10-25 20:15:00,2015,Liverpool,1,0.682823,home,-0.31717700000000004,0.07898699999999999,0.4808176499236199,10
181,2015-10-31 16:45:00,2015,Liverpool,3,0.839342,away,-2.1606579999999997,-0.5340385999999999,-0.46345902825496393,11
200,2015-11-08 20:00:00,2015,Liverpool,1,2.15673,home,1.15673,-0.059354599999999945,0.26772255813314605,12
208,2015-11-21 21:30:00,2015,Liverpool,4,2.61697,away,-1.3830300000000002,-0.3976486,-0.25337009210486355,13
219,2015-11-29 20:15:00,2015,Liverpool,1,1.19358,home,0.19358000000000009,-0.502111,-0.41427920922258665,14
229,2015-12-06 20:00:00,2015,Liverpool,0,0.999043,away,0.999043,-0.23886699999999994,-0.008790156448211144,15
238,2015-12-13 20:00:00,2015,Liverpool,2,2.12583,home,0.1258300000000001,0.21843060000000003,0.6956102122591297,16
248,2015-12-20 17:30:00,2015,Liverpool,0,0.376313,away,0.376313,0.062347200000000005,0.4551864608353404,17
257,2015-12-26 19:00:00,2015,Liverpool,1,1.37933,home,0.37932999999999995,0.4148192,0.9981182557081187,18
270,2015-12-30 23:45:00,2015,Liverpool,1,1.80743,away,0.8074300000000001,0.5375892,1.1872275649767443,19
271,2016-01-02 16:45:00,2015,Liverpool,0,1.86591,away,1.86591,0.7109626,1.454284043917472,20
289,2016-01-14 00:00:00,2015,Liverpool,3,1.16222,home,-1.83778,0.31824060000000004,0.8493529845821851,21
298,2016-01-17 18:05:00,2015,Liverpool,0,0.952974,home,0.952974,0.4335728,1.0270054459198978,22
301,2016-01-23 16:45:00,2015,Liverpool,5,1.44943,away,-3.55057,-0.3524071999999999,-0.1836823027072451,23
312,2016-02-02 23:45:00,2015,Liverpool,0,0.580791,away,0.580791,-0.39773499999999995,-0.2535031787247283,24
327,2016-02-06 19:00:00,2015,Liverpool,2,1.57712,home,-0.4228799999999999,-0.8554929999999998,-0.9586127265962564,25
339,2016-02-14 18:05:00,2015,Liverpool,6,2.00756,away,-3.99244,-1.286425,-1.6224007274250205,26
357,2016-03-03 00:00:00,2015,Liverpool,3,1.16781,home,-1.83219,-1.8434578000000001,-2.480428649946553,27
367,2016-03-06 17:30:00,2015,Liverpool,2,2.27087,away,0.27086999999999994,-1.0791698,-1.3031542688901112,28
380,2016-03-20 17:30:00,2015,Liverpool,2,1.29046,away,-0.7095400000000001,-1.3372359999999999,-1.7006676746698532,29
391,2016-04-02 20:30:00,2015,Liverpool,1,1.37954,home,0.37954,-1.176752,-1.4534654396884565,30
403,2016-04-10 19:00:00,2015,Liverpool,4,2.21484,home,-1.7851599999999999,-0.735296,-0.7734667491900418,31
412,2016-04-17 16:30:00,2015,Liverpool,2,1.81443,away,-0.18557,-0.4059719999999999,-0.26619107788939117,32
418,2016-04-20 23:00:00,2015,Liverpool,4,3.24472,home,-0.75528,-0.6112019999999999,-0.5823180107003387,33
423,2016-04-23 18:00:00,2015,Liverpool,2,0.712881,home,-1.2871190000000001,-0.7267178,-0.7602532811052642,34
433,2016-05-01 15:00:00,2015,Liverpool,1,0.776186,away,-0.22381399999999996,-0.8473885999999998,-0.9461290784245803,35
445,2016-05-08 19:00:00,2015,Liverpool,2,2.38919,home,0.38919000000000015,-0.41251859999999996,-0.2762751619820685,36
450,2016-05-11 23:00:00,2015,Liverpool,1,1.83934,home,0.83934,-0.2075365999999999,0.03946976293852628,37
459,2016-05-15 18:00:00,2015,Liverpool,1,0.419877,away,-0.5801229999999999,-0.1725051999999999,0.0934305339470213,38
469,2016-08-14 19:00:00,2016,Liverpool,4,1.6591,away,-2.3409,-0.38326139999999986,-0.36146907364827424,1
473,2016-08-20 18:00:00,2016,Liverpool,0,0.939025,away,0.939025,-0.15069359999999987,0.4407130339213291,2
481,2016-08-27 15:30:00,2016,Liverpool,1,1.92569,away,0.9256899999999999,-0.04339359999999992,0.8108164624364478,3
498,2016-09-10 20:30:00,2016,Liverpool,4,2.76916,home,-1.2308400000000002,-0.45742959999999994,-0.6172929795829906,4
501,2016-09-16 23:00:00,2016,Liverpool,2,1.41642,away,-0.58358,-0.45812099999999994,-0.619677783967663,5
516,2016-09-24 18:00:00,2016,Liverpool,5,4.64913,home,-0.35086999999999957,-0.06011499999999988,0.753140344360281,6
522,2016-10-01 15:30:00,2016,Liverpool,2,2.02239,away,0.022390000000000132,-0.24344199999999985,0.12080156300528405,7
540,2016-10-17 23:00:00,2016,Liverpool,0,0.270441,home,0.270441,-0.3744917999999998,-0.33122062046368705,8
548,2016-10-22 20:30:00,2016,Liverpool,2,2.2952,home,0.2951999999999999,-0.06928379999999981,0.7215149546550677,9
2683,2016-10-29 20:30:00,2016,Liverpool,4,2.26056,away,-1.73944,-0.30045579999999983,-0.07585270402803627,10
2693,2016-11-06 18:15:00,2016,Liverpool,6,4.18366,home,-1.8163400000000003,-0.5935498,-1.0868041884381974,11
2698,2016-11-19 19:00:00,2016,Liverpool,0,1.68802,away,1.68802,-0.2604238,0.062227262890110775,12
2710,2016-11-26 19:00:00,2016,Liverpool,2,2.02461,home,0.02461000000000002,-0.30959,-0.10735875003682334,13
3112,2016-12-04 17:30:00,2016,Liverpool,3,1.26532,away,-1.73468,-0.7155659999999999,-1.5076673194203634,14
3124,2016-12-11 20:30:00,2016,Liverpool,2,1.79134,home,-0.20866000000000007,-0.40940999999999994,-0.45166186498909866,15
3127,2016-12-14 23:45:00,2016,Liverpool,3,2.13526,away,-0.8647399999999998,-0.21908999999999987,0.2047974501553322,16
3144,2016-12-20 00:00:00,2016,Liverpool,1,1.87823,away,0.8782300000000001,-0.3810479999999999,-0.35383452631672385,17
3153,2016-12-27 21:15:00,2016,Liverpool,4,1.66669,home,-2.33331,-0.8526319999999998,-1.9804408192605611,18
3162,2016-12-31 21:30:00,2016,Liverpool,1,0.256825,home,-0.7431749999999999,-0.6543309999999998,-1.2964531214229416,19
3334,2017-01-02 19:00:00,2016,Liverpool,2,2.332,away,0.33199999999999985,-0.5461989999999999,-0.9234799254099241,20
3349,2017-01-15 16:00:00,2016,Liverpool,1,1.46058,away,0.46058,-0.28113499999999986,-0.009210632064803315,21
3350,2017-01-21 15:30:00,2016,Liverpool,2,1.24037,home,-0.75963,-0.6087069999999999,-1.1390850056487223,22
3366,2017-01-31 23:00:00,2016,Liverpool,1,1.20485,home,0.20484999999999998,-0.10107499999999989,0.6118594829252458,23
3373,2017-02-04 15:00:00,2016,Liverpool,0,1.12538,away,1.12538,0.2726360000000001,1.9008783307706658,24
3386,2017-02-11 17:30:00,2016,Liverpool,2,2.38009,home,0.38009000000000004,0.2822540000000001,1.9340531189855623,25
3399,2017-02-27 20:00:00,2016,Liverpool,1,0.789939,away,-0.21006100000000005,0.14812580000000014,1.4714127957743643,26
3401,2017-03-04 17:30:00,2016,Liverpool,3,2.70435,home,-0.2956500000000002,0.2409218000000001,1.7914884505039912,27
3419,2017-03-12 16:00:00,2016,Liverpool,2,0.966335,home,-1.033665,-0.006781199999999909,0.9371014089990473,28
3426,2017-03-19 16:30:00,2016,Liverpool,1,1.94116,away,0.94116,-0.04362519999999992,0.8100176185031384,29
3435,2017-04-01 12:30:00,2016,Liverpool,3,0.625343,home,-2.374657,-0.5945746,-1.090338969365898,30
3449,2017-04-05 20:00:00,2016,Liverpool,2,2.17263,home,0.17262999999999984,-0.5180364,-0.8263403651499067,31
3451,2017-04-08 15:00:00,2016,Liverpool,2,1.02225,away,-0.9777499999999999,-0.6544563999999999,-1.2968856560914956,32
3469,2017-04-16 13:30:00,2016,Liverpool,1,1.30017,away,0.30017000000000005,-0.3876893999999999,-0.37674230739911263,33
3476,2017-04-23 16:30:00,2016,Liverpool,1,0.89449,home,-0.10550999999999999,-0.5970234,-1.0987854677419262,34
3488,2017-05-01 20:00:00,2016,Liverpool,1,0.55669,away,-0.44331,-0.21075399999999994,0.23355031297082152,35
3496,2017-05-07 13:30:00,2016,Liverpool,0,1.35967,home,1.35967,0.026654000000000087,1.0524274309290444,36
3509,2017-05-14 14:15:00,2016,Liverpool,4,3.28962,away,-0.7103799999999998,0.08012800000000012,1.2368720789851255,37
3515,2017-05-21 15:00:00,2016,Liverpool,3,2.16957,home,-0.8304299999999998,-0.14599199999999984,0.4569299796762843,38
7120,2017-08-12 12:30:00,2017,Liverpool,3,2.61549,away,-0.38451000000000013,-0.2017919999999999,0.0068493798590080835,1
7134,2017-08-19 15:00:00,2017,Liverpool,1,2.84978,home,1.84978,0.2568260000000001,0.9958731767803,2
7148,2017-08-27 16:00:00,2017,Liverpool,4,3.45998,home,-0.5400200000000002,-0.12311199999999989,0.1765252153948293,3
7149,2017-09-09 12:30:00,2017,Liverpool,0,0.665186,away,0.665186,0.1520012000000001,0.7698152773792406,4
7162,2017-09-16 15:00:00,2017,Liverpool,1,2.18727,home,1.1872699999999998,0.5555412000000001,1.640061676364056,5
7176,2017-09-23 17:30:00,2017,Liverpool,3,1.92902,away,-1.07098,0.41824720000000004,1.34398295033387,6
7188,2017-10-01 16:30:00,2017,Liverpool,1,1.64475,away,0.6447499999999999,0.17724120000000002,0.8242461122664306,7
7193,2017-10-14 12:30:00,2017,Liverpool,0,1.92702,home,1.92702,0.6706492000000001,1.888295612267174,8
7207,2017-10-22 16:00:00,2017,Liverpool,1,0.667771,away,-0.332229,0.4711662,1.4581043984874047,9
7217,2017-10-28 15:00:00,2017,Liverpool,3,2.14257,home,-0.8574299999999999,0.06222620000000008,0.5762127337184838,10
7227,2017-11-04 17:30:00,2017,Liverpool,4,2.8773,away,-1.1227,0.0518822000000001,0.553905580149819,11
7231,2017-11-18 15:00:00,2017,Liverpool,3,2.06277,home,-0.93723,-0.2645137999999999,-0.12841210744794,12
7244,2017-11-25 17:30:00,2017,Liverpool,1,1.50368,home,0.5036799999999999,-0.5491817999999998,-0.7423073889719759,13
7258,2017-11-29 20:00:00,2017,Liverpool,3,2.58757,away,-0.4124300000000001,-0.565222,-0.7768985727183118,14
7268,2017-12-02 15:00:00,2017,Liverpool,5,1.77566,away,-3.2243399999999998,-1.0386039999999999,-1.7977613889056285,15
7275,2017-12-10 14:15:00,2017,Liverpool,1,1.89569,home,0.8956900000000001,-0.6349259999999999,-0.9272173886841082,16
7287,2017-12-13 20:00:00,2017,Liverpool,0,2.13915,home,2.13915,-0.019649999999999945,0.3996441947568924,17
7290,2017-12-17 16:30:00,2017,Liverpool,4,3.25041,away,-0.74959,-0.27030399999999993,-0.14089885151148238,18
7301,2017-12-22 19:45:00,2017,Liverpool,3,2.05947,away,-0.9405299999999999,-0.37592399999999987,-0.3686716241257862,19
7313,2017-12-26 17:30:00,2017,Liverpool,5,3.06422,home,-1.9357799999999998,-0.1182119999999999,0.1870922158285548,20
7323,2017-12-30 15:00:00,2017,Liverpool,2,2.56607,home,0.5660699999999999,-0.18413599999999994,0.04492508591163201,21
7332,2018-01-01 15:00:00,2017,Liverpool,2,1.62514,away,-0.37485999999999997,-0.6869379999999999,-1.0393828634920534,22
7343,2018-01-14 16:00:00,2017,Liverpool,4,1.01595,home,-2.98405,-1.1338300000000001,-2.0031191814162304,23
7357,2018-01-22 20:00:00,2017,Liverpool,0,2.19675,away,2.19675,-0.5063739999999999,-0.6499910540399687,24
7359,2018-01-30 20:00:00,2017,Liverpool,3,2.05148,away,-0.9485199999999998,-0.3089219999999999,-0.224179754113444,25
7375,2018-02-04 16:30:00,2017,Liverpool,2,1.28962,home,-0.71038,-0.5642119999999998,-0.7747204767105434,26
7384,2018-02-11 16:30:00,2017,Liverpool,2,2.35575,away,0.35575,-0.41808999999999996,-0.45960389765404563,27
7395,2018-02-24 15:00:00,2017,Liverpool,4,3.9205,home,-0.0794999999999999,0.1628200000000001,0.7931463517246263,28
7403,2018-03-03 17:30:00,2017,Liverpool,2,1.56935,home,-0.43065,-0.3626599999999999,-0.3400674009109016,29
7414,2018-03-10 12:30:00,2017,Liverpool,1,0.777089,away,-0.22291099999999997,-0.2175382,-0.027107783861304125,30
7423,2018-03-17 17:30:00,2017,Liverpool,5,1.81208,home,-3.18792,-0.7130462,-1.095685998333644,31
7432,2018-03-31 12:30:00,2017,Liverpool,2,1.72037,away,-0.27963000000000005,-0.8401222,-1.3697292936634613,32
7443,2018-04-07 11:30:00,2017,Liverpool,0,0.947321,away,0.947321,-0.634758,-0.9268550915263808,33
7452,2018-04-14 16:30:00,2017,Liverpool,3,2.6402,home,-0.3597999999999999,-0.6205879999999999,-0.8962970514966069,34
7468,2018-04-21 00:00:00,2017,Liverpool,2,1.6393,away,-0.3607,-0.6481458,-0.9557262932420195,35
7472,2018-04-28 11:30:00,2017,Liverpool,0,2.11658,home,2.11658,0.4127542,1.3321371271945937,36
7485,2018-05-06 16:30:00,2017,Liverpool,0,0.427002,away,0.427002,0.5540806,1.6369118476225255,37
7495,2018-05-13 15:00:00,2017,Liverpool,4,3.50981,home,-0.4901900000000001,0.26657839999999994,1.0169045267863945,38
9205,2018-08-12 15:30:00,2018,Liverpool,4,4.34421,home,0.34421000000000035,0.4073804,1.66825278741863,1
9216,2018-08-20 22:00:00,2018,Liverpool,2,2.82183,away,0.8218299999999998,0.6438864,2.3271415137029696,2
9223,2018-08-25 19:30:00,2018,Liverpool,1,1.81412,home,0.81412,0.38339439999999997,1.6014295144840904,3
9227,2018-09-01 11:30:00,2018,Liverpool,2,1.22722,away,-0.77278,0.143438,0.9329282216637161,4
9237,2018-09-15 11:30:00,2018,Liverpool,2,3.01015,away,1.0101499999999999,0.443506,1.7688961138892378,5
9249,2018-09-22 14:00:00,2018,Liverpool,3,1.77893,home,-1.22107,0.1304499999999999,0.8967445866735633,6
9264,2018-09-29 16:30:00,2018,Liverpool,1,1.74071,away,0.74071,0.11422599999999994,0.8515456881456736,7
9276,2018-10-07 15:30:00,2018,Liverpool,0,0.433994,home,0.433994,0.038200799999999945,0.6397449423146495,8
9284,2018-10-20 16:30:00,2018,Liverpool,1,0.663819,away,-0.33618099999999995,0.12552059999999995,0.8830116323834144,9
9288,2018-10-27 14:00:00,2018,Liverpool,4,2.30176,home,-1.6982400000000002,-0.41615740000000007,-0.6260643634739783,10
9303,2018-11-03 17:30:00,2018,Liverpool,1,1.19558,away,0.1955800000000001,-0.13282740000000004,0.16327266314751093,11
9313,2018-11-11 12:00:00,2018,Liverpool,2,2.22417,home,0.22416999999999998,-0.23613540000000005,-0.12453600358814294,12
9318,2018-11-24 15:00:00,2018,Liverpool,3,1.45314,away,-1.54686,-0.6323062,-1.2282393929442177,13
9330,2018-12-02 16:15:00,2018,Liverpool,1,3.07574,home,2.07574,-0.14992200000000003,0.11564833556030274,14
9343,2018-12-05 19:45:00,2018,Liverpool,3,2.73897,away,-0.2610299999999999,0.13752000000000003,0.9164410987909318,15
9355,2018-12-08 12:30:00,2018,Liverpool,4,1.80619,away,-2.19381,-0.340358,-0.41489268022231784,16
9362,2018-12-16 16:00:00,2018,Liverpool,3,2.60435,home,-0.39564999999999984,-0.46432199999999996,-0.7602474791073857,17
9367,2018-12-21 20:00:00,2018,Liverpool,2,2.16356,away,0.16355999999999993,-0.12223799999999999,0.19277397084420964,18
9381,2018-12-26 15:00:00,2018,Liverpool,4,3.24988,home,-0.7501199999999999,-0.6874100000000001,-1.3817546212911815,19
9391,2018-12-29 17:30:00,2018,Liverpool,5,3.7053,home,-1.2947000000000002,-0.894144,-1.957700694285806,20
9400,2019-01-03 20:00:00,2018,Liverpool,1,1.3801,away,0.3801000000000001,-0.379362,-0.5235550223193233,21
9416,2019-01-12 15:00:00,2018,Liverpool,1,2.2665,away,1.2665000000000002,-0.046931999999999974,0.40257107713989976,22
9422,2019-01-19 15:00:00,2018,Liverpool,4,2.8299,home,-1.1701000000000001,-0.313664,-0.3405251138204754,23
9436,2019-01-30 20:00:00,2018,Liverpool,1,0.576336,home,-0.42366400000000004,-0.2483728,-0.15862852089862112,24
9437,2019-02-04 20:00:00,2018,Liverpool,1,1.12475,away,0.12474999999999992,0.035517200000000006,0.6322686254945409,25
9455,2019-02-09 15:00:00,2018,Liverpool,3,2.53003,home,-0.46997,-0.13449680000000003,0.15862183467102803,26
9459,2019-02-24 14:05:00,2018,Liverpool,0,0.380519,away,0.380519,-0.31169300000000005,-0.3350340494098203,27
9476,2019-02-27 20:00:00,2018,Liverpool,5,2.74266,home,-2.25734,-0.5291410000000001,-0.9408285567503406,28
9483,2019-03-03 16:15:00,2018,Liverpool,0,0.811272,away,0.811272,-0.28215380000000007,-0.2527399601966149,29
9490,2019-03-10 12:00:00,2018,Liverpool,4,4.12341,home,0.1234099999999998,-0.2824218000000001,-0.25348658894448695,30
9502,2019-03-17 14:15:00,2018,Liverpool,2,2.73437,away,0.7343700000000002,-0.041553800000000064,0.41755435598991786,31
9510,2019-03-31 15:30:00,2018,Liverpool,2,1.0931,home,-0.9069,-0.29903760000000007,-0.2997770141269149,32
9520,2019-04-05 20:00:00,2018,Liverpool,3,2.00654,away,-0.9934599999999998,-0.046261600000000014,0.404438763380845,33
9531,2019-04-14 16:30:00,2018,Liverpool,2,1.30839,home,-0.6916100000000001,-0.34683800000000004,-0.4329454947231024,34
9544,2019-04-21 16:00:00,2018,Liverpool,2,2.42404,away,0.4240400000000002,-0.28671199999999997,-0.26543877795239784,35
9551,2019-04-26 20:00:00,2018,Liverpool,5,3.58922,home,-1.41078,-0.715742,-1.4606855380251664,36
9559,2019-05-04 18:45:00,2018,Liverpool,3,1.48081,away,-1.51919,-0.8382,-1.8018447290957,37
9571,2019-05-12 14:00:00,2018,Liverpool,2,1.70197,home,-0.29803,-0.699114,-1.4143611245191414,38
11643,2019-08-09 20:00:00,2019,Liverpool,4,2.23456,home,-1.76544,-0.91388,-1.361804648898575,1
11658,2019-08-17 15:00:00,2019,Liverpool,2,1.52022,away,-0.4797800000000001,-1.094644,-1.712926354651659,2
11670,2019-08-24 17:30:00,2019,Liverpool,3,2.78821,home,-0.21179000000000014,-0.854846,-1.2471351418206857,3
11680,2019-08-31 17:30:00,2019,Liverpool,3,1.20057,away,-1.79943,-0.9108940000000001,-1.3560045481407987,4
11683,2019-09-14 11:30:00,2019,Liverpool,3,2.93281,home,-0.06719000000000008,-0.8647260000000001,-1.2663263660292698,5
11701,2019-09-22 15:30:00,2019,Liverpool,2,1.03003,away,-0.96997,-0.7056320000000001,-0.9572971530494665,6
11703,2019-09-28 11:30:00,2019,Liverpool,1,1.97079,away,0.97079,-0.41551800000000016,-0.39377055182991905,7
11715,2019-10-05 15:00:00,2019,Liverpool,2,3.74867,home,1.7486700000000002,-0.023426000000000037,0.36784133910045613,8
11729,2019-10-20 16:30:00,2019,Liverpool,1,1.03212,away,0.032119999999999926,0.34288399999999997,1.079373458518107,9
11736,2019-10-27 16:30:00,2019,Liverpool,2,2.18851,home,0.18850999999999996,0.394024,1.17870941054513,10
11744,2019-11-02 15:00:00,2019,Liverpool,2,2.38824,away,0.38824000000000014,0.665666,1.7063554152483855,11
11755,2019-11-10 16:30:00,2019,Liverpool,3,1.3319,home,-1.6681,0.13788800000000007,0.6811827502323909,12
11767,2019-11-23 15:00:00,2019,Liverpool,2,1.64291,away,-0.3570899999999999,-0.283264,-0.1368762029957018,13
11776,2019-11-30 15:00:00,2019,Liverpool,2,1.36832,home,-0.63168,-0.416024,-0.3947534222195487,14
11792,2019-12-04 20:15:00,2019,Liverpool,5,2.41397,home,-2.58603,-0.970932,-1.4726242565451468,15
11794,2019-12-07 15:00:00,2019,Liverpool,3,3.04446,away,0.044459999999999944,-1.0396880000000002,-1.6061780836388113,16
11808,2019-12-14 12:30:00,2019,Liverpool,2,1.56674,home,-0.43326,-0.7927200000000001,-1.1264596362354138,17
11828,2019-12-26 20:00:00,2019,Liverpool,4,3.76973,away,-0.23026999999999997,-0.767356,-1.0771918011315145,18
11836,2019-12-29 16:30:00,2019,Liverpool,1,1.49124,home,0.4912399999999999,-0.542772,-0.6409527426638403,19
11847,2020-01-02 20:00:00,2019,Liverpool,2,3.0465,home,1.0465,0.18373399999999998,0.7702354693687006,20
11854,2020-01-11 17:30:00,2019,Liverpool,1,1.74564,away,0.7456400000000001,0.32397,1.0426343072345894,21
11865,2020-01-19 16:30:00,2019,Liverpool,2,2.00655,home,0.006549999999999834,0.411932,1.2134944756389885,22
11874,2020-01-23 20:00:00,2019,Liverpool,2,1.59024,away,-0.4097599999999999,0.37603400000000003,1.1437650660600667,23
11822,2020-01-29 19:45:00,2019,Liverpool,2,2.59926,away,0.5992600000000001,0.39763800000000005,1.1857293583477437,24
11887,2020-02-01 15:00:00,2019,Liverpool,4,3.7195,home,-0.28049999999999997,0.13223800000000002,0.6702080116920569,25
11899,2020-02-15 17:30:00,2019,Liverpool,1,2.07331,away,1.0733100000000002,0.19777200000000006,0.7975033241703304,26
11911,2020-02-24 20:00:00,2019,Liverpool,3,2.48209,home,-0.5179100000000001,0.09288000000000007,0.5937577887769306,27
11921,2020-02-29 17:30:00,2019,Liverpool,0,0.206031,away,0.206031,0.21603820000000007,0.83298416826333,28
11928,2020-03-07 12:30:00,2019,Liverpool,2,1.89453,home,-0.10546999999999995,0.07509220000000003,0.5592062039613992,29
11940,2020-06-21 18:00:00,2019,Liverpool,0,0.659123,away,0.659123,0.26301680000000005,0.9242368854298667,30
11951,2020-06-24 19:15:00,2019,Liverpool,4,2.56729,home,-1.4327100000000002,-0.23818720000000004,-0.04931760224615755,31
11959,2020-07-02 19:15:00,2019,Liverpool,0,0.819606,away,0.819606,0.029315999999999964,0.47028906655077346,32
11966,2020-07-05 15:30:00,2019,Liverpool,2,1.0837,home,-0.9162999999999999,-0.1951502,0.03427882652558628,33
11976,2020-07-08 19:15:00,2019,Liverpool,3,2.61624,away,-0.3837600000000001,-0.25080820000000004,-0.0738330314705035,34
11986,2020-07-11 14:00:00,2019,Liverpool,1,2.17649,home,1.1764899999999998,-0.14733480000000004,0.12715697045505236,35
11993,2020-07-15 19:15:00,2019,Liverpool,1,2.2233,away,1.2233,0.38386719999999996,1.1589805212696496,36
12006,2020-07-22 19:15:00,2019,Liverpool,5,1.45179,home,-3.54821,-0.489696,-0.5378562430591032,37
12016,2020-07-26 15:00:00,2019,Liverpool,3,0.56818,away,-2.43182,-0.7928000000000001,-1.1266150307634184,38
14090,2020-09-12 16:30:00,2020,Liverpool,4,3.15412,home,-0.8458800000000002,-0.8852240000000002,-1.413748780583951,1
14102,2020-09-20 15:30:00,2020,Liverpool,2,2.25211,away,0.25211000000000006,-1.0701,-1.70018325816366,2
14115,2020-09-28 19:15:00,2020,Liverpool,3,2.73834,home,-0.26166,-1.367092,-2.16032274822918,3
14466,2020-10-04 18:15:00,2020,Liverpool,2,1.65705,away,-0.3429500000000001,-0.72604,-1.1671197650327247,4
14477,2020-10-17 11:30:00,2020,Liverpool,2,2.49492,away,0.49492,-0.14069200000000004,-0.26022082421656856,5
14490,2020-10-24 19:00:00,2020,Liverpool,2,2.40286,home,0.40286,0.109056,0.12672198018517783,6
14499,2020-10-31 17:30:00,2020,Liverpool,2,1.56302,home,-0.4369799999999999,-0.028762,-0.08680398765856817,7
14511,2020-11-08 16:30:00,2020,Liverpool,1,1.18789,away,0.1878899999999999,0.06114799999999998,0.05249653744578103,8
14519,2020-11-22 19:15:00,2020,Liverpool,3,3.77245,home,0.7724500000000001,0.28422800000000004,0.3981217308645134,9
14528,2020-11-28 12:30:00,2020,Liverpool,1,0.28109,away,-0.7189099999999999,0.04146200000000002,0.02199636908626358,10
14539,2020-12-06 19:15:00,2020,Liverpool,4,1.59454,home,-2.4054599999999997,-0.5202019999999999,-0.8482081702554025,11
14547,2020-12-13 16:30:00,2020,Liverpool,1,1.82445,away,0.8244499999999999,-0.26791599999999993,-0.4573331588386986,12
14563,2020-12-16 20:00:00,2020,Liverpool,2,1.21783,home,-0.78217,-0.461928,-0.7579223422058993,13
14568,2020-12-19 12:30:00,2020,Liverpool,7,2.86902,away,-4.13098,-1.442614,-2.2773314709177646,14
14580,2020-12-27 16:30:00,2020,Liverpool,1,1.45485,home,0.45485,-1.207862,-1.9136224633624739,15
14591,2020-12-30 20:00:00,2020,Liverpool,0,1.32047,away,1.32047,-0.4626760000000001,-0.7590812432489208,16
14598,2021-01-04 20:00:00,2020,Liverpool,0,1.37204,away,1.37204,-0.35315799999999997,-0.5894013977547807,17
14620,2021-01-17 16:30:00,2020,Liverpool,0,1.20205,home,1.20205,0.04368599999999998,0.02544208555642338,18
14613,2021-01-21 20:00:00,2020,Liverpool,0,1.64907,home,1.64907,1.1996959999999999,1.8164864635552973,19
14633,2021-01-28 20:00:00,2020,Liverpool,3,2.58798,away,-0.41202000000000005,1.026322,1.5478724135114594,20
14639,2021-01-31 16:30:00,2020,Liverpool,3,2.05809,away,-0.94191,0.573846,0.8468364397920121,21
14654,2021-02-03 20:15:00,2020,Liverpool,0,1.09518,home,1.09518,0.518474,0.761046775949525,22
14659,2021-02-07 16:30:00,2020,Liverpool,1,1.17728,home,0.1772800000000001,0.31351999999999997,0.44350479149577343,23
14670,2021-02-13 12:30:00,2020,Liverpool,1,1.68325,away,0.6832499999999999,0.12035599999999995,0.14422944246611585,24
14680,2021-02-20 17:30:00,2020,Liverpool,0,1.54046,home,1.54046,0.510852,0.7492377602410903,25
14694,2021-02-28 19:15:00,2020,Liverpool,2,2.80551,away,0.80551,0.8603359999999999,1.2907048352668757,26
14719,2021-03-04 20:15:00,2020,Liverpool,0,0.247034,home,0.247034,0.6907068,1.0278927272362823,27
14699,2021-03-07 14:00:00,2020,Liverpool,0,0.701764,home,0.701764,0.7956036,1.1904127953239911,28
14714,2021-03-15 20:00:00,2020,Liverpool,1,1.0552,away,0.055199999999999916,0.6699936,0.9958010840754392,29
14725,2021-04-03 19:00:00,2020,Liverpool,3,2.43732,away,-0.5626799999999998,0.24936559999999997,0.3441082659952233,30
14739,2021-04-10 14:00:00,2020,Liverpool,2,2.14592,home,0.14591999999999983,0.11744759999999994,0.13972336252825032,31
14749,2021-04-19 19:00:00,2020,Liverpool,1,1.60043,away,0.60043,0.18812679999999996,0.24922897562974425,32
14760,2021-04-24 11:30:00,2020,Liverpool,1,2.84708,home,1.84708,0.4171899999999999,0.6041241379262915,33
14780,2021-05-08 19:15:00,2020,Liverpool,2,2.26367,home,0.26366999999999985,0.45888399999999996,0.6687220257441175,34
14770,2021-05-13 19:15:00,2020,Liverpool,4,2.938,away,-1.0619999999999998,0.35902,0.5139994405030908,35
14789,2021-05-16 15:30:00,2020,Liverpool,2,2.07854,away,0.07853999999999983,0.34554399999999996,0.493120629733363,36
14796,2021-05-19 19:15:00,2020,Liverpool,3,2.73316,away,-0.2668400000000002,0.1720899999999999,0.22438263305390804,37
14810,2021-05-23 15:00:00,2020,Liverpool,2,2.20348,home,0.20347999999999988,-0.15663000000000013,-0.2849140926974175,38
16383,2021-08-14 16:30:00,2021,Liverpool,3,1.78728,away,-1.21272,-0.4519080000000001,-0.9177627067757893,1
16386,2021-08-21 11:30:00,2021,Liverpool,2,2.63945,home,0.6394500000000001,-0.11161800000000013,-0.19567624869452033,2
16402,2021-08-28 16:30:00,2021,Liverpool,1,2.08462,home,1.0846200000000001,0.08959799999999993,0.23129882770878477,3
16414,2021-09-12 15:30:00,2021,Liverpool,3,4.4016,away,1.4016000000000002,0.42328600000000005,0.9393760148850833,4
16420,2021-09-18 14:00:00,2021,Liverpool,3,2.76793,home,-0.23207000000000022,0.336176,0.7545308787851115,5
16432,2021-09-25 16:30:00,2021,Liverpool,3,2.25736,away,-0.7426400000000002,0.430192,0.9540303658196074,6
16441,2021-10-03 15:30:00,2021,Liverpool,2,0.949368,home,-1.050632,0.09217559999999994,0.23676842732778705,7
16455,2021-10-16 11:30:00,2021,Liverpool,5,3.65553,away,-1.3444699999999998,-0.39364240000000006,-0.7941246312167661,8
16463,2021-10-24 15:30:00,2021,Liverpool,5,4.04765,away,-0.95235,-0.8644324000000001,-1.7931286677740577,9
16469,2021-10-30 14:00:00,2021,Liverpool,2,1.39778,home,-0.60222,-0.9384624,-1.9502183868129843,10
16485,2021-11-07 16:30:00,2021,Liverpool,2,1.45641,away,-0.54359,-0.8986523999999999,-1.8657426105744366,11
16489,2021-11-20 17:30:00,2021,Liverpool,4,3.97374,home,-0.026260000000000172,-0.693778,-1.431004505289165,12
16503,2021-11-27 15:00:00,2021,Liverpool,4,3.07278,home,-0.9272200000000002,-0.6103280000000002,-1.2539257932292107,13
16507,2021-12-01 20:15:00,2021,Liverpool,4,2.86067,away,-1.1393300000000002,-0.6477240000000002,-1.3332791247593971,14
16525,2021-12-04 15:00:00,2021,Liverpool,1,2.42332,away,1.42332,-0.24261600000000022,-0.47365057011369266,15
16533,2021-12-11 15:00:00,2021,Liverpool,1,2.71181,home,1.7118099999999998,0.20846399999999982,0.48352936321170303,16
16544,2021-12-16 20:00:00,2021,Liverpool,3,2.93912,home,-0.060880000000000045,0.20153999999999983,0.4688368167491132,17
16552,2021-12-19 16:30:00,2021,Liverpool,2,1.54944,away,-0.45056000000000007,0.29687199999999986,0.671128821279965,18
16573,2021-12-28 20:00:00,2021,Liverpool,0,2.72682,away,2.72682,1.0701019999999999,2.311902608291572,19
16578,2022-01-02 16:30:00,2021,Liverpool,2,1.78897,away,-0.21103000000000005,0.7432319999999999,1.6182930383570324,20
16589,2022-01-16 14:00:00,2021,Liverpool,3,3.49099,home,0.49099000000000004,0.49906799999999996,1.100183431989067,21
16599,2022-01-23 14:00:00,2021,Liverpool,3,1.49697,away,-1.50303,0.21063799999999994,0.48814253421252224,22
16614,2022-02-10 19:45:00,2021,Liverpool,2,2.72997,home,0.7299699999999998,0.4467439999999999,0.9891532758497614,23
16617,2022-02-13 14:00:00,2021,Liverpool,1,1.95722,away,0.95722,0.09282399999999988,0.23814431512766318,24
16631,2022-02-19 15:00:00,2021,Liverpool,3,3.15449,home,0.15449000000000002,0.1659279999999999,0.3932690864449899,25
16559,2022-02-23 19:45:00,2021,Liverpool,6,5.3303,home,-0.6696999999999997,-0.06621000000000006,-0.09932166322755297,26
16649,2022-03-05 17:30:00,2021,Liverpool,1,2.18865,home,1.18865,0.47212599999999993,1.0430132143699025,27
16658,2022-03-12 12:30:00,2021,Liverpool,2,2.48312,away,0.48312,0.422756,0.9382513687809277,28
16636,2022-03-16 20:15:00,2021,Liverpool,2,1.27681,away,-0.72319,0.086674,0.22509417637189688,29
16680,2022-04-02 11:30:00,2021,Liverpool,2,2.23651,home,0.23651,0.103078,0.2599030342824001,30
16690,2022-04-10 15:30:00,2021,Liverpool,2,1.29983,away,-0.70017,0.09698399999999996,0.24697172605839326,31
16669,2022-04-19 19:00:00,2021,Liverpool,4,2.25967,home,-1.7403300000000002,-0.4888120000000001,-0.9960720272055145,32
16708,2022-04-24 15:30:00,2021,Liverpool,2,1.70397,home,-0.29603,-0.644642,-1.3267392015650437,33
16721,2022-04-30 11:30:00,2021,Liverpool,1,2.73435,away,1.73435,-0.15313400000000002,-0.2837721122041794,34
16728,2022-05-07 18:45:00,2021,Liverpool,1,1.0481,home,0.04810000000000003,-0.19081600000000004,-0.36373232823585355,35
16705,2022-05-10 19:00:00,2021,Liverpool,2,1.75417,away,-0.24583,-0.09994800000000006,-0.17091281466528507,36
16740,2022-05-17 18:45:00,2021,Liverpool,2,1.19178,away,-0.8082199999999999,0.08647399999999998,0.22466978161561174,37
16753,2022-05-22 15:00:00,2021,Liverpool,3,3.19385,home,0.19384999999999986,0.18444999999999995,0.43257228482455234,38
18203,2022-08-06 11:30:00,2022,Liverpool,2,2.34111,away,0.34111,-0.09419800000000005,-0.4608126610822798,1
18221,2022-08-15 19:00:00,2022,Liverpool,1,2.23596,home,1.23596,0.14337399999999995,-0.01215681195391114,2
18231,2022-08-22 19:00:00,2022,Liverpool,1,1.52301,away,0.52301,0.2971419999999999,0.27823478557766235,3
18236,2022-08-27 14:00:00,2022,Liverpool,9,4.86035,home,-4.13965,-0.369144,-0.9800494865265595,4
18250,2022-08-31 19:00:00,2022,Liverpool,2,1.76119,home,-0.23880999999999997,-0.45567599999999997,-1.1434655790659833,5
18252,2022-09-03 11:30:00,2022,Liverpool,0,1.38617,away,1.38617,-0.246664,-0.7487454254366895,6
18288,2022-10-01 14:00:00,2022,Liverpool,3,2.1515,home,-0.8485,-0.663556,-1.5360479453246556,7
18292,2022-10-09 15:30:00,2022,Liverpool,2,0.765151,away,-1.234849,-1.0151278000000001,-2.1999929576097275,8
18307,2022-10-16 15:30:00,2022,Liverpool,1,1.9992,home,0.9992000000000001,0.012642199999999892,-0.25904443649333536,9
18320,2022-10-19 18:30:00,2022,Liverpool,1,2.24066,home,1.24066,0.3085361999999999,0.29975278633591024,10
18327,2022-10-22 11:30:00,2022,Liverpool,0,2.19752,away,2.19752,0.4708061999999999,0.6062004512040781,11
18339,2022-10-29 18:45:00,2022,Liverpool,1,1.90889,home,0.90889,0.8222842,1.2699683217441282,12
18349,2022-11-06 16:30:00,2022,Liverpool,2,1.46548,away,-0.5345200000000001,0.96235,1.5344832495674587,13
18355,2022-11-12 15:00:00,2022,Liverpool,3,2.74418,home,-0.25581999999999994,0.7113459999999999,1.0604610047127743,14
18363,2022-12-26 17:30:00,2022,Liverpool,3,3.50694,away,0.5069400000000002,0.5646019999999999,0.783334264505623,15
18375,2022-12-30 20:00:00,2022,Liverpool,2,2.02463,home,0.024630000000000152,0.13002399999999997,-0.03736835029118872,16
18384,2023-01-02 17:30:00,2022,Liverpool,1,2.10461,away,1.10461,0.16916799999999999,0.036555279422249176,17
18394,2023-01-14 15:00:00,2022,Liverpool,0,1.28853,away,1.28853,0.5337780000000001,0.7251229942653054,18
18408,2023-01-21 12:30:00,2022,Liverpool,0,1.30125,home,1.30125,0.8451919999999999,1.313229810727101,19
18421,2023-02-04 15:00:00,2022,Liverpool,0,1.30193,away,1.30193,1.00419,1.6134982880717055,20
18428,2023-02-13 20:00:00,2022,Liverpool,2,2.23291,home,0.23290999999999995,1.0458459999999998,1.692165841702989,21
18438,2023-02-18 17:30:00,2022,Liverpool,2,2.16549,away,0.16549000000000014,0.8580219999999998,1.3374593265973085,22
18443,2023-02-25 19:45:00,2022,Liverpool,0,1.35123,away,1.35123,0.870562,1.3611411760916503,23
18264,2023-03-01 20:00:00,2022,Liverpool,2,2.70191,home,0.7019099999999998,0.7506939999999999,1.1347698893940625,24
18457,2023-03-05 16:30:00,2022,Liverpool,7,3.44269,home,-3.55731,-0.22115400000000013,-0.7005696694079293,25
18462,2023-03-11 12:30:00,2022,Liverpool,0,2.13465,away,2.13465,0.1591939999999999,0.017719333101948842,26
18488,2023-04-01 11:30:00,2022,Liverpool,1,0.318171,away,-0.681829,-0.010269800000000152,-0.3023138571962347,27
18281,2023-04-04 19:00:00,2022,Liverpool,0,0.202217,away,0.202217,-0.24007240000000013,-0.736297157563731,28
18497,2023-04-09 15:30:00,2022,Liverpool,2,4.64012,home,2.6401199999999996,0.14756959999999983,-0.004233401448452033,29
18505,2023-04-17 19:00:00,2022,Liverpool,6,2.65476,away,-3.34524,0.18998359999999978,0.0758656387790605,30
18519,2023-04-22 14:00:00,2022,Liverpool,3,3.32745,home,0.3274499999999998,-0.1714564000000002,-0.6067155160243571,31
18526,2023-04-26 18:45:00,2022,Liverpool,2,1.7045,away,-0.2955000000000001,-0.09419060000000021,-0.4607986861471718,32
18539,2023-04-30 15:30:00,2022,Liverpool,4,2.42911,home,-1.57089,-0.4488120000000002,-1.1305028825006598,33
18477,2023-05-03 19:00:00,2022,Liverpool,1,1.67372,home,0.6737200000000001,-0.8420920000000001,-1.8732140283646705,34
18545,2023-05-06 16:30:00,2022,Liverpool,1,1.992,home,0.992,0.02535599999999989,-0.23503436487442297,35
18559,2023-05-15 19:00:00,2022,Liverpool,3,1.77085,away,-1.22915,-0.28596400000000005,-0.8229636618902485,36
18565,2023-05-20 14:00:00,2022,Liverpool,1,0.918508,home,-0.08149200000000001,-0.24316240000000003,-0.7421326372238197,37
18581,2023-05-28 15:30:00,2022,Liverpool,4,4.00345,away,0.003449999999999953,0.07170559999999992,-0.14750292537498594,38
22283,2023-08-13 15:30:00,2023,Liverpool,1,1.29994,away,0.2999400000000001,-0.0030504000000000754,-0.34203776554792964,1
22288,2023-08-19 14:00:00,2023,Liverpool,3,3.25448,home,0.25448000000000004,-0.15055440000000003,-0.6355887222102146,2
22304,2023-08-27 15:30:00,2023,Liverpool,2,0.856121,away,-1.143879,-0.13350020000000012,-0.6016487834620456,3
21933,2023-09-03 13:00:00,2023,Liverpool,3,2.73138,home,-0.26861999999999986,-0.17092580000000007,-0.6761302936831922,4
21935,2023-09-16 11:30:00,2023,Liverpool,3,2.82701,away,-0.17298999999999998,-0.20621380000000009,-0.7463577191001214,5
21953,2023-09-24 13:00:00,2023,Liverpool,3,4.14262,home,1.14262,-0.037677800000000115,-0.41095051636639984,6
21962,2023-09-30 16:30:00,2023,Liverpool,1,1.12299,away,0.12298999999999993,-0.06397580000000014,-0.46328674493175925,7
21966,2023-10-08 13:00:00,2023,Liverpool,2,2.51029,away,0.5102899999999999,0.2668579999999999,0.19511288142562136,8
21979,2023-10-21 11:30:00,2023,Liverpool,2,2.28568,home,0.28568000000000016,0.3777179999999999,0.4157378072281821,9
21991,2023-10-29 14:00:00,2023,Liverpool,3,2.70428,home,-0.2957200000000002,0.3531719999999998,0.3668882724207703,10
21999,2023-11-05 16:30:00,2023,Liverpool,1,3.03925,away,2.03925,0.5324979999999998,0.7237688916203915,11
22011,2023-11-12 14:00:00,2023,Liverpool,3,1.56004,home,-1.43996,0.2199079999999999,0.10167665315185068,12
22020,2023-11-25 12:30:00,2023,Liverpool,1,0.766278,away,-0.23372199999999999,0.07110559999999988,-0.194458277925571,13
22030,2023-12-03 14:00:00,2023,Liverpool,4,2.72831,home,-1.27169,-0.24036840000000015,-0.8143295402332276,14
22040,2023-12-06 19:30:00,2023,Liverpool,2,1.80116,away,-0.1988399999999999,-0.2209924000000001,-0.7757689362069743,15
22047,2023-12-09 12:30:00,2023,Liverpool,2,1.3708,away,-0.6292,-0.7546824000000001,-1.837877150635701,16
22060,2023-12-17 16:30:00,2023,Liverpool,0,1.97111,home,1.97111,-0.07246840000000007,-0.48018805509656903,17
22068,2023-12-23 17:30:00,2023,Liverpool,1,0.982901,home,-0.017098999999999975,-0.02914380000000012,-0.3939668151504603,18
22079,2023-12-26 17:30:00,2023,Liverpool,2,1.68451,away,-0.31549000000000005,0.16209619999999986,-0.013375882347991384,19
22088,2024-01-01 19:00:00,2023,Liverpool,4,6.67151,home,2.6715099999999996,0.7361661999999998,1.1290934587622017,20
22102,2024-01-21 16:30:00,2023,Liverpool,4,1.53344,away,-2.4665600000000003,0.36869419999999964,0.3977793442527428,21
22113,2024-01-31 20:15:00,2023,Liverpool,4,3.6627,home,-0.33729999999999993,-0.09298780000000031,-0.5210241646267252,22
22116,2024-02-04 16:30:00,2023,Liverpool,1,0.542052,away,-0.457948,-0.1811576000000003,-0.6964928240442484,23
22128,2024-02-10 15:00:00,2023,Liverpool,3,3.14734,home,0.1473399999999998,-0.08859160000000035,-0.512275190255327,24
22135,2024-02-17 12:30:00,2023,Liverpool,4,3.08952,away,-0.9104800000000002,-0.8049896000000004,-1.9379946165145991,25
22151,2024-02-21 15:00:00,2023,Liverpool,4,3.70302,home,-0.29698,-0.3710736000000002,-1.0744488353081767,26
22162,2024-03-02 15:00:00,2023,Liverpool,1,1.32259,away,0.32258999999999993,-0.23909560000000027,-0.811796512941495,27
22171,2024-03-10 15:45:00,2023,Liverpool,1,2.25492,home,1.2549199999999998,0.1034779999999997,-0.13003325223505344,28
22189,2024-03-31 14:00:00,2023,Liverpool,2,3.21149,home,1.21149,0.3163079999999997,0.29352441471929436,29
22203,2024-04-04 18:30:00,2023,Liverpool,3,2.51772,home,-0.4822799999999998,0.4019479999999998,0.4639584634810779,30
22211,2024-04-07 14:30:00,2023,Liverpool,2,4.43457,away,2.43457,0.9482579999999998,1.5511820176502729,31
22220,2024-04-14 13:00:00,2023,Liverpool,0,3.04497,home,3.04497,1.4927339999999998,2.634755688056867,32
22229,2024-04-21 15:30:00,2023,Liverpool,3,1.02445,away,-1.97555,0.8466399999999998,1.3489497994452881,33
22179,2024-04-24 19:00:00,2023,Liverpool,0,1.87155,away,1.87155,0.978652,1.611669785960241,34
22243,2024-04-27 11:30:00,2023,Liverpool,2,2.29298,away,0.29298,1.1337039999999998,1.9202421835386156,35
22251,2024-05-05 15:30:00,2023,Liverpool,4,3.26222,home,-0.7377799999999999,0.49923399999999984,0.6575694731475755,36
22256,2024-05-13 19:00:00,2023,Liverpool,3,1.89968,away,-1.10032,-0.3298240000000001,-0.9923570985285869,37
22271,2024-05-19 15:00:00,2023,Liverpool,2,5.65937,home,3.65937,0.7971599999999999,1.250478562491376,38
26603,2024-08-17 11:30:00,2024,Liverpool,2,3.92906,away,1.9290600000000002,0.808662,1.3692261687042766,1
26621,2024-08-25 15:30:00,2024,Liverpool,2,2.71877,home,0.7187700000000001,0.8938199999999998,1.560052983387418,2
26631,2024-09-01 15:00:00,2024,Liverpool,3,2.10397,away,-0.8960300000000001,0.8621699999999999,1.4891298911973545,3
26635,2024-09-14 14:00:00,2024,Liverpool,0,1.17044,home,1.17044,1.316322,2.5068191222969367,4
26645,2024-09-21 14:00:00,2024,Liverpool,3,2.43731,home,-0.5626899999999999,0.47190999999999994,0.6146134312259728,5
26658,2024-09-28 16:30:00,2024,Liverpool,2,2.11724,away,0.11723999999999979,0.10954599999999978,-0.19739210995444514,6
26662,2024-10-05 11:30:00,2024,Liverpool,1,2.07332,away,1.0733199999999998,0.18045599999999973,-0.03849301146479562,7
26679,2024-10-20 15:30:00,2024,Liverpool,2,2.22517,home,0.22516999999999987,0.40469599999999967,0.4639965364878067,8
26691,2024-10-27 16:30:00,2024,Liverpool,2,1.35346,away,-0.6465399999999999,0.04129999999999976,-0.3503215680777654,9
26696,2024-11-02 15:00:00,2024,Liverpool,2,1.81037,home,-0.18962999999999997,0.11591199999999975,-0.1831268207006713,10
26707,2024-11-09 20:00:00,2024,Liverpool,2,2.68196,home,0.6819600000000001,0.2288559999999998,0.06996441861416443,11
26721,2024-11-24 14:00:00,2024,Liverpool,3,3.18835,away,0.1883499999999998,0.05186199999999981,-0.3266536470758236,12
26726,2024-12-01 16:00:00,2024,Liverpool,2,3.70054,home,1.7005400000000002,0.34693599999999986,0.3345646943109327,13
26740,2024-12-04 19:30:00,2024,Liverpool,3,2.22766,away,-0.7723399999999998,0.32177599999999984,0.2781847575178205,14
26752,2024-12-14 15:00:00,2024,Liverpool,2,2.09698,home,0.09697999999999984,0.3790979999999998,0.40663510476960013,15
26768,2024-12-22 16:30:00,2024,Liverpool,6,5.20214,away,-0.79786,0.08313399999999982,-0.25657759845125266,16
26776,2024-12-26 20:00:00,2024,Liverpool,3,1.89935,home,-1.10065,-0.17466600000000013,-0.8342702735412495,17
26791,2024-12-29 17:15:00,2024,Liverpool,5,3.29868,away,-1.70132,-0.8550380000000001,-2.358885947460301,18
26797,2025-01-05 16:30:00,2024,Liverpool,2,2.862,home,0.8620000000000001,-0.5281700000000001,-1.626421830620436,19
26807,2025-01-14 20:00:00,2024,Liverpool,1,2.72291,away,1.7229100000000002,-0.2029840000000001,-0.8977268335614145,20
26813,2025-01-18 15:00:00,2024,Liverpool,2,4.16249,away,2.16249,0.38908599999999993,0.4290167744313494,21
26827,2025-01-25 15:00:00,2024,Liverpool,4,2.16809,home,-1.8319100000000001,0.24283399999999986,0.1012871036894476,22
26832,2025-02-01 15:00:00,2024,Liverpool,2,2.7219,away,0.7219000000000002,0.7274779999999998,1.1873045157387747,23
26748,2025-02-12 19:30:00,2024,Liverpool,2,0.929103,away,-1.070897,0.3408985999999999,0.3210357503365792,24
26847,2025-02-16 14:00:00,2024,Liverpool,2,1.86758,home,-0.13241999999999998,-0.030167400000000157,-0.5104697196981175,25
26884,2025-02-19 15:00:00,2024,Liverpool,2,2.04279,away,0.042790000000000106,-0.45410740000000016,-1.4604582095260978,26
26859,2025-02-23 16:30:00,2024,Liverpool,2,0.807058,away,-1.192942,-0.32631380000000015,-1.1740911550521604,27
26870,2025-02-26 20:15:00,2024,Liverpool,2,1.40027,home,-0.5997300000000001,-0.5906398000000002,-1.7664076563548698,28
26876,2025-03-08 15:00:00,2024,Liverpool,3,4.98996,home,1.98996,0.021531599999999783,-0.39461970569704025,29
26901,2025-04-02 20:00:00,2024,Liverpool,1,1.29718,home,0.29718,0.10745159999999979,-0.20208535874695285,30
26906,2025-04-06 13:00:00,2024,Liverpool,2,1.40638,away,-0.59362,-0.019830400000000248,-0.4873059912946837,31
26916,2025-04-13 13:00:00,2024,Liverpool,2,1.42902,home,-0.57098,0.10456199999999974,-0.2085605362253861,32
26928,2025-04-20 15:30:00,2024,Liverpool,1,4.52706,away,3.5270599999999996,0.9299199999999997,1.640947884747964,33
26936,2025-04-27 15:30:00,2024,Liverpool,5,2.51104,home,-2.48896,0.03413599999999972,-0.36637506041424617,34
26948,2025-05-04 15:30:00,2024,Liverpool,1,1.4267,away,0.4267000000000001,0.06003999999999974,-0.30832792676206894,35
26952,2025-05-11 15:30:00,2024,Liverpool,2,2.74682,home,0.74682,0.32812799999999975,0.29241867478768707,36
26965,2025-05-19 19:00:00,2024,Liverpool,2,3.065,away,1.065,0.6553239999999998,1.0256177923933762,37
26975,2025-05-25 15:00:00,2024,Liverpool,1,1.92122,home,0.9212199999999999,0.13415599999999986,-0.1422446439576846,38
22278,2023-08-12 14:00:00,2023,Luton,1,1.88594,away,0.88594,,,1
22295,2023-08-25 19:00:00,2023,Luton,0,0.465741,away,0.465741,,,2
21925,2023-09-01 19:00:00,2023,Luton,1,2.02244,home,1.02244,0.7913736666666665,1.66709934294548,3
21939,2023-09-16 14:00:00,2023,Luton,0,1.45705,away,1.45705,0.95779275,1.9961233348846459,4
21945,2023-09-23 14:00:00,2023,Luton,1,2.24101,home,1.2410100000000002,1.0144362,2.1081120182910853,5
21956,2023-09-30 14:00:00,2023,Luton,2,1.5102,away,-0.4898,0.7392882000000001,1.56412216135414,6
22289,2023-10-03 18:30:00,2023,Luton,1,1.53058,home,0.53058,0.752256,1.5897605511181467,7
21971,2023-10-07 11:30:00,2023,Luton,0,0.848118,home,0.848118,0.7173916000000001,1.5208308116027136,8
21982,2023-10-21 14:00:00,2023,Luton,2,1.49555,away,-0.5044500000000001,0.32509160000000004,0.745221972445737,9
21987,2023-10-29 14:00:00,2023,Luton,1,0.453117,away,-0.546883,-0.032487,0.03826015023473302,10
21999,2023-11-05 16:30:00,2023,Luton,1,1.3411,home,0.34109999999999996,0.133693,0.3668114550807854,11
22012,2023-11-11 15:00:00,2023,Luton,0,0.408265,away,0.408265,0.10922999999999998,0.3184461248939459,12
22019,2023-11-25 15:00:00,2023,Luton,2,0.996153,home,-1.003847,-0.261163,-0.41385080287018855,13
22027,2023-12-02 15:00:00,2023,Luton,1,0.227176,away,-0.772824,-0.31483779999999995,-0.5199702250470503,14
22039,2023-12-05 20:15:00,2023,Luton,3,0.526254,home,-2.4737460000000002,-0.7002104,-1.281883033940514,15
22050,2023-12-10 14:00:00,2023,Luton,1,0.689037,home,-0.310963,-0.8306229999999999,-1.539719295213629,16
22069,2023-12-23 15:00:00,2023,Luton,1,1.81844,home,0.8184400000000001,-0.748588,-1.3775294631457156,17
22084,2023-12-26 15:00:00,2023,Luton,3,0.715575,away,-2.284425,-1.0047036,-1.8838907254602517,18
22089,2023-12-30 12:30:00,2023,Luton,2,2.64093,home,0.64093,-0.7219528000000001,-1.3248695178163403,19
22096,2024-01-12 19:45:00,2023,Luton,1,0.965167,away,-0.034833,-0.23417019999999997,-0.3604838534090709,20
22107,2024-01-30 19:45:00,2023,Luton,4,3.63312,home,-0.3668800000000001,-0.2453536,-0.382594340005625,21
22123,2024-02-03 15:00:00,2023,Luton,4,2.67463,away,-1.32537,-0.6741156,-1.2302915031323736,22
22129,2024-02-10 15:00:00,2023,Luton,1,1.76215,home,0.7621500000000001,-0.06480059999999996,-0.025626451307410338,23
22139,2024-02-18 16:30:00,2023,Luton,1,1.57234,home,0.5723400000000001,-0.07851859999999995,-0.052748047166588,24
22151,2024-02-21 15:00:00,2023,Luton,1,0.956512,away,-0.04348799999999997,-0.08024959999999995,-0.05617037421369665,25
22159,2024-03-02 17:30:00,2023,Luton,2,2.43312,home,0.43312000000000017,0.07975040000000011,0.26016257063747916,26
22170,2024-03-09 15:00:00,2023,Luton,1,1.08531,away,0.08531,0.36188640000000005,0.8179682689407997,27
25861,2024-03-13 19:30:00,2023,Luton,3,2.79419,away,-0.20581000000000005,0.16829440000000004,0.43522122231811966,28
22181,2024-03-16 15:00:00,2023,Luton,1,0.853782,home,-0.14621799999999996,0.024582800000000037,0.15109176208515576,29
22194,2024-03-30 15:00:00,2023,Luton,1,0.402402,away,-0.5975980000000001,-0.08623919999999999,-0.06801229800420049,30
22196,2024-04-03 18:30:00,2023,Luton,0,0.292082,away,0.292082,-0.11444680000000003,-0.1237810053491007,31
22210,2024-04-06 14:00:00,2023,Luton,2,1.30478,home,-0.69522,-0.27055280000000004,-0.43241519715496096,32
22221,2024-04-13 14:00:00,2023,Luton,1,0.809775,away,-0.19022499999999998,-0.2674358,-0.42625263597307894,33
22230,2024-04-20 14:00:00,2023,Luton,1,0.497799,home,-0.502201,-0.3386324,-0.567014074356774,34
22244,2024-04-27 14:00:00,2023,Luton,1,0.90435,away,-0.09565000000000001,-0.2382428,-0.3685357131040766,35
22252,2024-05-03 19:00:00,2023,Luton,1,0.950391,home,-0.049609000000000014,-0.306581,-0.5036458634280054,36
22263,2024-05-11 14:00:00,2023,Luton,1,0.640456,away,-0.359544,-0.23944580000000001,-0.3709141414331764,37
22272,2024-05-19 15:00:00,2023,Luton,2,2.06743,home,0.06742999999999988,-0.18791480000000005,-0.2690331853011394,38
90,2015-08-10 23:00:00,2015,Manchester City,3,1.9242,away,-1.0758,,,1
99,2015-08-16 19:00:00,2015,Manchester City,3,2.18579,home,-0.8142100000000001,,,2
108,2015-08-23 19:00:00,2015,Manchester City,2,1.57983,away,-0.42016999999999993,-0.77006,-1.4787648567562375,3
117,2015-08-29 18:00:00,2015,Manchester City,2,1.52895,home,-0.47104999999999997,-0.6953075,-1.3107509977027796,4
123,2015-09-12 18:00:00,2015,Manchester City,1,3.08883,away,2.08883,-0.13848000000000002,-0.05922446545182697,5
137,2015-09-19 20:30:00,2015,Manchester City,1,2.98465,home,1.9846499999999998,0.47361,1.3165101653368565,6
141,2015-09-26 15:45:00,2015,Manchester City,1,1.57842,away,0.5784199999999999,0.7521359999999999,1.9425257247726397,7
154,2015-10-03 18:00:00,2015,Manchester City,6,3.3346,home,-2.6654,0.3030899999999999,0.9332490938570309,8
167,2015-10-17 18:00:00,2015,Manchester City,5,4.71274,home,-0.28725999999999985,0.339848,1.01586644352543,9
179,2015-10-25 18:05:00,2015,Manchester City,0,0.310718,away,0.310718,-0.015774400000000067,0.2165688710047461,10
183,2015-10-31 19:00:00,2015,Manchester City,2,2.83557,home,0.8355700000000001,-0.24559040000000004,-0.299966001169823,11
198,2015-11-08 17:30:00,2015,Manchester City,0,1.53281,away,1.53281,-0.054712399999999974,0.12905174925198157,12
208,2015-11-21 21:30:00,2015,Manchester City,1,1.08612,home,0.08611999999999997,0.4955916,1.365916050680751,13
215,2015-11-28 19:00:00,2015,Manchester City,3,2.12331,home,-0.87669,0.3777056,1.1009552562139981,14
221,2015-12-05 16:45:00,2015,Manchester City,0,0.483752,away,0.483752,0.41231239999999997,1.1787375647319904,15
232,2015-12-12 19:00:00,2015,Manchester City,2,1.34338,home,-0.65662,0.1138743999999999,0.5079677567898362,16
250,2015-12-22 00:00:00,2015,Manchester City,1,0.769378,away,-0.230622,-0.23881200000000008,-0.28473085663006914,17
258,2015-12-26 19:00:00,2015,Manchester City,4,3.51848,home,-0.48152000000000017,-0.35234000000000015,-0.5398966021318381,18
269,2015-12-29 23:45:00,2015,Manchester City,0,1.66777,away,1.66777,0.15655199999999986,0.603890010508974,19
278,2016-01-02 21:30:00,2015,Manchester City,2,0.692054,away,-1.307946,-0.20178760000000015,-0.20151474582255322,20
288,2016-01-13 23:45:00,2015,Manchester City,0,1.44957,home,1.44957,0.21945039999999985,0.7452605721930383,21
292,2016-01-16 19:00:00,2015,Manchester City,4,1.74025,home,-2.25975,-0.18637520000000016,-0.16687380670646326,22
308,2016-01-23 21:30:00,2015,Manchester City,2,1.73182,away,-0.2681800000000001,-0.14370720000000012,-0.0709731299653115,23
314,2016-02-02 23:45:00,2015,Manchester City,1,0.638461,away,-0.36153900000000005,-0.5495690000000002,-0.9831888720526362,24
321,2016-02-06 16:45:00,2015,Manchester City,1,1.70719,home,0.70719,-0.14654180000000014,-0.07734418223611093,25
340,2016-02-14 20:15:00,2015,Manchester City,1,1.97876,home,0.9787600000000001,-0.24070380000000013,-0.28898286985447424,26
357,2016-03-03 00:00:00,2015,Manchester City,0,0.180318,away,0.180318,0.24730979999999986,0.8078774118293569,27
364,2016-03-05 19:00:00,2015,Manchester City,4,2.83271,home,-1.16729,0.06748779999999988,0.40370914772165606,28
369,2016-03-12 16:45:00,2015,Manchester City,0,0.557373,away,0.557373,0.2512701999999999,0.8167788142894127,29
382,2016-03-20 20:00:00,2015,Manchester City,0,1.86249,home,1.86249,0.4823301999999998,1.336109703194693,30
386,2016-04-02 18:00:00,2015,Manchester City,4,0.868303,away,-3.131697,-0.3397612000000002,-0.5116244676846741,31
400,2016-04-09 20:30:00,2015,Manchester City,2,2.07325,home,0.07324999999999982,-0.36117480000000024,-0.5597537151643855,32
410,2016-04-16 20:30:00,2015,Manchester City,3,2.62768,away,-0.3723200000000002,-0.20218080000000027,-0.20239850287923813,33
415,2016-04-19 22:45:00,2015,Manchester City,1,0.522043,away,-0.47795699999999997,-0.4092468000000003,-0.6678004324302674,34
420,2016-04-23 15:45:00,2015,Manchester City,4,2.22482,home,-1.7751800000000002,-1.1367808000000004,-2.303007213910465,35
435,2016-05-01 19:30:00,2015,Manchester City,2,1.12719,away,-0.8728100000000001,-0.6850034000000003,-1.287591483237408,36
446,2016-05-08 19:00:00,2015,Manchester City,2,0.75375,home,-1.2462499999999999,-0.9489034000000002,-1.8807336176704705,37
457,2016-05-15 18:00:00,2015,Manchester City,1,2.04003,away,1.0400299999999998,-0.6664334000000002,-1.2458535164453577,38
467,2016-08-13 20:30:00,2016,Manchester City,2,1.95479,home,-0.04520999999999997,-0.5798840000000002,-1.4401049007413744,1
472,2016-08-20 15:30:00,2016,Manchester City,4,2.17198,away,-1.82802,-0.5904520000000002,-1.4648499714983836,2
490,2016-08-28 19:00:00,2016,Manchester City,3,3.21624,home,0.21624,-0.37264200000000014,-0.954845821083532,3
491,2016-09-10 15:30:00,2016,Manchester City,2,1.88688,away,-0.11312000000000011,-0.14601600000000023,-0.42419892428395417,4
504,2016-09-17 18:00:00,2016,Manchester City,4,3.38733,home,-0.61267,-0.47655600000000026,-1.1981614231505122,5
515,2016-09-24 15:00:00,2016,Manchester City,3,2.57704,away,-0.4229599999999998,-0.5521060000000002,-1.375062454158464,6
529,2016-10-02 17:15:00,2016,Manchester City,0,0.909513,away,0.909513,-0.004599400000000165,-0.09307063385855167,7
534,2016-10-15 18:00:00,2016,Manchester City,1,2.69208,home,1.6920799999999998,0.2905685999999998,0.598067996459849,8
549,2016-10-23 16:30:00,2016,Manchester City,1,1.15321,home,0.15321000000000007,0.3438345999999998,0.7227908332258262,9
2680,2016-10-29 18:00:00,2016,Manchester City,4,2.48018,away,-1.5198200000000002,0.16240459999999982,0.2979707927788012,10
2689,2016-11-05 19:00:00,2016,Manchester City,1,2.49606,home,1.49606,0.5462085999999997,1.1966514453926462,11
2703,2016-11-19 19:00:00,2016,Manchester City,2,1.39421,away,-0.60579,0.24314799999999975,0.4870322184186088,12
2707,2016-11-26 16:30:00,2016,Manchester City,2,2.25698,away,0.25698,-0.04387200000000022,-0.18502779375746506,13
3105,2016-12-03 16:30:00,2016,Manchester City,1,2.24061,home,1.2406100000000002,0.17360799999999982,0.32420365857356614,14
3120,2016-12-10 21:30:00,2016,Manchester City,2,0.970372,away,-1.029628,0.2716463999999998,0.5537614883335926,15
3132,2016-12-15 00:00:00,2016,Manchester City,2,1.62359,home,-0.3764099999999999,-0.10284760000000012,-0.3231197122791402,16
3142,2016-12-18 20:00:00,2016,Manchester City,2,1.5186,home,-0.48140000000000005,-0.07796960000000012,-0.2648676427964687,17
3152,2016-12-26 21:15:00,2016,Manchester City,3,2.22237,away,-0.7776299999999998,-0.2848916000000001,-0.7493774394639396,18
3162,2016-12-31 21:30:00,2016,Manchester City,0,0.352445,away,0.352445,-0.4625246000000002,-1.1653067689283414,19
3332,2017-01-02 15:00:00,2016,Manchester City,2,0.617412,home,-1.3825880000000002,-0.5331166000000002,-1.3305985966042295,20
3348,2017-01-15 17:30:00,2016,Manchester City,0,0.569286,away,0.569286,-0.3439774000000002,-0.8877273923154244,21
3356,2017-01-21 20:30:00,2016,Manchester City,2,2.52702,home,0.5270199999999998,-0.14229340000000024,-0.41548242159659204,22
3367,2017-02-01 22:45:00,2016,Manchester City,4,2.66472,away,-1.33528,-0.25382340000000025,-0.6766309588344066,23
3378,2017-02-05 13:30:00,2016,Manchester City,2,2.87972,home,0.8797199999999998,-0.1483684000000003,-0.42970709086692055,24
3389,2017-02-13 20:00:00,2016,Manchester City,2,2.953,away,0.9529999999999998,0.31874919999999973,0.6640531347050201,25
3404,2017-03-05 16:00:00,2016,Manchester City,2,2.48022,away,0.4802200000000001,0.30093599999999976,0.622343360442269,26
3418,2017-03-08 20:00:00,2016,Manchester City,0,1.3049,home,1.3049,0.45651199999999975,0.9866260182859903,27
3426,2017-03-19 16:30:00,2016,Manchester City,1,2.55464,home,1.55464,1.0344959999999996,2.339980955494463,28
3430,2017-04-02 16:00:00,2016,Manchester City,2,1.40021,away,-0.59979,0.7385939999999998,1.6471236573168984,29
3448,2017-04-05 20:00:00,2016,Manchester City,1,2.2614,away,1.2614,0.8002739999999999,1.7915479537109489,30
3457,2017-04-08 15:00:00,2016,Manchester City,3,2.33731,home,-0.66269,0.5716919999999999,1.2563210646327265,31
3462,2017-04-15 17:30:00,2016,Manchester City,3,2.74188,away,-0.2581199999999999,0.2590879999999999,0.5243558773764748,32
3398,2017-04-27 20:00:00,2016,Manchester City,0,1.41537,home,1.41537,0.23123399999999986,0.459135476083351,33
3483,2017-04-30 14:05:00,2016,Manchester City,2,3.10725,away,1.10725,0.5726419999999999,1.2585454985103912,34
3497,2017-05-06 12:30:00,2016,Manchester City,5,2.69837,home,-2.30163,-0.13996400000000014,-0.41002810972855847,35
3503,2017-05-13 12:30:00,2016,Manchester City,2,1.98776,home,-0.012240000000000029,-0.00987400000000016,-0.10542115904921405,36
3477,2017-05-16 20:00:00,2016,Manchester City,3,2.58035,home,-0.41964999999999986,-0.04218000000000015,-0.18106595994587713,37
3519,2017-05-21 15:00:00,2016,Manchester City,5,3.26614,away,-1.73386,-0.6720260000000001,-1.6558562548000733,38
7126,2017-08-12 17:30:00,2017,Manchester City,2,1.86751,away,-0.13249,-0.9199740000000001,-1.5139512158171435,1
7138,2017-08-21 20:00:00,2017,Manchester City,1,1.14216,home,0.14216000000000006,-0.4312160000000002,-0.058194498688570025,2
7139,2017-08-26 12:30:00,2017,Manchester City,2,1.76626,away,-0.23374000000000006,-0.47551600000000016,-0.19014123422803075,3
7149,2017-09-09 12:30:00,2017,Manchester City,5,3.14589,home,-1.85411,-0.7624080000000002,-1.044643781685977,4
7164,2017-09-16 15:00:00,2017,Manchester City,6,3.99349,away,-2.00651,-0.8169380000000002,-1.2070603841457241,5
7173,2017-09-23 15:00:00,2017,Manchester City,5,5.72543,home,0.7254300000000002,-0.6453540000000002,-0.6960005947370819,6
7185,2017-09-30 17:30:00,2017,Manchester City,1,1.23068,away,0.23068,-0.6276500000000002,-0.6432695562271356,7
7194,2017-10-14 15:00:00,2017,Manchester City,7,4.45388,home,-2.54612,-1.0901260000000002,-2.020745819553269,8
7202,2017-10-21 15:00:00,2017,Manchester City,3,3.71812,home,0.7181199999999999,-0.5756800000000002,-0.48847786670149723,9
7215,2017-10-28 15:00:00,2017,Manchester City,3,2.77085,away,-0.2291500000000002,-0.22020800000000032,0.5702889499053475,10
7228,2017-11-05 14:15:00,2017,Manchester City,3,2.15028,home,-0.84972,-0.5352380000000003,-0.3680221132322679,11
7235,2017-11-18 15:00:00,2017,Manchester City,2,2.40056,away,0.40056,-0.5012620000000003,-0.2668252218848926,12
7245,2017-11-26 16:00:00,2017,Manchester City,2,2.66178,away,0.6617799999999998,0.14031799999999964,1.6441090125938276,13
7257,2017-11-29 20:00:00,2017,Manchester City,2,1.64952,home,-0.3504799999999999,-0.07340200000000033,1.0075479218603385,14
7262,2017-12-03 16:00:00,2017,Manchester City,2,2.45603,home,0.45603000000000016,0.06363399999999975,1.4157071284378908,15
7276,2017-12-10 16:30:00,2017,Manchester City,2,2.03041,away,0.030409999999999826,0.2396599999999997,1.939997333179858,16
7281,2017-12-13 19:45:00,2017,Manchester City,4,3.56828,away,-0.4317199999999999,0.07320399999999974,1.4442111974923522,17
7298,2017-12-16 17:30:00,2017,Manchester City,4,4.14588,home,0.14588,-0.029976000000000225,1.136891464468389,18
7308,2017-12-23 15:00:00,2017,Manchester City,4,1.55724,home,-2.44276,-0.4484320000000002,-0.10947203817045173,19
7315,2017-12-27 19:45:00,2017,Manchester City,1,1.93187,away,0.93187,-0.35326400000000024,0.17398410015504284,20
7321,2017-12-31 12:00:00,2017,Manchester City,0,1.09586,away,1.09586,-0.1401740000000002,0.8086687474711541,21
7335,2018-01-02 20:00:00,2017,Manchester City,3,2.77398,home,-0.2260200000000001,-0.09903400000000025,0.9312034811075743,22
7343,2018-01-14 16:00:00,2017,Manchester City,3,0.722959,away,-2.277041,-0.5836182000000003,-0.5121216494567876,23
7354,2018-01-20 17:30:00,2017,Manchester City,3,2.5505,home,-0.4495,-0.1849662000000003,0.6752560032808459,24
7366,2018-01-31 20:00:00,2017,Manchester City,3,2.68955,home,-0.3104499999999999,-0.43343020000000027,-0.06478945268025132,25
7372,2018-02-03 12:30:00,2017,Manchester City,1,2.24914,away,1.2491400000000001,-0.40277420000000025,0.026518879705701614,26
7382,2018-02-10 17:30:00,2017,Manchester City,5,2.59121,home,-2.40879,-0.8393282000000003,-1.2737491831993506,27
7389,2018-03-01 19:45:00,2017,Manchester City,3,1.92605,away,-1.07395,-0.5987100000000003,-0.5570722982923278,28
7404,2018-03-04 16:00:00,2017,Manchester City,1,0.953312,home,-0.04668799999999995,-0.5181476000000003,-0.3171186710412157,29
7416,2018-03-12 20:00:00,2017,Manchester City,2,1.64562,away,-0.3543799999999999,-0.5269336000000002,-0.3432876105096062,30
7433,2018-03-31 17:30:00,2017,Manchester City,3,1.91312,away,-1.08688,-0.9941376000000002,-1.7348461349109217,31
7445,2018-04-07 16:30:00,2017,Manchester City,2,3.42967,home,1.4296700000000002,-0.2264456000000002,0.5517103729843335,32
7457,2018-04-14 18:45:00,2017,Manchester City,3,3.61987,away,0.6198700000000001,0.11231839999999985,1.5607127187696592,33
7465,2018-04-22 15:30:00,2017,Manchester City,5,3.41675,home,-1.58325,-0.19499400000000017,0.64538838534309,34
7478,2018-04-29 13:15:00,2017,Manchester City,4,2.29076,away,-1.7092399999999999,-0.46596600000000016,-0.16169673480586705,35
7480,2018-05-06 13:30:00,2017,Manchester City,0,0.78641,home,0.78641,-0.09130800000000013,0.9542152300641858,36
7424,2018-05-09 20:00:00,2017,Manchester City,3,1.64765,home,-1.35235,-0.6477120000000001,-0.7030238543849833,37
7498,2018-05-13 15:00:00,2017,Manchester City,1,0.765614,away,-0.23438599999999998,-0.8185632000000002,-1.2119010124662373,38
9206,2018-08-12 18:00:00,2018,Manchester City,2,2.0178,away,0.017799999999999816,-0.4983532000000002,-0.9700703474111422,1
9213,2018-08-19 15:30:00,2018,Manchester City,6,4.60356,home,-1.3964400000000001,-0.43579320000000027,-0.8401958552819438,2
9217,2018-08-25 14:30:00,2018,Manchester City,1,1.84293,away,0.84293,-0.4244892000000003,-0.8167287635455555,3
9234,2018-09-01 16:30:00,2018,Manchester City,2,2.46904,home,0.4690400000000001,-0.06021120000000026,-0.060488030747598925,4
9239,2018-09-15 14:00:00,2018,Manchester City,3,4.91621,home,1.9162100000000004,0.3699079999999998,0.8324389618198106,5
9252,2018-09-22 14:00:00,2018,Manchester City,5,3.08415,away,-1.9158499999999998,-0.016822000000000115,0.029587901379834525,6
9260,2018-09-29 14:00:00,2018,Manchester City,2,2.90697,home,0.9069699999999998,0.4438599999999999,0.9859632335899273,7
9276,2018-10-07 15:30:00,2018,Manchester City,0,1.07481,away,1.07481,0.4902359999999999,1.082239759277007,8
9281,2018-10-20 14:00:00,2018,Manchester City,5,4.48577,home,-0.5142300000000004,0.2935819999999998,0.6739862686252261,9
9296,2018-10-29 19:00:00,2018,Manchester City,1,1.93588,away,0.93588,0.09751599999999971,0.2669534653355294,10
9300,2018-11-04 15:00:00,2018,Manchester City,6,2.76272,home,-3.23728,-0.16677000000000036,-0.281703983942881,11
9315,2018-11-11 16:30:00,2018,Manchester City,3,2.02764,home,-0.9723600000000001,-0.5426360000000003,-1.0620013921691167,12
9317,2018-11-24 15:00:00,2018,Manchester City,4,2.95852,away,-1.04148,-0.9658940000000003,-1.9406845409801823,13
9329,2018-12-01 15:00:00,2018,Manchester City,3,2.83557,home,-0.16442999999999985,-0.8959340000000001,-1.7954476568791793,14
9341,2018-12-04 20:00:00,2018,Manchester City,2,2.51933,away,0.5193300000000001,-0.9792440000000002,-1.968399126496883,15
9352,2018-12-08 17:30:00,2018,Manchester City,0,0.740048,away,0.740048,-0.18377840000000015,-0.3170134038906149,16
9361,2018-12-15 12:30:00,2018,Manchester City,3,1.79848,home,-1.20152,-0.2296104000000001,-0.4121605861678754,17
9370,2018-12-22 15:00:00,2018,Manchester City,2,1.27118,home,-0.72882,-0.16707840000000013,-0.2823442220083,18
9382,2018-12-26 15:00:00,2018,Manchester City,1,1.34781,away,0.34780999999999995,-0.06463040000000016,-0.06966228515324693,19
9389,2018-12-30 14:15:00,2018,Manchester City,3,2.96802,away,-0.0319799999999999,-0.17489240000000014,-0.2985660775309592,20
9400,2019-01-03 20:00:00,2018,Manchester City,2,1.00357,home,-0.9964299999999999,-0.5221880000000001,-1.019551366352974,21
9409,2019-01-14 20:00:00,2018,Manchester City,3,3.11947,home,0.11947000000000019,-0.2579900000000001,-0.4710766049790934,22
9423,2019-01-20 13:30:00,2018,Manchester City,3,2.01376,away,-0.98624,-0.30947400000000014,-0.5779573331245483,23
9434,2019-01-29 20:00:00,2018,Manchester City,1,1.33896,away,0.33895999999999993,-0.31124400000000013,-0.5816318512042906,24
9439,2019-02-03 16:30:00,2018,Manchester City,3,3.03102,home,0.031019999999999825,-0.2986440000000002,-0.5554742648739215,25
9461,2019-02-06 19:45:00,2018,Manchester City,2,2.60922,away,0.6092200000000001,0.02248599999999983,0.11119126673492605,26
9454,2019-02-10 16:00:00,2018,Manchester City,6,4.04218,home,-1.95782,-0.3929720000000002,-0.7512990905382922,27
9475,2019-02-27 20:00:00,2018,Manchester City,1,3.67741,home,2.67741,0.33975799999999984,0.7698475945292843,28
9486,2019-03-02 15:00:00,2018,Manchester City,1,1.59515,away,0.5951500000000001,0.39099599999999984,0.8762176269416224,29
9489,2019-03-09 17:30:00,2018,Manchester City,3,3.75714,home,0.7571400000000001,0.5362199999999999,1.177702493389364,30
9512,2019-03-30 12:30:00,2018,Manchester City,2,2.31513,away,0.3151299999999999,0.4774019999999998,1.0555963892005022,31
9522,2019-04-03 19:45:00,2018,Manchester City,2,3.53913,home,1.53913,1.1767919999999998,2.5075292704383556,32
9534,2019-04-14 14:05:00,2018,Manchester City,3,2.86236,away,-0.1376400000000002,0.6137819999999998,1.3387211212430228,33
9540,2019-04-20 12:30:00,2018,Manchester City,1,2.06185,home,1.0618500000000002,0.7071219999999998,1.532494859979266,34
9501,2019-04-24 20:00:00,2018,Manchester City,2,0.530481,away,-1.469519,0.26179019999999986,0.6079865263158745,35
9555,2019-04-28 14:05:00,2018,Manchester City,1,2.34878,away,1.34878,0.46852019999999983,1.03715778203629,36
9560,2019-05-06 19:00:00,2018,Manchester City,1,1.08617,home,0.08617000000000008,0.17792819999999984,0.4338891052970311,37
9576,2019-05-12 14:00:00,2018,Manchester City,4,2.22234,away,-1.77766,-0.15007580000000012,-0.24704684285427328,38
11644,2019-08-10 12:30:00,2019,Manchester City,5,3.18377,away,-1.81623,-0.7256918000000001,-1.1935656290830512,1
11659,2019-08-17 17:30:00,2019,Manchester City,2,3.20076,home,1.2007599999999998,-0.1916360000000002,-0.33841538679507627,2
11671,2019-08-25 14:00:00,2019,Manchester City,3,3.12856,away,0.12855999999999979,-0.43568000000000023,-0.7291878224261968,3
11678,2019-08-31 15:00:00,2019,Manchester City,4,2.30818,home,-1.6918199999999999,-0.7912780000000003,-1.2985847203853975,4
11689,2019-09-14 16:30:00,2019,Manchester City,2,2.34436,away,0.34436,-0.36687400000000026,-0.6190130662099618,5
11695,2019-09-21 14:00:00,2019,Manchester City,8,6.63049,home,-1.36951,-0.2775300000000002,-0.47595209159461843,6
11711,2019-09-28 16:30:00,2019,Manchester City,3,3.1082,away,0.10820000000000007,-0.4960420000000002,-0.8258417281135552,7
11716,2019-10-06 14:00:00,2019,Manchester City,0,1.61884,home,1.61884,-0.19798600000000013,-0.34858324573140576,8
11726,2019-10-19 17:30:00,2019,Manchester City,2,4.02104,away,2.02104,0.5445859999999999,0.8404509819958584,9
11737,2019-10-26 12:30:00,2019,Manchester City,3,3.19004,home,0.1900400000000002,0.5137219999999999,0.7910303838524133,10
11749,2019-11-02 15:00:00,2019,Manchester City,2,3.36132,home,1.36132,1.059888,1.6655719340601898,11
11755,2019-11-10 16:30:00,2019,Manchester City,1,1.48104,away,0.4810399999999999,1.134456,1.7849730214876265,12
11769,2019-11-23 17:30:00,2019,Manchester City,2,1.23596,home,-0.76404,0.6578799999999999,1.0218615977962557,13
11777,2019-11-30 12:30:00,2019,Manchester City,2,2.44389,away,0.4438900000000001,0.34244999999999987,0.5167832128692575,14
11784,2019-12-03 20:15:00,2019,Manchester City,4,2.56057,away,-1.4394300000000002,0.016555999999999793,-0.005050522594709766,15
11797,2019-12-07 17:30:00,2019,Manchester City,1,2.07108,home,1.0710799999999998,-0.041492000000000265,-0.09799916441141211,16
11803,2019-12-15 16:30:00,2019,Manchester City,3,1.69553,away,-1.30447,-0.3985940000000002,-0.6698043237627765,17
11817,2019-12-21 17:30:00,2019,Manchester City,3,3.59139,home,0.5913900000000001,-0.12750800000000023,-0.23573122020154197,18
11832,2019-12-27 19:45:00,2019,Manchester City,2,1.52044,away,-0.47956,-0.31219800000000025,-0.5314637976740947,19
11837,2019-12-29 18:00:00,2019,Manchester City,2,1.08628,home,-0.9137200000000001,-0.2070560000000002,-0.3631064710152656,20
11848,2020-01-01 17:30:00,2019,Manchester City,2,1.79757,home,-0.2024300000000001,-0.4617580000000002,-0.7709448972831421,21
11856,2020-01-12 16:30:00,2019,Manchester City,6,3.75131,away,-2.24869,-0.6506020000000001,-1.0733290158614448,22
11864,2020-01-18 15:00:00,2019,Manchester City,2,2.47314,home,0.4731399999999999,-0.6742520000000002,-1.1111982857581684,23
11875,2020-01-21 19:30:00,2019,Manchester City,1,2.873,away,1.8730000000000002,-0.20374000000000017,-0.35779676704158536,24
11890,2020-02-02 16:30:00,2019,Manchester City,0,3.25139,away,3.25139,0.6292819999999999,0.976069404117334,25
11898,2020-02-19 19:30:00,2019,Manchester City,2,2.13777,home,0.13777000000000017,0.697322,1.0850176123106987,26
11904,2020-02-22 17:30:00,2019,Manchester City,1,2.42749,away,1.4274900000000001,1.4325579999999998,2.2623051608006532,27
11932,2020-03-08 16:30:00,2019,Manchester City,0,0.585469,away,0.585469,1.4550238,2.2982782450985737,28
11917,2020-06-17 19:15:00,2019,Manchester City,3,2.73725,home,-0.26275000000000004,1.0278737999999998,1.6143095923972852,29
11939,2020-06-22 19:00:00,2019,Manchester City,5,2.71096,home,-2.28904,-0.08021220000000007,-0.15999940560613124,30
11946,2020-06-25 19:15:00,2019,Manchester City,1,0.690594,away,-0.30940599999999996,-0.1696474000000001,-0.303206413093127,31
11959,2020-07-02 19:15:00,2019,Manchester City,4,2.65433,home,-1.3456700000000001,-0.7242794000000001,-1.191304041057591,32
11970,2020-07-05 18:00:00,2019,Manchester City,0,3.39575,away,3.39575,-0.16222320000000012,-0.2913185046970487,33
11979,2020-07-08 17:00:00,2019,Manchester City,5,3.28662,home,-1.71338,-0.4523492000000001,-0.7558791726909942,34
11985,2020-07-11 19:00:00,2019,Manchester City,5,5.51767,away,0.5176699999999999,0.10899279999999982,0.14296275975579575,35
11999,2020-07-15 17:00:00,2019,Manchester City,2,0.82755,home,-1.17245,-0.06361600000000019,-0.1334249456881609,36
12011,2020-07-21 17:00:00,2019,Manchester City,4,3.73814,away,-0.26186,0.15314599999999984,0.21366252498218116,37
12017,2020-07-26 15:00:00,2019,Manchester City,5,3.56749,home,-1.4325100000000002,-0.8125060000000002,-1.3325757927476658,38
14105,2020-09-21 19:15:00,2020,Manchester City,3,2.07651,away,-0.9234900000000001,-0.6545280000000002,-1.0437684290192257,1
14112,2020-09-27 15:30:00,2020,Manchester City,2,1.44633,home,-0.5536700000000001,-0.8687960000000002,-1.4480783350533013,2
14469,2020-10-03 16:30:00,2020,Manchester City,1,1.41533,away,0.41533,-0.5512400000000003,-0.8488706301204281,3
14480,2020-10-17 16:30:00,2020,Manchester City,1,1.43023,home,0.4302299999999999,-0.41282200000000024,-0.5876847854146172,4
14493,2020-10-24 11:30:00,2020,Manchester City,1,0.892456,away,-0.10754399999999997,-0.14782880000000026,-0.0876596963127963,5
14502,2020-10-31 12:30:00,2020,Manchester City,1,1.89643,away,0.8964300000000001,0.21615519999999977,0.5991546522502508,6
14511,2020-11-08 16:30:00,2020,Manchester City,1,1.58487,home,0.58487,0.44386319999999985,1.028824972051655,7
14523,2020-11-21 17:30:00,2020,Manchester City,0,1.66325,away,1.66325,0.6934471999999998,1.499773893904702,8
14533,2020-11-28 15:00:00,2020,Manchester City,5,2.26129,home,-2.73871,0.05965919999999976,0.30385678670472505,9
14540,2020-12-05 15:00:00,2020,Manchester City,2,3.26328,home,1.26328,0.33382399999999973,0.8211880938800901,10
14549,2020-12-12 17:30:00,2020,Manchester City,0,1.28434,away,1.28434,0.41140599999999966,0.9675803275777751,11
14564,2020-12-15 20:00:00,2020,Manchester City,1,2.58593,home,1.5859299999999998,0.6116179999999997,1.345367467546853,12
14572,2020-12-19 15:00:00,2020,Manchester City,1,1.15599,away,0.15599000000000007,0.3101659999999997,0.7765469726816182,13
14581,2020-12-26 20:00:00,2020,Manchester City,2,3.19575,home,1.1957499999999999,1.0970579999999999,2.2613614600477474,14
14603,2021-01-03 16:30:00,2020,Manchester City,3,3.18063,away,0.18062999999999985,0.8805279999999996,1.852783305803724,15
14614,2021-01-13 18:00:00,2020,Manchester City,1,2.90855,home,1.90855,1.0053699999999997,2.0883521135076557,16
14621,2021-01-17 19:15:00,2020,Manchester City,4,0.961088,home,-3.038912,0.08040159999999981,0.34299635861896904,17
14089,2021-01-20 20:00:00,2020,Manchester City,2,3.34385,home,1.3438500000000002,0.3179735999999998,0.7912794106674662,18
14629,2021-01-26 20:15:00,2020,Manchester City,5,2.24838,away,-2.75162,-0.4715004000000002,-0.6984071442840232,19
14642,2021-01-30 15:00:00,2020,Manchester City,1,1.53116,home,0.5311600000000001,-0.4013944000000002,-0.5661216407444144,20
14646,2021-02-03 18:00:00,2020,Manchester City,2,2.12153,away,0.12152999999999992,-0.7587984000000002,-1.24051995340054,21
14659,2021-02-07 16:30:00,2020,Manchester City,4,3.55196,away,-0.4480400000000002,-0.24062400000000025,-0.26275825789181534,22
14671,2021-02-13 17:30:00,2020,Manchester City,3,2.46219,home,-0.5378099999999999,-0.6169560000000003,-0.9728724866035955,23
14593,2021-02-17 20:15:00,2020,Manchester City,3,1.23218,away,-1.76782,-0.42019600000000035,-0.6015990481467812,24
14675,2021-02-21 16:30:00,2020,Manchester City,1,2.08868,away,1.08868,-0.3086920000000003,-0.39119818678426527,25
14689,2021-02-27 12:30:00,2020,Manchester City,2,0.760574,home,-1.239426,-0.5808832000000003,-0.904805437961773,26
14720,2021-03-02 20:00:00,2020,Manchester City,4,3.26196,home,-0.7380399999999998,-0.6388832000000002,-1.0142476997553043,27
14700,2021-03-07 16:30:00,2020,Manchester City,0,1.27561,home,1.27561,-0.27619920000000026,-0.3298863674048711,28
14761,2021-03-10 18:00:00,2020,Manchester City,5,3.10503,home,-1.8949699999999998,-0.3016292000000002,-0.37787113839469,29
14708,2021-03-13 20:00:00,2020,Manchester City,3,2.72578,away,-0.27422000000000013,-0.5742092000000002,-0.8922120301133242,30
14730,2021-04-03 16:30:00,2020,Manchester City,2,1.98438,away,-0.015619999999999967,-0.3294480000000003,-0.4303634210219642,31
14740,2021-04-10 11:30:00,2020,Manchester City,1,1.98825,home,0.9882500000000001,0.015809999999999703,0.22111617246615745,32
14746,2021-04-21 19:15:00,2020,Manchester City,2,1.5634,away,-0.4366000000000001,-0.3266320000000003,-0.4250498105183334,33
14768,2021-05-01 11:30:00,2020,Manchester City,2,2.04443,away,0.04443000000000019,0.061247999999999705,0.30685474990364847,34
14781,2021-05-08 16:30:00,2020,Manchester City,1,1.79168,home,0.7916799999999999,0.2744279999999997,0.7091116700613213,35
14791,2021-05-14 19:00:00,2020,Manchester City,4,1.477,away,-2.5229999999999997,-0.22704800000000022,-0.23714122088993628,36
14795,2021-05-18 18:00:00,2020,Manchester City,2,1.07139,away,-0.9286099999999999,-0.6104200000000002,-0.9605394758607931,37
14811,2021-05-23 15:00:00,2020,Manchester City,5,2.88355,home,-2.11645,-0.9463900000000003,-1.5944932119775648,38
16385,2021-08-15 15:30:00,2021,Manchester City,0,2.10585,away,2.10585,-0.5341060000000002,-0.5882916403104025,1
16387,2021-08-21 14:00:00,2021,Manchester City,5,2.43928,home,-2.56072,-1.2045860000000002,-1.8289483593944504,2
16396,2021-08-28 11:30:00,2021,Manchester City,5,4.47273,home,-0.5272699999999997,-0.8054400000000002,-1.09036828721404,3
16409,2021-09-11 14:00:00,2021,Manchester City,1,2.75058,away,1.7505799999999998,-0.2696020000000002,-0.09885323077602857,4
16421,2021-09-18 14:00:00,2021,Manchester City,0,1.22451,home,1.22451,0.39858999999999983,1.1375697713093553,5
16426,2021-09-25 11:30:00,2021,Manchester City,1,1.69244,away,0.6924399999999999,0.11590799999999976,0.6144947762847208,6
16441,2021-10-03 15:30:00,2021,Manchester City,2,1.04319,away,-0.9568099999999999,0.43668999999999975,1.2080700412608858,7
16451,2021-10-16 14:00:00,2021,Manchester City,2,2.15712,home,0.15711999999999993,0.5735679999999996,1.4613492000647073,8
16458,2021-10-23 16:30:00,2021,Manchester City,4,3.57376,away,-0.42623999999999995,0.13820399999999972,0.655751312212262,9
16470,2021-10-30 14:00:00,2021,Manchester City,0,0.65739,home,0.65739,0.024779999999999736,0.4458714534463198,10
16483,2021-11-06 12:30:00,2021,Manchester City,2,2.04202,away,0.042019999999999946,-0.10530400000000026,0.20516391758346136,11
16490,2021-11-21 14:00:00,2021,Manchester City,3,2.61302,home,-0.3869799999999999,0.008661999999999748,0.4160466935754859,12
16504,2021-11-28 14:00:00,2021,Manchester City,2,2.72187,home,0.72187,0.12161199999999976,0.625049462368803,13
16506,2021-12-01 20:15:00,2021,Manchester City,2,1.01897,away,-0.9810300000000001,0.01065399999999972,0.4197326919414556,14
16523,2021-12-04 17:30:00,2021,Manchester City,3,4.03223,away,1.0322300000000002,0.08562199999999978,0.5584535380760055,15
16534,2021-12-11 12:30:00,2021,Manchester City,1,2.99915,home,1.9991500000000002,0.4770479999999998,1.2827485161874967,16
16545,2021-12-14 20:00:00,2021,Manchester City,7,3.31349,home,-3.68651,-0.18285800000000024,0.061657935015981,17
16550,2021-12-19 14:15:00,2021,Manchester City,4,3.64686,away,-0.3531399999999998,-0.3978600000000002,-0.33618193480341474,18
16560,2021-12-26 15:00:00,2021,Manchester City,6,3.82869,home,-2.17131,-0.6359160000000001,-0.7766809443462378,19
16567,2021-12-29 20:15:00,2021,Manchester City,1,1.01763,away,0.017630000000000035,-0.8388360000000002,-1.1521642718676182,20
16576,2022-01-01 12:30:00,2021,Manchester City,2,1.94623,away,-0.053770000000000095,-1.2494200000000002,-1.9119092282397767,21
16590,2022-01-15 12:30:00,2021,Manchester City,1,0.901703,home,-0.09829699999999997,-0.5317774000000003,-0.5839827970398217,22
16604,2022-01-22 17:30:00,2021,Manchester City,1,1.62907,away,0.62907,-0.3353354000000003,-0.22048636581098785,23
16615,2022-02-09 19:45:00,2021,Manchester City,2,1.98246,home,-0.01753999999999989,0.09541859999999976,0.5765811744174009,24
16623,2022-02-12 17:30:00,2021,Manchester City,4,4.44653,away,0.4465300000000001,0.18119859999999977,0.7353085538515819,25
16632,2022-02-19 17:30:00,2021,Manchester City,2,2.31773,home,0.31773000000000007,0.2554985999999998,0.8727933322609972,26
16641,2022-02-26 17:30:00,2021,Manchester City,1,1.93422,away,0.93422,0.46200199999999986,1.2549073859593936,27
16650,2022-03-06 16:30:00,2021,Manchester City,4,2.74434,home,-1.2556600000000002,0.0850559999999998,0.5574062112310564,28
16660,2022-03-14 20:00:00,2021,Manchester City,0,2.04021,away,2.04021,0.49660599999999977,1.3189386547626156,29
16684,2022-04-02 14:00:00,2021,Manchester City,2,1.62008,away,-0.37992000000000004,0.3313159999999998,1.013085908823285,30
16690,2022-04-10 15:30:00,2021,Manchester City,2,1.34647,home,-0.6535299999999999,0.13706399999999977,0.6536418553160747,31
16670,2022-04-20 19:00:00,2021,Manchester City,3,1.52844,home,-1.47156,-0.34409200000000023,-0.23668958533480855,32
16707,2022-04-23 14:00:00,2021,Manchester City,5,3.68,home,-1.3199999999999998,-0.35696000000000017,-0.2605005426507217,33
16723,2022-04-30 16:30:00,2021,Manchester City,4,3.01431,away,-0.98569,-0.9621400000000001,-1.380326090400519,34
16727,2022-05-08 15:30:00,2021,Manchester City,5,4.05613,home,-0.9438700000000004,-1.0749300000000002,-1.5890327950680554,35
16696,2022-05-11 19:15:00,2021,Manchester City,5,3.39304,away,-1.60696,-1.265616,-1.9418783193719285,36
16737,2022-05-15 13:00:00,2021,Manchester City,2,2.14723,away,0.14722999999999997,-0.9418580000000002,-1.3427962616562423,37
16754,2022-05-22 15:00:00,2021,Manchester City,3,3.3209,home,0.32089999999999996,-0.6136780000000003,-0.7355317316642922,38
18211,2022-08-07 15:30:00,2022,Manchester City,2,2.58739,away,0.5873900000000001,-0.29906200000000027,-6.764917559410119e-05,1
18214,2022-08-13 14:00:00,2022,Manchester City,4,1.69064,home,-2.30936,-0.5721600000000001,-0.4715548708952871,2
18230,2022-08-21 15:30:00,2022,Manchester City,3,3.67382,away,0.6738200000000001,-0.11600400000000013,0.3159709444192461,3
18237,2022-08-27 14:00:00,2022,Manchester City,4,2.3853,home,-1.6147,-0.46839000000000014,-0.29240222606503363,4
18246,2022-08-31 18:30:00,2022,Manchester City,6,3.83759,home,-2.16241,-0.965052,-1.149859206759679,5
18258,2022-09-03 16:30:00,2022,Manchester City,1,1.92143,away,0.92143,-0.898244,-1.0345192251096877,6
18274,2022-09-17 11:30:00,2022,Manchester City,3,1.4242,away,-1.5758,-0.7515320000000002,-0.781229807856762,7
18289,2022-10-02 13:00:00,2022,Manchester City,6,3.01103,home,-2.98897,-1.4840900000000001,-2.0459470015694037,8
18298,2022-10-08 14:00:00,2022,Manchester City,4,2.73536,home,-1.26464,-1.4140780000000004,-1.925075507208262,9
18307,2022-10-16 15:30:00,2022,Manchester City,0,0.911493,away,0.911493,-0.7992974000000002,-0.8636938893964649,10
18326,2022-10-22 14:00:00,2022,Manchester City,3,1.86239,home,-1.13761,-1.2111054000000003,-1.5746555581085886,11
18338,2022-10-29 11:30:00,2022,Manchester City,1,0.703827,away,-0.296173,-0.9551800000000001,-1.1328157943113388,12
18346,2022-11-05 15:00:00,2022,Manchester City,2,2.39332,home,0.3933200000000001,-0.27872200000000014,0.03504813376598227,13
18356,2022-11-12 12:30:00,2022,Manchester City,1,1.605,home,0.605,0.09520599999999986,0.680612267678356,14
18368,2022-12-28 20:00:00,2022,Manchester City,3,4.16249,away,1.16249,0.14540539999999985,0.7672785033812743,15
18376,2022-12-31 15:00:00,2022,Manchester City,1,2.36333,home,1.36333,0.6455933999999999,1.6308229103616623,16
18385,2023-01-05 20:00:00,2022,Manchester City,1,1.71972,away,0.7197199999999999,0.8487719999999997,1.9815985060338999,17
18397,2023-01-14 12:30:00,2022,Manchester City,1,0.73695,away,-0.26305,0.7174979999999997,1.7549618644472498,18
18267,2023-01-19 19:00:00,2022,Manchester City,4,2.34166,home,-1.65834,0.2648299999999998,0.9734578707108982,19
18409,2023-01-22 14:00:00,2022,Manchester City,3,3.32757,home,0.32757000000000014,0.09784599999999984,0.6851700684141359,20
18420,2023-02-05 16:30:00,2022,Manchester City,0,0.773747,away,0.773747,-0.02007060000000016,0.4815941721108587,21
18429,2023-02-12 16:30:00,2022,Manchester City,3,3.60987,home,0.6098699999999999,-0.042040600000000164,0.4436642925028731,22
18312,2023-02-15 18:30:00,2022,Manchester City,3,2.00841,away,-0.99159,-0.18774860000000015,0.1921082206812813,23
18439,2023-02-18 15:00:00,2022,Manchester City,1,2.80966,away,1.80966,0.5058513999999998,1.3895667776270637,24
18442,2023-02-25 17:30:00,2022,Manchester City,4,2.98206,away,-1.0179399999999998,0.23674939999999983,0.9249784088392552,25
18458,2023-03-04 12:30:00,2022,Manchester City,2,1.34144,home,-0.65856,-0.04971200000000016,0.43042008319815295,26
18463,2023-03-11 17:30:00,2022,Manchester City,1,2.1884,away,1.1884000000000001,0.06599399999999989,0.6301795119610837,27
18488,2023-04-01 11:30:00,2022,Manchester City,4,3.01243,home,-0.9875699999999998,0.06679799999999991,0.6315675694578894,28
18499,2023-04-08 16:30:00,2022,Manchester City,4,3.05999,away,-0.94001,-0.4831360000000001,-0.31786030547784,29
18506,2023-04-15 16:30:00,2022,Manchester City,3,1.60702,home,-1.39298,-0.5581440000000002,-0.4473570924435109,30
18531,2023-04-26 19:00:00,2022,Manchester City,4,2.01168,home,-1.9883199999999999,-0.8240960000000002,-0.906507176262491,31
18537,2023-04-30 13:00:00,2022,Manchester City,2,2.32338,away,0.3233799999999998,-0.9971,-1.2051881453885696,32
18478,2023-05-03 19:00:00,2022,Manchester City,3,2.99908,home,-0.0009199999999998099,-0.7997700000000002,-0.8645098047857567,33
18546,2023-05-06 14:00:00,2022,Manchester City,2,2.83472,home,0.8347199999999999,-0.4448240000000002,-0.25171694873950856,34
18557,2023-05-14 13:00:00,2022,Manchester City,3,1.04338,away,-1.95662,-0.5575520000000002,-0.44633504015730563,35
18566,2023-05-21 15:00:00,2022,Manchester City,1,1.20557,home,0.20557000000000003,-0.1187740000000002,0.3111887065260225,36
18515,2023-05-24 19:00:00,2022,Manchester City,1,1.92973,away,0.92973,0.0024959999999998317,0.5205540456275437,37
18574,2023-05-28 15:30:00,2022,Manchester City,0,1.18649,away,1.18649,0.2399779999999998,0.9305523919663532,38
22275,2023-08-11 19:00:00,2023,Manchester City,3,2.40074,away,-0.5992600000000001,-0.04681800000000021,0.1505686359944451,1
22291,2023-08-19 19:00:00,2023,Manchester City,1,1.22528,home,0.22527999999999992,0.3895619999999998,1.007336463170427,2
22303,2023-08-27 13:00:00,2023,Manchester City,2,3.84804,away,1.8480400000000001,0.7180559999999998,1.652286026900082,3
21927,2023-09-02 14:00:00,2023,Manchester City,5,2.00152,home,-2.99848,-0.06758600000000019,0.10979372826542273,4
21937,2023-09-16 14:00:00,2023,Manchester City,3,4.15046,away,1.1504599999999998,-0.07479200000000019,0.09564580910636382,5
21946,2023-09-23 14:00:00,2023,Manchester City,2,1.33984,home,-0.6601600000000001,-0.08697200000000019,0.07173217389163479,6
21961,2023-09-30 14:00:00,2023,Manchester City,1,0.98075,away,-0.01924999999999999,-0.13587800000000017,-0.02428755055923039,7
21965,2023-10-08 15:30:00,2023,Manchester City,0,0.858071,away,0.858071,-0.33387180000000016,-0.41301920146054555,8
21980,2023-10-21 14:00:00,2023,Manchester City,2,0.962509,home,-1.0374910000000002,0.05832599999999979,0.3570033864884902,9
21992,2023-10-29 15:30:00,2023,Manchester City,3,4.54595,away,1.5459500000000004,0.1374239999999999,0.5123006539937973,10
22000,2023-11-04 15:00:00,2023,Manchester City,6,2.39949,home,-3.60051,-0.45064600000000005,-0.6422881358851604,11
22009,2023-11-12 16:30:00,2023,Manchester City,4,3.19324,away,-0.8067600000000001,-0.6081480000000001,-0.9515201041602224,12
22020,2023-11-25 12:30:00,2023,Manchester City,1,1.79622,home,0.7962199999999999,-0.6205182,-0.9758071690480088,13
22031,2023-12-03 16:30:00,2023,Manchester City,3,2.90729,home,-0.09270999999999985,-0.431562,-0.6048195140101283,14
22035,2023-12-06 20:15:00,2023,Manchester City,0,1.00198,away,1.00198,-0.5403560000000002,-0.818420501658013,15
22050,2023-12-10 14:00:00,2023,Manchester City,2,2.23353,away,0.23353000000000002,0.22645199999999982,0.6870940132628363,16
22061,2023-12-16 15:00:00,2023,Manchester City,2,2.41646,home,0.41645999999999983,0.47109599999999985,1.1674164577186796,17
22081,2023-12-27 20:15:00,2023,Manchester City,3,2.28321,away,-0.71679,0.16849399999999984,0.57330202067045,18
22090,2023-12-30 15:00:00,2023,Manchester City,2,2.24229,home,0.24229000000000012,0.23549399999999981,0.7048466478779085,19
22100,2024-01-13 17:30:00,2023,Manchester City,3,2.55452,away,-0.4454799999999999,-0.05399800000000017,0.1364717640041533,20
22114,2024-01-31 19:30:00,2023,Manchester City,3,1.84756,home,-1.15244,-0.33119200000000015,-0.40775780904277614,21
22117,2024-02-05 20:00:00,2023,Manchester City,3,2.10785,away,-0.89215,-0.5929140000000002,-0.9216103899680071,22
22130,2024-02-10 12:30:00,2023,Manchester City,2,1.58971,home,-0.41029000000000004,-0.531614,-0.8012568728364068,23
22140,2024-02-17 17:30:00,2023,Manchester City,1,2.77713,home,1.77713,-0.22464600000000012,-0.19857043814059872,24
22074,2024-02-20 18:30:00,2023,Manchester City,1,2.53766,home,1.5376599999999998,0.1719819999999998,0.5801501946958173,25
22145,2024-02-24 17:30:00,2023,Manchester City,1,1.79636,away,0.79636,0.5617419999999997,1.3453865215671463,26
22160,2024-03-03 15:30:00,2023,Manchester City,3,2.64173,home,-0.3582700000000001,0.6685179999999997,1.555025463577648,27
22171,2024-03-10 15:45:00,2023,Manchester City,1,1.37289,away,0.37288999999999994,0.8251539999999998,1.8625571684622373,28
22190,2024-03-31 16:30:00,2023,Manchester City,0,1.22009,home,1.22009,0.7137459999999998,1.643823977000617,29
22204,2024-04-03 19:15:00,2023,Manchester City,4,3.87704,home,-0.12295999999999996,0.3816219999999998,0.9917474431700205,30
22207,2024-04-06 11:30:00,2023,Manchester City,4,2.26381,away,-1.7361900000000001,-0.12488800000000025,-0.0027103049919175687,31
22221,2024-04-13 14:00:00,2023,Manchester City,5,4.64245,home,-0.3575499999999998,-0.12474400000000019,-0.002427582211053658,32
22176,2024-04-25 19:00:00,2023,Manchester City,4,1.90507,away,-2.0949299999999997,-0.6183080000000001,-0.9714677670322787,33
22242,2024-04-28 15:30:00,2023,Manchester City,2,0.932063,away,-1.0679370000000001,-1.0759134000000004,-1.869908539437055,34
22253,2024-05-04 16:30:00,2023,Manchester City,5,4.52542,home,-0.47457999999999956,-1.1462374,-2.0079793508361186,35
22258,2024-05-11 11:30:00,2023,Manchester City,4,3.15218,away,-0.84782,-0.9685634000000001,-1.6591426330083876,36
22233,2024-05-14 19:00:00,2023,Manchester City,2,2.70331,away,0.7033100000000001,-0.7563914,-1.2425741756373292,37
22273,2024-05-19 15:00:00,2023,Manchester City,3,2.31504,home,-0.6849599999999998,-0.4743974000000001,-0.68892050989494,38
26610,2024-08-18 15:30:00,2024,Manchester City,2,1.18038,away,-0.81962,-0.42473400000000006,-0.7141441335941803,1
26615,2024-08-24 14:00:00,2024,Manchester City,4,3.07818,home,-0.9218199999999999,-0.5141820000000001,-0.8604035265299089,2
26628,2024-08-31 16:30:00,2024,Manchester City,3,3.19297,away,0.19296999999999986,-0.30602400000000013,-0.5200374734631508,3
26637,2024-09-14 14:00:00,2024,Manchester City,2,1.55279,home,-0.4472100000000001,-0.5361280000000002,-0.8962881593597933,4
26651,2024-09-22 15:30:00,2024,Manchester City,2,2.75588,home,0.7558799999999999,-0.24796000000000024,-0.4250951003366401,5
26652,2024-09-28 11:30:00,2024,Manchester City,1,1.26516,away,0.26516000000000006,-0.03100400000000021,-0.07034314552754513,6
26664,2024-10-05 14:00:00,2024,Manchester City,3,1.36684,home,-1.63316,-0.17327200000000023,-0.30297027317914416,7
26681,2024-10-20 13:00:00,2024,Manchester City,2,1.36569,away,-0.6343099999999999,-0.3387280000000002,-0.5735128690736739,8
26683,2024-10-26 14:00:00,2024,Manchester City,1,3.16286,home,2.16286,0.18328599999999978,0.28004954421618605,9
26692,2024-11-02 15:00:00,2024,Manchester City,1,2.3527,away,1.3527,0.3026499999999998,0.4752255814487715,10
26703,2024-11-09 17:30:00,2024,Manchester City,1,2.60334,away,1.6033400000000002,0.5702859999999998,0.9128460859625298,11
26720,2024-11-23 17:30:00,2024,Manchester City,0,2.15899,home,2.15899,1.3287159999999998,2.1529801457989106,12
26726,2024-12-01 16:00:00,2024,Manchester City,0,0.745015,away,0.745015,1.604581,2.6040561612739888,13
26739,2024-12-04 19:30:00,2024,Manchester City,3,3.20169,home,0.20169000000000015,1.2123469999999998,1.9627013324488327,14
26747,2024-12-07 15:00:00,2024,Manchester City,2,1.5846,away,-0.4154,0.858727,1.3844855363445898,15
26753,2024-12-15 16:30:00,2024,Manchester City,1,0.638103,home,-0.361897,0.4656795999999999,0.7418006901885383,16
26762,2024-12-21 12:30:00,2024,Manchester City,1,1.09627,away,0.09627000000000008,0.05313559999999986,0.06723630642057035,17
26777,2024-12-26 12:30:00,2024,Manchester City,1,2.51965,home,1.51965,0.20806259999999988,0.32056258503332435,18
26788,2024-12-29 14:30:00,2024,Manchester City,2,1.58002,away,-0.41998,0.08372859999999985,0.11725993588218762,19
26798,2025-01-04 15:00:00,2024,Manchester City,4,1.97986,home,-2.02014,-0.23721940000000016,-0.4075327888733821,20
26803,2025-01-14 19:30:00,2024,Manchester City,2,2.65315,away,0.6531500000000001,-0.03421000000000014,-0.07558538251162455,21
26816,2025-01-19 16:30:00,2024,Manchester City,6,3.20228,away,-2.79772,-0.6130080000000001,-1.0219971984540024,22
26828,2025-01-25 17:30:00,2024,Manchester City,3,2.23213,home,-0.7678699999999998,-1.0705120000000001,-1.7700771701209768,23
26833,2025-02-02 16:30:00,2024,Manchester City,1,0.743191,away,-0.25680899999999995,-1.0378778,-1.7167159068066133,24
26848,2025-02-15 15:00:00,2024,Manchester City,4,2.12004,home,-1.87996,-1.0098418000000002,-1.6708733128934343,25
26859,2025-02-23 16:30:00,2024,Manchester City,0,0.58248,home,0.58248,-1.0239758,-1.6939842852992295,26
26865,2025-02-26 19:30:00,2024,Manchester City,1,2.38641,away,1.3864100000000001,-0.18714980000000017,-0.3256623244635043,27
26878,2025-03-08 12:30:00,2024,Manchester City,0,0.721234,away,0.721234,0.11067099999999981,0.1613143481466493,28
26889,2025-03-15 15:00:00,2024,Manchester City,2,2.02642,home,0.026419999999999888,0.16731679999999977,0.2539377753933031,29
26898,2025-04-02 19:45:00,2024,Manchester City,2,2.07165,home,0.07164999999999999,0.5576387999999998,0.8921662295729318,30
26909,2025-04-06 15:30:00,2024,Manchester City,0,0.687894,away,0.687894,0.5787215999999998,0.9266394154394172,31
26917,2025-04-12 11:30:00,2024,Manchester City,5,4.59724,home,-0.4027599999999998,0.22088759999999982,0.3415331681028252,32
26925,2025-04-19 14:00:00,2024,Manchester City,2,1.87989,away,-0.12010999999999994,0.052618799999999834,0.06639126959169561,33
26937,2025-04-22 19:00:00,2024,Manchester City,2,1.36232,home,-0.63768,-0.08020120000000015,-0.15078711974874198,34
26942,2025-05-02 19:00:00,2024,Manchester City,1,0.859463,home,-0.14053700000000002,-0.12263860000000015,-0.22017792068079955,35
26959,2025-05-10 14:00:00,2024,Manchester City,0,1.58463,away,1.58463,0.056708599999999845,0.07307863728274007,36
26970,2025-05-20 19:00:00,2024,Manchester City,3,1.59779,home,-1.40221,-0.14318140000000018,-0.25376813462856906,37
26981,2025-05-25 15:00:00,2024,Manchester City,2,2.45923,away,0.4592299999999998,-0.027313400000000244,-0.06430852300307735,38
81,2015-08-08 15:45:00,2015,Manchester United,1,0.627539,home,-0.37246100000000004,,,1
91,2015-08-14 22:45:00,2015,Manchester United,1,0.660404,away,-0.339596,,,2
101,2015-08-22 15:45:00,2015,Manchester United,0,1.2491,home,1.2491,0.17901433333333336,0.5654375352132681,3
120,2015-08-30 19:00:00,2015,Manchester United,1,1.28089,away,0.2808900000000001,0.20448325000000003,0.629603443967292,4
127,2015-09-12 20:30:00,2015,Manchester United,3,1.46206,home,-1.53794,-0.1440014,-0.248362216949235,5
139,2015-09-20 19:00:00,2015,Manchester United,3,1.65119,away,-1.34881,-0.3392712,-0.7403212717140231,6
146,2015-09-26 18:00:00,2015,Manchester United,3,2.8971,home,-0.10289999999999999,-0.29193199999999997,-0.6210557832190214,7
160,2015-10-04 19:00:00,2015,Manchester United,0,1.03953,away,1.03953,-0.333846,-0.7266531250579097,8
166,2015-10-17 18:00:00,2015,Manchester United,3,1.47853,away,-1.52147,-0.694318,-1.6348194896937762,9
179,2015-10-25 18:05:00,2015,Manchester United,0,0.391754,home,0.391754,-0.3083792,-0.6624925489940028,10
182,2015-10-31 19:00:00,2015,Manchester United,0,0.394404,away,0.394404,0.04026359999999999,0.2158715520525957,11
193,2015-11-07 19:00:00,2015,Manchester United,2,1.2779,home,-0.7221,-0.08357640000000001,-0.09612861050234808,12
201,2015-11-21 16:45:00,2015,Manchester United,2,1.30264,away,-0.69736,-0.43095440000000007,-0.9713061982608371,13
216,2015-11-28 21:30:00,2015,Manchester United,1,1.05613,away,0.05613000000000001,-0.1154344,-0.1763910554205926,14
226,2015-12-05 19:00:00,2015,Manchester United,0,1.76061,home,1.76061,0.1583368,0.5133429473479961,15
236,2015-12-12 21:30:00,2015,Manchester United,1,1.96768,away,0.9676800000000001,0.272992,0.8022030978467817,16
246,2015-12-19 19:00:00,2015,Manchester United,1,1.01394,home,0.013940000000000063,0.4202,1.1730761592920995,17
251,2015-12-26 16:45:00,2015,Manchester United,0,1.28961,away,1.28961,0.817594,2.174263115028205,18
267,2015-12-28 21:30:00,2015,Manchester United,0,1.35213,home,1.35213,1.076794,2.8272867110734365,19
275,2016-01-02 19:00:00,2015,Manchester United,2,1.74266,home,-0.2573399999999999,0.673204,1.810489669684953,20
281,2016-01-12 23:45:00,2015,Manchester United,3,2.36216,away,-0.6378400000000002,0.35209999999999997,1.0015063024607713,21
298,2016-01-17 18:05:00,2015,Manchester United,1,0.715703,away,-0.284297,0.29245259999999995,0.8512317668020201,22
303,2016-01-23 19:00:00,2015,Manchester United,0,0.187217,home,0.187217,0.07197399999999998,0.2957621363119811,23
317,2016-02-03 00:00:00,2015,Manchester United,3,2.45272,home,-0.5472800000000002,-0.30790800000000007,-0.6613054165925504,24
330,2016-02-07 20:00:00,2015,Manchester United,1,0.780475,away,-0.21952499999999997,-0.3003450000000001,-0.6422513368977584,25
331,2016-02-13 16:45:00,2015,Manchester United,1,0.908296,away,-0.09170400000000001,-0.19111780000000006,-0.36706638732232744,26
348,2016-02-28 18:05:00,2015,Manchester United,3,1.09522,home,-1.90478,-0.5152144,-1.1835892545986886,27
358,2016-03-03 00:00:00,2015,Manchester United,1,0.786278,home,-0.21372199999999997,-0.5954022,-1.3856128869866355,28
368,2016-03-06 20:00:00,2015,Manchester United,0,0.417622,away,0.417622,-0.40242179999999994,-0.8994217034440152,29
382,2016-03-20 20:00:00,2015,Manchester United,1,0.900312,away,-0.099688,-0.37845439999999997,-0.8390386874877865,30
393,2016-04-03 19:00:00,2015,Manchester United,1,0.998692,home,-0.0013079999999999758,-0.36037519999999995,-0.7934902916636316,31
402,2016-04-10 19:00:00,2015,Manchester United,0,0.341238,away,0.341238,0.0888284,0.3382247940943297,32
406,2016-04-16 18:00:00,2015,Manchester United,1,1.09127,home,0.09126999999999996,0.14982679999999998,0.4919030136969741,33
417,2016-04-20 23:00:00,2015,Manchester United,2,1.46607,home,-0.53393,-0.04048360000000001,0.012438577845097663,34
434,2016-05-01 17:05:00,2015,Manchester United,1,1.18462,home,0.18462,0.016377999999999993,0.15569462147505722,35
437,2016-05-07 15:45:00,2015,Manchester United,1,1.48344,away,0.4834400000000001,0.1133276,0.39994761695016046,36
447,2016-05-10 23:30:00,2015,Manchester United,2,0.635987,away,-1.364013,-0.22772259999999997,-0.45928783071938156,37
460,2016-05-17 23:00:00,2015,Manchester United,3,1.72109,home,-1.27891,-0.5017585999999999,-1.1496889656184979,38
468,2016-08-14 16:30:00,2016,Manchester United,3,1.91105,away,-1.08895,-0.6127625999999999,-1.585044491869532,1
471,2016-08-19 23:00:00,2016,Manchester United,2,1.36553,home,-0.6344700000000001,-0.7765806,-1.9703344773568439,2
488,2016-08-27 20:30:00,2016,Manchester United,1,2.47208,away,1.47208,-0.5788526,-1.505290231605857,3
491,2016-09-10 15:30:00,2016,Manchester United,1,1.01013,home,0.010129999999999972,-0.304024,-0.858910057842911,4
507,2016-09-18 15:00:00,2016,Manchester United,1,1.41359,away,0.4135899999999999,0.03447599999999995,-0.06277861876139916,5
511,2016-09-24 15:30:00,2016,Manchester United,4,2.45604,home,-1.5439600000000002,-0.056526000000000076,-0.2768097951847249,6
527,2016-10-02 15:00:00,2016,Manchester United,1,2.80988,home,1.8098800000000002,0.43234399999999995,0.8729827502326422,7
540,2016-10-17 23:00:00,2016,Manchester United,0,0.537762,away,0.537762,0.24548039999999993,0.4334909133642462,8
550,2016-10-23 19:00:00,2016,Manchester United,0,0.742805,away,0.742805,0.39201539999999996,0.7781323326428559,9
2682,2016-10-29 18:00:00,2016,Manchester United,0,2.72391,home,2.72391,0.8540794,1.864878794290595,10
2695,2016-11-06 19:00:00,2016,Manchester United,3,1.00006,away,-1.99994,0.7628834,1.650391341651075,11
2697,2016-11-19 16:30:00,2016,Manchester United,1,0.511462,home,-0.48853800000000003,0.30319979999999996,0.5692434362148265,12
2716,2016-11-27 20:30:00,2016,Manchester United,1,1.44452,home,0.44452,0.2845514,0.5253835321422486,13
3113,2016-12-04 20:00:00,2016,Manchester United,1,0.541299,away,-0.458701,0.044250199999999996,-0.03979029405867967,14
3122,2016-12-11 18:15:00,2016,Manchester United,1,1.04894,home,0.048939999999999984,-0.4907438,-1.298063685845901,15
3130,2016-12-15 00:00:00,2016,Manchester United,2,1.27306,away,-0.7269399999999999,-0.23614379999999996,-0.6992599505721845,16
3140,2016-12-17 21:30:00,2016,Manchester United,2,0.983306,away,-1.016694,-0.341775,-0.947698116799384,17
3147,2016-12-26 19:00:00,2016,Manchester United,3,2.32117,home,-0.67883,-0.5664449999999999,-1.4761083100591865,18
3159,2016-12-31 15:00:00,2016,Manchester United,2,2.53996,home,0.5399600000000002,-0.36671279999999995,-1.0063503076458444,19
3335,2017-01-02 21:15:00,2016,Manchester United,2,1.64905,away,-0.3509500000000001,-0.44669079999999994,-1.1944537056808848,20
3349,2017-01-15 16:00:00,2016,Manchester United,1,1.03178,home,0.03177999999999992,-0.29494679999999995,-0.8375610348035291,21
3354,2017-01-21 18:00:00,2016,Manchester United,1,1.74295,away,0.74295,0.056982000000000047,-0.009845873804328024,22
3368,2017-02-01 23:00:00,2016,Manchester United,0,1.48151,home,1.48151,0.4890500000000001,1.0063518178384214,23
3379,2017-02-05 16:00:00,2016,Manchester United,3,1.98688,away,-1.01312,0.17843400000000004,0.2758018530474527,24
3381,2017-02-11 15:00:00,2016,Manchester United,2,2.627,home,0.6269999999999998,0.374024,0.7358176526632663,25
3402,2017-03-04 12:30:00,2016,Manchester United,1,2.5377,home,1.5377,0.675208,1.4441841263658544,26
3425,2017-03-19 12:00:00,2016,Manchester United,3,2.47484,away,-0.5251600000000001,0.421586,0.8476805876871802,27
3436,2017-04-01 15:00:00,2016,Manchester United,0,0.986683,home,0.986683,0.3226206,0.6149199781708509,28
3446,2017-04-04 20:00:00,2016,Manchester United,1,1.67424,home,0.67424,0.6600925999999999,1.408633623694384,29
3452,2017-04-09 13:30:00,2016,Manchester United,3,1.6943,away,-1.3057,0.27355260000000003,0.4995150226232834,30
3460,2017-04-16 16:00:00,2016,Manchester United,2,0.807128,home,-1.192872,-0.27256179999999997,-0.7849128744967651,31
3472,2017-04-23 14:15:00,2016,Manchester United,2,2.24747,away,0.24746999999999986,-0.1180358,-0.421477108601611,32
3398,2017-04-27 20:00:00,2016,Manchester United,0,0.421251,away,0.421251,-0.2311222,-0.6874494523905251,33
3482,2017-04-30 12:00:00,2016,Manchester United,1,1.99224,home,0.99224,-0.16752219999999998,-0.5378661155350328,34
3490,2017-05-07 16:00:00,2016,Manchester United,0,0.576173,away,0.576173,0.20885240000000005,0.3473440821953318,35
3507,2017-05-14 16:30:00,2016,Manchester United,1,1.03696,away,0.036960000000000104,0.4548188000000001,0.9258421146848408,36
3412,2017-05-17 19:45:00,2016,Manchester United,0,0.45805,away,0.45805,0.4969348000000001,1.0248963885056885,37
3516,2017-05-21 15:00:00,2016,Manchester United,2,1.0386,home,-0.9614,0.22040460000000012,0.37451415490008066,38
7128,2017-08-13 16:00:00,2017,Manchester United,4,2.63853,home,-1.3614700000000002,-0.25033739999999993,-0.008364033097381443,1
7129,2017-08-19 12:30:00,2017,Manchester United,4,3.41021,away,-0.5897899999999998,-0.4835299999999999,-0.7680238680554112,2
7145,2017-08-26 17:30:00,2017,Manchester United,2,2.73725,home,0.73725,-0.34347199999999994,-0.3117639474380687,3
7155,2017-09-09 17:30:00,2017,Manchester United,2,1.96635,away,-0.03364999999999996,-0.441812,-0.6321212322308652,4
7168,2017-09-17 16:00:00,2017,Manchester United,4,3.28722,home,-0.71278,-0.39208799999999994,-0.4701378518257704,5
7172,2017-09-23 15:00:00,2017,Manchester United,1,1.07247,away,0.07247000000000003,-0.10529999999999991,0.4641170291093171,6
7180,2017-09-30 15:00:00,2017,Manchester United,4,3.47508,home,-0.5249199999999998,-0.09232599999999991,0.5063817780711002,7
7193,2017-10-14 12:30:00,2017,Manchester United,0,0.230358,away,0.230358,-0.1937043999999999,0.17612645001905597,8
7201,2017-10-21 15:00:00,2017,Manchester United,1,0.807135,away,-0.19286499999999995,-0.2255473999999999,0.07239310631703216,9
7218,2017-10-28 12:30:00,2017,Manchester United,1,0.943496,home,-0.056504,-0.09429219999999991,0.49997658696514535,10
7219,2017-11-05 16:30:00,2017,Manchester United,0,0.773586,away,0.773586,0.0459310000000001,0.9567746713352618,11
7232,2017-11-18 17:30:00,2017,Manchester United,4,2.57424,home,-1.42576,-0.1342369999999999,0.3698504158283618,12
7243,2017-11-25 15:00:00,2017,Manchester United,1,1.50148,home,0.5014799999999999,-0.08001259999999992,0.5464945235517552,13
7251,2017-11-28 20:00:00,2017,Manchester United,4,1.63491,away,-2.36509,-0.5144575999999998,-0.8687751590983,14
7266,2017-12-02 17:30:00,2017,Manchester United,3,2.06831,away,-0.9316900000000001,-0.6894948,-1.4389850648307965,15
7276,2017-12-10 16:30:00,2017,Manchester United,1,1.43756,home,0.43755999999999995,-0.7566999999999999,-1.6579160735348522,16
7283,2017-12-13 20:00:00,2017,Manchester United,1,1.24043,home,0.24042999999999992,-0.42346199999999995,-0.572343357755089,17
7295,2017-12-17 14:15:00,2017,Manchester United,2,0.898984,away,-1.101016,-0.7439612,-1.6164175238143066,18
7302,2017-12-23 19:45:00,2017,Manchester United,2,2.15281,away,0.1528100000000001,-0.24038119999999993,0.024069780191758677,19
7314,2017-12-26 15:00:00,2017,Manchester United,2,1.80763,home,-0.19236999999999993,-0.0925171999999999,0.5057589154226115,20
7324,2017-12-30 17:30:00,2017,Manchester United,0,1.87247,home,1.87247,0.19446480000000013,1.4406457804257262,21
7333,2018-01-01 17:30:00,2017,Manchester United,2,1.26247,away,-0.73753,-0.0011271999999998617,0.8034755338608226,22
7344,2018-01-15 20:00:00,2017,Manchester United,3,1.9485,home,-1.0515,0.008776000000000117,0.8357366917086974,23
7351,2018-01-20 15:00:00,2017,Manchester United,1,0.860828,away,-0.13917199999999996,-0.0496203999999999,0.6455016688728823,24
7367,2018-01-31 20:00:00,2017,Manchester United,0,0.817997,away,0.817997,0.1524530000000001,1.3037860470796006,25
7376,2018-02-03 15:00:00,2017,Manchester United,2,1.63389,home,-0.36610999999999994,-0.29526299999999994,-0.15471590653329012,26
7383,2018-02-11 14:15:00,2017,Manchester United,0,1.71995,away,1.71995,0.1962330000000001,1.4464059568643128,27
7393,2018-02-25 14:05:00,2017,Manchester United,2,1.30036,home,-0.69964,0.2666050000000001,1.6756532910664552,28
7401,2018-03-05 20:00:00,2017,Manchester United,3,1.25439,away,-1.74561,-0.054682599999999935,0.6290107938771724,29
7414,2018-03-10 12:30:00,2017,Manchester United,2,0.845051,home,-1.154949,-0.4492717999999999,-0.6564226484714314,30
7435,2018-03-31 15:00:00,2017,Manchester United,2,2.14368,home,0.1436799999999998,-0.34731379999999995,-0.3242791865749099,31
7445,2018-04-07 16:30:00,2017,Manchester United,3,1.21683,away,-1.78317,-1.0479378000000001,-2.606666844706578,32
7453,2018-04-15 15:00:00,2017,Manchester United,0,0.639748,home,0.639748,-0.7800602,-1.734015425214908,33
7463,2018-04-18 18:45:00,2017,Manchester United,2,1.61597,away,-0.3840300000000001,-0.5077442,-0.8469052526947215,34
7473,2018-04-29 15:30:00,2017,Manchester United,2,1.54667,home,-0.45333,-0.3674204,-0.3897794487511846,35
7484,2018-05-04 20:00:00,2017,Manchester United,0,0.652444,away,0.652444,-0.2656675999999999,-0.05830445660084407,36
7428,2018-05-10 19:45:00,2017,Manchester United,0,0.596075,away,0.596075,0.2101814000000001,1.4918449598255072,37
7496,2018-05-13 15:00:00,2017,Manchester United,1,0.45805,home,-0.5419499999999999,-0.02615819999999991,0.7219333008361276,38
9197,2018-08-10 22:00:00,2018,Manchester United,2,1.5137,home,-0.48629999999999995,-0.04661219999999988,-0.17525521170885475,1
9215,2018-08-19 18:00:00,2018,Manchester United,2,1.56579,away,-0.43421,-0.042788199999999874,-0.1675041891456536,2
9226,2018-08-27 22:00:00,2018,Manchester United,0,1.40321,home,1.40321,0.10736500000000013,0.13684749525205966,3
9232,2018-09-02 15:00:00,2018,Manchester United,2,2.90359,away,0.9035899999999999,0.1688680000000001,0.2615104504572271,4
9243,2018-09-15 16:30:00,2018,Manchester United,2,1.64902,away,-0.35098000000000007,0.20706200000000008,0.33892743680108295,5
9248,2018-09-22 14:00:00,2018,Manchester United,1,0.62283,home,-0.37717,0.22888800000000006,0.3831674520898979,6
9257,2018-09-29 11:30:00,2018,Manchester United,1,0.865739,away,-0.13426099999999996,0.2888778000000001,0.5047632401029535,7
9273,2018-10-06 16:30:00,2018,Manchester United,3,2.40631,home,-0.59369,-0.11050219999999995,-0.30475647519288257,8
9277,2018-10-20 11:30:00,2018,Manchester United,2,1.11454,away,-0.8854599999999999,-0.4683121999999999,-1.0300162511706557,9
9287,2018-10-28 15:00:00,2018,Manchester United,2,2.51393,home,0.5139300000000002,-0.2953301999999999,-0.679391935002334,10
9297,2018-11-03 12:30:00,2018,Manchester United,2,3.29249,away,1.29249,0.03860180000000013,-0.0025314573415369753,11
9315,2018-11-11 16:30:00,2018,Manchester United,1,0.97089,away,-0.02910999999999997,0.05963200000000013,0.04009551826218501,12
9319,2018-11-24 15:00:00,2018,Manchester United,0,1.34245,home,1.34245,0.44686000000000015,0.8249838459565512,13
9327,2018-12-01 17:30:00,2018,Manchester United,2,0.904803,away,-1.095197,0.4049126000000001,0.7399589390874027,14
9344,2018-12-05 20:00:00,2018,Manchester United,2,1.33679,home,-0.6632100000000001,0.16948460000000004,0.2627602623067222,15
9349,2018-12-08 15:00:00,2018,Manchester United,4,3.15444,home,-0.8455599999999999,-0.2581253999999999,-0.6039799987420342,16
9362,2018-12-16 16:00:00,2018,Manchester United,1,0.658049,away,-0.341951,-0.3206935999999999,-0.7308020515503195,17
9374,2018-12-22 17:30:00,2018,Manchester United,5,2.72523,away,-2.27477,-1.0441375999999998,-2.197180390256516,18
9380,2018-12-26 15:00:00,2018,Manchester United,3,1.79848,home,-1.20152,-1.0654021999999999,-2.240282480841622,19
9390,2018-12-30 16:30:00,2018,Manchester United,4,3.41874,home,-0.5812599999999999,-1.0490122,-2.2070609170835507,20
9399,2019-01-02 20:00:00,2018,Manchester United,2,2.6754,away,0.6753999999999998,-0.7448201999999999,-1.5904816661564363,21
9408,2019-01-13 16:30:00,2018,Manchester United,1,0.957777,away,-0.04222300000000001,-0.6848745999999999,-1.468975468937652,22
9421,2019-01-19 15:00:00,2018,Manchester United,2,2.64005,home,0.64005,-0.10191059999999992,-0.287341808494661,23
9432,2019-01-29 20:00:00,2018,Manchester United,2,3.23417,home,1.2341700000000002,0.3852274000000001,0.7000581991917103,24
9440,2019-02-03 14:05:00,2018,Manchester United,1,1.49717,away,0.4971699999999999,0.6009134000000002,1.1372410058252365,25
9447,2019-02-09 12:30:00,2018,Manchester United,3,2.13209,away,-0.8679100000000002,0.2922514000000001,0.511601328418648,26
9459,2019-02-24 14:05:00,2018,Manchester United,0,0.474869,home,0.474869,0.3956698000000001,0.7212243283794645,27
9471,2019-02-27 20:00:00,2018,Manchester United,3,1.54089,away,-1.45911,-0.024162199999999866,-0.12975038520679774,28
9481,2019-03-02 15:00:00,2018,Manchester United,3,2.54216,home,-0.45784,-0.3625641999999999,-0.815671289347069,29
9496,2019-03-10 16:30:00,2018,Manchester United,0,2.3703,away,2.3703,0.012061800000000122,-0.05632647272526048,30
9509,2019-03-30 15:00:00,2018,Manchester United,2,1.98052,home,-0.019479999999999942,0.18174780000000013,0.2876170457526033,31
9517,2019-04-02 19:45:00,2018,Manchester United,1,2.03847,away,1.0384699999999998,0.29446800000000006,0.5160942459431226,32
9530,2019-04-13 17:30:00,2018,Manchester United,2,2.65125,home,0.6512500000000001,0.7165400000000001,1.3716093074743563,33
9542,2019-04-21 13:30:00,2018,Manchester United,0,0.305982,away,0.305982,0.8693044000000001,1.681253740333636,34
9501,2019-04-24 20:00:00,2018,Manchester United,0,0.514509,home,0.514509,0.49814620000000015,0.9289379498741368,35
9550,2019-04-28 16:30:00,2018,Manchester United,1,1.12483,home,0.12483,0.5270082000000001,0.9874395223686743,36
9561,2019-05-05 13:00:00,2018,Manchester United,1,1.88049,away,0.88049,0.4954122000000002,0.9233962930520154,37
9570,2019-05-12 14:00:00,2018,Manchester United,0,1.89555,home,1.89555,0.7442722000000002,1.4278208419741492,38
11652,2019-08-11 16:30:00,2019,Manchester United,4,2.37442,home,-1.6255799999999998,0.35795980000000016,0.5589732793443593,1
11662,2019-08-19 20:00:00,2019,Manchester United,1,1.14332,away,0.1433199999999999,0.28372200000000014,0.4102014086090408,2
11669,2019-08-24 15:00:00,2019,Manchester United,1,2.23561,home,1.2356099999999999,0.5058780000000002,0.8553999963241321,3
11673,2019-08-31 12:30:00,2019,Manchester United,1,1.90356,away,0.9035599999999999,0.5104920000000002,0.8646464100321456,4
11684,2019-09-14 14:00:00,2019,Manchester United,1,1.10019,home,0.10019,0.1514200000000001,0.145069413290967,5
11700,2019-09-22 13:00:00,2019,Manchester United,0,1.27826,away,1.27826,0.7321880000000001,1.308923161963603,6
11712,2019-09-30 19:00:00,2019,Manchester United,1,1.1335,home,0.13349999999999995,0.7302240000000001,1.3049873239656538,7
11721,2019-10-06 16:30:00,2019,Manchester United,0,0.969204,away,0.969204,0.6769428000000002,1.1982122875418555,8
11729,2019-10-20 16:30:00,2019,Manchester United,1,0.791862,home,-0.20813800000000005,0.4546032000000001,0.7526457671096441,9
11739,2019-10-27 16:30:00,2019,Manchester United,3,4.51232,away,1.5123199999999999,0.7370292,1.318624882389098,10
11745,2019-11-02 12:30:00,2019,Manchester United,0,0.641129,away,0.641129,0.609603,1.0632639455793753,11
11761,2019-11-10 14:00:00,2019,Manchester United,3,3.65299,home,0.65299,0.713501,1.2714745852488984,12
11770,2019-11-24 16:30:00,2019,Manchester United,3,1.33065,away,-1.66935,0.1857902000000001,0.21394697905324767,13
11782,2019-12-01 16:30:00,2019,Manchester United,2,1.84804,home,-0.1519600000000001,0.19702580000000008,0.23646301846758566,14
11788,2019-12-04 19:30:00,2019,Manchester United,2,1.47683,home,-0.5231699999999999,-0.21007219999999988,-0.5793576420666254,15
11797,2019-12-07 17:30:00,2019,Manchester United,2,1.63385,away,-0.36615,-0.41152799999999984,-0.9830732187200306,16
11809,2019-12-15 14:00:00,2019,Manchester United,1,1.48327,home,0.4832700000000001,-0.4454719999999998,-1.0510966835888662,17
11821,2019-12-22 14:00:00,2019,Manchester United,0,1.5309,away,1.5309,0.19457800000000014,0.23155764970415377,18
11829,2019-12-26 17:30:00,2019,Manchester United,4,1.99638,home,-2.0036199999999997,-0.1757539999999998,-0.5105842838277119,19
11835,2019-12-28 19:45:00,2019,Manchester United,2,2.10542,away,0.10542000000000007,-0.05003599999999979,-0.2586465641606048,20
11844,2020-01-01 20:00:00,2019,Manchester United,0,0.715563,away,0.715563,0.1663066000000002,0.1749020232401897,21
11862,2020-01-11 15:00:00,2019,Manchester United,4,3.13456,home,-0.86544,-0.10343539999999982,-0.36565847230098025,22
11865,2020-01-19 16:30:00,2019,Manchester United,0,1.4185,away,1.4185,-0.12591539999999984,-0.41070818624899547,23
11879,2020-01-22 20:15:00,2019,Manchester United,0,1.416,home,1.416,0.5580086000000002,0.9598692408943457,24
11888,2020-02-01 17:30:00,2019,Manchester United,0,1.18608,home,1.18608,0.7741406000000002,1.3929957878255026,25
11896,2020-02-17 20:00:00,2019,Manchester United,2,0.681814,away,-1.3181859999999999,0.36739080000000013,0.5778729168996853,26
11910,2020-02-23 14:00:00,2019,Manchester United,3,2.5042,home,-0.4958,0.4413188000000002,0.7260239512746349,27
11916,2020-03-01 14:00:00,2019,Manchester United,1,1.12561,away,0.12561,0.1827408000000001,0.20783600940408942,28
11932,2020-03-08 16:30:00,2019,Manchester United,2,1.7389,home,-0.2611000000000001,-0.1526791999999999,-0.46434259613164186,29
11936,2020-06-19 19:15:00,2019,Manchester United,1,1.77307,away,0.7730699999999999,-0.2352811999999999,-0.6298762470005896,30
11950,2020-06-24 17:00:00,2019,Manchester United,3,2.8416,home,-0.15839999999999987,-0.003323999999999927,-0.16503614432343053,31
11956,2020-06-30 19:15:00,2019,Manchester United,3,1.20903,away,-1.79097,-0.2623579999999999,-0.6841379060142737,32
11967,2020-07-04 14:00:00,2019,Manchester United,5,2.63259,home,-2.36741,-0.7609619999999999,-1.683335751803248,33
11974,2020-07-09 19:15:00,2019,Manchester United,3,2.86531,away,-0.13468999999999998,-0.7356799999999999,-1.6326708555384026,34
11987,2020-07-13 19:00:00,2019,Manchester United,2,1.5033,home,-0.4966999999999999,-0.9896339999999997,-2.141592343792594,35
11996,2020-07-16 19:15:00,2019,Manchester United,2,1.90448,away,-0.09552000000000005,-0.9770579999999999,-2.1163901550643813,36
12007,2020-07-22 17:00:00,2019,Manchester United,1,0.984161,home,-0.015839000000000047,-0.6220317999999999,-1.4049209044393451,37
12018,2020-07-26 15:00:00,2019,Manchester United,2,1.41019,away,-0.58981,-0.2665117999999998,-0.6924620831404863,38
14098,2020-09-19 16:30:00,2020,Manchester United,1,1.09737,home,0.09736999999999996,-0.22009979999999985,0.11494392717974133,1
14106,2020-09-26 11:30:00,2020,Manchester United,3,1.57583,away,-1.42417,-0.4055937999999998,-0.33366766775489765,2
14471,2020-10-04 15:30:00,2020,Manchester United,1,0.873435,home,-0.12656500000000004,-0.4118027999999998,-0.3486839453323351,3
14481,2020-10-17 19:00:00,2020,Manchester United,4,2.21729,away,-1.7827099999999998,-0.7651769999999998,-1.2033086958404493,4
14491,2020-10-24 16:30:00,2020,Manchester United,0,0.648427,home,0.648427,-0.5175295999999998,-0.6043809941605215,5
14500,2020-11-01 16:30:00,2020,Manchester United,0,0.394113,home,0.394113,-0.45818099999999984,-0.46084821087298705,6
14509,2020-11-07 12:30:00,2020,Manchester United,3,1.59642,away,-1.40358,-0.4540629999999998,-0.4508889531722481,7
14520,2020-11-21 20:00:00,2020,Manchester United,1,2.42994,home,1.4299400000000002,-0.14276199999999975,0.3019830433060644,8
14534,2020-11-29 14:00:00,2020,Manchester United,3,2.47547,away,-0.5245299999999999,0.10887400000000028,0.9105570527240126,9
14544,2020-12-05 17:30:00,2020,Manchester United,3,1.78708,away,-1.21292,-0.2633953999999997,0.010234835944164402,10
14549,2020-12-12 17:30:00,2020,Manchester United,0,0.591617,home,0.591617,-0.22389459999999978,0.1057663188449276,11
14560,2020-12-17 20:00:00,2020,Manchester United,3,1.78667,away,-1.21333,-0.18584459999999975,0.19778908608949095,12
14570,2020-12-20 16:30:00,2020,Manchester United,6,4.77743,home,-1.2225700000000002,-0.7163465999999998,-1.0852138592134082,13
14579,2020-12-26 12:30:00,2020,Manchester United,2,2.08423,away,0.0842299999999998,-0.5945946,-0.7907603517873883,14
14592,2020-12-29 20:00:00,2020,Manchester United,1,1.48207,home,0.48207,-0.2555965999999999,0.029095996448418916,15
14596,2021-01-01 20:00:00,2020,Manchester United,2,2.46473,home,0.46472999999999987,-0.2809739999999999,-0.03227847328803783,16
14088,2021-01-12 22:15:00,2020,Manchester United,1,1.23996,away,0.23995999999999995,0.009684000000000114,0.670669055799223,17
14620,2021-01-17 16:30:00,2020,Manchester United,0,1.18929,away,1.18929,0.49205600000000016,1.837271060563861,18
14607,2021-01-20 20:15:00,2020,Manchester United,2,1.68401,away,-0.31599,0.41201200000000016,1.6436870820796607,19
14628,2021-01-27 20:15:00,2020,Manchester United,1,0.9931,home,-0.006900000000000017,0.31421800000000016,1.4071752686784826,20
14635,2021-01-30 17:30:00,2020,Manchester United,0,1.51332,away,1.51332,0.5239360000000002,1.9143718705443253,21
14651,2021-02-02 20:15:00,2020,Manchester United,9,5.0325,home,-3.9675000000000002,-0.31755599999999984,-0.12075092719974896,22
14660,2021-02-06 20:00:00,2020,Manchester United,3,1.71769,home,-1.28231,-0.8118759999999998,-1.3162488064200517,23
14673,2021-02-14 14:00:00,2020,Manchester United,1,0.423885,away,-0.5761149999999999,-0.8639009999999999,-1.4420696859443198,24
14681,2021-02-21 19:00:00,2020,Manchester United,3,1.7256,home,-1.2744,-1.1174009999999999,-2.055151722645944,25
14685,2021-02-28 16:30:00,2020,Manchester United,0,0.35954,away,0.35954,-1.3481569999999998,-2.613228087384089,26
14717,2021-03-03 20:15:00,2020,Manchester United,0,0.584016,away,0.584016,-0.43785379999999974,-0.4116874961730213,27
14700,2021-03-07 16:30:00,2020,Manchester United,2,2.11411,away,0.11411000000000016,-0.15856979999999968,0.26375235999335483,28
14711,2021-03-14 19:15:00,2020,Manchester United,1,1.70128,home,0.7012799999999999,0.09690920000000029,0.881620547979525,29
14731,2021-04-04 18:30:00,2020,Manchester United,2,1.73474,home,-0.26526000000000005,0.29873720000000026,1.3697354249160747,30
14742,2021-04-11 15:30:00,2020,Manchester United,3,2.09737,away,-0.9026299999999998,0.04630320000000032,0.7592314767790423,31
14751,2021-04-18 15:00:00,2020,Manchester United,3,2.87455,home,-0.12544999999999984,-0.09558999999999966,0.4160670899935952,32
14758,2021-04-25 13:00:00,2020,Manchester United,0,1.11635,away,1.11635,0.1048580000000003,0.900844478919698,33
14776,2021-05-09 13:05:00,2020,Manchester United,3,1.88793,away,-1.11207,-0.25781199999999965,0.02373811895686614,34
14788,2021-05-11 17:00:00,2020,Manchester United,1,0.212874,home,-0.787126,-0.36218519999999965,-0.22868528945759511,35
14770,2021-05-13 19:15:00,2020,Manchester United,2,1.71328,home,-0.2867200000000001,-0.2390031999999997,0.06922662945751103,36
14800,2021-05-18 17:00:00,2020,Manchester United,1,0.92243,home,-0.07757000000000003,-0.22942719999999978,0.09238589408652365,37
14814,2021-05-23 15:00:00,2020,Manchester United,2,2.05229,away,0.05229000000000017,-0.44223919999999967,-0.4222934526375233,38
16377,2021-08-14 11:30:00,2021,Manchester United,5,1.64248,home,-3.35752,-0.8913291999999998,-2.137859364379045,1
16392,2021-08-22 13:00:00,2021,Manchester United,1,2.26173,away,1.26173,-0.4815579999999998,-1.1340952319374031,2
16405,2021-08-29 15:30:00,2021,Manchester United,1,0.944083,away,-0.055916999999999994,-0.4353973999999997,-1.0210215102800837,3
16410,2021-09-11 14:00:00,2021,Manchester United,4,2.77326,home,-1.22674,-0.6652313999999997,-1.5840164831224706,4
16424,2021-09-19 13:00:00,2021,Manchester United,2,1.8954,away,-0.10460000000000003,-0.6966093999999997,-1.6608791590444334,5
16431,2021-09-25 11:30:00,2021,Manchester United,0,1.9251,home,1.9251,0.3599146000000003,0.9271526408081998,6
16442,2021-10-02 11:30:00,2021,Manchester United,1,1.0496,home,0.04960000000000009,0.1174886000000003,0.33331265505200824,7
16450,2021-10-16 14:00:00,2021,Manchester United,2,1.02494,away,-0.97506,-0.0663399999999997,-0.11698876973568209,8
16463,2021-10-24 15:30:00,2021,Manchester United,0,1.35584,home,1.35584,0.45017600000000024,1.1482544553426717,9
16473,2021-10-30 16:30:00,2021,Manchester United,3,1.38612,away,-1.61388,0.14832000000000028,0.4088363948193741,10
16483,2021-11-06 12:30:00,2021,Manchester United,0,0.759561,home,0.759561,-0.08478779999999972,-0.16217798743194026,11
16494,2021-11-20 15:00:00,2021,Manchester United,1,1.66794,away,0.66794,0.03888020000000025,0.1407557051525873,12
16500,2021-11-28 16:30:00,2021,Manchester United,1,0.563367,away,-0.43663300000000005,0.14656560000000027,0.4045388653835435,13
16512,2021-12-02 20:15:00,2021,Manchester United,3,1.85597,home,-1.14403,-0.3534083999999998,-0.8201835366627145,14
16519,2021-12-05 14:00:00,2021,Manchester United,1,0.870376,home,-0.12962399999999996,-0.05655719999999977,-0.0930250949951195,15
16535,2021-12-11 17:30:00,2021,Manchester United,1,2.09817,away,1.09817,0.011164600000000214,0.072864342389417,16
16561,2021-12-27 20:00:00,2021,Manchester United,1,1.75587,away,0.75587,0.028750600000000247,0.11594251877936032,17
16574,2021-12-30 20:15:00,2021,Manchester United,3,1.80776,home,-1.19224,-0.12237079999999974,-0.2542402587422574,18
16583,2022-01-03 17:30:00,2021,Manchester United,0,0.768752,home,0.768752,0.2601856000000003,0.6828592566848829,19
16586,2022-01-15 17:30:00,2021,Manchester United,2,1.35378,away,-0.64622,0.15686640000000027,0.4297714185143025,20
16537,2022-01-19 20:00:00,2021,Manchester United,3,2.05969,away,-0.9403100000000002,-0.25082959999999976,-0.5689093617355728,21
16603,2022-01-22 15:00:00,2021,Manchester United,1,1.75857,home,0.75857,-0.2502895999999998,-0.5675865927573761,22
16608,2022-02-08 20:00:00,2021,Manchester United,1,1.83387,away,0.8338699999999999,0.15493240000000016,0.42503394591461213,23
16621,2022-02-12 12:30:00,2021,Manchester United,1,2.99207,home,1.99207,0.3995960000000002,1.0243550943849022,24
16549,2022-02-15 20:15:00,2021,Manchester United,2,2.74936,home,0.7493599999999998,0.6787120000000002,1.7080698834930226,25
16630,2022-02-20 14:00:00,2021,Manchester United,4,2.60999,away,-1.3900100000000002,0.5887720000000002,1.4877553614577959,26
16643,2022-02-26 15:00:00,2021,Manchester United,0,2.41457,home,2.41457,0.9199720000000002,2.2990536680851816,27
16650,2022-03-06 16:30:00,2021,Manchester United,1,0.361782,away,-0.638218,0.6255544000000002,1.5778565052793272,28
16663,2022-03-12 17:30:00,2021,Manchester United,3,1.0181,home,-1.9819,-0.16923959999999982,-0.36904876741876014,29
16679,2022-04-02 16:30:00,2021,Manchester United,1,0.902127,home,-0.09787299999999999,-0.3386861999999998,-0.7841204450871417,30
16692,2022-04-09 11:30:00,2021,Manchester United,0,0.762357,away,0.762357,0.09178720000000025,0.2703552205775121,31
16702,2022-04-16 14:00:00,2021,Manchester United,3,1.66737,home,-1.33263,-0.6576527999999997,-1.5654521553851326,32
16669,2022-04-19 19:00:00,2021,Manchester United,0,0.110227,away,0.110227,-0.5079637999999997,-1.1987781450567911,33
16715,2022-04-23 11:30:00,2021,Manchester United,1,2.04244,away,1.04244,0.0969042000000003,0.2828896814320181,34
16742,2022-04-28 18:45:00,2021,Manchester United,1,0.618456,home,-0.381544,0.0401700000000003,0.14391516335273236,35
16722,2022-05-02 19:00:00,2021,Manchester United,3,1.84111,home,-1.15889,-0.3440793999999997,-0.7973314777782732,36
16733,2022-05-07 16:30:00,2021,Manchester United,0,0.930715,away,0.930715,0.10858960000000031,0.31151391220576097,37
16751,2022-05-22 15:00:00,2021,Manchester United,0,0.782005,away,0.782005,0.2429452000000003,0.6406276524409856,38
18209,2022-08-07 13:00:00,2022,Manchester United,1,1.42103,home,0.42103,0.11866320000000027,-0.4891059084964741,1
18218,2022-08-13 16:30:00,2022,Manchester United,0,0.896038,away,0.896038,0.3741796000000003,0.07778978322917898,2
18231,2022-08-22 19:00:00,2022,Manchester United,2,2.01764,home,0.0176400000000001,0.6094856000000003,0.5998461273119718,3
18232,2022-08-27 11:30:00,2022,Manchester United,1,1.34359,away,0.34359000000000006,0.4920606000000004,0.33932380232271575,4
18251,2022-09-01 19:00:00,2022,Manchester United,1,1.09969,away,0.09969000000000006,0.3555976000000003,0.03656324847976141,5
18261,2022-09-04 15:30:00,2022,Manchester United,3,2.02904,home,-0.9709599999999998,0.07719960000000034,-0.5810981884575088,6
18289,2022-10-02 13:00:00,2022,Manchester United,3,1.71335,away,-1.28665,-0.3593379999999996,-1.549612478406242,7
18297,2022-10-09 18:00:00,2022,Manchester United,2,1.82612,away,-0.17388000000000003,-0.3976419999999997,-1.6345947831657779,8
18308,2022-10-16 13:00:00,2022,Manchester United,0,1.41606,home,1.41606,-0.1831479999999997,-1.1587125129827203,9
18321,2022-10-19 19:15:00,2022,Manchester United,2,1.70973,home,-0.29027000000000003,-0.2611399999999997,-1.3317477028533786,10
18323,2022-10-22 15:30:00,2022,Manchester United,1,0.730935,away,-0.269065,-0.12076099999999974,-1.0202990040271764,11
18340,2022-10-30 16:15:00,2022,Manchester United,1,1.7514,home,0.7514000000000001,0.2868490000000003,-0.11596428068145967,12
18342,2022-11-06 14:00:00,2022,Manchester United,1,0.517189,away,-0.482811,0.22506280000000028,-0.253044838282066,13
18354,2022-11-13 16:30:00,2022,Manchester United,2,3.37664,away,1.37664,0.21717880000000028,-0.27053649687448916,14
18370,2022-12-27 20:00:00,2022,Manchester United,3,2.13668,home,-0.8633199999999999,0.10256880000000032,-0.5248133856717526,15
18381,2022-12-31 12:30:00,2022,Manchester United,1,2.44728,away,1.4472800000000001,0.44583780000000034,0.23677263073648275,16
18390,2023-01-03 20:00:00,2022,Manchester United,3,2.97383,home,-0.026170000000000027,0.2903238000000003,-0.10825499411665092,17
18397,2023-01-14 12:30:00,2022,Manchester United,2,1.98228,home,-0.017719999999999958,0.38334200000000035,0.09811773511746155,18
18270,2023-01-18 15:30:00,2022,Manchester United,1,1.39437,away,0.3943700000000001,0.18688800000000033,-0.3377404963787221,19
18402,2023-01-22 16:30:00,2022,Manchester United,2,0.272246,away,-1.727754,0.014001200000000314,-0.7213118917029935,20
18417,2023-02-04 15:00:00,2022,Manchester United,2,2.07035,home,0.07034999999999991,-0.26138479999999975,-1.332290822846203,21
18279,2023-02-08 19:00:00,2022,Manchester United,2,2.00007,home,7.00000000000145e-05,-0.2561367999999997,-1.320647466137294,22
18426,2023-02-12 14:00:00,2022,Manchester United,2,1.30375,away,-0.69625,-0.3918427999999997,-1.621728519022046,23
18437,2023-02-19 14:00:00,2022,Manchester United,3,4.24663,home,1.2466299999999997,-0.22139079999999983,-1.2435590377440502,24
18457,2023-03-05 16:30:00,2022,Manchester United,0,0.837542,away,0.837542,0.29166840000000016,-0.10527182768547767,25
18468,2023-03-12 14:00:00,2022,Manchester United,0,0.910911,home,0.910911,0.4597806000000002,0.2677065091513021,26
18489,2023-04-02 15:30:00,2022,Manchester United,0,0.334127,away,0.334127,0.5265920000000002,0.4159361132712697,27
18448,2023-04-05 19:00:00,2022,Manchester United,1,1.1445,home,0.14450000000000007,0.6947420000000002,0.7889983142245884,28
18498,2023-04-08 11:30:00,2022,Manchester United,2,4.38578,home,2.3857799999999996,0.9225720000000003,1.2944681997029985,29
18507,2023-04-16 15:30:00,2022,Manchester United,2,3.33747,away,1.3374700000000002,1.0225576000000003,1.5162989936348341,30
18525,2023-04-27 19:15:00,2022,Manchester United,2,1.96508,away,-0.03492000000000006,0.8333914000000003,1.0966096750622758,31
18540,2023-04-30 13:00:00,2022,Manchester United,1,1.3056,home,0.3056000000000001,0.8276860000000003,1.0839515181706962,32
18475,2023-05-04 19:00:00,2022,Manchester United,0,1.32105,away,1.32105,1.0629960000000003,1.606016736763176,33
18550,2023-05-07 18:00:00,2022,Manchester United,0,1.1942,away,1.1942,0.8246800000000004,1.0772823241411653,34
18560,2023-05-13 14:00:00,2022,Manchester United,2,3.10118,home,1.1011799999999998,0.7774220000000003,0.9724344294480225,35
18562,2023-05-20 14:00:00,2022,Manchester United,1,1.71783,away,0.71783,0.9279720000000002,1.3064487877800006,36
18520,2023-05-25 19:00:00,2022,Manchester United,4,4.92231,home,0.9223100000000004,1.0513140000000003,1.580098731223261,37
18580,2023-05-28 15:30:00,2022,Manchester United,2,2.74766,home,0.7476600000000002,0.9366360000000004,1.3256709757613243,38
22284,2023-08-14 19:00:00,2023,Manchester United,1,1.97087,home,0.9708699999999999,0.8919700000000003,1.3205860654126391,1
22290,2023-08-19 16:30:00,2023,Manchester United,0,2.44604,away,2.44604,1.1609420000000004,1.811471399996547,2
22300,2023-08-26 14:00:00,2023,Manchester United,3,3.02803,home,0.02803000000000022,1.0229820000000003,1.5596885350173078,3
21934,2023-09-03 15:30:00,2023,Manchester United,1,0.966109,away,-0.033891000000000004,0.8317418000000003,1.2106670399810462,4
21940,2023-09-16 14:00:00,2023,Manchester United,1,0.719951,home,-0.280049,0.6262000000000003,0.8355445169527065,5
21950,2023-09-23 19:00:00,2023,Manchester United,1,0.840273,away,-0.15972699999999995,0.40008060000000034,0.4228669991258979,6
21957,2023-09-30 14:00:00,2023,Manchester United,0,1.55408,home,1.55408,0.22168860000000032,0.0972940152945236,7
21972,2023-10-07 14:00:00,2023,Manchester United,2,1.29356,home,-0.70644,0.0747946000000003,-0.1707937794884594,8
21983,2023-10-21 19:00:00,2023,Manchester United,2,1.46187,away,-0.53813,-0.02605319999999971,-0.3548453017474714,9
21992,2023-10-29 15:30:00,2023,Manchester United,0,0.714628,home,0.714628,0.1728822000000003,0.008220260428455636,10
21998,2023-11-04 12:30:00,2023,Manchester United,1,0.697095,away,-0.302905,0.1442466000000003,-0.04404092693309475,11
22012,2023-11-11 15:00:00,2023,Manchester United,1,2.74105,home,1.74105,0.18164060000000032,0.024204712767062285,12
22017,2023-11-26 16:30:00,2023,Manchester United,3,2.07334,away,-0.92666,0.13759660000000032,-0.05617745963903804,13
22032,2023-12-02 20:00:00,2023,Manchester United,0,0.422674,away,0.422674,0.3297574000000003,0.29452416953392907,14
22044,2023-12-06 20:15:00,2023,Manchester United,2,4.03949,home,2.03949,0.5947298000000003,0.7781100640861536,15
22051,2023-12-09 15:00:00,2023,Manchester United,0,1.11296,home,1.11296,0.8779028000000002,1.2949128273854145,16
22060,2023-12-17 16:30:00,2023,Manchester United,0,0.632715,away,0.632715,0.6562358000000003,0.8903611288398,17
22072,2023-12-23 12:30:00,2023,Manchester United,0,0.730496,away,0.730496,0.9876670000000004,1.4952371586999562,18
22082,2023-12-26 20:00:00,2023,Manchester United,3,1.20104,home,-1.79896,0.5433402000000003,0.6843218594026431,19
22091,2023-12-30 17:30:00,2023,Manchester United,1,0.651905,away,-0.34809500000000004,0.0658232000000003,-0.1871669658821586,20
22099,2024-01-14 16:30:00,2023,Manchester United,2,0.923233,home,-1.076767,-0.3721221999999997,-0.9864359388922977,21
22111,2024-02-01 20:15:00,2023,Manchester United,4,3.22698,away,-0.7730199999999998,-0.6532691999999997,-1.4995411660618982,22
22122,2024-02-04 14:00:00,2023,Manchester United,3,0.96721,home,-2.03279,-1.2059263999999996,-2.5081640507198006,23
22125,2024-02-11 16:30:00,2023,Manchester United,2,2.44591,away,0.44591000000000003,-0.7569523999999997,-1.6887674138599227,24
22139,2024-02-18 16:30:00,2023,Manchester United,2,3.58973,away,1.5897299999999999,-0.36938739999999964,-0.9814448126300098,25
22152,2024-02-24 15:00:00,2023,Manchester United,1,1.96036,home,0.9603600000000001,0.03803800000000033,-0.23787613709135796,26
22160,2024-03-03 15:30:00,2023,Manchester United,1,0.153764,away,-0.846236,0.023394800000000292,-0.26460059960559396,27
22172,2024-03-09 12:30:00,2023,Manchester United,2,2.9016,home,0.9016000000000002,0.6102728000000003,0.8064766998528418,28
22187,2024-03-30 20:00:00,2023,Manchester United,1,0.989565,away,-0.010434999999999972,0.5190038000000003,0.6399068948094223,29
22201,2024-04-04 19:15:00,2023,Manchester United,3,1.56686,away,-1.43314,-0.08557019999999964,-0.46346635694440785,30
22211,2024-04-07 14:30:00,2023,Manchester United,2,0.814509,home,-1.1854909999999999,-0.5147403999999997,-1.246720216901736,31
22215,2024-04-13 16:30:00,2023,Manchester United,2,1.52274,away,-0.47726,-0.44094519999999965,-1.1120408397075061,32
22182,2024-04-24 19:00:00,2023,Manchester United,4,3.51311,home,-0.4868899999999998,-0.7186431999999996,-1.6188514952526256,33
22239,2024-04-27 14:00:00,2023,Manchester United,1,3.06197,home,2.06197,-0.3041621999999996,-0.8624060497650935,34
22250,2024-05-06 19:00:00,2023,Manchester United,0,0.341417,away,0.341417,0.0507492000000004,-0.21467765671063804,35
22259,2024-05-12 15:30:00,2023,Manchester United,0,0.551669,home,0.551669,0.39818120000000035,0.41940051337827855,36
22231,2024-05-15 19:00:00,2023,Manchester United,3,1.49706,home,-1.50294,0.1930452000000004,0.04501859260137837,37
22267,2024-05-19 15:00:00,2023,Manchester United,2,1.00404,away,-0.99596,0.09123120000000036,-0.14079628573289418,38
26602,2024-08-16 19:00:00,2024,Manchester United,1,2.04268,home,1.0426799999999998,-0.1126267999999997,-0.7909044968107127,1
26612,2024-08-24 11:30:00,2024,Manchester United,1,1.28556,away,0.28556000000000004,-0.1237981999999997,-0.8144543885915245,2
26631,2024-09-01 15:00:00,2024,Manchester United,0,1.50087,home,1.50087,0.0660420000000003,-0.41426138094273657,3
26632,2024-09-14 11:30:00,2024,Manchester United,3,3.02693,away,0.02693000000000012,0.3720160000000003,0.23074771261242327,4
26649,2024-09-21 16:30:00,2024,Manchester United,0,2.35056,away,2.35056,1.0413200000000002,1.6416753285302552,5
26660,2024-09-29 15:30:00,2024,Manchester United,0,0.600721,home,0.600721,0.9529282000000003,1.4553408203834555,6
26670,2024-10-06 13:00:00,2024,Manchester United,0,0.448537,away,0.448537,0.9855236000000003,1.5240536175755954,7
26675,2024-10-19 14:00:00,2024,Manchester United,2,1.76555,home,-0.23445000000000005,0.6384596000000002,0.7924246685615352,8
26690,2024-10-27 14:00:00,2024,Manchester United,1,2.62598,away,1.6259800000000002,0.9582696000000004,1.4666007691775214,9
26697,2024-11-03 16:30:00,2024,Manchester United,1,2.1605,home,1.1604999999999999,0.7202576000000003,0.9648591036266877,10
26708,2024-11-10 14:00:00,2024,Manchester United,3,1.2369,home,-1.7631,0.24749340000000028,-0.031752399662252864,11
26718,2024-11-24 16:30:00,2024,Manchester United,1,1.26912,away,0.26912,0.2116100000000003,-0.1073964717326811,12
26727,2024-12-01 13:30:00,2024,Manchester United,4,1.76161,home,-2.23839,-0.18917799999999968,-0.9522784047981879,13
26733,2024-12-04 20:15:00,2024,Manchester United,0,0.256083,away,0.256083,-0.4631573999999998,-1.5298412187849535,14
26744,2024-12-07 17:30:00,2024,Manchester United,2,1.4697,home,-0.5303,-0.8013173999999996,-2.2427000730556195,15
26753,2024-12-15 16:30:00,2024,Manchester United,2,2.04662,away,0.046619999999999884,-0.4393733999999997,-1.479703310723759,16
26769,2024-12-22 14:00:00,2024,Manchester United,0,2.28533,home,2.28533,-0.03613139999999966,-0.6296482181231792,17
26781,2024-12-26 17:30:00,2024,Manchester United,0,0.358876,away,0.358876,0.4833218000000003,0.46538612360627213,18
26789,2024-12-30 20:00:00,2024,Manchester United,0,1.00073,home,1.00073,0.6322512000000003,0.7793370387092347,19
26797,2025-01-05 16:30:00,2024,Manchester United,2,1.67469,away,-0.32531,0.6732492000000002,0.8657629533868686,20
26811,2025-01-16 20:00:00,2024,Manchester United,3,3.10847,home,0.10847000000000007,0.6856192000000003,0.8918395562592609,21
26818,2025-01-19 14:00:00,2024,Manchester United,1,1.31823,home,0.31823,0.29219920000000027,0.06248975011079406,22
26826,2025-01-26 19:00:00,2024,Manchester United,1,0.201988,away,-0.7980119999999999,0.060821600000000274,-0.42526625544839836,23
26838,2025-02-02 14:00:00,2024,Manchester United,0,1.50706,home,1.50706,0.1620876000000003,-0.21179226462578982,24
26850,2025-02-16 16:30:00,2024,Manchester United,0,1.42652,away,1.42652,0.5124536000000003,0.5267974719941424,25
26855,2025-02-22 12:30:00,2024,Manchester United,2,0.645685,away,-1.3543150000000002,0.21989660000000028,-0.08992788827573975,26
26871,2025-02-26 19:30:00,2024,Manchester United,3,1.40202,home,-1.59798,-0.16334539999999972,-0.8978219414706732,27
26877,2025-03-09 16:30:00,2024,Manchester United,1,1.31107,home,0.31106999999999996,0.05847100000000025,-0.430221442409744,28
26888,2025-03-16 19:00:00,2024,Manchester United,3,1.13892,away,-1.86108,-0.6151569999999997,-1.8502642750470766,29
26894,2025-04-01 20:00:00,2024,Manchester United,0,1.86688,away,1.86688,-0.5270849999999998,-1.664603921920373,30
26909,2025-04-06 15:30:00,2024,Manchester United,0,1.23317,home,1.23317,-0.009587999999999708,-0.5736933514551877,31
26918,2025-04-13 15:30:00,2024,Manchester United,1,0.786568,away,-0.21343199999999996,0.26732160000000027,0.010046476414898836,32
26929,2025-04-20 13:00:00,2024,Manchester United,0,1.13966,home,1.13966,0.4330396000000003,0.3593886328261429,33
26932,2025-04-27 13:00:00,2024,Manchester United,1,1.91039,away,0.91039,0.9873336000000001,1.5278691916418061,34
26947,2025-05-04 13:00:00,2024,Manchester United,3,1.13404,away,-1.86596,0.24076560000000025,-0.04593495170791827,35
26956,2025-05-11 13:15:00,2024,Manchester United,0,2.31287,home,2.31287,0.45670560000000027,0.40927779075484405,36
26966,2025-05-16 19:15:00,2024,Manchester United,0,0.337632,away,0.337632,0.5669184000000003,0.6416121009451743,37
26974,2025-05-25 15:00:00,2024,Manchester United,2,2.96259,home,0.9625900000000001,0.5315044000000002,0.5669575484695965,38
465,2016-08-13 18:00:00,2016,Middlesbrough,1,1.80523,home,0.8052299999999999,,,1
479,2016-08-21 16:30:00,2016,Middlesbrough,2,0.854908,away,-1.145092,,,2
489,2016-08-28 16:30:00,2016,Middlesbrough,0,0.396816,away,0.396816,0.018984666666666632,-0.26224996816516605,3
492,2016-09-10 18:00:00,2016,Middlesbrough,1,0.611959,home,-0.38804099999999997,-0.08277175000000002,-0.6687330058418495,4
506,2016-09-17 20:30:00,2016,Middlesbrough,1,0.178081,away,-0.8219190000000001,-0.23060120000000003,-1.2592624865616409,5
512,2016-09-24 18:00:00,2016,Middlesbrough,1,0.361508,home,-0.6384920000000001,-0.5193456000000001,-2.4127003204489195,6
526,2016-10-01 18:00:00,2016,Middlesbrough,1,0.852603,away,-0.147397,-0.31980660000000005,-1.6156083874589335,7
538,2016-10-16 16:30:00,2016,Middlesbrough,0,0.528576,home,0.528576,-0.2934546,-1.5103409128391743,8
547,2016-10-22 18:00:00,2016,Middlesbrough,0,1.55581,away,1.55581,0.09531559999999994,0.04266672079085949,9
2681,2016-10-29 18:00:00,2016,Middlesbrough,2,1.44317,home,-0.5568299999999999,0.14833339999999998,0.2544551966521021,10
2689,2016-11-05 19:00:00,2016,Middlesbrough,1,0.208762,away,-0.791238,0.11778419999999998,0.13242130413335804,11
2705,2016-11-20 20:00:00,2016,Middlesbrough,0,0.55976,home,0.55976,0.2592156,0.6973927032657576,12
2711,2016-11-26 19:00:00,2016,Middlesbrough,2,0.425252,away,-1.574748,-0.16144920000000001,-0.9830232483669846,13
3114,2016-12-06 00:00:00,2016,Middlesbrough,1,1.94961,home,0.9496100000000001,-0.2826892,-1.4673367206992396,14
3123,2016-12-11 18:15:00,2016,Middlesbrough,0,0.493941,away,0.493941,-0.072535,-0.627840594608781,15
3127,2016-12-14 23:45:00,2016,Middlesbrough,0,0.161583,home,0.161583,0.11802919999999999,0.13339999763980318,16
3136,2016-12-17 19:00:00,2016,Middlesbrough,3,1.71549,home,-1.28451,-0.2508248,-1.3400490416512036,17
3150,2016-12-26 19:00:00,2016,Middlesbrough,0,0.698814,away,0.698814,0.2038876,0.476375746838844,18
3159,2016-12-31 15:00:00,2016,Middlesbrough,1,0.64492,away,-0.35507999999999995,-0.05705039999999999,-0.5659847682010274,19
3330,2017-01-02 16:30:00,2016,Middlesbrough,0,0.697108,home,0.697108,-0.016417000000000015,-0.4036678509570036,20
3341,2017-01-14 19:00:00,2016,Middlesbrough,0,0.325347,away,0.325347,0.016335799999999994,-0.27283130941457623,21
3351,2017-01-21 18:00:00,2016,Middlesbrough,1,0.958825,home,-0.04117499999999996,0.26500280000000004,0.7205106422882027,22
3363,2017-01-31 22:45:00,2016,Middlesbrough,1,1.18135,home,0.1813499999999999,0.16151,0.30709133076240563,23
3377,2017-02-04 17:30:00,2016,Middlesbrough,0,0.50484,away,0.50484,0.333494,0.9941102042826183,24
3382,2017-02-11 15:00:00,2016,Middlesbrough,0,0.651056,home,0.651056,0.32428359999999995,0.9573177199080799,25
3392,2017-02-25 15:00:00,2016,Middlesbrough,0,0.82885,away,0.82885,0.4249841999999999,1.3595831211943015,26
3403,2017-03-04 15:00:00,2016,Middlesbrough,0,0.274611,away,0.274611,0.48814139999999995,1.6118751274198269,27
3425,2017-03-19 12:00:00,2016,Middlesbrough,1,1.09037,home,0.09037000000000006,0.4699454,1.5391881598962565,28
3438,2017-04-02 13:30:00,2016,Middlesbrough,0,0.748206,away,0.748206,0.5186186,1.7336214038876978,29
3442,2017-04-05 19:45:00,2016,Middlesbrough,2,1.30673,away,-0.69327,0.2497534,0.6595943616466363,30
3456,2017-04-08 15:00:00,2016,Middlesbrough,0,0.684683,home,0.684683,0.22092,0.5444145194069065,31
3461,2017-04-17 20:00:00,2016,Middlesbrough,1,1.72075,home,0.72075,0.31014780000000003,0.9008499008533599,32
3471,2017-04-22 15:00:00,2016,Middlesbrough,0,0.2072,away,0.2072,0.3335138,0.9941892986966087,33
3413,2017-04-26 19:45:00,2016,Middlesbrough,1,0.825839,home,-0.174161,0.1490404,0.25727942648498653,34
3483,2017-04-30 14:05:00,2016,Middlesbrough,2,1.17715,home,-0.8228500000000001,0.12312439999999998,0.15375362683996238,35
3493,2017-05-08 20:00:00,2016,Middlesbrough,0,0.0718773,away,0.0718773,0.000563259999999971,-0.3358373603457821,36
3504,2017-05-13 15:00:00,2016,Middlesbrough,1,1.32885,home,0.3288500000000001,-0.07781674000000001,-0.6489393890607453,37
3515,2017-05-21 15:00:00,2016,Middlesbrough,0,0.899691,away,0.899691,0.060681459999999986,-0.0956851482675489,38
87,2015-08-09 16:30:00,2015,Newcastle United,2,1.54613,home,-0.45387,,,1
94,2015-08-15 18:00:00,2015,Newcastle United,0,0.113109,away,0.113109,,,2
101,2015-08-22 15:45:00,2015,Newcastle United,0,0.4384,away,0.4384,0.032546333333333344,0.3442262844211584,3
111,2015-08-29 15:45:00,2015,Newcastle United,0,0.0319694,home,0.0319694,0.03240210000000001,0.3438984508895941,4
130,2015-09-14 23:00:00,2015,Newcastle United,0,0.716599,away,0.716599,0.16924148,0.6549259794484797,5
132,2015-09-19 18:00:00,2015,Newcastle United,1,1.15114,home,0.15114000000000005,0.29024348000000005,0.9299561133959027,6
148,2015-09-26 20:30:00,2015,Newcastle United,2,0.702109,home,-1.297891,0.008043480000000037,0.2885327997319738,7
154,2015-10-03 18:00:00,2015,Newcastle United,1,0.980279,away,-0.01972099999999999,-0.08358071999999997,0.08027660562918659,8
169,2015-10-18 19:00:00,2015,Newcastle United,6,2.24896,home,-3.75104,-0.8401826,-1.6394331214932736,9
177,2015-10-25 16:00:00,2015,Newcastle United,0,1.41744,away,1.41744,-0.7000144,-1.320839388983322,10
184,2015-10-31 19:00:00,2015,Newcastle United,0,1.26075,home,1.26075,-0.4780924000000001,-0.8164242769531083,11
191,2015-11-07 16:45:00,2015,Newcastle United,1,0.504409,away,-0.495591,-0.31763240000000004,-0.4517085260299542,12
205,2015-11-21 19:00:00,2015,Newcastle United,0,0.372387,home,0.372387,-0.23921079999999995,-0.2734610329937132,13
214,2015-11-28 19:00:00,2015,Newcastle United,1,0.791299,away,-0.20870100000000003,0.4692570000000001,1.3368428787716788,14
229,2015-12-06 20:00:00,2015,Newcastle United,2,0.646346,home,-1.3536540000000001,-0.08496179999999995,0.07713749538809883,15
239,2015-12-13 20:00:00,2015,Newcastle United,2,1.55252,away,-0.4474800000000001,-0.42660780000000004,-0.699402934874221,16
247,2015-12-19 21:30:00,2015,Newcastle United,1,1.28189,home,0.28189,-0.27111159999999995,-0.3459695972904186,17
259,2015-12-26 21:30:00,2015,Newcastle United,0,1.35711,home,1.35711,-0.07416700000000001,0.10167341454592782,18
261,2015-12-28 19:00:00,2015,Newcastle United,0,0.456189,away,0.456189,0.05881100000000002,0.40392426289604105,19
273,2016-01-02 19:00:00,2015,Newcastle United,0,1.15339,away,1.15339,0.5602198,1.543595751188933,20
281,2016-01-12 23:45:00,2015,Newcastle United,3,1.81304,home,-1.18696,0.4123238000000001,1.207437202650165,21
293,2016-01-16 19:00:00,2015,Newcastle United,2,1.84261,home,-0.15738999999999992,0.3244678000000001,1.007745896323949,22
307,2016-01-23 19:00:00,2015,Newcastle United,1,1.29267,away,0.29267,0.11157980000000008,0.5238645129104604,23
319,2016-02-03 23:45:00,2015,Newcastle United,0,0.626239,away,0.626239,0.14558980000000007,0.6011671596068113,24
322,2016-02-06 19:00:00,2015,Newcastle United,1,2.41057,home,1.4105699999999999,0.19702580000000008,0.7180780368627215,25
337,2016-02-13 21:30:00,2015,Newcastle United,1,0.430664,away,-0.5693360000000001,0.32055060000000013,0.9988423406744652,26
356,2016-03-02 23:45:00,2015,Newcastle United,0,0.270782,away,0.270782,0.4061850000000001,1.1934840862861673,27
365,2016-03-05 19:00:00,2015,Newcastle United,1,0.833931,home,-0.16606900000000002,0.3144372000000001,0.9849469569545748,28
373,2016-03-14 00:00:00,2015,Newcastle United,0,0.518715,away,0.518715,0.2929324000000001,0.93606786384444,29
381,2016-03-20 17:30:00,2015,Newcastle United,1,0.940593,home,-0.05940699999999999,-0.001062999999999903,0.26783432851505584,30
387,2016-04-02 18:00:00,2015,Newcastle United,2,1.46835,away,-0.53165,0.006474200000000119,0.28496592241919394,31
396,2016-04-09 18:00:00,2015,Newcastle United,1,0.165982,away,-0.834018,-0.2144857999999999,-0.21726262253892697,32
408,2016-04-16 18:00:00,2015,Newcastle United,3,1.5024,home,-1.4976,-0.48079199999999994,-0.822560302387435,33
415,2016-04-19 22:45:00,2015,Newcastle United,1,0.455246,home,-0.544754,-0.6934858,-1.3060002810967655,34
423,2016-04-23 18:00:00,2015,Newcastle United,2,0.253033,away,-1.746967,-1.0309978,-2.0731443825898195,35
428,2016-04-30 18:00:00,2015,Newcastle United,1,0.53407,home,-0.46592999999999996,-1.0178538,-2.043268875733694,36
440,2016-05-07 18:00:00,2015,Newcastle United,0,1.09626,away,1.09626,-0.6317981999999999,-1.1657881450089729,37
454,2016-05-15 18:00:00,2015,Newcastle United,5,2.42808,home,-2.57192,-0.8466621999999997,-1.6541608553813552,38
7127,2017-08-13 13:30:00,2017,Newcastle United,0,0.634633,home,0.634633,-0.6107847999999998,-1.9194654844950236,1
7136,2017-08-20 13:30:00,2017,Newcastle United,0,0.973322,away,0.973322,-0.06672699999999984,-0.44128599557286113,2
7142,2017-08-26 15:00:00,2017,Newcastle United,3,2.76107,home,-0.23892999999999986,-0.02132699999999983,-0.3179363279510273,3
7157,2017-09-10 16:00:00,2017,Newcastle United,1,1.03177,away,0.031770000000000076,-0.23422499999999982,-0.8963701944125512,4
7163,2017-09-16 15:00:00,2017,Newcastle United,2,2.6598,home,0.6598000000000002,0.41211900000000024,0.8597160956616031,5
7177,2017-09-24 16:00:00,2017,Newcastle United,0,1.37001,away,1.37001,0.5591944000000002,1.2593130495238996,6
7188,2017-10-01 16:30:00,2017,Newcastle United,1,0.280437,home,-0.719563,0.2206174000000002,0.33941524303936993,7
7195,2017-10-15 16:00:00,2017,Newcastle United,2,0.950997,away,-1.049003,0.0586028000000002,-0.10077081554839153,8
7203,2017-10-21 15:00:00,2017,Newcastle United,1,0.270313,home,-0.729687,-0.09368859999999982,-0.5145393964220425,9
7212,2017-10-30 20:00:00,2017,Newcastle United,0,0.516369,away,0.516369,-0.12237479999999985,-0.5924784544690349,10
7222,2017-11-04 15:00:00,2017,Newcastle United,0,0.676091,home,0.676091,-0.2611585999999998,-0.9695475205768558,11
7232,2017-11-18 17:30:00,2017,Newcastle United,1,1.08708,away,0.08708000000000005,-0.09982999999999986,-0.5312252917685786,12
7242,2017-11-25 15:00:00,2017,Newcastle United,0,0.86002,home,0.86002,0.28197460000000013,0.50611987357255,13
7252,2017-11-28 20:00:00,2017,Newcastle United,2,1.1342,away,-0.8657999999999999,0.2547520000000001,0.43215734798219446,14
7259,2017-12-02 12:30:00,2017,Newcastle United,1,0.519549,away,-0.48045099999999996,0.055388000000000145,-0.10950527615347254,15
7277,2017-12-09 17:30:00,2017,Newcastle United,2,0.964657,home,-1.0353430000000001,-0.2868987999999999,-1.0394824349935856,16
7284,2017-12-13 19:45:00,2017,Newcastle United,0,0.570658,home,0.570658,-0.1901831999999999,-0.7767106923978536,17
7289,2017-12-16 15:00:00,2017,Newcastle United,0,0.286547,away,0.286547,-0.30487779999999987,-1.0883305335436506,18
7300,2017-12-23 15:00:00,2017,Newcastle United,3,1.90622,away,-1.09378,-0.35047379999999995,-1.212212723959623,19
7315,2017-12-27 19:45:00,2017,Newcastle United,0,0.174705,home,0.174705,-0.2194426,-0.8562071079223976,20
7325,2017-12-30 15:00:00,2017,Newcastle United,0,0.504379,home,0.504379,0.08850180000000005,-0.01953663686501724,21
7337,2018-01-01 15:00:00,2017,Newcastle United,1,2.02028,away,1.02028,0.17842620000000006,0.2247837343044286,22
7345,2018-01-13 15:00:00,2017,Newcastle United,1,1.8273,home,0.8272999999999999,0.2865768000000001,0.5186238348132812,23
7354,2018-01-20 17:30:00,2017,Newcastle United,1,0.992018,away,-0.007982000000000045,0.5037364,1.1086362683130695,24
7364,2018-01-31 19:45:00,2017,Newcastle United,1,2.52275,home,1.5227499999999998,0.7733454,1.8411512581336644,25
7373,2018-02-04 14:15:00,2017,Newcastle United,1,1.14408,away,0.14407999999999999,0.7012856,1.6453681660875008,26
7383,2018-02-11 14:15:00,2017,Newcastle United,1,0.676656,home,-0.32334399999999996,0.43256079999999997,0.9152555061371972,27
7390,2018-02-24 15:00:00,2017,Newcastle United,2,4.23567,away,2.23567,0.7142348000000001,1.6805505342806433,28
7403,2018-03-03 17:30:00,2017,Newcastle United,0,0.255322,away,0.255322,0.7668956,1.8236274544722701,29
7415,2018-03-10 15:00:00,2017,Newcastle United,3,1.35847,home,-1.64153,0.1340396000000001,0.10418742688453238,30
7436,2018-03-31 15:00:00,2017,Newcastle United,1,2.53617,home,1.5361699999999998,0.4124576000000001,0.860636055958007,31
7444,2018-04-07 14:00:00,2017,Newcastle United,2,0.285116,away,-1.714884,0.13414960000000006,0.10448629171797727,32
7454,2018-04-15 12:30:00,2017,Newcastle United,2,0.888452,home,-1.111548,-0.5352939999999998,-1.7143605265984083,33
7461,2018-04-23 19:00:00,2017,Newcastle United,0,0.480957,away,0.480957,-0.4901669999999999,-1.5917525871541245,34
7474,2018-04-28 14:00:00,2017,Newcastle United,0,1.58397,home,1.58397,0.15493300000000013,0.16095381334907044,35
7482,2018-05-05 15:00:00,2017,Newcastle United,1,0.613901,away,-0.38609899999999997,-0.22952079999999983,-0.8835891039626255,36
7427,2018-05-09 20:00:00,2017,Newcastle United,0,0.829699,away,0.829699,0.2793958000000002,0.4991133950953875,37
7497,2018-05-13 15:00:00,2017,Newcastle United,3,2.24197,home,-0.7580300000000002,0.3500994000000001,0.6912117554404774,38
9198,2018-08-11 14:30:00,2018,Newcastle United,1,0.974497,home,-0.025503000000000053,0.2488074000000001,0.7754856679079256,1
9207,2018-08-18 14:30:00,2018,Newcastle United,0,1.55405,away,1.55405,0.24282340000000008,0.7555764038067004,2
9225,2018-08-26 18:00:00,2018,Newcastle United,1,0.209337,home,-0.790663,0.16191060000000007,0.48637281016204686,3
9234,2018-09-01 16:30:00,2018,Newcastle United,1,0.554763,away,-0.445237,-0.09307659999999993,-0.3619907438539802,4
9238,2018-09-15 14:00:00,2018,Newcastle United,1,0.412121,home,-0.587879,-0.0590463999999999,-0.24876944719329988,5
9251,2018-09-22 14:00:00,2018,Newcastle United,0,0.229309,away,0.229309,-0.008083999999999886,-0.07921331737507217,6
9259,2018-09-29 14:00:00,2018,Newcastle United,0,0.397301,home,0.397301,-0.23943379999999986,-0.8489332819415173,7
9273,2018-10-06 16:30:00,2018,Newcastle United,2,1.55962,away,-0.44038,-0.16937719999999987,-0.6158491657259614,8
9280,2018-10-20 14:00:00,2018,Newcastle United,0,1.71169,home,1.71169,0.2620082000000001,0.819405823915187,9
9292,2018-10-27 14:00:00,2018,Newcastle United,0,0.297646,away,0.297646,0.4391132000000001,1.4086488417372915,10
9299,2018-11-03 15:00:00,2018,Newcastle United,1,0.691575,home,-0.30842499999999995,0.33156640000000015,1.0508317220110823,11
9309,2018-11-10 15:00:00,2018,Newcastle United,2,2.57545,home,0.57545,0.36719620000000014,1.1693750204859872,12
9326,2018-11-26 20:00:00,2018,Newcastle United,2,1.67701,away,-0.3229900000000001,0.3906742000000001,1.2474882729205732,13
9328,2018-12-01 15:00:00,2018,Newcastle United,0,1.12583,home,1.12583,0.27350220000000014,0.8576473148208493,14
9345,2018-12-05 19:45:00,2018,Newcastle United,1,1.52214,away,0.52214,0.3184010000000001,1.0070293447386442,15
9348,2018-12-09 16:00:00,2018,Newcastle United,1,0.4601,home,-0.5399,0.27210600000000007,0.8530020416694235,16
9363,2018-12-15 15:00:00,2018,Newcastle United,1,0.931041,away,-0.06895899999999999,0.14322420000000008,0.4242016081732212,17
9369,2018-12-22 15:00:00,2018,Newcastle United,0,0.289508,home,0.289508,0.2657238000000001,0.8317679331555802,18
9381,2018-12-26 15:00:00,2018,Newcastle United,0,0.456309,away,0.456309,0.1318196000000001,0.38625755847923204,19
9387,2018-12-29 15:00:00,2018,Newcastle United,1,0.661713,away,-0.338287,-0.04026579999999992,-0.1862848339948594,20
9399,2019-01-02 20:00:00,2018,Newcastle United,0,0.691878,home,0.691878,0.20608980000000007,0.6333606712216799,21
9413,2019-01-12 17:30:00,2018,Newcastle United,1,0.395148,away,-0.604852,0.09891120000000009,0.27676858342095056,22
9420,2019-01-19 15:00:00,2018,Newcastle United,3,2.518,home,-0.4820000000000002,-0.05539039999999995,-0.23660563209402216,23
9434,2019-01-29 20:00:00,2018,Newcastle United,2,0.992326,home,-1.007674,-0.3481869999999999,-1.210764194483856,24
9438,2019-02-02 12:30:00,2018,Newcastle United,0,0.400152,away,0.400152,-0.20049919999999993,-0.7193946398834362,25
9450,2019-02-11 20:00:00,2018,Newcastle United,1,0.435263,away,-0.564737,-0.45182219999999995,-1.5555670967203676,26
9458,2019-02-23 15:00:00,2018,Newcastle United,2,3.03313,home,1.0331299999999999,-0.12422579999999997,-0.46562671466646055,27
9473,2019-02-26 20:00:00,2018,Newcastle United,2,1.70312,home,-0.29688000000000003,-0.08720179999999993,-0.34244479720593923,28
9478,2019-03-02 17:30:00,2018,Newcastle United,0,1.18549,away,1.18549,0.35143100000000005,1.116922893078127,29
9488,2019-03-09 15:00:00,2018,Newcastle United,3,2.37896,home,-0.6210399999999998,0.14719260000000006,0.4374048039719013,30
9506,2019-03-16 15:00:00,2018,Newcastle United,2,1.02847,away,-0.97153,0.06583400000000009,0.16671799676836982,31
9507,2019-04-01 20:00:00,2018,Newcastle United,0,0.0441445,away,0.0441445,-0.1319630999999999,-0.4913693532243495,32
9521,2019-04-06 15:00:00,2018,Newcastle United,0,0.943175,home,0.943175,0.11604790000000012,0.33378380503249216,33
9532,2019-04-12 20:00:00,2018,Newcastle United,1,0.945804,away,-0.05419600000000002,-0.13188929999999988,-0.49112381450598874,34
9539,2019-04-20 17:30:00,2018,Newcastle United,3,1.23033,home,-1.76967,-0.3616152999999999,-1.2554412618519177,35
9556,2019-04-27 17:30:00,2018,Newcastle United,1,0.43797,away,-0.56203,-0.27971529999999994,-0.9829531719638269,36
9559,2019-05-04 18:45:00,2018,Newcastle United,2,1.29707,home,-0.70293,-0.4291302,-1.4800689314488102,37
9573,2019-05-12 14:00:00,2018,Newcastle United,4,1.95921,away,-2.0407900000000003,-1.0259232,-3.4656487193436023,38
11650,2019-08-11 14:00:00,2019,Newcastle United,0,0.380551,home,0.380551,-0.9389738000000001,-1.9696576255061853,1
11657,2019-08-17 15:00:00,2019,Newcastle United,1,0.920429,away,-0.07957099999999995,-0.600954,-1.1636619805100714,2
11672,2019-08-25 16:30:00,2019,Newcastle United,1,0.51428,away,-0.48572000000000004,-0.5856920000000001,-1.127270308975059,3
11679,2019-08-31 15:00:00,2019,Newcastle United,1,1.04131,home,0.04130999999999996,-0.43684399999999995,-0.7723477873760828,4
11683,2019-09-14 11:30:00,2019,Newcastle United,1,0.291073,away,-0.708927,-0.1704713999999999,-0.13719222682521617,5
11699,2019-09-21 16:30:00,2019,Newcastle United,0,1.09807,home,1.09807,-0.026967599999999915,0.2049872485794592,6
11710,2019-09-29 15:30:00,2019,Newcastle United,0,0.054134,away,0.054134,-0.00022659999999990189,0.2687501688073307,7
11721,2019-10-06 16:30:00,2019,Newcastle United,1,0.650296,home,-0.349704,0.026976600000000107,0.33361518774988463,8
11725,2019-10-19 15:00:00,2019,Newcastle United,0,0.197082,away,0.197082,0.05813100000000011,0.40790169618065386,9
11738,2019-10-27 14:00:00,2019,Newcastle United,1,0.603104,home,-0.396896,0.1205372000000001,0.5567069597207082,10
11752,2019-11-02 15:00:00,2019,Newcastle United,3,1.93192,away,-1.06808,-0.3126927999999999,-0.47631386711152557,11
11756,2019-11-09 15:00:00,2019,Newcastle United,2,2.3306,home,0.3306,-0.2573995999999999,-0.34446928759902634,12
11764,2019-11-25 20:00:00,2019,Newcastle United,0,0.69784,away,0.69784,-0.0478907999999999,0.1550966561367009,13
11777,2019-11-30 12:30:00,2019,Newcastle United,2,0.208252,home,-1.7917480000000001,-0.4456567999999999,-0.79336158130242,14
11786,2019-12-05 19:30:00,2019,Newcastle United,2,0.533775,away,-1.4662250000000001,-0.6595226,-1.3033166295380851,15
11798,2019-12-08 14:00:00,2019,Newcastle United,2,1.10449,home,-0.89551,-0.6250085999999999,-1.2210192798224888,16
11804,2019-12-14 15:00:00,2019,Newcastle United,0,1.08726,away,1.08726,-0.47367659999999995,-0.860173752582511,17
11818,2019-12-21 15:00:00,2019,Newcastle United,1,0.714368,home,-0.285632,-0.670371,-1.3291842359776367,18
11829,2019-12-26 17:30:00,2019,Newcastle United,1,1.05018,away,0.05017999999999989,-0.30198539999999996,-0.4507824699293744,19
11838,2019-12-28 15:00:00,2019,Newcastle United,1,1.63211,home,0.63211,0.11768160000000008,0.5498978876963744,20
11849,2020-01-01 15:00:00,2019,Newcastle United,0,0.780118,home,0.780118,0.4528072000000001,1.3489924204033625,21
11853,2020-01-11 15:00:00,2019,Newcastle United,1,0.184495,away,-0.815505,0.07225420000000007,0.44157794145802837,22
11868,2020-01-18 17:30:00,2019,Newcastle United,1,0.892988,home,-0.107012,0.10797820000000007,0.5267604911839355,23
11877,2020-01-21 19:30:00,2019,Newcastle United,2,0.570931,away,-1.4290690000000001,-0.18787159999999994,-0.17868235675861474,24
11889,2020-02-01 15:00:00,2019,Newcastle United,0,0.937293,home,0.937293,-0.12683499999999992,-0.03314285349469409,25
11893,2020-02-16 16:30:00,2019,Newcastle United,0,1.16662,away,1.16662,-0.049534599999999915,0.1511770761557512,26
11905,2020-02-22 15:00:00,2019,Newcastle United,0,0.164495,away,0.164495,0.14646540000000008,0.6185317885697525,27
11918,2020-02-29 15:00:00,2019,Newcastle United,0,1.11713,home,1.11713,0.3912938,1.20231600526761,28
11930,2020-03-07 15:00:00,2019,Newcastle United,1,3.06384,away,2.06384,1.0898756,2.868058333005648,29
11938,2020-06-21 13:00:00,2019,Newcastle United,3,2.15148,home,-0.8485200000000002,0.732713,2.0164173931687244,30
11949,2020-06-24 17:00:00,2019,Newcastle United,1,0.661808,home,-0.33819200000000005,0.4317506,1.2987837406206242,31
11955,2020-07-01 17:00:00,2019,Newcastle United,4,2.23457,away,-1.7654299999999998,0.04576560000000005,0.3784168596455308,32
11968,2020-07-05 13:15:00,2019,Newcastle United,2,1.49121,home,-0.5087900000000001,-0.27941839999999996,-0.3969722975056663,33
11979,2020-07-08 17:00:00,2019,Newcastle United,0,0.21643,away,0.21643,-0.6489003999999999,-1.2779883885880645,34
11991,2020-07-11 11:30:00,2019,Newcastle United,1,1.49134,away,0.4913400000000001,-0.3809283999999999,-0.639019118205387,35
12000,2020-07-15 17:00:00,2019,Newcastle United,1,1.05748,home,0.057479999999999976,-0.30179399999999984,-0.45032608374592487,36
12005,2020-07-20 17:00:00,2019,Newcastle United,0,0.929091,away,0.929091,0.2371102000000001,0.8346709438545724,37
12016,2020-07-26 15:00:00,2019,Newcastle United,1,0.339294,home,-0.660706,0.2067270000000001,0.7622233331493832,38
14091,2020-09-12 19:00:00,2020,Newcastle United,2,1.65911,away,-0.3408899999999999,0.09526300000000013,0.5240205244487506,1
14101,2020-09-20 13:00:00,2020,Newcastle United,0,0.520678,home,0.520678,0.1011306000000001,0.5467754157401582,2
14111,2020-09-27 13:00:00,2020,Newcastle United,1,0.942726,away,-0.05727400000000005,0.07817980000000009,0.45777088934932686,3
14472,2020-10-03 19:00:00,2020,Newcastle United,3,1.95629,home,-1.04371,-0.3163803999999999,-1.0723563277268395,4
14481,2020-10-17 19:00:00,2020,Newcastle United,1,0.867496,home,-0.13250399999999996,-0.21073999999999987,-0.6626767623200573,5
14494,2020-10-25 16:30:00,2020,Newcastle United,1,0.253685,away,-0.7463150000000001,-0.2918249999999999,-0.9771290699694882,6
14501,2020-11-01 14:00:00,2020,Newcastle United,2,2.6311,home,0.6311,-0.2697405999999999,-0.891484492759732,7
14512,2020-11-06 20:00:00,2020,Newcastle United,0,0.175633,away,0.175633,-0.22315919999999992,-0.7108391363616166,8
14521,2020-11-21 12:30:00,2020,Newcastle United,0,0.368286,home,0.368286,0.05924000000000009,0.38432125234595155,9
14530,2020-11-27 20:00:00,2020,Newcastle United,2,1.27929,away,-0.72071,-0.05840119999999991,-0.07189810776563785,10
14550,2020-12-12 15:00:00,2020,Newcastle United,2,0.904163,home,-1.095837,-0.12830559999999988,-0.3429914036261406,11
14558,2020-12-16 18:00:00,2020,Newcastle United,2,1.44437,away,-0.5556300000000001,-0.3656515999999999,-1.263432883694733,12
14571,2020-12-19 20:00:00,2020,Newcastle United,1,1.26725,home,0.26725,-0.34732819999999986,-1.1923736814503771,13
14581,2020-12-26 20:00:00,2020,Newcastle United,0,0.200953,away,0.200953,-0.38079479999999993,-1.3221590868790072,14
14591,2020-12-30 20:00:00,2020,Newcastle United,0,0.817935,home,0.817935,-0.07306579999999992,-0.12876827254032916,15
14597,2021-01-03 14:15:00,2020,Newcastle United,1,0.264584,home,-0.7354160000000001,-0.000981599999999938,0.1507784134689586,16
14610,2021-01-12 18:00:00,2020,Newcastle United,0,1.04745,away,1.04745,0.3196344000000001,1.3941457572357456,17
14615,2021-01-18 20:00:00,2020,Newcastle United,0,0.168796,away,0.168796,0.2999436000000001,1.317783698908516,18
14535,2021-01-23 20:00:00,2020,Newcastle United,0,0.400364,away,0.400364,0.3398258000000001,1.472449171241699,19
14631,2021-01-26 18:00:00,2020,Newcastle United,1,1.1364,home,0.13640000000000008,0.20351880000000006,0.9438427619333067,20
14644,2021-01-30 12:30:00,2020,Newcastle United,2,2.08832,away,0.08831999999999995,0.3682660000000001,1.5827419075062528,21
14652,2021-02-02 20:15:00,2020,Newcastle United,1,1.90755,home,0.9075500000000001,0.34028600000000014,1.4742338533898185,22
14661,2021-02-06 15:00:00,2020,Newcastle United,3,0.910553,home,-2.089447,-0.11136259999999983,-0.2772854722146055,23
14667,2021-02-15 20:00:00,2020,Newcastle United,0,0.432603,away,0.432603,-0.10491479999999984,-0.25228053185249166,24
14681,2021-02-21 19:00:00,2020,Newcastle United,1,0.341778,away,-0.658222,-0.26383919999999983,-0.8685985231184621,25
14688,2021-02-27 20:00:00,2020,Newcastle United,1,1.9519,home,0.9519,-0.09112319999999982,-0.1987959114396176,26
14703,2021-03-07 12:00:00,2020,Newcastle United,0,0.454577,away,0.454577,-0.18171779999999985,-0.5501269964809586,27
14712,2021-03-12 20:00:00,2020,Newcastle United,1,0.873171,home,-0.12682899999999997,0.21080580000000015,0.9721021683073763,28
14715,2021-03-20 20:00:00,2020,Newcastle United,0,0.100945,away,0.100945,0.1444742000000001,0.7148643969553506,29
14732,2021-04-04 13:05:00,2020,Newcastle United,2,3.30098,home,1.30098,0.5363146000000001,2.2344440727310926,30
14736,2021-04-11 11:00:00,2020,Newcastle United,2,1.34279,away,-0.6572100000000001,0.21449260000000012,0.9863997913923106,31
14752,2021-04-17 11:30:00,2020,Newcastle United,3,2.4314,home,-0.5686,0.009857200000000121,0.19281190514005273,32
14760,2021-04-24 11:30:00,2020,Newcastle United,1,0.860694,away,-0.13930600000000004,0.0073618000000001075,0.18313459998486503,33
14771,2021-05-02 13:00:00,2020,Newcastle United,0,0.172988,home,0.172988,0.02177040000000011,0.23901198199137166,34
14779,2021-05-07 19:00:00,2020,Newcastle United,4,2.87261,away,-1.1273900000000001,-0.4639035999999999,-1.6444598076778605,35
14791,2021-05-14 19:00:00,2020,Newcastle United,3,2.18312,home,-0.8168799999999998,-0.4958375999999999,-1.7683017018935219,36
14801,2021-05-19 17:00:00,2020,Newcastle United,1,1.82508,home,0.82508,-0.21710159999999984,-0.6873474141094463,37
14807,2021-05-23 15:00:00,2020,Newcastle United,2,1.60157,away,-0.39843000000000006,-0.2689263999999999,-0.8883269781899822,38
16384,2021-08-15 13:00:00,2021,Newcastle United,2,1.67926,home,-0.32074,-0.3676719999999999,-1.4799309204170354,1
16388,2021-08-21 14:00:00,2021,Newcastle United,0,0.63163,away,0.63163,-0.015867999999999816,0.3029567951638638,2
16397,2021-08-28 14:00:00,2021,Newcastle United,2,1.19077,home,-0.8092299999999999,-0.014337999999999828,0.31071059615770913,3
16410,2021-09-11 14:00:00,2021,Newcastle United,1,0.622042,away,-0.377958,-0.25494559999999983,-0.9086511345656558,4
16416,2021-09-17 19:00:00,2021,Newcastle United,1,1.17668,home,0.17667999999999995,-0.13992359999999984,-0.32573760651723643,5
16427,2021-09-25 14:00:00,2021,Newcastle United,1,2.52338,away,1.52338,0.22890040000000017,1.5434048103154585,6
16445,2021-10-02 14:00:00,2021,Newcastle United,1,0.865217,away,-0.134783,0.07561780000000015,0.7665925382767647,7
16452,2021-10-17 15:30:00,2021,Newcastle United,2,0.645658,home,-1.354342,-0.033404599999999854,0.2140840458117926,8
16460,2021-10-23 14:00:00,2021,Newcastle United,1,0.721813,away,-0.27818699999999996,-0.01345039999999984,0.3152088143028967,9
16471,2021-10-30 14:00:00,2021,Newcastle United,0,0.157616,home,0.157616,-0.01726319999999983,0.29588613951248266,10
16478,2021-11-06 17:30:00,2021,Newcastle United,1,0.227321,away,-0.772679,-0.47647499999999987,-2.0313275279551775,11
16491,2021-11-20 15:00:00,2021,Newcastle United,3,2.18388,home,-0.8161200000000002,-0.6127423999999999,-2.7219094243922517,12
16496,2021-11-27 12:30:00,2021,Newcastle United,0,0.185383,away,0.185383,-0.3047973999999999,-1.1612922694578,13
16513,2021-11-30 19:30:00,2021,Newcastle United,1,1.15636,home,0.15636000000000005,-0.21788799999999986,-0.7208490066509344,14
16520,2021-12-04 15:00:00,2021,Newcastle United,1,1.70609,home,0.7060900000000001,-0.10819319999999984,-0.16493289602369982,15
16532,2021-12-12 14:00:00,2021,Newcastle United,0,0.511934,away,0.511934,0.14872940000000018,1.1371107060817482,16
16544,2021-12-16 20:00:00,2021,Newcastle United,1,0.2064,away,-0.7936,0.15323340000000021,1.1599362744976174,17
16550,2021-12-19 14:15:00,2021,Newcastle United,0,0.174208,home,0.174208,0.15099840000000023,1.1486096436340592,18
16561,2021-12-27 20:00:00,2021,Newcastle United,1,1.26586,home,0.26586,0.1728984000000002,1.259595422565571,19
16591,2022-01-15 15:00:00,2021,Newcastle United,1,1.03855,home,0.038550000000000084,0.0393904000000002,0.582997734273867,20
16601,2022-01-22 15:00:00,2021,Newcastle United,1,1.15904,away,0.15904000000000007,-0.031188399999999783,0.22531540121215904,21
16612,2022-02-08 19:45:00,2021,Newcastle United,3,2.68732,home,-0.31267999999999985,0.06499560000000024,0.7127608880043309,22
16622,2022-02-13 14:00:00,2021,Newcastle United,1,0.527571,home,-0.472429,-0.06433179999999976,0.05734982744783597,23
16634,2022-02-19 12:30:00,2021,Newcastle United,1,0.932574,away,-0.06742599999999999,-0.13098899999999974,-0.2804584494194511,24
16637,2022-02-26 15:00:00,2021,Newcastle United,2,2.25373,away,0.25373,-0.08795299999999977,-0.06235872420956287,25
16651,2022-03-05 15:00:00,2021,Newcastle United,2,1.58028,home,-0.4197200000000001,-0.2037049999999998,-0.6489717782223663,26
16584,2022-03-10 19:30:00,2021,Newcastle United,2,0.812233,away,-1.187767,-0.37872239999999985,-1.5359326213989886,27
16659,2022-03-13 14:00:00,2021,Newcastle United,0,0.246037,away,0.246037,-0.23502919999999983,-0.8077179305696938,28
16571,2022-03-17 19:45:00,2021,Newcastle United,0,0.75803,away,0.75803,-0.06993799999999983,0.028938481610125858,29
16678,2022-04-03 15:30:00,2021,Newcastle United,1,0.538152,away,-0.46184800000000004,-0.21305359999999984,-0.6963490226478977,30
16689,2022-04-08 19:00:00,2021,Newcastle United,1,1.43878,home,0.43877999999999995,-0.04135359999999984,0.17379975555030458,31
16701,2022-04-17 13:15:00,2021,Newcastle United,2,2.54294,home,0.5429400000000002,0.3047878000000002,1.9279902989039168,32
16671,2022-04-20 18:45:00,2021,Newcastle United,1,0.767855,home,-0.23214500000000005,0.20915140000000018,1.4433199633694116,33
16706,2022-04-23 14:00:00,2021,Newcastle United,3,1.87558,away,-1.12442,-0.1673385999999998,-0.4646725439330995,34
16721,2022-04-30 11:30:00,2021,Newcastle United,0,0.115353,home,0.115353,-0.0518983999999998,0.12036035638697101,35
16727,2022-05-08 15:30:00,2021,Newcastle United,0,0.995099,away,0.995099,0.059365400000000214,0.6842279139157371,36
16741,2022-05-16 19:00:00,2021,Newcastle United,2,1.68299,home,-0.31701,-0.11262459999999982,-0.18739053898064506,37
16749,2022-05-22 15:00:00,2021,Newcastle United,2,1.74291,away,-0.25709000000000004,-0.11761359999999983,-0.2126740116331252,38
18206,2022-08-06 14:00:00,2022,Newcastle United,2,1.8591,home,-0.14090000000000003,0.07909040000000016,-0.1839996373259412,1
18213,2022-08-13 14:00:00,2022,Newcastle United,0,0.183952,away,0.183952,0.09281020000000016,-0.16135067693821215,2
18230,2022-08-21 15:30:00,2022,Newcastle United,3,2.2127,home,-0.7873000000000001,-0.26366959999999984,-0.7498357036314276,3
18240,2022-08-28 13:00:00,2022,Newcastle United,1,1.93362,away,0.9336199999999999,-0.013543599999999855,-0.3369219683043005,4
18250,2022-08-31 19:00:00,2022,Newcastle United,1,0.643546,away,-0.35645400000000005,-0.03341639999999986,-0.3697284421591134,5
18253,2022-09-03 14:00:00,2022,Newcastle United,0,2.90672,home,2.90672,0.5761076,0.6364877513254975,6
18275,2022-09-17 14:00:00,2022,Newcastle United,1,1.54758,home,0.54758,0.6488332000000001,0.7565448391528586,7
18285,2022-10-01 14:00:00,2022,Newcastle United,4,4.67198,away,0.6719799999999996,0.9406892000000001,1.2383474152050644,8
18299,2022-10-08 14:00:00,2022,Newcastle United,5,2.44631,home,-2.55369,0.24322720000000003,0.08696115520518928,9
18308,2022-10-16 13:00:00,2022,Newcastle United,0,0.78815,away,0.78815,0.47214800000000007,0.46486886021016366,10
18319,2022-10-19 18:30:00,2022,Newcastle United,1,1.13393,home,0.1339300000000001,-0.0824099999999999,-0.45060820029350634,11
18329,2022-10-23 15:30:00,2022,Newcastle United,2,1.1294,away,-0.8706,-0.36604599999999987,-0.9188410118894419,12
18341,2022-10-29 14:00:00,2022,Newcastle United,4,4.18808,home,0.18808000000000025,-0.46282599999999974,-1.078607654721292,13
18348,2022-11-06 14:00:00,2022,Newcastle United,4,1.42101,away,-2.57899,-0.46788599999999975,-1.0869608187296529,14
18357,2022-11-12 17:30:00,2022,Newcastle United,1,1.3601,home,0.3601000000000001,-0.5534959999999998,-1.2282877694719,15
18369,2022-12-26 15:00:00,2022,Newcastle United,3,1.76382,away,-1.23618,-0.8275179999999999,-1.6806495694519505,16
18377,2022-12-31 15:00:00,2022,Newcastle United,0,2.78846,home,2.78846,-0.09570599999999976,-0.4725575419249618,17
18382,2023-01-03 19:45:00,2022,Newcastle United,0,0.959523,away,0.959523,0.05858260000000022,-0.21785438373911553,18
18398,2023-01-15 14:00:00,2022,Newcastle United,1,1.96256,home,0.9625600000000001,0.7668926000000003,0.9514400033680123,19
18404,2023-01-21 17:30:00,2022,Newcastle United,0,1.44384,away,1.44384,0.9836406000000004,1.3092525710526361,20
18418,2023-02-04 17:30:00,2022,Newcastle United,1,1.22883,home,0.2288300000000001,1.2766426000000002,1.7929469901786719,21
18423,2023-02-11 17:30:00,2022,Newcastle United,1,1.54853,away,0.54853,0.8286566000000002,1.053401430603664,22
18438,2023-02-18 17:30:00,2022,Newcastle United,0,1.74852,home,1.74852,0.9864560000000002,1.3139002979200547,23
18458,2023-03-04 12:30:00,2022,Newcastle United,0,0.359809,away,0.359809,0.8659058000000002,1.1148932639594418,24
18469,2023-03-12 16:30:00,2022,Newcastle United,2,2.45527,home,0.45527000000000006,0.6681918000000003,0.7885024598588382,25
18479,2023-03-17 20:00:00,2022,Newcastle United,2,2.50027,away,0.50027,0.7224798000000002,0.8781223348955757,26
18489,2023-04-02 15:30:00,2022,Newcastle United,2,3.33162,home,1.33162,0.8790978000000003,1.136670920006536,27
18268,2023-04-05 19:00:00,2022,Newcastle United,5,2.84091,away,-2.15909,0.09757580000000025,-0.15348351519942852,28
18493,2023-04-08 14:00:00,2022,Newcastle United,2,1.02337,away,-0.9766300000000001,-0.16971199999999972,-0.5947283434274818,29
18502,2023-04-15 11:30:00,2022,Newcastle United,0,0.425086,away,0.425086,-0.17574879999999973,-0.6046940312705003,30
18521,2023-04-23 13:00:00,2022,Newcastle United,6,3.98532,home,-2.01468,-0.6787387999999996,-1.4350414550976578,31
18522,2023-04-27 18:45:00,2022,Newcastle United,4,2.86368,away,-1.13632,-1.1723267999999998,-2.2498678417693596,32
18541,2023-04-30 13:00:00,2022,Newcastle United,3,3.91457,home,0.9145699999999999,-0.5575947999999997,-1.2350541624832576,33
18547,2023-05-07 15:30:00,2022,Newcastle United,0,1.37224,home,1.37224,-0.08782079999999977,-0.4595404729845019,34
18558,2023-05-13 11:30:00,2022,Newcastle United,2,2.35118,away,0.3511799999999998,-0.10260199999999982,-0.4839416168264749,35
18449,2023-05-18 18:30:00,2022,Newcastle United,4,4.11359,home,0.1135900000000003,0.32305200000000023,0.21873776515273946,36
18567,2023-05-22 19:00:00,2022,Newcastle United,0,2.05089,home,2.05089,0.9604940000000003,1.2710416331008718,37
18575,2023-05-28 15:30:00,2022,Newcastle United,1,1.51899,away,0.5189900000000001,0.8813780000000001,1.140435126443663,38
22281,2023-08-12 16:30:00,2023,Newcastle United,5,4.32208,home,-0.6779200000000003,0.4713460000000002,0.8308838782894702,1
22291,2023-08-19 19:00:00,2023,Newcastle United,0,0.257154,away,0.257154,0.45254080000000024,0.7963438471608896,2
22304,2023-08-27 15:30:00,2023,Newcastle United,1,1.62037,home,0.6203700000000001,0.5538968000000002,0.9825072166048953,3
21931,2023-09-02 16:30:00,2023,Newcastle United,1,0.90476,away,-0.09523999999999999,0.12467080000000023,0.19413594689246766,4
21943,2023-09-16 16:30:00,2023,Newcastle United,1,1.50126,home,0.50126,0.12112480000000023,0.18762291058432165,5
21954,2023-09-24 15:30:00,2023,Newcastle United,8,5.1082,away,-2.8918,-0.3216511999999997,-0.6256360190196394,6
21958,2023-09-30 14:00:00,2023,Newcastle United,2,3.08516,home,1.0851600000000001,-0.15604999999999966,-0.32147171324622004,7
21973,2023-10-08 13:00:00,2023,Newcastle United,2,1.97865,away,-0.02134999999999998,-0.2843939999999997,-0.5572046889745587,8
21981,2023-10-21 14:00:00,2023,Newcastle United,4,3.73336,home,-0.2666400000000002,-0.31867399999999974,-0.6201677134086377,9
21994,2023-10-28 16:30:00,2023,Newcastle United,2,2.31987,away,0.3198699999999999,-0.35495199999999977,-0.686800519721926,10
22001,2023-11-04 17:30:00,2023,Newcastle United,1,1.12355,home,0.12355000000000005,0.24811800000000023,0.42087483457970937,11
22005,2023-11-11 17:30:00,2023,Newcastle United,0,0.306141,away,0.306141,0.09231420000000021,0.13470568445361922,12
22021,2023-11-25 15:00:00,2023,Newcastle United,4,2.15227,home,-1.8477299999999999,-0.27296179999999975,-0.5362068509367734,13
22032,2023-12-02 20:00:00,2023,Newcastle United,1,2.90191,home,1.90191,0.16074820000000029,0.26040030563570127,14
22037,2023-12-07 19:30:00,2023,Newcastle United,0,1.29564,away,1.29564,0.3559022000000003,0.6188450568144721,15
22053,2023-12-10 16:30:00,2023,Newcastle United,1,1.61368,away,0.61368,0.4539282000000003,0.7988921231264626,16
22062,2023-12-16 15:00:00,2023,Newcastle United,3,4.27933,home,1.2793299999999999,0.6485660000000003,1.1563887554833878,17
22069,2023-12-23 15:00:00,2023,Newcastle United,0,1.41488,away,1.41488,1.3010880000000005,2.354893966386951,18
22083,2023-12-26 12:30:00,2023,Newcastle United,1,2.79106,home,1.7910599999999999,1.2789180000000002,2.314173714003534,19
22088,2024-01-01 19:00:00,2023,Newcastle United,2,0.910974,away,-1.089026,0.8019848000000002,1.4381773101230344,20
22100,2024-01-13 17:30:00,2023,Newcastle United,2,1.23638,home,-0.76362,0.5265248000000002,0.9322323068963303,21
22105,2024-01-30 20:15:00,2023,Newcastle United,3,3.3224,away,0.3224,0.33513880000000024,0.5807083455678397,22
22123,2024-02-03 15:00:00,2023,Newcastle United,4,2.37353,home,-1.6264699999999999,-0.27313119999999974,-0.5365179926036093,23
22131,2024-02-10 17:30:00,2023,Newcastle United,3,0.511375,away,-2.488625,-1.1290681999999996,-2.108641161945276,24
22141,2024-02-17 15:00:00,2023,Newcastle United,2,2.38425,home,0.3842500000000002,-0.8344129999999996,-1.567439803799755,25
22146,2024-02-24 20:00:00,2023,Newcastle United,1,0.217373,away,-0.782627,-0.8382143999999997,-1.5744219403541222,26
22161,2024-03-02 15:00:00,2023,Newcastle United,3,3.33495,home,0.3349500000000001,-0.8357043999999997,-1.56981175390927,27
22169,2024-03-11 20:00:00,2023,Newcastle United,2,0.568435,away,-1.431565,-0.7967233999999996,-1.4982142727113457,28
22191,2024-03-30 12:30:00,2023,Newcastle United,4,3.80922,home,-0.19078000000000017,-0.3371543999999997,-0.6541111753908884,29
22202,2024-04-02 18:30:00,2023,Newcastle United,1,2.65009,home,1.65009,-0.08398639999999977,-0.1891105053230085,30
22209,2024-04-06 14:00:00,2023,Newcastle United,1,1.18012,away,0.18012000000000006,0.10856300000000027,0.1645503049735862,31
22222,2024-04-13 11:30:00,2023,Newcastle United,4,3.1483,home,-0.8517000000000001,-0.12876699999999977,-0.27136027230004234,32
22178,2024-04-24 19:00:00,2023,Newcastle United,0,0.55129,away,0.55129,0.2678040000000002,0.457032655437623,33
22240,2024-04-27 14:00:00,2023,Newcastle United,5,2.93477,home,-2.06523,-0.10708599999999979,-0.23153817974592136,34
22248,2024-05-04 14:00:00,2023,Newcastle United,4,4.25643,away,0.25642999999999994,-0.3858179999999998,-0.7434929558999391,35
22260,2024-05-11 14:00:00,2023,Newcastle United,1,2.45163,home,1.4516300000000002,-0.1315159999999998,-0.2764094366573727,36
22231,2024-05-15 19:00:00,2023,Newcastle United,2,2.27657,away,0.27657,0.09413800000000024,0.13805550837318967,37
22266,2024-05-19 15:00:00,2023,Newcastle United,4,3.65044,away,-0.34955999999999987,-0.08603199999999973,-0.19286771543917972,38
26606,2024-08-17 14:00:00,2024,Newcastle United,1,0.433489,home,-0.566511,0.2137118000000003,0.3783808388955896,1
26620,2024-08-25 13:00:00,2024,Newcastle United,1,1.89287,away,0.89287,0.34099980000000035,0.6647305591058091,2
26629,2024-09-01 12:30:00,2024,Newcastle United,2,1.58694,home,-0.41306,-0.031938199999999695,-0.17423848711817777,3
26641,2024-09-15 15:30:00,2024,Newcastle United,2,1.48343,away,-0.51657,-0.19056619999999969,-0.5310913202014746,4
26646,2024-09-21 14:00:00,2024,Newcastle United,1,1.09768,away,0.09767999999999999,-0.10111819999999971,-0.3298672474423481,5
26652,2024-09-28 11:30:00,2024,Newcastle United,1,1.34344,home,0.34343999999999997,0.08087200000000028,0.07954167445918138,6
26669,2024-10-05 16:30:00,2024,Newcastle United,0,1.79048,away,1.79048,0.2603940000000003,0.48339808253833283,7
26676,2024-10-19 14:00:00,2024,Newcastle United,0,1.93657,home,1.93657,0.7303200000000002,1.540553341631944,8
26688,2024-10-27 14:00:00,2024,Newcastle United,1,1.74225,away,0.7422500000000001,0.9820840000000002,2.106926848631863,9
26694,2024-11-02 12:30:00,2024,Newcastle United,1,0.859715,home,-0.140285,0.9344910000000002,1.999860650451634,10
26704,2024-11-10 14:00:00,2024,Newcastle United,3,1.86904,away,-1.13096,0.6396110000000003,1.3364924971646825,11
26713,2024-11-25 20:00:00,2024,Newcastle United,0,1.49781,home,1.49781,0.5810770000000003,1.2048131988585973,12
26725,2024-11-30 15:00:00,2024,Newcastle United,1,0.020989,away,-0.979011,-0.0020391999999996857,-0.10697707768001115,13
26740,2024-12-04 19:30:00,2024,Newcastle United,3,1.52057,home,-1.47943,-0.4463751999999997,-1.106564542950328,14
26743,2024-12-07 15:00:00,2024,Newcastle United,2,1.95645,away,-0.04354999999999998,-0.42702819999999975,-1.0630411311840413,15
26760,2024-12-14 15:00:00,2024,Newcastle United,4,3.95461,home,-0.04538999999999982,-0.2099141999999997,-0.5746169815884659,16
26771,2024-12-21 15:00:00,2024,Newcastle United,4,3.23386,away,-0.76614,-0.6627041999999997,-1.59322274029302,17
26778,2024-12-26 15:00:00,2024,Newcastle United,3,2.82867,home,-0.1713300000000002,-0.5011679999999997,-1.2298275602774484,18
26789,2024-12-30 20:00:00,2024,Newcastle United,2,2.2424,away,0.24239999999999995,-0.1568019999999998,-0.45513467681700903,19
26800,2025-01-04 12:30:00,2024,Newcastle United,2,2.42963,away,0.42962999999999996,-0.06216599999999981,-0.2422395718439218,20
26810,2025-01-15 19:30:00,2024,Newcastle United,3,2.13327,home,-0.86673,-0.22643399999999986,-0.6117802656995276,21
26819,2025-01-18 12:30:00,2024,Newcastle United,1,0.837801,home,-0.16219899999999998,-0.10564579999999983,-0.3400526301431826,22
26829,2025-01-25 15:00:00,2024,Newcastle United,3,3.08319,away,0.0831900000000001,-0.05474179999999977,-0.22553793781098297,23
26839,2025-02-01 15:00:00,2024,Newcastle United,1,1.22716,home,0.22716000000000003,-0.05778979999999976,-0.23239478171772,24
26848,2025-02-15 15:00:00,2024,Newcastle United,0,0.157211,away,0.157211,-0.11227359999999975,-0.3549626662472086,25
26860,2025-02-23 14:00:00,2024,Newcastle United,4,3.45858,home,-0.54142,-0.04721159999999976,-0.2085978439833873,26
26870,2025-02-26 20:15:00,2024,Newcastle United,0,0.45882,away,0.45882,0.07699220000000025,0.07081359605059913,27
26880,2025-03-10 20:00:00,2024,Newcastle United,1,1.62976,away,0.6297600000000001,0.18630620000000025,0.3167286337215495,28
26899,2025-04-02 19:45:00,2024,Newcastle United,2,2.26584,home,0.26583999999999985,0.19404220000000022,0.33413169949009214,29
26908,2025-04-07 19:00:00,2024,Newcastle United,3,3.44111,away,0.4411100000000001,0.2508220000000002,0.4618647131566767,30
26918,2025-04-13 15:30:00,2024,Newcastle United,4,2.6383,home,-1.3617,0.08676600000000026,0.09280093889038486,31
26890,2025-04-16 18:30:00,2024,Newcastle United,5,2.32947,home,-2.67053,-0.5391039999999997,-1.315169171316155,32
26922,2025-04-19 16:30:00,2024,Newcastle United,1,1.27176,away,0.27176,-0.6107039999999998,-1.4762420137447558,33
26938,2025-04-26 14:00:00,2024,Newcastle United,3,4.11539,home,1.1153899999999997,-0.4407939999999998,-1.0940089598754328,34
26944,2025-05-04 13:00:00,2024,Newcastle United,1,1.63777,away,0.63777,-0.4014619999999999,-1.0055268783335096,35
26957,2025-05-11 11:00:00,2024,Newcastle United,2,1.6703,home,-0.3297000000000001,-0.1950619999999999,-0.5412051649639124,36
26962,2025-05-18 15:30:00,2024,Newcastle United,0,2.24634,away,2.24634,0.7883120000000001,1.671013345516293,37
26973,2025-05-25 15:00:00,2024,Newcastle United,0,1.1591,home,1.1591,0.9657800000000002,2.0702490326687917,38
85,2015-08-08 18:00:00,2015,Norwich,1,1.13076,home,0.13076,,,1
93,2015-08-15 18:00:00,2015,Norwich,3,1.71686,away,-1.28314,,,2
102,2015-08-22 18:00:00,2015,Norwich,1,3.14888,home,2.14888,0.3321666666666667,1.045040592882819,3
119,2015-08-30 16:30:00,2015,Norwich,0,0.639434,away,0.639434,0.40898350000000006,1.2983253914136283,4
126,2015-09-12 18:00:00,2015,Norwich,3,1.33151,home,-1.66849,-0.006511200000000006,-0.07166718460750035,5
140,2015-09-20 19:00:00,2015,Norwich,1,0.556271,away,-0.44372900000000004,-0.12140900000000002,-0.4505146957819159,6
147,2015-09-26 18:00:00,2015,Norwich,2,1.38603,away,-0.6139699999999999,0.012424999999999997,-0.009229677178280918,7
155,2015-10-03 18:00:00,2015,Norwich,1,1.18074,home,0.1807399999999999,-0.38120300000000007,-1.3071221357681135,8
169,2015-10-18 19:00:00,2015,Norwich,2,1.34395,away,-0.65605,-0.6402998,-2.1614307285632344,9
174,2015-10-24 18:00:00,2015,Norwich,0,1.03228,home,1.03228,-0.10014580000000003,-0.3804044726131187,10
183,2015-10-31 19:00:00,2015,Norwich,1,1.17497,away,0.17497000000000007,0.023593999999999983,0.027597380017827636,11
194,2015-11-07 19:00:00,2015,Norwich,1,1.19517,home,0.19517000000000007,0.18542199999999998,0.5611857954473077,12
207,2015-11-21 19:00:00,2015,Norwich,0,0.202798,away,0.202798,0.1898336,0.5757319719650222,13
220,2015-11-29 20:15:00,2015,Norwich,1,1.01025,home,0.010250000000000092,0.32309360000000004,1.015124365371185,14
223,2015-12-05 19:00:00,2015,Norwich,0,0.310524,away,0.310524,0.17874240000000002,0.5391614413200694,15
231,2015-12-12 16:45:00,2015,Norwich,1,1.49283,home,0.4928300000000001,0.2423144,0.7487746278247712,16
246,2015-12-19 19:00:00,2015,Norwich,2,0.556897,away,-1.443103,-0.0853402,-0.3315866126415271,17
253,2015-12-26 19:00:00,2015,Norwich,0,0.452019,away,0.452019,-0.03549600000000001,-0.16723750311567195,18
263,2015-12-28 19:00:00,2015,Norwich,2,1.10319,home,-0.8968100000000001,-0.21690800000000005,-0.7653993886972329,19
276,2016-01-02 19:00:00,2015,Norwich,1,1.50509,home,0.50509,-0.17799480000000004,-0.6370925893343882,20
285,2016-01-13 23:45:00,2015,Norwich,1,0.193728,away,-0.806272,-0.4378152,-1.4937870768906434,21
296,2016-01-16 19:00:00,2015,Norwich,0,0.595472,away,0.595472,-0.030100200000000066,-0.1494461668081457,22
301,2016-01-23 16:45:00,2015,Norwich,4,1.03432,home,-2.96568,-0.71364,-2.403252175440667,23
313,2016-02-02 23:45:00,2015,Norwich,0,0.929319,home,0.929319,-0.34841419999999995,-1.1990090537561366,24
326,2016-02-06 19:00:00,2015,Norwich,0,1.1413,away,1.1413,-0.22117220000000004,-0.7794595496154572,25
333,2016-02-13 19:00:00,2015,Norwich,2,1.03362,home,-0.96638,-0.2531938,-0.8850429764854465,26
343,2016-02-27 19:00:00,2015,Norwich,0,0.814784,away,0.814784,-0.20933140000000003,-0.7404173955418889,27
353,2016-03-01 23:45:00,2015,Norwich,1,1.24159,home,0.24158999999999997,0.4321225999999999,1.374620937941202,28
361,2016-03-05 19:00:00,2015,Norwich,0,0.580126,away,0.580126,0.36228399999999994,1.144345164219638,29
369,2016-03-12 16:45:00,2015,Norwich,0,0.139743,home,0.139743,0.16197259999999997,0.48386711024590834,30
378,2016-03-19 19:00:00,2015,Norwich,1,0.799255,away,-0.20074499999999995,0.3150996,0.9887660973771216,31
387,2016-04-02 18:00:00,2015,Norwich,3,1.65216,home,-1.34784,-0.11742520000000001,-0.4373790855699132,32
399,2016-04-09 18:00:00,2015,Norwich,0,0.675663,away,0.675663,-0.030610599999999998,-0.15112908649593257,33
405,2016-04-16 15:45:00,2015,Norwich,0,1.09006,home,1.09006,0.0713762,0.18514754676112616,34
432,2016-04-30 20:30:00,2015,Norwich,0,0.578781,away,0.578781,0.15918380000000001,0.47467172148160486,35
437,2016-05-07 15:45:00,2015,Norwich,0,1.36825,home,1.36825,0.4729827999999999,1.5093474955958208,36
448,2016-05-11 22:45:00,2015,Norwich,4,2.41871,home,-1.58129,0.42629279999999986,1.3553985923380258,37
453,2016-05-15 18:00:00,2015,Norwich,0,0.43016,away,0.43016,0.3771922,1.1935013227021367,38
11643,2019-08-09 20:00:00,2019,Norwich,1,0.842407,away,-0.15759299999999998,0.12766159999999993,-0.34224370539428134,1
11657,2019-08-17 15:00:00,2019,Norwich,3,2.09572,home,-0.90428,-0.16895060000000006,-1.0675678418809633,2
11664,2019-08-24 12:30:00,2019,Norwich,2,1.07904,home,-0.92096,-0.6267926000000001,-2.1871571686090463,3
11674,2019-08-31 15:00:00,2019,Norwich,0,1.1674,away,1.1674,-0.07705460000000004,-0.8428488760171851,4
11689,2019-09-14 16:30:00,2019,Norwich,3,1.7413,home,-1.2587,-0.41482660000000005,-1.6688236141748858,5
11696,2019-09-21 14:00:00,2019,Norwich,0,0.801428,away,0.801428,-0.2230224,-1.1997929548172503,6
11709,2019-09-28 14:00:00,2019,Norwich,0,0.712129,away,0.712129,0.1002594,-0.4092519978813581,7
11717,2019-10-05 15:00:00,2019,Norwich,1,1.84838,home,0.8483799999999999,0.45412739999999996,0.4560832834397378,8
11724,2019-10-19 15:00:00,2019,Norwich,0,0.402873,away,0.402873,0.301222,0.08217426277521125,9
11739,2019-10-27 16:30:00,2019,Norwich,1,0.8924,home,-0.10760000000000003,0.531442,0.6451454510876404,10
11746,2019-11-02 15:00:00,2019,Norwich,0,0.455082,away,0.455082,0.46217279999999994,0.4757571970808151,11
11757,2019-11-08 20:00:00,2019,Norwich,0,0.62104,home,0.62104,0.4439549999999999,0.43120808529887517,12
11768,2019-11-23 15:00:00,2019,Norwich,2,1.80849,away,-0.19151000000000007,0.23597699999999994,-0.07737336636840997,13
11781,2019-12-01 14:00:00,2019,Norwich,2,0.810596,home,-1.1894040000000001,-0.0824784000000001,-0.8561120292235486,14
11790,2019-12-04 19:30:00,2019,Norwich,1,0.896647,away,-0.10335300000000003,-0.08162900000000009,-0.8540349389301223,15
11799,2019-12-08 14:00:00,2019,Norwich,1,0.585805,home,-0.414195,-0.2554844000000001,-1.2791742888238444,16
11807,2019-12-14 15:00:00,2019,Norwich,1,1.16408,away,0.16408,-0.3468764000000001,-1.5026607923519895,17
11819,2019-12-21 15:00:00,2019,Norwich,1,1.26536,home,0.26536000000000004,-0.2555024,-1.2792183053358313,18
11823,2019-12-26 15:00:00,2019,Norwich,0,1.45005,away,1.45005,0.2723884,0.011665679440465062,19
11839,2019-12-28 17:30:00,2019,Norwich,2,0.268052,home,-1.731948,-0.053330600000000006,-0.7848351132184531,20
11850,2020-01-01 17:30:00,2019,Norwich,1,1.66454,home,0.6645399999999999,0.16241639999999996,-0.25725564590526717,21
11862,2020-01-11 15:00:00,2019,Norwich,0,0.275987,away,0.275987,0.18479779999999996,-0.20252502582840243,22
11869,2020-01-18 15:00:00,2019,Norwich,1,1.76046,home,0.7604599999999999,0.2838177999999999,0.039614697335079066,23
11880,2020-01-22 19:30:00,2019,Norwich,1,1.42472,away,0.42472,0.07875179999999993,-0.4618458608374368,24
11889,2020-02-01 15:00:00,2019,Norwich,0,2.39985,away,2.39985,0.9051113999999998,1.558902319100812,25
11899,2020-02-15 17:30:00,2019,Norwich,0,0.383495,home,0.383495,0.8489024000000001,1.4214509789746146,26
11912,2020-02-23 14:00:00,2019,Norwich,0,0.360646,away,0.360646,0.8658341999999999,1.4628553555112678,27
11919,2020-02-28 20:00:00,2019,Norwich,1,0.591716,home,-0.408284,0.6320853999999999,0.8912549745599848,28
11929,2020-03-07 15:00:00,2019,Norwich,0,2.55449,away,2.55449,1.0580393999999997,1.9328666049414998,29
11937,2020-06-19 17:00:00,2019,Norwich,0,0.654932,home,0.654932,0.7090558,1.079475448684227,30
11948,2020-06-24 17:00:00,2019,Norwich,0,0.382813,home,0.382813,0.7089194,1.0791419013378374,31
11953,2020-07-01 17:00:00,2019,Norwich,0,0.153871,away,0.153871,0.6675644,0.9780139650479385,32
11969,2020-07-04 11:30:00,2019,Norwich,0,0.545069,home,0.545069,0.858235,1.4442725622951103,33
11981,2020-07-07 17:00:00,2019,Norwich,1,1.13378,away,0.13378,0.374093,0.26037022083061495,34
11988,2020-07-11 11:30:00,2019,Norwich,0,0.613251,home,0.613251,0.36575680000000005,0.23998519598477164,35
11995,2020-07-14 19:15:00,2019,Norwich,0,0.0631109,away,0.0631109,0.30181638000000005,0.08362773690825433,36
12008,2020-07-18 16:30:00,2019,Norwich,0,0.576602,home,0.576602,0.38636258,0.29037378278307097,37
12017,2020-07-26 15:00:00,2019,Norwich,0,0.786563,away,0.786563,0.43466138,0.4084818221804489,38
16383,2021-08-14 16:30:00,2021,Norwich,0,1.3333,home,1.3333,0.67456538,1.078029753003215,1
16387,2021-08-21 14:00:00,2021,Norwich,0,0.0250088,away,0.0250088,0.55691694,0.7979954712324834,2
16398,2021-08-28 14:00:00,2021,Norwich,1,1.44084,home,0.4408399999999999,0.6324627599999999,0.9778144254360491,3
16407,2021-09-11 14:00:00,2021,Norwich,0,0.577292,away,0.577292,0.6326007600000001,0.9781429017922542,4
16418,2021-09-18 14:00:00,2021,Norwich,1,0.782665,home,-0.21733499999999994,0.43182116,0.5002345582543812,5
16428,2021-09-25 14:00:00,2021,Norwich,0,0.800903,away,0.800903,0.32534176000000004,0.24678553417570723,6
16437,2021-10-02 14:00:00,2021,Norwich,0,0.673617,away,0.673617,0.45506340000000006,0.5555572126401342,7
16453,2021-10-16 14:00:00,2021,Norwich,0,1.16088,home,1.16088,0.5990714,0.8983341916569365,8
16459,2021-10-23 11:30:00,2021,Norwich,0,0.267429,away,0.267429,0.5370988000000001,0.7508230769284723,9
16472,2021-10-31 14:00:00,2021,Norwich,1,0.661887,home,-0.338113,0.5129431999999999,0.6933263851173346,10
16477,2021-11-06 15:00:00,2021,Norwich,2,1.15797,away,-0.8420300000000001,0.18435659999999995,-0.08879628927160513,11
16492,2021-11-20 15:00:00,2021,Norwich,2,0.43778,home,-1.56222,-0.2628108,-1.1531725078622257,12
16505,2021-11-27 15:00:00,2021,Norwich,0,1.4047,home,1.4047,-0.21404680000000004,-1.0371013409494474,13
16513,2021-11-30 19:30:00,2021,Norwich,1,1.51084,away,0.51084,-0.16536459999999997,-0.9212248795869413,14
16522,2021-12-05 14:00:00,2021,Norwich,0,1.06562,away,1.06562,0.11538200000000001,-0.252974008682279,15
16535,2021-12-11 17:30:00,2021,Norwich,0,0.986107,home,0.986107,0.48100940000000003,0.6173155281335091,16
16541,2021-12-14 19:45:00,2021,Norwich,0,0.502647,home,0.502647,0.8939828000000001,1.6003010182889001,17
16562,2021-12-26 15:00:00,2021,Norwich,0,0.154212,home,0.154212,0.6438851999999999,1.0050028418865289,18
16570,2021-12-28 15:00:00,2021,Norwich,0,0.594134,away,0.594134,0.660544,1.0446551746600217,19
16554,2022-01-12 21:45:00,2021,Norwich,0,0.343347,away,0.343347,0.5160894,0.7008151699861106,20
16592,2022-01-15 15:00:00,2021,Norwich,2,1.00153,home,-0.99847,0.11917399999999997,-0.24394804967700356,21
16605,2022-01-21 20:00:00,2021,Norwich,3,0.925212,away,-2.074788,-0.39631299999999997,-1.470942915118051,22
16609,2022-02-09 19:45:00,2021,Norwich,1,0.296411,home,-0.703589,-0.5678732,-1.8793013887828367,23
16623,2022-02-12 17:30:00,2021,Norwich,0,0.356755,home,0.356755,-0.6153489999999999,-1.9923063003183479,24
16631,2022-02-19 15:00:00,2021,Norwich,1,0.66975,away,-0.33025000000000004,-0.7500684000000001,-2.312973964246437,25
16644,2022-02-25 20:00:00,2021,Norwich,0,0.424877,away,0.424877,-0.465399,-1.6353857958771398,26
16652,2022-03-05 15:00:00,2021,Norwich,1,0.77334,home,-0.22665999999999997,-0.09577340000000001,-0.7555794897325299,27
16672,2022-03-10 19:30:00,2021,Norwich,1,0.965723,home,-0.034277,0.038089,-0.43695171158174084,28
16662,2022-03-13 14:00:00,2021,Norwich,1,1.40148,away,0.40148000000000006,0.047034000000000006,-0.4156602550147078,29
16685,2022-04-02 14:00:00,2021,Norwich,0,0.494112,away,0.494112,0.2119064,-0.023220507255903803,30
16688,2022-04-10 13:00:00,2021,Norwich,2,1.6723,home,-0.3277000000000001,0.061390999999999994,-0.38148681265217077,31
16702,2022-04-16 14:00:00,2021,Norwich,2,1.79754,away,-0.20246000000000008,0.06623099999999997,-0.3699663375505007,32
16706,2022-04-23 14:00:00,2021,Norwich,0,0.657661,home,0.657661,0.20461859999999996,-0.040567391232340294,33
16725,2022-04-30 14:00:00,2021,Norwich,0,0.352212,away,0.352212,0.194765,-0.06402155517073227,34
16726,2022-05-08 13:00:00,2021,Norwich,0,0.77895,home,0.77895,0.2517326,0.07157634098668667,35
16582,2022-05-11 18:45:00,2021,Norwich,0,1.21966,away,1.21966,0.5612046,0.8082012316197619,36
16736,2022-05-15 13:00:00,2021,Norwich,1,1.53212,away,0.5321199999999999,0.7081206,1.1579000167513693,37
16755,2022-05-22 15:00:00,2021,Norwich,0,0.310789,home,0.310789,0.6387461999999999,0.9927706680130819,38
18206,2022-08-06 14:00:00,2022,Nottingham Forest,0,0.235825,away,0.235825,,,1
18219,2022-08-14 13:00:00,2022,Nottingham Forest,1,1.9717,home,0.9717,,,2
18224,2022-08-20 14:00:00,2022,Nottingham Forest,1,0.918315,away,-0.08168500000000001,0.37528,0.9457574055292666,3
18241,2022-08-28 15:30:00,2022,Nottingham Forest,0,0.801369,home,0.801369,0.48180225,1.2701391129963924,4
18246,2022-08-31 18:30:00,2022,Nottingham Forest,0,0.729752,away,0.729752,0.5313922,1.4211504993894641,5
18254,2022-09-03 14:00:00,2022,Nottingham Forest,2,1.32895,home,-0.6710499999999999,0.3500172,0.8688270909761988,6
18273,2022-09-16 19:00:00,2022,Nottingham Forest,2,1.41541,home,-0.5845899999999999,0.038759200000000014,-0.07901621408732216,7
18287,2022-10-03 19:00:00,2022,Nottingham Forest,0,1.22169,away,1.22169,0.2994342,0.7147916673082833,8
18300,2022-10-10 19:00:00,2022,Nottingham Forest,1,0.221346,home,-0.778654,-0.016570399999999985,-0.24750599083793612,9
18311,2022-10-15 14:00:00,2022,Nottingham Forest,0,1.24761,away,1.24761,0.08700120000000004,0.0678903930452637,10
18315,2022-10-18 18:30:00,2022,Nottingham Forest,0,0.195003,away,0.195003,0.26021180000000005,0.5953515589463346,11
18327,2022-10-22 11:30:00,2022,Nottingham Forest,1,2.50163,home,1.50163,0.6774558,1.8659435822129617,12
18332,2022-10-30 14:00:00,2022,Nottingham Forest,0,0.206127,away,0.206127,0.47434320000000013,1.2474248033091428,13
18347,2022-11-05 15:00:00,2022,Nottingham Forest,2,1.29696,home,-0.7030400000000001,0.489466,1.2934767754152878,14
18358,2022-11-12 15:00:00,2022,Nottingham Forest,1,1.23752,home,0.23751999999999995,0.287448,0.6782912739909954,15
18370,2022-12-27 20:00:00,2022,Nottingham Forest,0,0.477076,away,0.477076,0.34386259999999996,0.8500850942874585,16
18378,2023-01-01 16:30:00,2022,Nottingham Forest,1,0.985219,home,-0.014781000000000044,0.04058039999999995,-0.07347029325257536,17
18391,2023-01-04 19:30:00,2022,Nottingham Forest,1,1.22324,away,0.2232400000000001,0.04400299999999997,-0.06304778685624038,18
18399,2023-01-14 15:00:00,2022,Nottingham Forest,2,1.75313,home,-0.24686999999999992,0.135237,0.2147781199290159,19
18403,2023-01-21 15:00:00,2022,Nottingham Forest,1,1.57544,away,0.57544,0.202821,0.4205850130190345,20
18419,2023-02-05 14:00:00,2022,Nottingham Forest,1,0.3325,home,-0.6675,-0.0260942,-0.27650788016692995,21
18425,2023-02-11 15:00:00,2022,Nottingham Forest,0,0.686824,away,0.686824,0.1142268,0.15079782895482222,22
18439,2023-02-18 15:00:00,2022,Nottingham Forest,1,1.12735,home,0.12735000000000007,0.09504880000000002,0.09239695603104774,23
18451,2023-02-25 15:00:00,2022,Nottingham Forest,0,0.350849,away,0.350849,0.21459260000000002,0.45643190611057205,24
18459,2023-03-05 14:00:00,2022,Nottingham Forest,2,0.799733,home,-1.200267,-0.14054879999999997,-0.6250451911556378,25
18470,2023-03-11 15:00:00,2022,Nottingham Forest,1,1.62805,away,0.62805,0.11856120000000003,0.1639969500102404,26
18479,2023-03-17 20:00:00,2022,Nottingham Forest,1,0.531985,home,-0.46801499999999996,-0.11240659999999995,-0.5393465236201572,27
18490,2023-04-01 14:00:00,2022,Nottingham Forest,1,1.11441,home,0.1144099999999999,-0.11499459999999999,-0.5472275049073995,28
18271,2023-04-04 18:45:00,2022,Nottingham Forest,1,0.613917,away,-0.38608299999999995,-0.262381,-0.9960487801755503,29
18492,2023-04-08 14:00:00,2022,Nottingham Forest,0,0.232452,away,0.232452,0.02416280000000002,-0.12346519216348141,30
18507,2023-04-16 15:30:00,2022,Nottingham Forest,0,1.05289,home,1.05289,0.10913080000000004,0.13527948249431784,31
18519,2023-04-22 14:00:00,2022,Nottingham Forest,2,0.724666,away,-1.275334,-0.05233299999999996,-0.35641031131054934,32
18524,2023-04-26 18:30:00,2022,Nottingham Forest,3,2.43846,home,-0.5615399999999999,-0.18752299999999994,-0.7680910919219308,33
18534,2023-04-29 14:00:00,2022,Nottingham Forest,1,0.939693,away,-0.060307,-0.12236779999999994,-0.5696803840523349,34
18548,2023-05-08 19:00:00,2022,Nottingham Forest,4,1.91326,home,-2.08674,-0.5862061999999999,-1.9821617405841363,35
18555,2023-05-13 14:00:00,2022,Nottingham Forest,2,1.96797,away,-0.03203,-0.8031901999999999,-2.6429217265311737,36
18568,2023-05-20 16:30:00,2022,Nottingham Forest,1,1.1397,home,0.13969999999999994,-0.5201834,-1.781109015958431,37
18576,2023-05-28 15:30:00,2022,Nottingham Forest,1,0.436439,away,-0.563561,-0.5205876,-1.7823398863743134,38
22276,2023-08-12 11:30:00,2023,Nottingham Forest,1,0.966305,away,-0.03369500000000003,-0.5152652,-1.3910848604533967,1
22285,2023-08-18 18:45:00,2023,Nottingham Forest,2,1.37181,home,-0.62819,-0.2235552,-0.6901440315821459,2
22300,2023-08-26 14:00:00,2023,Nottingham Forest,2,0.960354,away,-1.0396459999999998,-0.42507839999999997,-1.1743778214583478,3
21930,2023-09-02 14:00:00,2023,Nottingham Forest,1,1.1505,away,0.15050000000000008,-0.4229184,-1.1691876250634285,4
21944,2023-09-18 18:45:00,2023,Nottingham Forest,1,0.705795,home,-0.29420500000000005,-0.36904719999999996,-1.0397422046791807,5
21946,2023-09-23 14:00:00,2023,Nottingham Forest,0,0.729109,away,0.729109,-0.21648639999999997,-0.673158633306032,6
21963,2023-10-01 13:00:00,2023,Nottingham Forest,1,0.800317,home,-0.19968300000000005,-0.13078499999999998,-0.46722942158402514,7
21968,2023-10-07 16:30:00,2023,Nottingham Forest,0,1.22105,away,1.22105,0.3213542,0.6192017107500888,8
21982,2023-10-21 14:00:00,2023,Nottingham Forest,2,3.27549,home,1.27549,0.5463522,1.1598423628167776,9
21991,2023-10-29 14:00:00,2023,Nottingham Forest,0,0.642014,away,0.642014,0.7335959999999999,1.6097646293589007,10
22002,2023-11-05 14:00:00,2023,Nottingham Forest,2,0.592447,home,-1.407553,0.30626359999999997,0.5829409803254736,11
22013,2023-11-12 14:00:00,2023,Nottingham Forest,2,1.42128,away,-0.5787199999999999,0.23045619999999997,0.40078575153463863,12
22022,2023-11-25 15:00:00,2023,Nottingham Forest,2,2.22655,home,0.22655000000000003,0.03155619999999999,-0.0771448331641782,13
22033,2023-12-02 17:30:00,2023,Nottingham Forest,0,0.673085,home,0.673085,-0.0889248,-0.36664485717171036,14
22038,2023-12-06 19:30:00,2023,Nottingham Forest,0,0.218659,away,0.218659,-0.17359580000000002,-0.5700981529838448,15
22054,2023-12-09 15:00:00,2023,Nottingham Forest,1,1.21801,away,0.21801000000000004,0.1515168,0.21110473797117071,16
22063,2023-12-15 20:00:00,2023,Nottingham Forest,0,1.70569,home,1.70569,0.6083988,1.3089321959820548,17
22070,2023-12-23 15:00:00,2023,Nottingham Forest,2,0.791806,home,-1.208194,0.32144999999999996,0.6194319055716783,18
22083,2023-12-26 12:30:00,2023,Nottingham Forest,3,3.1074,away,0.10740000000000016,0.20831299999999997,0.34757854930687165,19
22091,2023-12-30 17:30:00,2023,Nottingham Forest,2,0.744348,home,-1.255652,-0.08654920000000002,-0.36093660228477975,20
22104,2024-01-20 17:30:00,2023,Nottingham Forest,2,1.22251,away,-0.77749,-0.28564920000000005,-0.839347760723867,21
22108,2024-01-30 19:30:00,2023,Nottingham Forest,1,0.631618,home,-0.368382,-0.7004636000000001,-1.836092299353776,22
22115,2024-02-04 14:00:00,2023,Nottingham Forest,1,0.456548,away,-0.543452,-0.5675152000000001,-1.5166347500990138,23
22131,2024-02-10 17:30:00,2023,Nottingham Forest,2,0.968075,home,-1.031925,-0.7953802000000001,-2.0641644267324777,24
22142,2024-02-17 15:00:00,2023,Nottingham Forest,2,2.66942,home,0.6694200000000001,-0.4103658,-1.1390253754028434,25
22147,2024-02-24 15:00:00,2023,Nottingham Forest,2,2.25569,away,0.25569,-0.20372980000000002,-0.6425061984303715,26
22162,2024-03-02 15:00:00,2023,Nottingham Forest,0,0.971466,home,0.971466,0.06423979999999999,0.0013895663233142474,27
22168,2024-03-10 14:00:00,2023,Nottingham Forest,0,0.687034,away,0.687034,0.310337,0.5927288256935589,28
22181,2024-03-16 15:00:00,2023,Nottingham Forest,1,1.95268,away,0.95268,0.707258,1.546477873502705,29
22192,2024-03-30 15:00:00,2023,Nottingham Forest,1,0.784652,home,-0.21534799999999998,0.5303043999999999,1.1212816064712285,30
22198,2024-04-02 18:30:00,2023,Nottingham Forest,3,1.94619,home,-1.05381,0.26840439999999993,0.4919702935872662,31
22213,2024-04-07 19:00:00,2023,Nottingham Forest,1,2.00122,away,1.00122,0.2743551999999999,0.5062692846552688,32
22223,2024-04-13 14:00:00,2023,Nottingham Forest,2,1.76244,home,-0.23756,0.08943639999999993,0.06193368784378776,33
22228,2024-04-21 12:30:00,2023,Nottingham Forest,0,1.18916,away,1.18916,0.13673239999999992,0.1755797659429091,34
22242,2024-04-28 15:30:00,2023,Nottingham Forest,0,2.17312,home,2.17312,0.6144259999999999,1.3234147662188405,35
22254,2024-05-04 14:00:00,2023,Nottingham Forest,3,1.93818,away,-1.06182,0.612824,1.3195653705592756,36
22261,2024-05-11 16:30:00,2023,Nottingham Forest,2,2.44569,home,0.4456899999999999,0.5017179999999999,1.0525922406269135,37
22268,2024-05-19 15:00:00,2023,Nottingham Forest,2,1.57962,away,-0.42038,0.4651539999999999,0.9647337494306966,38
26607,2024-08-17 14:00:00,2024,Nottingham Forest,1,1.24405,home,0.2440500000000001,0.27613199999999993,1.0827226343035623,1
26616,2024-08-24 14:00:00,2024,Nottingham Forest,1,2.86475,away,1.86475,0.2144579999999999,0.9333747428887388,2
26627,2024-08-31 14:00:00,2024,Nottingham Forest,1,1.41069,home,0.41069,0.5089599999999999,1.6465318709726695,3
26635,2024-09-14 14:00:00,2024,Nottingham Forest,1,0.589532,away,-0.41046800000000006,0.33772839999999993,1.2318826119074802,4
26650,2024-09-22 13:00:00,2024,Nottingham Forest,2,1.36923,away,-0.63077,0.29565039999999987,1.12998780088577,5
26653,2024-09-28 14:00:00,2024,Nottingham Forest,0,0.614351,home,0.614351,0.3697105999999999,1.309329739267586,6
26668,2024-10-06 13:00:00,2024,Nottingham Forest,1,1.66654,away,0.6665399999999999,0.13006859999999987,0.729019926470765,7
26677,2024-10-21 19:00:00,2024,Nottingham Forest,1,1.88573,home,0.8857299999999999,0.22507659999999988,0.9590884232042273,8
26682,2024-10-25 19:00:00,2024,Nottingham Forest,3,2.54488,away,-0.45511999999999997,0.21614619999999984,0.937462836903826,9
26698,2024-11-02 15:00:00,2024,Nottingham Forest,3,2.35011,home,-0.6498900000000001,0.21232219999999985,0.9282027542633247,10
26704,2024-11-10 14:00:00,2024,Nottingham Forest,1,1.17852,home,0.17852,0.12515599999999988,0.7171237230241836,11
26714,2024-11-23 15:00:00,2024,Nottingham Forest,0,0.403136,away,0.403136,0.07247519999999988,0.5895534924886899,12
26728,2024-11-30 15:00:00,2024,Nottingham Forest,1,1.76587,home,0.76587,0.0485031999999999,0.5315036229651283,13
26739,2024-12-04 19:30:00,2024,Nottingham Forest,0,0.802155,away,0.802155,0.2999581999999999,1.1404194389607576,14
26744,2024-12-07 17:30:00,2024,Nottingham Forest,3,0.651217,away,-2.348783,-0.03982040000000016,0.3176218669226093,15
26761,2024-12-14 17:30:00,2024,Nottingham Forest,2,2.2861,home,0.2860999999999998,-0.018304400000000155,0.3697243611937988,16
26766,2024-12-21 15:00:00,2024,Nottingham Forest,2,0.964897,away,-1.0351029999999999,-0.3059522000000001,-0.3268348436593462,17
26779,2024-12-26 15:00:00,2024,Nottingham Forest,1,1.30018,home,0.3001799999999999,-0.3990902000000002,-0.5523750050011408,18
26785,2024-12-29 15:00:00,2024,Nottingham Forest,2,2.02753,away,0.027530000000000054,-0.5540152000000002,-0.9275366951370413,19
26801,2025-01-06 20:00:00,2024,Nottingham Forest,3,2.57227,away,-0.42772999999999994,-0.16980460000000014,0.0028560630629163937,20
26807,2025-01-14 20:00:00,2024,Nottingham Forest,1,0.5292,home,-0.4708,-0.32118460000000015,-0.3637211623866407,21
26820,2025-01-19 14:00:00,2024,Nottingham Forest,3,2.36419,home,-0.6358100000000002,-0.2413260000000002,-0.17033799409303535,22
26822,2025-01-25 15:00:00,2024,Nottingham Forest,0,0.996166,away,0.996166,-0.10212880000000016,0.16673773167223815,23
26840,2025-02-01 12:30:00,2024,Nottingham Forest,7,4.0677,home,-2.9322999999999997,-0.6940948,-1.2667492140304468,24
26845,2025-02-15 15:00:00,2024,Nottingham Forest,1,0.331301,away,-0.6686989999999999,-0.7422886,-1.3834538611956657,25
26860,2025-02-23 14:00:00,2024,Nottingham Forest,3,2.38603,away,-0.6139700000000001,-0.7709226000000001,-1.4527930887919314,26
26864,2025-02-26 19:30:00,2024,Nottingham Forest,0,0.508611,home,0.508611,-0.5420384,-0.8985340388167593,27
26878,2025-03-08 12:30:00,2024,Nottingham Forest,1,0.501476,home,-0.49852399999999997,-0.8409764000000001,-1.6224332502148284,28
26887,2025-03-15 15:00:00,2024,Nottingham Forest,4,1.30722,away,-2.69278,-0.7930724,-1.5064303739568312,29
26894,2025-04-01 20:00:00,2024,Nottingham Forest,1,0.512063,home,-0.48793699999999995,-0.7569200000000001,-1.4188848165163337,30
26902,2025-04-05 16:30:00,2024,Nottingham Forest,1,0.96769,away,-0.03230999999999995,-0.6405879999999999,-1.137178766899489,31
26920,2025-04-12 14:00:00,2024,Nottingham Forest,0,0.423949,home,0.423949,-0.6575204,-1.1781817541646635,32
26930,2025-04-21 19:00:00,2024,Nottingham Forest,2,0.557682,away,-1.442318,-0.8462792,-1.6352743501693394,33
26939,2025-05-01 18:30:00,2024,Nottingham Forest,0,0.670607,home,0.670607,-0.17360180000000006,-0.006339121508870023,34
26949,2025-05-05 19:00:00,2024,Nottingham Forest,1,0.63684,away,-0.36316000000000004,-0.14864640000000007,0.0540921196853688,35
26958,2025-05-11 13:15:00,2024,Nottingham Forest,2,1.76909,home,-0.23090999999999995,-0.18836640000000007,-0.04209262991732911,36
26971,2025-05-18 13:15:00,2024,Nottingham Forest,2,2.14756,away,0.1475599999999999,-0.2436442000000001,-0.17595167703686626,37
26972,2025-05-25 15:00:00,2024,Nottingham Forest,0,1.58014,home,1.58014,0.36084739999999993,1.2878668824529176,38
11645,2019-08-10 15:00:00,2019,Sheffield United,1,1.59864,away,0.5986400000000001,,,1
11660,2019-08-18 14:00:00,2019,Sheffield United,1,1.84778,home,0.84778,,,2
11665,2019-08-24 15:00:00,2019,Sheffield United,1,0.654318,home,-0.34568200000000004,0.36691266666666666,0.6119589494434101,3
11675,2019-08-31 15:00:00,2019,Sheffield United,2,1.04649,away,-0.9535100000000001,0.03680699999999998,-0.3805953211795887,4
11686,2019-09-14 14:00:00,2019,Sheffield United,0,1.88034,home,1.88034,0.4055135999999999,0.7280233648680678,5
11698,2019-09-21 14:00:00,2019,Sheffield United,2,0.508011,away,-1.491989,-0.01261220000000005,-0.5291878567336753,6
11703,2019-09-28 11:30:00,2019,Sheffield United,0,1.17022,home,1.17022,0.05187579999999996,-0.3352867933248801,7
11719,2019-10-05 15:00:00,2019,Sheffield United,0,0.353724,away,0.353724,0.19175699999999996,0.08530484280739818,8
11730,2019-10-21 20:00:00,2019,Sheffield United,1,0.895722,home,-0.10427799999999998,0.3616034,0.5959951662188174,9
11742,2019-10-26 15:00:00,2019,Sheffield United,1,1.16171,away,0.16171000000000002,0.01787740000000001,-0.43751241536615243,10
11750,2019-11-02 15:00:00,2019,Sheffield United,3,2.58392,home,-0.41608,0.23305920000000002,0.20949136589886874,11
11759,2019-11-09 15:00:00,2019,Sheffield United,1,0.923443,away,-0.07655699999999999,-0.016296199999999983,-0.5402648248145274,12
11770,2019-11-24 16:30:00,2019,Sheffield United,3,1.56025,home,-1.43975,-0.37499099999999996,-1.618780256510426,13
11780,2019-12-01 14:00:00,2019,Sheffield United,1,1.47296,away,0.47296000000000005,-0.2595434,-1.2716550175823584,14
11786,2019-12-05 19:30:00,2019,Sheffield United,0,1.09175,home,1.09175,-0.07353539999999996,-0.7123703599322035,15
11799,2019-12-08 14:00:00,2019,Sheffield United,2,0.712899,away,-1.287101,-0.24773959999999998,-1.236163618062064,16
11810,2019-12-14 15:00:00,2019,Sheffield United,2,1.888,home,-0.1120000000000001,-0.25482820000000006,-1.2574774606076478,17
11815,2019-12-21 15:00:00,2019,Sheffield United,1,1.65933,away,0.65933,0.16498779999999996,0.004815816219463697,18
11830,2019-12-26 15:00:00,2019,Sheffield United,1,2.04481,home,1.04481,0.2793578,0.34870095178055893,19
11837,2019-12-29 18:00:00,2019,Sheffield United,0,1.23346,away,1.23346,0.30769979999999997,0.433919037922664,20
11847,2020-01-02 20:00:00,2019,Sheffield United,0,0.634607,away,0.634607,0.6920413999999999,1.589548689210311,21
11855,2020-01-10 20:00:00,2019,Sheffield United,1,2.02768,home,1.0276800000000001,0.9199774,2.274901511272511,22
11863,2020-01-18 15:00:00,2019,Sheffield United,1,1.18444,away,0.18443999999999994,0.8249994,1.9893238037852181,23
11875,2020-01-21 19:30:00,2019,Sheffield United,0,0.774943,home,0.774943,0.771026,1.8270378024239065,24
11885,2020-02-01 15:00:00,2019,Sheffield United,1,0.860755,away,-0.13924499999999995,0.496485,1.001554117873075,25
11900,2020-02-09 14:00:00,2019,Sheffield United,2,2.04467,home,0.04466999999999999,0.37849760000000005,0.6467922656084848,26
11909,2020-02-22 15:00:00,2019,Sheffield United,1,1.6597,home,0.6597,0.3049016,0.4255054732962143,27
11929,2020-03-07 15:00:00,2019,Sheffield United,1,1.17263,home,0.17263000000000006,0.3025396,0.4184034649881327,28
11913,2020-06-17 17:00:00,2019,Sheffield United,0,0.235909,away,0.235909,0.1947328,0.09425241110680123,29
11938,2020-06-21 13:00:00,2019,Sheffield United,0,0.57107,away,0.57107,0.33679580000000003,0.5214042342528699,30
11950,2020-06-24 17:00:00,2019,Sheffield United,0,0.108082,away,0.108082,0.34947819999999996,0.5595373884300143,31
11960,2020-07-02 17:00:00,2019,Sheffield United,3,1.59994,home,-1.40006,-0.062473800000000024,-0.6791105906262441,32
11963,2020-07-05 11:00:00,2019,Sheffield United,1,1.63343,away,0.6334299999999999,0.029686199999999975,-0.4020059819586693,33
11980,2020-07-08 17:00:00,2019,Sheffield United,1,0.470483,home,-0.529517,-0.12339900000000004,-0.8622991073796484,34
11989,2020-07-11 16:30:00,2019,Sheffield United,3,2.00632,home,-0.9936799999999999,-0.43634900000000004,-1.8032701065389096,35
11998,2020-07-16 17:00:00,2019,Sheffield United,0,0.660214,away,0.660214,-0.3259226,-1.4712424984815193,36
12009,2020-07-20 17:00:00,2019,Sheffield United,0,0.468461,home,0.468461,0.0477816,-0.34759714151071747,37
12015,2020-07-26 15:00:00,2019,Sheffield United,1,1.41051,away,0.41050999999999993,0.0031976000000000005,-0.4816513067975573,38
14094,2020-09-14 17:00:00,2020,Sheffield United,0,0.949316,home,0.949316,0.2989642,-0.18773533668604628,1
14104,2020-09-21 17:00:00,2020,Sheffield United,0,0.849709,away,0.849709,0.6676420000000001,1.050695991166164,2
14110,2020-09-27 11:00:00,2020,Sheffield United,0,1.53278,home,1.53278,0.8421552,1.6369059935143884,3
14465,2020-10-04 13:00:00,2020,Sheffield United,1,0.144994,away,-0.8550059999999999,0.5774618,0.7477702797943973,4
14482,2020-10-18 11:00:00,2020,Sheffield United,1,1.66363,home,0.6636299999999999,0.6280858,0.9178221449763807,5
14490,2020-10-24 19:00:00,2020,Sheffield United,1,1.39788,away,0.39788,0.5177986000000001,0.5473546974080645,6
14502,2020-10-31 12:30:00,2020,Sheffield United,0,0.687544,home,0.687544,0.4853656,0.4384085030447727,7
14507,2020-11-07 17:30:00,2020,Sheffield United,1,0.743967,away,-0.25603299999999996,0.12760300000000002,-0.7633574068468971,8
14522,2020-11-22 14:00:00,2020,Sheffield United,0,0.692374,home,0.692374,0.43707900000000005,0.276208234529911,9
14527,2020-11-28 20:00:00,2020,Sheffield United,0,3.36544,away,3.36544,0.977441,2.091346626862934,10
14541,2020-12-06 14:15:00,2020,Sheffield United,1,0.290743,home,-0.709257,0.7560136000000001,1.3475464061692488,11
14551,2020-12-13 12:00:00,2020,Sheffield United,0,0.219115,away,0.219115,0.6623278,1.0328449793545704,12
14560,2020-12-17 20:00:00,2020,Sheffield United,2,1.23525,home,-0.76475,0.5605844,0.6910771431512553,13
14565,2020-12-20 12:00:00,2020,Sheffield United,1,1.03713,away,0.03713000000000011,0.4295356,0.2508690823528057,14
14582,2020-12-26 20:00:00,2020,Sheffield United,0,1.25106,home,1.25106,0.00665960000000001,-1.1696202614504587,15
14587,2020-12-29 18:00:00,2020,Sheffield United,0,0.492578,away,0.492578,0.2470266,-0.36219973604358,16
14604,2021-01-02 15:00:00,2020,Sheffield United,0,0.323158,away,0.323158,0.26783520000000005,-0.2923012443829876,17
14610,2021-01-12 18:00:00,2020,Sheffield United,1,2.01315,home,1.01315,0.6234152000000001,0.9021330599274126,18
14622,2021-01-17 14:00:00,2020,Sheffield United,1,0.978133,home,-0.02186699999999997,0.6116158,0.8624975120049192,19
14628,2021-01-27 20:15:00,2020,Sheffield United,2,0.689548,away,-1.310452,0.0993134,-0.8583854418747938,20
14642,2021-01-30 15:00:00,2020,Sheffield United,0,0.154537,away,0.154537,0.031705199999999996,-1.0854891972397704,21
14649,2021-02-02 18:00:00,2020,Sheffield United,2,1.35804,home,-0.6419600000000001,-0.16131840000000003,-1.7338777719106995,22
14662,2021-02-07 19:15:00,2020,Sheffield United,1,0.623045,home,-0.37695500000000004,-0.43933940000000005,-2.667782433923979,23
14674,2021-02-15 18:00:00,2020,Sheffield United,0,0.926652,away,0.926652,-0.24963560000000004,-2.030545451028317,24
14679,2021-02-20 20:00:00,2020,Sheffield United,0,0.977747,away,0.977747,0.20800419999999997,-0.49328048635721466,25
14694,2021-02-28 19:15:00,2020,Sheffield United,0,0.777149,home,0.777149,0.33252659999999995,-0.07499535722998212,26
14721,2021-03-03 18:00:00,2020,Sheffield United,1,0.716254,home,-0.28374600000000005,0.40416939999999996,0.16566108569945467,27
14701,2021-03-06 15:00:00,2020,Sheffield United,0,0.908155,home,0.908155,0.6611914,1.0290276804530059,28
14710,2021-03-14 14:00:00,2020,Sheffield United,0,0.0934777,away,0.0934777,0.49455653999999993,0.4692819324414163,29
14729,2021-04-03 14:00:00,2020,Sheffield United,1,0.867652,away,-0.13234800000000002,0.27253753999999997,-0.2765055410067267,30
14741,2021-04-11 18:00:00,2020,Sheffield United,0,0.315121,home,0.315121,0.18013193999999996,-0.5869066281049468,31
14754,2021-04-17 19:15:00,2020,Sheffield United,0,0.295925,away,0.295925,0.29606614,-0.19747025507276614,32
14762,2021-04-24 19:00:00,2020,Sheffield United,1,0.786324,home,-0.21367599999999998,0.07169993999999998,-0.9511422445203395,33
14773,2021-05-02 18:15:00,2020,Sheffield United,0,0.469026,away,0.469026,0.14680959999999996,-0.6988402182840756,34
14782,2021-05-08 14:00:00,2020,Sheffield United,0,0.639325,home,0.639325,0.3011442,-0.1804124648051851,35
14787,2021-05-16 18:00:00,2020,Sheffield United,1,1.391,away,0.391,0.31632,-0.12943519916776514,36
14801,2021-05-19 17:00:00,2020,Sheffield United,0,0.882242,away,0.882242,0.4335834,0.26446611024241595,37
14812,2021-05-23 15:00:00,2020,Sheffield United,1,0.420006,home,-0.579994,0.36031979999999997,0.018365212843024892,38
22280,2023-08-12 14:00:00,2023,Sheffield United,0,0.422704,home,0.422704,0.3510554,0.8336548116897656,1
22285,2023-08-18 18:45:00,2023,Sheffield United,1,0.551038,away,-0.44896199999999997,0.133398,0.0011249395478081655,2
22303,2023-08-27 13:00:00,2023,Sheffield United,1,0.762232,home,-0.23776799999999998,0.007644399999999984,-0.4798769860903316,3
21926,2023-09-02 11:30:00,2023,Sheffield United,2,1.575,home,-0.42500000000000004,-0.25380400000000003,-1.479905485115494,4
21936,2023-09-16 14:00:00,2023,Sheffield United,1,0.790655,away,-0.209345,-0.1796742,-1.196362297905186,5
21954,2023-09-24 15:30:00,2023,Sheffield United,0,0.579392,home,0.579392,-0.14833659999999999,-1.076497372011392,6
21960,2023-09-30 14:00:00,2023,Sheffield United,0,0.911997,away,0.911997,0.12385519999999998,-0.03537584592457308,7
21970,2023-10-07 14:00:00,2023,Sheffield United,1,0.251809,away,-0.748191,0.021770599999999973,-0.42584489951826143,8
21983,2023-10-21 19:00:00,2023,Sheffield United,1,1.41074,home,0.4107400000000001,0.1889186,0.21348876461989283,9
21986,2023-10-28 14:00:00,2023,Sheffield United,0,0.0281554,away,0.0281554,0.23641868000000002,0.3951744574983926,10
22003,2023-11-04 15:00:00,2023,Sheffield United,2,1.10165,home,-0.89835,-0.05912971999999998,-0.735285024530521,11
22008,2023-11-12 14:00:00,2023,Sheffield United,1,0.84434,away,-0.15566000000000002,-0.27266112,-1.552033130224576,12
22023,2023-11-25 15:00:00,2023,Sheffield United,1,0.816227,home,-0.18377299999999996,-0.15977751999999995,-1.1202583820426903,13
22028,2023-12-02 15:00:00,2023,Sheffield United,0,0.618131,away,0.618131,-0.11829931999999999,-0.9616061122706613,14
22040,2023-12-06 19:30:00,2023,Sheffield United,0,0.834172,home,0.834172,0.04290400000000001,-0.34501058467334983,15
22052,2023-12-09 15:00:00,2023,Sheffield United,1,0.841976,home,-0.15802400000000005,0.1909692,0.22133221839547917,16
22059,2023-12-16 15:00:00,2023,Sheffield United,0,0.44014,away,0.44014,0.3101292,0.6771139173610812,17
22065,2023-12-22 20:00:00,2023,Sheffield United,1,0.646159,away,-0.35384099999999996,0.27611559999999996,0.5470134105136792,18
22084,2023-12-26 15:00:00,2023,Sheffield United,2,3.61788,home,1.61788,0.47606539999999997,1.3118125004082104,19
22090,2023-12-30 15:00:00,2023,Sheffield United,0,0.263211,away,0.263211,0.36187319999999995,0.8750324154416124,20
22101,2024-01-21 14:00:00,2023,Sheffield United,2,2.61362,home,0.61362,0.516202,1.4653332098635883,21
22112,2024-01-30 20:00:00,2023,Sheffield United,2,0.768467,away,-1.231533,0.18186739999999996,0.18651823830446593,22
22124,2024-02-03 17:30:00,2023,Sheffield United,0,1.52784,home,1.52784,0.5582036,1.6259874613512821,23
22129,2024-02-10 15:00:00,2023,Sheffield United,3,1.98283,away,-1.01717,0.031193600000000023,-0.3898023437163742,24
22143,2024-02-18 14:00:00,2023,Sheffield United,0,0.586214,home,0.586214,0.09579420000000002,-0.1427079225834665,25
22154,2024-02-25 13:30:00,2023,Sheffield United,0,0.654342,away,0.654342,0.10393860000000002,-0.11155595490089311,26
22163,2024-03-04 20:00:00,2023,Sheffield United,0,0.201374,home,0.201374,0.39052,0.9846051510402009,27
22165,2024-03-09 15:00:00,2023,Sheffield United,2,1.91752,away,-0.08248000000000011,0.06845599999999999,-0.2472753213973423,28
22193,2024-03-30 15:00:00,2023,Sheffield United,3,1.78824,home,-1.21176,0.029537999999999974,-0.3961349400642046,29
22203,2024-04-04 18:30:00,2023,Sheffield United,1,0.720948,away,-0.27905199999999997,-0.1435152,-1.0580557314995362,30
22212,2024-04-07 16:30:00,2023,Sheffield United,2,1.74265,home,-0.25734999999999997,-0.32585359999999997,-1.7554919998670213,31
22217,2024-04-13 14:00:00,2023,Sheffield United,0,0.834498,away,0.834498,-0.19922880000000004,-1.271157772985689,32
22232,2024-04-20 14:00:00,2023,Sheffield United,1,1.97816,home,0.9781599999999999,0.012899199999999977,-0.45977760985900873,33
22182,2024-04-24 19:00:00,2023,Sheffield United,2,1.20517,away,-0.7948299999999999,0.09628519999999999,-0.14082986942643316,34
22240,2024-04-27 14:00:00,2023,Sheffield United,1,1.82408,away,0.8240799999999999,0.31691159999999996,0.7030562956345311,35
22254,2024-05-04 14:00:00,2023,Sheffield United,1,2.48986,home,1.4898600000000002,0.6663536000000001,2.0396564001153803,36
22257,2024-05-11 14:00:00,2023,Sheffield United,0,0.465523,away,0.465523,0.5925586,1.757393808010927,37
22274,2024-05-19 15:00:00,2023,Sheffield United,0,0.697312,home,0.697312,0.536389,1.5425475868107064,38
87,2015-08-09 16:30:00,2015,Southampton,2,1.2529,away,-0.7471000000000001,,,1
92,2015-08-15 15:45:00,2015,Southampton,0,1.06214,home,1.06214,,,2
109,2015-08-23 19:00:00,2015,Southampton,0,0.68359,away,0.68359,0.33287666666666665,0.767388261040235,3
119,2015-08-30 16:30:00,2015,Southampton,3,2.85501,home,-0.14498999999999995,0.21341000000000002,0.4975995249687281,4
125,2015-09-12 18:00:00,2015,Southampton,0,1.00731,away,1.00731,0.37218999999999997,0.8561686280387661,5
139,2015-09-20 19:00:00,2015,Southampton,2,1.83663,home,-0.16337000000000002,0.488936,1.1198133471911447,6
142,2015-09-26 18:00:00,2015,Southampton,3,1.55418,home,-1.44582,-0.012656000000000046,-0.01291995389908418,7
157,2015-10-03 20:30:00,2015,Southampton,3,1.58246,away,-1.41754,-0.43288200000000004,-0.961906349583111,8
162,2015-10-17 18:00:00,2015,Southampton,2,1.46668,home,-0.53332,-0.5105480000000001,-1.1372976328620985,9
180,2015-10-25 20:15:00,2015,Southampton,1,1.56383,away,0.56383,-0.599244,-1.3375977031851873,10
189,2015-11-01 20:00:00,2015,Southampton,2,1.15966,home,-0.8403400000000001,-0.7346380000000001,-1.643354757858728,11
196,2015-11-07 19:00:00,2015,Southampton,1,1.79578,away,0.7957799999999999,-0.28631800000000013,-0.6309243491903852,12
203,2015-11-21 19:00:00,2015,Southampton,0,0.709485,home,0.709485,0.13908699999999993,0.32975765919549177,13
215,2015-11-28 19:00:00,2015,Southampton,1,1.24478,away,0.24478,0.29470699999999994,0.6811906093136385,14
227,2015-12-05 19:00:00,2015,Southampton,1,2.86051,home,1.86051,0.554043,1.2668429390388642,15
234,2015-12-12 19:00:00,2015,Southampton,0,0.890411,away,0.890411,0.9001932,2.048545714838803,16
242,2015-12-19 19:00:00,2015,Southampton,0,0.83385,home,0.83385,0.9078072,2.0657402302108605,17
260,2015-12-26 23:45:00,2015,Southampton,4,2.4303,home,-1.5697,0.4519702,1.0363343589667686,18
268,2015-12-28 21:30:00,2015,Southampton,1,1.3709,away,0.3709,0.4771941999999999,1.0932971191118663,19
276,2016-01-02 19:00:00,2015,Southampton,0,0.932294,away,0.932294,0.29155099999999995,0.6740634894667494,20
284,2016-01-13 23:45:00,2015,Southampton,2,1.7224,home,-0.27760000000000007,0.05794879999999993,0.1465251891191764,21
294,2016-01-16 19:00:00,2015,Southampton,3,1.42623,home,-1.57377,-0.42357520000000004,-0.9408890241740405,22
303,2016-01-23 19:00:00,2015,Southampton,1,0.83591,away,-0.16408999999999996,-0.1424532,-0.3060378880532744,23
311,2016-02-02 23:45:00,2015,Southampton,0,0.93405,away,0.93405,-0.02982319999999996,-0.05168823394835944,24
328,2016-02-06 21:30:00,2015,Southampton,1,1.06493,home,0.06492999999999993,-0.203296,-0.443437738313192,25
332,2016-02-13 19:00:00,2015,Southampton,1,1.19353,away,0.19352999999999998,-0.10906999999999997,-0.2306494003242928,26
344,2016-02-27 19:00:00,2015,Southampton,1,1.01074,home,0.010739999999999972,0.20783200000000002,0.4850028600428894,27
350,2016-03-01 23:45:00,2015,Southampton,0,0.954161,away,0.954161,0.4314821999999999,0.9900667951445055,28
360,2016-03-05 19:00:00,2015,Southampton,1,1.54587,home,0.5458700000000001,0.35384619999999994,0.8147432601530363,29
370,2016-03-12 19:00:00,2015,Southampton,2,0.874966,away,-1.1250339999999999,0.11585340000000004,0.2772897720995855,30
380,2016-03-20 17:30:00,2015,Southampton,3,1.56873,home,-1.43127,-0.20910659999999998,-0.4565596782949199,31
392,2016-04-03 16:30:00,2015,Southampton,0,0.670068,away,0.670068,-0.07724099999999996,-0.15877072554399146,32
396,2016-04-09 18:00:00,2015,Southampton,3,1.78477,home,-1.21523,-0.5111192,-1.1385875602564401,33
407,2016-04-16 18:00:00,2015,Southampton,1,1.38323,away,0.38322999999999996,-0.5436472,-1.2120447701359098,34
421,2016-04-23 18:00:00,2015,Southampton,4,3.6648,away,-0.33519999999999994,-0.3856804,-0.8553120973128584,35
435,2016-05-01 19:30:00,2015,Southampton,4,2.84362,home,-1.15638,-0.33070239999999995,-0.7311565856074511,36
444,2016-05-08 16:30:00,2015,Southampton,2,1.30812,away,-0.69188,-0.603092,-1.3462875501974905,37
455,2016-05-15 18:00:00,2015,Southampton,4,2.32278,home,-1.6772200000000002,-0.69549,-1.5549477592002956,38
466,2016-08-13 18:00:00,2016,Southampton,1,0.937328,home,-0.06267199999999995,-0.7846704,-1.645133442732703,1
471,2016-08-19 23:00:00,2016,Southampton,0,0.613233,away,0.613233,-0.5949838,-1.3001232849258229,2
484,2016-08-27 18:00:00,2016,Southampton,1,0.613743,home,-0.38625699999999996,-0.4409592,-1.0199767086671863,3
494,2016-09-10 18:00:00,2016,Southampton,1,1.17522,away,0.17521999999999993,-0.2675392,-0.7045529435363382,4
509,2016-09-18 17:15:00,2016,Southampton,1,2.15218,home,1.15218,0.2983408000000001,0.3246939726915723,5
519,2016-09-25 19:00:00,2016,Southampton,3,2.97877,away,-0.021230000000000082,0.30662920000000005,0.3397692715896839,6
528,2016-10-02 17:15:00,2016,Southampton,0,0.920963,away,0.920963,0.36817520000000004,0.451711787151575,7
539,2016-10-16 19:00:00,2016,Southampton,3,4.21181,home,1.2118099999999998,0.6877886,1.0330384046943712,8
549,2016-10-23 16:30:00,2016,Southampton,1,0.563752,away,-0.43624799999999997,0.5654950000000001,0.8106055378773616,9
2685,2016-10-30 20:00:00,2016,Southampton,0,0.422364,home,0.422364,0.4195318,0.545121383140036,10
2694,2016-11-06 18:15:00,2016,Southampton,1,2.03046,away,1.0304600000000002,0.6298698,0.9276931967145504,11
2698,2016-11-19 19:00:00,2016,Southampton,0,0.0942055,home,0.0942055,0.4645183000000001,0.6269447668908082,12
2715,2016-11-27 20:30:00,2016,Southampton,1,2.80562,home,1.8056199999999998,0.5832803,0.8429542075232019,13
3106,2016-12-03 19:00:00,2016,Southampton,0,0.764357,away,0.764357,0.8234013000000001,1.2796966242397536,14
3123,2016-12-11 18:15:00,2016,Southampton,1,1.72919,home,0.72919,0.8847665000000001,1.3913102929746601,15
3133,2016-12-15 00:00:00,2016,Southampton,0,0.723114,away,0.723114,0.8232973000000001,1.2795074645605147,16
3141,2016-12-18 17:30:00,2016,Southampton,3,1.69451,away,-1.30549,0.5433581999999999,0.7703421726141358,17
3154,2016-12-28 23:45:00,2016,Southampton,1,0.403743,home,-0.596257,0.06298280000000007,-0.10338529448445186,18
3160,2016-12-31 19:00:00,2016,Southampton,1,0.371668,home,-0.628332,-0.21555499999999989,-0.6100018416373931,19
3331,2017-01-02 15:00:00,2016,Southampton,0,1.01083,away,1.01083,-0.15922699999999992,-0.5075500492126993,20
3345,2017-01-14 19:00:00,2016,Southampton,0,0.962065,away,0.962065,-0.11143679999999993,-0.42062717514767667,21
3357,2017-01-22 15:00:00,2016,Southampton,3,2.49923,home,-0.5007700000000002,0.04950720000000004,-0.12789529615321707,22
3365,2017-01-31 22:45:00,2016,Southampton,1,0.907103,away,-0.09289700000000001,0.15017920000000004,0.055211273350027776,23
3376,2017-02-04 15:00:00,2016,Southampton,1,1.06276,home,0.06275999999999993,0.28839760000000003,0.30660885228187873,24
3384,2017-02-11 15:00:00,2016,Southampton,4,1.72717,away,-2.27283,-0.3683343999999999,-0.8878835945057583,25
3407,2017-03-04 15:00:00,2016,Southampton,4,1.33681,away,-2.66319,-1.0933854,-2.2066375809657193,26
3422,2017-03-19 14:15:00,2016,Southampton,1,0.839989,away,-0.16001100000000001,-1.0252336,-2.082680151854633,27
3437,2017-04-01 17:30:00,2016,Southampton,0,1.00252,home,1.00252,-0.8061501999999999,-1.684201828099198,28
3447,2017-04-05 19:45:00,2016,Southampton,3,3.34327,home,0.34326999999999996,-0.7500481999999999,-1.5821610942082347,29
3454,2017-04-08 15:00:00,2016,Southampton,1,0.910339,away,-0.08966099999999999,-0.3134143999999999,-0.7879927331230678,30
3462,2017-04-15 17:30:00,2016,Southampton,0,0.616753,home,0.616753,0.34257420000000016,0.4051475857266252,31
3473,2017-04-25 19:45:00,2016,Southampton,2,1.32952,away,-0.67048,0.24048040000000012,0.2194549851470163,32
3484,2017-04-29 15:00:00,2016,Southampton,0,1.24844,home,1.24844,0.2896644000000001,0.30891296268245405,33
3496,2017-05-07 13:30:00,2016,Southampton,0,0.182082,away,0.182082,0.2574268000000001,0.25027782734176546,34
3390,2017-05-10 19:45:00,2016,Southampton,0,1.25259,home,1.25259,0.5258770000000001,0.7385466131457625,35
3504,2017-05-13 15:00:00,2016,Southampton,2,1.52569,away,-0.47431,0.3076644000000001,0.3416521379353388,36
3412,2017-05-17 19:45:00,2016,Southampton,0,1.66533,home,1.66533,0.7748264000000001,1.191346504018012,37
3517,2017-05-21 15:00:00,2016,Southampton,0,1.3554,home,1.3554,0.7962184000000001,1.2302551949629958,38
7122,2017-08-12 15:00:00,2017,Southampton,0,2.21748,home,2.21748,1.2032980000000002,2.6875217651831322,1
7130,2017-08-19 15:00:00,2017,Southampton,3,2.1424,home,-0.8576000000000001,0.7812600000000001,1.5879654771352194,2
7144,2017-08-26 15:00:00,2017,Southampton,0,0.795911,away,0.795911,1.0353042000000001,2.2498392836457746,3
7150,2017-09-09 15:00:00,2017,Southampton,0,0.331259,home,0.331259,0.7684900000000001,1.554695170199892,4
7160,2017-09-16 12:30:00,2017,Southampton,1,1.11428,away,0.11427999999999994,0.5202660000000001,0.9079850160327195,5
7172,2017-09-23 15:00:00,2017,Southampton,0,0.802062,home,0.802062,0.23718240000000015,0.17045343730464282,6
7181,2017-09-30 15:00:00,2017,Southampton,1,1.42781,away,0.42781,0.49426440000000016,0.8402417730562421,7
7195,2017-10-15 16:00:00,2017,Southampton,2,1.71445,home,-0.28554999999999997,0.27797220000000017,0.27672510260069855,8
7204,2017-10-21 17:30:00,2017,Southampton,1,2.02288,home,1.0228799999999998,0.4162964000000001,0.6371079209706013,9
7211,2017-10-29 13:30:00,2017,Southampton,1,0.54364,away,-0.45636,0.3021684000000001,0.33976464846354704,10
7223,2017-11-04 15:00:00,2017,Southampton,0,0.789259,home,0.789259,0.29960780000000015,0.3330933917729754,11
7231,2017-11-18 15:00:00,2017,Southampton,0,0.563886,away,0.563886,0.3268230000000002,0.40399848631536645,12
7241,2017-11-26 13:30:00,2017,Southampton,4,1.97034,home,-2.02966,-0.02199899999999979,-0.5048045681713125,13
7257,2017-11-29 20:00:00,2017,Southampton,1,1.7066,away,0.7065999999999999,-0.08525499999999978,-0.6696085255324001,14
7267,2017-12-03 13:30:00,2017,Southampton,1,1.00264,away,0.0026399999999999757,0.0065450000000002225,-0.4304374858563559,15
7278,2017-12-10 12:00:00,2017,Southampton,1,1.21942,home,0.21941999999999995,-0.10742279999999979,-0.7273633814510344,16
7285,2017-12-13 19:45:00,2017,Southampton,1,1.11749,home,0.1174900000000001,-0.1967019999999998,-0.959966857327347,17
7292,2017-12-16 15:00:00,2017,Southampton,0,0.587081,away,0.587081,0.32664620000000016,0.4035378606093236,18
7307,2017-12-23 15:00:00,2017,Southampton,1,1.73805,home,0.7380500000000001,0.3329362000000002,0.41992550592046,19
7316,2017-12-26 12:30:00,2017,Southampton,2,0.591118,away,-1.408882,0.050631800000000206,-0.3155759848542881,20
7324,2017-12-30 17:30:00,2017,Southampton,0,0.85013,away,0.85013,0.17677380000000023,0.013067950731938354,21
7336,2018-01-02 19:45:00,2017,Southampton,1,0.445301,home,-0.554699,0.04233600000000019,-0.3371894392218756,22
7347,2018-01-13 15:00:00,2017,Southampton,2,0.857637,away,-1.142363,-0.3035527999999998,-1.2383504839745916,23
7355,2018-01-21 16:00:00,2017,Southampton,1,1.15209,home,0.15209000000000006,-0.42074479999999975,-1.5436765458669117,24
7363,2018-01-31 19:45:00,2017,Southampton,1,1.27393,home,0.27393,-0.08418239999999981,-0.666814028177754,25
7378,2018-02-03 15:00:00,2017,Southampton,3,0.99695,away,-2.00305,-0.6548183999999998,-2.153519969316961,26
7384,2018-02-11 16:30:00,2017,Southampton,0,0.854343,home,0.854343,-0.37300999999999984,-1.4193107316541882,27
7398,2018-02-24 15:00:00,2017,Southampton,1,0.65898,away,-0.34102,-0.2127413999999998,-1.0017550923358431,28
7405,2018-03-03 15:00:00,2017,Southampton,0,0.982895,home,0.982895,-0.046580399999999834,-0.5688476944751547,29
7415,2018-03-10 15:00:00,2017,Southampton,0,0.496723,away,0.496723,-0.0020217999999998294,-0.45275698980730084,30
7434,2018-03-31 15:00:00,2017,Southampton,0,0.446641,away,0.446641,0.4879164000000002,0.8237030175021735,31
7439,2018-04-08 13:15:00,2017,Southampton,2,2.16699,away,0.1669900000000002,0.35044580000000025,0.46554412505239556,32
7455,2018-04-14 11:30:00,2017,Southampton,2,1.2922,home,-0.7078,0.2770898000000002,0.27442614262891063,33
7464,2018-04-19 18:45:00,2017,Southampton,0,0.651171,away,0.651171,0.21074500000000027,0.10157478322695844,34
7475,2018-04-28 14:00:00,2017,Southampton,2,1.72584,home,-0.27415999999999996,0.056568400000000275,-0.30010906988543384,35
7486,2018-05-05 17:30:00,2017,Southampton,1,0.634996,away,-0.365004,-0.10576059999999972,-0.7230327703165078,36
7426,2018-05-08 19:45:00,2017,Southampton,1,1.48865,away,0.48865000000000003,-0.04142859999999976,-0.5554254574141192,37
7498,2018-05-13 15:00:00,2017,Southampton,0,0.506624,home,0.506624,0.20145620000000025,0.07737421728640459,38
9204,2018-08-12 15:30:00,2018,Southampton,0,1.01994,home,1.01994,0.27521000000000023,0.34409208079795417,1
9211,2018-08-18 17:00:00,2018,Southampton,1,1.77471,away,0.77471,0.4849840000000002,0.8316171750348237,2
9218,2018-08-25 17:00:00,2018,Southampton,1,0.542494,home,-0.45750599999999997,0.4664836000000002,0.7886213354483174,3
9230,2018-09-01 14:00:00,2018,Southampton,2,3.13612,away,1.13612,0.5959776000000002,1.0895717609210127,4
9246,2018-09-17 19:00:00,2018,Southampton,2,2.19521,home,0.19520999999999988,0.5336948000000002,0.944823470192247,5
9249,2018-09-22 14:00:00,2018,Southampton,0,0.310467,away,0.310467,0.3918002000000002,0.6150534403663253,6
9258,2018-09-29 14:00:00,2018,Southampton,0,0.679627,away,0.679627,0.3727836000000002,0.5708579265892849,7
9275,2018-10-07 13:15:00,2018,Southampton,0,1.487,home,1.487,0.7616848000000003,1.4746834444267276,8
9283,2018-10-20 14:00:00,2018,Southampton,0,0.589633,away,0.589633,0.6523874000000003,1.2206709107722002,9
9292,2018-10-27 14:00:00,2018,Southampton,0,1.19216,home,1.19216,0.8517774000000002,1.6840630782471466,10
9300,2018-11-04 15:00:00,2018,Southampton,1,1.81466,away,0.8146599999999999,0.9526160000000002,1.9184169446353263,11
9308,2018-11-10 15:00:00,2018,Southampton,1,1.20211,home,0.20211,0.8571126000000003,1.6964623454717436,12
9320,2018-11-24 15:00:00,2018,Southampton,2,1.67163,away,-0.32837000000000005,0.4940386000000002,0.8526605108070222,13
9327,2018-12-01 17:30:00,2018,Southampton,2,0.623954,home,-1.376046,0.10090280000000021,-0.06100642571936874,14
9346,2018-12-05 20:00:00,2018,Southampton,1,1.82434,away,0.8243400000000001,0.027338800000000153,-0.23197278014098965,15
9353,2018-12-08 15:00:00,2018,Southampton,0,0.501128,away,0.501128,-0.03536759999999983,-0.3777055381055364,16
9360,2018-12-16 13:30:00,2018,Southampton,3,1.21163,home,-1.78837,-0.4334635999999998,-1.3029002234112503,17
9371,2018-12-22 15:00:00,2018,Southampton,3,2.60172,away,-0.3982800000000002,-0.44744559999999983,-1.3353950791494253,18
9379,2018-12-27 19:45:00,2018,Southampton,1,1.28665,home,0.28665000000000007,-0.11490639999999983,-0.5625576216120125,19
9389,2018-12-30 14:15:00,2018,Southampton,1,0.221381,home,-0.778619,-0.4354981999999998,-1.3076287338879267,20
9403,2019-01-02 19:45:00,2018,Southampton,0,0.158168,away,0.158168,-0.5040901999999998,-1.4670399157498135,21
9410,2019-01-12 15:00:00,2018,Southampton,2,1.41659,away,-0.58341,-0.26309819999999984,-0.9069626539808064,22
9419,2019-01-19 15:00:00,2018,Southampton,2,1.06009,home,-0.93991,-0.37142419999999976,-1.1587176062546969,23
9433,2019-01-30 19:45:00,2018,Southampton,1,1.33257,home,0.33257000000000003,-0.36224019999999985,-1.1373735385176493,24
9445,2019-02-02 15:00:00,2018,Southampton,1,0.787747,away,-0.21225300000000002,-0.24896699999999986,-0.8741210501038719,25
9453,2019-02-09 15:00:00,2018,Southampton,1,1.70666,home,0.7066600000000001,-0.13926859999999983,-0.6191765727251984,26
9466,2019-02-24 14:05:00,2018,Southampton,0,0.613167,away,0.613167,0.10004680000000019,-0.06299581182378003,27
9472,2019-02-27 19:45:00,2018,Southampton,2,1.15823,home,-0.8417699999999999,0.11967480000000022,-0.017379374373565536,28
9481,2019-03-02 15:00:00,2018,Southampton,2,0.578485,away,-1.4215149999999999,-0.23114219999999977,-0.8326953381483703,29
9487,2019-03-09 15:00:00,2018,Southampton,2,2.07772,home,0.07771999999999979,-0.1731475999999998,-0.6979130351449973,30
9516,2019-03-30 15:00:00,2018,Southampton,1,0.857436,away,-0.14256400000000002,-0.3429923999999998,-1.092640704568483,31
9520,2019-04-05 20:00:00,2018,Southampton,1,0.718394,home,-0.281606,-0.5219469999999997,-1.5085399972793112,32
9529,2019-04-13 15:00:00,2018,Southampton,3,3.80842,home,0.8084199999999999,-0.19190899999999986,-0.7415154515694143,33
9539,2019-04-20 17:30:00,2018,Southampton,1,1.27102,away,0.27102000000000004,0.14659800000000012,0.04519146670854206,34
9499,2019-04-23 19:45:00,2018,Southampton,1,2.11999,away,1.11999,0.35505200000000015,0.5296488160180487,35
9549,2019-04-27 15:00:00,2018,Southampton,3,2.73537,home,-0.2646299999999999,0.3306388000000002,0.4729113383963056,36
9558,2019-05-04 14:00:00,2018,Southampton,0,0.443686,away,0.443686,0.4756972000000002,0.8100341950413119,37
9569,2019-05-12 14:00:00,2018,Southampton,1,0.941018,home,-0.05898199999999998,0.30221680000000023,0.4068572123921283,38
11646,2019-08-10 15:00:00,2019,Southampton,0,1.08752,away,1.08752,0.46551680000000023,1.119842993851755,1
11658,2019-08-17 15:00:00,2019,Southampton,1,2.14047,home,1.14047,0.4696128000000003,1.1351145652169785,2
11666,2019-08-24 15:00:00,2019,Southampton,2,2.07795,away,0.07794999999999996,0.5381288000000002,1.3905703717745097,3
11673,2019-08-31 12:30:00,2019,Southampton,1,0.769616,home,-0.23038400000000003,0.40331480000000025,0.8879283742082911,4
11686,2019-09-14 14:00:00,2019,Southampton,1,1.57659,away,0.5765899999999999,0.5304292000000002,1.36186309860955,5
11693,2019-09-20 19:00:00,2019,Southampton,1,2.18021,home,1.1802100000000002,0.5489672000000002,1.4309803813167064,6
11704,2019-09-28 14:00:00,2019,Southampton,1,1.16256,away,0.16256000000000004,0.35338520000000023,0.7017703054492432,7
11718,2019-10-06 14:00:00,2019,Southampton,1,1.27044,home,0.27044,0.3918832000000002,0.8453066712740409,8
11732,2019-10-19 15:00:00,2019,Southampton,1,1.37695,away,0.3769499999999999,0.5133500000000002,1.2981848218368635,9
11740,2019-10-25 20:00:00,2019,Southampton,0,0.457334,home,0.457334,0.48949880000000023,1.20925774592226,10
11749,2019-11-02 15:00:00,2019,Southampton,1,0.893889,away,-0.10611099999999996,0.23223460000000024,0.2500710784376128,11
11758,2019-11-09 15:00:00,2019,Southampton,1,0.742281,home,-0.25771900000000003,0.14817880000000022,-0.06332348903332179,12
11763,2019-11-23 15:00:00,2019,Southampton,2,2.60312,away,0.6031200000000001,0.21471480000000023,0.18475006378809095,13
11778,2019-11-30 17:30:00,2019,Southampton,2,1.9671,home,-0.03289999999999993,0.13274480000000027,-0.12086778406526946,14
11790,2019-12-04 19:30:00,2019,Southampton,2,2.00232,home,0.0023200000000000998,0.04174200000000028,-0.46016362259924287,15
11798,2019-12-08 14:00:00,2019,Southampton,1,1.89255,away,0.89255,0.24147420000000025,0.28452010450844256,16
11811,2019-12-14 17:30:00,2019,Southampton,0,0.805884,home,0.805884,0.45419480000000034,1.0776299247606762,17
11813,2019-12-21 15:00:00,2019,Southampton,3,2.63444,away,-0.3655599999999999,0.26045880000000027,0.35530249555830123,18
11825,2019-12-26 15:00:00,2019,Southampton,2,0.981321,away,-1.0186790000000001,0.06330300000000025,-0.3797753535060832,19
11840,2019-12-28 15:00:00,2019,Southampton,1,1.47937,home,0.4793700000000001,0.15871300000000024,-0.024047662110583262,20
11851,2020-01-01 15:00:00,2019,Southampton,1,1.51192,home,0.5119199999999999,0.08258700000000023,-0.3078766762094601,21
11861,2020-01-11 15:00:00,2019,Southampton,2,2.40601,away,0.4060100000000002,0.0026122000000002644,-0.6060555984798386,22
11870,2020-01-18 15:00:00,2019,Southampton,2,0.786974,home,-1.2130260000000002,-0.16688099999999978,-1.2379959060286885,23
11882,2020-01-21 19:30:00,2019,Southampton,2,1.1306,away,-0.8694,-0.13702519999999976,-1.1266812135565603,24
11887,2020-02-01 15:00:00,2019,Southampton,0,0.716298,away,0.716298,-0.08963959999999978,-0.9500082223251315,25
11901,2020-02-15 12:30:00,2019,Southampton,1,0.694025,home,-0.305975,-0.25321859999999974,-1.559897961668853,26
11908,2020-02-22 15:00:00,2019,Southampton,2,3.02926,home,1.0292599999999998,-0.12856859999999984,-1.0951515332813777,27
11922,2020-02-29 15:00:00,2019,Southampton,1,0.868573,away,-0.13142699999999996,0.08775120000000021,-0.2886224162377104,28
11930,2020-03-07 15:00:00,2019,Southampton,0,0.348871,home,0.348871,0.3314054000000002,0.6198205778385648,29
11937,2020-06-19 17:00:00,2019,Southampton,3,1.87099,away,-1.12901,-0.03765619999999983,-0.7561927430998007,30
11952,2020-06-25 17:00:00,2019,Southampton,0,0.738305,home,0.738305,0.17119980000000018,0.022508260087480948,31
11961,2020-06-28 15:30:00,2019,Southampton,3,1.3364,away,-1.6636,-0.3673721999999998,-1.9855094970685532,32
11970,2020-07-05 18:00:00,2019,Southampton,1,0.628765,home,-0.371235,-0.4153337999999998,-2.164330053023216,33
11978,2020-07-09 17:00:00,2019,Southampton,1,2.29684,away,1.29684,-0.22573999999999977,-1.4574464477732407,34
11987,2020-07-13 19:00:00,2019,Southampton,2,1.8051,away,-0.19490000000000007,-0.038917999999999786,-0.7608972520716362,35
12002,2020-07-16 19:15:00,2019,Southampton,1,2.33745,home,1.33745,0.08091100000000022,-0.31412549300831616,36
12004,2020-07-19 13:00:00,2019,Southampton,2,2.24527,away,0.2452700000000001,0.4626850000000002,1.1092848796447137,37
12015,2020-07-26 15:00:00,2019,Southampton,3,1.64306,home,-1.35694,0.26554400000000017,0.3742622110628014,38
14087,2020-09-12 14:00:00,2020,Southampton,0,1.26267,away,1.26267,0.2587100000000002,0.577427313930611,1
14100,2020-09-20 11:00:00,2020,Southampton,2,2.27708,home,0.2770800000000002,0.35310600000000025,0.733282958936396,2
14109,2020-09-26 19:00:00,2020,Southampton,1,0.706632,away,-0.29336799999999996,0.026942400000000276,0.19475973490774176,3
14473,2020-10-04 11:00:00,2020,Southampton,2,0.949079,home,-1.050921,-0.23229579999999972,-0.23326408888922726,4
14475,2020-10-17 14:00:00,2020,Southampton,3,1.42348,away,-1.57652,-0.27621179999999973,-0.3057730564945713,5
14492,2020-10-25 14:00:00,2020,Southampton,2,0.74151,home,-1.25849,-0.7804437999999998,-1.1383020152699113,6
14495,2020-11-01 12:00:00,2020,Southampton,4,1.00333,away,-2.99667,-1.4351937999999997,-2.2193487075824847,7
14512,2020-11-06 20:00:00,2020,Southampton,2,0.985828,home,-1.0141719999999999,-1.5793545999999998,-2.4573701753199946,8
14524,2020-11-23 20:00:00,2020,Southampton,1,1.0785,away,0.07850000000000001,-1.3534703999999997,-2.084416578900488,9
14534,2020-11-29 14:00:00,2020,Southampton,2,0.498783,home,-1.501217,-1.3384097999999998,-2.0595502760150466,10
14536,2020-12-07 20:00:00,2020,Southampton,2,1.34801,away,-0.6519900000000001,-1.2171097999999998,-1.859273889947822,11
14551,2020-12-13 12:00:00,2020,Southampton,3,2.27973,home,-0.7202700000000002,-0.7618297999999999,-1.1075687535200736,12
14555,2020-12-16 18:00:00,2020,Southampton,1,1.11296,away,0.11295999999999995,-0.5364033999999999,-0.7353710229665322,13
14572,2020-12-19 15:00:00,2020,Southampton,0,0.586972,home,0.586972,-0.4347089999999999,-0.5674651127004585,14
14577,2020-12-26 15:00:00,2020,Southampton,0,0.119709,away,0.119709,-0.11052379999999988,-0.03220839157531115,15
14588,2020-12-29 18:00:00,2020,Southampton,0,0.670996,home,0.670996,0.15407340000000014,0.4046635868212808,16
14598,2021-01-04 20:00:00,2020,Southampton,1,0.500436,home,-0.499564,0.19821460000000019,0.4775443783519533,17
14619,2021-01-16 20:00:00,2020,Southampton,0,0.378147,away,0.378147,0.2512520000000002,0.5651135357996186,18
14632,2021-01-26 20:15:00,2020,Southampton,1,0.99504,home,-0.0049599999999999644,0.1328656000000002,0.3696477455975671,19
14641,2021-01-30 20:00:00,2020,Southampton,0,2.22557,home,2.22557,0.5540378000000001,1.065038068169556,20
14651,2021-02-02 20:15:00,2020,Southampton,0,0.507893,away,0.507893,0.5214172000000001,1.0111787451741354,21
14661,2021-02-06 15:00:00,2020,Southampton,2,1.43445,away,-0.56555,0.5082200000000002,0.9893890706299776,22
14672,2021-02-14 12:00:00,2020,Southampton,1,0.8536,home,-0.14639999999999997,0.4033106000000002,0.8161749280373899,23
14682,2021-02-20 12:30:00,2020,Southampton,1,0.496603,home,-0.503397,0.3036232000000002,0.6515827416529066,24
14608,2021-02-23 20:00:00,2020,Southampton,0,1.47981,away,1.47981,0.15447120000000022,0.40532038769825984,25
14686,2021-03-01 20:00:00,2020,Southampton,0,0.665743,away,0.665743,0.1860412000000002,0.45744508273653084,26
14701,2021-03-06 15:00:00,2020,Southampton,2,2.37386,away,0.3738600000000001,0.37392320000000023,0.7676538870818091,27
14761,2021-03-10 18:00:00,2020,Southampton,2,1.60561,away,-0.39439,0.32432520000000026,0.6857634650194663,28
14713,2021-03-14 12:00:00,2020,Southampton,1,1.03495,home,0.03495000000000004,0.4319946000000002,0.8635345971054218,29
14733,2021-04-04 11:00:00,2020,Southampton,3,2.40272,home,-0.59728,0.016576600000000184,0.1776449371938452,30
14743,2021-04-12 17:00:00,2020,Southampton,0,1.5002,away,1.5002,0.1834680000000002,0.45319651557553997,31
14722,2021-04-21 19:00:00,2020,Southampton,1,1.06134,away,0.06133999999999995,0.12096400000000015,0.3499972143822523,32
14772,2021-04-30 19:00:00,2020,Southampton,1,0.954057,home,-0.045942999999999956,0.19065340000000017,0.4650602084399047,33
14780,2021-05-08 19:15:00,2020,Southampton,0,1.2289,away,1.2289,0.42944340000000014,0.8593223537737259,34
14753,2021-05-11 21:00:00,2020,Southampton,3,1.58872,home,-1.41128,0.2666434000000002,0.5905260169910043,35
14792,2021-05-15 14:00:00,2020,Southampton,3,2.29146,home,-0.7085400000000002,-0.17510459999999983,-0.1388366622540432,36
14802,2021-05-18 17:00:00,2020,Southampton,0,1.3084,home,1.3084,0.07430740000000018,0.27296328829664585,37
14813,2021-05-23 15:00:00,2020,Southampton,0,1.35179,away,1.35179,0.3538540000000002,0.7345179691324246,38
16380,2021-08-14 14:00:00,2021,Southampton,1,0.580601,away,-0.41939899999999997,0.024194200000000145,-0.22584725749166615,1
16392,2021-08-22 13:00:00,2021,Southampton,1,0.587526,home,-0.412474,0.2239554000000002,0.12474727386004093,2
16397,2021-08-28 14:00:00,2021,Southampton,2,3.46036,away,1.46036,0.6577354000000002,0.8860607612126572,3
16411,2021-09-11 14:00:00,2021,Southampton,0,0.692135,home,0.692135,0.5344824000000002,0.6697433393474906,4
16421,2021-09-18 14:00:00,2021,Southampton,0,0.490923,away,0.490923,0.3623090000000002,0.3675672787099394,5
16433,2021-09-26 13:00:00,2021,Southampton,0,0.909342,home,0.909342,0.6280572000000002,0.8339734959160819,6
16438,2021-10-02 14:00:00,2021,Southampton,1,1.52634,away,0.52634,0.8158200000000002,1.1635100168785326,7
16454,2021-10-16 14:00:00,2021,Southampton,1,1.83082,home,0.8308199999999999,0.6899120000000002,0.9425328889205972,8
16464,2021-10-23 14:00:00,2021,Southampton,2,1.42567,home,-0.57433,0.43661900000000015,0.4979863972612162,9
16474,2021-10-30 14:00:00,2021,Southampton,1,1.90757,away,0.90757,0.5199484000000002,0.6442351780095245,10
16484,2021-11-05 20:00:00,2021,Southampton,1,0.89818,home,-0.10182000000000002,0.31771600000000016,0.2893035221017157,11
16492,2021-11-20 15:00:00,2021,Southampton,1,1.13118,away,0.13118000000000007,0.2386840000000002,0.15059697147132256,12
16503,2021-11-27 15:00:00,2021,Southampton,0,0.966132,away,0.966132,0.26574640000000016,0.19809332934889048,13
16514,2021-12-01 19:30:00,2021,Southampton,2,1.91169,home,-0.08831000000000011,0.3629504000000002,0.36869297945867824,14
16521,2021-12-04 15:00:00,2021,Southampton,1,1.34236,home,0.34236,0.24990840000000017,0.17029655906743277,15
16526,2021-12-11 15:00:00,2021,Southampton,0,0.502215,away,0.502215,0.3707154000000002,0.3823210840953445,16
16542,2021-12-15 19:30:00,2021,Southampton,2,0.625183,away,-1.374817,0.06951600000000013,-0.14630440717330706,17
16564,2021-12-26 15:00:00,2021,Southampton,3,1.35643,away,-1.64357,-0.45242439999999984,-1.0623454097880414,18
16575,2021-12-28 15:00:00,2021,Southampton,1,0.353043,home,-0.646957,-0.5641537999999998,-1.2584381276492047,19
16551,2022-01-11 21:45:00,2021,Southampton,4,1.59306,home,-2.40694,-1.1140138,-2.2234799326095755,20
16595,2022-01-15 15:00:00,2021,Southampton,1,0.91728,away,-0.08272000000000002,-1.2310008,-2.4288000970821666,21
16604,2022-01-22 17:30:00,2021,Southampton,1,1.00222,home,0.0022200000000001108,-0.9555933999999999,-1.945441325039387,22
16613,2022-02-09 19:45:00,2021,Southampton,3,1.73293,away,-1.26707,-0.8802933999999997,-1.8132846889619922,23
16621,2022-02-12 12:30:00,2021,Southampton,1,0.677386,away,-0.32261399999999996,-0.8154247999999997,-1.6994358713916067,24
16633,2022-02-19 15:00:00,2021,Southampton,2,2.72851,home,0.72851,-0.18833479999999975,-0.5988501487120177,25
16644,2022-02-25 20:00:00,2021,Southampton,2,3.08863,home,1.0886300000000002,0.04593520000000029,-0.18769031957720872,26
16646,2022-03-05 15:00:00,2021,Southampton,0,1.32947,away,1.32947,0.31138520000000025,0.27819253628924884,27
16584,2022-03-10 19:30:00,2021,Southampton,1,1.79835,home,0.7983499999999999,0.7244692000000003,1.003183132004976,28
16664,2022-03-13 14:00:00,2021,Southampton,1,1.25696,home,0.2569600000000001,0.8403840000000002,1.206621512344736,29
16681,2022-04-02 14:00:00,2021,Southampton,1,2.06387,away,1.06387,0.9074560000000002,1.3243374472050675,30
16687,2022-04-09 14:00:00,2021,Southampton,0,0.564726,home,0.564726,0.8026752000000001,1.1404399962953966,31
16700,2022-04-16 14:00:00,2021,Southampton,1,1.04007,home,0.04007000000000005,0.5447952000000003,0.6878430067650065,32
16667,2022-04-21 18:45:00,2021,Southampton,0,1.31837,away,1.31837,0.6487992000000002,0.8703771206905483,33
16713,2022-04-24 13:00:00,2021,Southampton,2,0.926764,away,-1.073236,0.38276000000000016,0.40346017863581957,34
16720,2022-04-30 14:00:00,2021,Southampton,1,0.650256,home,-0.34974400000000005,0.10003720000000019,-0.09273761937721985,35
16734,2022-05-07 14:00:00,2021,Southampton,0,0.988574,away,0.988574,0.1848068000000002,0.05603881060453667,36
16740,2022-05-17 18:45:00,2021,Southampton,1,0.121506,home,-0.878494,0.0010940000000001725,-0.2663896841147075,37
16752,2022-05-22 15:00:00,2021,Southampton,1,1.05141,away,0.051409999999999956,-0.2522979999999998,-0.7111099275267,38
18207,2022-08-06 14:00:00,2022,Southampton,1,0.386546,away,-0.6134539999999999,-0.16034159999999983,-1.0353491798337404,1
18215,2022-08-13 14:00:00,2022,Southampton,2,1.40906,home,-0.59094,-0.20858079999999984,-1.2035119409113824,2
18226,2022-08-20 14:00:00,2022,Southampton,2,1.24155,away,-0.7584500000000001,-0.5579855999999997,-2.4215436641112134,3
18232,2022-08-27 11:30:00,2022,Southampton,0,1.35887,home,1.35887,-0.11051279999999983,-0.8616450431733974,4
18244,2022-08-30 18:45:00,2022,Southampton,2,1.44086,home,-0.55914,-0.23262279999999982,-1.2873228063865283,5
18256,2022-09-03 14:00:00,2022,Southampton,0,1.20838,away,1.20838,0.13174400000000017,-0.017133268976600793,6
18272,2022-09-16 19:00:00,2022,Southampton,0,0.218302,away,0.218302,0.2935924000000002,0.5470733061738711,7
18290,2022-10-01 14:00:00,2022,Southampton,1,1.95961,home,0.9596100000000001,0.6372044000000001,1.7449112193111271,8
18298,2022-10-08 14:00:00,2022,Southampton,0,0.101148,away,0.101148,0.3856600000000002,0.8680226963335735,9
18309,2022-10-16 13:00:00,2022,Southampton,1,0.524479,home,-0.47552099999999997,0.40238380000000024,0.9263221785743709,10
18313,2022-10-19 18:30:00,2022,Southampton,1,1.23878,away,0.23878,0.20846380000000017,0.2503134008961268,11
18328,2022-10-23 13:00:00,2022,Southampton,1,0.622653,home,-0.377347,0.0893340000000002,-0.1649753289050986,12
18336,2022-10-29 14:00:00,2022,Southampton,0,1.35803,away,1.35803,0.1690180000000002,0.11280459807774576,13
18348,2022-11-06 14:00:00,2022,Southampton,1,1.65228,home,0.65228,0.27924440000000017,0.49705590754491347,14
18355,2022-11-12 15:00:00,2022,Southampton,1,1.43427,away,0.43426999999999993,0.4612026000000002,1.1313656248022024,15
18371,2022-12-26 15:00:00,2022,Southampton,1,1.70709,home,0.70709,0.5548646000000002,1.4578731234351419,16
18374,2022-12-31 15:00:00,2022,Southampton,1,0.698711,away,-0.30128900000000003,0.5700762000000001,1.510901047953141,17
18391,2023-01-04 19:30:00,2022,Southampton,0,0.62937,home,0.62937,0.42434420000000017,1.0028765471868155,18
18396,2023-01-14 15:00:00,2022,Southampton,2,1.08412,away,-0.91588,0.11071220000000015,-0.09045052047398787,19
18410,2023-01-21 15:00:00,2022,Southampton,0,0.672444,home,0.672444,0.15834700000000018,0.07560529080358863,20
18413,2023-02-04 15:00:00,2022,Southampton,0,0.644385,away,0.644385,0.14580600000000016,0.03188712825788487,21
18430,2023-02-11 15:00:00,2022,Southampton,1,1.30203,home,0.30203,0.2664698000000002,0.45252341099309584,22
18435,2023-02-18 15:00:00,2022,Southampton,1,0.619532,away,-0.38046800000000003,0.06450220000000018,-0.2515394520772863,23
18446,2023-02-25 15:00:00,2022,Southampton,0,0.391128,away,0.391128,0.3259038000000002,0.6597114560247004,24
18460,2023-03-04 17:30:00,2022,Southampton,1,1.34332,home,0.34332000000000007,0.26007900000000017,0.4302449616511706,25
18468,2023-03-12 14:00:00,2022,Southampton,0,1.18053,away,1.18053,0.3673080000000002,0.8040472781820103,26
18265,2023-03-15 19:30:00,2022,Southampton,0,0.358977,home,0.358977,0.3786974000000002,0.843750941406477,27
18480,2023-03-18 15:00:00,2022,Southampton,3,2.52077,home,-0.4792299999999998,0.3589450000000002,0.7748937024408636,28
18491,2023-04-02 13:00:00,2022,Southampton,0,0.318261,away,0.318261,0.3443716000000002,0.7240905551604588,29
18499,2023-04-08 16:30:00,2022,Southampton,1,0.492801,home,-0.507199,0.17426780000000025,0.13110549989836912,30
18508,2023-04-15 14:00:00,2022,Southampton,0,0.678449,home,0.678449,0.07385160000000021,-0.21894726733087028,31
18512,2023-04-21 19:00:00,2022,Southampton,3,1.43063,away,-1.56937,-0.31181779999999976,-1.5633980701459573,32
18530,2023-04-27 18:45:00,2022,Southampton,0,0.477034,home,0.477034,-0.12056499999999981,-0.8966872019758789,33
18541,2023-04-30 13:00:00,2022,Southampton,1,0.897175,away,-0.10282500000000006,-0.20478219999999983,-1.190269949662988,34
18548,2023-05-08 19:00:00,2022,Southampton,3,3.31096,away,0.3109600000000001,-0.041150399999999795,-0.6198464084744006,35
18561,2023-05-13 14:00:00,2022,Southampton,0,0.149649,home,0.149649,-0.14691039999999977,-0.9885277632972712,36
18563,2023-05-21 13:00:00,2022,Southampton,1,0.863659,away,-0.13634100000000005,0.13969540000000016,0.010585461401033213,37
18581,2023-05-28 15:30:00,2022,Southampton,4,1.33964,home,-2.66036,-0.4877833999999998,-2.1768174707720855,38
26606,2024-08-17 14:00:00,2024,Southampton,0,1.95483,away,1.95483,-0.07625239999999978,-0.9064539576264481,1
26616,2024-08-24 14:00:00,2024,Southampton,0,0.214952,home,0.214952,-0.09545399999999982,-0.9574600778375892,2
26623,2024-08-31 14:00:00,2024,Southampton,1,1.64713,away,0.64713,0.004042200000000174,-0.6931636057856913,3
26632,2024-09-14 11:30:00,2024,Southampton,0,1.35593,home,1.35593,0.3024964000000002,0.09963443201948716,4
26643,2024-09-21 14:00:00,2024,Southampton,1,2.89813,home,1.89813,1.2141944000000002,2.5214210427319697,5
26661,2024-09-30 19:00:00,2024,Southampton,1,0.696068,away,-0.303932,0.7624420000000002,1.3214097301292989,6
26666,2024-10-05 14:00:00,2024,Southampton,1,1.27313,away,0.2731300000000001,0.7740776000000003,1.3523179259217721,7
26678,2024-10-19 14:00:00,2024,Southampton,2,2.42776,home,0.42776000000000014,0.7302036000000003,1.2357733401506075,8
26683,2024-10-26 14:00:00,2024,Southampton,0,0.369989,away,0.369989,0.5330154000000003,0.7119729780235705,9
26699,2024-11-02 15:00:00,2024,Southampton,1,0.540345,home,-0.45965500000000004,0.061458400000000225,-0.5406462322716656,10
26711,2024-11-09 15:00:00,2024,Southampton,0,0.792655,away,0.792655,0.28077580000000024,0.041936972710986425,11
26721,2024-11-24 14:00:00,2024,Southampton,2,1.53985,home,-0.46015000000000006,0.13411980000000018,-0.3476323113947701,12
26723,2024-11-29 20:00:00,2024,Southampton,1,0.934969,away,-0.06503099999999995,0.03556160000000017,-0.6094371295866746,13
26741,2024-12-04 19:30:00,2024,Southampton,1,1.91014,home,0.91014,0.14359180000000016,-0.322471388834154,14
26742,2024-12-07 15:00:00,2024,Southampton,0,0.385832,away,0.385832,0.31268920000000017,0.126710049785096,15
26759,2024-12-15 19:00:00,2024,Southampton,0,1.27356,home,1.27356,0.40887020000000013,0.3822001989407783,16
26763,2024-12-22 14:00:00,2024,Southampton,0,0.280031,away,0.280031,0.5569064000000001,0.7754357737262393,17
26780,2024-12-26 15:00:00,2024,Southampton,0,2.19833,home,2.19833,1.0095786,1.9778903946662465,18
26784,2024-12-29 15:00:00,2024,Southampton,1,1.21853,away,0.2185299999999999,0.8712566,1.6104591097813703,19
26799,2025-01-04 15:00:00,2024,Southampton,0,0.249614,home,0.249614,0.8440130000000001,1.538090643789774,20
26811,2025-01-16 20:00:00,2024,Southampton,1,1.36705,away,0.3670500000000001,0.6627110000000002,1.0564895477081828,21
26820,2025-01-19 14:00:00,2024,Southampton,2,1.25922,away,-0.74078,0.45854880000000015,0.5141638188225167,22
26829,2025-01-25 15:00:00,2024,Southampton,1,0.825621,home,-0.17437899999999995,-0.015992999999999813,-0.7463840571884,23
26837,2025-02-01 15:00:00,2024,Southampton,2,1.17566,away,-0.8243400000000001,-0.2245669999999998,-1.300429059527711,24
26849,2025-02-15 15:00:00,2024,Southampton,1,0.974418,home,-0.025581999999999994,-0.2796061999999998,-1.4466322952749942,25
26861,2025-02-22 15:00:00,2024,Southampton,0,0.154147,home,0.154147,-0.32218679999999983,-1.5597411613206627,26
26869,2025-02-25 20:15:00,2024,Southampton,0,0.845039,away,0.845039,-0.005022999999999822,-0.7172439262245107,27
26876,2025-03-08 15:00:00,2024,Southampton,1,0.511566,away,-0.48843400000000003,-0.06783399999999984,-0.8840917626851169,28
26891,2025-03-15 15:00:00,2024,Southampton,1,1.2821,home,0.2821,0.15345400000000017,-0.29627395951855967,29
26900,2025-04-02 19:45:00,2024,Southampton,1,0.687304,home,-0.312696,0.09603120000000018,-0.4488088649254167,30
26910,2025-04-06 13:00:00,2024,Southampton,1,0.780439,away,-0.219561,0.021289600000000176,-0.6473485196611165,31
26921,2025-04-12 14:00:00,2024,Southampton,0,0.412256,home,0.412256,-0.06526699999999983,-0.8772729189126188,32
26931,2025-04-19 14:00:00,2024,Southampton,1,0.922877,away,-0.07712300000000005,0.016995200000000175,-0.6587559379301526,33
26940,2025-04-26 14:00:00,2024,Southampton,1,0.935581,home,-0.064419,-0.05230859999999983,-0.8428509067811272,34
26951,2025-05-03 14:00:00,2024,Southampton,0,0.550774,away,0.550774,0.12038540000000016,-0.3841156491076636,35
26959,2025-05-10 14:00:00,2024,Southampton,0,0.136995,home,0.136995,0.19169660000000016,-0.19468832848851117,36
26968,2025-05-18 11:00:00,2024,Southampton,0,1.05025,away,1.05025,0.3192954000000002,0.14425841197047848,37
26977,2025-05-25 15:00:00,2024,Southampton,1,0.598144,home,-0.401856,0.25434880000000015,-0.02826231999482075,38
89,2015-08-09 19:00:00,2015,Stoke,0,0.381274,home,0.381274,,,1
95,2015-08-15 18:00:00,2015,Stoke,2,2.80956,away,0.8095599999999998,,,2
102,2015-08-22 18:00:00,2015,Stoke,1,0.698228,away,-0.30177200000000004,0.29635399999999995,0.5448497998998186,3
112,2015-08-29 18:00:00,2015,Stoke,0,1.21771,home,1.21771,0.526693,1.1080100059539297,4
122,2015-09-12 18:00:00,2015,Stoke,0,0.191277,away,0.191277,0.45960979999999996,0.9439970132137983,5
135,2015-09-19 18:00:00,2015,Stoke,2,1.14717,home,-0.85283,0.21278899999999998,0.3405401405763354,6
143,2015-09-26 18:00:00,2015,Stoke,2,1.94483,home,-0.05516999999999994,0.03984300000000003,-0.0822988271895847,7
152,2015-10-03 18:00:00,2015,Stoke,1,1.03499,away,0.03499000000000008,0.10719540000000005,0.08237233775529623,8
170,2015-10-19 23:00:00,2015,Stoke,1,1.64894,away,0.6489400000000001,-0.0065585999999999475,-0.19574698237494378,9
175,2015-10-24 18:00:00,2015,Stoke,0,0.848432,home,0.848432,0.12487240000000004,0.12559117157162136,10
184,2015-10-31 19:00:00,2015,Stoke,0,1.38017,away,1.38017,0.5714724,1.217492013477534,11
197,2015-11-07 21:30:00,2015,Stoke,1,0.825418,home,-0.17458200000000001,0.5475899999999999,1.1591014790692629,12
203,2015-11-21 19:00:00,2015,Stoke,1,1.19495,away,0.19494999999999996,0.5795819999999999,1.2373193288996571,13
211,2015-11-28 19:00:00,2015,Stoke,0,0.79464,away,0.79464,0.608722,1.3085642696366437,14
221,2015-12-05 16:45:00,2015,Stoke,2,2.01436,home,0.014359999999999928,0.44190759999999996,0.9007165674377418,15
235,2015-12-12 19:00:00,2015,Stoke,0,1.87239,away,1.87239,0.5403515999999999,1.1414041771121386,16
243,2015-12-19 19:00:00,2015,Stoke,1,2.41499,home,1.41499,0.8582660000000001,1.918679145795554,17
251,2015-12-26 16:45:00,2015,Stoke,2,1.18211,home,-0.81789,0.6556979999999999,1.423416786316832,18
265,2015-12-28 19:00:00,2015,Stoke,4,1.58159,away,-2.4184099999999997,0.013088000000000122,-0.14771263602342394,19
272,2016-01-02 19:00:00,2015,Stoke,1,0.917526,away,-0.08247400000000005,-0.006278799999999918,-0.1950628940284026,20
285,2016-01-13 23:45:00,2015,Stoke,3,1.24456,home,-1.75544,-0.7318447999999999,-1.969013019998634,21
299,2016-01-17 20:15:00,2015,Stoke,0,0.546879,home,0.546879,-0.905467,-2.393505242017347,22
304,2016-01-23 19:00:00,2015,Stoke,0,0.340483,away,0.340483,-0.6737924,-1.8270796020974729,23
317,2016-02-03 00:00:00,2015,Stoke,0,0.350909,away,0.350909,-0.11992859999999997,-0.4729274535949916,24
323,2016-02-06 19:00:00,2015,Stoke,0,0.693548,home,0.693548,0.03527580000000006,-0.09346526141518402,25
336,2016-02-13 19:00:00,2015,Stoke,3,0.927348,away,-2.072652,-0.028166599999999997,-0.24857679292555515,26
345,2016-02-27 19:00:00,2015,Stoke,2,2.04047,home,0.040470000000000006,-0.1294484,-0.49620259384303445,27
356,2016-03-02 23:45:00,2015,Stoke,1,0.298318,home,-0.7016819999999999,-0.3378814,-1.0058044034735207,28
362,2016-03-05 19:00:00,2015,Stoke,1,1.60285,away,0.6028500000000001,-0.28749319999999995,-0.8826093340554204,29
370,2016-03-12 19:00:00,2015,Stoke,1,1.06676,home,0.06675999999999993,-0.4128508,-1.1890985167229187,30
377,2016-03-19 19:00:00,2015,Stoke,2,1.58145,away,-0.41855,-0.08203039999999998,-0.38026942294851007,31
388,2016-04-02 18:00:00,2015,Stoke,2,1.17598,home,-0.82402,-0.25492839999999994,-0.8029910346006562,32
403,2016-04-10 19:00:00,2015,Stoke,1,0.85508,away,-0.14492000000000005,-0.14357599999999998,-0.5307434320295772,33
414,2016-04-18 23:00:00,2015,Stoke,0,0.458376,home,0.458376,-0.17247080000000004,-0.6013888786187017,34
420,2016-04-23 15:45:00,2015,Stoke,0,1.09174,away,1.09174,0.03252519999999999,-0.10019025571824375,35
427,2016-04-30 18:00:00,2015,Stoke,1,0.68487,home,-0.31513,0.05320919999999998,-0.049619550357782746,36
438,2016-05-07 18:00:00,2015,Stoke,1,1.27766,away,0.27766,0.27354519999999993,0.4890841305696269,37
456,2016-05-15 18:00:00,2015,Stoke,2,0.288737,home,-1.711263,-0.039723400000000006,-0.27683223325188355,38
465,2016-08-13 18:00:00,2016,Stoke,1,0.485626,away,-0.514374,-0.23427340000000002,-0.8172589473974732,1
472,2016-08-20 15:30:00,2016,Stoke,1,1.31066,home,0.31065999999999994,-0.3904894,-1.1611773242926222,2
487,2016-08-27 18:00:00,2016,Stoke,0,0.187415,away,0.187415,-0.28998039999999997,-0.9399010648611008,3
493,2016-09-10 18:00:00,2016,Stoke,0,1.01771,home,1.01771,-0.14197040000000002,-0.6140486620070335,4
508,2016-09-18 17:15:00,2016,Stoke,1,1.20308,away,0.20307999999999993,0.2408981999999999,0.22885825838599963,5
513,2016-09-24 18:00:00,2016,Stoke,1,0.979673,home,-0.020326999999999984,0.33970759999999994,0.4463927520997265,6
527,2016-10-02 15:00:00,2016,Stoke,1,1.20043,away,0.2004300000000001,0.3176616,0.3978572337339353,7
535,2016-10-15 18:00:00,2016,Stoke,2,2.29543,home,0.2954300000000001,0.33926459999999997,0.44541746249453534,8
545,2016-10-22 18:00:00,2016,Stoke,2,1.04273,away,-0.9572700000000001,-0.05573140000000003,-0.42418861626869186,9
2686,2016-11-01 00:00:00,2016,Stoke,3,2.16407,home,-0.8359299999999998,-0.2635334,-0.8816764955868522,10
2690,2016-11-05 19:00:00,2016,Stoke,1,0.81046,away,-0.18954000000000004,-0.297376,-0.956182897376117,11
2699,2016-11-19 19:00:00,2016,Stoke,0,1.60429,home,1.60429,-0.016604000000000018,-0.33804742778526337,12
2713,2016-11-27 16:00:00,2016,Stoke,1,0.704736,away,-0.29526399999999997,-0.13474280000000002,-0.5981366910127218,13
3107,2016-12-03 19:00:00,2016,Stoke,2,1.12929,home,-0.8707100000000001,-0.11743080000000003,-0.5600233419267843,14
3118,2016-12-10 19:00:00,2016,Stoke,1,1.29401,away,0.2940100000000001,0.10855719999999995,-0.06249795299235409,15
3133,2016-12-15 00:00:00,2016,Stoke,0,0.333754,home,0.333754,0.213216,0.16791432631190437,16
3138,2016-12-17 19:00:00,2016,Stoke,2,2.518,home,0.5179999999999998,-0.0040420000000000785,-0.3103914728859135,17
3153,2016-12-27 21:15:00,2016,Stoke,1,0.389104,away,-0.610896,-0.06716840000000009,-0.44936781991332386,18
3158,2016-12-31 19:00:00,2016,Stoke,2,0.858417,away,-1.141583,-0.12134300000000006,-0.5686362719345249,19
3338,2017-01-04 00:00:00,2016,Stoke,2,1.85359,home,-0.14640999999999993,-0.20942700000000009,-0.7625581897306042,20
3342,2017-01-14 19:00:00,2016,Stoke,3,1.22897,away,-1.77103,-0.6303838,-1.6893184409147073,21
3354,2017-01-21 18:00:00,2016,Stoke,1,0.353777,home,-0.646223,-0.8632284,-2.2019390233185594,22
3369,2017-02-01 23:00:00,2016,Stoke,1,1.7362,home,0.7362,-0.5938092000000001,-1.608797386300652,23
3375,2017-02-04 15:00:00,2016,Stoke,0,1.10818,away,1.10818,-0.14385660000000006,-0.6182012381996106,24
3383,2017-02-11 15:00:00,2016,Stoke,1,0.720883,home,-0.27911699999999995,-0.17039800000000008,-0.6766336344235884,25
3397,2017-02-26 13:30:00,2016,Stoke,0,0.743596,away,0.743596,0.33252719999999997,0.4305846945802796,26
3403,2017-03-04 15:00:00,2016,Stoke,2,2.97584,home,0.9758399999999998,0.6569398,1.1447974182214895,27
3418,2017-03-08 20:00:00,2016,Stoke,0,0.337194,away,0.337194,0.5771386,0.9691105540188137,28
3424,2017-03-18 15:00:00,2016,Stoke,1,0.952053,home,-0.04794699999999996,0.3459131999999999,0.46005473217641857,29
3434,2017-04-01 15:00:00,2016,Stoke,0,1.36671,away,1.36671,0.6750786,1.1847310143628944,30
3441,2017-04-04 19:45:00,2016,Stoke,0,1.17275,away,1.17275,0.7609093999999998,1.3736923846681905,31
3451,2017-04-08 15:00:00,2016,Stoke,1,2.13972,home,1.13972,0.7936854,1.4458506061123155,32
3463,2017-04-15 15:00:00,2016,Stoke,3,2.01829,home,-0.9817100000000001,0.5299046,0.8651222262273873,33
3478,2017-04-22 15:00:00,2016,Stoke,0,1.69454,away,1.69454,0.878402,1.6323590019749392,34
3485,2017-04-29 15:00:00,2016,Stoke,0,1.35509,home,1.35509,0.8760779999999999,1.627242584271859,35
3491,2017-05-06 15:00:00,2016,Stoke,2,2.3019,away,0.30189999999999984,0.7019079999999999,1.2437974589080798,36
3505,2017-05-13 17:30:00,2016,Stoke,1,1.30239,home,0.30238999999999994,0.5344419999999998,0.8751115694657495,37
3517,2017-05-21 15:00:00,2016,Stoke,1,0.983464,away,-0.016535999999999995,0.7274767999999999,1.3000886211139788,38
7125,2017-08-12 15:00:00,2017,Stoke,0,0.27644,away,0.27644,0.44385679999999994,1.4588636913530546,1
7135,2017-08-19 17:30:00,2017,Stoke,1,0.692644,home,-0.30735599999999996,0.11136759999999993,0.17780918555169836,2
7146,2017-08-27 13:30:00,2017,Stoke,1,0.980905,away,-0.019094999999999973,0.04716859999999996,-0.06954446749309595,3
7155,2017-09-09 17:30:00,2017,Stoke,2,1.49928,home,-0.50072,-0.11345340000000004,-0.6884082887264636,4
7163,2017-09-16 15:00:00,2017,Stoke,1,0.675783,away,-0.324217,-0.17498960000000002,-0.9255023846546724,5
7170,2017-09-23 15:00:00,2017,Stoke,0,0.600959,home,0.600959,-0.11008580000000005,-0.6754331931331733,6
7181,2017-09-30 15:00:00,2017,Stoke,2,2.68136,home,0.6813600000000002,0.0876574,0.08645566626911344,7
7194,2017-10-14 15:00:00,2017,Stoke,2,0.681236,away,-1.318764,-0.17227640000000002,-0.9150486403371421,8
7205,2017-10-21 15:00:00,2017,Stoke,1,1.60117,home,0.60117,0.04810159999999999,-0.06594969252322416,9
7216,2017-10-28 15:00:00,2017,Stoke,1,0.778883,away,-0.221117,0.06872159999999998,0.013497531355397925,10
7224,2017-11-04 12:30:00,2017,Stoke,2,1.22988,home,-0.7701199999999999,-0.20549420000000002,-1.0430341880265355,11
7238,2017-11-20 20:00:00,2017,Stoke,2,1.20507,away,-0.7949299999999999,-0.5007522,-2.1806398343870694,12
7246,2017-11-25 15:00:00,2017,Stoke,1,0.628292,away,-0.37170800000000004,-0.311341,-1.4508535098711395,13
7258,2017-11-29 20:00:00,2017,Stoke,0,0.846748,home,0.846748,-0.2622254,-1.2616150002138722,14
7263,2017-12-02 15:00:00,2017,Stoke,2,1.24743,home,-0.75257,-0.368516,-1.6711442482445742,15
7270,2017-12-09 15:00:00,2017,Stoke,1,0.749296,away,-0.25070400000000004,-0.26463280000000006,-1.2708905213955115,16
7279,2017-12-12 19:45:00,2017,Stoke,0,0.916344,away,0.916344,0.07762199999999994,0.047790066341299245,17
7297,2017-12-16 16:00:00,2017,Stoke,0,0.983293,home,0.983293,0.3486222,1.0919323340693,18
7306,2017-12-23 15:00:00,2017,Stoke,3,1.7986,home,-1.2014,-0.061007400000000024,-0.48633801212422234,19
7312,2017-12-26 15:00:00,2017,Stoke,1,1.19984,away,0.19984000000000002,0.12947459999999997,0.2475740198276544,20
7320,2017-12-30 15:00:00,2017,Stoke,0,0.28218,away,0.28218,0.23605139999999997,0.6582059737494359,21
7337,2018-01-01 15:00:00,2017,Stoke,0,1.50029,home,1.50029,0.35284059999999995,1.1081854945547305,22
7344,2018-01-15 20:00:00,2017,Stoke,0,1.47603,away,1.47603,0.45138799999999996,1.4878808073799548,23
7356,2018-01-20 15:00:00,2017,Stoke,2,0.987799,home,-1.0122010000000001,0.48922779999999993,1.633674554330599,24
7368,2018-01-31 20:00:00,2017,Stoke,0,0.722172,home,0.722172,0.5936942,2.0361753045048805,25
7370,2018-02-03 15:00:00,2017,Stoke,1,0.721222,away,-0.27877799999999997,0.48150259999999995,1.6039099716968874,26
7385,2018-02-10 15:00:00,2017,Stoke,1,1.39547,home,0.39547,0.26053859999999995,0.7525532123799207,27
7396,2018-02-24 12:30:00,2017,Stoke,1,0.166078,away,-0.833922,-0.20145180000000007,-1.0274591415761505,28
7405,2018-03-03 15:00:00,2017,Stoke,0,0.385303,away,0.385303,0.07804899999999995,0.049435263460415275,29
7416,2018-03-12 20:00:00,2017,Stoke,0,0.157023,home,0.157023,-0.03498080000000005,-0.38605958743948204,30
7425,2018-03-17 15:00:00,2017,Stoke,1,0.894266,home,-0.105734,-0.0003720000000000556,-0.2527146271208372,31
7429,2018-04-01 13:30:00,2017,Stoke,0,0.342516,away,0.342516,-0.01096280000000006,-0.2935201391796981,32
7446,2018-04-07 14:00:00,2017,Stoke,1,1.40115,home,0.4011499999999999,0.23605159999999992,0.6582067443335665,33
7458,2018-04-16 19:00:00,2017,Stoke,1,1.41085,away,0.41084999999999994,0.2411609999999999,0.6778928571214147,34
7466,2018-04-22 12:30:00,2017,Stoke,1,0.356095,home,-0.643905,0.08097539999999989,0.060710450461307366,35
7472,2018-04-28 11:30:00,2017,Stoke,0,0.777827,away,0.777827,0.25768759999999996,0.7415685355963149,36
7481,2018-05-05 12:30:00,2017,Stoke,1,0.750175,home,-0.24982499999999996,0.13921939999999994,0.2851199610135125,37
7491,2018-05-13 15:00:00,2017,Stoke,2,1.75436,away,-0.24564000000000008,0.009861399999999932,-0.21328614890359712,38
84,2015-08-08 18:00:00,2015,Sunderland,2,1.45946,away,-0.54054,,,1
93,2015-08-15 18:00:00,2015,Sunderland,1,0.329128,home,-0.670872,,,2
103,2015-08-22 18:00:00,2015,Sunderland,1,0.569426,home,-0.430574,-0.5473286666666667,-1.019041649410238,3
113,2015-08-29 18:00:00,2015,Sunderland,2,0.368848,away,-1.631152,-0.8182845,-1.719216410962388,4
128,2015-09-13 16:30:00,2015,Sunderland,0,1.0407,home,1.0407,-0.44648760000000004,-0.7584590705471475,5
134,2015-09-19 18:00:00,2015,Sunderland,0,0.854867,away,0.854867,-0.16740619999999998,-0.037287098367277054,6
146,2015-09-26 18:00:00,2015,Sunderland,0,0.832139,away,0.832139,0.13319600000000004,0.7394965977715834,7
156,2015-10-03 18:00:00,2015,Sunderland,2,1.08401,home,-0.9159900000000001,0.036112800000000035,0.4886246915480487,8
163,2015-10-17 18:00:00,2015,Sunderland,0,0.658473,away,0.658473,0.49403779999999997,1.671944953523469,9
177,2015-10-25 16:00:00,2015,Sunderland,3,2.37969,home,-0.6203099999999999,0.1618358,0.8135044716350406,10
188,2015-11-01 17:30:00,2015,Sunderland,2,1.21834,away,-0.78166,-0.16546960000000002,-0.03228274608395218,11
196,2015-11-07 19:00:00,2015,Sunderland,0,0.299104,home,0.299104,-0.2720766,-0.307765026301048,12
210,2015-11-24 00:00:00,2015,Sunderland,1,1.30739,away,0.30739000000000005,-0.027400599999999987,0.324500232025311,13
211,2015-11-28 19:00:00,2015,Sunderland,2,0.863466,home,-1.1365340000000002,-0.386402,-0.6031923610795482,14
225,2015-12-05 19:00:00,2015,Sunderland,1,1.5228,away,0.5227999999999999,-0.15778000000000003,-0.012412113367926232,15
233,2015-12-12 19:00:00,2015,Sunderland,0,0.879474,home,0.879474,0.17444679999999996,0.8460924539984668,16
244,2015-12-19 19:00:00,2015,Sunderland,1,1.23573,away,0.23573,0.16177199999999994,0.8133396065747924,17
258,2015-12-26 19:00:00,2015,Sunderland,1,1.08103,away,0.08102999999999994,0.11649999999999991,0.6963526001869532,18
270,2015-12-30 23:45:00,2015,Sunderland,0,0.481551,home,0.481551,0.440117,1.5326086535138075,19
277,2016-01-02 19:00:00,2015,Sunderland,3,0.761225,home,-2.238775,-0.11219800000000002,0.1053759614944718,20
286,2016-01-13 23:45:00,2015,Sunderland,4,2.49057,away,-1.50943,-0.5899788,-1.1292535115040014,21
291,2016-01-16 16:45:00,2015,Sunderland,1,0.617306,away,-0.382694,-0.7136636000000001,-1.4488663955753613,22
306,2016-01-23 19:00:00,2015,Sunderland,1,0.612134,home,-0.38786600000000004,-0.8074427999999999,-1.69120046231521,23
314,2016-02-02 23:45:00,2015,Sunderland,0,0.888437,home,0.888437,-0.7260656000000001,-1.480914302741424,24
327,2016-02-06 19:00:00,2015,Sunderland,2,0.491843,away,-1.508157,-0.579942,-1.1033174983896377,25
331,2016-02-13 16:45:00,2015,Sunderland,2,1.48186,home,-0.51814,-0.381684,-0.5910006157151326,26
341,2016-02-27 16:45:00,2015,Sunderland,0,1.07887,away,1.07887,-0.08937120000000003,0.16436250941402308,27
352,2016-03-01 23:45:00,2015,Sunderland,2,0.93375,home,-1.0662500000000001,-0.22504800000000005,-0.18623880416349886,28
360,2016-03-05 19:00:00,2015,Sunderland,1,1.31562,away,0.31562,-0.33961140000000006,-0.48228115280311207,29
381,2016-03-20 17:30:00,2015,Sunderland,1,0.785017,away,-0.21498300000000004,-0.08097660000000004,0.18605492688670713,30
389,2016-04-02 18:00:00,2015,Sunderland,0,1.54544,home,1.54544,0.3317393999999999,1.2525509802610535,31
401,2016-04-10 16:30:00,2015,Sunderland,0,0.872232,home,0.872232,0.29041179999999994,1.1457566657798275,32
405,2016-04-16 15:45:00,2015,Sunderland,3,1.99748,away,-1.00252,0.3031578,1.1786935005434651,33
424,2016-04-24 17:05:00,2015,Sunderland,0,0.617149,home,0.617149,0.36346359999999994,1.3345292270371862,34
427,2016-04-30 18:00:00,2015,Sunderland,1,1.43105,away,0.43104999999999993,0.49267019999999995,1.6684109495047375,35
442,2016-05-07 18:00:00,2015,Sunderland,3,0.773876,home,-2.226124,-0.26164260000000006,-0.28080261190250794,36
449,2016-05-11 22:45:00,2015,Sunderland,3,2.44887,home,-0.5511300000000001,-0.5463150000000001,-1.0164222416348256,37
458,2016-05-15 18:00:00,2015,Sunderland,2,0.908817,away,-1.091183,-0.5640476000000001,-1.0622449088347063,38
467,2016-08-13 20:30:00,2016,Sunderland,1,1.09877,away,0.09877000000000002,-0.6677234000000001,-1.7371500522968861,1
479,2016-08-21 16:30:00,2016,Sunderland,1,1.4645,home,0.4644999999999999,-0.6610334,-1.7215258424067534,2
484,2016-08-27 18:00:00,2016,Sunderland,1,1.39142,away,0.3914200000000001,-0.13752460000000002,-0.49889335054853867,3
500,2016-09-12 23:00:00,2016,Sunderland,0,1.0404,home,1.0404,0.1807814,0.24449674710296385,4
510,2016-09-18 19:30:00,2016,Sunderland,0,0.960821,away,0.960821,0.5911822,1.2029703253209512,5
514,2016-09-24 18:00:00,2016,Sunderland,2,1.51457,home,-0.48543000000000003,0.4743422,0.9300954847285606,6
523,2016-10-01 18:00:00,2016,Sunderland,1,1.19268,home,0.19267999999999996,0.41997819999999997,0.8031306795765172,7
535,2016-10-15 18:00:00,2016,Sunderland,0,0.587572,away,0.587572,0.4592086,0.8947516068820269,8
542,2016-10-22 18:00:00,2016,Sunderland,0,0.808339,away,0.808339,0.41279640000000006,0.7863578917455825,9
2677,2016-10-29 15:30:00,2016,Sunderland,1,0.853434,home,-0.14656599999999997,0.19131899999999996,0.2691068628186979,10
2687,2016-11-05 19:00:00,2016,Sunderland,2,1.13672,away,-0.86328,0.11574900000000002,0.09261634840953187,11
2700,2016-11-19 19:00:00,2016,Sunderland,3,0.951511,home,-2.048489,-0.3324848,-0.9542145889674075,12
2710,2016-11-26 19:00:00,2016,Sunderland,0,0.291073,away,0.291073,-0.3917846000000001,-1.0927067446688854,13
3108,2016-12-03 15:00:00,2016,Sunderland,2,1.4282,home,-0.5718000000000001,-0.6678124000000001,-1.7373579080039447,14
3117,2016-12-10 19:00:00,2016,Sunderland,0,0.672058,away,0.672058,-0.5040876,-1.3549856151160544,15
3128,2016-12-14 23:45:00,2016,Sunderland,0,0.473979,home,0.473979,-0.2366358,-0.7303633342948631,16
3139,2016-12-17 19:00:00,2016,Sunderland,1,1.13526,home,0.13525999999999994,0.200114,0.28964721049937303,17
3147,2016-12-26 19:00:00,2016,Sunderland,1,0.488541,away,-0.511459,0.039607599999999965,-0.08520864634809805,18
3157,2016-12-31 19:00:00,2016,Sunderland,1,0.465701,away,-0.5342990000000001,0.047107799999999964,-0.06769224888651769,19
3334,2017-01-02 19:00:00,2016,Sunderland,2,1.91057,home,-0.0894299999999999,-0.10518980000000003,-0.4233768031710409,20
3342,2017-01-14 19:00:00,2016,Sunderland,1,1.1365,home,0.13650000000000007,-0.17268560000000002,-0.5810103675809681,21
3355,2017-01-21 18:00:00,2016,Sunderland,0,0.440887,away,0.440887,-0.1115602,-0.4382546008816688,22
3364,2017-01-31 22:45:00,2016,Sunderland,0,0.228009,home,0.228009,0.03633340000000001,-0.09285540091047047,23
3371,2017-02-04 15:00:00,2016,Sunderland,4,0.837361,away,-3.162639,-0.48933459999999995,-1.320530612349369,24
3384,2017-02-11 15:00:00,2016,Sunderland,0,0.197925,home,0.197925,-0.43186359999999996,-1.1863095411093372,25
3393,2017-02-25 15:00:00,2016,Sunderland,0,0.505952,away,0.505952,-0.3579732000000001,-1.0137416609201217,26
3404,2017-03-05 16:00:00,2016,Sunderland,0,0.737758,home,0.737758,-0.29859900000000006,-0.8750757471893724,27
3423,2017-03-18 15:00:00,2016,Sunderland,0,1.03287,home,1.03287,-0.13762680000000005,-0.4991320342930487,28
3439,2017-04-01 15:00:00,2016,Sunderland,0,0.349699,away,0.349699,0.5648408,1.141451108220811,29
3445,2017-04-04 19:45:00,2016,Sunderland,0,0.7012,away,0.7012,0.6654957999999999,1.3765265710745174,30
3452,2017-04-09 13:30:00,2016,Sunderland,0,0.977316,home,0.977316,0.7597685999999999,1.5966966778204805,31
3464,2017-04-15 15:00:00,2016,Sunderland,2,1.14121,home,-0.8587899999999999,0.4404589999999999,0.8509627151397201,32
3413,2017-04-26 19:45:00,2016,Sunderland,0,0.445766,away,0.445766,0.32303819999999994,0.5767314408994685,33
3486,2017-04-29 15:00:00,2016,Sunderland,0,1.6667,home,1.6667,0.5864383999999999,1.1918913825889912,34
3494,2017-05-06 15:00:00,2016,Sunderland,2,1.95502,away,-0.04498000000000002,0.4372024,0.8433570646272829,35
3506,2017-05-13 15:00:00,2016,Sunderland,0,1.03765,home,1.03765,0.4492692,0.8715385617726121,36
3470,2017-05-16 19:45:00,2016,Sunderland,0,0.271744,away,0.271744,0.675376,1.3996013571068775,37
3512,2017-05-21 15:00:00,2016,Sunderland,1,0.693994,away,-0.306006,0.5250216,1.0484550636083791,38
86,2015-08-08 20:30:00,2015,Swansea,2,2.59203,away,0.5920299999999998,,,1
94,2015-08-15 18:00:00,2015,Swansea,2,1.97424,home,-0.025760000000000005,,,2
103,2015-08-22 18:00:00,2015,Swansea,1,1.56064,away,0.56064,0.3756366666666666,1.278176973045766,3
120,2015-08-30 19:00:00,2015,Swansea,2,0.971183,home,-1.028817,0.02452324999999994,0.11246705435460332,4
124,2015-09-12 18:00:00,2015,Swansea,0,0.503008,away,0.503008,0.12022019999999996,0.43018457384602765,5
136,2015-09-19 18:00:00,2015,Swansea,0,0.864868,home,0.864868,0.1747878,0.611351084550917,6
142,2015-09-26 18:00:00,2015,Swansea,1,1.41962,away,0.4196200000000001,0.26386380000000004,0.9070867978230549,7
159,2015-10-04 19:00:00,2015,Swansea,2,0.774806,home,-1.2251940000000001,-0.093303,-0.27872058413310624,8
170,2015-10-19 23:00:00,2015,Swansea,0,0.485489,home,0.485489,0.20955820000000003,0.7267901370988261,9
171,2015-10-24 18:00:00,2015,Swansea,2,1.74353,away,-0.25647,0.05766260000000002,0.22249095876909256,10
185,2015-10-31 19:00:00,2015,Swansea,0,0.264441,home,0.264441,-0.06242279999999999,-0.17619714377895612,11
194,2015-11-07 19:00:00,2015,Swansea,0,0.402284,away,0.402284,-0.06589000000000003,-0.18770837985890101,12
202,2015-11-21 19:00:00,2015,Swansea,2,1.88526,home,-0.11474000000000006,0.15620079999999997,0.5496415364954449,13
219,2015-11-29 20:15:00,2015,Swansea,0,0.367517,away,0.367517,0.13260639999999996,0.47130722968745925,14
222,2015-12-05 19:00:00,2015,Swansea,0,0.780602,home,0.780602,0.34002079999999996,1.159930938957212,15
232,2015-12-12 19:00:00,2015,Swansea,1,0.962789,away,-0.037210999999999994,0.27969039999999995,0.9596317127235083,16
249,2015-12-20 20:00:00,2015,Swansea,0,0.973378,home,0.973378,0.39390919999999996,1.3388424797885727,17
252,2015-12-26 19:00:00,2015,Swansea,1,1.21243,home,0.2124299999999999,0.4593432,1.5560858524394447,18
264,2015-12-28 19:00:00,2015,Swansea,0,0.169425,away,0.169425,0.4197248,1.4245512552112254,19
275,2016-01-02 19:00:00,2015,Swansea,1,0.542907,away,-0.45709299999999997,0.17218579999999997,0.6027123454300078,20
286,2016-01-13 23:45:00,2015,Swansea,2,1.06526,home,-0.9347399999999999,-0.007320000000000016,0.006746251313907821,21
300,2016-01-19 00:00:00,2015,Swansea,1,0.474035,home,-0.525965,-0.30718860000000003,-0.9888289239175508,22
309,2016-01-24 17:30:00,2015,Swansea,2,1.08055,away,-0.9194500000000001,-0.5335646,-1.7404058675128342,23
318,2016-02-03 00:00:00,2015,Swansea,1,1.17928,away,0.1792800000000001,-0.5315936,-1.7338620724293168,24
325,2016-02-06 19:00:00,2015,Swansea,1,1.32136,home,0.3213600000000001,-0.375903,-1.216963349532385,25
332,2016-02-13 19:00:00,2015,Swansea,0,0.699012,home,0.699012,-0.04915259999999999,-0.1321395742623195,26
347,2016-02-28 18:05:00,2015,Swansea,1,1.24938,away,0.24937999999999994,0.1059164,0.3826954129553052,27
355,2016-03-02 23:45:00,2015,Swansea,2,1.69788,away,-0.30211999999999994,0.22938240000000004,0.7926072362843477,28
361,2016-03-05 19:00:00,2015,Swansea,1,0.545937,home,-0.454063,0.10271380000000001,0.3720626589550656,29
371,2016-03-12 19:00:00,2015,Swansea,2,1.09562,away,-0.90438,-0.1424342,-0.4418380397431029,30
379,2016-03-19 21:30:00,2015,Swansea,1,0.490469,home,-0.509531,-0.38414279999999995,-1.2443197994203432,31
388,2016-04-02 18:00:00,2015,Swansea,2,0.4319,away,-1.5681,-0.7476388,-2.4511403664818303,32
397,2016-04-09 18:00:00,2015,Swansea,1,1.9071,home,0.9071,-0.5057948,-1.6482090736466457,33
408,2016-04-16 18:00:00,2015,Swansea,0,0.787081,away,0.787081,-0.257566,-0.8240800015881018,34
425,2016-04-24 19:15:00,2015,Swansea,0,0.576457,away,0.576457,0.03860140000000001,0.15920704864938717,35
433,2016-05-01 15:00:00,2015,Swansea,3,2.31862,home,-0.6813799999999999,0.004231600000000025,0.045098003361984065,36
439,2016-05-07 18:00:00,2015,Swansea,4,2.47265,away,-1.5273500000000002,0.01238159999999997,0.07215631382908977,37
457,2016-05-15 18:00:00,2015,Swansea,1,0.115604,home,-0.884396,-0.3459176,-1.1174106792648566,38
464,2016-08-13 18:00:00,2016,Swansea,1,1.72089,away,0.72089,-0.35915579999999997,-0.43523943873027104,1
474,2016-08-20 18:00:00,2016,Swansea,0,1.14134,home,1.14134,-0.2461792,-0.1746811528549366,2
483,2016-08-27 18:00:00,2016,Swansea,1,0.32818,away,-0.67182,-0.2442672,-0.17027150127581633,3
499,2016-09-11 19:00:00,2016,Swansea,2,1.2304,home,-0.7696000000000001,-0.09271719999999997,0.17924873764451713,4
509,2016-09-18 17:15:00,2016,Swansea,0,0.490661,away,0.490661,0.18229420000000002,0.8135083894677793,5
515,2016-09-24 15:00:00,2016,Swansea,1,1.11096,home,0.11095999999999995,0.06030820000000001,0.5321716961986549,6
522,2016-10-01 15:30:00,2016,Swansea,1,2.65842,home,1.65842,0.16372420000000001,0.7706803403965117,7
532,2016-10-15 18:00:00,2016,Swansea,2,1.74979,away,-0.25021000000000004,0.24804620000000002,0.9651524326844718,8
543,2016-10-22 18:00:00,2016,Swansea,0,1.33215,home,1.33215,0.6683962,1.934606952184057,9
2686,2016-11-01 00:00:00,2016,Swansea,1,1.10058,away,0.10057999999999989,0.5903799999999999,1.7546779461553104,10
2695,2016-11-06 19:00:00,2016,Swansea,1,0.51266,home,-0.48734,0.4707199999999999,1.4787057139599484,11
2702,2016-11-19 19:00:00,2016,Swansea,1,1.07471,away,0.07471000000000005,0.15397799999999998,0.748202648858634,12
2709,2016-11-26 19:00:00,2016,Swansea,5,3.3955,home,-1.6044999999999998,-0.11688000000000001,0.12352199644369728,13
3109,2016-12-03 19:00:00,2016,Swansea,0,0.0342109,away,0.0342109,-0.37646782,-0.47516620459364023,14
3117,2016-12-10 19:00:00,2016,Swansea,3,2.18185,home,-0.8181500000000002,-0.56021382,-0.8989401789958545,15
3131,2016-12-15 00:00:00,2016,Swansea,1,1.07221,away,0.07221000000000011,-0.4483038199999999,-0.6408417960359434,16
3136,2016-12-17 19:00:00,2016,Swansea,0,0.602249,away,0.602249,-0.3427960199999999,-0.3975088269567038,17
3146,2016-12-26 19:00:00,2016,Swansea,1,0.954864,home,-0.045135999999999954,-0.030923219999999984,0.32176438695786785,18
3161,2016-12-31 19:00:00,2016,Swansea,0,0.515218,home,0.515218,0.06527820000000001,0.543634022740615,19
3337,2017-01-04 00:00:00,2016,Swansea,2,1.18905,away,-0.8109500000000001,0.06671820000000003,0.5469550992437182,20
3343,2017-01-14 19:00:00,2016,Swansea,0,0.488485,home,0.488485,0.14997320000000003,0.7389663660950039,21
3350,2017-01-21 15:30:00,2016,Swansea,3,1.60482,away,-1.39518,-0.2495126,-0.18236898369899496,22
3365,2017-01-31 22:45:00,2016,Swansea,2,0.760046,home,-1.239954,-0.4884762,-0.7334914816552008,23
3378,2017-02-05 13:30:00,2016,Swansea,1,0.11445,away,-0.8855500000000001,-0.7686298,-1.3796106054189192,24
3388,2017-02-12 16:00:00,2016,Swansea,2,0.693376,home,-1.306624,-0.8677645999999999,-1.6082455046687998,25
3391,2017-02-25 15:00:00,2016,Swansea,1,0.280172,away,-0.719828,-1.1094272,-2.1655927147651974,26
3405,2017-03-04 15:00:00,2016,Swansea,3,1.44545,home,-1.55455,-1.1413012,-2.239103820640134,27
3417,2017-03-11 15:00:00,2016,Swansea,1,1.44148,away,0.4414800000000001,-0.8050143999999999,-1.463524522179201,28
3429,2017-03-18 17:30:00,2016,Swansea,0,0.37687,away,0.37687,-0.5525304,-0.8812198834226096,29
3438,2017-04-02 13:30:00,2016,Swansea,0,0.64382,home,0.64382,-0.16244159999999996,0.0184431358855142,30
3444,2017-04-05 19:45:00,2016,Swansea,1,0.872579,home,-0.127421,-0.04396019999999996,0.2916971592152112,31
3455,2017-04-08 15:00:00,2016,Swansea,0,0.307666,away,0.307666,0.3284830000000001,1.1506640760628095,32
3466,2017-04-15 15:00:00,2016,Swansea,0,0.641001,away,0.641001,0.3683872,1.242695257309426,33
3478,2017-04-22 15:00:00,2016,Swansea,2,0.475636,home,-1.524364,-0.01185959999999997,0.3657308733787616,34
3482,2017-04-30 12:00:00,2016,Swansea,1,0.775713,away,-0.22428700000000001,-0.18548099999999995,-0.03469270438225964,35
3498,2017-05-06 17:30:00,2016,Swansea,1,2.09244,home,1.0924399999999999,0.058491200000000035,0.5279811434166144,36
3506,2017-05-13 15:00:00,2016,Swansea,2,0.344096,away,-1.655904,-0.33422279999999993,-0.37773638286091643,37
3518,2017-05-21 15:00:00,2016,Swansea,2,1.74555,home,-0.25445000000000007,-0.5133129999999999,-0.7907726711637227,38
7122,2017-08-12 15:00:00,2017,Swansea,0,0.406196,away,0.406196,-0.12720099999999995,-0.36014550805748535,1
7129,2017-08-19 12:30:00,2017,Swansea,0,0.304164,home,0.304164,-0.02151079999999994,-0.03395987237262928,2
7141,2017-08-26 15:00:00,2017,Swansea,2,0.966783,away,-1.033217,-0.4466422,-1.346018662672892,3
7157,2017-09-10 16:00:00,2017,Swansea,0,1.48574,home,1.48574,0.1816866000000001,0.593156672855878,4
7166,2017-09-16 17:30:00,2017,Swansea,0,0.154074,away,0.154074,0.2633914000000001,0.8453175366493426,5
7171,2017-09-23 15:00:00,2017,Swansea,1,1.50811,home,0.5081100000000001,0.28377420000000014,0.9082238096532474,6
7183,2017-09-30 15:00:00,2017,Swansea,0,0.178568,away,0.178568,0.25865500000000013,0.8306998554938737,7
7196,2017-10-14 15:00:00,2017,Swansea,2,1.65446,home,-0.34553999999999996,0.39619040000000016,1.255167515486673,8
7206,2017-10-21 15:00:00,2017,Swansea,1,0.559618,home,-0.44038200000000005,0.01096600000000011,0.0662714229888134,9
7209,2017-10-28 15:00:00,2017,Swansea,1,0.8355,away,-0.16449999999999998,-0.05274879999999989,-0.13036792995529556,10
7225,2017-11-04 15:00:00,2017,Swansea,0,1.24557,home,1.24557,0.09474320000000011,0.32482821669246165,11
7233,2017-11-18 15:00:00,2017,Swansea,0,0.431402,away,0.431402,0.1453100000000001,0.480889647199254,12
7240,2017-11-25 15:00:00,2017,Swansea,0,0.879594,home,0.879594,0.39033680000000015,1.2371018836963568,13
7255,2017-11-29 19:45:00,2017,Swansea,0,0.0411427,away,0.0411427,0.48664174000000016,1.5343223267789883,14
7263,2017-12-02 15:00:00,2017,Swansea,1,0.320601,away,-0.679399,0.3836619400000001,1.2165016440127585,15
7271,2017-12-09 15:00:00,2017,Swansea,1,1.01101,home,0.011009999999999964,0.1367499400000001,0.4544712222875733,16
7281,2017-12-13 19:45:00,2017,Swansea,0,0.589496,home,0.589496,0.1683687400000001,0.5520545211893856,17
7293,2017-12-18 20:00:00,2017,Swansea,1,0.766224,away,-0.23377599999999998,-0.05430525999999989,-0.13517154367272682,18
7299,2017-12-23 15:00:00,2017,Swansea,1,0.546613,home,-0.453387,-0.15321119999999988,-0.44041930469416707,19
7313,2017-12-26 17:30:00,2017,Swansea,0,0.2719,away,0.2719,0.03704860000000011,0.14676866361579516,20
7327,2017-12-30 15:00:00,2017,Swansea,2,1.31479,away,-0.6852100000000001,-0.10219539999999991,-0.28297215109836094,21
7338,2018-01-02 19:45:00,2017,Swansea,0,0.397789,home,0.397789,-0.14053679999999993,-0.40130302692267905,22
7345,2018-01-13 15:00:00,2017,Swansea,1,0.895774,away,-0.10422600000000004,-0.11462679999999992,-0.3213384718305832,23
7357,2018-01-22 20:00:00,2017,Swansea,1,0.498742,home,-0.501258,-0.12420099999999992,-0.3508867791776594,24
7361,2018-01-30 19:45:00,2017,Swansea,3,2.37911,home,-0.6208900000000002,-0.30275899999999994,-0.9019601496189732,25
7374,2018-02-03 15:00:00,2017,Swansea,1,0.569943,away,-0.430057,-0.2517283999999999,-0.7444673196273597,26
7386,2018-02-10 15:00:00,2017,Swansea,1,0.843332,home,-0.15666800000000003,-0.36261979999999994,-1.0867051221954658,27
7391,2018-02-24 15:00:00,2017,Swansea,1,0.443169,away,-0.5568310000000001,-0.4531408,-1.3660749211723708,28
7406,2018-03-03 15:00:00,2017,Swansea,4,2.30838,home,-1.69162,-0.6912132,-2.1008241896288533,29
7413,2018-03-10 15:00:00,2017,Swansea,0,0.0,away,0.0,-0.5670352,-1.7175807113491826,30
7435,2018-03-31 15:00:00,2017,Swansea,0,0.138813,away,0.138813,-0.4532611999999999,-1.3664465048247476,31
7448,2018-04-07 14:00:00,2017,Swansea,1,0.655729,away,-0.344271,-0.4907818,-1.4822441924275453,32
7456,2018-04-14 14:00:00,2017,Swansea,1,1.19751,home,0.19751000000000007,-0.33991359999999987,-1.016628272298432,33
7465,2018-04-22 15:30:00,2017,Swansea,0,0.297493,away,0.297493,0.0579090000000001,0.21114892625736809,34
7476,2018-04-28 16:30:00,2017,Swansea,0,0.502964,home,0.502964,0.15850180000000008,0.521602747078216,35
7488,2018-05-05 15:00:00,2017,Swansea,0,1.0138,away,1.0138,0.3334992000000001,1.0616872408363605,36
7426,2018-05-08 19:45:00,2017,Swansea,0,0.389621,home,0.389621,0.48027760000000014,1.5146810445079033,37
7491,2018-05-13 15:00:00,2017,Swansea,1,1.70936,home,0.70936,0.5826476000000002,1.83061973631716,38
81,2015-08-08 15:45:00,2015,Tottenham,0,0.6746,away,0.6746,,,1
95,2015-08-15 18:00:00,2015,Tottenham,2,1.70614,home,-0.29386,,,2
105,2015-08-22 18:00:00,2015,Tottenham,1,1.89437,away,0.8943700000000001,0.42503666666666673,1.2003827489770664,3
118,2015-08-29 20:30:00,2015,Tottenham,0,1.99917,home,1.99917,0.81857,1.9876215527631904,4
128,2015-09-13 16:30:00,2015,Tottenham,1,1.45615,away,0.45615000000000006,0.746086,1.8426218472228717,5
138,2015-09-20 16:30:00,2015,Tottenham,1,1.01573,home,0.015730000000000022,0.6143120000000001,1.5790162073869085,6
141,2015-09-26 15:45:00,2015,Tottenham,4,2.30799,home,-1.6920099999999998,0.3346820000000001,1.019633893217722,7
159,2015-10-04 19:00:00,2015,Tottenham,2,1.18142,away,-0.8185800000000001,-0.00790799999999996,0.3343040394422985,8
161,2015-10-17 15:45:00,2015,Tottenham,0,0.586228,home,0.586228,-0.29049639999999993,-0.23099636877344287,9
178,2015-10-25 18:05:00,2015,Tottenham,5,3.43313,away,-1.5668700000000002,-0.6951004,-1.0403813483611466,10
190,2015-11-03 00:00:00,2015,Tottenham,3,1.14374,home,-1.85626,-1.0694984,-1.789341115411589,11
199,2015-11-08 20:00:00,2015,Tottenham,1,0.90585,away,-0.09414999999999996,-0.7499264,-1.1500573300392207,12
209,2015-11-22 20:00:00,2015,Tottenham,4,3.22353,home,-0.7764700000000002,-0.7415044000000001,-1.1332096461357308,13
217,2015-11-29 16:00:00,2015,Tottenham,0,0.333494,home,0.333494,-0.7920512000000001,-1.2343253560304026,14
224,2015-12-05 19:00:00,2015,Tottenham,1,1.12876,away,0.12875999999999999,-0.4529252,-0.5559250174582192,15
239,2015-12-13 20:00:00,2015,Tottenham,1,1.03317,home,0.03316999999999992,-0.0750392,0.20001227529340704,16
242,2015-12-19 19:00:00,2015,Tottenham,2,1.47453,away,-0.5254700000000001,-0.16130320000000004,0.027446542183616477,17
253,2015-12-26 19:00:00,2015,Tottenham,3,2.40666,home,-0.59334,-0.1246772,0.10071456292087874,18
262,2015-12-28 19:00:00,2015,Tottenham,2,0.527248,away,-1.4727519999999998,-0.4859264,-0.6219418526560169,19
280,2016-01-03 20:00:00,2015,Tottenham,1,0.75907,away,-0.24092999999999998,-0.5598644,-0.769850194196772,20
290,2016-01-14 00:00:00,2015,Tottenham,0,1.2301,home,1.2301,-0.32047839999999994,-0.2909734833298945,21
291,2016-01-16 16:45:00,2015,Tottenham,4,2.02579,home,-1.9742099999999998,-0.6102263999999998,-0.870596223257275,22
302,2016-01-23 19:00:00,2015,Tottenham,3,1.74368,away,-1.25632,-0.7428223999999999,-1.1358462226478179,23
313,2016-02-02 23:45:00,2015,Tottenham,3,2.75469,away,-0.24530999999999992,-0.49733399999999983,-0.6447620425037311,24
324,2016-02-06 19:00:00,2015,Tottenham,1,2.00475,home,1.00475,-0.24819799999999986,-0.14638106684713323,25
340,2016-02-14 20:15:00,2015,Tottenham,2,1.23517,away,-0.7648299999999999,-0.6471839999999999,-0.9445275890411292,26
347,2016-02-28 18:05:00,2015,Tottenham,2,3.57325,home,1.5732499999999998,0.06230800000000003,0.47476675292691606,27
354,2016-03-02 23:45:00,2015,Tottenham,0,1.22673,away,1.22673,0.558918,1.4682039772574949,28
359,2016-03-05 16:45:00,2015,Tottenham,2,1.88378,home,-0.11621999999999999,0.584736,1.519851270420675,29
372,2016-03-13 20:00:00,2015,Tottenham,2,2.00141,away,0.0014099999999999113,0.384068,1.118427495361839,30
383,2016-03-20 20:00:00,2015,Tottenham,3,2.02694,home,-0.9730599999999998,0.3424220000000001,1.0351172788046388,31
391,2016-04-02 20:30:00,2015,Tottenham,1,1.23579,away,0.23578999999999994,0.07493000000000008,0.5000162739705935,32
402,2016-04-10 19:00:00,2015,Tottenham,3,1.79647,home,-1.20353,-0.41112199999999993,-0.47230033213948597,33
414,2016-04-18 23:00:00,2015,Tottenham,4,2.89775,away,-1.1022500000000002,-0.608328,-0.8667985928699107,34
426,2016-04-25 23:00:00,2015,Tottenham,1,1.26346,home,0.26346,-0.5559179999999999,-0.7619556679848586,35
436,2016-05-02 23:00:00,2015,Tottenham,2,1.90407,away,-0.09593000000000007,-0.380492,-0.4110269341385485,36
444,2016-05-08 16:30:00,2015,Tottenham,1,2.55547,home,1.5554700000000001,-0.11655600000000002,0.11696051525013808,37
454,2016-05-15 18:00:00,2015,Tottenham,1,0.869082,away,-0.13091799999999998,0.09796640000000004,0.5460991504220722,38
463,2016-08-13 18:00:00,2016,Tottenham,1,1.12348,away,0.12348000000000003,0.3431124000000001,1.2723014413780347,1
475,2016-08-20 18:00:00,2016,Tottenham,1,2.25623,home,1.25623,0.5416664000000001,1.6762543494725537,2
481,2016-08-27 15:30:00,2016,Tottenham,1,0.590511,home,-0.409489,0.4789546000000001,1.5486688363031296,3
493,2016-09-10 18:00:00,2016,Tottenham,4,2.77025,away,-1.2297500000000001,-0.07808939999999995,0.4153774206851955,4
510,2016-09-18 19:30:00,2016,Tottenham,1,2.52591,home,1.52591,0.25327620000000006,1.0895320474491246,5
512,2016-09-24 18:00:00,2016,Tottenham,2,1.4158,away,-0.5842,0.11174020000000007,0.8015807656816162,6
529,2016-10-02 17:15:00,2016,Tottenham,2,1.69975,home,-0.3002499999999999,-0.1995557999999999,0.16825721401208862,7
536,2016-10-15 18:00:00,2016,Tottenham,1,1.32318,away,0.32318,-0.0530219999999999,0.46637638886699273,8
541,2016-10-22 15:30:00,2016,Tottenham,0,0.74529,away,0.74529,0.3419860000000001,1.2700098101055464,9
2678,2016-10-29 18:00:00,2016,Tottenham,1,1.69833,home,0.6983299999999999,0.17647000000000007,0.9332718469510775,10
2692,2016-11-06 16:00:00,2016,Tottenham,1,1.19585,away,0.19585000000000008,0.3324800000000001,1.2506701022963533,11
2704,2016-11-19 21:30:00,2016,Tottenham,3,2.53396,home,-0.46604,0.2993220000000001,1.18321102050199,12
2712,2016-11-26 21:30:00,2016,Tottenham,1,0.422568,away,-0.577432,0.1191996000000001,0.8167567194404942,13
3109,2016-12-03 19:00:00,2016,Tottenham,5,3.9767,home,-1.0232999999999999,-0.23451839999999988,0.0971267208236088,14
3122,2016-12-11 18:15:00,2016,Tottenham,0,0.720341,away,0.720341,-0.23011619999999988,0.10608288132409578,15
3134,2016-12-15 00:00:00,2016,Tottenham,3,2.83077,home,-0.1692300000000002,-0.30313219999999996,-0.04246625663046285,16
3143,2016-12-18 20:00:00,2016,Tottenham,2,1.50755,home,-0.49245000000000005,-0.3084141999999999,-0.05321234716782412,17
3154,2016-12-28 23:45:00,2016,Tottenham,4,1.61035,away,-2.38965,-0.6708578,-0.7905943502513512,18
3328,2017-01-01 13:30:00,2016,Tottenham,4,3.06509,away,-0.9349099999999999,-0.6531798,-0.7546289226634159,19
3339,2017-01-05 00:00:00,2016,Tottenham,2,1.00945,home,-0.99055,-0.9953579999999999,-1.4507815006852534,20
3340,2017-01-14 16:30:00,2016,Tottenham,4,2.65474,home,-1.3452600000000001,-1.230564,-1.929301941982228,21
3356,2017-01-21 20:30:00,2016,Tottenham,2,1.12391,away,-0.87609,-1.307292,-2.085403046630214,22
3364,2017-01-31 22:45:00,2016,Tottenham,0,0.682758,away,0.682758,-0.6928103999999999,-0.8352563394846868,23
3377,2017-02-04 17:30:00,2016,Tottenham,1,2.10053,home,1.10053,-0.28572239999999993,-0.00704647491191792,24
3386,2017-02-11 17:30:00,2016,Tottenham,0,0.622104,away,0.622104,0.036808400000000054,0.6491339828479443,25
3397,2017-02-26 13:30:00,2016,Tottenham,4,1.89002,home,-2.10998,-0.11613559999999996,0.33797342413037573,26
3406,2017-03-05 13:30:00,2016,Tottenham,3,1.70225,home,-1.29775,-0.20046759999999994,0.1664021808140639,27
3422,2017-03-19 14:15:00,2016,Tottenham,2,1.64328,home,-0.3567199999999999,-0.4083632,-0.25655596759923877,28
3431,2017-04-01 15:00:00,2016,Tottenham,2,2.36346,away,0.3634599999999999,-0.5557772,-0.5564658862805316,29
3444,2017-04-05 19:45:00,2016,Tottenham,3,2.2242,away,-0.7757999999999998,-0.8353579999999999,-1.1252656949340571,30
3453,2017-04-08 12:30:00,2016,Tottenham,4,1.18779,home,-2.8122100000000003,-0.9758039999999999,-1.4109994002748854,31
3465,2017-04-15 12:30:00,2016,Tottenham,4,3.28588,home,-0.7141199999999999,-0.8590779999999999,-1.1735234131366719,32
3415,2017-04-26 20:00:00,2016,Tottenham,1,1.00589,away,0.005889999999999951,-0.7865559999999999,-1.0259793052323702,33
3487,2017-04-30 16:30:00,2016,Tottenham,2,3.46042,home,1.46042,-0.5671639999999998,-0.5796320323863295,34
3499,2017-05-05 20:00:00,2016,Tottenham,0,0.451017,away,0.451017,-0.32180059999999994,-0.080446627055998,35
3507,2017-05-14 16:30:00,2016,Tottenham,2,2.10698,home,0.10698000000000008,0.26203740000000014,1.1073564791825456,36
3475,2017-05-18 19:45:00,2016,Tottenham,6,2.64912,away,-3.35088,-0.26531459999999996,0.03447265921688994,37
3513,2017-05-21 15:00:00,2016,Tottenham,7,3.89027,away,-3.10973,-0.8884386,-1.233256784176288,38
7127,2017-08-13 13:30:00,2017,Tottenham,2,2.34418,away,0.34418000000000015,-1.1116865999999999,-1.772755102901844,1
7137,2017-08-20 16:00:00,2017,Tottenham,1,0.72428,home,-0.27571999999999997,-1.257034,-2.051850309180035,2
7147,2017-08-27 16:00:00,2017,Tottenham,1,2.3497,home,1.3497,-1.0084899999999999,-1.5745976101348051,3
7154,2017-09-09 15:00:00,2017,Tottenham,3,2.17535,away,-0.8246500000000001,-0.5032439999999999,-0.6044272693428079,4
7166,2017-09-16 17:30:00,2017,Tottenham,0,1.17894,home,1.17894,0.35449,1.0425884162615964,5
7169,2017-09-23 12:30:00,2017,Tottenham,3,1.45327,away,-1.54673,-0.023692,0.3164056066571679,6
7179,2017-09-30 12:30:00,2017,Tottenham,4,1.56089,away,-2.43911,-0.45637,-0.5144200955021757,7
7197,2017-10-14 15:00:00,2017,Tottenham,1,1.95684,home,0.9568399999999999,-0.534942,-0.6652935789472874,8
7207,2017-10-22 16:00:00,2017,Tottenham,4,2.62043,home,-1.3795700000000002,-0.645926,-0.8784043905172138,9
7218,2017-10-28 12:30:00,2017,Tottenham,0,1.08708,away,1.08708,-0.6642979999999999,-0.9136821947967736,10
7226,2017-11-05 12:00:00,2017,Tottenham,1,0.991813,home,-0.008187000000000055,-0.3565894,-0.32282198545987967,11
7236,2017-11-18 12:30:00,2017,Tottenham,0,0.591192,away,0.591192,0.24947099999999994,0.8409315619378911,12
7239,2017-11-25 15:00:00,2017,Tottenham,1,1.91526,home,0.91526,0.24115499999999995,0.824963228583394,13
7249,2017-11-28 19:45:00,2017,Tottenham,1,2.50552,away,1.5055200000000002,0.8181730000000002,1.9329497335792116,14
7264,2017-12-02 15:00:00,2017,Tottenham,1,0.788817,away,-0.211183,0.5585204,1.4343663673981268,15
7270,2017-12-09 15:00:00,2017,Tottenham,5,4.01925,home,-0.9807499999999996,0.3640078000000001,1.0608644387725912,16
7288,2017-12-13 20:00:00,2017,Tottenham,2,1.87344,home,-0.12656,0.22045740000000008,0.7852198211233126,17
7298,2017-12-16 17:30:00,2017,Tottenham,1,0.182456,away,-0.817544,-0.1261033999999999,0.11975585022369697,18
7304,2017-12-23 17:30:00,2017,Tottenham,3,3.30947,away,0.30947000000000013,-0.3653133999999999,-0.3395737579688541,19
7316,2017-12-26 12:30:00,2017,Tottenham,5,3.08413,home,-1.91587,-0.7062507999999998,-0.9942397098947228,20
7338,2018-01-02 19:45:00,2017,Tottenham,2,1.61843,away,-0.38156999999999996,-0.5864147999999999,-0.7641313409830446,21
7326,2018-01-04 20:00:00,2017,Tottenham,1,1.64908,home,0.6490800000000001,-0.4312867999999999,-0.46625548520906335,22
7346,2018-01-13 17:30:00,2017,Tottenham,4,4.21366,home,0.21365999999999996,-0.22504599999999994,-0.07023313724151067,23
7355,2018-01-21 16:00:00,2017,Tottenham,1,1.30653,away,0.30652999999999997,-0.22563399999999997,-0.07136221131708124,24
7367,2018-01-31 20:00:00,2017,Tottenham,2,2.0117,home,0.011699999999999822,0.15987999999999997,0.6688994607398692,25
7375,2018-02-04 16:30:00,2017,Tottenham,2,2.54392,away,0.54392,0.34497799999999995,1.0243235308758367,26
7387,2018-02-10 12:30:00,2017,Tottenham,1,2.63564,home,1.63564,0.5422899999999999,1.403200850601971,27
7397,2018-02-25 00:00:00,2017,Tottenham,1,1.65074,away,0.6507400000000001,0.629706,1.571056529836786,28
7407,2018-03-03 15:00:00,2017,Tottenham,2,1.63794,home,-0.36206000000000005,0.495988,1.3142920277328123,29
7410,2018-03-11 16:00:00,2017,Tottenham,4,2.53124,away,-1.46876,0.199896,0.7457379440868577,30
7431,2018-04-01 16:00:00,2017,Tottenham,3,1.3895,away,-1.6105,-0.23098800000000003,-0.08164293002559235,31
7446,2018-04-07 14:00:00,2017,Tottenham,2,1.79894,away,-0.20106000000000002,-0.5983280000000001,-0.7870069962161853,32
7457,2018-04-14 18:45:00,2017,Tottenham,1,0.445014,home,-0.554986,-0.8394732000000001,-1.2500525638492874,33
7462,2018-04-17 18:45:00,2017,Tottenham,1,1.36248,away,0.3624799999999999,-0.6945652000000001,-0.971801090817365,34
7477,2018-04-30 19:00:00,2017,Tottenham,2,1.76757,home,-0.23242999999999991,-0.44729919999999995,-0.4970023997118952,35
7483,2018-05-05 15:00:00,2017,Tottenham,0,0.969481,away,0.969481,0.06869700000000001,0.4938104106841801,36
7427,2018-05-09 20:00:00,2017,Tottenham,1,0.835241,home,-0.164759,0.07595720000000002,0.5077514032070661,37
7490,2018-05-13 15:00:00,2017,Tottenham,5,1.83248,home,-3.1675199999999997,-0.4465495999999999,-0.49556302228494337,38
9198,2018-08-11 14:30:00,2018,Tottenham,2,2.58097,away,0.5809700000000002,-0.40285159999999987,-0.3360884186490818,1
9209,2018-08-18 17:00:00,2018,Tottenham,3,3.26713,home,0.26712999999999987,-0.30293959999999986,-0.17009656518205368,2
9226,2018-08-27 22:00:00,2018,Tottenham,3,1.80811,away,-1.19189,-0.7352137999999998,-0.8882685131360212,3
9236,2018-09-02 15:00:00,2018,Tottenham,1,0.582521,away,-0.41747900000000004,-0.7857578,-0.9722413316326731,4
9237,2018-09-15 11:30:00,2018,Tottenham,1,0.788168,home,-0.21183200000000002,-0.19462019999999997,0.009863179117293628,5
9254,2018-09-22 16:30:00,2018,Tottenham,2,2.11655,away,0.11655000000000015,-0.2875042,-0.14445249184746978,6
9261,2018-09-29 14:00:00,2018,Tottenham,2,2.33733,away,0.33733000000000013,-0.27346419999999994,-0.1211267089317331,7
9269,2018-10-06 14:00:00,2018,Tottenham,1,2.6517,home,1.6517,0.29525380000000007,0.8237303144494553,8
9279,2018-10-20 14:00:00,2018,Tottenham,1,1.11777,away,0.11776999999999993,0.4023036000000001,1.0015807700030892,9
9296,2018-10-29 19:00:00,2018,Tottenham,0,0.442436,home,0.442436,0.5331572,1.2189783958821936,10
9304,2018-11-03 19:45:00,2018,Tottenham,3,1.63123,away,-1.36877,0.2360932,0.7254420443095173,11
9312,2018-11-10 17:30:00,2018,Tottenham,1,1.55381,away,0.5538099999999999,0.27938919999999995,0.7973731765830024,12
9323,2018-11-24 17:30:00,2018,Tottenham,3,3.34649,home,0.3464900000000002,0.01834720000000003,0.36368307516635645,13
9336,2018-12-02 14:05:00,2018,Tottenham,2,1.0926,away,-0.9074,-0.18668679999999996,0.02304357556912446,14
9346,2018-12-05 20:00:00,2018,Tottenham,3,1.73642,home,-1.26358,-0.52789,-0.5438247843564209,15
9350,2018-12-08 19:45:00,2018,Tottenham,2,0.917968,away,-1.0820319999999999,-0.4705423999999999,-0.44854859715282425,16
9359,2018-12-15 15:00:00,2018,Tottenham,1,1.74625,home,0.7462500000000001,-0.43205439999999984,-0.38460538256159404,17
9372,2018-12-23 16:00:00,2018,Tottenham,6,2.55514,away,-3.44486,-1.1903244,-1.6443804118718213,18
9378,2018-12-26 15:00:00,2018,Tottenham,5,2.23457,home,-2.76543,-1.5619304,-2.2617593923693438,19
9388,2018-12-29 15:00:00,2018,Tottenham,1,0.277704,home,-0.722296,-1.4536735999999997,-2.081903650492398,20
9404,2019-01-01 17:30:00,2018,Tottenham,3,1.38282,away,-1.61718,-1.5607031999999998,-2.2597205461589307,21
9408,2019-01-13 16:30:00,2018,Tottenham,0,1.80359,home,1.80359,-1.3492352,-1.9083917241058697,22
9424,2019-01-20 16:00:00,2018,Tottenham,2,1.93316,away,-0.06684000000000001,-0.6736312,-0.7859563793050641,23
9435,2019-01-30 20:00:00,2018,Tottenham,2,1.36248,home,-0.6375200000000001,-0.24804920000000003,-0.07890272226482117,24
9438,2019-02-02 12:30:00,2018,Tottenham,1,3.10409,home,2.10409,0.31722799999999995,0.8602378229214621,25
9452,2019-02-10 13:30:00,2018,Tottenham,3,1.21144,home,-1.78856,0.282952,0.803292343204953,26
9464,2019-02-23 12:30:00,2018,Tottenham,1,0.845211,away,-0.15478899999999995,-0.10872380000000004,0.15256978735399412,27
9474,2019-02-27 20:00:00,2018,Tottenham,0,0.722229,away,0.722229,0.04908999999999997,0.4147585651251816,28
9480,2019-03-02 12:30:00,2018,Tottenham,1,1.76818,home,0.7681800000000001,0.33022999999999997,0.8818390928267619,29
9487,2019-03-09 15:00:00,2018,Tottenham,1,1.26876,away,0.2687600000000001,-0.03683599999999994,0.2720027800242143,30
9510,2019-03-31 15:30:00,2018,Tottenham,1,1.04822,away,0.04821999999999993,0.33052000000000004,0.8823208931861325,31
9500,2019-04-03 19:45:00,2018,Tottenham,2,2.57376,home,0.57376,0.47622980000000004,1.1244003207855198,32
9528,2019-04-13 12:30:00,2018,Tottenham,4,2.78596,home,-1.2140399999999998,0.08897600000000008,0.4810243897246882,33
9540,2019-04-20 12:30:00,2018,Tottenham,0,1.19894,away,1.19894,0.17512800000000006,0.6241556468298547,34
9519,2019-04-23 19:45:00,2018,Tottenham,1,1.0032,home,0.0032000000000000917,0.12201600000000005,0.5359164030819485,35
9548,2019-04-27 12:30:00,2018,Tottenham,0,1.35378,home,1.35378,0.383128,0.9697228011370634,36
9565,2019-05-04 11:30:00,2018,Tottenham,0,0.713362,away,0.713362,0.41104840000000004,1.016109210632828,37
9568,2019-05-12 14:00:00,2018,Tottenham,2,0.882608,home,-1.1173920000000002,0.430378,1.0482230321034847,38
11649,2019-08-10 17:30:00,2019,Tottenham,3,2.57262,home,-0.42737999999999987,0.10511400000000001,0.8103801722036045,1
11659,2019-08-17 17:30:00,2019,Tottenham,2,0.074542,away,-1.925458,-0.28061759999999997,-0.07154016208398957,2
11672,2019-08-25 16:30:00,2019,Tottenham,0,1.25927,home,1.25927,-0.2995196,-0.11475689143337171,3
11682,2019-09-01 16:30:00,2019,Tottenham,2,1.95514,away,-0.0448599999999999,-0.451164,-0.4614702017788079,4
11687,2019-09-14 14:00:00,2019,Tottenham,4,1.04944,home,-2.9505600000000003,-0.8177976000000001,-1.2997256806482191,5
11694,2019-09-21 11:30:00,2019,Tottenham,1,1.33735,away,0.33735000000000004,-0.6648516000000001,-0.9500364473887445,6
11704,2019-09-28 14:00:00,2019,Tottenham,2,1.19008,home,-0.80992,-0.4417440000000001,-0.43993271418642743,7
11713,2019-10-05 12:30:00,2019,Tottenham,0,0.478504,away,0.478504,-0.5978972,-0.7969547532002845,8
11731,2019-10-19 15:00:00,2019,Tottenham,1,0.891617,home,-0.10838300000000001,-0.6106018000000001,-0.8260020106170743,9
11736,2019-10-27 16:30:00,2019,Tottenham,1,1.35143,away,0.3514299999999999,0.04979619999999999,0.683903905628467,10
11748,2019-11-03 16:30:00,2019,Tottenham,1,0.243393,away,-0.756607,-0.16899520000000004,0.18366854864124912,11
11759,2019-11-09 15:00:00,2019,Tottenham,1,1.5104,home,0.5104,0.09506879999999995,0.7874132539060479,12
11772,2019-11-23 12:30:00,2019,Tottenham,3,2.20681,away,-0.7931900000000001,-0.15927000000000008,0.20590383254076286,13
11779,2019-11-30 15:00:00,2019,Tottenham,3,2.93189,home,-0.06810999999999989,-0.15121540000000006,0.22431952761099533,14
11788,2019-12-04 19:30:00,2019,Tottenham,1,0.542315,away,-0.457685,-0.31303840000000005,-0.14566570112168134,15
11800,2019-12-07 15:00:00,2019,Tottenham,5,2.39684,home,-2.60316,-0.6823490000000001,-0.990041759002218,16
11812,2019-12-15 14:00:00,2019,Tottenham,2,0.989205,away,-1.0107949999999999,-0.986588,-1.685640876583778,17
11820,2019-12-22 16:30:00,2019,Tottenham,0,0.276667,home,0.276667,-0.7726166000000001,-1.196425762717078,18
11831,2019-12-26 12:30:00,2019,Tottenham,2,1.02645,home,-0.9735499999999999,-0.9537046,-1.610457668569416,19
11839,2019-12-28 17:30:00,2019,Tottenham,2,1.82189,away,-0.17811,-0.8977896,-1.4826159892989315,20
11851,2020-01-01 15:00:00,2019,Tottenham,0,1.078,away,1.078,-0.16155760000000002,0.20067356113775556,21
11854,2020-01-11 17:30:00,2019,Tottenham,0,1.10584,home,1.10584,0.26176939999999993,1.1685504199508896,22
11871,2020-01-18 12:30:00,2019,Tottenham,0,1.76697,away,1.76697,0.5598299999999999,1.8500235063922412,23
11880,2020-01-22 19:30:00,2019,Tottenham,2,2.22282,home,0.22282000000000002,0.7991039999999999,2.397089409383673,24
11890,2020-02-02 16:30:00,2019,Tottenham,2,0.420293,home,-1.579707,0.5187845999999998,1.7561790485128035,25
11894,2020-02-16 14:00:00,2019,Tottenham,3,3.86024,away,0.8602400000000001,0.4752325999999999,1.6566036069391985,26
11906,2020-02-22 12:30:00,2019,Tottenham,1,0.265879,away,-0.734121,0.10724039999999993,0.8152418827785978,27
11920,2020-03-01 14:00:00,2019,Tottenham,2,1.63079,home,-0.36921000000000004,-0.31999560000000005,-0.1615723474781262,28
11924,2020-03-07 17:30:00,2019,Tottenham,1,1.13669,away,0.13668999999999998,-0.33722160000000007,-0.2009571416677599,29
11936,2020-06-19 19:15:00,2019,Tottenham,1,0.534852,home,-0.465148,-0.11430980000000009,0.30869892273725463,30
11944,2020-06-23 19:15:00,2019,Tottenham,2,2.24125,home,0.24124999999999996,-0.23810780000000015,0.025652437709490168,31
11960,2020-07-02 17:00:00,2019,Tottenham,1,1.01524,away,0.01523999999999992,-0.08823560000000012,0.3683138653042664,32
11971,2020-07-06 19:00:00,2019,Tottenham,1,0.511828,home,-0.48817200000000005,-0.11202800000000013,0.31391593326679745,33
11975,2020-07-09 17:00:00,2019,Tottenham,0,0.479274,away,0.479274,-0.043511200000000125,0.47056983240370054,34
11990,2020-07-12 15:30:00,2019,Tottenham,2,1.81846,home,-0.18154000000000003,0.013210399999999867,0.6002556876287513,35
12000,2020-07-15 17:00:00,2019,Tottenham,3,1.7498,away,-1.2502,-0.2850796000000001,-0.08174188922169714,36
12010,2020-07-19 15:00:00,2019,Tottenham,3,0.766922,home,-2.233078,-0.7347432000000002,-1.1098336308082384,37
12020,2020-07-26 15:00:00,2019,Tottenham,1,0.310302,away,-0.6896979999999999,-0.7750484000000001,-1.2019857268707033,38
14093,2020-09-13 15:30:00,2020,Tottenham,0,0.822944,home,0.822944,-0.7063144,-1.1080945981413912,1
14100,2020-09-20 11:00:00,2020,Tottenham,5,2.28004,away,-2.71996,-1.2139984000000001,-2.591791045288427,2
14111,2020-09-27 13:00:00,2020,Tottenham,1,3.18765,home,2.18765,-0.5264284,-0.582381321592413,3
14471,2020-10-04 15:30:00,2020,Tottenham,6,3.3017,away,-2.6983,-0.6194728,-0.8543017400159355,4
14483,2020-10-18 15:30:00,2020,Tottenham,3,1.77602,home,-1.22398,-0.7263292000000001,-1.1665874552146074,5
14488,2020-10-26 20:00:00,2020,Tottenham,1,0.797344,away,-0.20265599999999995,-0.9314492000000001,-1.7660465975921489,6
14503,2020-11-01 19:15:00,2020,Tottenham,2,1.97236,home,-0.02764000000000011,-0.39298520000000015,-0.19239620932586324,7
14513,2020-11-08 12:00:00,2020,Tottenham,1,1.87063,away,0.87063,-0.6563892000000001,-0.9621891887467581,8
14523,2020-11-21 17:30:00,2020,Tottenham,2,0.761142,home,-1.238858,-0.3645008000000001,-0.10915111379574009,9
14529,2020-11-29 16:30:00,2020,Tottenham,0,0.22689,away,0.22689,-0.0743268000000001,0.7388766610690258,10
14542,2020-12-06 16:30:00,2020,Tottenham,2,0.390629,home,-1.6093709999999999,-0.3556698000000001,-0.08334269098793934,11
14545,2020-12-13 14:15:00,2020,Tottenham,1,1.40792,away,0.40792000000000006,-0.26855780000000007,0.17124040578854474,12
14563,2020-12-16 20:00:00,2020,Tottenham,1,1.5161,away,0.5161,-0.3394638,-0.03598097657018142,13
14573,2020-12-20 14:15:00,2020,Tottenham,0,0.945932,home,0.945932,0.09749419999999995,1.241020134657421,14
14584,2020-12-27 19:15:00,2020,Tottenham,1,0.408109,away,-0.591891,-0.06626200000000004,0.7624458795335657,15
14599,2021-01-02 12:30:00,2020,Tottenham,3,2.5286,home,-0.47140000000000004,0.16133219999999993,1.4275854268332082,16
14589,2021-01-13 20:00:00,2020,Tottenham,1,3.14372,home,2.14372,0.5084921999999998,2.4421536594179747,17
14622,2021-01-17 14:00:00,2020,Tottenham,3,1.28385,away,-1.71615,0.062042199999999915,1.137412365958276,18
14633,2021-01-28 20:00:00,2020,Tottenham,1,0.104586,home,-0.895414,-0.30622700000000014,0.06115291394938654,19
14636,2021-01-31 19:15:00,2020,Tottenham,0,0.372524,away,0.372524,-0.11334400000000015,0.6248496658956002,20
14653,2021-02-04 20:00:00,2020,Tottenham,0,0.569446,home,0.569446,0.09482519999999987,1.23322003495478,21
14663,2021-02-07 12:00:00,2020,Tottenham,2,1.92997,home,-0.07003000000000004,-0.34792480000000015,-0.060708081697211834,22
14671,2021-02-13 17:30:00,2020,Tottenham,0,0.4235,away,0.4235,0.08000519999999986,1.1899088781195852,23
14683,2021-02-21 12:00:00,2020,Tottenham,1,0.770706,away,-0.229294,0.21322919999999987,1.579253382722284,24
14693,2021-02-28 14:00:00,2020,Tottenham,4,2.35788,home,-1.6421199999999998,-0.18969960000000005,0.4017019353392305,25
14757,2021-03-04 18:00:00,2020,Tottenham,1,1.5519,away,0.5519000000000001,-0.19320880000000007,0.39144636775717473,26
14702,2021-03-07 19:15:00,2020,Tottenham,4,2.24159,home,-1.75841,-0.5308848000000002,-0.5954050624372421,27
14705,2021-03-14 16:30:00,2020,Tottenham,1,0.705566,away,-0.294434,-0.6744716000000001,-1.0150346450461323,28
14606,2021-03-21 19:30:00,2020,Tottenham,2,1.72011,away,-0.27988999999999997,-0.6845908,-1.044607806871146,29
14732,2021-04-04 13:05:00,2020,Tottenham,2,2.43683,away,0.43683000000000005,-0.26880080000000006,0.17053024309549805,30
14742,2021-04-11 15:30:00,2020,Tottenham,1,0.921801,home,-0.07819900000000002,-0.3948206000000001,-0.19776012951852948,31
14748,2021-04-16 19:00:00,2020,Tottenham,2,1.4815,away,-0.5185,-0.14683860000000007,0.5269623599757545,32
14722,2021-04-21 19:00:00,2020,Tottenham,2,1.28824,home,-0.71176,-0.2303038000000001,0.28303696405936407,33
14773,2021-05-02 18:15:00,2020,Tottenham,4,2.26016,home,-1.73984,-0.5222938000000001,-0.5702980348818333,34
14778,2021-05-08 11:30:00,2020,Tottenham,1,1.03384,away,0.03384000000000009,-0.6028918000000001,-0.8058440955163159,35
14793,2021-05-16 13:05:00,2020,Tottenham,2,3.13947,home,1.1394700000000002,-0.359358,-0.09412138252907039,36
14803,2021-05-19 17:00:00,2020,Tottenham,1,0.89279,home,-0.10721000000000003,-0.2771,0.1462759952677891,37
14809,2021-05-23 15:00:00,2020,Tottenham,4,1.85229,away,-2.14771,-0.5642900000000001,-0.6930310986255719,38
16385,2021-08-15 15:30:00,2021,Tottenham,1,1.06014,home,0.06014000000000008,-0.20429400000000006,-0.2679945467575819,1
16393,2021-08-22 13:00:00,2021,Tottenham,1,1.72636,away,0.7263599999999999,-0.0657900000000001,-0.003819391609022927,2
16404,2021-08-29 13:00:00,2021,Tottenham,1,0.920963,home,-0.07903700000000002,-0.30949140000000014,-0.4686424664293968,3
16406,2021-09-11 11:30:00,2021,Tottenham,0,0.0775646,away,0.0775646,-0.27253648000000014,-0.3981566196343397,4
16425,2021-09-19 15:30:00,2021,Tottenham,0,0.70567,home,0.70567,0.2981395199999999,0.6903203979215365,5
16434,2021-09-26 15:30:00,2021,Tottenham,1,0.980166,away,-0.01983400000000002,0.28214471999999985,0.6598127680222544,6
16443,2021-10-03 13:00:00,2021,Tottenham,2,1.78187,home,-0.21812999999999994,0.09324671999999987,0.2995187804316253,7
16452,2021-10-17 15:30:00,2021,Tottenham,3,1.55008,away,-1.44992,-0.18092988000000015,-0.2234310682594192,8
16465,2021-10-24 13:00:00,2021,Tottenham,0,0.672198,away,0.672198,-0.06200320000000015,0.0034033490881161493,9
16473,2021-10-30 16:30:00,2021,Tottenham,0,1.15787,home,1.15787,0.02843679999999984,0.17590378973701926,10
16481,2021-11-07 14:00:00,2021,Tottenham,0,0.801798,away,0.801798,0.19276319999999986,0.48933121576806654,11
16493,2021-11-21 16:30:00,2021,Tottenham,2,2.31744,home,0.31743999999999994,0.2998771999999998,0.6936347562331993,12
16515,2021-12-02 19:30:00,2021,Tottenham,2,2.07248,home,0.0724800000000001,0.6043571999999998,1.2743836966221647,13
16522,2021-12-05 14:00:00,2021,Tottenham,3,2.00668,home,-0.9933200000000002,0.2712535999999998,0.6390396256166807,14
16552,2021-12-19 16:30:00,2021,Tottenham,2,2.79777,home,0.7977699999999999,0.19923359999999982,0.5016725122206833,15
16563,2021-12-26 15:00:00,2021,Tottenham,3,2.82148,home,-0.1785199999999998,0.003169999999999851,0.12771124071238743,16
16575,2021-12-28 15:00:00,2021,Tottenham,1,2.80917,away,1.80917,0.30151599999999984,0.6967605160975893,17
16585,2022-01-01 15:00:00,2021,Tottenham,1,1.93752,away,0.9375199999999999,0.47452399999999983,1.026746763729007,18
16540,2022-01-19 19:30:00,2021,Tottenham,3,4.24711,away,1.2471100000000002,0.9226099999999999,1.8814021424176894,19
16598,2022-01-23 16:30:00,2021,Tottenham,0,0.328818,away,0.328818,0.8288195999999999,1.7025113271961405,20
16613,2022-02-09 19:45:00,2021,Tottenham,2,1.74286,home,-0.2571399999999999,0.8130955999999999,1.6725202067984917,21
16624,2022-02-13 14:00:00,2021,Tottenham,0,0.838197,home,0.838197,0.6189009999999999,1.3021237663779093,22
16632,2022-02-19 17:30:00,2021,Tottenham,3,2.00235,away,-0.9976500000000001,0.2318669999999999,0.5639157218610187,23
16499,2022-02-23 19:30:00,2021,Tottenham,0,0.691655,away,0.691655,0.12077599999999984,0.3520266633456791,24
16642,2022-02-26 12:30:00,2021,Tottenham,4,2.47025,away,-1.52975,-0.25093760000000015,-0.35696006592444607,25
16653,2022-03-07 20:00:00,2021,Tottenham,5,3.24279,home,-1.7572100000000002,-0.5509516000000001,-0.9291907956993246,26
16663,2022-03-12 17:30:00,2021,Tottenham,2,1.62374,away,-0.37626000000000004,-0.7938430000000002,-1.392468919647014,27
16528,2022-03-16 19:30:00,2021,Tottenham,2,2.05196,away,0.051959999999999784,-0.5839210000000002,-0.9920748738498109,28
16673,2022-03-20 16:30:00,2021,Tottenham,3,2.54795,home,-0.45204999999999984,-0.8126620000000002,-1.4283632782557236,29
16678,2022-04-03 15:30:00,2021,Tottenham,5,3.6081,home,-1.3919000000000001,-0.7850920000000002,-1.3757777281817491,30
16694,2022-04-09 16:30:00,2021,Tottenham,4,0.983601,away,-3.016399,-1.0369298,-1.8561197391509032,31
16699,2022-04-16 11:30:00,2021,Tottenham,0,0.58624,home,0.58624,-0.8444298000000001,-1.488955488543718,32
16714,2022-04-23 16:30:00,2021,Tottenham,0,0.517755,away,0.517755,-0.7512708000000001,-1.3112689720641606,33
16719,2022-05-01 13:00:00,2021,Tottenham,3,1.65338,home,-1.34662,-0.9301848000000001,-1.6525200096388826,34
16728,2022-05-07 18:45:00,2021,Tottenham,1,0.982635,away,-0.017364999999999964,-0.6552778,-1.1281770348769626,35
16593,2022-05-12 18:45:00,2021,Tottenham,3,3.42522,home,0.42521999999999993,0.03304599999999993,0.18469513240662275,36
16739,2022-05-15 11:00:00,2021,Tottenham,1,2.39449,home,1.3944899999999998,0.1946959999999999,0.4930177355788385,37
16755,2022-05-22 15:00:00,2021,Tottenham,5,3.815,away,-1.185,-0.14585500000000012,-0.15653110966026612,38
18207,2022-08-06 14:00:00,2022,Tottenham,4,1.6172,home,-2.3828,-0.35309100000000015,-0.2216322137952175,1
18220,2022-08-14 15:30:00,2022,Tottenham,2,1.58708,away,-0.41291999999999995,-0.4322020000000002,-0.49870582239302985,2
18222,2022-08-20 11:30:00,2022,Tottenham,1,1.46608,home,0.46608000000000005,-0.42403000000000013,-0.4700847010639942,3
18241,2022-08-28 15:30:00,2022,Tottenham,2,2.44473,away,0.44472999999999985,-0.6139820000000001,-1.1353611619906874,4
18249,2022-08-31 18:45:00,2022,Tottenham,1,0.723285,away,-0.27671500000000004,-0.4323250000000002,-0.49913661019570615,5
18255,2022-09-03 14:00:00,2022,Tottenham,2,2.67823,home,0.6782300000000001,0.1798809999999999,1.6450168656196955,6
18278,2022-09-17 16:30:00,2022,Tottenham,6,1.98619,home,-4.01381,-0.5402970000000001,-0.877291249468664,7
18282,2022-10-01 11:30:00,2022,Tottenham,1,1.5027,away,0.5026999999999999,-0.5329730000000001,-0.8516401123401942,8
18294,2022-10-08 16:30:00,2022,Tottenham,1,0.771641,away,-0.22835899999999998,-0.6675908000000002,-1.3231173990322922,9
18310,2022-10-15 16:30:00,2022,Tottenham,2,2.49409,home,0.4940899999999999,-0.5134298000000002,-0.7831931840047066,10
18321,2022-10-19 19:15:00,2022,Tottenham,0,0.658526,away,0.658526,-0.5173706000000002,-0.7969952049216749,11
18329,2022-10-23 15:30:00,2022,Tottenham,1,1.56513,home,0.5651299999999999,0.39841739999999987,2.410405610016491,12
18333,2022-10-29 14:00:00,2022,Tottenham,3,2.1946,away,-0.8054000000000001,0.13679739999999985,1.4941234560636956,13
18349,2022-11-06 16:30:00,2022,Tottenham,1,1.81736,home,0.8173600000000001,0.34594119999999984,2.2266161230993684,14
18359,2022-11-12 15:00:00,2022,Tottenham,4,2.58046,home,-1.41954,-0.03678480000000013,0.8861795981634396,15
18364,2022-12-26 12:30:00,2022,Tottenham,2,0.883787,away,-1.1162130000000001,-0.39173260000000015,-0.3569682296968395,16
18379,2023-01-01 14:00:00,2022,Tottenham,0,0.569383,home,0.569383,-0.39088200000000006,-0.3539891394126398,17
18386,2023-01-04 20:00:00,2022,Tottenham,4,1.66514,away,-2.33486,-0.6967740000000001,-1.4253268836100583,18
18400,2023-01-15 16:30:00,2022,Tottenham,0,1.71032,home,1.71032,-0.518182,-0.7998370034833946,19
18267,2023-01-19 19:00:00,2022,Tottenham,2,1.16499,away,-0.83501,-0.4012760000000001,-0.39039245990872334,20
18405,2023-01-23 20:00:00,2022,Tottenham,1,0.993805,away,-0.0061949999999999505,-0.17927240000000005,0.38713959724774377,21
18420,2023-02-05 16:30:00,2022,Tottenham,1,1.42168,home,0.42168000000000005,-0.20881300000000005,0.28367837640431454,22
18427,2023-02-11 15:00:00,2022,Tottenham,1,1.11709,away,0.11708999999999992,0.2815769999999999,2.001190819936581,23
18440,2023-02-19 16:30:00,2022,Tottenham,2,1.43042,home,-0.56958,-0.17440300000000009,0.4041938909579254,24
18450,2023-02-26 13:30:00,2022,Tottenham,2,0.926313,home,-1.073687,-0.2221384000000001,0.23700829684509647,25
18461,2023-03-04 15:00:00,2022,Tottenham,0,1.25588,away,1.25588,0.03027659999999992,1.1210514123943471,26
18470,2023-03-11 15:00:00,2022,Tottenham,3,1.73482,home,-1.26518,-0.3070954000000001,-0.06053999056935063,27
18480,2023-03-18 15:00:00,2022,Tottenham,3,1.88473,away,-1.11527,-0.5535674,-0.9237687003356279,28
18487,2023-04-03 19:00:00,2022,Tottenham,1,1.39177,away,0.39176999999999995,-0.36129740000000005,-0.25037381561540756,29
18500,2023-04-08 14:00:00,2022,Tottenham,2,0.594139,home,-1.405861,-0.42773220000000006,-0.483051063690567,30
18509,2023-04-15 14:00:00,2022,Tottenham,2,2.30604,home,0.30603999999999987,-0.6177002,-1.1483835620550067,31
18521,2023-04-23 13:00:00,2022,Tottenham,1,0.883001,away,-0.11699899999999996,-0.38806400000000013,-0.34411954568953407,32
18525,2023-04-27 19:15:00,2022,Tottenham,2,2.37239,home,0.3723900000000002,-0.09053200000000008,0.6979386372853275,33
18539,2023-04-30 15:30:00,2022,Tottenham,3,1.44927,away,-1.55073,-0.479032,-0.6627203979973768,34
18549,2023-05-06 14:00:00,2022,Tottenham,1,1.15665,home,0.15664999999999996,-0.1665298000000001,0.4317685131370445,35
18553,2023-05-13 14:00:00,2022,Tottenham,1,1.18505,away,0.18504999999999994,-0.19072780000000006,0.34701889322515045,36
18569,2023-05-20 11:30:00,2022,Tottenham,1,1.61667,home,0.61667,-0.04399400000000007,0.8609305296508012,37
18578,2023-05-28 15:30:00,2022,Tottenham,4,2.03315,away,-1.96685,-0.5118420000000001,-0.7776321687763361,38
22282,2023-08-13 13:00:00,2023,Tottenham,2,1.45316,away,-0.54684,-0.3110640000000001,-0.6261281873433827,1
22290,2023-08-19 16:30:00,2023,Tottenham,2,2.53904,home,0.53904,-0.23458600000000013,-0.4139414422524675,2
22296,2023-08-26 11:30:00,2023,Tottenham,2,2.26115,away,0.2611500000000002,-0.2193660000000001,-0.37171384398520446,3
21929,2023-09-02 14:00:00,2023,Tottenham,5,2.39785,away,-2.60215,-0.8631300000000002,-2.157824722495469,4
21936,2023-09-16 14:00:00,2023,Tottenham,2,2.15909,home,0.15908999999999995,-0.43794200000000016,-0.978148766381082,5
21952,2023-09-24 13:00:00,2023,Tottenham,2,2.21166,away,0.21166000000000018,-0.2862420000000001,-0.5572600241245917,6
21962,2023-09-30 16:30:00,2023,Tottenham,2,2.18823,home,0.1882299999999999,-0.3564040000000001,-0.7519231482788425,7
21971,2023-10-07 11:30:00,2023,Tottenham,1,2.37947,away,1.37947,-0.13274000000000016,-0.13137166740833778,8
21984,2023-10-23 19:00:00,2023,Tottenham,2,1.63523,home,-0.36477000000000004,0.3147359999999998,1.1101419174958491,9
21990,2023-10-27 19:00:00,2023,Tottenham,2,0.989103,away,-1.010897,0.08073859999999984,0.46092061639308834,10
22004,2023-11-06 20:00:00,2023,Tottenham,1,0.959108,home,-0.04089200000000004,0.030228199999999796,0.320780479762421,11
22014,2023-11-11 12:30:00,2023,Tottenham,1,0.432315,away,-0.567685,-0.12095480000000018,-0.09867385590378155,12
22024,2023-11-26 14:00:00,2023,Tottenham,1,2.22542,home,1.2254200000000002,-0.15176480000000012,-0.1841556103462498,13
22031,2023-12-03 16:30:00,2023,Tottenham,3,0.433077,away,-2.566923,-0.5921954000000001,-1.4061218679947092,14
22041,2023-12-07 20:15:00,2023,Tottenham,1,1.61268,home,0.6126799999999999,-0.26748000000000016,-0.5052052147494022,15
22053,2023-12-10 16:30:00,2023,Tottenham,4,4.40118,home,0.4011800000000001,-0.1790656000000001,-0.2599011566520901,16
22063,2023-12-15 20:00:00,2023,Tottenham,2,1.60738,away,-0.39261999999999997,-0.14405260000000014,-0.16275825927155968,17
22071,2023-12-23 15:00:00,2023,Tottenham,2,1.57527,home,-0.42473000000000005,-0.4740826000000002,-1.0784201683480887,18
22078,2023-12-28 19:30:00,2023,Tottenham,2,2.06955,away,0.06955,0.05321199999999986,0.3845485923153198,19
22092,2023-12-31 14:00:00,2023,Tottenham,3,2.15027,home,-0.8497300000000001,-0.23927000000000015,-0.42693711047085514,20
22099,2024-01-14 16:30:00,2023,Tottenham,2,1.31224,away,-0.6877599999999999,-0.45705800000000013,-1.0311857419708976,21
22109,2024-01-31 19:30:00,2023,Tottenham,3,3.36194,home,0.36194000000000015,-0.30614600000000014,-0.6124832906102423,22
22121,2024-02-03 12:30:00,2023,Tottenham,2,0.922371,away,-1.077629,-0.43672580000000016,-0.9747744427928661,23
22132,2024-02-10 15:00:00,2023,Tottenham,2,2.10928,home,0.10928000000000004,-0.42877980000000004,-0.9527284180995891,24
22144,2024-02-17 15:00:00,2023,Tottenham,1,1.59768,home,0.59768,-0.13929780000000008,-0.14956615781024665,25
22164,2024-03-02 15:00:00,2023,Tottenham,3,2.6625,home,-0.3374999999999999,-0.06924580000000007,0.04479177345245374,26
22167,2024-03-10 13:00:00,2023,Tottenham,4,2.25381,away,-1.74619,-0.4908718,-1.1250014819373608,27
22180,2024-03-16 17:30:00,2023,Tottenham,0,2.14564,away,2.14564,0.153782,0.663578129617464,28
22194,2024-03-30 15:00:00,2023,Tottenham,2,2.46523,home,0.46523000000000003,0.224972,0.8610934200672961,29
22199,2024-04-02 19:15:00,2023,Tottenham,1,1.39423,away,0.3942300000000001,0.184282,0.7481997950019263,30
22213,2024-04-07 19:00:00,2023,Tottenham,3,1.61978,home,-1.38022,-0.024262000000000006,0.16959846431545653,31
22222,2024-04-13 11:30:00,2023,Tottenham,0,0.737596,away,0.737596,0.4724952,1.5478417940112752,32
22241,2024-04-28 13:00:00,2023,Tottenham,2,2.60458,home,0.6045799999999999,0.1642831999999999,0.6927135077333757,33
22149,2024-05-02 18:30:00,2023,Tottenham,0,1.27064,away,1.27064,0.3253651999999999,1.1396324291582929,34
22251,2024-05-05 15:30:00,2023,Tottenham,2,1.17205,away,-0.82795,0.08092919999999992,0.4614494324397207,35
22262,2024-05-11 14:00:00,2023,Tottenham,2,3.00238,home,1.00238,0.5574492,1.783545038636574,36
22233,2024-05-14 19:00:00,2023,Tottenham,0,1.84285,home,1.84285,0.7785,2.3968462461961715,37
22274,2024-05-19 15:00:00,2023,Tottenham,3,3.19675,away,0.1967500000000002,0.696934,2.170542942630629,38
26611,2024-08-19 19:00:00,2024,Tottenham,1,1.40775,away,0.40775000000000006,0.524356,1.2636590888409696,1
26617,2024-08-24 14:00:00,2024,Tottenham,4,2.61143,home,-1.38857,0.41223200000000004,0.9702742267737103,2
26629,2024-09-01 12:30:00,2024,Tottenham,1,1.63304,away,0.63304,0.338364,0.7769904249901108,3
26640,2024-09-15 13:00:00,2024,Tottenham,0,0.792595,home,0.792595,0.12831299999999995,0.22736872346242812,4
26648,2024-09-21 14:00:00,2024,Tottenham,3,3.89481,home,0.8948100000000001,0.26792499999999997,0.5926789814173192,5
26660,2024-09-29 15:30:00,2024,Tottenham,3,5.4072,away,2.4071999999999996,0.6678149999999998,1.639035448293958,6
26671,2024-10-06 15:30:00,2024,Tottenham,2,1.09279,away,-0.9072100000000001,0.7640869999999997,1.890941796987718,7
26672,2024-10-19 11:30:00,2024,Tottenham,4,1.44052,home,-2.5594799999999998,0.12558299999999994,0.22022537615548562,8
26689,2024-10-27 14:00:00,2024,Tottenham,0,1.0192,away,1.0192,0.17090399999999992,0.338812791282936,9
26700,2024-11-03 14:00:00,2024,Tottenham,4,2.09751,home,-1.9024899999999998,-0.38855600000000007,-1.1250762506005934,10
26709,2024-11-10 14:00:00,2024,Tottenham,1,1.75088,home,0.75088,-0.7198200000000001,-1.9918651891672572,11
26720,2024-11-23 17:30:00,2024,Tottenham,4,3.30449,away,-0.6955100000000001,-0.67748,-1.88107789064127,12
26729,2024-12-01 13:30:00,2024,Tottenham,1,1.01086,home,0.010860000000000092,-0.16341200000000003,-0.535962043247386,13
26732,2024-12-05 20:15:00,2024,Tottenham,0,0.623934,away,0.623934,-0.24246520000000005,-0.7428134950148529,14
26745,2024-12-08 16:30:00,2024,Tottenham,3,3.25488,home,0.25488,0.18900879999999992,0.3861860053205669,15
26759,2024-12-15 19:00:00,2024,Tottenham,5,3.89322,away,-1.10678,-0.1825232000000001,-0.5859686143288657,16
26768,2024-12-22 16:30:00,2024,Tottenham,3,1.20245,home,-1.79755,-0.4029312000000001,-1.1626905532404321,17
26779,2024-12-26 15:00:00,2024,Tottenham,0,1.05758,away,1.05758,-0.19358720000000013,-0.6149187955024963,18
26790,2024-12-29 15:00:00,2024,Tottenham,2,2.28433,home,0.2843300000000002,-0.2615080000000001,-0.7926410899220486,19
26800,2025-01-04 12:30:00,2024,Tottenham,1,1.00333,home,0.003330000000000055,-0.31181800000000004,-0.9242827760071313,20
26802,2025-01-15 20:00:00,2024,Tottenham,1,0.777071,away,-0.22292900000000004,-0.13504780000000005,-0.46174397303362136,21
26815,2025-01-19 14:00:00,2024,Tottenham,2,1.35719,away,-0.6428100000000001,0.09590019999999995,0.14255704302636035,22
26830,2025-01-26 14:00:00,2024,Tottenham,1,1.27483,home,0.2748299999999999,-0.06064980000000011,-0.26707336756039585,23
26834,2025-02-02 14:00:00,2024,Tottenham,2,0.945355,away,-1.054645,-0.32844480000000015,-0.9677886393782199,24
26850,2025-02-16 16:30:00,2024,Tottenham,1,1.97109,home,0.97109,-0.13489280000000017,-0.46133839836967444,25
26857,2025-02-22 15:00:00,2024,Tottenham,4,1.58741,away,-2.41259,-0.5728250000000001,-1.6072364941547999,26
26865,2025-02-26 19:30:00,2024,Tottenham,0,1.28426,home,1.28426,-0.18741100000000013,-0.5987580842801015,27
26879,2025-03-09 14:00:00,2024,Tottenham,2,1.35053,home,-0.64947,-0.3722710000000001,-1.0824647447787772,28
26886,2025-03-16 13:30:00,2024,Tottenham,0,1.40865,away,1.40865,0.12038799999999994,0.20663208338641376,29
26897,2025-04-03 19:00:00,2024,Tottenham,0,1.40274,away,1.40274,0.20671799999999996,0.4325240881513749,30
26910,2025-04-06 13:00:00,2024,Tottenham,3,2.648,home,-0.35199999999999987,0.6188359999999999,1.510876471097352,31
26919,2025-04-13 13:00:00,2024,Tottenham,2,1.62887,away,-0.37112999999999996,0.28775799999999996,0.6445742221274254,32
26930,2025-04-21 19:00:00,2024,Tottenham,1,2.4024,home,1.4024,0.698132,1.718363235951312,33
26936,2025-04-27 15:30:00,2024,Tottenham,1,0.512812,away,-0.48718799999999995,0.3189644,0.7262292233726159,34
26943,2025-05-04 13:00:00,2024,Tottenham,1,0.847022,away,-0.15297799999999995,0.007820799999999984,-0.0879124605586611,35
26960,2025-05-11 13:15:00,2024,Tottenham,0,0.806792,home,0.806792,0.23957919999999994,0.5185090568410811,36
26963,2025-05-16 18:30:00,2024,Tottenham,0,0.523016,away,0.523016,0.41840839999999996,0.9864354613182521,37
26976,2025-05-25 15:00:00,2024,Tottenham,1,1.85265,home,0.8526499999999999,0.3084583999999999,0.6987391109891953,38
83,2015-08-08 18:00:00,2015,Watford,2,0.557892,away,-1.442108,,,1
96,2015-08-15 18:00:00,2015,Watford,0,0.760848,home,0.760848,,,2
109,2015-08-23 19:00:00,2015,Watford,0,1.17588,home,1.17588,0.16487333333333334,0.15556726496489717,3
117,2015-08-29 18:00:00,2015,Watford,0,0.363603,away,0.363603,0.21455575000000002,0.28995301042542615,4
124,2015-09-12 18:00:00,2015,Watford,1,1.57333,home,0.5733299999999999,0.2863106,0.48404238156763313,5
132,2015-09-19 18:00:00,2015,Watford,2,1.33961,away,-0.66039,0.44265420000000005,0.9069354822585098,6
149,2015-09-27 19:00:00,2015,Watford,0,0.685939,home,0.685939,0.42767239999999995,0.8664112787993941,7
153,2015-10-03 18:00:00,2015,Watford,1,0.913291,away,-0.08670900000000004,0.17515459999999997,0.18337701694512792,8
168,2015-10-17 20:30:00,2015,Watford,0,0.254791,home,0.254791,0.15339219999999995,0.1245119990328172,9
175,2015-10-24 18:00:00,2015,Watford,2,1.0403,away,-0.9597,-0.1532138,-0.7048251918111119,10
186,2015-10-31 19:00:00,2015,Watford,2,1.61544,home,-0.38456,-0.09804780000000002,-0.5556069264474328,11
192,2015-11-07 19:00:00,2015,Watford,1,1.00531,away,0.005309999999999926,-0.23417360000000004,-0.9238129908211977,12
201,2015-11-21 16:45:00,2015,Watford,1,1.47077,home,0.4707699999999999,-0.12267780000000003,-0.6222285027064949,13
212,2015-11-28 19:00:00,2015,Watford,3,1.45176,away,-1.54824,-0.4832840000000001,-1.5976305917357512,14
223,2015-12-05 19:00:00,2015,Watford,2,2.07199,home,0.07199,-0.276946,-1.0395078632687456,15
233,2015-12-12 19:00:00,2015,Watford,1,2.0562,away,1.0562,0.01120599999999996,-0.2600868140522923,16
248,2015-12-20 17:30:00,2015,Watford,3,1.99336,home,-1.00664,-0.19118400000000002,-0.8075306150702203,17
256,2015-12-26 19:00:00,2015,Watford,2,1.667,away,-0.33299999999999996,-0.351938,-1.24235338689114,18
262,2015-12-28 19:00:00,2015,Watford,1,1.13011,home,0.13010999999999995,-0.016267999999999994,-0.33440111312421544,19
278,2016-01-02 21:30:00,2015,Watford,1,0.985368,home,-0.014631999999999978,-0.03359239999999999,-0.38126180479057736,20
284,2016-01-13 23:45:00,2015,Watford,0,0.11543,away,0.11543,-0.2217464,-0.8901987134161381,21
300,2016-01-19 00:00:00,2015,Watford,0,0.525478,away,0.525478,0.08467720000000001,-0.06135489551210543,22
307,2016-01-23 19:00:00,2015,Watford,2,2.58707,home,0.5870700000000002,0.2686912,0.43638374572764455,23
320,2016-02-03 23:45:00,2015,Watford,0,0.531415,home,0.531415,0.34895220000000005,0.6534813637596616,24
324,2016-02-06 19:00:00,2015,Watford,0,0.149839,away,0.149839,0.38184640000000003,0.7424567374413846,25
335,2016-02-13 19:00:00,2015,Watford,2,1.99728,away,-0.0027200000000000557,0.35821640000000005,0.6785400566861416,26
342,2016-02-27 19:00:00,2015,Watford,0,1.00481,home,1.00481,0.4540828,0.9378486510134556,27
358,2016-03-03 00:00:00,2015,Watford,0,2.16484,away,2.16484,0.7696368,1.7913892468255574,28
366,2016-03-05 21:30:00,2015,Watford,0,0.829318,home,0.829318,0.8292173999999999,1.9525485438803956,29
377,2016-03-19 19:00:00,2015,Watford,1,0.879462,home,-0.12053800000000003,0.775142,1.8062802375531817,30
385,2016-04-02 18:00:00,2015,Watford,0,0.290619,away,0.290619,0.8338098,1.9649705059921343,31
395,2016-04-09 18:00:00,2015,Watford,1,0.408379,home,-0.591621,0.5145236,1.1013346991806792,32
409,2016-04-16 18:00:00,2015,Watford,1,0.364852,away,-0.635148,-0.045474000000000014,-0.4134002912087533,33
416,2016-04-20 22:45:00,2015,Watford,1,1.22333,away,0.22333000000000003,-0.1666716,-0.7412271345224072,34
430,2016-04-30 18:00:00,2015,Watford,3,1.36255,home,-1.63745,-0.470054,-1.5618448242202256,35
445,2016-05-08 19:00:00,2015,Watford,0,0.930803,away,0.930803,-0.3420172,-1.2155186595768528,36
448,2016-05-11 22:45:00,2015,Watford,2,1.7686,away,-0.23140000000000005,-0.269973,-1.0206466269206156,37
458,2016-05-15 18:00:00,2015,Watford,2,1.95277,home,-0.047230000000000105,-0.15238940000000004,-0.7025952759577635,38
466,2016-08-13 18:00:00,2016,Watford,1,0.180046,away,-0.819954,-0.3610462,-0.6807719770644494,1
476,2016-08-20 18:00:00,2016,Watford,1,0.804549,home,-0.19545100000000004,-0.07264640000000003,0.08602802750895198,2
482,2016-08-27 18:00:00,2016,Watford,1,1.07775,home,0.07774999999999999,-0.243257,-0.36759298353290987,3
497,2016-09-10 18:00:00,2016,Watford,4,1.85479,away,-2.14521,-0.6260190000000001,-1.3852840615105102,4
507,2016-09-18 15:00:00,2016,Watford,3,1.74506,home,-1.25494,-0.8675609999999999,-2.027498122354756,5
520,2016-09-26 23:00:00,2016,Watford,0,0.776105,away,0.776105,-0.5483492,-1.1787748926580517,6
525,2016-10-01 18:00:00,2016,Watford,2,1.23419,home,-0.7658100000000001,-0.6624209999999999,-1.4820700293457196,7
538,2016-10-16 16:30:00,2016,Watford,1,0.0893749,away,-0.9106251,-0.86009602,-2.0076501658092236,8
543,2016-10-22 18:00:00,2016,Watford,0,0.478578,away,0.478578,-0.33533841999999997,-0.6124198983821062,9
2679,2016-10-29 18:00:00,2016,Watford,1,1.14991,home,0.14991,-0.05436842000000001,0.13462568654891163,10
2693,2016-11-06 18:15:00,2016,Watford,1,0.771133,away,-0.22886700000000004,-0.25536282000000005,-0.3997800475716672,11
2701,2016-11-19 19:00:00,2016,Watford,2,0.7197,home,-1.2803,-0.35826082000000004,-0.6733661834517678,12
2713,2016-11-27 16:00:00,2016,Watford,0,0.541915,home,0.541915,-0.06775280000000002,0.09903917558318923,13
3110,2016-12-03 19:00:00,2016,Watford,1,1.476,away,0.476,-0.0682684,0.09766829362571894,14
3115,2016-12-10 16:30:00,2016,Watford,3,1.49271,home,-1.50729,-0.3997084,-0.7835673851639618,15
3132,2016-12-15 00:00:00,2016,Watford,0,0.497462,away,0.497462,-0.25444259999999996,-0.39733335828752553,16
3139,2016-12-17 19:00:00,2016,Watford,0,1.07552,away,1.07552,0.21672140000000004,0.8554017592639502,17
3145,2016-12-26 16:30:00,2016,Watford,1,0.959496,home,-0.040503999999999984,0.10023760000000004,0.5456935750948656,18
3328,2017-01-01 13:30:00,2016,Watford,1,1.26331,home,0.26330999999999993,0.05769960000000003,0.4325931547944932,19
3338,2017-01-04 00:00:00,2016,Watford,0,0.510395,away,0.510395,0.46123660000000005,1.5055209912407623,20
3341,2017-01-14 19:00:00,2016,Watford,0,0.835827,home,0.835827,0.5289096000000001,1.6854505775632762,21
3352,2017-01-21 18:00:00,2016,Watford,2,1.08731,away,-0.91269,0.1312676,0.6281964205958425,22
3360,2017-01-31 22:45:00,2016,Watford,2,0.918309,away,-1.081691,-0.07696979999999998,0.07453293236751081,23
3374,2017-02-04 15:00:00,2016,Watford,2,1.66308,home,-0.3369200000000001,-0.1970158,-0.24464646147748684,24
3381,2017-02-11 15:00:00,2016,Watford,0,0.641058,away,0.641058,-0.17088319999999999,-0.1751648675252203,25
3396,2017-02-25 17:30:00,2016,Watford,1,1.21279,home,0.21279000000000003,-0.2954906,-0.5064721530707709,26
3407,2017-03-04 15:00:00,2016,Watford,3,1.40104,home,-1.59896,-0.43274460000000003,-0.8714043334249794,27
3428,2017-03-18 15:00:00,2016,Watford,0,0.190648,away,0.190648,-0.17827679999999996,-0.194823038279201,28
3439,2017-04-01 15:00:00,2016,Watford,1,1.95828,home,0.95828,0.08076320000000006,0.4939148637051066,29
3443,2017-04-04 19:45:00,2016,Watford,2,0.691991,home,-1.308009,-0.30905019999999994,-0.542524540562071,30
3453,2017-04-08 12:30:00,2016,Watford,0,0.369968,away,0.369968,-0.27761459999999993,-0.45894328210153246,31
3466,2017-04-15 15:00:00,2016,Watford,1,1.22039,home,0.22039000000000009,0.08625540000000007,0.5085175748897817,32
3474,2017-04-22 15:00:00,2016,Watford,0,1.15869,away,1.15869,0.27986380000000005,1.0232853452053259,33
3488,2017-05-01 20:00:00,2016,Watford,0,0.436648,home,0.436648,0.1755374,0.7459013664469268,34
3495,2017-05-06 15:00:00,2016,Watford,0,0.512433,away,0.512433,0.5396258,1.7139429073395434,35
3502,2017-05-12 19:45:00,2016,Watford,0,1.54861,away,1.54861,0.7753542,2.3406997157634066,36
3414,2017-05-15 20:00:00,2016,Watford,3,0.883368,away,-2.116632,0.3079498,1.0979606567986366,37
3519,2017-05-21 15:00:00,2016,Watford,0,0.826124,home,0.826124,0.24143660000000003,0.9211147572377094,38
7120,2017-08-12 12:30:00,2017,Watford,3,2.17647,home,-0.8235299999999999,-0.01059899999999996,-0.062470598010107924,1
7131,2017-08-19 15:00:00,2017,Watford,2,2.17717,away,0.17716999999999983,-0.07765160000000002,-0.29466891128115535,2
7143,2017-08-26 15:00:00,2017,Watford,0,0.281459,home,0.281459,-0.33108180000000004,-1.1722793987483702,3
7150,2017-09-09 15:00:00,2017,Watford,2,0.57794,away,-1.42206,-0.19216740000000004,-0.6912288597825499,4
7164,2017-09-16 15:00:00,2017,Watford,0,0.803933,home,0.803933,-0.19660560000000005,-0.7065980259887754,5
7171,2017-09-23 15:00:00,2017,Watford,2,1.25817,away,-0.74183,-0.18026560000000005,-0.6500137855738041,6
7182,2017-09-30 15:00:00,2017,Watford,2,1.62462,away,-0.37538000000000005,-0.2907756,-1.0327019378540054,7
7198,2017-10-14 17:30:00,2017,Watford,2,1.63418,home,-0.36582000000000003,-0.42023140000000003,-1.4809980278364079,8
7199,2017-10-21 19:30:00,2017,Watford,2,1.79693,away,-0.20307000000000008,-0.17643340000000002,-0.6367431536204224,9
7216,2017-10-28 15:00:00,2017,Watford,0,1.13448,home,1.13448,-0.11032400000000005,-0.4078110738597425,10
7220,2017-11-05 16:30:00,2017,Watford,2,2.05534,away,0.05534000000000017,0.04910999999999999,0.14429735859561577,11
7230,2017-11-19 16:00:00,2017,Watford,2,1.24547,home,-0.7545299999999999,-0.026719999999999987,-0.11829645723469517,12
7242,2017-11-25 15:00:00,2017,Watford,3,2.05844,away,-0.94156,-0.14186799999999997,-0.5170456686975549,13
7251,2017-11-28 20:00:00,2017,Watford,2,1.29277,home,-0.70723,-0.24269999999999997,-0.8662196056328302,14
7264,2017-12-02 15:00:00,2017,Watford,1,0.352672,home,-0.647328,-0.5990616,-2.100274100679579,15
7272,2017-12-09 15:00:00,2017,Watford,0,0.819233,away,0.819233,-0.44628300000000004,-1.5712128379707206,16
7282,2017-12-12 20:00:00,2017,Watford,1,1.40441,away,0.40440999999999994,-0.21449500000000002,-0.7685477267525201,17
7296,2017-12-16 15:00:00,2017,Watford,1,0.589103,home,-0.41089699999999996,-0.10836240000000001,-0.40101819466769784,18
7305,2017-12-23 15:00:00,2017,Watford,0,1.30044,away,1.30044,0.2931716,0.9894650605823101,19
7317,2017-12-26 15:00:00,2017,Watford,2,1.43009,home,-0.5699099999999999,0.30865519999999996,1.04308364962082,20
7327,2017-12-30 15:00:00,2017,Watford,1,1.17794,home,0.17794,0.1803966,0.5989333768125182,21
7335,2018-01-02 20:00:00,2017,Watford,1,0.965283,away,-0.034717,0.0925712,0.2948003567304479,22
7347,2018-01-13 15:00:00,2017,Watford,2,1.67369,home,-0.3263100000000001,0.10948859999999998,0.3533840916628981,23
7353,2018-01-20 15:00:00,2017,Watford,0,0.740795,away,0.740795,-0.0024404000000000313,-0.034217955179656166,24
7368,2018-01-31 20:00:00,2017,Watford,0,0.740773,away,0.740773,0.25969619999999993,0.873542166972314,25
7377,2018-02-05 20:00:00,2017,Watford,4,2.12696,home,-1.87304,-0.15049980000000004,-0.5469369689676867,26
7388,2018-02-10 15:00:00,2017,Watford,0,0.799928,away,0.799928,0.016429199999999942,0.031126107423424802,27
7392,2018-02-24 17:30:00,2017,Watford,1,0.606929,home,-0.39307099999999995,0.0030769999999999743,-0.015111597280906865,28
7408,2018-03-03 15:00:00,2017,Watford,1,1.23526,home,0.23526000000000002,-0.09803000000000002,-0.36523783936392484,29
7409,2018-03-11 13:30:00,2017,Watford,0,1.54676,away,1.54676,0.06316739999999994,0.1929771199915409,30
7423,2018-03-17 17:30:00,2017,Watford,0,0.35476,away,0.35476,0.5087273999999999,1.735919235003454,31
7437,2018-03-31 15:00:00,2017,Watford,2,0.76133,home,-1.23867,0.10100779999999995,0.32401569349207243,32
7447,2018-04-07 14:00:00,2017,Watford,1,1.36685,home,0.3668499999999999,0.25299199999999994,0.8503260063486878,33
7451,2018-04-14 14:00:00,2017,Watford,0,0.306273,away,0.306273,0.26719459999999995,0.8995085848626214,34
7467,2018-04-21 14:00:00,2017,Watford,0,0.59455,home,0.59455,0.07675259999999995,0.2400216868755966,35
7477,2018-04-30 19:00:00,2017,Watford,0,1.36928,away,1.36928,0.2796565999999999,0.9426635912305145,36
7482,2018-05-05 15:00:00,2017,Watford,2,2.81246,home,0.8124600000000002,0.6898826,2.363246615004815,37
7496,2018-05-13 15:00:00,2017,Watford,0,0.654288,away,0.654288,0.7473702,2.5623220237734627,38
9199,2018-08-11 17:00:00,2018,Watford,2,1.42372,home,-0.5762799999999999,0.5708596,1.1899884469851665,1
9214,2018-08-19 15:30:00,2018,Watford,3,1.9171,away,-1.0829,0.2353696,0.4976773766727276,2
9224,2018-08-26 15:30:00,2018,Watford,2,1.14596,home,-0.8540399999999999,-0.20929440000000002,-0.4199231770528986,3
9236,2018-09-02 15:00:00,2018,Watford,2,0.454309,home,-1.545691,-0.6809246,-1.3931706912967496,4
9243,2018-09-15 16:30:00,2018,Watford,1,1.17523,home,0.17523,-0.7767362,-1.5908857687784845,5
9247,2018-09-22 11:30:00,2018,Watford,1,1.76133,away,0.7613300000000001,-0.5092142000000001,-1.03883222872625,6
9263,2018-09-29 14:00:00,2018,Watford,0,2.62141,away,2.62141,0.2316477999999999,0.4899971377938075,7
9268,2018-10-06 14:00:00,2018,Watford,0,1.06613,home,1.06613,0.6156818,1.2824827247751398,8
9278,2018-10-20 14:00:00,2018,Watford,2,1.0684,away,-0.9316,0.7384999999999998,1.5359281314812923,9
9291,2018-10-27 14:00:00,2018,Watford,3,2.29622,home,-0.7037800000000001,0.5626979999999998,1.1731463174687513,10
9299,2018-11-03 15:00:00,2018,Watford,0,2.5452,away,2.5452,0.9194719999999998,1.909378663588308,11
9308,2018-11-10 15:00:00,2018,Watford,1,1.07573,away,0.07573000000000008,0.41033599999999987,0.8587348617027262,12
9318,2018-11-24 15:00:00,2018,Watford,0,0.673382,home,0.673382,0.3317863999999998,0.696641333881885,13
9331,2018-12-01 15:00:00,2018,Watford,0,1.19923,away,1.19923,0.7579523999999999,1.5760697507967583,14
9341,2018-12-04 20:00:00,2018,Watford,1,1.672,home,0.6719999999999999,1.0331084,2.143876674588494,15
9351,2018-12-10 20:00:00,2018,Watford,2,1.63043,away,-0.36956999999999995,0.4501543999999999,0.9409033886994439,16
9358,2018-12-15 15:00:00,2018,Watford,3,1.64998,home,-1.35002,0.16500439999999986,0.3524730280341723,17
9368,2018-12-22 15:00:00,2018,Watford,2,2.32983,away,0.32982999999999985,0.09629399999999981,0.21068349461858366,18
9377,2018-12-26 19:30:00,2018,Watford,1,1.24414,home,0.24414000000000002,-0.09472400000000018,-0.18349778061746344,19
9387,2018-12-29 15:00:00,2018,Watford,1,1.05566,home,0.05566000000000004,-0.21799200000000019,-0.43787138643365386,20
9405,2019-01-02 19:45:00,2018,Watford,3,0.977046,away,-2.022954,-0.5486688000000002,-1.1202500246508653,21
9412,2019-01-12 15:00:00,2018,Watford,2,1.56262,away,-0.4373800000000001,-0.3661408000000002,-0.743588559206325,22
9418,2019-01-19 15:00:00,2018,Watford,0,1.06981,home,1.06981,-0.21814480000000022,-0.4381867017382643,23
9435,2019-01-30 20:00:00,2018,Watford,1,0.479838,away,-0.520162,-0.3710052000000002,-0.7536266466915789,24
9446,2019-02-02 15:00:00,2018,Watford,0,0.279297,away,0.279297,-0.3262778000000002,-0.6613279964597014,25
9451,2019-02-09 15:00:00,2018,Watford,1,1.53311,home,0.53311,0.1849349999999998,0.39360145218383114,26
9463,2019-02-22 19:45:00,2018,Watford,5,2.75798,away,-2.24202,-0.17599300000000023,-0.3512030128843615,27
9476,2019-02-27 20:00:00,2018,Watford,0,0.630423,away,0.630423,-0.2638704000000002,-0.5325452193592917,28
9479,2019-03-03 12:00:00,2018,Watford,2,1.36515,home,-0.6348499999999999,-0.28680800000000023,-0.5798788340911721,29
9489,2019-03-09 17:30:00,2018,Watford,1,0.407168,away,-0.592832,-0.4612338000000002,-0.9398207467803831,30
9509,2019-03-30 15:00:00,2018,Watford,1,1.35208,away,0.35207999999999995,-0.49743980000000027,-1.0145347907510893,31
9518,2019-04-02 19:45:00,2018,Watford,4,1.59338,home,-2.40662,-0.5303598000000003,-1.0824679048072028,32
9527,2019-04-15 20:00:00,2018,Watford,0,1.12595,home,1.12595,-0.43125440000000026,-0.8779558014725507,33
9541,2019-04-20 15:00:00,2018,Watford,2,1.08462,away,-0.9153800000000001,-0.4873604000000003,-0.9937351239887203,34
9499,2019-04-23 19:45:00,2018,Watford,1,1.27253,home,0.27252999999999994,-0.3142880000000003,-0.6365860629569681,35
9547,2019-04-27 15:00:00,2018,Watford,1,0.896093,home,-0.10390699999999997,-0.4054854000000002,-0.8247793611289301,36
9563,2019-05-05 13:00:00,2018,Watford,0,1.2712,away,1.2712,0.3300785999999998,0.6931171488215864,37
9567,2019-05-12 14:00:00,2018,Watford,1,2.06986,home,1.0698599999999998,0.3188605999999997,0.669967887780229,38
11648,2019-08-10 15:00:00,2019,Watford,0,0.670022,home,0.670022,0.6359409999999998,0.8588588145748882,1
11656,2019-08-17 15:00:00,2019,Watford,0,1.17279,away,1.17279,0.8159929999999997,1.3557644784240723,2
11667,2019-08-24 15:00:00,2019,Watford,1,2.29348,home,1.2934800000000002,1.0954704,2.127063341962628,3
11679,2019-08-31 15:00:00,2019,Watford,1,1.1068,away,0.1068,0.8625903999999999,1.4843635052643518,4
11691,2019-09-15 15:30:00,2019,Watford,2,2.83209,home,0.83209,0.8150363999999998,1.3531244635503796,5
11695,2019-09-21 14:00:00,2019,Watford,0,0.344718,away,0.344718,0.7499755999999997,1.173570334662286,6
11705,2019-09-28 14:00:00,2019,Watford,0,1.06615,away,1.06615,0.7286475999999997,1.1147095389000874,7
11719,2019-10-05 15:00:00,2019,Watford,0,1.44318,home,1.44318,0.7585875999999997,1.1973376439788677,8
11731,2019-10-19 15:00:00,2019,Watford,1,0.846851,away,-0.15314899999999998,0.7065977999999997,1.0538567268972119,9
11741,2019-10-26 15:00:00,2019,Watford,0,0.674903,home,0.674903,0.6751603999999998,0.9670961126485931,10
11751,2019-11-02 17:30:00,2019,Watford,1,1.4744,home,0.47439999999999993,0.7010967999999996,1.0386751234891165,11
11757,2019-11-08 20:00:00,2019,Watford,2,1.36017,away,-0.6398299999999999,0.35990079999999974,0.09704590036087485,12
11771,2019-11-23 15:00:00,2019,Watford,0,0.902384,home,0.902384,0.25174159999999973,-0.20145075103648077,13
11778,2019-11-30 17:30:00,2019,Watford,1,0.504005,away,-0.49599499999999996,0.18317239999999974,-0.3906873262792299,14
11785,2019-12-04 19:30:00,2019,Watford,0,0.199733,away,0.199733,0.08813839999999974,-0.6529611852657636,15
11801,2019-12-07 15:00:00,2019,Watford,0,1.57132,home,1.57132,0.30752239999999975,-0.047507471017160935,16
11808,2019-12-14 12:30:00,2019,Watford,0,1.01166,away,1.01166,0.6378203999999997,0.8640455634287646,17
11821,2019-12-22 14:00:00,2019,Watford,2,1.59291,home,-0.40708999999999995,0.37592559999999975,0.14127097912728903,18
11830,2019-12-26 15:00:00,2019,Watford,1,0.596611,away,-0.403389,0.39444679999999976,0.19238559702258326,19
11841,2019-12-28 15:00:00,2019,Watford,3,3.25314,home,0.25314000000000014,0.40512819999999977,0.22186401524531157,20
11852,2020-01-01 15:00:00,2019,Watford,2,1.07053,home,-0.92947,-0.09502980000000023,-1.1584669059301278,21
11857,2020-01-12 14:00:00,2019,Watford,3,2.29827,away,-0.70173,-0.43770780000000026,-2.104186137466077,22
11871,2020-01-18 12:30:00,2019,Watford,0,2.39174,home,2.39174,0.12205819999999981,-0.5593496689447475,23
11873,2020-01-21 19:30:00,2019,Watford,1,1.81101,away,0.81101,0.3649379999999998,0.11094751328348135,24
11891,2020-02-01 15:00:00,2019,Watford,2,0.919248,home,-1.080752,0.09815959999999979,-0.6253047802351864,25
11895,2020-02-08 17:30:00,2019,Watford,1,0.280048,away,-0.7199519999999999,0.1400631999999998,-0.5096596545177788,26
11910,2020-02-23 14:00:00,2019,Watford,0,0.294956,away,0.294956,0.3394003999999998,0.0404691065947752,27
11921,2020-02-29 17:30:00,2019,Watford,3,2.71351,home,-0.28649000000000013,-0.19624560000000021,-1.4378012331857328,28
11926,2020-03-07 15:00:00,2019,Watford,0,0.449161,away,0.449161,-0.2686154000000002,-1.6375266653477345,29
11935,2020-06-20 11:30:00,2019,Watford,1,1.00765,home,0.007649999999999935,-0.05093500000000025,-1.0367745289151709,30
11943,2020-06-25 17:00:00,2019,Watford,0,0.495542,away,0.495542,0.19216379999999972,-0.36587295273195725,31
11961,2020-06-28 15:30:00,2019,Watford,1,0.365347,home,-0.634653,0.006241999999999725,-0.8789780304485902,32
11964,2020-07-04 19:00:00,2019,Watford,0,0.608971,away,0.608971,0.18533419999999975,-0.3847212128002951,33
11981,2020-07-07 17:00:00,2019,Watford,2,0.725199,home,-1.274801,-0.15945820000000027,-1.3362757437810864,34
11991,2020-07-11 11:30:00,2019,Watford,2,3.12855,home,1.1285500000000002,0.06472179999999979,-0.7175860778972855,35
12001,2020-07-17 19:00:00,2019,Watford,1,1.03402,away,0.03401999999999994,-0.027582600000000224,-0.9723268147855213,36
12011,2020-07-21 17:00:00,2019,Watford,0,0.131868,home,0.131868,0.1257215999999998,-0.5492394551790293,37
12014,2020-07-26 15:00:00,2019,Watford,2,3.9197,away,1.9197000000000002,0.38786739999999986,0.17422783634939287,38
16382,2021-08-14 14:00:00,2021,Watford,3,1.35036,home,-1.64964,0.31289959999999983,0.4712115270198917,1
16391,2021-08-21 16:30:00,2021,Watford,0,0.407224,away,0.407224,0.16863439999999982,-0.0024279164132189174,2
16404,2021-08-29 13:00:00,2021,Watford,0,0.596016,away,0.596016,0.28103359999999983,0.36659173995801186,3
16412,2021-09-11 14:00:00,2021,Watford,0,0.185407,home,0.185407,0.2917413999999998,0.4017466936987134,4
16418,2021-09-18 14:00:00,2021,Watford,3,2.42487,away,-0.5751300000000001,-0.20722460000000026,-1.2364167617433857,5
16427,2021-09-25 14:00:00,2021,Watford,1,0.904061,home,-0.095939,0.10351559999999974,-0.2162205163543834,6
16440,2021-10-02 14:00:00,2021,Watford,0,0.192794,away,0.192794,0.06062959999999973,-0.35702024609566807,7
16455,2021-10-16 11:30:00,2021,Watford,0,0.302302,home,0.302302,0.0018867999999997442,-0.5498796958985487,8
16461,2021-10-23 14:00:00,2021,Watford,5,3.10344,away,-1.89656,-0.4145066000000003,-1.9169476944541295,9
16474,2021-10-30 14:00:00,2021,Watford,0,0.852556,home,0.852556,-0.12896940000000023,-0.979495831583189,10
16476,2021-11-07 14:00:00,2021,Watford,0,0.491659,away,0.491659,-0.011449800000000232,-0.5936653060199779,11
16494,2021-11-20 15:00:00,2021,Watford,4,2.73393,home,-1.26607,-0.30322260000000023,-1.551589369487261,12
16502,2021-11-28 14:00:00,2021,Watford,2,2.38383,away,0.3838300000000001,-0.2869170000000002,-1.4980561867873239,13
16509,2021-12-01 19:30:00,2021,Watford,1,0.990877,home,-0.009122999999999992,0.09057039999999979,-0.2587211147185785,14
16523,2021-12-04 17:30:00,2021,Watford,1,0.675105,home,-0.32489500000000004,-0.1449198000000002,-1.0318628513394124,15
16527,2021-12-10 20:00:00,2021,Watford,1,0.561554,away,-0.438446,-0.3309408000000002,-1.6425914463635114,16
16569,2021-12-28 15:00:00,2021,Watford,1,1.0143,home,0.01429999999999998,-0.07486680000000023,-0.8018706984791265,17
16585,2022-01-01 15:00:00,2021,Watford,0,0.303514,home,0.303514,-0.09093000000000026,-0.8546080537647723,18
16591,2022-01-15 15:00:00,2021,Watford,1,1.49623,away,0.49622999999999995,0.010140599999999732,-0.5227815097926257,19
16605,2022-01-21 20:00:00,2021,Watford,0,1.30606,home,1.30606,0.33633159999999973,0.5481415104013627,20
16539,2022-02-05 18:00:00,2021,Watford,0,0.933965,away,0.933965,0.6108137999999997,1.4492985215190528,21
16610,2022-02-08 19:45:00,2021,Watford,0,0.335474,away,0.335474,0.6750485999999998,1.6601888465665153,22
16625,2022-02-12 15:00:00,2021,Watford,0,0.532979,home,0.532979,0.7209415999999997,1.8108609073093398,23
16627,2022-02-19 15:00:00,2021,Watford,1,1.82051,away,0.8205100000000001,0.7857975999999998,2.0237907042617427,24
16553,2022-02-23 19:30:00,2021,Watford,1,1.71917,home,0.7191700000000001,0.6684195999999998,1.6384250679801473,25
16643,2022-02-26 15:00:00,2021,Watford,0,0.437185,away,0.437185,0.5690635999999999,1.31222775537988,26
16654,2022-03-06 14:00:00,2021,Watford,2,1.29603,home,-0.70397,0.3611747999999998,0.6297046276402913,27
16565,2022-03-10 19:30:00,2021,Watford,0,0.498696,away,0.498696,0.3543181999999998,0.6071936117622871,28
16664,2022-03-13 14:00:00,2021,Watford,2,1.29385,away,-0.70615,0.04898619999999978,-0.3952468835360837,29
16680,2022-04-02 11:30:00,2021,Watford,0,0.753307,away,0.753307,0.055813599999999755,-0.3728317346568308,30
16686,2022-04-09 14:00:00,2021,Watford,0,1.07422,home,1.07422,0.18322059999999976,0.045460275956139794,31
16698,2022-04-16 14:00:00,2021,Watford,1,1.50381,home,0.5038100000000001,0.4247765999999998,0.838516740009345,32
16707,2022-04-23 14:00:00,2021,Watford,1,0.42632,away,-0.57368,0.21030139999999978,0.13436969444184105,33
16718,2022-04-30 14:00:00,2021,Watford,1,0.785742,home,-0.21425799999999995,0.30867979999999984,0.45735743245377986,34
16730,2022-05-07 14:00:00,2021,Watford,0,0.255373,away,0.255373,0.2090929999999998,0.13040237658940984,35
16674,2022-05-11 18:45:00,2021,Watford,0,0.232236,home,0.232236,0.040696199999999814,-0.42246391845552705,36
16738,2022-05-15 13:00:00,2021,Watford,1,2.58968,home,1.58968,0.2578701999999998,0.29054360164039605,37
16750,2022-05-22 15:00:00,2021,Watford,1,0.575755,away,-0.424245,0.2877571999999998,0.38866610135540264,38
90,2015-08-10 23:00:00,2015,West Bromwich Albion,0,0.435238,home,0.435238,,,1
96,2015-08-15 18:00:00,2015,West Bromwich Albion,0,0.684036,away,0.684036,,,2
107,2015-08-23 16:30:00,2015,West Bromwich Albion,2,1.42622,home,-0.57378,0.18183133333333334,0.19018288415277276,3
112,2015-08-29 18:00:00,2015,West Bromwich Albion,1,0.881194,away,-0.11880599999999997,0.10667200000000002,-0.015382947683052263,4
125,2015-09-12 18:00:00,2015,West Bromwich Albion,0,0.409143,home,0.409143,0.1671662,0.15007275811852608,5
133,2015-09-19 18:00:00,2015,West Bromwich Albion,1,0.632761,away,-0.367239,0.00667080000000001,-0.2888929557004292,6
150,2015-09-28 23:00:00,2015,West Bromwich Albion,2,1.27511,home,-0.72489,-0.2751144,-1.0595944303945146,7
151,2015-10-03 15:45:00,2015,West Bromwich Albion,0,0.255528,away,0.255528,-0.1092528,-0.6059517986483459,8
163,2015-10-17 18:00:00,2015,West Bromwich Albion,1,2.07781,home,1.07781,0.13007039999999997,0.048613250078512416,9
174,2015-10-24 18:00:00,2015,West Bromwich Albion,1,1.45436,away,0.4543600000000001,0.1391138,0.07334755733186893,10
187,2015-10-31 19:00:00,2015,West Bromwich Albion,2,1.50447,home,-0.49553,0.11345559999999999,0.003170654577587319,11
193,2015-11-07 19:00:00,2015,West Bromwich Albion,0,0.594031,away,0.594031,0.3772398,0.7246381835358136,12
204,2015-11-21 19:00:00,2015,West Bromwich Albion,2,0.332888,home,-1.667112,-0.0072881999999999895,-0.3270717595739284,13
218,2015-11-29 18:05:00,2015,West Bromwich Albion,1,0.866305,away,-0.133695,-0.24958919999999996,-0.9897812915857287,14
224,2015-12-05 19:00:00,2015,West Bromwich Albion,1,1.48695,home,0.48695,-0.2430712,-0.9719541231891768,15
238,2015-12-13 20:00:00,2015,West Bromwich Albion,2,0.835885,away,-1.164115,-0.3767882,-1.3376791119099083,16
241,2015-12-19 19:00:00,2015,West Bromwich Albion,1,0.698255,home,-0.30174500000000004,-0.5559434000000001,-1.8276806337751939,17
252,2015-12-26 19:00:00,2015,West Bromwich Albion,0,0.554583,away,0.554583,-0.11160440000000002,-0.6123835828154726,18
261,2015-12-28 19:00:00,2015,West Bromwich Albion,1,2.1039,home,1.1038999999999999,0.13591459999999994,0.06459753015570294,19
272,2016-01-02 19:00:00,2015,West Bromwich Albion,2,1.72318,home,-0.27682000000000007,-0.01683940000000006,-0.35319493398159135,20
287,2016-01-13 23:45:00,2015,West Bromwich Albion,2,0.704263,away,-1.295737,-0.043163800000000044,-0.425193938544063,21
294,2016-01-16 19:00:00,2015,West Bromwich Albion,0,0.410757,away,0.410757,0.09933659999999997,-0.03544576005741057,22
305,2016-01-23 19:00:00,2015,West Bromwich Albion,0,0.23184,home,0.23184,0.03478799999999995,-0.21199052255536524,23
318,2016-02-03 00:00:00,2015,West Bromwich Albion,1,2.30645,home,1.30645,0.07529799999999995,-0.10119294787842195,24
322,2016-02-06 19:00:00,2015,West Bromwich Albion,0,0.472556,away,0.472556,0.22517319999999996,0.3087258046326077,25
334,2016-02-13 19:00:00,2015,West Bromwich Albion,1,1.1974,away,0.19740000000000002,0.5238006,1.125491829122398,26
346,2016-02-27 21:30:00,2015,West Bromwich Albion,3,2.07488,home,-0.9251200000000002,0.25662519999999994,0.3947491400742078,27
351,2016-03-01 23:45:00,2015,West Bromwich Albion,2,1.29485,away,-0.7051499999999999,0.06922719999999996,-0.11779699419658501,28
368,2016-03-06 20:00:00,2015,West Bromwich Albion,1,0.565787,home,-0.43421299999999996,-0.2789054,-1.0699630703747736,29
378,2016-03-19 19:00:00,2015,West Bromwich Albion,0,0.332789,home,0.332789,-0.3068588,-1.1464174995027534,30
389,2016-04-02 18:00:00,2015,West Bromwich Albion,0,0.0635563,away,0.0635563,-0.33362754000000006,-1.2196318038512521,31
400,2016-04-09 20:30:00,2015,West Bromwich Albion,1,1.09413,away,0.09413000000000005,-0.12977753999999997,-0.6620883430293589,32
409,2016-04-16 18:00:00,2015,West Bromwich Albion,0,2.2915,home,2.2915,0.46955246000000006,0.9771195175268598,33
419,2016-04-21 22:45:00,2015,West Bromwich Albion,0,0.839742,away,0.839742,0.72434346,1.6739900396081497,34
426,2016-04-25 23:00:00,2015,West Bromwich Albion,1,0.894413,away,-0.10558699999999999,0.63666826,1.434192470629726,35
431,2016-04-30 18:00:00,2015,West Bromwich Albion,0,1.5346,home,1.5346,0.9308770000000001,2.2388731628232437,36
441,2016-05-07 18:00:00,2015,West Bromwich Albion,1,1.34282,away,0.3428199999999999,0.980615,2.374909938169622,37
459,2016-05-15 18:00:00,2015,West Bromwich Albion,1,1.86869,home,0.86869,0.696053,1.5966137287097275,38
462,2016-08-13 18:00:00,2016,West Bromwich Albion,1,0.684593,away,-0.315407,0.4650231999999999,1.0468821768209124,1
477,2016-08-20 18:00:00,2016,West Bromwich Albion,1,2.01885,home,1.01885,0.6899105999999999,1.4716998361283142,2
489,2016-08-28 16:30:00,2016,West Bromwich Albion,0,0.696845,home,0.696845,0.5223595999999999,1.1551920031656207,3
495,2016-09-10 18:00:00,2016,West Bromwich Albion,0,1.48347,away,1.48347,0.7504896,1.5861350111678367,4
505,2016-09-17 18:00:00,2016,West Bromwich Albion,4,1.94229,home,-2.05771,0.1652096,0.48052713967554284,5
513,2016-09-24 18:00:00,2016,West Bromwich Albion,1,0.270862,away,-0.7291380000000001,0.08246339999999996,0.3242175954299242,6
523,2016-10-01 18:00:00,2016,West Bromwich Albion,1,0.88211,away,-0.11789000000000005,-0.14488460000000006,-0.10524819593152676,7
536,2016-10-15 18:00:00,2016,West Bromwich Albion,1,1.30365,home,0.30365,-0.2235236000000001,-0.25379914147260546,8
548,2016-10-22 20:30:00,2016,West Bromwich Albion,1,0.685982,away,-0.314018,-0.5830212000000001,-0.9328986773231182,9
2680,2016-10-29 18:00:00,2016,West Bromwich Albion,0,0.596605,home,0.596605,-0.05215820000000011,0.06991418401506798,10
2696,2016-11-06 20:30:00,2016,West Bromwich Albion,2,0.78196,away,-1.21804,-0.1499386000000001,-0.11479532240521814,11
2706,2016-11-22 00:00:00,2016,West Bromwich Albion,4,1.40512,home,-2.59488,-0.6453366,-1.0506139533537202,12
2708,2016-11-26 19:00:00,2016,West Bromwich Albion,1,1.40213,away,0.4021300000000001,-0.6256406000000001,-1.0134077398543486,13
3110,2016-12-03 19:00:00,2016,West Bromwich Albion,3,1.17737,home,-1.82263,-0.927363,-1.583368545700348,14
3121,2016-12-11 16:00:00,2016,West Bromwich Albion,0,0.212574,away,0.212574,-1.0041692000000002,-1.7284572883524316,15
3131,2016-12-15 00:00:00,2016,West Bromwich Albion,3,1.78268,home,-1.21732,-1.0040252,-1.7281852689198607,16
3140,2016-12-17 21:30:00,2016,West Bromwich Albion,0,0.600426,home,0.600426,-0.36496400000000007,-0.5209834286292119,17
3149,2016-12-26 19:00:00,2016,West Bromwich Albion,0,0.687502,away,0.687502,-0.3078896000000001,-0.41316852652987524,18
3160,2016-12-31 19:00:00,2016,West Bromwich Albion,2,0.6675,away,-1.3325,-0.2098636000000001,-0.2279950758551493,19
3333,2017-01-02 19:00:00,2016,West Bromwich Albion,3,0.883566,home,-2.116434,-0.6756652000000001,-1.1079054017055197,20
3340,2017-01-14 16:30:00,2016,West Bromwich Albion,0,0.165019,away,0.165019,-0.3991974000000001,-0.5856511372608827,21
3355,2017-01-21 18:00:00,2016,West Bromwich Albion,2,1.3279,home,-0.6720999999999999,-0.6537026000000001,-1.0664175267765343,22
3363,2017-01-31 22:45:00,2016,West Bromwich Albion,1,1.25288,away,0.25288,-0.7406270000000001,-1.2306197904191407,23
3375,2017-02-04 15:00:00,2016,West Bromwich Albion,1,1.84983,home,0.8498300000000001,-0.304161,-0.4061251122501352,24
3385,2017-02-11 15:00:00,2016,West Bromwich Albion,2,0.769974,away,-1.230026,-0.12687940000000006,-0.07123594393625433,25
3395,2017-02-25 15:00:00,2016,West Bromwich Albion,2,1.6124,home,-0.38759999999999994,-0.23740320000000006,-0.2800180367247316,26
3408,2017-03-04 15:00:00,2016,West Bromwich Albion,0,0.3746,home,0.3746,-0.028063200000000076,0.11543021337470244,27
3416,2017-03-11 15:00:00,2016,West Bromwich Albion,0,0.127321,away,0.127321,-0.05317500000000008,0.06799342457730599,28
3420,2017-03-18 12:30:00,2016,West Bromwich Albion,3,2.11737,home,-0.8826299999999998,-0.3996670000000001,-0.5865382228548767,29
3436,2017-04-01 15:00:00,2016,West Bromwich Albion,0,0.200297,away,0.200297,-0.11360240000000008,-0.04615537444848239,30
3443,2017-04-04 19:45:00,2016,West Bromwich Albion,0,1.48109,away,1.48109,0.2601355999999999,0.6598446164546526,31
3454,2017-04-08 15:00:00,2016,West Bromwich Albion,0,2.01721,home,2.01721,0.5886575999999999,1.2804305055306358,32
3469,2017-04-16 13:30:00,2016,West Bromwich Albion,0,0.590375,home,0.590375,0.6812683999999999,1.4553745143216392,33
3489,2017-04-29 15:00:00,2016,West Bromwich Albion,0,0.809101,home,0.809101,1.0196146,2.0945185513799807,34
3492,2017-05-06 15:00:00,2016,West Bromwich Albion,2,0.82853,away,-1.17147,0.7452611999999998,1.5762584389369207,35
3508,2017-05-12 20:00:00,2016,West Bromwich Albion,0,0.529155,home,0.529155,0.5548741999999999,1.2166128576257478,36
3477,2017-05-16 20:00:00,2016,West Bromwich Albion,1,0.387741,away,-0.612259,0.028980399999999816,0.2231869335398502,37
3518,2017-05-21 15:00:00,2016,West Bromwich Albion,1,1.60674,away,0.6067400000000001,0.032253399999999835,0.22936970855931832,38
7121,2017-08-12 15:00:00,2017,West Bromwich Albion,1,1.18399,home,0.1839900000000001,-0.09276880000000014,-0.8100755866739501,1
7132,2017-08-19 15:00:00,2017,West Bromwich Albion,1,0.653058,away,-0.346942,0.07213679999999986,-0.15430227449170097,2
7146,2017-08-27 13:30:00,2017,West Bromwich Albion,1,0.875132,home,-0.12486799999999998,-0.05866780000000014,-0.6744675435345608,3
7153,2017-09-09 15:00:00,2017,West Bromwich Albion,1,0.866679,away,-0.13332100000000002,0.037119799999999856,-0.2935529371295121,4
7165,2017-09-16 15:00:00,2017,West Bromwich Albion,0,0.781891,home,0.781891,0.07214999999999985,-0.15424978259499886,5
7178,2017-09-25 20:00:00,2017,West Bromwich Albion,0,0.766652,away,0.766652,0.18868239999999983,0.30915981613631605,6
7182,2017-09-30 15:00:00,2017,West Bromwich Albion,2,1.93896,home,-0.06103999999999998,0.24586279999999983,0.5365467593323378,7
7192,2017-10-16 20:00:00,2017,West Bromwich Albion,1,0.155254,away,-0.844746,0.10188719999999982,-0.0359950833062788,8
7204,2017-10-21 17:30:00,2017,West Bromwich Albion,0,0.504128,away,0.504128,0.22937699999999986,0.4709883570101964,9
7215,2017-10-28 15:00:00,2017,West Bromwich Albion,2,1.11852,home,-0.88148,-0.10329720000000017,-0.8519434416162905,10
7221,2017-11-04 15:00:00,2017,West Bromwich Albion,0,0.382005,away,0.382005,-0.1802266000000002,-1.1578654202646395,11
7229,2017-11-18 15:00:00,2017,West Bromwich Albion,0,0.590655,home,0.590655,-0.049887600000000164,-0.6395516835781824,12
7239,2017-11-25 15:00:00,2017,West Bromwich Albion,1,0.71711,away,-0.28289,0.06248359999999984,-0.19268975761633533,13
7252,2017-11-28 20:00:00,2017,West Bromwich Albion,2,0.845327,home,-1.1546729999999998,-0.26927660000000014,-1.5119868900620825,14
7265,2017-12-02 15:00:00,2017,West Bromwich Albion,0,1.65178,home,1.65178,0.23737539999999985,0.502795265084625,15
7271,2017-12-09 15:00:00,2017,West Bromwich Albion,0,0.25228,away,0.25228,0.21143039999999988,0.39962085145301746,16
7287,2017-12-13 20:00:00,2017,West Bromwich Albion,0,0.520382,away,0.520382,0.19737579999999982,0.34373050210528955,17
7295,2017-12-17 14:15:00,2017,West Bromwich Albion,1,1.076,home,0.07600000000000007,0.2691537999999999,0.6291671203997412,18
7306,2017-12-23 15:00:00,2017,West Bromwich Albion,1,2.0544,away,1.0543999999999998,0.7109683999999998,2.38611305560434,19
7318,2017-12-26 15:00:00,2017,West Bromwich Albion,0,1.18168,home,1.18168,0.6169483999999998,2.01222759136677,20
7328,2017-12-31 16:30:00,2017,West Bromwich Albion,1,1.39429,home,0.39429000000000003,0.6453503999999999,2.125172655770891,21
7329,2018-01-02 19:45:00,2017,West Bromwich Albion,1,0.63538,away,-0.36462000000000006,0.46834999999999977,1.4213024502376466,22
7348,2018-01-13 15:00:00,2017,West Bromwich Albion,2,1.38478,home,-0.6152200000000001,0.3301059999999998,0.8715532254125171,23
7352,2018-01-20 15:00:00,2017,West Bromwich Albion,1,1.34998,away,0.34997999999999996,0.1892219999999998,0.31130562124695826,24
7366,2018-01-31 20:00:00,2017,West Bromwich Albion,0,0.118043,away,0.118043,-0.02350540000000021,-0.5346386747012581,25
7378,2018-02-03 15:00:00,2017,West Bromwich Albion,2,0.876603,home,-1.123397,-0.3270428000000002,-1.7417033600072045,26
7379,2018-02-12 20:00:00,2017,West Bromwich Albion,0,0.628806,away,0.628806,-0.12835760000000018,-0.9516001028370863,27
7394,2018-02-24 15:00:00,2017,West Bromwich Albion,1,1.50162,home,0.50162,0.0950103999999998,-0.06334177082456138,28
7408,2018-03-03 15:00:00,2017,West Bromwich Albion,0,1.09115,away,1.09115,0.24324439999999986,0.5261342758228755,29
7417,2018-03-10 15:00:00,2017,West Bromwich Albion,1,0.360925,home,-0.6390750000000001,0.09182079999999981,-0.07602572186404394,30
7419,2018-03-17 15:00:00,2017,West Bromwich Albion,1,1.74488,away,0.74488,0.4654761999999998,1.4098743280601742,31
7438,2018-03-31 15:00:00,2017,West Bromwich Albion,1,0.394723,home,-0.6052770000000001,0.2186595999999998,0.42836891354689327,32
7448,2018-04-07 14:00:00,2017,West Bromwich Albion,1,1.22912,home,0.22912,0.1641595999999998,0.21164100670848043,33
7453,2018-04-15 15:00:00,2017,West Bromwich Albion,1,0.824508,away,-0.17549199999999998,-0.0891688000000002,-0.7957596148460919,34
7468,2018-04-21 00:00:00,2017,West Bromwich Albion,2,1.39669,home,-0.60331,-0.0820158000000002,-0.7673145741559053,35
7474,2018-04-28 14:00:00,2017,West Bromwich Albion,1,0.703096,away,-0.29690399999999995,-0.29037260000000015,-1.5958784849733332,36
7483,2018-05-05 15:00:00,2017,West Bromwich Albion,1,1.21792,home,0.2179199999999999,-0.12573320000000018,-0.9411637593745774,37
7493,2018-05-13 15:00:00,2017,West Bromwich Albion,0,0.216004,away,0.216004,-0.1283564000000002,-0.9515953308464771,38
14092,2020-09-13 13:00:00,2020,West Bromwich Albion,0,0.352997,home,0.352997,-0.022658600000000195,-0.03837590302275353,1
14096,2020-09-19 11:30:00,2020,West Bromwich Albion,2,0.315347,away,-1.684653,-0.23892720000000017,-0.5716812570219771,2
14108,2020-09-26 16:30:00,2020,West Bromwich Albion,3,0.911185,home,-2.088815,-0.5973094000000001,-1.455430197173347,3
14473,2020-10-04 11:00:00,2020,West Bromwich Albion,0,0.161283,away,0.161283,-0.6086368000000001,-1.4833628839660242,4
14484,2020-10-19 16:30:00,2020,West Bromwich Albion,0,0.731692,home,0.731692,-0.5054992,-1.2290317684983587,5
14487,2020-10-26 17:30:00,2020,West Bromwich Albion,1,0.295654,away,-0.704346,-0.7169678000000002,-1.7505006113295432,6
14497,2020-11-02 17:30:00,2020,West Bromwich Albion,0,0.482685,away,0.482685,-0.28350020000000015,-0.6815955929163574,7
14513,2020-11-08 12:00:00,2020,West Bromwich Albion,0,0.799352,home,0.799352,0.2941331999999998,0.7428136133612767,8
14520,2020-11-21 20:00:00,2020,West Bromwich Albion,0,0.438646,away,0.438646,0.3496057999999998,0.8796057069904828,9
14527,2020-11-28 20:00:00,2020,West Bromwich Albion,1,1.71644,home,0.71644,0.34655539999999985,0.8720836041431936,10
14543,2020-12-06 12:00:00,2020,West Bromwich Albion,1,0.567234,home,-0.432766,0.4008713999999999,1.0060235917688678,11
14550,2020-12-12 15:00:00,2020,West Bromwich Albion,1,0.57319,away,-0.42681,0.21897239999999982,0.5574716032365297,12
14564,2020-12-15 20:00:00,2020,West Bromwich Albion,1,0.210243,away,-0.789757,-0.0988494000000002,-0.22625783116897563,13
14574,2020-12-20 19:15:00,2020,West Bromwich Albion,0,0.0388442,home,0.0388442,-0.1788097600000002,-0.4234352674482384,14
14580,2020-12-27 16:30:00,2020,West Bromwich Albion,1,0.739845,away,-0.260155,-0.3741287600000002,-0.9050801684545535,15
14590,2020-12-29 18:00:00,2020,West Bromwich Albion,0,0.43551,home,0.43551,-0.20047356000000022,-0.4768568946653582,16
14600,2021-01-02 20:00:00,2020,West Bromwich Albion,0,0.869874,home,0.869874,0.0588632399999998,0.16265204897706553,17
14624,2021-01-16 12:30:00,2020,West Bromwich Albion,3,2.46332,away,-0.53668,0.10947863999999981,0.2874665796801464,18
14611,2021-01-19 18:00:00,2020,West Bromwich Albion,1,0.464091,away,-0.535909,-0.005472000000000188,0.004005218402377357,19
14629,2021-01-26 20:15:00,2020,West Bromwich Albion,0,0.568258,home,0.568258,0.16021059999999981,0.4125685403294244,20
14640,2021-01-30 15:00:00,2020,West Bromwich Albion,2,0.994664,home,-1.005336,-0.1279586000000002,-0.2980393667716207,21
14649,2021-02-02 18:00:00,2020,West Bromwich Albion,1,1.61871,away,0.6187100000000001,-0.17819140000000017,-0.42191042889701563,22
14663,2021-02-07 12:00:00,2020,West Bromwich Albion,0,0.698686,away,0.698686,0.06888179999999984,0.18735721508699774,23
14673,2021-02-14 14:00:00,2020,West Bromwich Albion,1,0.945964,home,-0.05403599999999997,0.16525639999999983,0.4250111795068607,24
14678,2021-02-20 15:00:00,2020,West Bromwich Albion,0,1.71922,away,1.71922,0.3954487999999998,0.9926517864647403,25
14692,2021-02-27 15:00:00,2020,West Bromwich Albion,1,0.687091,home,-0.312909,0.5339341999999998,1.3341484497377447,26
14723,2021-03-04 18:00:00,2020,West Bromwich Albion,0,1.02038,home,1.02038,0.6142681999999998,1.5322472597738463,27
14703,2021-03-07 12:00:00,2020,West Bromwich Albion,0,1.46503,home,1.46503,0.7675369999999998,1.9101988978805164,28
14706,2021-03-13 15:00:00,2020,West Bromwich Albion,0,0.513439,away,0.513439,0.8810319999999997,2.190070738508984,29
14727,2021-04-03 11:30:00,2020,West Bromwich Albion,5,1.38315,away,-3.61685,-0.18618200000000015,-0.4416147676760441,30
14743,2021-04-12 17:00:00,2020,West Bromwich Albion,3,2.77089,home,-0.22910999999999992,-0.16942220000000013,-0.400286109368938,31
14750,2021-04-22 19:00:00,2020,West Bromwich Albion,0,0.277126,away,0.277126,-0.31807300000000016,-0.7668500373560236,32
14756,2021-04-25 18:00:00,2020,West Bromwich Albion,2,1.56764,away,-0.4323600000000001,-0.6975510000000001,-1.702619950902962,33
14774,2021-05-03 17:00:00,2020,West Bromwich Albion,1,1.07133,home,0.0713299999999999,-0.7859728000000002,-1.920662789069245,34
14775,2021-05-09 18:00:00,2020,West Bromwich Albion,1,1.83076,away,0.8307599999999999,0.1035491999999997,0.2728449374342669,35
14789,2021-05-16 15:30:00,2020,West Bromwich Albion,1,1.14202,home,0.14202000000000004,0.1777751999999997,0.4558817870090381,36
14804,2021-05-19 19:15:00,2020,West Bromwich Albion,1,1.10741,home,0.10741,0.14383199999999968,0.3721798982842466,37
14808,2021-05-23 15:00:00,2020,West Bromwich Albion,1,1.02209,away,0.022089999999999943,0.2347219999999997,0.5963091691307284,38
88,2015-08-09 16:30:00,2015,West Ham,2,0.535961,away,-1.464039,,,1
97,2015-08-15 18:00:00,2015,West Ham,1,0.513491,home,-0.48650899999999997,,,2
106,2015-08-22 18:00:00,2015,West Ham,3,1.50203,home,-1.49797,-1.149506,-1.6804296412252597,3
116,2015-08-29 18:00:00,2015,West Ham,3,0.97217,away,-2.02783,-1.369087,-2.1309655530135125,4
130,2015-09-14 23:00:00,2015,West Ham,2,1.71282,home,-0.28718,-1.1527056,-1.6869945749096755,5
137,2015-09-19 20:30:00,2015,West Ham,2,0.995273,away,-1.004727,-1.0608431999999999,-1.498511463242194,6
147,2015-09-26 18:00:00,2015,West Ham,2,2.60407,home,0.6040700000000001,-0.8427273999999999,-1.0509818462515426,7
156,2015-10-03 18:00:00,2015,West Ham,2,1.93656,away,-0.06343999999999994,-0.5558213999999999,-0.4623086172038539,8
165,2015-10-17 18:00:00,2015,West Ham,3,2.76356,away,-0.23643999999999998,-0.19754339999999995,0.27280555662572015,9
173,2015-10-24 18:00:00,2015,West Ham,2,0.77284,home,-1.22716,-0.3855394,-0.11292430739960276,10
186,2015-10-31 19:00:00,2015,West Ham,0,0.605625,away,0.605625,-0.06346899999999997,0.5478991760712228,11
195,2015-11-07 19:00:00,2015,West Ham,1,0.589567,home,-0.41043300000000005,-0.2663696,0.13158807983164109,12
209,2015-11-22 20:00:00,2015,West Ham,1,0.818937,away,-0.18106299999999997,-0.2898942,0.08332034669237158,13
218,2015-11-29 18:05:00,2015,West Ham,1,1.41404,home,0.41403999999999996,-0.15979820000000003,0.3502510919754541,14
226,2015-12-05 19:00:00,2015,West Ham,0,1.10206,away,1.10206,0.3060458,1.3060689964894463,15
235,2015-12-12 19:00:00,2015,West Ham,0,1.13181,home,1.13181,0.41128280000000006,1.5219940890469101,16
249,2015-12-20 20:00:00,2015,West Ham,0,0.401988,away,0.401988,0.5737670000000001,1.8553788864482559,17
254,2015-12-26 19:00:00,2015,West Ham,1,0.836027,away,-0.16397300000000004,0.5771850000000001,1.862391932870725,18
268,2015-12-28 21:30:00,2015,West Ham,2,1.79562,home,-0.20438,0.45350100000000004,1.6086173179740888,19
271,2016-01-02 16:45:00,2015,West Ham,2,2.06737,home,0.06736999999999993,0.246563,1.184022291475268,20
283,2016-01-12 23:45:00,2015,West Ham,3,1.18455,away,-1.81545,-0.34288899999999994,-0.025414291268272066,21
293,2016-01-16 19:00:00,2015,West Ham,1,1.08248,away,0.08248000000000011,-0.4067905999999999,-0.15652748239468195,22
308,2016-01-23 21:30:00,2015,West Ham,2,1.01267,home,-0.98733,-0.571462,-0.4943999729309678,23
315,2016-02-02 23:45:00,2015,West Ham,2,2.34619,home,0.34619,-0.4613479999999999,-0.2684682603025904,24
328,2016-02-06 21:30:00,2015,West Ham,0,0.970583,away,0.970583,-0.28070539999999994,0.10217391046264279,25
333,2016-02-13 19:00:00,2015,West Ham,2,0.741428,away,-1.258572,-0.16932979999999992,0.33069417176468513,26
341,2016-02-27 16:45:00,2015,West Ham,1,0.52387,home,-0.47613000000000005,-0.2810517999999999,0.10146316754844056,27
354,2016-03-02 23:45:00,2015,West Ham,1,0.784319,home,-0.215681,-0.12672199999999995,0.4181167812905162,28
363,2016-03-05 19:00:00,2015,West Ham,3,2.72091,away,-0.27909000000000006,-0.25177799999999995,0.16152709919328664,29
376,2016-03-19 19:00:00,2015,West Ham,2,0.862828,away,-1.137172,-0.673329,-0.7034105053820175,30
390,2016-04-02 18:00:00,2015,West Ham,2,1.71369,home,-0.28631000000000006,-0.4788765999999999,-0.30443341112789657,31
394,2016-04-09 15:45:00,2015,West Ham,3,1.10973,home,-1.89027,-0.7617046,-0.8847394069073495,32
411,2016-04-17 16:30:00,2015,West Ham,2,1.56819,away,-0.43181,-0.8049303999999999,-0.9734300277523984,33
416,2016-04-20 22:45:00,2015,West Ham,3,3.96294,home,0.9629400000000001,-0.5565243999999999,-0.4637510313744203,34
431,2016-04-30 18:00:00,2015,West Ham,3,1.27183,away,-1.72817,-0.6747239999999999,-0.7062727639423874,35
439,2016-05-07 18:00:00,2015,West Ham,1,2.39454,home,1.3945400000000001,-0.3385539999999999,-0.01651974584948769,36
447,2016-05-10 23:30:00,2015,West Ham,3,2.13311,home,-0.8668900000000002,-0.13387799999999989,0.403434113005206,37
456,2016-05-15 18:00:00,2015,West Ham,1,2.94489,away,1.94489,0.3414620000000001,1.3787358937122263,38
470,2016-08-15 23:00:00,2016,West Ham,1,0.445604,away,-0.554396,0.037994800000000085,-0.005440008123273848,1
480,2016-08-21 19:00:00,2016,West Ham,1,1.69288,home,0.6928799999999999,0.5222048000000001,1.3643575749720713,2
490,2016-08-28 19:00:00,2016,West Ham,1,1.08385,away,0.08384999999999998,0.26006680000000004,0.6227867713177733,3
497,2016-09-10 18:00:00,2016,West Ham,2,1.32216,home,-0.67784,0.2978768,0.7297487229850972,4
505,2016-09-17 18:00:00,2016,West Ham,2,2.37422,away,0.3742200000000002,-0.016257199999999906,-0.15891527397505026,5
519,2016-09-25 19:00:00,2016,West Ham,0,0.693818,home,0.693818,0.23338560000000008,0.5473074477307275,6
526,2016-10-01 18:00:00,2016,West Ham,1,0.883385,home,-0.11661500000000002,0.07148660000000011,0.0893060456416478,7
537,2016-10-15 20:30:00,2016,West Ham,1,0.874219,away,-0.12578100000000003,0.029560400000000108,-0.029300359489126158,8
542,2016-10-22 18:00:00,2016,West Ham,1,1.19585,home,0.19585000000000008,0.20429840000000016,0.4650217116678398,9
2684,2016-10-30 17:30:00,2016,West Ham,0,0.944816,away,0.944816,0.3184176000000001,0.7878572672011295,10
2690,2016-11-05 19:00:00,2016,West Ham,1,0.404528,home,-0.595472,0.06055960000000007,0.05839429621374897,11
2704,2016-11-19 21:30:00,2016,West Ham,2,1.76706,away,-0.23293999999999992,0.03729460000000009,-0.007420826916118601,12
2716,2016-11-27 20:30:00,2016,West Ham,1,0.749388,away,-0.25061199999999995,0.012328400000000106,-0.07804853063779923,13
3111,2016-12-03 21:30:00,2016,West Ham,1,0.882486,home,-0.11751400000000001,-0.050344399999999914,-0.2553456743684491,14
3124,2016-12-11 20:30:00,2016,West Ham,2,0.64998,away,-1.35002,-0.5093115999999999,-1.5537330709113495,15
3129,2016-12-14 23:45:00,2016,West Ham,1,1.67016,home,0.6701600000000001,-0.2561851999999999,-0.8376554786732182,16
3137,2016-12-17 19:00:00,2016,West Ham,1,1.92151,home,0.92151,-0.025295199999999872,-0.1844831692188818,17
3146,2016-12-26 19:00:00,2016,West Ham,4,3.40585,away,-0.59415,-0.0940027999999999,-0.3788523570098853,18
3156,2016-12-31 15:00:00,2016,West Ham,0,1.58333,away,1.58333,0.2461660000000001,0.5834623413326601,19
3335,2017-01-02 21:15:00,2016,West Ham,0,0.799911,home,0.799911,0.6761522000000001,1.7998644344830528,20
3346,2017-01-14 19:00:00,2016,West Ham,3,1.72338,home,-1.27662,0.28679620000000006,0.6984024494689653,21
3351,2017-01-21 18:00:00,2016,West Ham,3,2.6558,away,-0.34419999999999984,0.03365420000000006,-0.017719274121877127,22
3367,2017-02-01 22:45:00,2016,West Ham,0,0.49472,home,0.49472,0.25142820000000005,0.5983487518606628,23
3376,2017-02-04 15:00:00,2016,West Ham,3,0.91785,away,-2.08215,-0.4816678,-1.4755306165473938,24
3385,2017-02-11 15:00:00,2016,West Ham,2,1.17553,home,-0.82447,-0.8065439999999999,-2.3945835761417844,25
3396,2017-02-25 17:30:00,2016,West Ham,1,1.48144,away,0.4814400000000001,-0.4549319999999998,-1.3998968332258581,26
3409,2017-03-06 20:00:00,2016,West Ham,1,0.450583,home,-0.549417,-0.49597539999999984,-1.5160058564224372,27
3411,2017-03-11 15:00:00,2016,West Ham,2,1.25315,away,-0.74685,-0.7442893999999999,-2.2184694921357386,28
3421,2017-03-18 15:00:00,2016,West Ham,2,2.32174,home,0.32174000000000014,-0.2635113999999999,-0.8583808066368562,29
3433,2017-04-01 15:00:00,2016,West Ham,1,1.24571,away,0.2457100000000001,-0.04947539999999986,-0.25288733170780614,30
3440,2017-04-05 19:45:00,2016,West Ham,0,0.303905,away,0.303905,-0.08498239999999987,-0.3533342509844969,31
3455,2017-04-08 15:00:00,2016,West Ham,1,1.20573,home,0.20572999999999997,0.06604700000000012,0.07391778242319831,32
3464,2017-04-15 15:00:00,2016,West Ham,2,1.42815,away,-0.57185,0.10104700000000015,0.17293043273677533,33
3479,2017-04-22 15:00:00,2016,West Ham,0,0.668323,home,0.668323,0.17036360000000011,0.3690224406432348,34
3485,2017-04-29 15:00:00,2016,West Ham,0,0.65149,away,0.65149,0.25151960000000007,0.5986073163246246,35
3499,2017-05-05 20:00:00,2016,West Ham,1,2.21043,home,1.2104300000000001,0.4328246000000001,1.1115069896132836,36
3509,2017-05-14 14:15:00,2016,West Ham,0,1.03963,home,1.03963,0.5996046000000002,1.5833164130218083,37
3511,2017-05-21 15:00:00,2016,West Ham,2,1.67299,away,-0.32701,0.6485726000000002,1.7218435976091009,38
7128,2017-08-13 16:00:00,2017,West Ham,0,0.62654,away,0.62654,0.6402160000000001,2.163014512385027,1
7130,2017-08-19 15:00:00,2017,West Ham,2,1.53269,away,-0.4673099999999999,0.41645600000000016,1.6087817373293103,2
7142,2017-08-26 15:00:00,2017,West Ham,0,0.558484,away,0.558484,0.2860668000000001,1.2858197774021791,3
7158,2017-09-11 20:00:00,2017,West Ham,2,1.94969,home,-0.05031000000000008,0.06807880000000008,0.7458837112203525,4
7165,2017-09-16 15:00:00,2017,West Ham,0,0.266344,away,0.266344,0.1867496000000001,1.0398202807684482,5
7169,2017-09-23 12:30:00,2017,West Ham,2,0.67667,home,-1.32333,-0.20322439999999986,0.07389083752757425,6
7183,2017-09-30 15:00:00,2017,West Ham,1,0.692185,home,-0.30781499999999995,-0.17132539999999988,0.15290170314923268,7
7190,2017-10-14 15:00:00,2017,West Ham,1,0.835192,away,-0.16480799999999995,-0.31598379999999987,-0.20540374227050212,8
7208,2017-10-20 20:00:00,2017,West Ham,0,0.569111,home,0.569111,-0.19209959999999984,0.10144593573967581,9
7213,2017-10-28 15:00:00,2017,West Ham,2,0.742845,away,-1.257155,-0.49679939999999984,-0.6532672199312297,10
7227,2017-11-04 17:30:00,2017,West Ham,1,1.13045,home,0.13044999999999995,-0.20604339999999985,0.06690843587901303,11
7230,2017-11-19 16:00:00,2017,West Ham,0,1.43369,away,1.43369,0.14225760000000012,0.9296177216525253,12
7247,2017-11-24 20:00:00,2017,West Ham,1,0.775297,home,-0.22470299999999999,0.1302786000000001,0.8999468492338962,13
7256,2017-11-29 20:00:00,2017,West Ham,0,1.03658,away,1.03658,0.2237724000000001,1.1315223239590668,14
7262,2017-12-03 16:00:00,2017,West Ham,1,0.474483,away,-0.525517,0.37010000000000015,1.4939622230261158,15
7269,2017-12-09 12:30:00,2017,West Ham,1,0.418127,home,-0.581873,0.22763540000000013,1.1410906168176664,16
7286,2017-12-13 20:00:00,2017,West Ham,0,0.405172,home,0.405172,0.021931800000000168,0.6315818705406238,17
7297,2017-12-16 16:00:00,2017,West Ham,3,3.08244,away,0.08244000000000007,0.08336040000000018,0.7837348176526526,18
7300,2017-12-23 15:00:00,2017,West Ham,2,2.31898,home,0.3189799999999998,-0.06015959999999987,0.4282490834910667,19
7309,2017-12-26 15:00:00,2017,West Ham,3,1.87596,away,-1.12404,-0.17986419999999986,0.13175188718728353,20
7329,2018-01-02 19:45:00,2017,West Ham,2,1.0594,home,-0.9406000000000001,-0.2516095999999999,-0.045954817047085504,21
7326,2018-01-04 20:00:00,2017,West Ham,1,0.612933,away,-0.38706700000000005,-0.4100573999999999,-0.4384153278420139,22
7342,2018-01-13 15:00:00,2017,West Ham,4,0.986853,away,-3.013147,-1.0291747999999998,-1.9719117288398689,23
7358,2018-01-20 15:00:00,2017,West Ham,1,0.980241,home,-0.01975899999999997,-1.0969225999999999,-2.1397167484944974,24
7360,2018-01-30 19:45:00,2017,West Ham,1,1.11632,home,0.11631999999999998,-0.8488505999999999,-1.5252654034211077,25
7371,2018-02-03 15:00:00,2017,West Ham,1,0.443751,away,-0.556249,-0.7719803999999999,-1.3348650447104895,26
7388,2018-02-10 15:00:00,2017,West Ham,2,1.83359,home,-0.16640999999999995,-0.7278489999999997,-1.2255556583630907,27
7395,2018-02-24 15:00:00,2017,West Ham,1,0.33527,away,-0.66473,-0.2581655999999998,-0.062193421235793134,28
7406,2018-03-03 15:00:00,2017,West Ham,1,0.497211,away,-0.5027889999999999,-0.35477159999999974,-0.3014775268267501,29
7418,2018-03-10 15:00:00,2017,West Ham,0,0.72673,home,0.72673,-0.23268959999999977,0.0009082688666355128,30
7434,2018-03-31 15:00:00,2017,West Ham,3,1.44971,home,-1.55029,-0.4314977999999998,-0.4915212108877081,31
7442,2018-04-08 15:30:00,2017,West Ham,1,0.302554,away,-0.697446,-0.5377049999999999,-0.7545865987447761,32
7458,2018-04-16 19:00:00,2017,West Ham,1,0.807456,home,-0.19254400000000005,-0.4432677999999998,-0.5206744096828716,33
7459,2018-04-22 12:30:00,2017,West Ham,1,0.623161,away,-0.37683900000000004,-0.41807779999999983,-0.45828111506518526,34
7478,2018-04-29 13:15:00,2017,West Ham,1,0.228917,home,-0.771083,-0.7176403999999998,-1.200269902609454,35
7479,2018-05-05 15:00:00,2017,West Ham,2,1.43027,away,-0.5697300000000001,-0.5215283999999999,-0.7145186602885448,36
7428,2018-05-10 19:45:00,2017,West Ham,0,0.783043,home,0.783043,-0.22543059999999984,0.01888813887972726,37
7489,2018-05-13 15:00:00,2017,West Ham,3,1.18299,home,-1.81701,-0.5503237999999998,-0.7858421964471046,38
9205,2018-08-12 15:30:00,2018,West Ham,0,0.404253,away,0.404253,-0.39410539999999983,-1.1096970507582087,1
9208,2018-08-18 17:00:00,2018,West Ham,1,1.10275,home,0.1027499999999999,-0.2193387999999999,-0.43611387679385333,2
9222,2018-08-25 17:00:00,2018,West Ham,1,1.17924,away,0.17924000000000007,-0.06954479999999982,0.14122022457801478,3
9228,2018-09-01 14:00:00,2018,West Ham,0,0.888887,home,0.888887,-0.04837599999999984,0.22280874030708794,4
9245,2018-09-16 15:00:00,2018,West Ham,3,1.52437,away,-1.47563,0.01990000000000016,0.4859572182519032,5
9255,2018-09-23 12:30:00,2018,West Ham,0,1.0177,home,1.0177,0.14258940000000017,0.9588251201495336,6
9257,2018-09-29 11:30:00,2018,West Ham,3,1.3029,home,-1.6971,-0.2173805999999998,-0.4285666076288238,7
9267,2018-10-05 19:00:00,2018,West Ham,0,1.43652,away,1.43652,0.03407540000000018,0.5405918619665164,8
9279,2018-10-20 14:00:00,2018,West Ham,0,0.544268,home,0.544268,-0.03484839999999982,0.2749466416230158,9
9293,2018-10-27 16:30:00,2018,West Ham,1,1.56009,away,0.56009,0.37229560000000017,1.8441557913149111,10
9298,2018-11-03 15:00:00,2018,West Ham,4,2.55739,home,-1.4426100000000002,-0.11976639999999987,-0.05234321791939783,11
9311,2018-11-10 15:00:00,2018,West Ham,1,1.44113,away,0.44113,0.30787960000000014,1.595884475548123,12
9317,2018-11-24 15:00:00,2018,West Ham,0,0.829504,home,0.829504,0.18647640000000015,1.1279738290891919,13
9328,2018-12-01 15:00:00,2018,West Ham,3,2.62697,away,-0.37303,0.0030168000000001527,0.4208862067275329,14
9340,2018-12-04 19:45:00,2018,West Ham,3,1.57488,home,-1.42512,-0.39402519999999985,-1.10938794495337,15
9347,2018-12-08 15:00:00,2018,West Ham,3,1.53635,home,-1.46365,-0.3982331999999998,-1.125606364239675,16
9364,2018-12-15 17:30:00,2018,West Ham,2,0.75325,away,-1.24675,-0.7358091999999998,-2.426687426262918,17
9368,2018-12-22 15:00:00,2018,West Ham,0,2.06507,home,2.06507,-0.48869599999999974,-1.474266920373986,18
9379,2018-12-27 19:45:00,2018,West Ham,2,1.26973,away,-0.73027,-0.5601439999999999,-1.7496408797770149,19
9395,2018-12-30 14:15:00,2018,West Ham,0,0.656044,away,0.656044,-0.14391119999999982,-0.1454017944365043,20
9398,2019-01-02 19:45:00,2018,West Ham,2,0.639356,home,-1.360644,-0.12330999999999984,-0.06600091530127783,21
9407,2019-01-12 12:30:00,2018,West Ham,1,0.669394,home,-0.33060599999999996,0.05991880000000018,0.6401971606793737,22
9425,2019-01-19 15:00:00,2018,West Ham,0,0.971813,away,0.971813,-0.15873259999999983,-0.20252624301303615,23
9427,2019-01-29 19:45:00,2018,West Ham,0,0.130179,away,0.130179,0.01335720000000017,0.4607400429414378,24
9437,2019-02-04 20:00:00,2018,West Ham,1,0.791319,home,-0.208681,-0.15958779999999984,-0.20582234381475867,25
9448,2019-02-09 15:00:00,2018,West Ham,1,1.74711,away,0.7471099999999999,0.26196300000000017,1.418913308485013,26
9457,2019-02-22 19:45:00,2018,West Ham,3,2.72871,home,-0.27129000000000003,0.27382620000000013,1.4646363008037622,27
9475,2019-02-27 20:00:00,2018,West Ham,0,0.400125,away,0.400125,0.15948860000000015,1.0239577986673878,28
9478,2019-03-02 17:30:00,2018,West Ham,2,1.88895,home,-0.1110500000000001,0.11124280000000013,0.8380094590278371,29
9495,2019-03-09 15:00:00,2018,West Ham,0,0.295869,away,0.295869,0.21215280000000014,1.2269354785575592,30
9498,2019-03-16 15:00:00,2018,West Ham,4,1.88114,home,-2.1188599999999997,-0.3610411999999998,-0.9822614378859993,31
9508,2019-03-30 17:30:00,2018,West Ham,0,0.0891639,home,0.0891639,-0.2889504199999998,-0.7044100841034913,32
9525,2019-04-08 20:00:00,2018,West Ham,0,0.471195,away,0.471195,-0.2747364199999998,-0.6496266687670977,33
9530,2019-04-13 17:30:00,2018,West Ham,1,1.42817,away,0.42816999999999994,-0.1668924199999998,-0.23397571593622513,34
9538,2019-04-20 15:00:00,2018,West Ham,2,1.36558,home,-0.63442,-0.35295021999999976,-0.9510772872022751,35
9548,2019-04-27 12:30:00,2018,West Ham,1,0.991558,away,-0.00844199999999995,0.06913338000000017,0.6757118759805152,36
9558,2019-05-04 14:00:00,2018,West Ham,3,1.99866,home,-1.00134,-0.1489673999999998,-0.1648893352148828,37
9567,2019-05-12 14:00:00,2018,West Ham,4,3.20094,away,-0.7990599999999999,-0.40301839999999983,-1.1440494203159177,38
11644,2019-08-10 12:30:00,2019,West Ham,0,1.2003,home,1.2003,-0.24859239999999977,-0.9162350152933877,1
11655,2019-08-17 15:00:00,2019,West Ham,1,1.00856,away,0.008559999999999901,-0.11999639999999982,-0.42152077749704464,2
11667,2019-08-24 15:00:00,2019,West Ham,3,3.45768,away,0.45767999999999986,-0.026771999999999862,-0.06288257731957875,3
11674,2019-08-31 15:00:00,2019,West Ham,2,2.20657,home,0.20657000000000014,0.2148100000000001,0.8664935696470157,4
11692,2019-09-16 19:00:00,2019,West Ham,0,0.535279,away,0.535279,0.4816778000000001,1.893145256086617,5
11700,2019-09-22 13:00:00,2019,West Ham,2,0.51376,home,-1.48624,-0.05563019999999987,-0.1739012903213396,6
11707,2019-09-28 14:00:00,2019,West Ham,2,1.29546,away,-0.7045399999999999,-0.19825019999999985,-0.7225664478263512,7
11720,2019-10-05 17:30:00,2019,West Ham,1,1.23577,home,0.23577000000000004,-0.2426321999999998,-0.8933058744172038,8
11727,2019-10-19 12:30:00,2019,West Ham,0,0.459112,away,0.459112,-0.19212379999999984,-0.6989979285377611,9
11742,2019-10-26 15:00:00,2019,West Ham,1,2.33891,home,1.3389099999999998,-0.031397599999999845,-0.08067745568555247,10
11752,2019-11-02 15:00:00,2019,West Ham,2,1.53597,home,-0.46402999999999994,0.17304440000000015,0.7058195442488157,11
11753,2019-11-09 15:00:00,2019,West Ham,0,0.474281,away,0.474281,0.40880860000000013,1.6128143691474488,12
11772,2019-11-23 12:30:00,2019,West Ham,2,0.661449,home,-1.338551,0.09394440000000012,0.4015185068161524,13
11774,2019-11-30 15:00:00,2019,West Ham,1,1.12034,away,0.12033999999999989,0.026190000000000102,0.14086447128356533,14
11787,2019-12-04 19:30:00,2019,West Ham,0,0.501977,away,0.501977,-0.14119659999999984,-0.503078841388068,15
11802,2019-12-09 20:00:00,2019,West Ham,1,0.521847,home,-0.47815300000000005,-0.14402119999999988,-0.5139451967652149,16
11811,2019-12-14 17:30:00,2019,West Ham,1,0.90324,away,-0.09675999999999996,-0.2582293999999999,-0.953308960903231,17
11826,2019-12-26 15:00:00,2019,West Ham,1,0.796338,away,-0.203662,-0.031251599999999866,-0.08011578752543663,18
11842,2019-12-28 17:30:00,2019,West Ham,1,0.782104,home,-0.21789599999999998,-0.09889879999999984,-0.34035742013497955,19
11843,2020-01-01 17:30:00,2019,West Ham,4,2.32825,home,-1.6717499999999998,-0.5336441999999998,-2.0128413169627684,20
11855,2020-01-10 20:00:00,2019,West Ham,0,0.90477,away,0.90477,-0.25705959999999983,-0.9488086909463569,21
11872,2020-01-18 15:00:00,2019,West Ham,1,1.68436,home,0.6843600000000001,-0.1008355999999998,-0.3478083714535582,22
11876,2020-01-22 19:30:00,2019,West Ham,1,1.16254,away,0.1625399999999999,-0.02759519999999982,-0.06604946245250613,23
11822,2020-01-29 19:45:00,2019,West Ham,0,0.878341,home,0.878341,0.1916522000000002,0.7774045359598084,24
11892,2020-02-01 15:00:00,2019,West Ham,3,1.30774,home,-1.69226,0.18755020000000008,0.7616239688858664,25
11898,2020-02-19 19:30:00,2019,West Ham,0,0.0895892,away,0.0895892,0.02451404000000014,0.13441698245049788,26
11911,2020-02-24 20:00:00,2019,West Ham,2,0.638236,away,-1.361764,-0.3847107599999998,-1.4398880893974677,27
11922,2020-02-29 15:00:00,2019,West Ham,3,2.78682,home,-0.21317999999999993,-0.4598547599999998,-1.7289702279163053,28
11923,2020-03-07 15:00:00,2019,West Ham,0,1.61615,away,1.61615,-0.3122929599999998,-1.1612937573040276,29
11934,2020-06-20 16:30:00,2019,West Ham,0,0.44207,home,0.44207,0.1145730400000002,0.480877755271588,30
11944,2020-06-23 19:15:00,2019,West Ham,0,0.83104,away,0.83104,0.2628632000000002,1.0513562575352493,31
11962,2020-07-01 19:15:00,2019,West Ham,3,2.10497,home,-0.8950300000000002,0.3562100000000001,1.410465335677086,32
11968,2020-07-05 13:15:00,2019,West Ham,2,2.03065,away,0.030650000000000066,0.4049760000000001,1.5980701952401868,33
11982,2020-07-08 17:00:00,2019,West Ham,0,1.99821,home,1.99821,0.4813880000000001,1.892030383259209,34
11988,2020-07-11 11:30:00,2019,West Ham,4,3.81088,away,-0.18911999999999995,0.3551500000000002,1.4063874709529571,35
12001,2020-07-17 19:00:00,2019,West Ham,3,0.833995,home,-2.166005,-0.24425899999999987,-0.8995642426560846,36
12007,2020-07-22 17:00:00,2019,West Ham,1,1.29009,away,0.29008999999999996,-0.007234999999999836,0.01227708599675435,37
12013,2020-07-26 15:00:00,2019,West Ham,1,0.781465,home,-0.21853500000000003,-0.05707199999999986,-0.17944795575459382,38
14091,2020-09-12 19:00:00,2020,West Ham,0,0.861445,home,0.861445,-0.2844249999999998,-0.559676512771666,1
14099,2020-09-19 19:00:00,2020,West Ham,1,2.06377,away,1.0637699999999999,-0.03384699999999992,0.09632408279390131,2
14113,2020-09-27 18:00:00,2020,West Ham,4,3.05703,home,-0.9429699999999999,0.21076000000000014,0.7366929008046876,3
14470,2020-10-04 11:00:00,2020,West Ham,3,2.03227,away,-0.96773,-0.04080399999999984,0.0781110068520804,4
14483,2020-10-18 15:30:00,2020,West Ham,3,1.49992,away,-1.50008,-0.29711299999999985,-0.5928930583444454,5
14493,2020-10-24 11:30:00,2020,West Ham,1,0.263739,home,-0.736261,-0.6166541999999998,-1.429435841460825,6
14499,2020-10-31 17:30:00,2020,West Ham,1,0.269048,away,-0.730952,-0.9755985999999999,-2.3691342195104754,7
14514,2020-11-07 20:00:00,2020,West Ham,1,1.42614,home,0.42613999999999996,-0.7017765999999999,-1.652282001522644,8
14522,2020-11-22 14:00:00,2020,West Ham,1,2.1142,away,1.1141999999999999,-0.2853906,-0.5622044049851812,9
14526,2020-11-30 20:00:00,2020,West Ham,2,0.571633,home,-1.4283670000000002,-0.27104799999999996,-0.5246561998675782,10
14544,2020-12-05 17:30:00,2020,West Ham,1,2.53006,home,1.5300600000000002,0.1822162000000001,0.6619666686546009,11
14548,2020-12-11 20:00:00,2020,West Ham,2,1.7851,away,-0.2149000000000001,0.2854266000000001,0.9321663025752182,12
14561,2020-12-16 20:00:00,2020,West Ham,1,0.449469,home,-0.550531,0.0900924000000001,0.4207911956850534,13
14567,2020-12-21 20:00:00,2020,West Ham,0,0.277737,away,0.277737,-0.07720019999999987,-0.017172413385624148,14
14583,2020-12-27 14:15:00,2020,West Ham,2,1.38877,home,-0.6112299999999999,0.08622720000000017,0.4106722965718832,15
14588,2020-12-29 18:00:00,2020,West Ham,0,1.07246,away,1.07246,-0.005292799999999875,0.17107754162068722,16
14595,2021-01-01 17:30:00,2020,West Ham,1,1.19713,away,0.19713000000000003,0.07711320000000015,0.38681230316470216,17
14623,2021-01-16 15:00:00,2020,West Ham,1,1.73397,home,0.73397,0.3340134000000002,1.059364100213579,18
14611,2021-01-19 18:00:00,2020,West Ham,2,2.17512,home,0.17512000000000016,0.31349000000000016,1.0056348716977859,19
14634,2021-01-26 18:00:00,2020,West Ham,3,3.30321,away,0.30321,0.49637800000000015,1.4844264532484228,20
14639,2021-01-31 16:30:00,2020,West Ham,1,0.883061,home,-0.11693900000000002,0.2584982000000001,0.8616691063423971,21
14645,2021-02-03 20:15:00,2020,West Ham,3,1.79064,away,-1.20936,-0.02279979999999986,0.1252450965274772,22
14657,2021-02-06 17:30:00,2020,West Ham,0,0.943539,away,0.943539,0.01911400000000014,0.23497331593387397,23
14674,2021-02-15 18:00:00,2020,West Ham,3,2.32735,home,-0.67265,-0.15043999999999988,-0.2089105245490266,24
14683,2021-02-21 12:00:00,2020,West Ham,2,1.09246,home,-0.90754,-0.3925899999999999,-0.8428470401896742,25
14689,2021-02-27 12:30:00,2020,West Ham,1,1.92892,away,0.92892,-0.1834181999999999,-0.2952457927716176,26
14704,2021-03-08 20:00:00,2020,West Ham,2,2.37556,home,0.3755600000000001,0.13356580000000012,0.5346023694164271,27
14711,2021-03-14 19:15:00,2020,West Ham,0,0.463737,away,0.463737,0.037605400000000136,0.2833828706946316,28
14724,2021-03-21 15:00:00,2020,West Ham,3,2.50629,home,-0.4937100000000001,0.0733934000000001,0.377074053935381,29
14734,2021-04-05 19:15:00,2020,West Ham,3,1.59694,away,-1.40306,-0.025710599999999896,0.11762476859137636,30
14744,2021-04-11 13:05:00,2020,West Ham,3,1.02408,home,-1.97592,-0.6066785999999998,-1.4033202226071193,31
14752,2021-04-17 11:30:00,2020,West Ham,2,2.06741,away,0.06741000000000019,-0.6683085999999998,-1.5646644615455174,32
14763,2021-04-24 16:30:00,2020,West Ham,0,0.267123,home,0.267123,-0.7076313999999998,-1.6676095733243075,33
14766,2021-05-03 19:15:00,2020,West Ham,2,2.42477,away,0.4247700000000001,-0.5239353999999998,-1.1867026884301328,34
14783,2021-05-09 15:30:00,2020,West Ham,0,1.09704,home,1.09704,-0.02391539999999983,0.12232451186157306,35
14785,2021-05-15 19:00:00,2020,West Ham,1,1.92378,away,0.92378,0.5560246000000001,1.6405782507863595,36
14804,2021-05-19 19:15:00,2020,West Ham,3,3.56991,away,0.5699100000000001,0.6565246000000002,1.9036821938872688,37
14813,2021-05-23 15:00:00,2020,West Ham,3,1.98344,home,-1.01656,0.3997880000000002,1.2315586934064648,38
16384,2021-08-15 13:00:00,2021,West Ham,4,3.00939,away,-0.9906100000000002,0.11671200000000011,0.6272982022039243,1
16395,2021-08-23 19:00:00,2021,West Ham,4,2.28613,home,-1.71387,-0.4454699999999999,-1.1022618581666765,2
16401,2021-08-28 14:00:00,2021,West Ham,2,1.44748,home,-0.5525199999999999,-0.7407299999999999,-2.01063299673928,3
16411,2021-09-11 14:00:00,2021,West Ham,0,0.725407,away,0.725407,-0.7096305999999999,-1.9149552978063913,4
16424,2021-09-19 13:00:00,2021,West Ham,1,1.6671,home,0.6671,-0.3728985999999999,-0.8789950247120674,5
16429,2021-09-25 14:00:00,2021,West Ham,2,1.98962,away,-0.010380000000000056,-0.1768525999999999,-0.2758570167441588,6
16444,2021-10-03 13:00:00,2021,West Ham,1,1.37258,home,0.3725799999999999,0.24043740000000008,1.0079409661013397,7
16449,2021-10-17 13:00:00,2021,West Ham,1,2.03034,away,1.0303399999999998,0.5570094,1.9818787432476046,8
16465,2021-10-24 13:00:00,2021,West Ham,1,1.73468,home,0.73468,0.558864,1.9875844436933026,9
16466,2021-10-31 16:30:00,2021,West Ham,4,2.66391,away,-1.33609,0.15822599999999998,0.7550165502588689,10
16485,2021-11-07 16:30:00,2021,West Ham,3,1.25298,home,-1.74702,-0.189102,-0.3135424513605354,11
16495,2021-11-20 15:00:00,2021,West Ham,0,0.436331,away,0.436331,-0.17635179999999995,-0.27431629918608424,12
16504,2021-11-28 14:00:00,2021,West Ham,1,0.171763,away,-0.828237,-0.5480672,-1.417903446523925,13
16510,2021-12-01 19:30:00,2021,West Ham,1,1.14679,home,0.14678999999999998,-0.6656451999999999,-1.7796336562749566,14
16524,2021-12-04 12:30:00,2021,West Ham,3,2.0174,home,-0.9826000000000001,-0.5949471999999999,-1.562130361704727,15
16529,2021-12-12 14:00:00,2021,West Ham,0,0.998813,away,0.998813,-0.04578059999999995,0.1273876553244867,16
16536,2021-12-15 20:00:00,2021,West Ham,0,0.338855,away,0.338855,-0.06527579999999995,0.06741042501662031,17
16564,2021-12-26 15:00:00,2021,West Ham,2,1.53745,home,-0.46255,0.007861600000000047,0.29241856465707267,18
16569,2021-12-28 15:00:00,2021,West Ham,4,2.84084,away,-1.15916,-0.2533283999999999,-0.5111357863683909,19
16579,2022-01-01 17:30:00,2021,West Ham,3,2.23146,away,-0.7685399999999998,-0.21051639999999985,-0.3794241248342502,20
16554,2022-01-12 21:45:00,2021,West Ham,2,2.89217,home,0.8921700000000001,-0.23184499999999986,-0.4450418335186627,21
16594,2022-01-16 14:00:00,2021,West Ham,2,2.3549,home,0.3549000000000002,-0.22863599999999976,-0.435169304277724,22
16603,2022-01-22 15:00:00,2021,West Ham,0,0.238027,away,0.238027,-0.08852059999999977,-0.004102497295553011,23
16610,2022-02-08 19:45:00,2021,West Ham,1,0.905143,home,-0.09485699999999997,0.12434000000000023,0.6507658410477634,24
16620,2022-02-13 16:30:00,2021,West Ham,2,0.745068,away,-1.2549320000000002,0.02706160000000013,0.3514876084171284,25
16634,2022-02-19 12:30:00,2021,West Ham,1,0.847948,home,-0.15205199999999996,-0.18178279999999986,-0.29102483963717046,26
16645,2022-02-27 14:00:00,2021,West Ham,1,1.62241,home,0.6224099999999999,-0.12828079999999992,-0.12642525738454094,27
16649,2022-03-05 17:30:00,2021,West Ham,0,1.33829,away,1.33829,0.09177180000000007,0.5505693602672296,28
16665,2022-03-13 14:00:00,2021,West Ham,2,1.58468,home,-0.4153199999999999,0.02767920000000008,0.35338766265807675,29
16673,2022-03-20 16:30:00,2021,West Ham,1,0.644964,away,-0.355036,0.20765840000000013,0.9070959564445239,30
16677,2022-04-03 13:00:00,2021,West Ham,2,1.49657,home,-0.50343,0.13738280000000008,0.6908921808370156,31
16693,2022-04-10 13:00:00,2021,West Ham,0,0.244824,away,0.244824,0.06186560000000012,0.4585625562830123,32
16697,2022-04-17 13:15:00,2021,West Ham,1,2.79175,home,1.79175,0.1525576000000001,0.7375776456937913,33
16711,2022-04-24 13:00:00,2021,West Ham,0,0.388975,away,0.388975,0.31341660000000016,1.2324624014333108,34
16717,2022-05-01 15:30:00,2021,West Ham,1,0.451976,home,-0.5480240000000001,0.27481900000000015,1.1137163950045024,35
16726,2022-05-08 13:00:00,2021,West Ham,4,3.25894,away,-0.74106,0.22729300000000013,0.96750205262219,36
16737,2022-05-15 13:00:00,2021,West Ham,2,1.0088,home,-0.9912000000000001,-0.019911799999999903,0.206973346950535,37
16748,2022-05-22 15:00:00,2021,West Ham,1,0.268845,away,-0.731155,-0.5244927999999999,-1.3453765056272033,38
18211,2022-08-07 15:30:00,2022,West Ham,0,0.246188,home,0.246188,-0.5530501999999998,-2.255455357284462,1
18219,2022-08-14 13:00:00,2022,West Ham,0,2.08634,away,2.08634,-0.026177399999999906,-0.6843517111466859,2
18229,2022-08-21 13:00:00,2022,West Ham,0,0.768634,home,0.768634,0.2757614000000001,0.21601200015225547,3
18239,2022-08-28 13:00:00,2022,West Ham,1,0.334589,away,-0.665411,0.34091920000000014,0.41030872064022916,4
18249,2022-08-31 18:45:00,2022,West Ham,1,1.52267,home,0.52267,0.5916842000000001,1.1580751755108156,5
18260,2022-09-03 14:00:00,2022,West Ham,1,1.4196,away,0.4196,0.6263666000000001,1.2614960488161158,6
18277,2022-09-18 13:15:00,2022,West Ham,0,0.655351,away,0.655351,0.34016880000000016,0.40807107205396365,7
18291,2022-10-01 16:30:00,2022,West Ham,2,1.03934,home,-0.9606600000000001,-0.005689999999999884,-0.6232594914688375,8
18301,2022-10-09 13:00:00,2022,West Ham,3,3.43676,home,0.43676000000000004,0.2147442000000001,0.034062304899211596,9
18309,2022-10-16 13:00:00,2022,West Ham,1,1.70727,away,0.7072700000000001,0.2516642000000001,0.14415556956462366,10
18320,2022-10-19 18:30:00,2022,West Ham,0,2.48649,away,2.48649,0.6650422,1.3768244092411863,11
18330,2022-10-24 19:00:00,2022,West Ham,2,1.97715,home,-0.022850000000000037,0.529402,0.972353324791852,12
18340,2022-10-30 16:15:00,2022,West Ham,0,1.00033,away,1.00033,0.9216000000000001,2.1418646523987124,13
18350,2022-11-06 14:00:00,2022,West Ham,1,0.192579,home,-0.8074209999999999,0.6727638,1.399849765482802,14
18360,2022-11-12 15:00:00,2022,West Ham,0,0.720721,home,0.720721,0.675454,1.4078717833756211,15
18362,2022-12-26 20:00:00,2022,West Ham,1,1.02652,away,0.0265200000000001,0.1834600000000001,-0.059225336228786375,16
18380,2022-12-30 19:45:00,2022,West Ham,0,1.13979,home,1.13979,0.41598800000000014,0.6341594591698847,17
18388,2023-01-04 19:45:00,2022,West Ham,2,1.29245,away,-0.7075499999999999,0.07441200000000014,-0.38440004709644204,18
18401,2023-01-14 15:00:00,2022,West Ham,0,0.735105,away,0.735105,0.3829172000000002,0.5355442821087552,19
18411,2023-01-21 15:00:00,2022,West Ham,2,2.46879,home,0.4687899999999998,0.3325310000000001,0.3852956024748333,20
18418,2023-02-04 17:30:00,2022,West Ham,1,1.27831,away,0.27831000000000006,0.38288900000000015,0.5354601913703053,21
18431,2023-02-11 12:30:00,2022,West Ham,1,1.07615,home,0.07614999999999994,0.17016100000000006,-0.09888217064875708,22
18440,2023-02-19 16:30:00,2022,West Ham,0,0.365173,away,0.365173,0.38470560000000004,0.5408771855358301,23
18451,2023-02-25 15:00:00,2022,West Ham,4,3.05032,home,-0.9496799999999999,0.04774860000000007,-0.46390873488300094,24
18455,2023-03-04 15:00:00,2022,West Ham,0,0.250045,away,0.250045,0.003999600000000114,-0.5943656751822184,25
18471,2023-03-12 14:00:00,2022,West Ham,1,2.14634,home,1.14634,0.17760560000000009,-0.07668281208624005,26
18491,2023-04-02 13:00:00,2022,West Ham,1,1.40363,home,0.40362999999999993,0.24310160000000008,0.11862240087491455,27
18268,2023-04-05 19:00:00,2022,West Ham,1,0.83342,home,-0.16657999999999995,0.13675100000000012,-0.1985088221241474,28
18494,2023-04-08 14:00:00,2022,West Ham,1,1.23261,away,0.23260999999999998,0.37320900000000007,0.5065950017180518,29
18510,2023-04-16 13:00:00,2022,West Ham,2,1.96095,home,-0.03905000000000003,0.31539000000000006,0.3341821504263547,30
18513,2023-04-23 13:00:00,2022,West Ham,4,2.52322,away,-1.4767800000000002,-0.20923399999999998,-1.2302157066112167,31
18526,2023-04-26 18:45:00,2022,West Ham,1,0.939348,home,-0.06065200000000004,-0.3020904,-1.5071080202915357,32
18536,2023-04-29 11:30:00,2022,West Ham,3,1.98262,away,-1.01738,-0.4722503999999999,-2.014515114426598,33
18478,2023-05-03 19:00:00,2022,West Ham,0,0.492075,away,0.492075,-0.4203574,-1.8597732459736667,34
18550,2023-05-07 18:00:00,2022,West Ham,1,1.76618,home,0.7661800000000001,-0.25931139999999986,-1.3795435628397024,35
18554,2023-05-14 13:00:00,2022,West Ham,0,0.203312,away,0.203312,0.07670700000000014,-0.37755649231835103,36
18570,2023-05-21 12:30:00,2022,West Ham,3,2.48001,home,-0.51999,-0.015160599999999847,-0.6515002626589851,37
18579,2023-05-28 15:30:00,2022,West Ham,1,0.970352,away,-0.029648000000000008,0.18238580000000015,-0.06242853733668397,38
22277,2023-08-12 14:00:00,2023,West Ham,1,1.4834,away,0.48340000000000005,0.18065080000000017,1.0549255239841848,1
22293,2023-08-20 15:30:00,2023,West Ham,3,1.71234,home,-1.28766,-0.23011719999999986,-0.27615004430009993,2
22301,2023-08-26 16:30:00,2023,West Ham,3,2.9527,away,-0.0472999999999999,-0.2802395999999998,-0.4385694685584944,3
21925,2023-09-01 19:00:00,2023,West Ham,2,1.22528,away,-0.7747200000000001,-0.33118559999999986,-0.6036577322543305,4
21937,2023-09-16 14:00:00,2023,West Ham,1,0.895632,home,-0.10436800000000002,-0.3461295999999998,-0.6520831044655064,5
21953,2023-09-24 13:00:00,2023,West Ham,1,1.53878,away,0.53878,-0.33505359999999984,-0.6161918154792253,6
21960,2023-09-30 14:00:00,2023,West Ham,2,3.19753,home,1.19753,0.16198440000000014,0.9944378789197645,7
21973,2023-10-08 13:00:00,2023,West Ham,2,0.931345,home,-1.0686550000000001,-0.04228659999999991,0.3325067221378361,8
21976,2023-10-22 15:30:00,2023,West Ham,1,0.659622,away,-0.34037799999999996,0.044581800000000116,0.613999937032732,9
21993,2023-10-29 13:00:00,2023,West Ham,0,0.618578,home,0.618578,0.18917100000000012,1.0825348559109553,10
21995,2023-11-04 15:00:00,2023,West Ham,2,1.75505,away,-0.24495,0.032425000000000107,0.5746063633645825,11
22013,2023-11-12 14:00:00,2023,West Ham,3,2.06402,home,-0.9359799999999998,-0.3942769999999999,-0.8081026284216346,12
22016,2023-11-25 15:00:00,2023,West Ham,2,1.36963,away,-0.6303700000000001,-0.30661999999999984,-0.524053990044021,13
22034,2023-12-03 14:00:00,2023,West Ham,1,1.1466,home,0.14660000000000006,-0.20922439999999987,-0.20844784833291188,14
22041,2023-12-07 20:15:00,2023,West Ham,2,1.7409,away,-0.2591000000000001,-0.3847599999999999,-0.7772632101043325,15
22049,2023-12-10 14:00:00,2023,West Ham,0,0.983,away,0.983,-0.13916999999999985,0.018560341912712452,16
22064,2023-12-17 14:00:00,2023,West Ham,3,1.03828,home,-1.96172,-0.3443179999999999,-0.6462126946490073,17
22072,2023-12-23 12:30:00,2023,West Ham,2,1.51468,home,-0.48532,-0.3153079999999998,-0.5522070704622956,18
22076,2023-12-28 20:15:00,2023,West Ham,2,1.59711,away,-0.40288999999999997,-0.42520599999999986,-0.9083266873830547,19
22093,2024-01-02 18:30:00,2023,West Ham,0,0.9831,home,0.9831,-0.1767659999999998,-0.10326783619565022,20
22101,2024-01-21 14:00:00,2023,West Ham,2,2.4241,away,0.42410000000000014,-0.2885459999999998,-0.4654859910246956,21
22110,2024-02-01 19:30:00,2023,West Ham,1,1.3128,home,0.31279999999999997,0.16635800000000017,1.0086103366220398,22
22122,2024-02-04 14:00:00,2023,West Ham,0,1.1807,away,1.1807,0.49956200000000023,2.0883431874151803,23
22133,2024-02-11 14:00:00,2023,West Ham,0,0.191065,home,0.191065,0.6183530000000002,2.4732801782033103,24
22142,2024-02-17 15:00:00,2023,West Ham,0,0.520016,away,0.520016,0.5257362000000002,2.173159526904592,25
22153,2024-02-26 20:00:00,2023,West Ham,4,2.06873,home,-1.93127,0.05466220000000015,0.6466650281755011,26
22157,2024-03-02 15:00:00,2023,West Ham,3,2.17948,away,-0.8205200000000001,-0.17200179999999984,-0.08782965643865857,27
22173,2024-03-10 14:00:00,2023,West Ham,2,1.87414,home,-0.12586000000000008,-0.4333137999999998,-0.934599655317595,28
22183,2024-03-17 14:00:00,2023,West Ham,1,1.32829,home,0.32828999999999997,-0.4058687999999998,-0.8456653445349581,29
22191,2024-03-30 12:30:00,2023,West Ham,3,0.994584,away,-2.005416,-0.9109551999999999,-2.482375523791043,30
22199,2024-04-02 19:15:00,2023,West Ham,1,1.47017,home,0.47017,-0.4306672,-0.9260234648669733,31
22214,2024-04-06 14:00:00,2023,West Ham,2,1.14133,away,-0.85867,-0.4382971999999999,-0.9507481429967424,32
22224,2024-04-14 13:00:00,2023,West Ham,0,1.45307,home,1.45307,-0.12251119999999985,0.07254244781418054,33
22227,2024-04-21 14:00:00,2023,West Ham,2,1.34536,away,-0.6546400000000001,-0.3190971999999999,-0.5644858057662699,34
22243,2024-04-27 11:30:00,2023,West Ham,2,0.794025,home,-1.205975,-0.15920899999999993,-0.04637515285038714,35
22249,2024-05-05 13:00:00,2023,West Ham,0,0.893899,away,0.893899,-0.07446319999999992,0.2282398704588929,36
22263,2024-05-11 14:00:00,2023,West Ham,3,3.71009,home,0.7100900000000001,0.2392888000000001,1.2449393740724435,37
22273,2024-05-19 15:00:00,2023,West Ham,1,0.240159,away,-0.759841,-0.2032933999999999,-0.1892287046910166,38
26608,2024-08-17 16:30:00,2024,West Ham,1,2.8047,home,1.8047,0.2885746000000001,0.5599614945879313,1
26613,2024-08-24 14:00:00,2024,West Ham,2,1.53421,away,-0.4657899999999999,0.43661160000000016,1.2133973713859247,2
26628,2024-08-31 16:30:00,2024,West Ham,1,0.947201,home,-0.05279900000000004,0.2472720000000001,0.3776516622822455,3
26634,2024-09-14 14:00:00,2024,West Ham,1,0.682719,away,-0.31728100000000004,0.041797800000000086,-0.5293122321250058,4
26642,2024-09-21 11:30:00,2024,West Ham,0,0.758267,home,0.758267,0.3454194000000001,0.8108746563610459,5
26656,2024-09-28 14:00:00,2024,West Ham,1,0.878617,away,-0.12138300000000002,-0.03979719999999991,-0.8894728701231567,6
26665,2024-10-05 14:00:00,2024,West Ham,4,4.39402,home,0.39402000000000026,0.13216480000000014,-0.13043195301502447,7
26672,2024-10-19 11:30:00,2024,West Ham,1,0.858803,away,-0.14119700000000002,0.11448520000000013,-0.20846977415053658,8
26690,2024-10-27 14:00:00,2024,West Ham,2,2.99312,home,0.9931199999999998,0.3765654000000001,0.9483532179284264,9
26698,2024-11-02 15:00:00,2024,West Ham,0,0.132317,away,0.132317,0.2513754000000001,0.39576408537142505,10
26710,2024-11-09 15:00:00,2024,West Ham,0,1.1237,home,1.1237,0.5003920000000001,1.4949242977389763,11
26713,2024-11-25 20:00:00,2024,West Ham,2,0.942824,away,-1.0571760000000001,0.2101528,0.21380737336771644,12
26730,2024-11-30 17:30:00,2024,West Ham,2,1.23539,home,-0.76461,0.08547020000000001,-0.33654209367399257,13
26738,2024-12-03 20:15:00,2024,West Ham,1,2.87716,away,1.87716,0.2622782,0.44388908572642494,14
26746,2024-12-09 20:00:00,2024,West Ham,2,1.19808,home,-0.80192,0.07543080000000005,-0.3808560431699007,15
26754,2024-12-16 20:00:00,2024,West Ham,1,1.81827,away,0.81827,0.014344800000000069,-0.6504898777523511,16
26767,2024-12-21 15:00:00,2024,West Ham,1,1.22937,home,0.22937000000000007,0.2716540000000001,0.48527390231743056,17
26780,2024-12-26 15:00:00,2024,West Ham,1,1.90111,away,0.9011100000000001,0.6047980000000001,1.9557727758422294,18
26791,2024-12-29 17:15:00,2024,West Ham,0,0.518279,home,0.518279,0.33302180000000015,0.7561516031635968,19
26798,2025-01-04 15:00:00,2024,West Ham,1,1.53286,away,0.5328599999999999,0.5999778000000001,1.934496394847332,20
26808,2025-01-14 19:30:00,2024,West Ham,3,0.937322,home,-2.062678,0.023788200000000082,-0.6088066745061749,21
26821,2025-01-18 15:00:00,2024,West Ham,0,0.221062,home,0.221062,0.02212660000000007,-0.6161409831782471,22
26823,2025-01-26 16:30:00,2024,West Ham,1,1.67886,away,0.67886,-0.022323399999999948,-0.8123434509644817,23
26835,2025-02-03 20:00:00,2024,West Ham,1,1.1868,away,0.18680000000000008,-0.08861919999999994,-1.1049733624124605,24
26851,2025-02-15 15:00:00,2024,West Ham,0,0.673466,home,0.673466,-0.06049799999999992,-0.9808462794628481,25
26853,2025-02-22 15:00:00,2024,West Ham,1,1.02684,away,0.026839999999999975,0.35740560000000005,0.8637817884055758,26
26866,2025-02-27 20:00:00,2024,West Ham,2,1.70437,home,-0.29563000000000006,0.25406720000000005,0.407645700732212,27
26880,2025-03-10 20:00:00,2024,West Ham,0,0.823986,home,0.823986,0.2830924,0.5357630430941694,28
26885,2025-03-15 15:00:00,2024,West Ham,1,0.516029,away,-0.48397100000000004,0.14893820000000002,-0.05639410210016274,29
26895,2025-04-01 19:45:00,2024,West Ham,0,1.73057,away,1.73057,0.360359,0.8768181071538289,30
26911,2025-04-05 14:00:00,2024,West Ham,2,0.907832,home,-1.092168,0.1365574,-0.11104300003419688,31
26916,2025-04-13 13:00:00,2024,West Ham,1,1.46598,away,0.46598000000000006,0.2888794,0.561306882938465,32
26931,2025-04-19 14:00:00,2024,West Ham,1,0.98423,home,-0.01576999999999995,0.12092820000000004,-0.18003034783002608,33
26934,2025-04-26 14:00:00,2024,West Ham,2,1.24134,away,-0.7586599999999999,0.06599040000000009,-0.42252600440475246,34
26943,2025-05-04 13:00:00,2024,West Ham,1,1.15166,home,0.1516599999999999,-0.24979159999999995,-1.8163889443928902,35
26956,2025-05-11 13:15:00,2024,West Ham,2,2.15985,away,0.15985000000000005,0.0006120000000000569,-0.7111065087898045,36
26971,2025-05-18 13:15:00,2024,West Ham,1,0.850457,home,-0.14954299999999998,-0.12249259999999995,-1.254490677875008,37
26980,2025-05-25 15:00:00,2024,West Ham,3,0.967379,away,-2.032621,-0.5258627999999999,-3.0349682632839388,38
9203,2018-08-11 19:30:00,2018,Wolverhampton Wanderers,2,0.891038,home,-1.108962,,,1
9210,2018-08-18 17:00:00,2018,Wolverhampton Wanderers,0,1.09349,away,1.09349,,,2
9217,2018-08-25 14:30:00,2018,Wolverhampton Wanderers,1,1.26376,home,0.26376,0.08276266666666669,-0.15461348825091095,3
9228,2018-09-01 14:00:00,2018,Wolverhampton Wanderers,1,1.22301,away,0.22300999999999993,0.1178245,-0.06684283592205739,4
9244,2018-09-16 12:30:00,2018,Wolverhampton Wanderers,1,3.3916,home,2.3916,0.5725796,1.0715503392838328,5
9248,2018-09-22 14:00:00,2018,Wolverhampton Wanderers,1,1.1185,away,0.11850000000000005,0.8180720000000001,1.6860940194424825,6
9258,2018-09-29 14:00:00,2018,Wolverhampton Wanderers,2,1.42507,home,-0.5749299999999999,0.48438800000000004,0.8507793890504266,7
9271,2018-10-06 14:00:00,2018,Wolverhampton Wanderers,1,0.755654,away,-0.24434599999999995,0.3827668,0.5963899813533323,8
9278,2018-10-20 14:00:00,2018,Wolverhampton Wanderers,0,0.47391,home,0.47391,0.4329468,0.7220060976581997,9
9290,2018-10-27 14:00:00,2018,Wolverhampton Wanderers,0,1.38027,away,1.38027,0.23068080000000007,0.2156715145469942,10
9304,2018-11-03 19:45:00,2018,Wolverhampton Wanderers,2,2.40643,home,0.40642999999999985,0.28826680000000005,0.3598271477381478,11
9316,2018-11-11 16:30:00,2018,Wolverhampton Wanderers,1,1.86549,away,0.8654900000000001,0.5763507999999999,1.0809908234968444,12
9325,2018-11-25 16:00:00,2018,Wolverhampton Wanderers,0,0.701036,home,0.701036,0.7654272000000001,1.5543077436424328,13
9335,2018-11-30 20:00:00,2018,Wolverhampton Wanderers,1,0.987623,away,-0.012376999999999971,0.6681698,1.3108422819065022,14
9339,2018-12-05 19:45:00,2018,Wolverhampton Wanderers,2,0.682893,home,-1.317107,0.12869440000000001,-0.03963210211133042,15
9348,2018-12-09 16:00:00,2018,Wolverhampton Wanderers,2,1.57799,away,-0.42201,-0.03699359999999996,-0.45440059709580344,16
9357,2018-12-15 15:00:00,2018,Wolverhampton Wanderers,2,2.02223,home,0.022229999999999972,-0.20564559999999998,-0.876588904131445,17
9367,2018-12-21 20:00:00,2018,Wolverhampton Wanderers,0,0.763821,home,0.763821,-0.1930886,-0.8451548353303246,18
9383,2018-12-26 12:30:00,2018,Wolverhampton Wanderers,1,1.35896,away,0.35895999999999995,-0.1188212,-0.6592404798887124,19
9388,2018-12-29 15:00:00,2018,Wolverhampton Wanderers,3,1.20867,away,-1.79133,-0.21366580000000002,-0.8966659542707096,20
9397,2019-01-02 19:45:00,2018,Wolverhampton Wanderers,0,0.656255,home,0.656255,0.001987199999999989,-0.3568195547192238,21
9409,2019-01-14 20:00:00,2018,Wolverhampton Wanderers,0,0.0985446,away,0.0985446,0.017250119999999994,-0.3186117282171934,22
9417,2019-01-19 12:30:00,2018,Wolverhampton Wanderers,4,2.21719,home,-1.78281,-0.49207608,-1.5936133060632702,23
9427,2019-01-29 19:45:00,2018,Wolverhampton Wanderers,3,2.0363,home,-0.9636999999999998,-0.7566080799999999,-2.255819015078,24
9441,2019-02-02 15:00:00,2018,Wolverhampton Wanderers,3,1.85729,away,-1.14271,-0.62688408,-1.9310795756293628,25
9450,2019-02-11 20:00:00,2018,Wolverhampton Wanderers,1,2.30998,home,1.30998,-0.49613907999999984,-1.603784256253518,26
9465,2019-02-23 15:00:00,2018,Wolverhampton Wanderers,1,1.20286,away,0.20286000000000004,-0.4752759999999999,-1.5515574909335155,27
9468,2019-02-26 19:45:00,2018,Wolverhampton Wanderers,0,0.573166,away,0.573166,-0.004080799999999951,-0.372009642278768,28
9477,2019-03-02 15:00:00,2018,Wolverhampton Wanderers,2,3.2075,home,1.2075,0.4301592,0.715027869563113,29
9494,2019-03-10 14:05:00,2018,Wolverhampton Wanderers,1,0.609079,away,-0.39092099999999996,0.580517,1.0914201153212633,30
9515,2019-03-30 15:00:00,2018,Wolverhampton Wanderers,0,0.397928,away,0.397928,0.39810660000000003,0.6347902623595779,31
9517,2019-04-02 19:45:00,2018,Wolverhampton Wanderers,2,1.65044,home,-0.3495600000000001,0.2876226,0.35821451517291064,32
9529,2019-04-13 15:00:00,2018,Wolverhampton Wanderers,1,0.642825,away,-0.357175,0.10155440000000002,-0.10757194660144798,33
9537,2019-04-20 15:00:00,2018,Wolverhampton Wanderers,0,2.60447,home,2.60447,0.3809484,0.5918379617062863,34
9497,2019-04-24 19:45:00,2018,Wolverhampton Wanderers,3,0.982018,home,-2.017982,0.055536200000000056,-0.2227697856476943,35
9547,2019-04-27 15:00:00,2018,Wolverhampton Wanderers,2,2.44357,away,0.4435699999999998,0.06466459999999999,-0.19991856691359025,36
9557,2019-05-04 14:00:00,2018,Wolverhampton Wanderers,1,2.09397,home,1.09397,0.35337060000000003,0.5228021679192721,37
9571,2019-05-12 14:00:00,2018,Wolverhampton Wanderers,0,0.883861,away,0.883861,0.6015778,1.1441418351752601,38
11651,2019-08-11 14:00:00,2019,Wolverhampton Wanderers,0,0.812949,away,0.812949,0.24327360000000003,0.43486505947545395,1
11662,2019-08-19 20:00:00,2019,Wolverhampton Wanderers,1,0.307356,home,-0.692644,0.5083412,1.3484235946415937,2
11668,2019-08-25 16:30:00,2019,Wolverhampton Wanderers,1,1.32793,home,0.32793000000000005,0.4852132,1.2687126763651897,3
11681,2019-09-01 14:00:00,2019,Wolverhampton Wanderers,2,2.00172,away,0.0017200000000001658,0.26676320000000003,0.515822236315017,4
11688,2019-09-14 14:00:00,2019,Wolverhampton Wanderers,2,1.49359,home,-0.50641,-0.011290999999999963,-0.44249476526794823,5
11697,2019-09-22 13:00:00,2019,Wolverhampton Wanderers,1,1.75572,away,0.75572,-0.02273679999999998,-0.4819428467452944,6
11705,2019-09-28 14:00:00,2019,Wolverhampton Wanderers,2,1.16363,home,-0.8363700000000001,-0.051481999999999986,-0.5810135094934301,7
11716,2019-10-06 14:00:00,2019,Wolverhampton Wanderers,2,1.18825,away,-0.81175,-0.279418,-1.366597557757455,8
11732,2019-10-19 15:00:00,2019,Wolverhampton Wanderers,1,0.887495,home,-0.11250499999999997,-0.30226300000000006,-1.445333113275634,9
11738,2019-10-27 14:00:00,2019,Wolverhampton Wanderers,1,1.93255,away,0.93255,-0.014471000000000012,-0.4534546718798026,10
11743,2019-11-02 15:00:00,2019,Wolverhampton Wanderers,1,1.5103,away,0.5103,-0.063555,-0.6226232429918314,11
11760,2019-11-10 14:00:00,2019,Wolverhampton Wanderers,2,2.09891,home,0.09891000000000005,0.12350100000000001,0.022067414614143178,12
11765,2019-11-23 15:00:00,2019,Wolverhampton Wanderers,2,1.2765,away,-0.7235,0.14115099999999997,0.082898342821447,13
11780,2019-12-01 14:00:00,2019,Wolverhampton Wanderers,1,1.27422,home,0.2742199999999999,0.21849599999999997,0.34946877580693847,14
11787,2019-12-04 19:30:00,2019,Wolverhampton Wanderers,2,1.82237,home,-0.17762999999999995,-0.0035400000000000097,-0.4157808545294321,15
11795,2019-12-08 16:30:00,2019,Wolverhampton Wanderers,2,1.87208,away,-0.12792000000000003,-0.13118400000000002,-0.8557073701154438,16
11812,2019-12-15 14:00:00,2019,Wolverhampton Wanderers,1,0.718669,home,-0.281331,-0.20723220000000003,-1.1178083669706673,17
11819,2019-12-21 15:00:00,2019,Wolverhampton Wanderers,2,1.65224,away,-0.34776000000000007,-0.13208420000000004,-0.8588099197795921,18
11832,2019-12-27 19:45:00,2019,Wolverhampton Wanderers,3,2.39405,home,-0.60595,-0.3081182,-1.465513127487498,19
11836,2019-12-29 16:30:00,2019,Wolverhampton Wanderers,0,0.363764,away,0.363764,-0.19983940000000003,-1.0923289966561653,20
11852,2020-01-01 15:00:00,2019,Wolverhampton Wanderers,1,1.23252,away,0.23252000000000006,-0.12775140000000001,-0.843876874695365,21
11853,2020-01-11 15:00:00,2019,Wolverhampton Wanderers,1,2.04805,home,1.04805,0.1381248,0.07246850968031714,22
11870,2020-01-18 15:00:00,2019,Wolverhampton Wanderers,3,2.1772,away,-0.8228,0.0431168,-0.2549776561621494,23
11874,2020-01-23 20:00:00,2019,Wolverhampton Wanderers,1,1.85442,home,0.85442,0.3351908,0.7516587475330402,24
11888,2020-02-01 17:30:00,2019,Wolverhampton Wanderers,0,1.54211,away,1.54211,0.57086,1.563895358630647,25
11902,2020-02-14 20:00:00,2019,Wolverhampton Wanderers,0,1.14491,home,1.14491,0.7533380000000001,2.1928078865293674,26
11912,2020-02-23 14:00:00,2019,Wolverhampton Wanderers,3,3.25033,home,0.25032999999999994,0.593794,1.6429376536734974,27
11920,2020-03-01 14:00:00,2019,Wolverhampton Wanderers,3,2.62251,away,-0.3774899999999999,0.682856,1.9498908620587045,28
11931,2020-03-07 15:00:00,2019,Wolverhampton Wanderers,0,0.898221,home,0.898221,0.6916162000000001,1.980082992216304,29
11934,2020-06-20 16:30:00,2019,Wolverhampton Wanderers,2,1.06433,away,-0.93567,0.19606020000000005,0.2721435327999455,30
11947,2020-06-24 17:00:00,2019,Wolverhampton Wanderers,1,0.715002,home,-0.284998,-0.08992139999999997,-0.7134953441524577,31
11954,2020-06-27 11:30:00,2019,Wolverhampton Wanderers,1,0.703549,away,-0.296451,-0.19927759999999997,-1.090392746488071,32
11972,2020-07-04 16:30:00,2019,Wolverhampton Wanderers,0,0.985166,home,0.985166,0.0732536,-0.15111082799229794,33
11980,2020-07-08 17:00:00,2019,Wolverhampton Wanderers,0,0.326909,away,0.326909,-0.0410088,-0.544917505113785,34
11992,2020-07-12 11:00:00,2019,Wolverhampton Wanderers,3,2.86724,home,-0.1327600000000002,0.11957319999999996,0.008530206692746489,35
11994,2020-07-15 17:00:00,2019,Wolverhampton Wanderers,1,1.2857,away,0.28570000000000007,0.2337128,0.40191365220041747,36
12012,2020-07-20 19:15:00,2019,Wolverhampton Wanderers,2,1.48696,home,-0.5130399999999999,0.19039499999999998,0.25261835577558167,37
12021,2020-07-26 15:00:00,2019,Wolverhampton Wanderers,0,0.164561,away,0.164561,0.026273999999999985,-0.31302656027602926,38
14094,2020-09-14 17:00:00,2020,Wolverhampton Wanderers,2,1.61307,away,-0.38693,-0.11649380000000002,-0.7372302863595854,1
14105,2020-09-21 19:15:00,2020,Wolverhampton Wanderers,1,0.727677,home,-0.272323,-0.14440639999999996,-0.8526284418444222,2
14113,2020-09-27 18:00:00,2020,Wolverhampton Wanderers,0,0.385152,away,0.385152,-0.12451599999999999,-0.7703962072315378,3
14474,2020-10-04 13:00:00,2020,Wolverhampton Wanderers,1,0.89359,home,-0.10641,-0.04318999999999999,-0.43417276717364806,4
14478,2020-10-19 19:00:00,2020,Wolverhampton Wanderers,1,0.618191,away,-0.38180899999999995,-0.152464,-0.8859407157864635,5
14494,2020-10-25 16:30:00,2020,Wolverhampton Wanderers,1,0.758626,home,-0.24137399999999998,-0.12335279999999997,-0.7655872272561873,6
14504,2020-10-30 20:00:00,2020,Wolverhampton Wanderers,2,1.34895,home,-0.6510499999999999,-0.19909819999999995,-1.0787389740107414,7
14510,2020-11-08 14:00:00,2020,Wolverhampton Wanderers,0,0.57936,away,0.57936,-0.16025659999999997,-0.9181574088365964,8
14524,2020-11-23 20:00:00,2020,Wolverhampton Wanderers,1,1.57479,home,0.5747899999999999,-0.02401659999999999,-0.354904802370191,9
14525,2020-11-29 19:15:00,2020,Wolverhampton Wanderers,2,2.0069,away,0.006899999999999906,0.053725199999999994,-0.03349940394542597,10
14539,2020-12-06 19:15:00,2020,Wolverhampton Wanderers,0,0.357753,away,0.357753,0.1735506,0.4618908549424163,11
14552,2020-12-12 12:30:00,2020,Wolverhampton Wanderers,0,1.1356,home,1.1356,0.5308805999999999,1.9391886666617397,12
14562,2020-12-15 18:00:00,2020,Wolverhampton Wanderers,2,0.683783,home,-1.316217,0.1517652,0.3718241833855076,13
14566,2020-12-21 17:30:00,2020,Wolverhampton Wanderers,1,1.45722,away,0.45721999999999996,0.12825119999999998,0.27461101699934304,14
14584,2020-12-27 19:15:00,2020,Wolverhampton Wanderers,1,0.742598,home,-0.257402,0.07539080000000001,0.05607198236298979,15
14592,2020-12-29 20:00:00,2020,Wolverhampton Wanderers,0,0.411046,away,0.411046,0.08604940000000001,0.10013748611579977,16
14601,2021-01-02 17:30:00,2020,Wolverhampton Wanderers,3,1.81856,away,-1.18144,-0.3773586,-1.8157151552331727,17
14612,2021-01-12 20:15:00,2020,Wolverhampton Wanderers,1,0.852495,home,-0.147505,-0.1436162,-0.849361543652777,18
14624,2021-01-16 12:30:00,2020,Wolverhampton Wanderers,2,1.94358,home,-0.056419999999999915,-0.24634419999999996,-1.274066577101697,19
14630,2021-01-27 18:00:00,2020,Wolverhampton Wanderers,0,0.63192,away,0.63192,-0.06847979999999995,-0.5387275658158536,20
14638,2021-01-30 15:00:00,2020,Wolverhampton Wanderers,0,0.450907,away,0.450907,-0.06050759999999996,-0.5057683583197329,21
14650,2021-02-02 18:00:00,2020,Wolverhampton Wanderers,2,1.56162,home,-0.43838,0.08810440000000005,0.10863340586248567,22
14664,2021-02-07 14:00:00,2020,Wolverhampton Wanderers,0,1.35506,home,1.35506,0.38861740000000006,1.3510345400891366,23
14672,2021-02-14 12:00:00,2020,Wolverhampton Wanderers,2,1.09361,away,-0.90639,0.21862340000000002,0.6482338678662201,24
14684,2021-02-19 20:00:00,2020,Wolverhampton Wanderers,1,0.592049,home,-0.40795099999999995,0.010649200000000025,-0.21158711149201187,25
14688,2021-02-27 20:00:00,2020,Wolverhampton Wanderers,1,1.27827,away,0.27827,-0.02387819999999997,-0.35433261974588864,26
14720,2021-03-02 20:00:00,2020,Wolverhampton Wanderers,1,0.318824,away,-0.681176,-0.07243739999999997,-0.5550893429396898,27
14695,2021-03-06 17:30:00,2020,Wolverhampton Wanderers,0,2.15087,away,2.15087,0.08672460000000001,0.10292894354303199,28
14714,2021-03-15 20:00:00,2020,Wolverhampton Wanderers,0,1.29175,home,1.29175,0.5263526000000001,1.9204687033464154,29
14734,2021-04-05 19:15:00,2020,Wolverhampton Wanderers,2,1.95649,home,-0.04350999999999994,0.5992407999999999,2.2218080209524382,30
14738,2021-04-09 19:00:00,2020,Wolverhampton Wanderers,1,0.428134,away,-0.571866,0.4292135999999999,1.5188700910479696,31
14754,2021-04-17 19:15:00,2020,Wolverhampton Wanderers,1,1.22604,home,0.22604000000000002,0.6106568,2.269004818922348,32
14764,2021-04-25 11:00:00,2020,Wolverhampton Wanderers,0,0.351673,home,0.351673,0.2508174,0.7813324762967797,33
14774,2021-05-03 17:00:00,2020,Wolverhampton Wanderers,1,0.844138,away,-0.15586199999999995,-0.03870499999999992,-0.415630577361538,34
14784,2021-05-09 11:00:00,2020,Wolverhampton Wanderers,2,1.1199,home,-0.8801000000000001,-0.20602299999999998,-1.1073679497099385,35
14793,2021-05-16 13:05:00,2020,Wolverhampton Wanderers,0,1.09206,away,1.09206,0.12676220000000002,0.26845509266707307,36
14799,2021-05-19 17:00:00,2020,Wolverhampton Wanderers,0,0.265526,away,0.265526,0.1346594,0.3011042300994461,37
14814,2021-05-23 15:00:00,2020,Wolverhampton Wanderers,1,0.701256,home,-0.298744,0.004576000000000013,-0.236695344974042,38
16381,2021-08-14 14:00:00,2021,Wolverhampton Wanderers,0,1.32714,away,1.32714,0.3011764,0.5474996033653584,1
16393,2021-08-22 13:00:00,2021,Wolverhampton Wanderers,0,1.51127,home,1.51127,0.7794504,1.5410383269624246,2
16405,2021-08-29 15:30:00,2021,Wolverhampton Wanderers,0,1.79575,home,1.79575,0.9201884,1.833399301804469,3
16412,2021-09-11 14:00:00,2021,Wolverhampton Wanderers,2,2.55922,away,0.5592199999999998,0.9789271999999999,1.955419884938035,4
16417,2021-09-18 11:30:00,2021,Wolverhampton Wanderers,0,1.02316,home,1.02316,1.243308,2.504629255666052,5
16433,2021-09-26 13:00:00,2021,Wolverhampton Wanderers,1,0.909833,away,-0.090167,0.9598466,1.9157829509431576,6
16445,2021-10-02 14:00:00,2021,Wolverhampton Wanderers,2,1.15849,home,-0.84151,0.4892906,0.938277153803984,7
16447,2021-10-16 14:00:00,2021,Wolverhampton Wanderers,3,2.19633,away,-0.8036699999999999,-0.030593399999999993,-0.14169977527544972,8
16462,2021-10-23 14:00:00,2021,Wolverhampton Wanderers,1,0.858644,away,-0.14135600000000004,-0.17070859999999996,-0.43276698144711623,9
16475,2021-11-01 20:00:00,2021,Wolverhampton Wanderers,2,1.69344,home,-0.30655999999999994,-0.43665260000000006,-0.9852236533722015,10
16480,2021-11-06 15:00:00,2021,Wolverhampton Wanderers,0,0.25416,away,0.25416,-0.3677872,-0.8421666575580836,11
16495,2021-11-20 15:00:00,2021,Wolverhampton Wanderers,1,1.31903,home,0.3190299999999999,-0.13567919999999994,-0.3599989334989294,12
16505,2021-11-27 15:00:00,2021,Wolverhampton Wanderers,0,0.297157,away,0.297157,0.08448620000000001,0.09735992459546303,13
16511,2021-12-01 19:30:00,2021,Wolverhampton Wanderers,0,0.711691,home,0.711691,0.25509560000000003,0.45177401674695217,14
16525,2021-12-04 15:00:00,2021,Wolverhampton Wanderers,0,0.095167,home,0.095167,0.335441,0.6186789000625739,15
16534,2021-12-11 12:30:00,2021,Wolverhampton Wanderers,0,0.0762839,away,0.0762839,0.29986578,0.544776997240165,16
16538,2021-12-15 19:30:00,2021,Wolverhampton Wanderers,1,1.11736,away,0.11735999999999991,0.25953178,0.46098948029890524,17
16555,2021-12-19 14:00:00,2021,Wolverhampton Wanderers,0,0.321371,home,0.321371,0.26437458,0.47104963270241434,18
16583,2022-01-03 17:30:00,2021,Wolverhampton Wanderers,1,0.840925,away,-0.15907499999999997,0.09022138000000002,0.1092738555572118,19
16595,2022-01-15 15:00:00,2021,Wolverhampton Wanderers,3,2.29917,home,-0.7008299999999998,-0.06897801999999995,-0.2214377630409531,20
16597,2022-01-22 15:00:00,2021,Wolverhampton Wanderers,2,0.218211,away,-1.781789,-0.4405926,-0.9934083813126131,21
16611,2022-02-10 19:45:00,2021,Wolverhampton Wanderers,0,0.641359,home,0.641359,-0.3357927999999999,-0.7757033429345538,22
16624,2022-02-13 14:00:00,2021,Wolverhampton Wanderers,2,1.87026,away,-0.12973999999999997,-0.4260149999999999,-0.9631257188699366,23
16635,2022-02-20 16:30:00,2021,Wolverhampton Wanderers,2,0.472777,home,-1.527223,-0.6996445999999998,-1.531548011368328,24
16566,2022-02-24 19:45:00,2021,Wolverhampton Wanderers,1,1.10934,away,0.10933999999999999,-0.5376106,-1.1949479588057241,25
16645,2022-02-27 14:00:00,2021,Wolverhampton Wanderers,0,0.892018,away,0.892018,-0.002849199999999952,-0.08406558011698041,26
16655,2022-03-05 15:00:00,2021,Wolverhampton Wanderers,0,0.710865,home,0.710865,0.01105200000000004,-0.05518803188214529,27
16565,2022-03-10 19:30:00,2021,Wolverhampton Wanderers,4,1.55037,home,-2.44963,-0.452926,-1.0190290725766418,28
16661,2022-03-13 14:00:00,2021,Wolverhampton Wanderers,1,0.712135,away,-0.28786500000000004,-0.2050544,-0.5041149583242205,29
16675,2022-03-18 20:00:00,2021,Wolverhampton Wanderers,2,1.24075,home,-0.75925,-0.3787724,-0.8649866761801674,30
16676,2022-04-02 14:00:00,2021,Wolverhampton Wanderers,2,1.62151,home,-0.37849,-0.6328739999999999,-1.3928426318205998,31
16689,2022-04-08 19:00:00,2021,Wolverhampton Wanderers,0,0.306867,away,0.306867,-0.7136735999999999,-1.5606910439256974,32
16712,2022-04-24 13:00:00,2021,Wolverhampton Wanderers,0,0.592902,away,0.592902,-0.10516719999999995,-0.29661507082942684,33
16716,2022-04-30 14:00:00,2021,Wolverhampton Wanderers,0,0.525912,home,0.525912,0.05758820000000007,0.041483576336277236,34
16731,2022-05-07 14:00:00,2021,Wolverhampton Wanderers,2,1.6842,away,-0.3158000000000001,0.14627820000000002,0.22572304868021348,35
16696,2022-05-11 19:15:00,2021,Wolverhampton Wanderers,1,0.411857,home,-0.5881430000000001,0.10434760000000001,0.13861884731518181,36
16736,2022-05-15 13:00:00,2021,Wolverhampton Wanderers,1,0.999066,home,-0.0009339999999999904,0.04278740000000003,0.0107372511331186,37
16753,2022-05-22 15:00:00,2021,Wolverhampton Wanderers,1,1.11708,away,0.11708000000000007,-0.052376999999999965,-0.18695176501218858,38
18205,2022-08-06 14:00:00,2022,Wolverhampton Wanderers,1,1.10119,away,0.10118999999999989,-0.13732139999999998,-0.6710654792239307,1
18216,2022-08-13 14:00:00,2022,Wolverhampton Wanderers,0,0.975375,home,0.975375,0.12091360000000002,0.09580904606376843,2
18222,2022-08-20 11:30:00,2022,Wolverhampton Wanderers,0,0.686123,away,0.686123,0.3757668,0.8526407178667812,3
18240,2022-08-28 13:00:00,2022,Wolverhampton Wanderers,1,1.13248,home,0.13247999999999993,0.4024496000000001,0.9318800137923787,4
18248,2022-08-31 18:30:00,2022,Wolverhampton Wanderers,0,1.53246,away,1.53246,0.6855256000000001,1.7725242840126847,5
18256,2022-09-03 14:00:00,2022,Wolverhampton Wanderers,1,1.10039,home,0.10038999999999998,0.6853656000000001,1.7720491357018595,6
18274,2022-09-17 11:30:00,2022,Wolverhampton Wanderers,0,0.310995,home,0.310995,0.5524896,1.3774503422690234,7
18291,2022-10-01 16:30:00,2022,Wolverhampton Wanderers,0,0.575988,away,0.575988,0.5304626,1.3120372682530606,8
18295,2022-10-08 14:00:00,2022,Wolverhampton Wanderers,0,0.748449,away,0.748449,0.6536564,1.6778830555916777,9
18311,2022-10-15 14:00:00,2022,Wolverhampton Wanderers,1,1.22368,home,0.2236800000000001,0.3919004000000001,0.9005522977888742,10
18318,2022-10-18 19:15:00,2022,Wolverhampton Wanderers,1,0.857837,away,-0.14216300000000004,0.3433898000000001,0.7564914874942918,11
18331,2022-10-23 13:00:00,2022,Wolverhampton Wanderers,0,1.61785,home,1.61785,0.6047608,1.5326789196741712,12
18334,2022-10-29 14:00:00,2022,Wolverhampton Wanderers,1,0.557605,away,-0.442395,0.4010842000000001,0.9278252168948714,13
18351,2022-11-05 15:00:00,2022,Wolverhampton Wanderers,2,1.29252,home,-0.7074800000000001,0.1098984,0.06309746060498443,14
18361,2022-11-12 19:45:00,2022,Wolverhampton Wanderers,0,0.512339,home,0.512339,0.1676302,0.23454225592321937,15
18367,2022-12-26 15:00:00,2022,Wolverhampton Wanderers,2,1.22076,away,-0.7792399999999999,0.040214800000000016,-0.14384031959652926,16
18381,2022-12-31 12:30:00,2022,Wolverhampton Wanderers,0,0.587672,home,0.587672,-0.16582080000000002,-0.7556994902835634,17
18383,2023-01-04 20:00:00,2022,Wolverhampton Wanderers,1,0.832522,away,-0.16747800000000002,-0.11083739999999997,-0.5924165550745341,18
18401,2023-01-14 15:00:00,2022,Wolverhampton Wanderers,1,0.806232,home,-0.19376800000000005,-0.008094999999999963,-0.2873048187610254,19
18409,2023-01-22 14:00:00,2022,Wolverhampton Wanderers,0,0.469277,away,0.469277,-0.016707399999999963,-0.3128808644619869,20
18421,2023-02-04 15:00:00,2022,Wolverhampton Wanderers,3,2.63328,home,-0.36671999999999993,0.06579660000000005,-0.06787063798480007,21
18430,2023-02-11 15:00:00,2022,Wolverhampton Wanderers,2,0.615651,away,-1.384349,-0.32860759999999994,-1.2391236968129014,22
18441,2023-02-18 15:00:00,2022,Wolverhampton Wanderers,0,0.911415,home,0.911415,-0.11282899999999996,-0.5983309636735349,23
18445,2023-02-24 20:00:00,2022,Wolverhampton Wanderers,1,0.997097,away,-0.002902999999999989,-0.07465599999999994,-0.4849694857413903,24
18264,2023-03-01 20:00:00,2022,Wolverhampton Wanderers,0,0.78681,away,0.78681,-0.011149399999999953,-0.2963754000146848,25
18461,2023-03-04 15:00:00,2022,Wolverhampton Wanderers,1,0.562477,home,-0.437523,-0.025309999999999954,-0.33842780732891026,26
18469,2023-03-12 16:30:00,2022,Wolverhampton Wanderers,1,0.709895,away,-0.29010499999999995,0.19353880000000007,0.3114824279598098,27
18481,2023-03-18 15:00:00,2022,Wolverhampton Wanderers,2,2.76358,home,0.7635800000000001,0.1639718000000001,0.22367798979619383,28
18490,2023-04-01 14:00:00,2022,Wolverhampton Wanderers,1,0.383739,away,-0.616261,0.04130020000000012,-0.14061703224296623,29
18501,2023-04-08 14:00:00,2022,Wolverhampton Wanderers,1,0.601153,home,-0.39884699999999995,-0.19583119999999987,-0.8448206832035544,30
18511,2023-04-15 14:00:00,2022,Wolverhampton Wanderers,2,0.93912,home,-1.06088,-0.32050259999999986,-1.2150544651926452,31
18518,2023-04-22 14:00:00,2022,Wolverhampton Wanderers,1,0.59626,away,-0.40374,-0.3432295999999999,-1.2825463130684698,32
18527,2023-04-25 18:30:00,2022,Wolverhampton Wanderers,2,1.12829,home,-0.87171,-0.6702876,-2.2538029145808296,33
18535,2023-04-29 14:00:00,2022,Wolverhampton Wanderers,0,0.603985,away,0.603985,-0.4262383999999999,-1.529055632466311,34
18551,2023-05-06 14:00:00,2022,Wolverhampton Wanderers,1,0.80605,home,-0.19394999999999996,-0.3852589999999999,-1.4073600531622867,35
18560,2023-05-13 14:00:00,2022,Wolverhampton Wanderers,0,0.268789,away,0.268789,-0.11932519999999988,-0.6176225790284398,36
18571,2023-05-20 14:00:00,2022,Wolverhampton Wanderers,1,1.28976,home,0.28976,0.0193748000000001,-0.20572838708155486,37
18572,2023-05-28 15:30:00,2022,Wolverhampton Wanderers,0,0.38772,away,0.38772,0.27126080000000014,0.5422916592971986,38
22284,2023-08-14 19:00:00,2023,Wolverhampton Wanderers,0,1.72228,away,1.72228,0.4949198000000001,1.265010189746048,1
22286,2023-08-19 14:00:00,2023,Wolverhampton Wanderers,1,2.68821,home,1.6882100000000002,0.8713518000000002,2.2738095839125747,2
22299,2023-08-26 14:00:00,2023,Wolverhampton Wanderers,1,1.40228,away,0.40227999999999997,0.8980500000000002,2.3453580388402555,3
21932,2023-09-03 13:00:00,2023,Wolverhampton Wanderers,2,1.13911,away,-0.8608899999999999,0.6679200000000002,1.7286330936189598,4
21935,2023-09-16 11:30:00,2023,Wolverhampton Wanderers,1,0.538833,home,-0.461167,0.49814260000000016,1.2736469652792648,5
21945,2023-09-23 14:00:00,2023,Wolverhampton Wanderers,1,0.762984,away,-0.237016,0.10628340000000018,0.2235042474482101,6
21961,2023-09-30 14:00:00,2023,Wolverhampton Wanderers,2,0.673985,home,-1.326015,-0.4965615999999999,-1.3920589107751067,7
21974,2023-10-08 13:00:00,2023,Wolverhampton Wanderers,1,1.76232,home,0.7623200000000001,-0.42455359999999986,-1.1990848098082834,8
21975,2023-10-21 14:00:00,2023,Wolverhampton Wanderers,2,2.30454,away,0.3045399999999998,-0.19146759999999988,-0.5744380858615973,9
21994,2023-10-28 16:30:00,2023,Wolverhampton Wanderers,2,0.863393,home,-1.1366070000000001,-0.32655559999999995,-0.9364601577342536,10
22003,2023-11-04 15:00:00,2023,Wolverhampton Wanderers,1,1.14803,away,0.1480300000000001,-0.2495463999999999,-0.7300833504881935,11
22014,2023-11-11 12:30:00,2023,Wolverhampton Wanderers,2,1.90884,home,-0.09115999999999991,-0.0025753999999998723,-0.06822624169642984,12
22018,2023-11-27 20:00:00,2023,Wolverhampton Wanderers,2,1.57875,away,-0.4212499999999999,-0.23928939999999987,-0.7025956358784735,13
22026,2023-12-02 15:00:00,2023,Wolverhampton Wanderers,1,1.07886,away,0.07885999999999993,-0.28442539999999983,-0.8235555156312584,14
22042,2023-12-05 19:30:00,2023,Wolverhampton Wanderers,1,1.11886,home,0.11885999999999997,-0.03333199999999983,-0.1506507949932328,15
22054,2023-12-09 15:00:00,2023,Wolverhampton Wanderers,1,1.02199,home,0.021989999999999954,-0.058539999999999856,-0.21820566580163864,16
22064,2023-12-17 14:00:00,2023,Wolverhampton Wanderers,0,0.556206,away,0.556206,0.07093320000000011,0.1287693143297037,17
22073,2023-12-24 13:00:00,2023,Wolverhampton Wanderers,2,1.74626,home,-0.2537400000000001,0.10443520000000009,0.2185512598161845,18
22077,2023-12-27 19:30:00,2023,Wolverhampton Wanderers,4,1.89483,away,-2.10517,-0.33237079999999997,-0.9520443010508611,19
22094,2023-12-30 15:00:00,2023,Wolverhampton Wanderers,3,2.64477,home,-0.35523000000000016,-0.4271888,-1.2061468772295114,20
22095,2024-01-22 19:45:00,2023,Wolverhampton Wanderers,0,1.14116,away,1.14116,-0.2033548,-0.6062945703218356,21
22111,2024-02-01 20:15:00,2023,Wolverhampton Wanderers,3,2.27609,home,-0.72391,-0.45937799999999995,-1.2924106525161638,22
22120,2024-02-04 14:00:00,2023,Wolverhampton Wanderers,4,2.48996,away,-1.51004,-0.710638,-1.9657618441743687,23
22134,2024-02-10 15:00:00,2023,Wolverhampton Wanderers,0,1.05781,home,1.05781,-0.07804199999999994,-0.27046903816380674,24
22144,2024-02-17 15:00:00,2023,Wolverhampton Wanderers,2,1.77591,away,-0.2240899999999999,-0.051813999999999895,-0.20018067131348669,25
22154,2024-02-25 13:30:00,2023,Wolverhampton Wanderers,1,1.21618,home,0.21618000000000004,-0.23680999999999988,-0.6959510965781578,26
22161,2024-03-02 15:00:00,2023,Wolverhampton Wanderers,0,0.507769,away,0.507769,0.00952580000000014,-0.03579625904700582,27
22174,2024-03-09 15:00:00,2023,Wolverhampton Wanderers,2,1.29589,home,-0.70411,0.17071180000000014,0.3961657929255303,28
22186,2024-03-30 17:30:00,2023,Wolverhampton Wanderers,0,1.66232,away,1.66232,0.29161380000000015,0.7201708306309362,29
22197,2024-04-02 18:45:00,2023,Wolverhampton Wanderers,1,1.01021,away,0.010210000000000052,0.33847380000000016,0.8457508546741722,30
22214,2024-04-06 14:00:00,2023,Wolverhampton Wanderers,1,1.78341,home,0.7834099999999999,0.4519198000000001,1.149774572292801,31
22223,2024-04-13 14:00:00,2023,Wolverhampton Wanderers,2,1.45688,away,-0.54312,0.24174200000000007,0.5865194895494281,32
22234,2024-04-20 18:30:00,2023,Wolverhampton Wanderers,0,0.164516,home,0.164516,0.41546720000000004,1.052085319530563,33
22184,2024-04-24 18:45:00,2023,Wolverhampton Wanderers,0,0.484454,home,0.484454,0.17989400000000014,0.420773153078535,34
22244,2024-04-27 14:00:00,2023,Wolverhampton Wanderers,2,1.49011,home,-0.50989,0.07587400000000014,0.14201015476488985,35
22253,2024-05-04 16:30:00,2023,Wolverhampton Wanderers,1,0.396887,away,-0.603113,-0.20143059999999985,-0.6011379104357064,36
22264,2024-05-11 14:00:00,2023,Wolverhampton Wanderers,1,1.1561,home,0.1560999999999999,-0.061586599999999866,-0.22637024329310523,37
22271,2024-05-19 15:00:00,2023,Wolverhampton Wanderers,0,0.731254,away,0.731254,0.051761000000000126,0.07738977235442142,38
26604,2024-08-17 14:00:00,2024,Wolverhampton Wanderers,0,0.575835,away,0.575835,0.07003720000000012,0.5965208976063272,1
26619,2024-08-25 13:00:00,2024,Wolverhampton Wanderers,2,2.4181,home,0.4180999999999999,0.25563520000000006,0.9749277080167987,2
26627,2024-08-31 14:00:00,2024,Wolverhampton Wanderers,1,0.937632,away,-0.06236799999999998,0.3637842000000001,1.1954274878586186,3
26641,2024-09-15 15:30:00,2024,Wolverhampton Wanderers,1,1.46969,home,0.46968999999999994,0.4265022000000001,1.3233001930349888,4
26647,2024-09-21 14:00:00,2024,Wolverhampton Wanderers,1,0.520117,away,-0.47988299999999995,0.18427480000000013,0.829434430321913,5
26658,2024-09-28 16:30:00,2024,Wolverhampton Wanderers,1,0.748925,home,-0.25107500000000005,0.01889280000000011,0.4922450472504111,6
26667,2024-10-05 14:00:00,2024,Wolverhampton Wanderers,3,0.696254,away,-2.303746,-0.5254763999999998,-0.6176430585357505,7
26681,2024-10-20 13:00:00,2024,Wolverhampton Wanderers,1,0.761217,home,-0.23878299999999997,-0.5607593999999999,-0.6895798654610013,8
26686,2024-10-26 14:00:00,2024,Wolverhampton Wanderers,2,1.11074,away,-0.8892599999999999,-0.8325493999999999,-1.2437193874464862,9
26701,2024-11-02 17:30:00,2024,Wolverhampton Wanderers,2,1.65018,home,-0.34982,-0.8065367999999999,-1.1906835519499648,10
26711,2024-11-09 15:00:00,2024,Wolverhampton Wanderers,2,0.912781,home,-1.0872190000000002,-0.9737655999999999,-1.5316382864663423,11
26717,2024-11-23 15:00:00,2024,Wolverhampton Wanderers,4,1.33903,away,-2.66097,-1.0452103999999998,-1.6773036432504347,12
26731,2024-11-30 15:00:00,2024,Wolverhampton Wanderers,2,0.866034,home,-1.133966,-1.224247,-2.042332731671299,13
26735,2024-12-04 19:30:00,2024,Wolverhampton Wanderers,0,0.847724,away,0.847724,-0.8768502,-1.3340421518439058,14
26746,2024-12-09 20:00:00,2024,Wolverhampton Wanderers,1,1.47567,away,0.47567000000000004,-0.7117522,-0.9974318026744747,15
26758,2024-12-14 15:00:00,2024,Wolverhampton Wanderers,1,1.23748,home,0.2374799999999999,-0.4468123999999999,-0.4572588230691544,16
26770,2024-12-22 14:00:00,2024,Wolverhampton Wanderers,3,1.13531,away,-1.86469,-0.2875563999999999,-0.13255944592753616,17
26781,2024-12-26 17:30:00,2024,Wolverhampton Wanderers,2,0.826489,home,-1.173511,-0.2954653999999999,-0.14868472455950643,18
26790,2024-12-29 15:00:00,2024,Wolverhampton Wanderers,2,0.640697,away,-1.3593030000000002,-0.7368707999999999,-1.0486449046905335,19
26801,2025-01-06 20:00:00,2024,Wolverhampton Wanderers,0,1.90463,home,1.90463,-0.4510788,-0.46595738025153394,20
26810,2025-01-15 19:30:00,2024,Wolverhampton Wanderers,0,1.47433,away,1.47433,-0.20370879999999994,0.038393381562916475,21
26814,2025-01-20 20:00:00,2024,Wolverhampton Wanderers,1,1.06726,away,0.0672600000000001,0.18268120000000007,0.8261853161446582,22
26831,2025-01-25 15:00:00,2024,Wolverhampton Wanderers,0,0.514724,home,0.514724,0.5203282000000001,1.5145974990058124,23
26841,2025-02-01 17:30:00,2024,Wolverhampton Wanderers,2,2.00146,home,0.0014599999999997948,0.7924808000000001,2.069476308642322,24
26847,2025-02-16 14:00:00,2024,Wolverhampton Wanderers,1,1.05329,away,0.05329000000000006,0.42221279999999994,1.3145547422619486,25
26852,2025-02-22 15:00:00,2024,Wolverhampton Wanderers,1,2.10124,away,1.1012400000000002,0.3475948000000001,1.1624197010480966,26
26867,2025-02-25 19:30:00,2024,Wolverhampton Wanderers,1,0.928973,home,-0.07102699999999995,0.3199374000000001,1.1060303621638057,27
26881,2025-03-08 20:00:00,2024,Wolverhampton Wanderers,1,0.812432,home,-0.18756799999999996,0.1794790000000001,0.8196565050136309,28
26891,2025-03-15 15:00:00,2024,Wolverhampton Wanderers,2,0.540718,away,-1.459282,-0.11266939999999984,0.22400922319743366,29
26895,2025-04-01 19:45:00,2024,Wolverhampton Wanderers,1,1.10359,home,0.10359000000000007,-0.10260939999999982,0.24452007198206144,30
26907,2025-04-05 14:00:00,2024,Wolverhampton Wanderers,2,2.8096,away,0.8096000000000001,-0.16093739999999984,0.1255979260665775,31
26919,2025-04-13 13:00:00,2024,Wolverhampton Wanderers,4,2.22977,home,-1.7702300000000002,-0.5007779999999998,-0.5672866820325446,32
26929,2025-04-20 13:00:00,2024,Wolverhampton Wanderers,1,0.187814,away,-0.812186,-0.6257016,-0.8219873847394361,33
26941,2025-04-26 14:00:00,2024,Wolverhampton Wanderers,3,2.57666,home,-0.42334000000000005,-0.4185131999999999,-0.399560949120254,34
26942,2025-05-02 19:00:00,2024,Wolverhampton Wanderers,0,0.622455,away,0.622455,-0.31474019999999997,-0.18798318461457056,35
26961,2025-05-10 14:00:00,2024,Wolverhampton Wanderers,0,0.73395,home,0.73395,-0.32987019999999995,-0.2188310118622264,36
26967,2025-05-20 19:00:00,2024,Wolverhampton Wanderers,2,1.42886,away,-0.57114,-0.09005219999999992,0.27012234140137814,37
26978,2025-05-25 15:00:00,2024,Wolverhampton Wanderers,1,1.10889,home,0.10888999999999993,0.09416300000000007,0.6457098275872588,38
